[2026-06-09T20:27:52.744+0000] {processor.py:161} INFO - Started process (PID=121) to work on /home/airflow/.local/lib/python3.12/site-packages/airflow/example_dags/subdags/subdag.py
[2026-06-09T20:27:52.745+0000] {processor.py:830} INFO - Processing file /home/airflow/.local/lib/python3.12/site-packages/airflow/example_dags/subdags/subdag.py for tasks to queue
[2026-06-09T20:27:52.751+0000] {logging_mixin.py:188} INFO - [2026-06-09T20:27:52.750+0000] {dagbag.py:545} INFO - Filling up the DagBag from /home/airflow/.local/lib/python3.12/site-packages/airflow/example_dags/subdags/subdag.py
[2026-06-09T20:27:52.761+0000] {processor.py:842} WARNING - No viable dags retrieved from /home/airflow/.local/lib/python3.12/site-packages/airflow/example_dags/subdags/subdag.py
[2026-06-09T20:27:52.860+0000] {processor.py:183} INFO - Processing /home/airflow/.local/lib/python3.12/site-packages/airflow/example_dags/subdags/subdag.py took 0.145 seconds
[2026-06-09T20:28:23.175+0000] {processor.py:161} INFO - Started process (PID=180) to work on /home/airflow/.local/lib/python3.12/site-packages/airflow/example_dags/subdags/subdag.py
[2026-06-09T20:28:23.176+0000] {processor.py:830} INFO - Processing file /home/airflow/.local/lib/python3.12/site-packages/airflow/example_dags/subdags/subdag.py for tasks to queue
[2026-06-09T20:28:23.178+0000] {logging_mixin.py:188} INFO - [2026-06-09T20:28:23.177+0000] {dagbag.py:545} INFO - Filling up the DagBag from /home/airflow/.local/lib/python3.12/site-packages/airflow/example_dags/subdags/subdag.py
[2026-06-09T20:28:23.181+0000] {processor.py:842} WARNING - No viable dags retrieved from /home/airflow/.local/lib/python3.12/site-packages/airflow/example_dags/subdags/subdag.py
[2026-06-09T20:28:23.196+0000] {processor.py:183} INFO - Processing /home/airflow/.local/lib/python3.12/site-packages/airflow/example_dags/subdags/subdag.py took 0.032 seconds
[2026-06-09T20:28:54.031+0000] {processor.py:161} INFO - Started process (PID=240) to work on /home/airflow/.local/lib/python3.12/site-packages/airflow/example_dags/subdags/subdag.py
[2026-06-09T20:28:54.032+0000] {processor.py:830} INFO - Processing file /home/airflow/.local/lib/python3.12/site-packages/airflow/example_dags/subdags/subdag.py for tasks to queue
[2026-06-09T20:28:54.038+0000] {logging_mixin.py:188} INFO - [2026-06-09T20:28:54.038+0000] {dagbag.py:545} INFO - Filling up the DagBag from /home/airflow/.local/lib/python3.12/site-packages/airflow/example_dags/subdags/subdag.py
[2026-06-09T20:28:54.043+0000] {processor.py:842} WARNING - No viable dags retrieved from /home/airflow/.local/lib/python3.12/site-packages/airflow/example_dags/subdags/subdag.py
[2026-06-09T20:28:54.075+0000] {processor.py:183} INFO - Processing /home/airflow/.local/lib/python3.12/site-packages/airflow/example_dags/subdags/subdag.py took 0.050 seconds
[2026-06-09T20:29:24.272+0000] {processor.py:161} INFO - Started process (PID=299) to work on /home/airflow/.local/lib/python3.12/site-packages/airflow/example_dags/subdags/subdag.py
[2026-06-09T20:29:24.275+0000] {processor.py:830} INFO - Processing file /home/airflow/.local/lib/python3.12/site-packages/airflow/example_dags/subdags/subdag.py for tasks to queue
[2026-06-09T20:29:24.280+0000] {logging_mixin.py:188} INFO - [2026-06-09T20:29:24.278+0000] {dagbag.py:545} INFO - Filling up the DagBag from /home/airflow/.local/lib/python3.12/site-packages/airflow/example_dags/subdags/subdag.py
[2026-06-09T20:29:24.283+0000] {processor.py:842} WARNING - No viable dags retrieved from /home/airflow/.local/lib/python3.12/site-packages/airflow/example_dags/subdags/subdag.py
[2026-06-09T20:29:24.299+0000] {processor.py:183} INFO - Processing /home/airflow/.local/lib/python3.12/site-packages/airflow/example_dags/subdags/subdag.py took 0.033 seconds
[2026-06-09T20:29:54.561+0000] {processor.py:161} INFO - Started process (PID=360) to work on /home/airflow/.local/lib/python3.12/site-packages/airflow/example_dags/subdags/subdag.py
[2026-06-09T20:29:54.568+0000] {processor.py:830} INFO - Processing file /home/airflow/.local/lib/python3.12/site-packages/airflow/example_dags/subdags/subdag.py for tasks to queue
[2026-06-09T20:29:54.572+0000] {logging_mixin.py:188} INFO - [2026-06-09T20:29:54.571+0000] {dagbag.py:545} INFO - Filling up the DagBag from /home/airflow/.local/lib/python3.12/site-packages/airflow/example_dags/subdags/subdag.py
[2026-06-09T20:29:54.581+0000] {processor.py:842} WARNING - No viable dags retrieved from /home/airflow/.local/lib/python3.12/site-packages/airflow/example_dags/subdags/subdag.py
[2026-06-09T20:29:54.646+0000] {processor.py:183} INFO - Processing /home/airflow/.local/lib/python3.12/site-packages/airflow/example_dags/subdags/subdag.py took 0.107 seconds
[2026-06-09T20:30:25.150+0000] {processor.py:161} INFO - Started process (PID=420) to work on /home/airflow/.local/lib/python3.12/site-packages/airflow/example_dags/subdags/subdag.py
[2026-06-09T20:30:25.152+0000] {processor.py:830} INFO - Processing file /home/airflow/.local/lib/python3.12/site-packages/airflow/example_dags/subdags/subdag.py for tasks to queue
[2026-06-09T20:30:25.156+0000] {logging_mixin.py:188} INFO - [2026-06-09T20:30:25.155+0000] {dagbag.py:545} INFO - Filling up the DagBag from /home/airflow/.local/lib/python3.12/site-packages/airflow/example_dags/subdags/subdag.py
[2026-06-09T20:30:25.160+0000] {processor.py:842} WARNING - No viable dags retrieved from /home/airflow/.local/lib/python3.12/site-packages/airflow/example_dags/subdags/subdag.py
[2026-06-09T20:30:25.191+0000] {processor.py:183} INFO - Processing /home/airflow/.local/lib/python3.12/site-packages/airflow/example_dags/subdags/subdag.py took 0.053 seconds
[2026-06-09T20:30:55.500+0000] {processor.py:161} INFO - Started process (PID=481) to work on /home/airflow/.local/lib/python3.12/site-packages/airflow/example_dags/subdags/subdag.py
[2026-06-09T20:30:55.501+0000] {processor.py:830} INFO - Processing file /home/airflow/.local/lib/python3.12/site-packages/airflow/example_dags/subdags/subdag.py for tasks to queue
[2026-06-09T20:30:55.503+0000] {logging_mixin.py:188} INFO - [2026-06-09T20:30:55.503+0000] {dagbag.py:545} INFO - Filling up the DagBag from /home/airflow/.local/lib/python3.12/site-packages/airflow/example_dags/subdags/subdag.py
[2026-06-09T20:30:55.505+0000] {processor.py:842} WARNING - No viable dags retrieved from /home/airflow/.local/lib/python3.12/site-packages/airflow/example_dags/subdags/subdag.py
[2026-06-09T20:30:55.541+0000] {processor.py:183} INFO - Processing /home/airflow/.local/lib/python3.12/site-packages/airflow/example_dags/subdags/subdag.py took 0.058 seconds
[2026-06-09T20:31:25.902+0000] {processor.py:161} INFO - Started process (PID=541) to work on /home/airflow/.local/lib/python3.12/site-packages/airflow/example_dags/subdags/subdag.py
[2026-06-09T20:31:25.903+0000] {processor.py:830} INFO - Processing file /home/airflow/.local/lib/python3.12/site-packages/airflow/example_dags/subdags/subdag.py for tasks to queue
[2026-06-09T20:31:25.907+0000] {logging_mixin.py:188} INFO - [2026-06-09T20:31:25.907+0000] {dagbag.py:545} INFO - Filling up the DagBag from /home/airflow/.local/lib/python3.12/site-packages/airflow/example_dags/subdags/subdag.py
[2026-06-09T20:31:25.910+0000] {processor.py:842} WARNING - No viable dags retrieved from /home/airflow/.local/lib/python3.12/site-packages/airflow/example_dags/subdags/subdag.py
[2026-06-09T20:31:25.936+0000] {processor.py:183} INFO - Processing /home/airflow/.local/lib/python3.12/site-packages/airflow/example_dags/subdags/subdag.py took 0.042 seconds
[2026-06-09T20:31:56.899+0000] {processor.py:161} INFO - Started process (PID=601) to work on /home/airflow/.local/lib/python3.12/site-packages/airflow/example_dags/subdags/subdag.py
[2026-06-09T20:31:56.900+0000] {processor.py:830} INFO - Processing file /home/airflow/.local/lib/python3.12/site-packages/airflow/example_dags/subdags/subdag.py for tasks to queue
[2026-06-09T20:31:56.902+0000] {logging_mixin.py:188} INFO - [2026-06-09T20:31:56.902+0000] {dagbag.py:545} INFO - Filling up the DagBag from /home/airflow/.local/lib/python3.12/site-packages/airflow/example_dags/subdags/subdag.py
[2026-06-09T20:31:56.905+0000] {processor.py:842} WARNING - No viable dags retrieved from /home/airflow/.local/lib/python3.12/site-packages/airflow/example_dags/subdags/subdag.py
[2026-06-09T20:31:56.923+0000] {processor.py:183} INFO - Processing /home/airflow/.local/lib/python3.12/site-packages/airflow/example_dags/subdags/subdag.py took 0.032 seconds
[2026-06-09T20:32:27.682+0000] {processor.py:161} INFO - Started process (PID=660) to work on /home/airflow/.local/lib/python3.12/site-packages/airflow/example_dags/subdags/subdag.py
[2026-06-09T20:32:27.683+0000] {processor.py:830} INFO - Processing file /home/airflow/.local/lib/python3.12/site-packages/airflow/example_dags/subdags/subdag.py for tasks to queue
[2026-06-09T20:32:27.686+0000] {logging_mixin.py:188} INFO - [2026-06-09T20:32:27.685+0000] {dagbag.py:545} INFO - Filling up the DagBag from /home/airflow/.local/lib/python3.12/site-packages/airflow/example_dags/subdags/subdag.py
[2026-06-09T20:32:27.688+0000] {processor.py:842} WARNING - No viable dags retrieved from /home/airflow/.local/lib/python3.12/site-packages/airflow/example_dags/subdags/subdag.py
[2026-06-09T20:32:27.704+0000] {processor.py:183} INFO - Processing /home/airflow/.local/lib/python3.12/site-packages/airflow/example_dags/subdags/subdag.py took 0.030 seconds
[2026-06-09T20:32:58.300+0000] {processor.py:161} INFO - Started process (PID=720) to work on /home/airflow/.local/lib/python3.12/site-packages/airflow/example_dags/subdags/subdag.py
[2026-06-09T20:32:58.301+0000] {processor.py:830} INFO - Processing file /home/airflow/.local/lib/python3.12/site-packages/airflow/example_dags/subdags/subdag.py for tasks to queue
[2026-06-09T20:32:58.307+0000] {logging_mixin.py:188} INFO - [2026-06-09T20:32:58.306+0000] {dagbag.py:545} INFO - Filling up the DagBag from /home/airflow/.local/lib/python3.12/site-packages/airflow/example_dags/subdags/subdag.py
[2026-06-09T20:32:58.310+0000] {processor.py:842} WARNING - No viable dags retrieved from /home/airflow/.local/lib/python3.12/site-packages/airflow/example_dags/subdags/subdag.py
[2026-06-09T20:32:58.328+0000] {processor.py:183} INFO - Processing /home/airflow/.local/lib/python3.12/site-packages/airflow/example_dags/subdags/subdag.py took 0.035 seconds
[2026-06-09T20:33:29.257+0000] {processor.py:161} INFO - Started process (PID=780) to work on /home/airflow/.local/lib/python3.12/site-packages/airflow/example_dags/subdags/subdag.py
[2026-06-09T20:33:29.259+0000] {processor.py:830} INFO - Processing file /home/airflow/.local/lib/python3.12/site-packages/airflow/example_dags/subdags/subdag.py for tasks to queue
[2026-06-09T20:33:29.262+0000] {logging_mixin.py:188} INFO - [2026-06-09T20:33:29.261+0000] {dagbag.py:545} INFO - Filling up the DagBag from /home/airflow/.local/lib/python3.12/site-packages/airflow/example_dags/subdags/subdag.py
[2026-06-09T20:33:29.264+0000] {processor.py:842} WARNING - No viable dags retrieved from /home/airflow/.local/lib/python3.12/site-packages/airflow/example_dags/subdags/subdag.py
[2026-06-09T20:33:29.285+0000] {processor.py:183} INFO - Processing /home/airflow/.local/lib/python3.12/site-packages/airflow/example_dags/subdags/subdag.py took 0.036 seconds
[2026-06-09T20:33:59.771+0000] {processor.py:161} INFO - Started process (PID=840) to work on /home/airflow/.local/lib/python3.12/site-packages/airflow/example_dags/subdags/subdag.py
[2026-06-09T20:33:59.772+0000] {processor.py:830} INFO - Processing file /home/airflow/.local/lib/python3.12/site-packages/airflow/example_dags/subdags/subdag.py for tasks to queue
[2026-06-09T20:33:59.774+0000] {logging_mixin.py:188} INFO - [2026-06-09T20:33:59.774+0000] {dagbag.py:545} INFO - Filling up the DagBag from /home/airflow/.local/lib/python3.12/site-packages/airflow/example_dags/subdags/subdag.py
[2026-06-09T20:33:59.776+0000] {processor.py:842} WARNING - No viable dags retrieved from /home/airflow/.local/lib/python3.12/site-packages/airflow/example_dags/subdags/subdag.py
[2026-06-09T20:33:59.792+0000] {processor.py:183} INFO - Processing /home/airflow/.local/lib/python3.12/site-packages/airflow/example_dags/subdags/subdag.py took 0.028 seconds
[2026-06-09T20:34:30.369+0000] {processor.py:161} INFO - Started process (PID=900) to work on /home/airflow/.local/lib/python3.12/site-packages/airflow/example_dags/subdags/subdag.py
[2026-06-09T20:34:30.370+0000] {processor.py:830} INFO - Processing file /home/airflow/.local/lib/python3.12/site-packages/airflow/example_dags/subdags/subdag.py for tasks to queue
[2026-06-09T20:34:30.372+0000] {logging_mixin.py:188} INFO - [2026-06-09T20:34:30.372+0000] {dagbag.py:545} INFO - Filling up the DagBag from /home/airflow/.local/lib/python3.12/site-packages/airflow/example_dags/subdags/subdag.py
[2026-06-09T20:34:30.375+0000] {processor.py:842} WARNING - No viable dags retrieved from /home/airflow/.local/lib/python3.12/site-packages/airflow/example_dags/subdags/subdag.py
[2026-06-09T20:34:30.390+0000] {processor.py:183} INFO - Processing /home/airflow/.local/lib/python3.12/site-packages/airflow/example_dags/subdags/subdag.py took 0.028 seconds
[2026-06-09T20:35:00.676+0000] {processor.py:161} INFO - Started process (PID=960) to work on /home/airflow/.local/lib/python3.12/site-packages/airflow/example_dags/subdags/subdag.py
[2026-06-09T20:35:00.677+0000] {processor.py:830} INFO - Processing file /home/airflow/.local/lib/python3.12/site-packages/airflow/example_dags/subdags/subdag.py for tasks to queue
[2026-06-09T20:35:00.679+0000] {logging_mixin.py:188} INFO - [2026-06-09T20:35:00.678+0000] {dagbag.py:545} INFO - Filling up the DagBag from /home/airflow/.local/lib/python3.12/site-packages/airflow/example_dags/subdags/subdag.py
[2026-06-09T20:35:00.681+0000] {processor.py:842} WARNING - No viable dags retrieved from /home/airflow/.local/lib/python3.12/site-packages/airflow/example_dags/subdags/subdag.py
[2026-06-09T20:35:00.696+0000] {processor.py:183} INFO - Processing /home/airflow/.local/lib/python3.12/site-packages/airflow/example_dags/subdags/subdag.py took 0.028 seconds
[2026-06-09T20:35:31.080+0000] {processor.py:161} INFO - Started process (PID=1020) to work on /home/airflow/.local/lib/python3.12/site-packages/airflow/example_dags/subdags/subdag.py
[2026-06-09T20:35:31.081+0000] {processor.py:830} INFO - Processing file /home/airflow/.local/lib/python3.12/site-packages/airflow/example_dags/subdags/subdag.py for tasks to queue
[2026-06-09T20:35:31.083+0000] {logging_mixin.py:188} INFO - [2026-06-09T20:35:31.083+0000] {dagbag.py:545} INFO - Filling up the DagBag from /home/airflow/.local/lib/python3.12/site-packages/airflow/example_dags/subdags/subdag.py
[2026-06-09T20:35:31.088+0000] {processor.py:842} WARNING - No viable dags retrieved from /home/airflow/.local/lib/python3.12/site-packages/airflow/example_dags/subdags/subdag.py
[2026-06-09T20:35:31.107+0000] {processor.py:183} INFO - Processing /home/airflow/.local/lib/python3.12/site-packages/airflow/example_dags/subdags/subdag.py took 0.034 seconds
[2026-06-09T20:36:01.190+0000] {processor.py:161} INFO - Started process (PID=1080) to work on /home/airflow/.local/lib/python3.12/site-packages/airflow/example_dags/subdags/subdag.py
[2026-06-09T20:36:01.191+0000] {processor.py:830} INFO - Processing file /home/airflow/.local/lib/python3.12/site-packages/airflow/example_dags/subdags/subdag.py for tasks to queue
[2026-06-09T20:36:01.193+0000] {logging_mixin.py:188} INFO - [2026-06-09T20:36:01.193+0000] {dagbag.py:545} INFO - Filling up the DagBag from /home/airflow/.local/lib/python3.12/site-packages/airflow/example_dags/subdags/subdag.py
[2026-06-09T20:36:01.195+0000] {processor.py:842} WARNING - No viable dags retrieved from /home/airflow/.local/lib/python3.12/site-packages/airflow/example_dags/subdags/subdag.py
[2026-06-09T20:36:01.212+0000] {processor.py:183} INFO - Processing /home/airflow/.local/lib/python3.12/site-packages/airflow/example_dags/subdags/subdag.py took 0.029 seconds
[2026-06-09T20:36:32.306+0000] {processor.py:161} INFO - Started process (PID=1140) to work on /home/airflow/.local/lib/python3.12/site-packages/airflow/example_dags/subdags/subdag.py
[2026-06-09T20:36:32.307+0000] {processor.py:830} INFO - Processing file /home/airflow/.local/lib/python3.12/site-packages/airflow/example_dags/subdags/subdag.py for tasks to queue
[2026-06-09T20:36:32.312+0000] {logging_mixin.py:188} INFO - [2026-06-09T20:36:32.311+0000] {dagbag.py:545} INFO - Filling up the DagBag from /home/airflow/.local/lib/python3.12/site-packages/airflow/example_dags/subdags/subdag.py
[2026-06-09T20:36:32.322+0000] {processor.py:842} WARNING - No viable dags retrieved from /home/airflow/.local/lib/python3.12/site-packages/airflow/example_dags/subdags/subdag.py
[2026-06-09T20:36:32.381+0000] {processor.py:183} INFO - Processing /home/airflow/.local/lib/python3.12/site-packages/airflow/example_dags/subdags/subdag.py took 0.083 seconds
[2026-06-09T20:37:02.993+0000] {processor.py:161} INFO - Started process (PID=1200) to work on /home/airflow/.local/lib/python3.12/site-packages/airflow/example_dags/subdags/subdag.py
[2026-06-09T20:37:02.995+0000] {processor.py:830} INFO - Processing file /home/airflow/.local/lib/python3.12/site-packages/airflow/example_dags/subdags/subdag.py for tasks to queue
[2026-06-09T20:37:02.997+0000] {logging_mixin.py:188} INFO - [2026-06-09T20:37:02.996+0000] {dagbag.py:545} INFO - Filling up the DagBag from /home/airflow/.local/lib/python3.12/site-packages/airflow/example_dags/subdags/subdag.py
[2026-06-09T20:37:02.999+0000] {processor.py:842} WARNING - No viable dags retrieved from /home/airflow/.local/lib/python3.12/site-packages/airflow/example_dags/subdags/subdag.py
[2026-06-09T20:37:03.015+0000] {processor.py:183} INFO - Processing /home/airflow/.local/lib/python3.12/site-packages/airflow/example_dags/subdags/subdag.py took 0.030 seconds
[2026-06-09T20:37:34.664+0000] {processor.py:161} INFO - Started process (PID=1258) to work on /home/airflow/.local/lib/python3.12/site-packages/airflow/example_dags/subdags/subdag.py
[2026-06-09T20:37:34.667+0000] {processor.py:830} INFO - Processing file /home/airflow/.local/lib/python3.12/site-packages/airflow/example_dags/subdags/subdag.py for tasks to queue
[2026-06-09T20:37:34.672+0000] {logging_mixin.py:188} INFO - [2026-06-09T20:37:34.672+0000] {dagbag.py:545} INFO - Filling up the DagBag from /home/airflow/.local/lib/python3.12/site-packages/airflow/example_dags/subdags/subdag.py
[2026-06-09T20:37:34.676+0000] {processor.py:842} WARNING - No viable dags retrieved from /home/airflow/.local/lib/python3.12/site-packages/airflow/example_dags/subdags/subdag.py
[2026-06-09T20:37:34.697+0000] {processor.py:183} INFO - Processing /home/airflow/.local/lib/python3.12/site-packages/airflow/example_dags/subdags/subdag.py took 0.048 seconds
[2026-06-09T20:38:05.410+0000] {processor.py:161} INFO - Started process (PID=1317) to work on /home/airflow/.local/lib/python3.12/site-packages/airflow/example_dags/subdags/subdag.py
[2026-06-09T20:38:05.411+0000] {processor.py:830} INFO - Processing file /home/airflow/.local/lib/python3.12/site-packages/airflow/example_dags/subdags/subdag.py for tasks to queue
[2026-06-09T20:38:05.413+0000] {logging_mixin.py:188} INFO - [2026-06-09T20:38:05.412+0000] {dagbag.py:545} INFO - Filling up the DagBag from /home/airflow/.local/lib/python3.12/site-packages/airflow/example_dags/subdags/subdag.py
[2026-06-09T20:38:05.415+0000] {processor.py:842} WARNING - No viable dags retrieved from /home/airflow/.local/lib/python3.12/site-packages/airflow/example_dags/subdags/subdag.py
[2026-06-09T20:38:05.430+0000] {processor.py:183} INFO - Processing /home/airflow/.local/lib/python3.12/site-packages/airflow/example_dags/subdags/subdag.py took 0.028 seconds
[2026-06-09T20:38:36.575+0000] {processor.py:161} INFO - Started process (PID=1377) to work on /home/airflow/.local/lib/python3.12/site-packages/airflow/example_dags/subdags/subdag.py
[2026-06-09T20:38:36.582+0000] {processor.py:830} INFO - Processing file /home/airflow/.local/lib/python3.12/site-packages/airflow/example_dags/subdags/subdag.py for tasks to queue
[2026-06-09T20:38:36.584+0000] {logging_mixin.py:188} INFO - [2026-06-09T20:38:36.584+0000] {dagbag.py:545} INFO - Filling up the DagBag from /home/airflow/.local/lib/python3.12/site-packages/airflow/example_dags/subdags/subdag.py
[2026-06-09T20:38:36.586+0000] {processor.py:842} WARNING - No viable dags retrieved from /home/airflow/.local/lib/python3.12/site-packages/airflow/example_dags/subdags/subdag.py
[2026-06-09T20:38:36.619+0000] {processor.py:183} INFO - Processing /home/airflow/.local/lib/python3.12/site-packages/airflow/example_dags/subdags/subdag.py took 0.077 seconds
[2026-06-09T20:39:06.666+0000] {processor.py:161} INFO - Started process (PID=1435) to work on /home/airflow/.local/lib/python3.12/site-packages/airflow/example_dags/subdags/subdag.py
[2026-06-09T20:39:06.667+0000] {processor.py:830} INFO - Processing file /home/airflow/.local/lib/python3.12/site-packages/airflow/example_dags/subdags/subdag.py for tasks to queue
[2026-06-09T20:39:06.670+0000] {logging_mixin.py:188} INFO - [2026-06-09T20:39:06.669+0000] {dagbag.py:545} INFO - Filling up the DagBag from /home/airflow/.local/lib/python3.12/site-packages/airflow/example_dags/subdags/subdag.py
[2026-06-09T20:39:06.673+0000] {processor.py:842} WARNING - No viable dags retrieved from /home/airflow/.local/lib/python3.12/site-packages/airflow/example_dags/subdags/subdag.py
[2026-06-09T20:39:06.691+0000] {processor.py:183} INFO - Processing /home/airflow/.local/lib/python3.12/site-packages/airflow/example_dags/subdags/subdag.py took 0.032 seconds
[2026-06-09T20:39:37.061+0000] {processor.py:161} INFO - Started process (PID=1495) to work on /home/airflow/.local/lib/python3.12/site-packages/airflow/example_dags/subdags/subdag.py
[2026-06-09T20:39:37.062+0000] {processor.py:830} INFO - Processing file /home/airflow/.local/lib/python3.12/site-packages/airflow/example_dags/subdags/subdag.py for tasks to queue
[2026-06-09T20:39:37.064+0000] {logging_mixin.py:188} INFO - [2026-06-09T20:39:37.063+0000] {dagbag.py:545} INFO - Filling up the DagBag from /home/airflow/.local/lib/python3.12/site-packages/airflow/example_dags/subdags/subdag.py
[2026-06-09T20:39:37.072+0000] {processor.py:842} WARNING - No viable dags retrieved from /home/airflow/.local/lib/python3.12/site-packages/airflow/example_dags/subdags/subdag.py
[2026-06-09T20:39:37.091+0000] {processor.py:183} INFO - Processing /home/airflow/.local/lib/python3.12/site-packages/airflow/example_dags/subdags/subdag.py took 0.042 seconds
[2026-06-09T20:40:07.653+0000] {processor.py:161} INFO - Started process (PID=1555) to work on /home/airflow/.local/lib/python3.12/site-packages/airflow/example_dags/subdags/subdag.py
[2026-06-09T20:40:07.654+0000] {processor.py:830} INFO - Processing file /home/airflow/.local/lib/python3.12/site-packages/airflow/example_dags/subdags/subdag.py for tasks to queue
[2026-06-09T20:40:07.656+0000] {logging_mixin.py:188} INFO - [2026-06-09T20:40:07.655+0000] {dagbag.py:545} INFO - Filling up the DagBag from /home/airflow/.local/lib/python3.12/site-packages/airflow/example_dags/subdags/subdag.py
[2026-06-09T20:40:07.658+0000] {processor.py:842} WARNING - No viable dags retrieved from /home/airflow/.local/lib/python3.12/site-packages/airflow/example_dags/subdags/subdag.py
[2026-06-09T20:40:07.675+0000] {processor.py:183} INFO - Processing /home/airflow/.local/lib/python3.12/site-packages/airflow/example_dags/subdags/subdag.py took 0.030 seconds
[2026-06-09T20:40:38.349+0000] {processor.py:161} INFO - Started process (PID=1615) to work on /home/airflow/.local/lib/python3.12/site-packages/airflow/example_dags/subdags/subdag.py
[2026-06-09T20:40:38.350+0000] {processor.py:830} INFO - Processing file /home/airflow/.local/lib/python3.12/site-packages/airflow/example_dags/subdags/subdag.py for tasks to queue
[2026-06-09T20:40:38.352+0000] {logging_mixin.py:188} INFO - [2026-06-09T20:40:38.352+0000] {dagbag.py:545} INFO - Filling up the DagBag from /home/airflow/.local/lib/python3.12/site-packages/airflow/example_dags/subdags/subdag.py
[2026-06-09T20:40:38.355+0000] {processor.py:842} WARNING - No viable dags retrieved from /home/airflow/.local/lib/python3.12/site-packages/airflow/example_dags/subdags/subdag.py
[2026-06-09T20:40:38.373+0000] {processor.py:183} INFO - Processing /home/airflow/.local/lib/python3.12/site-packages/airflow/example_dags/subdags/subdag.py took 0.036 seconds
[2026-06-09T20:41:09.017+0000] {processor.py:161} INFO - Started process (PID=1675) to work on /home/airflow/.local/lib/python3.12/site-packages/airflow/example_dags/subdags/subdag.py
[2026-06-09T20:41:09.018+0000] {processor.py:830} INFO - Processing file /home/airflow/.local/lib/python3.12/site-packages/airflow/example_dags/subdags/subdag.py for tasks to queue
[2026-06-09T20:41:09.020+0000] {logging_mixin.py:188} INFO - [2026-06-09T20:41:09.020+0000] {dagbag.py:545} INFO - Filling up the DagBag from /home/airflow/.local/lib/python3.12/site-packages/airflow/example_dags/subdags/subdag.py
[2026-06-09T20:41:09.023+0000] {processor.py:842} WARNING - No viable dags retrieved from /home/airflow/.local/lib/python3.12/site-packages/airflow/example_dags/subdags/subdag.py
[2026-06-09T20:41:09.038+0000] {processor.py:183} INFO - Processing /home/airflow/.local/lib/python3.12/site-packages/airflow/example_dags/subdags/subdag.py took 0.029 seconds
[2026-06-09T20:41:39.411+0000] {processor.py:161} INFO - Started process (PID=1735) to work on /home/airflow/.local/lib/python3.12/site-packages/airflow/example_dags/subdags/subdag.py
[2026-06-09T20:41:39.412+0000] {processor.py:830} INFO - Processing file /home/airflow/.local/lib/python3.12/site-packages/airflow/example_dags/subdags/subdag.py for tasks to queue
[2026-06-09T20:41:39.414+0000] {logging_mixin.py:188} INFO - [2026-06-09T20:41:39.414+0000] {dagbag.py:545} INFO - Filling up the DagBag from /home/airflow/.local/lib/python3.12/site-packages/airflow/example_dags/subdags/subdag.py
[2026-06-09T20:41:39.417+0000] {processor.py:842} WARNING - No viable dags retrieved from /home/airflow/.local/lib/python3.12/site-packages/airflow/example_dags/subdags/subdag.py
[2026-06-09T20:41:39.438+0000] {processor.py:183} INFO - Processing /home/airflow/.local/lib/python3.12/site-packages/airflow/example_dags/subdags/subdag.py took 0.035 seconds
[2026-06-09T20:42:09.880+0000] {processor.py:161} INFO - Started process (PID=1795) to work on /home/airflow/.local/lib/python3.12/site-packages/airflow/example_dags/subdags/subdag.py
[2026-06-09T20:42:09.883+0000] {processor.py:830} INFO - Processing file /home/airflow/.local/lib/python3.12/site-packages/airflow/example_dags/subdags/subdag.py for tasks to queue
[2026-06-09T20:42:09.886+0000] {logging_mixin.py:188} INFO - [2026-06-09T20:42:09.885+0000] {dagbag.py:545} INFO - Filling up the DagBag from /home/airflow/.local/lib/python3.12/site-packages/airflow/example_dags/subdags/subdag.py
[2026-06-09T20:42:09.888+0000] {processor.py:842} WARNING - No viable dags retrieved from /home/airflow/.local/lib/python3.12/site-packages/airflow/example_dags/subdags/subdag.py
[2026-06-09T20:42:09.918+0000] {processor.py:183} INFO - Processing /home/airflow/.local/lib/python3.12/site-packages/airflow/example_dags/subdags/subdag.py took 0.057 seconds
[2026-06-09T20:42:40.757+0000] {processor.py:161} INFO - Started process (PID=1855) to work on /home/airflow/.local/lib/python3.12/site-packages/airflow/example_dags/subdags/subdag.py
[2026-06-09T20:42:40.760+0000] {processor.py:830} INFO - Processing file /home/airflow/.local/lib/python3.12/site-packages/airflow/example_dags/subdags/subdag.py for tasks to queue
[2026-06-09T20:42:40.765+0000] {logging_mixin.py:188} INFO - [2026-06-09T20:42:40.765+0000] {dagbag.py:545} INFO - Filling up the DagBag from /home/airflow/.local/lib/python3.12/site-packages/airflow/example_dags/subdags/subdag.py
[2026-06-09T20:42:40.769+0000] {processor.py:842} WARNING - No viable dags retrieved from /home/airflow/.local/lib/python3.12/site-packages/airflow/example_dags/subdags/subdag.py
[2026-06-09T20:42:40.794+0000] {processor.py:183} INFO - Processing /home/airflow/.local/lib/python3.12/site-packages/airflow/example_dags/subdags/subdag.py took 0.061 seconds
[2026-06-09T20:43:11.182+0000] {processor.py:161} INFO - Started process (PID=1915) to work on /home/airflow/.local/lib/python3.12/site-packages/airflow/example_dags/subdags/subdag.py
[2026-06-09T20:43:11.188+0000] {processor.py:830} INFO - Processing file /home/airflow/.local/lib/python3.12/site-packages/airflow/example_dags/subdags/subdag.py for tasks to queue
[2026-06-09T20:43:11.196+0000] {logging_mixin.py:188} INFO - [2026-06-09T20:43:11.195+0000] {dagbag.py:545} INFO - Filling up the DagBag from /home/airflow/.local/lib/python3.12/site-packages/airflow/example_dags/subdags/subdag.py
[2026-06-09T20:43:11.206+0000] {processor.py:842} WARNING - No viable dags retrieved from /home/airflow/.local/lib/python3.12/site-packages/airflow/example_dags/subdags/subdag.py
[2026-06-09T20:43:11.247+0000] {processor.py:183} INFO - Processing /home/airflow/.local/lib/python3.12/site-packages/airflow/example_dags/subdags/subdag.py took 0.086 seconds
[2026-06-09T20:43:41.285+0000] {processor.py:161} INFO - Started process (PID=1974) to work on /home/airflow/.local/lib/python3.12/site-packages/airflow/example_dags/subdags/subdag.py
[2026-06-09T20:43:41.286+0000] {processor.py:830} INFO - Processing file /home/airflow/.local/lib/python3.12/site-packages/airflow/example_dags/subdags/subdag.py for tasks to queue
[2026-06-09T20:43:41.288+0000] {logging_mixin.py:188} INFO - [2026-06-09T20:43:41.288+0000] {dagbag.py:545} INFO - Filling up the DagBag from /home/airflow/.local/lib/python3.12/site-packages/airflow/example_dags/subdags/subdag.py
[2026-06-09T20:43:41.290+0000] {processor.py:842} WARNING - No viable dags retrieved from /home/airflow/.local/lib/python3.12/site-packages/airflow/example_dags/subdags/subdag.py
[2026-06-09T20:43:41.302+0000] {processor.py:183} INFO - Processing /home/airflow/.local/lib/python3.12/site-packages/airflow/example_dags/subdags/subdag.py took 0.022 seconds
[2026-06-09T20:44:12.163+0000] {processor.py:161} INFO - Started process (PID=2034) to work on /home/airflow/.local/lib/python3.12/site-packages/airflow/example_dags/subdags/subdag.py
[2026-06-09T20:44:12.164+0000] {processor.py:830} INFO - Processing file /home/airflow/.local/lib/python3.12/site-packages/airflow/example_dags/subdags/subdag.py for tasks to queue
[2026-06-09T20:44:12.166+0000] {logging_mixin.py:188} INFO - [2026-06-09T20:44:12.166+0000] {dagbag.py:545} INFO - Filling up the DagBag from /home/airflow/.local/lib/python3.12/site-packages/airflow/example_dags/subdags/subdag.py
[2026-06-09T20:44:12.168+0000] {processor.py:842} WARNING - No viable dags retrieved from /home/airflow/.local/lib/python3.12/site-packages/airflow/example_dags/subdags/subdag.py
[2026-06-09T20:44:12.180+0000] {processor.py:183} INFO - Processing /home/airflow/.local/lib/python3.12/site-packages/airflow/example_dags/subdags/subdag.py took 0.022 seconds
[2026-06-09T20:44:42.495+0000] {processor.py:161} INFO - Started process (PID=2094) to work on /home/airflow/.local/lib/python3.12/site-packages/airflow/example_dags/subdags/subdag.py
[2026-06-09T20:44:42.495+0000] {processor.py:830} INFO - Processing file /home/airflow/.local/lib/python3.12/site-packages/airflow/example_dags/subdags/subdag.py for tasks to queue
[2026-06-09T20:44:42.498+0000] {logging_mixin.py:188} INFO - [2026-06-09T20:44:42.497+0000] {dagbag.py:545} INFO - Filling up the DagBag from /home/airflow/.local/lib/python3.12/site-packages/airflow/example_dags/subdags/subdag.py
[2026-06-09T20:44:42.499+0000] {processor.py:842} WARNING - No viable dags retrieved from /home/airflow/.local/lib/python3.12/site-packages/airflow/example_dags/subdags/subdag.py
[2026-06-09T20:44:42.511+0000] {processor.py:183} INFO - Processing /home/airflow/.local/lib/python3.12/site-packages/airflow/example_dags/subdags/subdag.py took 0.022 seconds
[2026-06-09T20:45:12.934+0000] {processor.py:161} INFO - Started process (PID=2154) to work on /home/airflow/.local/lib/python3.12/site-packages/airflow/example_dags/subdags/subdag.py
[2026-06-09T20:45:12.935+0000] {processor.py:830} INFO - Processing file /home/airflow/.local/lib/python3.12/site-packages/airflow/example_dags/subdags/subdag.py for tasks to queue
[2026-06-09T20:45:12.937+0000] {logging_mixin.py:188} INFO - [2026-06-09T20:45:12.937+0000] {dagbag.py:545} INFO - Filling up the DagBag from /home/airflow/.local/lib/python3.12/site-packages/airflow/example_dags/subdags/subdag.py
[2026-06-09T20:45:12.940+0000] {processor.py:842} WARNING - No viable dags retrieved from /home/airflow/.local/lib/python3.12/site-packages/airflow/example_dags/subdags/subdag.py
[2026-06-09T20:45:12.955+0000] {processor.py:183} INFO - Processing /home/airflow/.local/lib/python3.12/site-packages/airflow/example_dags/subdags/subdag.py took 0.028 seconds
[2026-06-09T20:45:43.770+0000] {processor.py:161} INFO - Started process (PID=2220) to work on /home/airflow/.local/lib/python3.12/site-packages/airflow/example_dags/subdags/subdag.py
[2026-06-09T20:45:43.771+0000] {processor.py:830} INFO - Processing file /home/airflow/.local/lib/python3.12/site-packages/airflow/example_dags/subdags/subdag.py for tasks to queue
[2026-06-09T20:45:43.773+0000] {logging_mixin.py:188} INFO - [2026-06-09T20:45:43.772+0000] {dagbag.py:545} INFO - Filling up the DagBag from /home/airflow/.local/lib/python3.12/site-packages/airflow/example_dags/subdags/subdag.py
[2026-06-09T20:45:43.774+0000] {processor.py:842} WARNING - No viable dags retrieved from /home/airflow/.local/lib/python3.12/site-packages/airflow/example_dags/subdags/subdag.py
[2026-06-09T20:45:43.787+0000] {processor.py:183} INFO - Processing /home/airflow/.local/lib/python3.12/site-packages/airflow/example_dags/subdags/subdag.py took 0.022 seconds
[2026-06-09T20:46:14.323+0000] {processor.py:161} INFO - Started process (PID=2279) to work on /home/airflow/.local/lib/python3.12/site-packages/airflow/example_dags/subdags/subdag.py
[2026-06-09T20:46:14.324+0000] {processor.py:830} INFO - Processing file /home/airflow/.local/lib/python3.12/site-packages/airflow/example_dags/subdags/subdag.py for tasks to queue
[2026-06-09T20:46:14.326+0000] {logging_mixin.py:188} INFO - [2026-06-09T20:46:14.326+0000] {dagbag.py:545} INFO - Filling up the DagBag from /home/airflow/.local/lib/python3.12/site-packages/airflow/example_dags/subdags/subdag.py
[2026-06-09T20:46:14.328+0000] {processor.py:842} WARNING - No viable dags retrieved from /home/airflow/.local/lib/python3.12/site-packages/airflow/example_dags/subdags/subdag.py
[2026-06-09T20:46:14.339+0000] {processor.py:183} INFO - Processing /home/airflow/.local/lib/python3.12/site-packages/airflow/example_dags/subdags/subdag.py took 0.021 seconds
[2026-06-09T20:46:44.726+0000] {processor.py:161} INFO - Started process (PID=2339) to work on /home/airflow/.local/lib/python3.12/site-packages/airflow/example_dags/subdags/subdag.py
[2026-06-09T20:46:44.727+0000] {processor.py:830} INFO - Processing file /home/airflow/.local/lib/python3.12/site-packages/airflow/example_dags/subdags/subdag.py for tasks to queue
[2026-06-09T20:46:44.729+0000] {logging_mixin.py:188} INFO - [2026-06-09T20:46:44.729+0000] {dagbag.py:545} INFO - Filling up the DagBag from /home/airflow/.local/lib/python3.12/site-packages/airflow/example_dags/subdags/subdag.py
[2026-06-09T20:46:44.731+0000] {processor.py:842} WARNING - No viable dags retrieved from /home/airflow/.local/lib/python3.12/site-packages/airflow/example_dags/subdags/subdag.py
[2026-06-09T20:46:44.744+0000] {processor.py:183} INFO - Processing /home/airflow/.local/lib/python3.12/site-packages/airflow/example_dags/subdags/subdag.py took 0.023 seconds
[2026-06-09T20:47:15.518+0000] {processor.py:161} INFO - Started process (PID=2399) to work on /home/airflow/.local/lib/python3.12/site-packages/airflow/example_dags/subdags/subdag.py
[2026-06-09T20:47:15.519+0000] {processor.py:830} INFO - Processing file /home/airflow/.local/lib/python3.12/site-packages/airflow/example_dags/subdags/subdag.py for tasks to queue
[2026-06-09T20:47:15.521+0000] {logging_mixin.py:188} INFO - [2026-06-09T20:47:15.520+0000] {dagbag.py:545} INFO - Filling up the DagBag from /home/airflow/.local/lib/python3.12/site-packages/airflow/example_dags/subdags/subdag.py
[2026-06-09T20:47:15.523+0000] {processor.py:842} WARNING - No viable dags retrieved from /home/airflow/.local/lib/python3.12/site-packages/airflow/example_dags/subdags/subdag.py
[2026-06-09T20:47:15.541+0000] {processor.py:183} INFO - Processing /home/airflow/.local/lib/python3.12/site-packages/airflow/example_dags/subdags/subdag.py took 0.030 seconds
[2026-06-09T20:47:45.595+0000] {processor.py:161} INFO - Started process (PID=2459) to work on /home/airflow/.local/lib/python3.12/site-packages/airflow/example_dags/subdags/subdag.py
[2026-06-09T20:47:45.596+0000] {processor.py:830} INFO - Processing file /home/airflow/.local/lib/python3.12/site-packages/airflow/example_dags/subdags/subdag.py for tasks to queue
[2026-06-09T20:47:45.599+0000] {logging_mixin.py:188} INFO - [2026-06-09T20:47:45.598+0000] {dagbag.py:545} INFO - Filling up the DagBag from /home/airflow/.local/lib/python3.12/site-packages/airflow/example_dags/subdags/subdag.py
[2026-06-09T20:47:45.601+0000] {processor.py:842} WARNING - No viable dags retrieved from /home/airflow/.local/lib/python3.12/site-packages/airflow/example_dags/subdags/subdag.py
[2026-06-09T20:47:45.616+0000] {processor.py:183} INFO - Processing /home/airflow/.local/lib/python3.12/site-packages/airflow/example_dags/subdags/subdag.py took 0.029 seconds
[2026-06-09T20:48:15.731+0000] {processor.py:161} INFO - Started process (PID=2519) to work on /home/airflow/.local/lib/python3.12/site-packages/airflow/example_dags/subdags/subdag.py
[2026-06-09T20:48:15.732+0000] {processor.py:830} INFO - Processing file /home/airflow/.local/lib/python3.12/site-packages/airflow/example_dags/subdags/subdag.py for tasks to queue
[2026-06-09T20:48:15.734+0000] {logging_mixin.py:188} INFO - [2026-06-09T20:48:15.733+0000] {dagbag.py:545} INFO - Filling up the DagBag from /home/airflow/.local/lib/python3.12/site-packages/airflow/example_dags/subdags/subdag.py
[2026-06-09T20:48:15.738+0000] {processor.py:842} WARNING - No viable dags retrieved from /home/airflow/.local/lib/python3.12/site-packages/airflow/example_dags/subdags/subdag.py
[2026-06-09T20:48:15.761+0000] {processor.py:183} INFO - Processing /home/airflow/.local/lib/python3.12/site-packages/airflow/example_dags/subdags/subdag.py took 0.042 seconds
[2026-06-09T20:48:46.112+0000] {processor.py:161} INFO - Started process (PID=2578) to work on /home/airflow/.local/lib/python3.12/site-packages/airflow/example_dags/subdags/subdag.py
[2026-06-09T20:48:46.113+0000] {processor.py:830} INFO - Processing file /home/airflow/.local/lib/python3.12/site-packages/airflow/example_dags/subdags/subdag.py for tasks to queue
[2026-06-09T20:48:46.116+0000] {logging_mixin.py:188} INFO - [2026-06-09T20:48:46.115+0000] {dagbag.py:545} INFO - Filling up the DagBag from /home/airflow/.local/lib/python3.12/site-packages/airflow/example_dags/subdags/subdag.py
[2026-06-09T20:48:46.118+0000] {processor.py:842} WARNING - No viable dags retrieved from /home/airflow/.local/lib/python3.12/site-packages/airflow/example_dags/subdags/subdag.py
[2026-06-09T20:48:46.135+0000] {processor.py:183} INFO - Processing /home/airflow/.local/lib/python3.12/site-packages/airflow/example_dags/subdags/subdag.py took 0.030 seconds
[2026-06-09T20:49:16.526+0000] {processor.py:161} INFO - Started process (PID=2638) to work on /home/airflow/.local/lib/python3.12/site-packages/airflow/example_dags/subdags/subdag.py
[2026-06-09T20:49:16.527+0000] {processor.py:830} INFO - Processing file /home/airflow/.local/lib/python3.12/site-packages/airflow/example_dags/subdags/subdag.py for tasks to queue
[2026-06-09T20:49:16.531+0000] {logging_mixin.py:188} INFO - [2026-06-09T20:49:16.531+0000] {dagbag.py:545} INFO - Filling up the DagBag from /home/airflow/.local/lib/python3.12/site-packages/airflow/example_dags/subdags/subdag.py
[2026-06-09T20:49:16.535+0000] {processor.py:842} WARNING - No viable dags retrieved from /home/airflow/.local/lib/python3.12/site-packages/airflow/example_dags/subdags/subdag.py
[2026-06-09T20:49:16.573+0000] {processor.py:183} INFO - Processing /home/airflow/.local/lib/python3.12/site-packages/airflow/example_dags/subdags/subdag.py took 0.069 seconds
[2026-06-09T20:49:47.079+0000] {processor.py:161} INFO - Started process (PID=2698) to work on /home/airflow/.local/lib/python3.12/site-packages/airflow/example_dags/subdags/subdag.py
[2026-06-09T20:49:47.080+0000] {processor.py:830} INFO - Processing file /home/airflow/.local/lib/python3.12/site-packages/airflow/example_dags/subdags/subdag.py for tasks to queue
[2026-06-09T20:49:47.082+0000] {logging_mixin.py:188} INFO - [2026-06-09T20:49:47.082+0000] {dagbag.py:545} INFO - Filling up the DagBag from /home/airflow/.local/lib/python3.12/site-packages/airflow/example_dags/subdags/subdag.py
[2026-06-09T20:49:47.085+0000] {processor.py:842} WARNING - No viable dags retrieved from /home/airflow/.local/lib/python3.12/site-packages/airflow/example_dags/subdags/subdag.py
[2026-06-09T20:49:47.101+0000] {processor.py:183} INFO - Processing /home/airflow/.local/lib/python3.12/site-packages/airflow/example_dags/subdags/subdag.py took 0.031 seconds
[2026-06-09T20:50:17.279+0000] {processor.py:161} INFO - Started process (PID=2758) to work on /home/airflow/.local/lib/python3.12/site-packages/airflow/example_dags/subdags/subdag.py
[2026-06-09T20:50:17.280+0000] {processor.py:830} INFO - Processing file /home/airflow/.local/lib/python3.12/site-packages/airflow/example_dags/subdags/subdag.py for tasks to queue
[2026-06-09T20:50:17.282+0000] {logging_mixin.py:188} INFO - [2026-06-09T20:50:17.282+0000] {dagbag.py:545} INFO - Filling up the DagBag from /home/airflow/.local/lib/python3.12/site-packages/airflow/example_dags/subdags/subdag.py
[2026-06-09T20:50:17.284+0000] {processor.py:842} WARNING - No viable dags retrieved from /home/airflow/.local/lib/python3.12/site-packages/airflow/example_dags/subdags/subdag.py
[2026-06-09T20:50:17.300+0000] {processor.py:183} INFO - Processing /home/airflow/.local/lib/python3.12/site-packages/airflow/example_dags/subdags/subdag.py took 0.028 seconds
[2026-06-09T20:50:47.731+0000] {processor.py:161} INFO - Started process (PID=2818) to work on /home/airflow/.local/lib/python3.12/site-packages/airflow/example_dags/subdags/subdag.py
[2026-06-09T20:50:47.732+0000] {processor.py:830} INFO - Processing file /home/airflow/.local/lib/python3.12/site-packages/airflow/example_dags/subdags/subdag.py for tasks to queue
[2026-06-09T20:50:47.734+0000] {logging_mixin.py:188} INFO - [2026-06-09T20:50:47.733+0000] {dagbag.py:545} INFO - Filling up the DagBag from /home/airflow/.local/lib/python3.12/site-packages/airflow/example_dags/subdags/subdag.py
[2026-06-09T20:50:47.736+0000] {processor.py:842} WARNING - No viable dags retrieved from /home/airflow/.local/lib/python3.12/site-packages/airflow/example_dags/subdags/subdag.py
[2026-06-09T20:50:47.751+0000] {processor.py:183} INFO - Processing /home/airflow/.local/lib/python3.12/site-packages/airflow/example_dags/subdags/subdag.py took 0.027 seconds
[2026-06-09T20:51:17.947+0000] {processor.py:161} INFO - Started process (PID=2878) to work on /home/airflow/.local/lib/python3.12/site-packages/airflow/example_dags/subdags/subdag.py
[2026-06-09T20:51:17.949+0000] {processor.py:830} INFO - Processing file /home/airflow/.local/lib/python3.12/site-packages/airflow/example_dags/subdags/subdag.py for tasks to queue
[2026-06-09T20:51:17.951+0000] {logging_mixin.py:188} INFO - [2026-06-09T20:51:17.951+0000] {dagbag.py:545} INFO - Filling up the DagBag from /home/airflow/.local/lib/python3.12/site-packages/airflow/example_dags/subdags/subdag.py
[2026-06-09T20:51:17.954+0000] {processor.py:842} WARNING - No viable dags retrieved from /home/airflow/.local/lib/python3.12/site-packages/airflow/example_dags/subdags/subdag.py
[2026-06-09T20:51:17.969+0000] {processor.py:183} INFO - Processing /home/airflow/.local/lib/python3.12/site-packages/airflow/example_dags/subdags/subdag.py took 0.030 seconds
[2026-06-09T20:51:48.371+0000] {processor.py:161} INFO - Started process (PID=2938) to work on /home/airflow/.local/lib/python3.12/site-packages/airflow/example_dags/subdags/subdag.py
[2026-06-09T20:51:48.372+0000] {processor.py:830} INFO - Processing file /home/airflow/.local/lib/python3.12/site-packages/airflow/example_dags/subdags/subdag.py for tasks to queue
[2026-06-09T20:51:48.374+0000] {logging_mixin.py:188} INFO - [2026-06-09T20:51:48.374+0000] {dagbag.py:545} INFO - Filling up the DagBag from /home/airflow/.local/lib/python3.12/site-packages/airflow/example_dags/subdags/subdag.py
[2026-06-09T20:51:48.376+0000] {processor.py:842} WARNING - No viable dags retrieved from /home/airflow/.local/lib/python3.12/site-packages/airflow/example_dags/subdags/subdag.py
[2026-06-09T20:51:48.391+0000] {processor.py:183} INFO - Processing /home/airflow/.local/lib/python3.12/site-packages/airflow/example_dags/subdags/subdag.py took 0.028 seconds
[2026-06-09T20:52:19.122+0000] {processor.py:161} INFO - Started process (PID=2997) to work on /home/airflow/.local/lib/python3.12/site-packages/airflow/example_dags/subdags/subdag.py
[2026-06-09T20:52:19.123+0000] {processor.py:830} INFO - Processing file /home/airflow/.local/lib/python3.12/site-packages/airflow/example_dags/subdags/subdag.py for tasks to queue
[2026-06-09T20:52:19.125+0000] {logging_mixin.py:188} INFO - [2026-06-09T20:52:19.125+0000] {dagbag.py:545} INFO - Filling up the DagBag from /home/airflow/.local/lib/python3.12/site-packages/airflow/example_dags/subdags/subdag.py
[2026-06-09T20:52:19.127+0000] {processor.py:842} WARNING - No viable dags retrieved from /home/airflow/.local/lib/python3.12/site-packages/airflow/example_dags/subdags/subdag.py
[2026-06-09T20:52:19.144+0000] {processor.py:183} INFO - Processing /home/airflow/.local/lib/python3.12/site-packages/airflow/example_dags/subdags/subdag.py took 0.030 seconds
[2026-06-09T20:52:49.461+0000] {processor.py:161} INFO - Started process (PID=3057) to work on /home/airflow/.local/lib/python3.12/site-packages/airflow/example_dags/subdags/subdag.py
[2026-06-09T20:52:49.462+0000] {processor.py:830} INFO - Processing file /home/airflow/.local/lib/python3.12/site-packages/airflow/example_dags/subdags/subdag.py for tasks to queue
[2026-06-09T20:52:49.467+0000] {logging_mixin.py:188} INFO - [2026-06-09T20:52:49.466+0000] {dagbag.py:545} INFO - Filling up the DagBag from /home/airflow/.local/lib/python3.12/site-packages/airflow/example_dags/subdags/subdag.py
[2026-06-09T20:52:49.470+0000] {processor.py:842} WARNING - No viable dags retrieved from /home/airflow/.local/lib/python3.12/site-packages/airflow/example_dags/subdags/subdag.py
[2026-06-09T20:52:49.487+0000] {processor.py:183} INFO - Processing /home/airflow/.local/lib/python3.12/site-packages/airflow/example_dags/subdags/subdag.py took 0.034 seconds
[2026-06-09T20:53:20.498+0000] {processor.py:161} INFO - Started process (PID=3117) to work on /home/airflow/.local/lib/python3.12/site-packages/airflow/example_dags/subdags/subdag.py
[2026-06-09T20:53:20.499+0000] {processor.py:830} INFO - Processing file /home/airflow/.local/lib/python3.12/site-packages/airflow/example_dags/subdags/subdag.py for tasks to queue
[2026-06-09T20:53:20.501+0000] {logging_mixin.py:188} INFO - [2026-06-09T20:53:20.500+0000] {dagbag.py:545} INFO - Filling up the DagBag from /home/airflow/.local/lib/python3.12/site-packages/airflow/example_dags/subdags/subdag.py
[2026-06-09T20:53:20.502+0000] {processor.py:842} WARNING - No viable dags retrieved from /home/airflow/.local/lib/python3.12/site-packages/airflow/example_dags/subdags/subdag.py
[2026-06-09T20:53:20.517+0000] {processor.py:183} INFO - Processing /home/airflow/.local/lib/python3.12/site-packages/airflow/example_dags/subdags/subdag.py took 0.024 seconds
[2026-06-09T20:55:13.562+0000] {processor.py:161} INFO - Started process (PID=114) to work on /home/airflow/.local/lib/python3.12/site-packages/airflow/example_dags/subdags/subdag.py
[2026-06-09T20:55:13.566+0000] {processor.py:830} INFO - Processing file /home/airflow/.local/lib/python3.12/site-packages/airflow/example_dags/subdags/subdag.py for tasks to queue
[2026-06-09T20:55:13.569+0000] {logging_mixin.py:188} INFO - [2026-06-09T20:55:13.568+0000] {dagbag.py:545} INFO - Filling up the DagBag from /home/airflow/.local/lib/python3.12/site-packages/airflow/example_dags/subdags/subdag.py
[2026-06-09T20:55:13.576+0000] {processor.py:842} WARNING - No viable dags retrieved from /home/airflow/.local/lib/python3.12/site-packages/airflow/example_dags/subdags/subdag.py
[2026-06-09T20:55:13.617+0000] {processor.py:183} INFO - Processing /home/airflow/.local/lib/python3.12/site-packages/airflow/example_dags/subdags/subdag.py took 0.070 seconds
[2026-06-09T20:55:43.923+0000] {processor.py:161} INFO - Started process (PID=174) to work on /home/airflow/.local/lib/python3.12/site-packages/airflow/example_dags/subdags/subdag.py
[2026-06-09T20:55:43.924+0000] {processor.py:830} INFO - Processing file /home/airflow/.local/lib/python3.12/site-packages/airflow/example_dags/subdags/subdag.py for tasks to queue
[2026-06-09T20:55:43.926+0000] {logging_mixin.py:188} INFO - [2026-06-09T20:55:43.926+0000] {dagbag.py:545} INFO - Filling up the DagBag from /home/airflow/.local/lib/python3.12/site-packages/airflow/example_dags/subdags/subdag.py
[2026-06-09T20:55:43.929+0000] {processor.py:842} WARNING - No viable dags retrieved from /home/airflow/.local/lib/python3.12/site-packages/airflow/example_dags/subdags/subdag.py
[2026-06-09T20:55:43.945+0000] {processor.py:183} INFO - Processing /home/airflow/.local/lib/python3.12/site-packages/airflow/example_dags/subdags/subdag.py took 0.028 seconds
[2026-06-09T20:56:14.292+0000] {processor.py:161} INFO - Started process (PID=234) to work on /home/airflow/.local/lib/python3.12/site-packages/airflow/example_dags/subdags/subdag.py
[2026-06-09T20:56:14.293+0000] {processor.py:830} INFO - Processing file /home/airflow/.local/lib/python3.12/site-packages/airflow/example_dags/subdags/subdag.py for tasks to queue
[2026-06-09T20:56:14.295+0000] {logging_mixin.py:188} INFO - [2026-06-09T20:56:14.295+0000] {dagbag.py:545} INFO - Filling up the DagBag from /home/airflow/.local/lib/python3.12/site-packages/airflow/example_dags/subdags/subdag.py
[2026-06-09T20:56:14.298+0000] {processor.py:842} WARNING - No viable dags retrieved from /home/airflow/.local/lib/python3.12/site-packages/airflow/example_dags/subdags/subdag.py
[2026-06-09T20:56:14.314+0000] {processor.py:183} INFO - Processing /home/airflow/.local/lib/python3.12/site-packages/airflow/example_dags/subdags/subdag.py took 0.029 seconds
[2026-06-09T20:56:45.645+0000] {processor.py:161} INFO - Started process (PID=294) to work on /home/airflow/.local/lib/python3.12/site-packages/airflow/example_dags/subdags/subdag.py
[2026-06-09T20:56:45.649+0000] {processor.py:830} INFO - Processing file /home/airflow/.local/lib/python3.12/site-packages/airflow/example_dags/subdags/subdag.py for tasks to queue
[2026-06-09T20:56:45.655+0000] {logging_mixin.py:188} INFO - [2026-06-09T20:56:45.651+0000] {dagbag.py:545} INFO - Filling up the DagBag from /home/airflow/.local/lib/python3.12/site-packages/airflow/example_dags/subdags/subdag.py
[2026-06-09T20:56:45.662+0000] {processor.py:842} WARNING - No viable dags retrieved from /home/airflow/.local/lib/python3.12/site-packages/airflow/example_dags/subdags/subdag.py
[2026-06-09T20:56:45.719+0000] {processor.py:183} INFO - Processing /home/airflow/.local/lib/python3.12/site-packages/airflow/example_dags/subdags/subdag.py took 0.096 seconds
[2026-06-09T20:57:16.319+0000] {processor.py:161} INFO - Started process (PID=354) to work on /home/airflow/.local/lib/python3.12/site-packages/airflow/example_dags/subdags/subdag.py
[2026-06-09T20:57:16.320+0000] {processor.py:830} INFO - Processing file /home/airflow/.local/lib/python3.12/site-packages/airflow/example_dags/subdags/subdag.py for tasks to queue
[2026-06-09T20:57:16.322+0000] {logging_mixin.py:188} INFO - [2026-06-09T20:57:16.322+0000] {dagbag.py:545} INFO - Filling up the DagBag from /home/airflow/.local/lib/python3.12/site-packages/airflow/example_dags/subdags/subdag.py
[2026-06-09T20:57:16.324+0000] {processor.py:842} WARNING - No viable dags retrieved from /home/airflow/.local/lib/python3.12/site-packages/airflow/example_dags/subdags/subdag.py
[2026-06-09T20:57:16.341+0000] {processor.py:183} INFO - Processing /home/airflow/.local/lib/python3.12/site-packages/airflow/example_dags/subdags/subdag.py took 0.030 seconds
[2026-06-09T20:57:47.006+0000] {processor.py:161} INFO - Started process (PID=413) to work on /home/airflow/.local/lib/python3.12/site-packages/airflow/example_dags/subdags/subdag.py
[2026-06-09T20:57:47.007+0000] {processor.py:830} INFO - Processing file /home/airflow/.local/lib/python3.12/site-packages/airflow/example_dags/subdags/subdag.py for tasks to queue
[2026-06-09T20:57:47.009+0000] {logging_mixin.py:188} INFO - [2026-06-09T20:57:47.009+0000] {dagbag.py:545} INFO - Filling up the DagBag from /home/airflow/.local/lib/python3.12/site-packages/airflow/example_dags/subdags/subdag.py
[2026-06-09T20:57:47.012+0000] {processor.py:842} WARNING - No viable dags retrieved from /home/airflow/.local/lib/python3.12/site-packages/airflow/example_dags/subdags/subdag.py
[2026-06-09T20:57:47.028+0000] {processor.py:183} INFO - Processing /home/airflow/.local/lib/python3.12/site-packages/airflow/example_dags/subdags/subdag.py took 0.031 seconds
[2026-06-09T20:58:17.815+0000] {processor.py:161} INFO - Started process (PID=473) to work on /home/airflow/.local/lib/python3.12/site-packages/airflow/example_dags/subdags/subdag.py
[2026-06-09T20:58:17.816+0000] {processor.py:830} INFO - Processing file /home/airflow/.local/lib/python3.12/site-packages/airflow/example_dags/subdags/subdag.py for tasks to queue
[2026-06-09T20:58:17.818+0000] {logging_mixin.py:188} INFO - [2026-06-09T20:58:17.818+0000] {dagbag.py:545} INFO - Filling up the DagBag from /home/airflow/.local/lib/python3.12/site-packages/airflow/example_dags/subdags/subdag.py
[2026-06-09T20:58:17.821+0000] {processor.py:842} WARNING - No viable dags retrieved from /home/airflow/.local/lib/python3.12/site-packages/airflow/example_dags/subdags/subdag.py
[2026-06-09T20:58:17.837+0000] {processor.py:183} INFO - Processing /home/airflow/.local/lib/python3.12/site-packages/airflow/example_dags/subdags/subdag.py took 0.030 seconds
[2026-06-09T20:58:48.653+0000] {processor.py:161} INFO - Started process (PID=533) to work on /home/airflow/.local/lib/python3.12/site-packages/airflow/example_dags/subdags/subdag.py
[2026-06-09T20:58:48.654+0000] {processor.py:830} INFO - Processing file /home/airflow/.local/lib/python3.12/site-packages/airflow/example_dags/subdags/subdag.py for tasks to queue
[2026-06-09T20:58:48.656+0000] {logging_mixin.py:188} INFO - [2026-06-09T20:58:48.655+0000] {dagbag.py:545} INFO - Filling up the DagBag from /home/airflow/.local/lib/python3.12/site-packages/airflow/example_dags/subdags/subdag.py
[2026-06-09T20:58:48.658+0000] {processor.py:842} WARNING - No viable dags retrieved from /home/airflow/.local/lib/python3.12/site-packages/airflow/example_dags/subdags/subdag.py
[2026-06-09T20:58:48.675+0000] {processor.py:183} INFO - Processing /home/airflow/.local/lib/python3.12/site-packages/airflow/example_dags/subdags/subdag.py took 0.030 seconds
[2026-06-09T20:59:19.387+0000] {processor.py:161} INFO - Started process (PID=593) to work on /home/airflow/.local/lib/python3.12/site-packages/airflow/example_dags/subdags/subdag.py
[2026-06-09T20:59:19.388+0000] {processor.py:830} INFO - Processing file /home/airflow/.local/lib/python3.12/site-packages/airflow/example_dags/subdags/subdag.py for tasks to queue
[2026-06-09T20:59:19.390+0000] {logging_mixin.py:188} INFO - [2026-06-09T20:59:19.389+0000] {dagbag.py:545} INFO - Filling up the DagBag from /home/airflow/.local/lib/python3.12/site-packages/airflow/example_dags/subdags/subdag.py
[2026-06-09T20:59:19.393+0000] {processor.py:842} WARNING - No viable dags retrieved from /home/airflow/.local/lib/python3.12/site-packages/airflow/example_dags/subdags/subdag.py
[2026-06-09T20:59:19.410+0000] {processor.py:183} INFO - Processing /home/airflow/.local/lib/python3.12/site-packages/airflow/example_dags/subdags/subdag.py took 0.032 seconds
[2026-06-09T21:01:12.578+0000] {processor.py:161} INFO - Started process (PID=114) to work on /home/airflow/.local/lib/python3.12/site-packages/airflow/example_dags/subdags/subdag.py
[2026-06-09T21:01:12.584+0000] {processor.py:830} INFO - Processing file /home/airflow/.local/lib/python3.12/site-packages/airflow/example_dags/subdags/subdag.py for tasks to queue
[2026-06-09T21:01:12.590+0000] {logging_mixin.py:188} INFO - [2026-06-09T21:01:12.590+0000] {dagbag.py:545} INFO - Filling up the DagBag from /home/airflow/.local/lib/python3.12/site-packages/airflow/example_dags/subdags/subdag.py
[2026-06-09T21:01:12.598+0000] {processor.py:842} WARNING - No viable dags retrieved from /home/airflow/.local/lib/python3.12/site-packages/airflow/example_dags/subdags/subdag.py
[2026-06-09T21:01:12.650+0000] {processor.py:183} INFO - Processing /home/airflow/.local/lib/python3.12/site-packages/airflow/example_dags/subdags/subdag.py took 0.084 seconds
[2026-06-09T21:01:43.185+0000] {processor.py:161} INFO - Started process (PID=173) to work on /home/airflow/.local/lib/python3.12/site-packages/airflow/example_dags/subdags/subdag.py
[2026-06-09T21:01:43.186+0000] {processor.py:830} INFO - Processing file /home/airflow/.local/lib/python3.12/site-packages/airflow/example_dags/subdags/subdag.py for tasks to queue
[2026-06-09T21:01:43.188+0000] {logging_mixin.py:188} INFO - [2026-06-09T21:01:43.188+0000] {dagbag.py:545} INFO - Filling up the DagBag from /home/airflow/.local/lib/python3.12/site-packages/airflow/example_dags/subdags/subdag.py
[2026-06-09T21:01:43.191+0000] {processor.py:842} WARNING - No viable dags retrieved from /home/airflow/.local/lib/python3.12/site-packages/airflow/example_dags/subdags/subdag.py
[2026-06-09T21:01:43.209+0000] {processor.py:183} INFO - Processing /home/airflow/.local/lib/python3.12/site-packages/airflow/example_dags/subdags/subdag.py took 0.031 seconds
[2026-06-09T21:02:14.212+0000] {processor.py:161} INFO - Started process (PID=234) to work on /home/airflow/.local/lib/python3.12/site-packages/airflow/example_dags/subdags/subdag.py
[2026-06-09T21:02:14.216+0000] {processor.py:830} INFO - Processing file /home/airflow/.local/lib/python3.12/site-packages/airflow/example_dags/subdags/subdag.py for tasks to queue
[2026-06-09T21:02:14.223+0000] {logging_mixin.py:188} INFO - [2026-06-09T21:02:14.223+0000] {dagbag.py:545} INFO - Filling up the DagBag from /home/airflow/.local/lib/python3.12/site-packages/airflow/example_dags/subdags/subdag.py
[2026-06-09T21:02:14.244+0000] {processor.py:842} WARNING - No viable dags retrieved from /home/airflow/.local/lib/python3.12/site-packages/airflow/example_dags/subdags/subdag.py
[2026-06-09T21:02:14.432+0000] {processor.py:183} INFO - Processing /home/airflow/.local/lib/python3.12/site-packages/airflow/example_dags/subdags/subdag.py took 0.259 seconds
[2026-06-09T21:02:45.053+0000] {processor.py:161} INFO - Started process (PID=294) to work on /home/airflow/.local/lib/python3.12/site-packages/airflow/example_dags/subdags/subdag.py
[2026-06-09T21:02:45.057+0000] {processor.py:830} INFO - Processing file /home/airflow/.local/lib/python3.12/site-packages/airflow/example_dags/subdags/subdag.py for tasks to queue
[2026-06-09T21:02:45.059+0000] {logging_mixin.py:188} INFO - [2026-06-09T21:02:45.059+0000] {dagbag.py:545} INFO - Filling up the DagBag from /home/airflow/.local/lib/python3.12/site-packages/airflow/example_dags/subdags/subdag.py
[2026-06-09T21:02:45.066+0000] {processor.py:842} WARNING - No viable dags retrieved from /home/airflow/.local/lib/python3.12/site-packages/airflow/example_dags/subdags/subdag.py
[2026-06-09T21:02:45.090+0000] {processor.py:183} INFO - Processing /home/airflow/.local/lib/python3.12/site-packages/airflow/example_dags/subdags/subdag.py took 0.046 seconds
[2026-06-09T21:03:15.501+0000] {processor.py:161} INFO - Started process (PID=354) to work on /home/airflow/.local/lib/python3.12/site-packages/airflow/example_dags/subdags/subdag.py
[2026-06-09T21:03:15.503+0000] {processor.py:830} INFO - Processing file /home/airflow/.local/lib/python3.12/site-packages/airflow/example_dags/subdags/subdag.py for tasks to queue
[2026-06-09T21:03:15.508+0000] {logging_mixin.py:188} INFO - [2026-06-09T21:03:15.507+0000] {dagbag.py:545} INFO - Filling up the DagBag from /home/airflow/.local/lib/python3.12/site-packages/airflow/example_dags/subdags/subdag.py
[2026-06-09T21:03:15.510+0000] {processor.py:842} WARNING - No viable dags retrieved from /home/airflow/.local/lib/python3.12/site-packages/airflow/example_dags/subdags/subdag.py
[2026-06-09T21:03:15.532+0000] {processor.py:183} INFO - Processing /home/airflow/.local/lib/python3.12/site-packages/airflow/example_dags/subdags/subdag.py took 0.042 seconds
[2026-06-09T21:05:11.871+0000] {processor.py:161} INFO - Started process (PID=114) to work on /home/airflow/.local/lib/python3.12/site-packages/airflow/example_dags/subdags/subdag.py
[2026-06-09T21:05:11.873+0000] {processor.py:830} INFO - Processing file /home/airflow/.local/lib/python3.12/site-packages/airflow/example_dags/subdags/subdag.py for tasks to queue
[2026-06-09T21:05:11.875+0000] {logging_mixin.py:188} INFO - [2026-06-09T21:05:11.875+0000] {dagbag.py:545} INFO - Filling up the DagBag from /home/airflow/.local/lib/python3.12/site-packages/airflow/example_dags/subdags/subdag.py
[2026-06-09T21:05:11.878+0000] {processor.py:842} WARNING - No viable dags retrieved from /home/airflow/.local/lib/python3.12/site-packages/airflow/example_dags/subdags/subdag.py
[2026-06-09T21:05:11.973+0000] {processor.py:183} INFO - Processing /home/airflow/.local/lib/python3.12/site-packages/airflow/example_dags/subdags/subdag.py took 0.116 seconds
[2026-06-09T21:05:42.815+0000] {processor.py:161} INFO - Started process (PID=174) to work on /home/airflow/.local/lib/python3.12/site-packages/airflow/example_dags/subdags/subdag.py
[2026-06-09T21:05:42.816+0000] {processor.py:830} INFO - Processing file /home/airflow/.local/lib/python3.12/site-packages/airflow/example_dags/subdags/subdag.py for tasks to queue
[2026-06-09T21:05:42.818+0000] {logging_mixin.py:188} INFO - [2026-06-09T21:05:42.817+0000] {dagbag.py:545} INFO - Filling up the DagBag from /home/airflow/.local/lib/python3.12/site-packages/airflow/example_dags/subdags/subdag.py
[2026-06-09T21:05:42.820+0000] {processor.py:842} WARNING - No viable dags retrieved from /home/airflow/.local/lib/python3.12/site-packages/airflow/example_dags/subdags/subdag.py
[2026-06-09T21:05:42.838+0000] {processor.py:183} INFO - Processing /home/airflow/.local/lib/python3.12/site-packages/airflow/example_dags/subdags/subdag.py took 0.031 seconds
[2026-06-09T21:06:13.284+0000] {processor.py:161} INFO - Started process (PID=233) to work on /home/airflow/.local/lib/python3.12/site-packages/airflow/example_dags/subdags/subdag.py
[2026-06-09T21:06:13.290+0000] {processor.py:830} INFO - Processing file /home/airflow/.local/lib/python3.12/site-packages/airflow/example_dags/subdags/subdag.py for tasks to queue
[2026-06-09T21:06:13.295+0000] {logging_mixin.py:188} INFO - [2026-06-09T21:06:13.294+0000] {dagbag.py:545} INFO - Filling up the DagBag from /home/airflow/.local/lib/python3.12/site-packages/airflow/example_dags/subdags/subdag.py
[2026-06-09T21:06:13.304+0000] {processor.py:842} WARNING - No viable dags retrieved from /home/airflow/.local/lib/python3.12/site-packages/airflow/example_dags/subdags/subdag.py
[2026-06-09T21:06:13.351+0000] {processor.py:183} INFO - Processing /home/airflow/.local/lib/python3.12/site-packages/airflow/example_dags/subdags/subdag.py took 0.091 seconds
[2026-06-09T21:06:43.489+0000] {processor.py:161} INFO - Started process (PID=293) to work on /home/airflow/.local/lib/python3.12/site-packages/airflow/example_dags/subdags/subdag.py
[2026-06-09T21:06:43.492+0000] {processor.py:830} INFO - Processing file /home/airflow/.local/lib/python3.12/site-packages/airflow/example_dags/subdags/subdag.py for tasks to queue
[2026-06-09T21:06:43.495+0000] {logging_mixin.py:188} INFO - [2026-06-09T21:06:43.494+0000] {dagbag.py:545} INFO - Filling up the DagBag from /home/airflow/.local/lib/python3.12/site-packages/airflow/example_dags/subdags/subdag.py
[2026-06-09T21:06:43.498+0000] {processor.py:842} WARNING - No viable dags retrieved from /home/airflow/.local/lib/python3.12/site-packages/airflow/example_dags/subdags/subdag.py
[2026-06-09T21:06:43.513+0000] {processor.py:183} INFO - Processing /home/airflow/.local/lib/python3.12/site-packages/airflow/example_dags/subdags/subdag.py took 0.033 seconds
[2026-06-09T21:07:13.642+0000] {processor.py:161} INFO - Started process (PID=352) to work on /home/airflow/.local/lib/python3.12/site-packages/airflow/example_dags/subdags/subdag.py
[2026-06-09T21:07:13.643+0000] {processor.py:830} INFO - Processing file /home/airflow/.local/lib/python3.12/site-packages/airflow/example_dags/subdags/subdag.py for tasks to queue
[2026-06-09T21:07:13.645+0000] {logging_mixin.py:188} INFO - [2026-06-09T21:07:13.644+0000] {dagbag.py:545} INFO - Filling up the DagBag from /home/airflow/.local/lib/python3.12/site-packages/airflow/example_dags/subdags/subdag.py
[2026-06-09T21:07:13.646+0000] {processor.py:842} WARNING - No viable dags retrieved from /home/airflow/.local/lib/python3.12/site-packages/airflow/example_dags/subdags/subdag.py
[2026-06-09T21:07:13.663+0000] {processor.py:183} INFO - Processing /home/airflow/.local/lib/python3.12/site-packages/airflow/example_dags/subdags/subdag.py took 0.026 seconds
[2026-06-09T21:07:44.639+0000] {processor.py:161} INFO - Started process (PID=414) to work on /home/airflow/.local/lib/python3.12/site-packages/airflow/example_dags/subdags/subdag.py
[2026-06-09T21:07:44.645+0000] {processor.py:830} INFO - Processing file /home/airflow/.local/lib/python3.12/site-packages/airflow/example_dags/subdags/subdag.py for tasks to queue
[2026-06-09T21:07:44.647+0000] {logging_mixin.py:188} INFO - [2026-06-09T21:07:44.646+0000] {dagbag.py:545} INFO - Filling up the DagBag from /home/airflow/.local/lib/python3.12/site-packages/airflow/example_dags/subdags/subdag.py
[2026-06-09T21:07:44.649+0000] {processor.py:842} WARNING - No viable dags retrieved from /home/airflow/.local/lib/python3.12/site-packages/airflow/example_dags/subdags/subdag.py
[2026-06-09T21:07:44.675+0000] {processor.py:183} INFO - Processing /home/airflow/.local/lib/python3.12/site-packages/airflow/example_dags/subdags/subdag.py took 0.048 seconds
[2026-06-09T21:08:15.481+0000] {processor.py:161} INFO - Started process (PID=474) to work on /home/airflow/.local/lib/python3.12/site-packages/airflow/example_dags/subdags/subdag.py
[2026-06-09T21:08:15.482+0000] {processor.py:830} INFO - Processing file /home/airflow/.local/lib/python3.12/site-packages/airflow/example_dags/subdags/subdag.py for tasks to queue
[2026-06-09T21:08:15.484+0000] {logging_mixin.py:188} INFO - [2026-06-09T21:08:15.483+0000] {dagbag.py:545} INFO - Filling up the DagBag from /home/airflow/.local/lib/python3.12/site-packages/airflow/example_dags/subdags/subdag.py
[2026-06-09T21:08:15.486+0000] {processor.py:842} WARNING - No viable dags retrieved from /home/airflow/.local/lib/python3.12/site-packages/airflow/example_dags/subdags/subdag.py
[2026-06-09T21:08:15.502+0000] {processor.py:183} INFO - Processing /home/airflow/.local/lib/python3.12/site-packages/airflow/example_dags/subdags/subdag.py took 0.029 seconds
[2026-06-09T21:08:48.146+0000] {processor.py:161} INFO - Started process (PID=534) to work on /home/airflow/.local/lib/python3.12/site-packages/airflow/example_dags/subdags/subdag.py
[2026-06-09T21:08:48.147+0000] {processor.py:830} INFO - Processing file /home/airflow/.local/lib/python3.12/site-packages/airflow/example_dags/subdags/subdag.py for tasks to queue
[2026-06-09T21:08:48.149+0000] {logging_mixin.py:188} INFO - [2026-06-09T21:08:48.149+0000] {dagbag.py:545} INFO - Filling up the DagBag from /home/airflow/.local/lib/python3.12/site-packages/airflow/example_dags/subdags/subdag.py
[2026-06-09T21:08:48.151+0000] {processor.py:842} WARNING - No viable dags retrieved from /home/airflow/.local/lib/python3.12/site-packages/airflow/example_dags/subdags/subdag.py
[2026-06-09T21:08:48.167+0000] {processor.py:183} INFO - Processing /home/airflow/.local/lib/python3.12/site-packages/airflow/example_dags/subdags/subdag.py took 0.033 seconds
[2026-06-09T21:09:20.489+0000] {processor.py:161} INFO - Started process (PID=594) to work on /home/airflow/.local/lib/python3.12/site-packages/airflow/example_dags/subdags/subdag.py
[2026-06-09T21:09:20.500+0000] {processor.py:830} INFO - Processing file /home/airflow/.local/lib/python3.12/site-packages/airflow/example_dags/subdags/subdag.py for tasks to queue
[2026-06-09T21:09:20.517+0000] {logging_mixin.py:188} INFO - [2026-06-09T21:09:20.514+0000] {dagbag.py:545} INFO - Filling up the DagBag from /home/airflow/.local/lib/python3.12/site-packages/airflow/example_dags/subdags/subdag.py
[2026-06-09T21:09:20.533+0000] {processor.py:842} WARNING - No viable dags retrieved from /home/airflow/.local/lib/python3.12/site-packages/airflow/example_dags/subdags/subdag.py
[2026-06-09T21:09:20.735+0000] {processor.py:183} INFO - Processing /home/airflow/.local/lib/python3.12/site-packages/airflow/example_dags/subdags/subdag.py took 0.309 seconds
[2026-06-09T21:09:51.143+0000] {processor.py:161} INFO - Started process (PID=654) to work on /home/airflow/.local/lib/python3.12/site-packages/airflow/example_dags/subdags/subdag.py
[2026-06-09T21:09:51.144+0000] {processor.py:830} INFO - Processing file /home/airflow/.local/lib/python3.12/site-packages/airflow/example_dags/subdags/subdag.py for tasks to queue
[2026-06-09T21:09:51.146+0000] {logging_mixin.py:188} INFO - [2026-06-09T21:09:51.146+0000] {dagbag.py:545} INFO - Filling up the DagBag from /home/airflow/.local/lib/python3.12/site-packages/airflow/example_dags/subdags/subdag.py
[2026-06-09T21:09:51.148+0000] {processor.py:842} WARNING - No viable dags retrieved from /home/airflow/.local/lib/python3.12/site-packages/airflow/example_dags/subdags/subdag.py
[2026-06-09T21:09:51.165+0000] {processor.py:183} INFO - Processing /home/airflow/.local/lib/python3.12/site-packages/airflow/example_dags/subdags/subdag.py took 0.029 seconds
[2026-06-09T21:10:21.619+0000] {processor.py:161} INFO - Started process (PID=714) to work on /home/airflow/.local/lib/python3.12/site-packages/airflow/example_dags/subdags/subdag.py
[2026-06-09T21:10:21.620+0000] {processor.py:830} INFO - Processing file /home/airflow/.local/lib/python3.12/site-packages/airflow/example_dags/subdags/subdag.py for tasks to queue
[2026-06-09T21:10:21.622+0000] {logging_mixin.py:188} INFO - [2026-06-09T21:10:21.622+0000] {dagbag.py:545} INFO - Filling up the DagBag from /home/airflow/.local/lib/python3.12/site-packages/airflow/example_dags/subdags/subdag.py
[2026-06-09T21:10:21.625+0000] {processor.py:842} WARNING - No viable dags retrieved from /home/airflow/.local/lib/python3.12/site-packages/airflow/example_dags/subdags/subdag.py
[2026-06-09T21:10:21.643+0000] {processor.py:183} INFO - Processing /home/airflow/.local/lib/python3.12/site-packages/airflow/example_dags/subdags/subdag.py took 0.035 seconds
[2026-06-09T21:10:51.949+0000] {processor.py:161} INFO - Started process (PID=773) to work on /home/airflow/.local/lib/python3.12/site-packages/airflow/example_dags/subdags/subdag.py
[2026-06-09T21:10:51.950+0000] {processor.py:830} INFO - Processing file /home/airflow/.local/lib/python3.12/site-packages/airflow/example_dags/subdags/subdag.py for tasks to queue
[2026-06-09T21:10:51.954+0000] {logging_mixin.py:188} INFO - [2026-06-09T21:10:51.953+0000] {dagbag.py:545} INFO - Filling up the DagBag from /home/airflow/.local/lib/python3.12/site-packages/airflow/example_dags/subdags/subdag.py
[2026-06-09T21:10:51.960+0000] {processor.py:842} WARNING - No viable dags retrieved from /home/airflow/.local/lib/python3.12/site-packages/airflow/example_dags/subdags/subdag.py
[2026-06-09T21:10:51.982+0000] {processor.py:183} INFO - Processing /home/airflow/.local/lib/python3.12/site-packages/airflow/example_dags/subdags/subdag.py took 0.044 seconds
[2026-06-09T21:11:22.393+0000] {processor.py:161} INFO - Started process (PID=833) to work on /home/airflow/.local/lib/python3.12/site-packages/airflow/example_dags/subdags/subdag.py
[2026-06-09T21:11:22.394+0000] {processor.py:830} INFO - Processing file /home/airflow/.local/lib/python3.12/site-packages/airflow/example_dags/subdags/subdag.py for tasks to queue
[2026-06-09T21:11:22.396+0000] {logging_mixin.py:188} INFO - [2026-06-09T21:11:22.396+0000] {dagbag.py:545} INFO - Filling up the DagBag from /home/airflow/.local/lib/python3.12/site-packages/airflow/example_dags/subdags/subdag.py
[2026-06-09T21:11:22.398+0000] {processor.py:842} WARNING - No viable dags retrieved from /home/airflow/.local/lib/python3.12/site-packages/airflow/example_dags/subdags/subdag.py
[2026-06-09T21:11:22.415+0000] {processor.py:183} INFO - Processing /home/airflow/.local/lib/python3.12/site-packages/airflow/example_dags/subdags/subdag.py took 0.029 seconds
[2026-06-09T21:11:53.945+0000] {processor.py:161} INFO - Started process (PID=894) to work on /home/airflow/.local/lib/python3.12/site-packages/airflow/example_dags/subdags/subdag.py
[2026-06-09T21:11:53.946+0000] {processor.py:830} INFO - Processing file /home/airflow/.local/lib/python3.12/site-packages/airflow/example_dags/subdags/subdag.py for tasks to queue
[2026-06-09T21:11:53.948+0000] {logging_mixin.py:188} INFO - [2026-06-09T21:11:53.948+0000] {dagbag.py:545} INFO - Filling up the DagBag from /home/airflow/.local/lib/python3.12/site-packages/airflow/example_dags/subdags/subdag.py
[2026-06-09T21:11:53.951+0000] {processor.py:842} WARNING - No viable dags retrieved from /home/airflow/.local/lib/python3.12/site-packages/airflow/example_dags/subdags/subdag.py
[2026-06-09T21:11:53.977+0000] {processor.py:183} INFO - Processing /home/airflow/.local/lib/python3.12/site-packages/airflow/example_dags/subdags/subdag.py took 0.039 seconds
[2026-06-09T21:12:25.971+0000] {processor.py:161} INFO - Started process (PID=954) to work on /home/airflow/.local/lib/python3.12/site-packages/airflow/example_dags/subdags/subdag.py
[2026-06-09T21:12:25.974+0000] {processor.py:830} INFO - Processing file /home/airflow/.local/lib/python3.12/site-packages/airflow/example_dags/subdags/subdag.py for tasks to queue
[2026-06-09T21:12:25.979+0000] {logging_mixin.py:188} INFO - [2026-06-09T21:12:25.978+0000] {dagbag.py:545} INFO - Filling up the DagBag from /home/airflow/.local/lib/python3.12/site-packages/airflow/example_dags/subdags/subdag.py
[2026-06-09T21:12:25.982+0000] {processor.py:842} WARNING - No viable dags retrieved from /home/airflow/.local/lib/python3.12/site-packages/airflow/example_dags/subdags/subdag.py
[2026-06-09T21:12:26.017+0000] {processor.py:183} INFO - Processing /home/airflow/.local/lib/python3.12/site-packages/airflow/example_dags/subdags/subdag.py took 0.063 seconds
[2026-06-09T21:12:58.040+0000] {processor.py:161} INFO - Started process (PID=1020) to work on /home/airflow/.local/lib/python3.12/site-packages/airflow/example_dags/subdags/subdag.py
[2026-06-09T21:12:58.043+0000] {processor.py:830} INFO - Processing file /home/airflow/.local/lib/python3.12/site-packages/airflow/example_dags/subdags/subdag.py for tasks to queue
[2026-06-09T21:12:58.048+0000] {logging_mixin.py:188} INFO - [2026-06-09T21:12:58.047+0000] {dagbag.py:545} INFO - Filling up the DagBag from /home/airflow/.local/lib/python3.12/site-packages/airflow/example_dags/subdags/subdag.py
[2026-06-09T21:12:58.052+0000] {processor.py:842} WARNING - No viable dags retrieved from /home/airflow/.local/lib/python3.12/site-packages/airflow/example_dags/subdags/subdag.py
[2026-06-09T21:12:58.129+0000] {processor.py:183} INFO - Processing /home/airflow/.local/lib/python3.12/site-packages/airflow/example_dags/subdags/subdag.py took 0.124 seconds
[2026-06-09T21:13:28.792+0000] {processor.py:161} INFO - Started process (PID=1080) to work on /home/airflow/.local/lib/python3.12/site-packages/airflow/example_dags/subdags/subdag.py
[2026-06-09T21:13:28.792+0000] {processor.py:830} INFO - Processing file /home/airflow/.local/lib/python3.12/site-packages/airflow/example_dags/subdags/subdag.py for tasks to queue
[2026-06-09T21:13:28.795+0000] {logging_mixin.py:188} INFO - [2026-06-09T21:13:28.794+0000] {dagbag.py:545} INFO - Filling up the DagBag from /home/airflow/.local/lib/python3.12/site-packages/airflow/example_dags/subdags/subdag.py
[2026-06-09T21:13:28.797+0000] {processor.py:842} WARNING - No viable dags retrieved from /home/airflow/.local/lib/python3.12/site-packages/airflow/example_dags/subdags/subdag.py
[2026-06-09T21:13:28.812+0000] {processor.py:183} INFO - Processing /home/airflow/.local/lib/python3.12/site-packages/airflow/example_dags/subdags/subdag.py took 0.027 seconds
[2026-06-09T21:14:00.008+0000] {processor.py:161} INFO - Started process (PID=1140) to work on /home/airflow/.local/lib/python3.12/site-packages/airflow/example_dags/subdags/subdag.py
[2026-06-09T21:14:00.009+0000] {processor.py:830} INFO - Processing file /home/airflow/.local/lib/python3.12/site-packages/airflow/example_dags/subdags/subdag.py for tasks to queue
[2026-06-09T21:14:00.012+0000] {logging_mixin.py:188} INFO - [2026-06-09T21:14:00.011+0000] {dagbag.py:545} INFO - Filling up the DagBag from /home/airflow/.local/lib/python3.12/site-packages/airflow/example_dags/subdags/subdag.py
[2026-06-09T21:14:00.019+0000] {processor.py:842} WARNING - No viable dags retrieved from /home/airflow/.local/lib/python3.12/site-packages/airflow/example_dags/subdags/subdag.py
[2026-06-09T21:14:00.078+0000] {processor.py:183} INFO - Processing /home/airflow/.local/lib/python3.12/site-packages/airflow/example_dags/subdags/subdag.py took 0.080 seconds
[2026-06-09T21:14:31.437+0000] {processor.py:161} INFO - Started process (PID=1204) to work on /home/airflow/.local/lib/python3.12/site-packages/airflow/example_dags/subdags/subdag.py
[2026-06-09T21:14:31.440+0000] {processor.py:830} INFO - Processing file /home/airflow/.local/lib/python3.12/site-packages/airflow/example_dags/subdags/subdag.py for tasks to queue
[2026-06-09T21:14:31.442+0000] {logging_mixin.py:188} INFO - [2026-06-09T21:14:31.441+0000] {dagbag.py:545} INFO - Filling up the DagBag from /home/airflow/.local/lib/python3.12/site-packages/airflow/example_dags/subdags/subdag.py
[2026-06-09T21:14:31.444+0000] {processor.py:842} WARNING - No viable dags retrieved from /home/airflow/.local/lib/python3.12/site-packages/airflow/example_dags/subdags/subdag.py
[2026-06-09T21:14:31.460+0000] {processor.py:183} INFO - Processing /home/airflow/.local/lib/python3.12/site-packages/airflow/example_dags/subdags/subdag.py took 0.030 seconds
[2026-06-09T21:15:02.651+0000] {processor.py:161} INFO - Started process (PID=1264) to work on /home/airflow/.local/lib/python3.12/site-packages/airflow/example_dags/subdags/subdag.py
[2026-06-09T21:15:02.652+0000] {processor.py:830} INFO - Processing file /home/airflow/.local/lib/python3.12/site-packages/airflow/example_dags/subdags/subdag.py for tasks to queue
[2026-06-09T21:15:02.656+0000] {logging_mixin.py:188} INFO - [2026-06-09T21:15:02.656+0000] {dagbag.py:545} INFO - Filling up the DagBag from /home/airflow/.local/lib/python3.12/site-packages/airflow/example_dags/subdags/subdag.py
[2026-06-09T21:15:02.659+0000] {processor.py:842} WARNING - No viable dags retrieved from /home/airflow/.local/lib/python3.12/site-packages/airflow/example_dags/subdags/subdag.py
[2026-06-09T21:15:02.704+0000] {processor.py:183} INFO - Processing /home/airflow/.local/lib/python3.12/site-packages/airflow/example_dags/subdags/subdag.py took 0.061 seconds
[2026-06-09T21:15:33.848+0000] {processor.py:161} INFO - Started process (PID=1324) to work on /home/airflow/.local/lib/python3.12/site-packages/airflow/example_dags/subdags/subdag.py
[2026-06-09T21:15:33.849+0000] {processor.py:830} INFO - Processing file /home/airflow/.local/lib/python3.12/site-packages/airflow/example_dags/subdags/subdag.py for tasks to queue
[2026-06-09T21:15:33.851+0000] {logging_mixin.py:188} INFO - [2026-06-09T21:15:33.850+0000] {dagbag.py:545} INFO - Filling up the DagBag from /home/airflow/.local/lib/python3.12/site-packages/airflow/example_dags/subdags/subdag.py
[2026-06-09T21:15:33.853+0000] {processor.py:842} WARNING - No viable dags retrieved from /home/airflow/.local/lib/python3.12/site-packages/airflow/example_dags/subdags/subdag.py
[2026-06-09T21:15:33.876+0000] {processor.py:183} INFO - Processing /home/airflow/.local/lib/python3.12/site-packages/airflow/example_dags/subdags/subdag.py took 0.035 seconds
[2026-06-09T21:16:05.686+0000] {processor.py:161} INFO - Started process (PID=1385) to work on /home/airflow/.local/lib/python3.12/site-packages/airflow/example_dags/subdags/subdag.py
[2026-06-09T21:16:05.688+0000] {processor.py:830} INFO - Processing file /home/airflow/.local/lib/python3.12/site-packages/airflow/example_dags/subdags/subdag.py for tasks to queue
[2026-06-09T21:16:05.690+0000] {logging_mixin.py:188} INFO - [2026-06-09T21:16:05.690+0000] {dagbag.py:545} INFO - Filling up the DagBag from /home/airflow/.local/lib/python3.12/site-packages/airflow/example_dags/subdags/subdag.py
[2026-06-09T21:16:05.692+0000] {processor.py:842} WARNING - No viable dags retrieved from /home/airflow/.local/lib/python3.12/site-packages/airflow/example_dags/subdags/subdag.py
[2026-06-09T21:16:05.708+0000] {processor.py:183} INFO - Processing /home/airflow/.local/lib/python3.12/site-packages/airflow/example_dags/subdags/subdag.py took 0.028 seconds
[2026-06-09T21:16:36.983+0000] {processor.py:161} INFO - Started process (PID=1445) to work on /home/airflow/.local/lib/python3.12/site-packages/airflow/example_dags/subdags/subdag.py
[2026-06-09T21:16:36.987+0000] {processor.py:830} INFO - Processing file /home/airflow/.local/lib/python3.12/site-packages/airflow/example_dags/subdags/subdag.py for tasks to queue
[2026-06-09T21:16:36.995+0000] {logging_mixin.py:188} INFO - [2026-06-09T21:16:36.993+0000] {dagbag.py:545} INFO - Filling up the DagBag from /home/airflow/.local/lib/python3.12/site-packages/airflow/example_dags/subdags/subdag.py
[2026-06-09T21:16:37.002+0000] {processor.py:842} WARNING - No viable dags retrieved from /home/airflow/.local/lib/python3.12/site-packages/airflow/example_dags/subdags/subdag.py
[2026-06-09T21:16:37.067+0000] {processor.py:183} INFO - Processing /home/airflow/.local/lib/python3.12/site-packages/airflow/example_dags/subdags/subdag.py took 0.121 seconds
[2026-06-09T21:17:08.064+0000] {processor.py:161} INFO - Started process (PID=1505) to work on /home/airflow/.local/lib/python3.12/site-packages/airflow/example_dags/subdags/subdag.py
[2026-06-09T21:17:08.066+0000] {processor.py:830} INFO - Processing file /home/airflow/.local/lib/python3.12/site-packages/airflow/example_dags/subdags/subdag.py for tasks to queue
[2026-06-09T21:17:08.069+0000] {logging_mixin.py:188} INFO - [2026-06-09T21:17:08.068+0000] {dagbag.py:545} INFO - Filling up the DagBag from /home/airflow/.local/lib/python3.12/site-packages/airflow/example_dags/subdags/subdag.py
[2026-06-09T21:17:08.071+0000] {processor.py:842} WARNING - No viable dags retrieved from /home/airflow/.local/lib/python3.12/site-packages/airflow/example_dags/subdags/subdag.py
[2026-06-09T21:17:08.090+0000] {processor.py:183} INFO - Processing /home/airflow/.local/lib/python3.12/site-packages/airflow/example_dags/subdags/subdag.py took 0.033 seconds
[2026-06-09T21:17:38.196+0000] {processor.py:161} INFO - Started process (PID=1564) to work on /home/airflow/.local/lib/python3.12/site-packages/airflow/example_dags/subdags/subdag.py
[2026-06-09T21:17:38.199+0000] {processor.py:830} INFO - Processing file /home/airflow/.local/lib/python3.12/site-packages/airflow/example_dags/subdags/subdag.py for tasks to queue
[2026-06-09T21:17:38.201+0000] {logging_mixin.py:188} INFO - [2026-06-09T21:17:38.201+0000] {dagbag.py:545} INFO - Filling up the DagBag from /home/airflow/.local/lib/python3.12/site-packages/airflow/example_dags/subdags/subdag.py
[2026-06-09T21:17:38.206+0000] {processor.py:842} WARNING - No viable dags retrieved from /home/airflow/.local/lib/python3.12/site-packages/airflow/example_dags/subdags/subdag.py
[2026-06-09T21:17:38.236+0000] {processor.py:183} INFO - Processing /home/airflow/.local/lib/python3.12/site-packages/airflow/example_dags/subdags/subdag.py took 0.059 seconds
[2026-06-09T21:18:08.321+0000] {processor.py:161} INFO - Started process (PID=1623) to work on /home/airflow/.local/lib/python3.12/site-packages/airflow/example_dags/subdags/subdag.py
[2026-06-09T21:18:08.322+0000] {processor.py:830} INFO - Processing file /home/airflow/.local/lib/python3.12/site-packages/airflow/example_dags/subdags/subdag.py for tasks to queue
[2026-06-09T21:18:08.323+0000] {logging_mixin.py:188} INFO - [2026-06-09T21:18:08.323+0000] {dagbag.py:545} INFO - Filling up the DagBag from /home/airflow/.local/lib/python3.12/site-packages/airflow/example_dags/subdags/subdag.py
[2026-06-09T21:18:08.325+0000] {processor.py:842} WARNING - No viable dags retrieved from /home/airflow/.local/lib/python3.12/site-packages/airflow/example_dags/subdags/subdag.py
[2026-06-09T21:18:08.337+0000] {processor.py:183} INFO - Processing /home/airflow/.local/lib/python3.12/site-packages/airflow/example_dags/subdags/subdag.py took 0.021 seconds
[2026-06-09T21:18:38.982+0000] {processor.py:161} INFO - Started process (PID=1684) to work on /home/airflow/.local/lib/python3.12/site-packages/airflow/example_dags/subdags/subdag.py
[2026-06-09T21:18:38.983+0000] {processor.py:830} INFO - Processing file /home/airflow/.local/lib/python3.12/site-packages/airflow/example_dags/subdags/subdag.py for tasks to queue
[2026-06-09T21:18:38.985+0000] {logging_mixin.py:188} INFO - [2026-06-09T21:18:38.985+0000] {dagbag.py:545} INFO - Filling up the DagBag from /home/airflow/.local/lib/python3.12/site-packages/airflow/example_dags/subdags/subdag.py
[2026-06-09T21:18:38.987+0000] {processor.py:842} WARNING - No viable dags retrieved from /home/airflow/.local/lib/python3.12/site-packages/airflow/example_dags/subdags/subdag.py
[2026-06-09T21:18:39.003+0000] {processor.py:183} INFO - Processing /home/airflow/.local/lib/python3.12/site-packages/airflow/example_dags/subdags/subdag.py took 0.029 seconds
[2026-06-09T21:19:09.447+0000] {processor.py:161} INFO - Started process (PID=1744) to work on /home/airflow/.local/lib/python3.12/site-packages/airflow/example_dags/subdags/subdag.py
[2026-06-09T21:19:09.451+0000] {processor.py:830} INFO - Processing file /home/airflow/.local/lib/python3.12/site-packages/airflow/example_dags/subdags/subdag.py for tasks to queue
[2026-06-09T21:19:09.454+0000] {logging_mixin.py:188} INFO - [2026-06-09T21:19:09.453+0000] {dagbag.py:545} INFO - Filling up the DagBag from /home/airflow/.local/lib/python3.12/site-packages/airflow/example_dags/subdags/subdag.py
[2026-06-09T21:19:09.456+0000] {processor.py:842} WARNING - No viable dags retrieved from /home/airflow/.local/lib/python3.12/site-packages/airflow/example_dags/subdags/subdag.py
[2026-06-09T21:19:09.487+0000] {processor.py:183} INFO - Processing /home/airflow/.local/lib/python3.12/site-packages/airflow/example_dags/subdags/subdag.py took 0.051 seconds
[2026-06-09T21:19:39.791+0000] {processor.py:161} INFO - Started process (PID=1804) to work on /home/airflow/.local/lib/python3.12/site-packages/airflow/example_dags/subdags/subdag.py
[2026-06-09T21:19:39.792+0000] {processor.py:830} INFO - Processing file /home/airflow/.local/lib/python3.12/site-packages/airflow/example_dags/subdags/subdag.py for tasks to queue
[2026-06-09T21:19:39.794+0000] {logging_mixin.py:188} INFO - [2026-06-09T21:19:39.794+0000] {dagbag.py:545} INFO - Filling up the DagBag from /home/airflow/.local/lib/python3.12/site-packages/airflow/example_dags/subdags/subdag.py
[2026-06-09T21:19:39.797+0000] {processor.py:842} WARNING - No viable dags retrieved from /home/airflow/.local/lib/python3.12/site-packages/airflow/example_dags/subdags/subdag.py
[2026-06-09T21:19:39.812+0000] {processor.py:183} INFO - Processing /home/airflow/.local/lib/python3.12/site-packages/airflow/example_dags/subdags/subdag.py took 0.034 seconds
[2026-06-09T21:20:10.642+0000] {processor.py:161} INFO - Started process (PID=1864) to work on /home/airflow/.local/lib/python3.12/site-packages/airflow/example_dags/subdags/subdag.py
[2026-06-09T21:20:10.643+0000] {processor.py:830} INFO - Processing file /home/airflow/.local/lib/python3.12/site-packages/airflow/example_dags/subdags/subdag.py for tasks to queue
[2026-06-09T21:20:10.645+0000] {logging_mixin.py:188} INFO - [2026-06-09T21:20:10.645+0000] {dagbag.py:545} INFO - Filling up the DagBag from /home/airflow/.local/lib/python3.12/site-packages/airflow/example_dags/subdags/subdag.py
[2026-06-09T21:20:10.647+0000] {processor.py:842} WARNING - No viable dags retrieved from /home/airflow/.local/lib/python3.12/site-packages/airflow/example_dags/subdags/subdag.py
[2026-06-09T21:20:10.676+0000] {processor.py:183} INFO - Processing /home/airflow/.local/lib/python3.12/site-packages/airflow/example_dags/subdags/subdag.py took 0.041 seconds
[2026-06-09T21:20:40.777+0000] {processor.py:161} INFO - Started process (PID=1923) to work on /home/airflow/.local/lib/python3.12/site-packages/airflow/example_dags/subdags/subdag.py
[2026-06-09T21:20:40.778+0000] {processor.py:830} INFO - Processing file /home/airflow/.local/lib/python3.12/site-packages/airflow/example_dags/subdags/subdag.py for tasks to queue
[2026-06-09T21:20:40.780+0000] {logging_mixin.py:188} INFO - [2026-06-09T21:20:40.780+0000] {dagbag.py:545} INFO - Filling up the DagBag from /home/airflow/.local/lib/python3.12/site-packages/airflow/example_dags/subdags/subdag.py
[2026-06-09T21:20:40.783+0000] {processor.py:842} WARNING - No viable dags retrieved from /home/airflow/.local/lib/python3.12/site-packages/airflow/example_dags/subdags/subdag.py
[2026-06-09T21:20:40.828+0000] {processor.py:183} INFO - Processing /home/airflow/.local/lib/python3.12/site-packages/airflow/example_dags/subdags/subdag.py took 0.059 seconds
[2026-06-09T21:21:11.402+0000] {processor.py:161} INFO - Started process (PID=1983) to work on /home/airflow/.local/lib/python3.12/site-packages/airflow/example_dags/subdags/subdag.py
[2026-06-09T21:21:11.403+0000] {processor.py:830} INFO - Processing file /home/airflow/.local/lib/python3.12/site-packages/airflow/example_dags/subdags/subdag.py for tasks to queue
[2026-06-09T21:21:11.406+0000] {logging_mixin.py:188} INFO - [2026-06-09T21:21:11.405+0000] {dagbag.py:545} INFO - Filling up the DagBag from /home/airflow/.local/lib/python3.12/site-packages/airflow/example_dags/subdags/subdag.py
[2026-06-09T21:21:11.408+0000] {processor.py:842} WARNING - No viable dags retrieved from /home/airflow/.local/lib/python3.12/site-packages/airflow/example_dags/subdags/subdag.py
[2026-06-09T21:21:11.452+0000] {processor.py:183} INFO - Processing /home/airflow/.local/lib/python3.12/site-packages/airflow/example_dags/subdags/subdag.py took 0.061 seconds
[2026-06-09T21:21:41.748+0000] {processor.py:161} INFO - Started process (PID=2042) to work on /home/airflow/.local/lib/python3.12/site-packages/airflow/example_dags/subdags/subdag.py
[2026-06-09T21:21:41.749+0000] {processor.py:830} INFO - Processing file /home/airflow/.local/lib/python3.12/site-packages/airflow/example_dags/subdags/subdag.py for tasks to queue
[2026-06-09T21:21:41.751+0000] {logging_mixin.py:188} INFO - [2026-06-09T21:21:41.751+0000] {dagbag.py:545} INFO - Filling up the DagBag from /home/airflow/.local/lib/python3.12/site-packages/airflow/example_dags/subdags/subdag.py
[2026-06-09T21:21:41.753+0000] {processor.py:842} WARNING - No viable dags retrieved from /home/airflow/.local/lib/python3.12/site-packages/airflow/example_dags/subdags/subdag.py
[2026-06-09T21:21:41.779+0000] {processor.py:183} INFO - Processing /home/airflow/.local/lib/python3.12/site-packages/airflow/example_dags/subdags/subdag.py took 0.039 seconds
[2026-06-09T21:22:11.936+0000] {processor.py:161} INFO - Started process (PID=2101) to work on /home/airflow/.local/lib/python3.12/site-packages/airflow/example_dags/subdags/subdag.py
[2026-06-09T21:22:11.937+0000] {processor.py:830} INFO - Processing file /home/airflow/.local/lib/python3.12/site-packages/airflow/example_dags/subdags/subdag.py for tasks to queue
[2026-06-09T21:22:11.939+0000] {logging_mixin.py:188} INFO - [2026-06-09T21:22:11.939+0000] {dagbag.py:545} INFO - Filling up the DagBag from /home/airflow/.local/lib/python3.12/site-packages/airflow/example_dags/subdags/subdag.py
[2026-06-09T21:22:11.941+0000] {processor.py:842} WARNING - No viable dags retrieved from /home/airflow/.local/lib/python3.12/site-packages/airflow/example_dags/subdags/subdag.py
[2026-06-09T21:22:11.963+0000] {processor.py:183} INFO - Processing /home/airflow/.local/lib/python3.12/site-packages/airflow/example_dags/subdags/subdag.py took 0.035 seconds
[2026-06-09T21:22:43.822+0000] {processor.py:161} INFO - Started process (PID=2163) to work on /home/airflow/.local/lib/python3.12/site-packages/airflow/example_dags/subdags/subdag.py
[2026-06-09T21:22:43.824+0000] {processor.py:830} INFO - Processing file /home/airflow/.local/lib/python3.12/site-packages/airflow/example_dags/subdags/subdag.py for tasks to queue
[2026-06-09T21:22:43.827+0000] {logging_mixin.py:188} INFO - [2026-06-09T21:22:43.826+0000] {dagbag.py:545} INFO - Filling up the DagBag from /home/airflow/.local/lib/python3.12/site-packages/airflow/example_dags/subdags/subdag.py
[2026-06-09T21:22:43.829+0000] {processor.py:842} WARNING - No viable dags retrieved from /home/airflow/.local/lib/python3.12/site-packages/airflow/example_dags/subdags/subdag.py
[2026-06-09T21:22:43.860+0000] {processor.py:183} INFO - Processing /home/airflow/.local/lib/python3.12/site-packages/airflow/example_dags/subdags/subdag.py took 0.053 seconds
[2026-06-09T21:23:14.103+0000] {processor.py:161} INFO - Started process (PID=2223) to work on /home/airflow/.local/lib/python3.12/site-packages/airflow/example_dags/subdags/subdag.py
[2026-06-09T21:23:14.105+0000] {processor.py:830} INFO - Processing file /home/airflow/.local/lib/python3.12/site-packages/airflow/example_dags/subdags/subdag.py for tasks to queue
[2026-06-09T21:23:14.109+0000] {logging_mixin.py:188} INFO - [2026-06-09T21:23:14.107+0000] {dagbag.py:545} INFO - Filling up the DagBag from /home/airflow/.local/lib/python3.12/site-packages/airflow/example_dags/subdags/subdag.py
[2026-06-09T21:23:14.111+0000] {processor.py:842} WARNING - No viable dags retrieved from /home/airflow/.local/lib/python3.12/site-packages/airflow/example_dags/subdags/subdag.py
[2026-06-09T21:23:14.128+0000] {processor.py:183} INFO - Processing /home/airflow/.local/lib/python3.12/site-packages/airflow/example_dags/subdags/subdag.py took 0.043 seconds
[2026-06-09T21:23:44.549+0000] {processor.py:161} INFO - Started process (PID=2282) to work on /home/airflow/.local/lib/python3.12/site-packages/airflow/example_dags/subdags/subdag.py
[2026-06-09T21:23:44.550+0000] {processor.py:830} INFO - Processing file /home/airflow/.local/lib/python3.12/site-packages/airflow/example_dags/subdags/subdag.py for tasks to queue
[2026-06-09T21:23:44.553+0000] {logging_mixin.py:188} INFO - [2026-06-09T21:23:44.552+0000] {dagbag.py:545} INFO - Filling up the DagBag from /home/airflow/.local/lib/python3.12/site-packages/airflow/example_dags/subdags/subdag.py
[2026-06-09T21:23:44.555+0000] {processor.py:842} WARNING - No viable dags retrieved from /home/airflow/.local/lib/python3.12/site-packages/airflow/example_dags/subdags/subdag.py
[2026-06-09T21:23:44.573+0000] {processor.py:183} INFO - Processing /home/airflow/.local/lib/python3.12/site-packages/airflow/example_dags/subdags/subdag.py took 0.031 seconds
[2026-06-09T21:24:15.340+0000] {processor.py:161} INFO - Started process (PID=2342) to work on /home/airflow/.local/lib/python3.12/site-packages/airflow/example_dags/subdags/subdag.py
[2026-06-09T21:24:15.341+0000] {processor.py:830} INFO - Processing file /home/airflow/.local/lib/python3.12/site-packages/airflow/example_dags/subdags/subdag.py for tasks to queue
[2026-06-09T21:24:15.344+0000] {logging_mixin.py:188} INFO - [2026-06-09T21:24:15.343+0000] {dagbag.py:545} INFO - Filling up the DagBag from /home/airflow/.local/lib/python3.12/site-packages/airflow/example_dags/subdags/subdag.py
[2026-06-09T21:24:15.346+0000] {processor.py:842} WARNING - No viable dags retrieved from /home/airflow/.local/lib/python3.12/site-packages/airflow/example_dags/subdags/subdag.py
[2026-06-09T21:24:15.366+0000] {processor.py:183} INFO - Processing /home/airflow/.local/lib/python3.12/site-packages/airflow/example_dags/subdags/subdag.py took 0.034 seconds
[2026-06-09T21:24:45.989+0000] {processor.py:161} INFO - Started process (PID=2401) to work on /home/airflow/.local/lib/python3.12/site-packages/airflow/example_dags/subdags/subdag.py
[2026-06-09T21:24:45.990+0000] {processor.py:830} INFO - Processing file /home/airflow/.local/lib/python3.12/site-packages/airflow/example_dags/subdags/subdag.py for tasks to queue
[2026-06-09T21:24:45.993+0000] {logging_mixin.py:188} INFO - [2026-06-09T21:24:45.993+0000] {dagbag.py:545} INFO - Filling up the DagBag from /home/airflow/.local/lib/python3.12/site-packages/airflow/example_dags/subdags/subdag.py
[2026-06-09T21:24:45.995+0000] {processor.py:842} WARNING - No viable dags retrieved from /home/airflow/.local/lib/python3.12/site-packages/airflow/example_dags/subdags/subdag.py
[2026-06-09T21:24:46.017+0000] {processor.py:183} INFO - Processing /home/airflow/.local/lib/python3.12/site-packages/airflow/example_dags/subdags/subdag.py took 0.037 seconds
[2026-06-09T21:25:16.500+0000] {processor.py:161} INFO - Started process (PID=2461) to work on /home/airflow/.local/lib/python3.12/site-packages/airflow/example_dags/subdags/subdag.py
[2026-06-09T21:25:16.501+0000] {processor.py:830} INFO - Processing file /home/airflow/.local/lib/python3.12/site-packages/airflow/example_dags/subdags/subdag.py for tasks to queue
[2026-06-09T21:25:16.503+0000] {logging_mixin.py:188} INFO - [2026-06-09T21:25:16.502+0000] {dagbag.py:545} INFO - Filling up the DagBag from /home/airflow/.local/lib/python3.12/site-packages/airflow/example_dags/subdags/subdag.py
[2026-06-09T21:25:16.505+0000] {processor.py:842} WARNING - No viable dags retrieved from /home/airflow/.local/lib/python3.12/site-packages/airflow/example_dags/subdags/subdag.py
[2026-06-09T21:25:16.546+0000] {processor.py:183} INFO - Processing /home/airflow/.local/lib/python3.12/site-packages/airflow/example_dags/subdags/subdag.py took 0.054 seconds
[2026-06-09T21:25:47.095+0000] {processor.py:161} INFO - Started process (PID=2521) to work on /home/airflow/.local/lib/python3.12/site-packages/airflow/example_dags/subdags/subdag.py
[2026-06-09T21:25:47.095+0000] {processor.py:830} INFO - Processing file /home/airflow/.local/lib/python3.12/site-packages/airflow/example_dags/subdags/subdag.py for tasks to queue
[2026-06-09T21:25:47.100+0000] {logging_mixin.py:188} INFO - [2026-06-09T21:25:47.099+0000] {dagbag.py:545} INFO - Filling up the DagBag from /home/airflow/.local/lib/python3.12/site-packages/airflow/example_dags/subdags/subdag.py
[2026-06-09T21:25:47.102+0000] {processor.py:842} WARNING - No viable dags retrieved from /home/airflow/.local/lib/python3.12/site-packages/airflow/example_dags/subdags/subdag.py
[2026-06-09T21:25:47.120+0000] {processor.py:183} INFO - Processing /home/airflow/.local/lib/python3.12/site-packages/airflow/example_dags/subdags/subdag.py took 0.033 seconds
[2026-06-09T21:26:18.690+0000] {processor.py:161} INFO - Started process (PID=2581) to work on /home/airflow/.local/lib/python3.12/site-packages/airflow/example_dags/subdags/subdag.py
[2026-06-09T21:26:18.691+0000] {processor.py:830} INFO - Processing file /home/airflow/.local/lib/python3.12/site-packages/airflow/example_dags/subdags/subdag.py for tasks to queue
[2026-06-09T21:26:18.693+0000] {logging_mixin.py:188} INFO - [2026-06-09T21:26:18.692+0000] {dagbag.py:545} INFO - Filling up the DagBag from /home/airflow/.local/lib/python3.12/site-packages/airflow/example_dags/subdags/subdag.py
[2026-06-09T21:26:18.695+0000] {processor.py:842} WARNING - No viable dags retrieved from /home/airflow/.local/lib/python3.12/site-packages/airflow/example_dags/subdags/subdag.py
[2026-06-09T21:26:18.712+0000] {processor.py:183} INFO - Processing /home/airflow/.local/lib/python3.12/site-packages/airflow/example_dags/subdags/subdag.py took 0.035 seconds
[2026-06-09T21:26:50.127+0000] {processor.py:161} INFO - Started process (PID=2640) to work on /home/airflow/.local/lib/python3.12/site-packages/airflow/example_dags/subdags/subdag.py
[2026-06-09T21:26:50.130+0000] {processor.py:830} INFO - Processing file /home/airflow/.local/lib/python3.12/site-packages/airflow/example_dags/subdags/subdag.py for tasks to queue
[2026-06-09T21:26:50.134+0000] {logging_mixin.py:188} INFO - [2026-06-09T21:26:50.134+0000] {dagbag.py:545} INFO - Filling up the DagBag from /home/airflow/.local/lib/python3.12/site-packages/airflow/example_dags/subdags/subdag.py
[2026-06-09T21:26:50.140+0000] {processor.py:842} WARNING - No viable dags retrieved from /home/airflow/.local/lib/python3.12/site-packages/airflow/example_dags/subdags/subdag.py
[2026-06-09T21:26:50.170+0000] {processor.py:183} INFO - Processing /home/airflow/.local/lib/python3.12/site-packages/airflow/example_dags/subdags/subdag.py took 0.066 seconds
[2026-06-09T21:27:20.414+0000] {processor.py:161} INFO - Started process (PID=2700) to work on /home/airflow/.local/lib/python3.12/site-packages/airflow/example_dags/subdags/subdag.py
[2026-06-09T21:27:20.414+0000] {processor.py:830} INFO - Processing file /home/airflow/.local/lib/python3.12/site-packages/airflow/example_dags/subdags/subdag.py for tasks to queue
[2026-06-09T21:27:20.416+0000] {logging_mixin.py:188} INFO - [2026-06-09T21:27:20.416+0000] {dagbag.py:545} INFO - Filling up the DagBag from /home/airflow/.local/lib/python3.12/site-packages/airflow/example_dags/subdags/subdag.py
[2026-06-09T21:27:20.418+0000] {processor.py:842} WARNING - No viable dags retrieved from /home/airflow/.local/lib/python3.12/site-packages/airflow/example_dags/subdags/subdag.py
[2026-06-09T21:27:20.433+0000] {processor.py:183} INFO - Processing /home/airflow/.local/lib/python3.12/site-packages/airflow/example_dags/subdags/subdag.py took 0.027 seconds
[2026-06-09T21:27:51.755+0000] {processor.py:161} INFO - Started process (PID=2761) to work on /home/airflow/.local/lib/python3.12/site-packages/airflow/example_dags/subdags/subdag.py
[2026-06-09T21:27:51.756+0000] {processor.py:830} INFO - Processing file /home/airflow/.local/lib/python3.12/site-packages/airflow/example_dags/subdags/subdag.py for tasks to queue
[2026-06-09T21:27:51.764+0000] {logging_mixin.py:188} INFO - [2026-06-09T21:27:51.760+0000] {dagbag.py:545} INFO - Filling up the DagBag from /home/airflow/.local/lib/python3.12/site-packages/airflow/example_dags/subdags/subdag.py
[2026-06-09T21:27:51.773+0000] {processor.py:842} WARNING - No viable dags retrieved from /home/airflow/.local/lib/python3.12/site-packages/airflow/example_dags/subdags/subdag.py
[2026-06-09T21:27:51.815+0000] {processor.py:183} INFO - Processing /home/airflow/.local/lib/python3.12/site-packages/airflow/example_dags/subdags/subdag.py took 0.075 seconds
[2026-06-09T21:28:22.502+0000] {processor.py:161} INFO - Started process (PID=2822) to work on /home/airflow/.local/lib/python3.12/site-packages/airflow/example_dags/subdags/subdag.py
[2026-06-09T21:28:22.505+0000] {processor.py:830} INFO - Processing file /home/airflow/.local/lib/python3.12/site-packages/airflow/example_dags/subdags/subdag.py for tasks to queue
[2026-06-09T21:28:22.511+0000] {logging_mixin.py:188} INFO - [2026-06-09T21:28:22.511+0000] {dagbag.py:545} INFO - Filling up the DagBag from /home/airflow/.local/lib/python3.12/site-packages/airflow/example_dags/subdags/subdag.py
[2026-06-09T21:28:22.521+0000] {processor.py:842} WARNING - No viable dags retrieved from /home/airflow/.local/lib/python3.12/site-packages/airflow/example_dags/subdags/subdag.py
[2026-06-09T21:28:22.557+0000] {processor.py:183} INFO - Processing /home/airflow/.local/lib/python3.12/site-packages/airflow/example_dags/subdags/subdag.py took 0.083 seconds
