[2026-06-09T20:27:34.432+0000] {processor.py:161} INFO - Started process (PID=86) to work on /home/airflow/.local/lib/python3.12/site-packages/airflow/example_dags/example_display_name.py
[2026-06-09T20:27:34.437+0000] {processor.py:830} INFO - Processing file /home/airflow/.local/lib/python3.12/site-packages/airflow/example_dags/example_display_name.py for tasks to queue
[2026-06-09T20:27:34.443+0000] {logging_mixin.py:188} INFO - [2026-06-09T20:27:34.443+0000] {dagbag.py:545} INFO - Filling up the DagBag from /home/airflow/.local/lib/python3.12/site-packages/airflow/example_dags/example_display_name.py
[2026-06-09T20:27:34.471+0000] {processor.py:840} INFO - DAG(s) 'example_display_name' retrieved from /home/airflow/.local/lib/python3.12/site-packages/airflow/example_dags/example_display_name.py
[2026-06-09T20:27:35.018+0000] {logging_mixin.py:188} INFO - [2026-06-09T20:27:35.018+0000] {override.py:1829} INFO - Created Permission View: can edit on DAG:example_display_name
[2026-06-09T20:27:35.043+0000] {logging_mixin.py:188} INFO - [2026-06-09T20:27:35.043+0000] {override.py:1829} INFO - Created Permission View: can read on DAG:example_display_name
[2026-06-09T20:27:35.070+0000] {logging_mixin.py:188} INFO - [2026-06-09T20:27:35.067+0000] {override.py:1829} INFO - Created Permission View: can delete on DAG:example_display_name
[2026-06-09T20:27:35.071+0000] {logging_mixin.py:188} INFO - [2026-06-09T20:27:35.071+0000] {dag.py:3096} INFO - Sync 1 DAGs
[2026-06-09T20:27:35.137+0000] {logging_mixin.py:188} INFO - [2026-06-09T20:27:35.137+0000] {dag.py:3118} INFO - Creating ORM DAG for example_display_name
[2026-06-09T20:27:35.144+0000] {logging_mixin.py:188} INFO - [2026-06-09T20:27:35.144+0000] {dag.py:3954} INFO - Setting next_dagrun for example_display_name to None, run_after=None
[2026-06-09T20:27:35.270+0000] {processor.py:183} INFO - Processing /home/airflow/.local/lib/python3.12/site-packages/airflow/example_dags/example_display_name.py took 0.864 seconds
[2026-06-09T20:28:07.719+0000] {processor.py:161} INFO - Started process (PID=146) to work on /home/airflow/.local/lib/python3.12/site-packages/airflow/example_dags/example_display_name.py
[2026-06-09T20:28:07.724+0000] {processor.py:830} INFO - Processing file /home/airflow/.local/lib/python3.12/site-packages/airflow/example_dags/example_display_name.py for tasks to queue
[2026-06-09T20:28:07.728+0000] {logging_mixin.py:188} INFO - [2026-06-09T20:28:07.727+0000] {dagbag.py:545} INFO - Filling up the DagBag from /home/airflow/.local/lib/python3.12/site-packages/airflow/example_dags/example_display_name.py
[2026-06-09T20:28:07.742+0000] {processor.py:840} INFO - DAG(s) 'example_display_name' retrieved from /home/airflow/.local/lib/python3.12/site-packages/airflow/example_dags/example_display_name.py
[2026-06-09T20:28:07.775+0000] {logging_mixin.py:188} INFO - [2026-06-09T20:28:07.774+0000] {dag.py:3096} INFO - Sync 1 DAGs
[2026-06-09T20:28:07.793+0000] {logging_mixin.py:188} INFO - [2026-06-09T20:28:07.793+0000] {dag.py:3954} INFO - Setting next_dagrun for example_display_name to None, run_after=None
[2026-06-09T20:28:07.825+0000] {processor.py:183} INFO - Processing /home/airflow/.local/lib/python3.12/site-packages/airflow/example_dags/example_display_name.py took 0.125 seconds
[2026-06-09T20:28:38.666+0000] {processor.py:161} INFO - Started process (PID=206) to work on /home/airflow/.local/lib/python3.12/site-packages/airflow/example_dags/example_display_name.py
[2026-06-09T20:28:38.667+0000] {processor.py:830} INFO - Processing file /home/airflow/.local/lib/python3.12/site-packages/airflow/example_dags/example_display_name.py for tasks to queue
[2026-06-09T20:28:38.669+0000] {logging_mixin.py:188} INFO - [2026-06-09T20:28:38.669+0000] {dagbag.py:545} INFO - Filling up the DagBag from /home/airflow/.local/lib/python3.12/site-packages/airflow/example_dags/example_display_name.py
[2026-06-09T20:28:38.676+0000] {processor.py:840} INFO - DAG(s) 'example_display_name' retrieved from /home/airflow/.local/lib/python3.12/site-packages/airflow/example_dags/example_display_name.py
[2026-06-09T20:28:38.710+0000] {logging_mixin.py:188} INFO - [2026-06-09T20:28:38.709+0000] {dag.py:3096} INFO - Sync 1 DAGs
[2026-06-09T20:28:38.731+0000] {logging_mixin.py:188} INFO - [2026-06-09T20:28:38.730+0000] {dag.py:3954} INFO - Setting next_dagrun for example_display_name to None, run_after=None
[2026-06-09T20:28:38.752+0000] {processor.py:183} INFO - Processing /home/airflow/.local/lib/python3.12/site-packages/airflow/example_dags/example_display_name.py took 0.093 seconds
[2026-06-09T20:29:10.033+0000] {processor.py:161} INFO - Started process (PID=272) to work on /home/airflow/.local/lib/python3.12/site-packages/airflow/example_dags/example_display_name.py
[2026-06-09T20:29:10.034+0000] {processor.py:830} INFO - Processing file /home/airflow/.local/lib/python3.12/site-packages/airflow/example_dags/example_display_name.py for tasks to queue
[2026-06-09T20:29:10.040+0000] {logging_mixin.py:188} INFO - [2026-06-09T20:29:10.039+0000] {dagbag.py:545} INFO - Filling up the DagBag from /home/airflow/.local/lib/python3.12/site-packages/airflow/example_dags/example_display_name.py
[2026-06-09T20:29:10.053+0000] {processor.py:840} INFO - DAG(s) 'example_display_name' retrieved from /home/airflow/.local/lib/python3.12/site-packages/airflow/example_dags/example_display_name.py
[2026-06-09T20:29:10.083+0000] {logging_mixin.py:188} INFO - [2026-06-09T20:29:10.083+0000] {dag.py:3096} INFO - Sync 1 DAGs
[2026-06-09T20:29:10.100+0000] {logging_mixin.py:188} INFO - [2026-06-09T20:29:10.100+0000] {dag.py:3954} INFO - Setting next_dagrun for example_display_name to None, run_after=None
[2026-06-09T20:29:10.157+0000] {processor.py:183} INFO - Processing /home/airflow/.local/lib/python3.12/site-packages/airflow/example_dags/example_display_name.py took 0.142 seconds
[2026-06-09T20:29:40.906+0000] {processor.py:161} INFO - Started process (PID=330) to work on /home/airflow/.local/lib/python3.12/site-packages/airflow/example_dags/example_display_name.py
[2026-06-09T20:29:40.910+0000] {processor.py:830} INFO - Processing file /home/airflow/.local/lib/python3.12/site-packages/airflow/example_dags/example_display_name.py for tasks to queue
[2026-06-09T20:29:40.916+0000] {logging_mixin.py:188} INFO - [2026-06-09T20:29:40.915+0000] {dagbag.py:545} INFO - Filling up the DagBag from /home/airflow/.local/lib/python3.12/site-packages/airflow/example_dags/example_display_name.py
[2026-06-09T20:29:40.948+0000] {processor.py:840} INFO - DAG(s) 'example_display_name' retrieved from /home/airflow/.local/lib/python3.12/site-packages/airflow/example_dags/example_display_name.py
[2026-06-09T20:29:40.995+0000] {logging_mixin.py:188} INFO - [2026-06-09T20:29:40.995+0000] {dag.py:3096} INFO - Sync 1 DAGs
[2026-06-09T20:29:41.013+0000] {logging_mixin.py:188} INFO - [2026-06-09T20:29:41.013+0000] {dag.py:3954} INFO - Setting next_dagrun for example_display_name to None, run_after=None
[2026-06-09T20:29:41.040+0000] {processor.py:183} INFO - Processing /home/airflow/.local/lib/python3.12/site-packages/airflow/example_dags/example_display_name.py took 0.174 seconds
[2026-06-09T20:30:11.803+0000] {processor.py:161} INFO - Started process (PID=390) to work on /home/airflow/.local/lib/python3.12/site-packages/airflow/example_dags/example_display_name.py
[2026-06-09T20:30:11.804+0000] {processor.py:830} INFO - Processing file /home/airflow/.local/lib/python3.12/site-packages/airflow/example_dags/example_display_name.py for tasks to queue
[2026-06-09T20:30:11.806+0000] {logging_mixin.py:188} INFO - [2026-06-09T20:30:11.806+0000] {dagbag.py:545} INFO - Filling up the DagBag from /home/airflow/.local/lib/python3.12/site-packages/airflow/example_dags/example_display_name.py
[2026-06-09T20:30:11.812+0000] {processor.py:840} INFO - DAG(s) 'example_display_name' retrieved from /home/airflow/.local/lib/python3.12/site-packages/airflow/example_dags/example_display_name.py
[2026-06-09T20:30:11.838+0000] {logging_mixin.py:188} INFO - [2026-06-09T20:30:11.837+0000] {dag.py:3096} INFO - Sync 1 DAGs
[2026-06-09T20:30:11.890+0000] {logging_mixin.py:188} INFO - [2026-06-09T20:30:11.889+0000] {dag.py:3954} INFO - Setting next_dagrun for example_display_name to None, run_after=None
[2026-06-09T20:30:11.929+0000] {processor.py:183} INFO - Processing /home/airflow/.local/lib/python3.12/site-packages/airflow/example_dags/example_display_name.py took 0.133 seconds
[2026-06-09T20:30:42.761+0000] {processor.py:161} INFO - Started process (PID=451) to work on /home/airflow/.local/lib/python3.12/site-packages/airflow/example_dags/example_display_name.py
[2026-06-09T20:30:42.762+0000] {processor.py:830} INFO - Processing file /home/airflow/.local/lib/python3.12/site-packages/airflow/example_dags/example_display_name.py for tasks to queue
[2026-06-09T20:30:42.764+0000] {logging_mixin.py:188} INFO - [2026-06-09T20:30:42.763+0000] {dagbag.py:545} INFO - Filling up the DagBag from /home/airflow/.local/lib/python3.12/site-packages/airflow/example_dags/example_display_name.py
[2026-06-09T20:30:42.770+0000] {processor.py:840} INFO - DAG(s) 'example_display_name' retrieved from /home/airflow/.local/lib/python3.12/site-packages/airflow/example_dags/example_display_name.py
[2026-06-09T20:30:42.795+0000] {logging_mixin.py:188} INFO - [2026-06-09T20:30:42.794+0000] {dag.py:3096} INFO - Sync 1 DAGs
[2026-06-09T20:30:42.813+0000] {logging_mixin.py:188} INFO - [2026-06-09T20:30:42.812+0000] {dag.py:3954} INFO - Setting next_dagrun for example_display_name to None, run_after=None
[2026-06-09T20:30:42.835+0000] {processor.py:183} INFO - Processing /home/airflow/.local/lib/python3.12/site-packages/airflow/example_dags/example_display_name.py took 0.081 seconds
[2026-06-09T20:31:13.434+0000] {processor.py:161} INFO - Started process (PID=511) to work on /home/airflow/.local/lib/python3.12/site-packages/airflow/example_dags/example_display_name.py
[2026-06-09T20:31:13.437+0000] {processor.py:830} INFO - Processing file /home/airflow/.local/lib/python3.12/site-packages/airflow/example_dags/example_display_name.py for tasks to queue
[2026-06-09T20:31:13.444+0000] {logging_mixin.py:188} INFO - [2026-06-09T20:31:13.443+0000] {dagbag.py:545} INFO - Filling up the DagBag from /home/airflow/.local/lib/python3.12/site-packages/airflow/example_dags/example_display_name.py
[2026-06-09T20:31:13.482+0000] {processor.py:840} INFO - DAG(s) 'example_display_name' retrieved from /home/airflow/.local/lib/python3.12/site-packages/airflow/example_dags/example_display_name.py
[2026-06-09T20:31:13.545+0000] {logging_mixin.py:188} INFO - [2026-06-09T20:31:13.544+0000] {dag.py:3096} INFO - Sync 1 DAGs
[2026-06-09T20:31:13.622+0000] {logging_mixin.py:188} INFO - [2026-06-09T20:31:13.621+0000] {dag.py:3954} INFO - Setting next_dagrun for example_display_name to None, run_after=None
[2026-06-09T20:31:13.693+0000] {processor.py:183} INFO - Processing /home/airflow/.local/lib/python3.12/site-packages/airflow/example_dags/example_display_name.py took 0.272 seconds
[2026-06-09T20:31:44.487+0000] {processor.py:161} INFO - Started process (PID=571) to work on /home/airflow/.local/lib/python3.12/site-packages/airflow/example_dags/example_display_name.py
[2026-06-09T20:31:44.488+0000] {processor.py:830} INFO - Processing file /home/airflow/.local/lib/python3.12/site-packages/airflow/example_dags/example_display_name.py for tasks to queue
[2026-06-09T20:31:44.493+0000] {logging_mixin.py:188} INFO - [2026-06-09T20:31:44.493+0000] {dagbag.py:545} INFO - Filling up the DagBag from /home/airflow/.local/lib/python3.12/site-packages/airflow/example_dags/example_display_name.py
[2026-06-09T20:31:44.526+0000] {processor.py:840} INFO - DAG(s) 'example_display_name' retrieved from /home/airflow/.local/lib/python3.12/site-packages/airflow/example_dags/example_display_name.py
[2026-06-09T20:31:44.583+0000] {logging_mixin.py:188} INFO - [2026-06-09T20:31:44.582+0000] {dag.py:3096} INFO - Sync 1 DAGs
[2026-06-09T20:31:44.600+0000] {logging_mixin.py:188} INFO - [2026-06-09T20:31:44.600+0000] {dag.py:3954} INFO - Setting next_dagrun for example_display_name to None, run_after=None
[2026-06-09T20:31:44.623+0000] {processor.py:183} INFO - Processing /home/airflow/.local/lib/python3.12/site-packages/airflow/example_dags/example_display_name.py took 0.187 seconds
[2026-06-09T20:32:14.707+0000] {processor.py:161} INFO - Started process (PID=630) to work on /home/airflow/.local/lib/python3.12/site-packages/airflow/example_dags/example_display_name.py
[2026-06-09T20:32:14.708+0000] {processor.py:830} INFO - Processing file /home/airflow/.local/lib/python3.12/site-packages/airflow/example_dags/example_display_name.py for tasks to queue
[2026-06-09T20:32:14.710+0000] {logging_mixin.py:188} INFO - [2026-06-09T20:32:14.709+0000] {dagbag.py:545} INFO - Filling up the DagBag from /home/airflow/.local/lib/python3.12/site-packages/airflow/example_dags/example_display_name.py
[2026-06-09T20:32:14.714+0000] {processor.py:840} INFO - DAG(s) 'example_display_name' retrieved from /home/airflow/.local/lib/python3.12/site-packages/airflow/example_dags/example_display_name.py
[2026-06-09T20:32:14.734+0000] {logging_mixin.py:188} INFO - [2026-06-09T20:32:14.734+0000] {dag.py:3096} INFO - Sync 1 DAGs
[2026-06-09T20:32:14.746+0000] {logging_mixin.py:188} INFO - [2026-06-09T20:32:14.746+0000] {dag.py:3954} INFO - Setting next_dagrun for example_display_name to None, run_after=None
[2026-06-09T20:32:14.762+0000] {processor.py:183} INFO - Processing /home/airflow/.local/lib/python3.12/site-packages/airflow/example_dags/example_display_name.py took 0.060 seconds
[2026-06-09T20:32:45.169+0000] {processor.py:161} INFO - Started process (PID=690) to work on /home/airflow/.local/lib/python3.12/site-packages/airflow/example_dags/example_display_name.py
[2026-06-09T20:32:45.175+0000] {processor.py:830} INFO - Processing file /home/airflow/.local/lib/python3.12/site-packages/airflow/example_dags/example_display_name.py for tasks to queue
[2026-06-09T20:32:45.193+0000] {logging_mixin.py:188} INFO - [2026-06-09T20:32:45.193+0000] {dagbag.py:545} INFO - Filling up the DagBag from /home/airflow/.local/lib/python3.12/site-packages/airflow/example_dags/example_display_name.py
[2026-06-09T20:32:45.242+0000] {processor.py:840} INFO - DAG(s) 'example_display_name' retrieved from /home/airflow/.local/lib/python3.12/site-packages/airflow/example_dags/example_display_name.py
[2026-06-09T20:32:45.274+0000] {logging_mixin.py:188} INFO - [2026-06-09T20:32:45.274+0000] {dag.py:3096} INFO - Sync 1 DAGs
[2026-06-09T20:32:45.292+0000] {logging_mixin.py:188} INFO - [2026-06-09T20:32:45.292+0000] {dag.py:3954} INFO - Setting next_dagrun for example_display_name to None, run_after=None
[2026-06-09T20:32:45.312+0000] {processor.py:183} INFO - Processing /home/airflow/.local/lib/python3.12/site-packages/airflow/example_dags/example_display_name.py took 0.172 seconds
[2026-06-09T20:33:15.868+0000] {processor.py:161} INFO - Started process (PID=750) to work on /home/airflow/.local/lib/python3.12/site-packages/airflow/example_dags/example_display_name.py
[2026-06-09T20:33:15.869+0000] {processor.py:830} INFO - Processing file /home/airflow/.local/lib/python3.12/site-packages/airflow/example_dags/example_display_name.py for tasks to queue
[2026-06-09T20:33:15.871+0000] {logging_mixin.py:188} INFO - [2026-06-09T20:33:15.871+0000] {dagbag.py:545} INFO - Filling up the DagBag from /home/airflow/.local/lib/python3.12/site-packages/airflow/example_dags/example_display_name.py
[2026-06-09T20:33:15.878+0000] {processor.py:840} INFO - DAG(s) 'example_display_name' retrieved from /home/airflow/.local/lib/python3.12/site-packages/airflow/example_dags/example_display_name.py
[2026-06-09T20:33:15.919+0000] {logging_mixin.py:188} INFO - [2026-06-09T20:33:15.919+0000] {dag.py:3096} INFO - Sync 1 DAGs
[2026-06-09T20:33:15.936+0000] {logging_mixin.py:188} INFO - [2026-06-09T20:33:15.936+0000] {dag.py:3954} INFO - Setting next_dagrun for example_display_name to None, run_after=None
[2026-06-09T20:33:15.957+0000] {processor.py:183} INFO - Processing /home/airflow/.local/lib/python3.12/site-packages/airflow/example_dags/example_display_name.py took 0.096 seconds
[2026-06-09T20:33:46.651+0000] {processor.py:161} INFO - Started process (PID=810) to work on /home/airflow/.local/lib/python3.12/site-packages/airflow/example_dags/example_display_name.py
[2026-06-09T20:33:46.654+0000] {processor.py:830} INFO - Processing file /home/airflow/.local/lib/python3.12/site-packages/airflow/example_dags/example_display_name.py for tasks to queue
[2026-06-09T20:33:46.658+0000] {logging_mixin.py:188} INFO - [2026-06-09T20:33:46.657+0000] {dagbag.py:545} INFO - Filling up the DagBag from /home/airflow/.local/lib/python3.12/site-packages/airflow/example_dags/example_display_name.py
[2026-06-09T20:33:46.670+0000] {processor.py:840} INFO - DAG(s) 'example_display_name' retrieved from /home/airflow/.local/lib/python3.12/site-packages/airflow/example_dags/example_display_name.py
[2026-06-09T20:33:46.745+0000] {logging_mixin.py:188} INFO - [2026-06-09T20:33:46.745+0000] {dag.py:3096} INFO - Sync 1 DAGs
[2026-06-09T20:33:46.780+0000] {logging_mixin.py:188} INFO - [2026-06-09T20:33:46.779+0000] {dag.py:3954} INFO - Setting next_dagrun for example_display_name to None, run_after=None
[2026-06-09T20:33:46.812+0000] {processor.py:183} INFO - Processing /home/airflow/.local/lib/python3.12/site-packages/airflow/example_dags/example_display_name.py took 0.177 seconds
[2026-06-09T20:34:17.478+0000] {processor.py:161} INFO - Started process (PID=870) to work on /home/airflow/.local/lib/python3.12/site-packages/airflow/example_dags/example_display_name.py
[2026-06-09T20:34:17.484+0000] {processor.py:830} INFO - Processing file /home/airflow/.local/lib/python3.12/site-packages/airflow/example_dags/example_display_name.py for tasks to queue
[2026-06-09T20:34:17.505+0000] {logging_mixin.py:188} INFO - [2026-06-09T20:34:17.504+0000] {dagbag.py:545} INFO - Filling up the DagBag from /home/airflow/.local/lib/python3.12/site-packages/airflow/example_dags/example_display_name.py
[2026-06-09T20:34:17.528+0000] {processor.py:840} INFO - DAG(s) 'example_display_name' retrieved from /home/airflow/.local/lib/python3.12/site-packages/airflow/example_dags/example_display_name.py
[2026-06-09T20:34:17.569+0000] {logging_mixin.py:188} INFO - [2026-06-09T20:34:17.569+0000] {dag.py:3096} INFO - Sync 1 DAGs
[2026-06-09T20:34:17.586+0000] {logging_mixin.py:188} INFO - [2026-06-09T20:34:17.586+0000] {dag.py:3954} INFO - Setting next_dagrun for example_display_name to None, run_after=None
[2026-06-09T20:34:17.607+0000] {processor.py:183} INFO - Processing /home/airflow/.local/lib/python3.12/site-packages/airflow/example_dags/example_display_name.py took 0.158 seconds
[2026-06-09T20:34:48.235+0000] {processor.py:161} INFO - Started process (PID=930) to work on /home/airflow/.local/lib/python3.12/site-packages/airflow/example_dags/example_display_name.py
[2026-06-09T20:34:48.238+0000] {processor.py:830} INFO - Processing file /home/airflow/.local/lib/python3.12/site-packages/airflow/example_dags/example_display_name.py for tasks to queue
[2026-06-09T20:34:48.242+0000] {logging_mixin.py:188} INFO - [2026-06-09T20:34:48.241+0000] {dagbag.py:545} INFO - Filling up the DagBag from /home/airflow/.local/lib/python3.12/site-packages/airflow/example_dags/example_display_name.py
[2026-06-09T20:34:48.253+0000] {processor.py:840} INFO - DAG(s) 'example_display_name' retrieved from /home/airflow/.local/lib/python3.12/site-packages/airflow/example_dags/example_display_name.py
[2026-06-09T20:34:48.398+0000] {logging_mixin.py:188} INFO - [2026-06-09T20:34:48.398+0000] {dag.py:3096} INFO - Sync 1 DAGs
[2026-06-09T20:34:48.464+0000] {logging_mixin.py:188} INFO - [2026-06-09T20:34:48.463+0000] {dag.py:3954} INFO - Setting next_dagrun for example_display_name to None, run_after=None
[2026-06-09T20:34:48.585+0000] {processor.py:183} INFO - Processing /home/airflow/.local/lib/python3.12/site-packages/airflow/example_dags/example_display_name.py took 0.365 seconds
[2026-06-09T20:35:19.180+0000] {processor.py:161} INFO - Started process (PID=990) to work on /home/airflow/.local/lib/python3.12/site-packages/airflow/example_dags/example_display_name.py
[2026-06-09T20:35:19.181+0000] {processor.py:830} INFO - Processing file /home/airflow/.local/lib/python3.12/site-packages/airflow/example_dags/example_display_name.py for tasks to queue
[2026-06-09T20:35:19.183+0000] {logging_mixin.py:188} INFO - [2026-06-09T20:35:19.183+0000] {dagbag.py:545} INFO - Filling up the DagBag from /home/airflow/.local/lib/python3.12/site-packages/airflow/example_dags/example_display_name.py
[2026-06-09T20:35:19.193+0000] {processor.py:840} INFO - DAG(s) 'example_display_name' retrieved from /home/airflow/.local/lib/python3.12/site-packages/airflow/example_dags/example_display_name.py
[2026-06-09T20:35:19.242+0000] {logging_mixin.py:188} INFO - [2026-06-09T20:35:19.242+0000] {dag.py:3096} INFO - Sync 1 DAGs
[2026-06-09T20:35:19.276+0000] {logging_mixin.py:188} INFO - [2026-06-09T20:35:19.274+0000] {dag.py:3954} INFO - Setting next_dagrun for example_display_name to None, run_after=None
[2026-06-09T20:35:19.318+0000] {processor.py:183} INFO - Processing /home/airflow/.local/lib/python3.12/site-packages/airflow/example_dags/example_display_name.py took 0.159 seconds
[2026-06-09T20:35:49.577+0000] {processor.py:161} INFO - Started process (PID=1050) to work on /home/airflow/.local/lib/python3.12/site-packages/airflow/example_dags/example_display_name.py
[2026-06-09T20:35:49.578+0000] {processor.py:830} INFO - Processing file /home/airflow/.local/lib/python3.12/site-packages/airflow/example_dags/example_display_name.py for tasks to queue
[2026-06-09T20:35:49.582+0000] {logging_mixin.py:188} INFO - [2026-06-09T20:35:49.581+0000] {dagbag.py:545} INFO - Filling up the DagBag from /home/airflow/.local/lib/python3.12/site-packages/airflow/example_dags/example_display_name.py
[2026-06-09T20:35:49.591+0000] {processor.py:840} INFO - DAG(s) 'example_display_name' retrieved from /home/airflow/.local/lib/python3.12/site-packages/airflow/example_dags/example_display_name.py
[2026-06-09T20:35:49.621+0000] {logging_mixin.py:188} INFO - [2026-06-09T20:35:49.620+0000] {dag.py:3096} INFO - Sync 1 DAGs
[2026-06-09T20:35:49.638+0000] {logging_mixin.py:188} INFO - [2026-06-09T20:35:49.638+0000] {dag.py:3954} INFO - Setting next_dagrun for example_display_name to None, run_after=None
[2026-06-09T20:35:49.661+0000] {processor.py:183} INFO - Processing /home/airflow/.local/lib/python3.12/site-packages/airflow/example_dags/example_display_name.py took 0.092 seconds
[2026-06-09T20:36:20.577+0000] {processor.py:161} INFO - Started process (PID=1110) to work on /home/airflow/.local/lib/python3.12/site-packages/airflow/example_dags/example_display_name.py
[2026-06-09T20:36:20.578+0000] {processor.py:830} INFO - Processing file /home/airflow/.local/lib/python3.12/site-packages/airflow/example_dags/example_display_name.py for tasks to queue
[2026-06-09T20:36:20.580+0000] {logging_mixin.py:188} INFO - [2026-06-09T20:36:20.580+0000] {dagbag.py:545} INFO - Filling up the DagBag from /home/airflow/.local/lib/python3.12/site-packages/airflow/example_dags/example_display_name.py
[2026-06-09T20:36:20.586+0000] {processor.py:840} INFO - DAG(s) 'example_display_name' retrieved from /home/airflow/.local/lib/python3.12/site-packages/airflow/example_dags/example_display_name.py
[2026-06-09T20:36:20.612+0000] {logging_mixin.py:188} INFO - [2026-06-09T20:36:20.612+0000] {dag.py:3096} INFO - Sync 1 DAGs
[2026-06-09T20:36:20.630+0000] {logging_mixin.py:188} INFO - [2026-06-09T20:36:20.629+0000] {dag.py:3954} INFO - Setting next_dagrun for example_display_name to None, run_after=None
[2026-06-09T20:36:20.653+0000] {processor.py:183} INFO - Processing /home/airflow/.local/lib/python3.12/site-packages/airflow/example_dags/example_display_name.py took 0.083 seconds
[2026-06-09T20:36:51.018+0000] {processor.py:161} INFO - Started process (PID=1170) to work on /home/airflow/.local/lib/python3.12/site-packages/airflow/example_dags/example_display_name.py
[2026-06-09T20:36:51.019+0000] {processor.py:830} INFO - Processing file /home/airflow/.local/lib/python3.12/site-packages/airflow/example_dags/example_display_name.py for tasks to queue
[2026-06-09T20:36:51.021+0000] {logging_mixin.py:188} INFO - [2026-06-09T20:36:51.021+0000] {dagbag.py:545} INFO - Filling up the DagBag from /home/airflow/.local/lib/python3.12/site-packages/airflow/example_dags/example_display_name.py
[2026-06-09T20:36:51.028+0000] {processor.py:840} INFO - DAG(s) 'example_display_name' retrieved from /home/airflow/.local/lib/python3.12/site-packages/airflow/example_dags/example_display_name.py
[2026-06-09T20:36:51.052+0000] {logging_mixin.py:188} INFO - [2026-06-09T20:36:51.051+0000] {dag.py:3096} INFO - Sync 1 DAGs
[2026-06-09T20:36:51.071+0000] {logging_mixin.py:188} INFO - [2026-06-09T20:36:51.070+0000] {dag.py:3954} INFO - Setting next_dagrun for example_display_name to None, run_after=None
[2026-06-09T20:36:51.097+0000] {processor.py:183} INFO - Processing /home/airflow/.local/lib/python3.12/site-packages/airflow/example_dags/example_display_name.py took 0.085 seconds
[2026-06-09T20:37:22.009+0000] {processor.py:161} INFO - Started process (PID=1230) to work on /home/airflow/.local/lib/python3.12/site-packages/airflow/example_dags/example_display_name.py
[2026-06-09T20:37:22.011+0000] {processor.py:830} INFO - Processing file /home/airflow/.local/lib/python3.12/site-packages/airflow/example_dags/example_display_name.py for tasks to queue
[2026-06-09T20:37:22.017+0000] {logging_mixin.py:188} INFO - [2026-06-09T20:37:22.017+0000] {dagbag.py:545} INFO - Filling up the DagBag from /home/airflow/.local/lib/python3.12/site-packages/airflow/example_dags/example_display_name.py
[2026-06-09T20:37:22.026+0000] {processor.py:840} INFO - DAG(s) 'example_display_name' retrieved from /home/airflow/.local/lib/python3.12/site-packages/airflow/example_dags/example_display_name.py
[2026-06-09T20:37:22.074+0000] {logging_mixin.py:188} INFO - [2026-06-09T20:37:22.074+0000] {dag.py:3096} INFO - Sync 1 DAGs
[2026-06-09T20:37:22.095+0000] {logging_mixin.py:188} INFO - [2026-06-09T20:37:22.095+0000] {dag.py:3954} INFO - Setting next_dagrun for example_display_name to None, run_after=None
[2026-06-09T20:37:22.118+0000] {processor.py:183} INFO - Processing /home/airflow/.local/lib/python3.12/site-packages/airflow/example_dags/example_display_name.py took 0.133 seconds
[2026-06-09T20:37:52.193+0000] {processor.py:161} INFO - Started process (PID=1289) to work on /home/airflow/.local/lib/python3.12/site-packages/airflow/example_dags/example_display_name.py
[2026-06-09T20:37:52.194+0000] {processor.py:830} INFO - Processing file /home/airflow/.local/lib/python3.12/site-packages/airflow/example_dags/example_display_name.py for tasks to queue
[2026-06-09T20:37:52.196+0000] {logging_mixin.py:188} INFO - [2026-06-09T20:37:52.196+0000] {dagbag.py:545} INFO - Filling up the DagBag from /home/airflow/.local/lib/python3.12/site-packages/airflow/example_dags/example_display_name.py
[2026-06-09T20:37:52.202+0000] {processor.py:840} INFO - DAG(s) 'example_display_name' retrieved from /home/airflow/.local/lib/python3.12/site-packages/airflow/example_dags/example_display_name.py
[2026-06-09T20:37:52.225+0000] {logging_mixin.py:188} INFO - [2026-06-09T20:37:52.225+0000] {dag.py:3096} INFO - Sync 1 DAGs
[2026-06-09T20:37:52.243+0000] {logging_mixin.py:188} INFO - [2026-06-09T20:37:52.242+0000] {dag.py:3954} INFO - Setting next_dagrun for example_display_name to None, run_after=None
[2026-06-09T20:37:52.266+0000] {processor.py:183} INFO - Processing /home/airflow/.local/lib/python3.12/site-packages/airflow/example_dags/example_display_name.py took 0.080 seconds
[2026-06-09T20:38:23.147+0000] {processor.py:161} INFO - Started process (PID=1349) to work on /home/airflow/.local/lib/python3.12/site-packages/airflow/example_dags/example_display_name.py
[2026-06-09T20:38:23.148+0000] {processor.py:830} INFO - Processing file /home/airflow/.local/lib/python3.12/site-packages/airflow/example_dags/example_display_name.py for tasks to queue
[2026-06-09T20:38:23.150+0000] {logging_mixin.py:188} INFO - [2026-06-09T20:38:23.150+0000] {dagbag.py:545} INFO - Filling up the DagBag from /home/airflow/.local/lib/python3.12/site-packages/airflow/example_dags/example_display_name.py
[2026-06-09T20:38:23.157+0000] {processor.py:840} INFO - DAG(s) 'example_display_name' retrieved from /home/airflow/.local/lib/python3.12/site-packages/airflow/example_dags/example_display_name.py
[2026-06-09T20:38:23.180+0000] {logging_mixin.py:188} INFO - [2026-06-09T20:38:23.179+0000] {dag.py:3096} INFO - Sync 1 DAGs
[2026-06-09T20:38:23.197+0000] {logging_mixin.py:188} INFO - [2026-06-09T20:38:23.197+0000] {dag.py:3954} INFO - Setting next_dagrun for example_display_name to None, run_after=None
[2026-06-09T20:38:23.218+0000] {processor.py:183} INFO - Processing /home/airflow/.local/lib/python3.12/site-packages/airflow/example_dags/example_display_name.py took 0.078 seconds
[2026-06-09T20:38:53.648+0000] {processor.py:161} INFO - Started process (PID=1408) to work on /home/airflow/.local/lib/python3.12/site-packages/airflow/example_dags/example_display_name.py
[2026-06-09T20:38:53.649+0000] {processor.py:830} INFO - Processing file /home/airflow/.local/lib/python3.12/site-packages/airflow/example_dags/example_display_name.py for tasks to queue
[2026-06-09T20:38:53.651+0000] {logging_mixin.py:188} INFO - [2026-06-09T20:38:53.651+0000] {dagbag.py:545} INFO - Filling up the DagBag from /home/airflow/.local/lib/python3.12/site-packages/airflow/example_dags/example_display_name.py
[2026-06-09T20:38:53.659+0000] {processor.py:840} INFO - DAG(s) 'example_display_name' retrieved from /home/airflow/.local/lib/python3.12/site-packages/airflow/example_dags/example_display_name.py
[2026-06-09T20:38:53.682+0000] {logging_mixin.py:188} INFO - [2026-06-09T20:38:53.682+0000] {dag.py:3096} INFO - Sync 1 DAGs
[2026-06-09T20:38:53.702+0000] {logging_mixin.py:188} INFO - [2026-06-09T20:38:53.702+0000] {dag.py:3954} INFO - Setting next_dagrun for example_display_name to None, run_after=None
[2026-06-09T20:38:53.732+0000] {processor.py:183} INFO - Processing /home/airflow/.local/lib/python3.12/site-packages/airflow/example_dags/example_display_name.py took 0.091 seconds
[2026-06-09T20:39:24.142+0000] {processor.py:161} INFO - Started process (PID=1468) to work on /home/airflow/.local/lib/python3.12/site-packages/airflow/example_dags/example_display_name.py
[2026-06-09T20:39:24.143+0000] {processor.py:830} INFO - Processing file /home/airflow/.local/lib/python3.12/site-packages/airflow/example_dags/example_display_name.py for tasks to queue
[2026-06-09T20:39:24.145+0000] {logging_mixin.py:188} INFO - [2026-06-09T20:39:24.144+0000] {dagbag.py:545} INFO - Filling up the DagBag from /home/airflow/.local/lib/python3.12/site-packages/airflow/example_dags/example_display_name.py
[2026-06-09T20:39:24.152+0000] {processor.py:840} INFO - DAG(s) 'example_display_name' retrieved from /home/airflow/.local/lib/python3.12/site-packages/airflow/example_dags/example_display_name.py
[2026-06-09T20:39:24.178+0000] {logging_mixin.py:188} INFO - [2026-06-09T20:39:24.178+0000] {dag.py:3096} INFO - Sync 1 DAGs
[2026-06-09T20:39:24.197+0000] {logging_mixin.py:188} INFO - [2026-06-09T20:39:24.197+0000] {dag.py:3954} INFO - Setting next_dagrun for example_display_name to None, run_after=None
[2026-06-09T20:39:24.226+0000] {processor.py:183} INFO - Processing /home/airflow/.local/lib/python3.12/site-packages/airflow/example_dags/example_display_name.py took 0.091 seconds
[2026-06-09T20:39:54.551+0000] {processor.py:161} INFO - Started process (PID=1528) to work on /home/airflow/.local/lib/python3.12/site-packages/airflow/example_dags/example_display_name.py
[2026-06-09T20:39:54.555+0000] {processor.py:830} INFO - Processing file /home/airflow/.local/lib/python3.12/site-packages/airflow/example_dags/example_display_name.py for tasks to queue
[2026-06-09T20:39:54.564+0000] {logging_mixin.py:188} INFO - [2026-06-09T20:39:54.563+0000] {dagbag.py:545} INFO - Filling up the DagBag from /home/airflow/.local/lib/python3.12/site-packages/airflow/example_dags/example_display_name.py
[2026-06-09T20:39:54.585+0000] {processor.py:840} INFO - DAG(s) 'example_display_name' retrieved from /home/airflow/.local/lib/python3.12/site-packages/airflow/example_dags/example_display_name.py
[2026-06-09T20:39:54.618+0000] {logging_mixin.py:188} INFO - [2026-06-09T20:39:54.618+0000] {dag.py:3096} INFO - Sync 1 DAGs
[2026-06-09T20:39:54.655+0000] {logging_mixin.py:188} INFO - [2026-06-09T20:39:54.653+0000] {dag.py:3954} INFO - Setting next_dagrun for example_display_name to None, run_after=None
[2026-06-09T20:39:54.717+0000] {processor.py:183} INFO - Processing /home/airflow/.local/lib/python3.12/site-packages/airflow/example_dags/example_display_name.py took 0.194 seconds
[2026-06-09T20:40:25.263+0000] {processor.py:161} INFO - Started process (PID=1588) to work on /home/airflow/.local/lib/python3.12/site-packages/airflow/example_dags/example_display_name.py
[2026-06-09T20:40:25.265+0000] {processor.py:830} INFO - Processing file /home/airflow/.local/lib/python3.12/site-packages/airflow/example_dags/example_display_name.py for tasks to queue
[2026-06-09T20:40:25.267+0000] {logging_mixin.py:188} INFO - [2026-06-09T20:40:25.267+0000] {dagbag.py:545} INFO - Filling up the DagBag from /home/airflow/.local/lib/python3.12/site-packages/airflow/example_dags/example_display_name.py
[2026-06-09T20:40:25.274+0000] {processor.py:840} INFO - DAG(s) 'example_display_name' retrieved from /home/airflow/.local/lib/python3.12/site-packages/airflow/example_dags/example_display_name.py
[2026-06-09T20:40:25.301+0000] {logging_mixin.py:188} INFO - [2026-06-09T20:40:25.300+0000] {dag.py:3096} INFO - Sync 1 DAGs
[2026-06-09T20:40:25.325+0000] {logging_mixin.py:188} INFO - [2026-06-09T20:40:25.324+0000] {dag.py:3954} INFO - Setting next_dagrun for example_display_name to None, run_after=None
[2026-06-09T20:40:25.359+0000] {processor.py:183} INFO - Processing /home/airflow/.local/lib/python3.12/site-packages/airflow/example_dags/example_display_name.py took 0.103 seconds
[2026-06-09T20:40:55.869+0000] {processor.py:161} INFO - Started process (PID=1648) to work on /home/airflow/.local/lib/python3.12/site-packages/airflow/example_dags/example_display_name.py
[2026-06-09T20:40:55.870+0000] {processor.py:830} INFO - Processing file /home/airflow/.local/lib/python3.12/site-packages/airflow/example_dags/example_display_name.py for tasks to queue
[2026-06-09T20:40:55.878+0000] {logging_mixin.py:188} INFO - [2026-06-09T20:40:55.878+0000] {dagbag.py:545} INFO - Filling up the DagBag from /home/airflow/.local/lib/python3.12/site-packages/airflow/example_dags/example_display_name.py
[2026-06-09T20:40:55.899+0000] {processor.py:840} INFO - DAG(s) 'example_display_name' retrieved from /home/airflow/.local/lib/python3.12/site-packages/airflow/example_dags/example_display_name.py
[2026-06-09T20:40:55.972+0000] {logging_mixin.py:188} INFO - [2026-06-09T20:40:55.972+0000] {dag.py:3096} INFO - Sync 1 DAGs
[2026-06-09T20:40:56.024+0000] {logging_mixin.py:188} INFO - [2026-06-09T20:40:56.023+0000] {dag.py:3954} INFO - Setting next_dagrun for example_display_name to None, run_after=None
[2026-06-09T20:40:56.095+0000] {processor.py:183} INFO - Processing /home/airflow/.local/lib/python3.12/site-packages/airflow/example_dags/example_display_name.py took 0.252 seconds
[2026-06-09T20:41:27.015+0000] {processor.py:161} INFO - Started process (PID=1708) to work on /home/airflow/.local/lib/python3.12/site-packages/airflow/example_dags/example_display_name.py
[2026-06-09T20:41:27.016+0000] {processor.py:830} INFO - Processing file /home/airflow/.local/lib/python3.12/site-packages/airflow/example_dags/example_display_name.py for tasks to queue
[2026-06-09T20:41:27.018+0000] {logging_mixin.py:188} INFO - [2026-06-09T20:41:27.017+0000] {dagbag.py:545} INFO - Filling up the DagBag from /home/airflow/.local/lib/python3.12/site-packages/airflow/example_dags/example_display_name.py
[2026-06-09T20:41:27.024+0000] {processor.py:840} INFO - DAG(s) 'example_display_name' retrieved from /home/airflow/.local/lib/python3.12/site-packages/airflow/example_dags/example_display_name.py
[2026-06-09T20:41:27.051+0000] {logging_mixin.py:188} INFO - [2026-06-09T20:41:27.051+0000] {dag.py:3096} INFO - Sync 1 DAGs
[2026-06-09T20:41:27.070+0000] {logging_mixin.py:188} INFO - [2026-06-09T20:41:27.069+0000] {dag.py:3954} INFO - Setting next_dagrun for example_display_name to None, run_after=None
[2026-06-09T20:41:27.111+0000] {processor.py:183} INFO - Processing /home/airflow/.local/lib/python3.12/site-packages/airflow/example_dags/example_display_name.py took 0.102 seconds
[2026-06-09T20:41:58.087+0000] {processor.py:161} INFO - Started process (PID=1768) to work on /home/airflow/.local/lib/python3.12/site-packages/airflow/example_dags/example_display_name.py
[2026-06-09T20:41:58.088+0000] {processor.py:830} INFO - Processing file /home/airflow/.local/lib/python3.12/site-packages/airflow/example_dags/example_display_name.py for tasks to queue
[2026-06-09T20:41:58.090+0000] {logging_mixin.py:188} INFO - [2026-06-09T20:41:58.090+0000] {dagbag.py:545} INFO - Filling up the DagBag from /home/airflow/.local/lib/python3.12/site-packages/airflow/example_dags/example_display_name.py
[2026-06-09T20:41:58.097+0000] {processor.py:840} INFO - DAG(s) 'example_display_name' retrieved from /home/airflow/.local/lib/python3.12/site-packages/airflow/example_dags/example_display_name.py
[2026-06-09T20:41:58.123+0000] {logging_mixin.py:188} INFO - [2026-06-09T20:41:58.123+0000] {dag.py:3096} INFO - Sync 1 DAGs
[2026-06-09T20:41:58.142+0000] {logging_mixin.py:188} INFO - [2026-06-09T20:41:58.142+0000] {dag.py:3954} INFO - Setting next_dagrun for example_display_name to None, run_after=None
[2026-06-09T20:41:58.165+0000] {processor.py:183} INFO - Processing /home/airflow/.local/lib/python3.12/site-packages/airflow/example_dags/example_display_name.py took 0.084 seconds
[2026-06-09T20:42:28.240+0000] {processor.py:161} INFO - Started process (PID=1828) to work on /home/airflow/.local/lib/python3.12/site-packages/airflow/example_dags/example_display_name.py
[2026-06-09T20:42:28.241+0000] {processor.py:830} INFO - Processing file /home/airflow/.local/lib/python3.12/site-packages/airflow/example_dags/example_display_name.py for tasks to queue
[2026-06-09T20:42:28.243+0000] {logging_mixin.py:188} INFO - [2026-06-09T20:42:28.243+0000] {dagbag.py:545} INFO - Filling up the DagBag from /home/airflow/.local/lib/python3.12/site-packages/airflow/example_dags/example_display_name.py
[2026-06-09T20:42:28.248+0000] {processor.py:840} INFO - DAG(s) 'example_display_name' retrieved from /home/airflow/.local/lib/python3.12/site-packages/airflow/example_dags/example_display_name.py
[2026-06-09T20:42:28.266+0000] {logging_mixin.py:188} INFO - [2026-06-09T20:42:28.266+0000] {dag.py:3096} INFO - Sync 1 DAGs
[2026-06-09T20:42:28.278+0000] {logging_mixin.py:188} INFO - [2026-06-09T20:42:28.278+0000] {dag.py:3954} INFO - Setting next_dagrun for example_display_name to None, run_after=None
[2026-06-09T20:42:28.294+0000] {processor.py:183} INFO - Processing /home/airflow/.local/lib/python3.12/site-packages/airflow/example_dags/example_display_name.py took 0.059 seconds
[2026-06-09T20:42:58.509+0000] {processor.py:161} INFO - Started process (PID=1888) to work on /home/airflow/.local/lib/python3.12/site-packages/airflow/example_dags/example_display_name.py
[2026-06-09T20:42:58.509+0000] {processor.py:830} INFO - Processing file /home/airflow/.local/lib/python3.12/site-packages/airflow/example_dags/example_display_name.py for tasks to queue
[2026-06-09T20:42:58.512+0000] {logging_mixin.py:188} INFO - [2026-06-09T20:42:58.512+0000] {dagbag.py:545} INFO - Filling up the DagBag from /home/airflow/.local/lib/python3.12/site-packages/airflow/example_dags/example_display_name.py
[2026-06-09T20:42:58.522+0000] {processor.py:840} INFO - DAG(s) 'example_display_name' retrieved from /home/airflow/.local/lib/python3.12/site-packages/airflow/example_dags/example_display_name.py
[2026-06-09T20:42:58.551+0000] {logging_mixin.py:188} INFO - [2026-06-09T20:42:58.551+0000] {dag.py:3096} INFO - Sync 1 DAGs
[2026-06-09T20:42:58.570+0000] {logging_mixin.py:188} INFO - [2026-06-09T20:42:58.570+0000] {dag.py:3954} INFO - Setting next_dagrun for example_display_name to None, run_after=None
[2026-06-09T20:42:58.605+0000] {processor.py:183} INFO - Processing /home/airflow/.local/lib/python3.12/site-packages/airflow/example_dags/example_display_name.py took 0.103 seconds
[2026-06-09T20:43:29.579+0000] {processor.py:161} INFO - Started process (PID=1948) to work on /home/airflow/.local/lib/python3.12/site-packages/airflow/example_dags/example_display_name.py
[2026-06-09T20:43:29.581+0000] {processor.py:830} INFO - Processing file /home/airflow/.local/lib/python3.12/site-packages/airflow/example_dags/example_display_name.py for tasks to queue
[2026-06-09T20:43:29.583+0000] {logging_mixin.py:188} INFO - [2026-06-09T20:43:29.583+0000] {dagbag.py:545} INFO - Filling up the DagBag from /home/airflow/.local/lib/python3.12/site-packages/airflow/example_dags/example_display_name.py
[2026-06-09T20:43:29.604+0000] {processor.py:840} INFO - DAG(s) 'example_display_name' retrieved from /home/airflow/.local/lib/python3.12/site-packages/airflow/example_dags/example_display_name.py
[2026-06-09T20:43:29.672+0000] {logging_mixin.py:188} INFO - [2026-06-09T20:43:29.671+0000] {dag.py:3096} INFO - Sync 1 DAGs
[2026-06-09T20:43:29.698+0000] {logging_mixin.py:188} INFO - [2026-06-09T20:43:29.697+0000] {dag.py:3954} INFO - Setting next_dagrun for example_display_name to None, run_after=None
[2026-06-09T20:43:29.726+0000] {processor.py:183} INFO - Processing /home/airflow/.local/lib/python3.12/site-packages/airflow/example_dags/example_display_name.py took 0.154 seconds
[2026-06-09T20:44:00.229+0000] {processor.py:161} INFO - Started process (PID=2008) to work on /home/airflow/.local/lib/python3.12/site-packages/airflow/example_dags/example_display_name.py
[2026-06-09T20:44:00.229+0000] {processor.py:830} INFO - Processing file /home/airflow/.local/lib/python3.12/site-packages/airflow/example_dags/example_display_name.py for tasks to queue
[2026-06-09T20:44:00.232+0000] {logging_mixin.py:188} INFO - [2026-06-09T20:44:00.231+0000] {dagbag.py:545} INFO - Filling up the DagBag from /home/airflow/.local/lib/python3.12/site-packages/airflow/example_dags/example_display_name.py
[2026-06-09T20:44:00.238+0000] {processor.py:840} INFO - DAG(s) 'example_display_name' retrieved from /home/airflow/.local/lib/python3.12/site-packages/airflow/example_dags/example_display_name.py
[2026-06-09T20:44:00.265+0000] {logging_mixin.py:188} INFO - [2026-06-09T20:44:00.264+0000] {dag.py:3096} INFO - Sync 1 DAGs
[2026-06-09T20:44:00.282+0000] {logging_mixin.py:188} INFO - [2026-06-09T20:44:00.282+0000] {dag.py:3954} INFO - Setting next_dagrun for example_display_name to None, run_after=None
[2026-06-09T20:44:00.310+0000] {processor.py:183} INFO - Processing /home/airflow/.local/lib/python3.12/site-packages/airflow/example_dags/example_display_name.py took 0.088 seconds
[2026-06-09T20:44:30.722+0000] {processor.py:161} INFO - Started process (PID=2068) to work on /home/airflow/.local/lib/python3.12/site-packages/airflow/example_dags/example_display_name.py
[2026-06-09T20:44:30.723+0000] {processor.py:830} INFO - Processing file /home/airflow/.local/lib/python3.12/site-packages/airflow/example_dags/example_display_name.py for tasks to queue
[2026-06-09T20:44:30.725+0000] {logging_mixin.py:188} INFO - [2026-06-09T20:44:30.725+0000] {dagbag.py:545} INFO - Filling up the DagBag from /home/airflow/.local/lib/python3.12/site-packages/airflow/example_dags/example_display_name.py
[2026-06-09T20:44:30.732+0000] {processor.py:840} INFO - DAG(s) 'example_display_name' retrieved from /home/airflow/.local/lib/python3.12/site-packages/airflow/example_dags/example_display_name.py
[2026-06-09T20:44:30.760+0000] {logging_mixin.py:188} INFO - [2026-06-09T20:44:30.760+0000] {dag.py:3096} INFO - Sync 1 DAGs
[2026-06-09T20:44:30.779+0000] {logging_mixin.py:188} INFO - [2026-06-09T20:44:30.778+0000] {dag.py:3954} INFO - Setting next_dagrun for example_display_name to None, run_after=None
[2026-06-09T20:44:30.849+0000] {processor.py:183} INFO - Processing /home/airflow/.local/lib/python3.12/site-packages/airflow/example_dags/example_display_name.py took 0.134 seconds
[2026-06-09T20:45:01.262+0000] {processor.py:161} INFO - Started process (PID=2128) to work on /home/airflow/.local/lib/python3.12/site-packages/airflow/example_dags/example_display_name.py
[2026-06-09T20:45:01.263+0000] {processor.py:830} INFO - Processing file /home/airflow/.local/lib/python3.12/site-packages/airflow/example_dags/example_display_name.py for tasks to queue
[2026-06-09T20:45:01.266+0000] {logging_mixin.py:188} INFO - [2026-06-09T20:45:01.265+0000] {dagbag.py:545} INFO - Filling up the DagBag from /home/airflow/.local/lib/python3.12/site-packages/airflow/example_dags/example_display_name.py
[2026-06-09T20:45:01.278+0000] {processor.py:840} INFO - DAG(s) 'example_display_name' retrieved from /home/airflow/.local/lib/python3.12/site-packages/airflow/example_dags/example_display_name.py
[2026-06-09T20:45:01.326+0000] {logging_mixin.py:188} INFO - [2026-06-09T20:45:01.326+0000] {dag.py:3096} INFO - Sync 1 DAGs
[2026-06-09T20:45:01.358+0000] {logging_mixin.py:188} INFO - [2026-06-09T20:45:01.358+0000] {dag.py:3954} INFO - Setting next_dagrun for example_display_name to None, run_after=None
[2026-06-09T20:45:01.380+0000] {processor.py:183} INFO - Processing /home/airflow/.local/lib/python3.12/site-packages/airflow/example_dags/example_display_name.py took 0.126 seconds
[2026-06-09T20:45:32.015+0000] {processor.py:161} INFO - Started process (PID=2188) to work on /home/airflow/.local/lib/python3.12/site-packages/airflow/example_dags/example_display_name.py
[2026-06-09T20:45:32.016+0000] {processor.py:830} INFO - Processing file /home/airflow/.local/lib/python3.12/site-packages/airflow/example_dags/example_display_name.py for tasks to queue
[2026-06-09T20:45:32.018+0000] {logging_mixin.py:188} INFO - [2026-06-09T20:45:32.018+0000] {dagbag.py:545} INFO - Filling up the DagBag from /home/airflow/.local/lib/python3.12/site-packages/airflow/example_dags/example_display_name.py
[2026-06-09T20:45:32.025+0000] {processor.py:840} INFO - DAG(s) 'example_display_name' retrieved from /home/airflow/.local/lib/python3.12/site-packages/airflow/example_dags/example_display_name.py
[2026-06-09T20:45:32.051+0000] {logging_mixin.py:188} INFO - [2026-06-09T20:45:32.051+0000] {dag.py:3096} INFO - Sync 1 DAGs
[2026-06-09T20:45:32.070+0000] {logging_mixin.py:188} INFO - [2026-06-09T20:45:32.069+0000] {dag.py:3954} INFO - Setting next_dagrun for example_display_name to None, run_after=None
[2026-06-09T20:45:32.092+0000] {processor.py:183} INFO - Processing /home/airflow/.local/lib/python3.12/site-packages/airflow/example_dags/example_display_name.py took 0.084 seconds
[2026-06-09T20:46:02.201+0000] {processor.py:161} INFO - Started process (PID=2248) to work on /home/airflow/.local/lib/python3.12/site-packages/airflow/example_dags/example_display_name.py
[2026-06-09T20:46:02.202+0000] {processor.py:830} INFO - Processing file /home/airflow/.local/lib/python3.12/site-packages/airflow/example_dags/example_display_name.py for tasks to queue
[2026-06-09T20:46:02.206+0000] {logging_mixin.py:188} INFO - [2026-06-09T20:46:02.206+0000] {dagbag.py:545} INFO - Filling up the DagBag from /home/airflow/.local/lib/python3.12/site-packages/airflow/example_dags/example_display_name.py
[2026-06-09T20:46:02.213+0000] {processor.py:840} INFO - DAG(s) 'example_display_name' retrieved from /home/airflow/.local/lib/python3.12/site-packages/airflow/example_dags/example_display_name.py
[2026-06-09T20:46:02.240+0000] {logging_mixin.py:188} INFO - [2026-06-09T20:46:02.239+0000] {dag.py:3096} INFO - Sync 1 DAGs
[2026-06-09T20:46:02.259+0000] {logging_mixin.py:188} INFO - [2026-06-09T20:46:02.258+0000] {dag.py:3954} INFO - Setting next_dagrun for example_display_name to None, run_after=None
[2026-06-09T20:46:02.308+0000] {processor.py:183} INFO - Processing /home/airflow/.local/lib/python3.12/site-packages/airflow/example_dags/example_display_name.py took 0.122 seconds
[2026-06-09T20:46:32.511+0000] {processor.py:161} INFO - Started process (PID=2307) to work on /home/airflow/.local/lib/python3.12/site-packages/airflow/example_dags/example_display_name.py
[2026-06-09T20:46:32.513+0000] {processor.py:830} INFO - Processing file /home/airflow/.local/lib/python3.12/site-packages/airflow/example_dags/example_display_name.py for tasks to queue
[2026-06-09T20:46:32.516+0000] {logging_mixin.py:188} INFO - [2026-06-09T20:46:32.516+0000] {dagbag.py:545} INFO - Filling up the DagBag from /home/airflow/.local/lib/python3.12/site-packages/airflow/example_dags/example_display_name.py
[2026-06-09T20:46:32.528+0000] {processor.py:840} INFO - DAG(s) 'example_display_name' retrieved from /home/airflow/.local/lib/python3.12/site-packages/airflow/example_dags/example_display_name.py
[2026-06-09T20:46:32.589+0000] {logging_mixin.py:188} INFO - [2026-06-09T20:46:32.587+0000] {dag.py:3096} INFO - Sync 1 DAGs
[2026-06-09T20:46:32.615+0000] {logging_mixin.py:188} INFO - [2026-06-09T20:46:32.615+0000] {dag.py:3954} INFO - Setting next_dagrun for example_display_name to None, run_after=None
[2026-06-09T20:46:32.668+0000] {processor.py:183} INFO - Processing /home/airflow/.local/lib/python3.12/site-packages/airflow/example_dags/example_display_name.py took 0.166 seconds
[2026-06-09T20:47:02.816+0000] {processor.py:161} INFO - Started process (PID=2367) to work on /home/airflow/.local/lib/python3.12/site-packages/airflow/example_dags/example_display_name.py
[2026-06-09T20:47:02.817+0000] {processor.py:830} INFO - Processing file /home/airflow/.local/lib/python3.12/site-packages/airflow/example_dags/example_display_name.py for tasks to queue
[2026-06-09T20:47:02.820+0000] {logging_mixin.py:188} INFO - [2026-06-09T20:47:02.819+0000] {dagbag.py:545} INFO - Filling up the DagBag from /home/airflow/.local/lib/python3.12/site-packages/airflow/example_dags/example_display_name.py
[2026-06-09T20:47:02.827+0000] {processor.py:840} INFO - DAG(s) 'example_display_name' retrieved from /home/airflow/.local/lib/python3.12/site-packages/airflow/example_dags/example_display_name.py
[2026-06-09T20:47:02.855+0000] {logging_mixin.py:188} INFO - [2026-06-09T20:47:02.855+0000] {dag.py:3096} INFO - Sync 1 DAGs
[2026-06-09T20:47:02.875+0000] {logging_mixin.py:188} INFO - [2026-06-09T20:47:02.875+0000] {dag.py:3954} INFO - Setting next_dagrun for example_display_name to None, run_after=None
[2026-06-09T20:47:02.902+0000] {processor.py:183} INFO - Processing /home/airflow/.local/lib/python3.12/site-packages/airflow/example_dags/example_display_name.py took 0.095 seconds
[2026-06-09T20:47:33.866+0000] {processor.py:161} INFO - Started process (PID=2427) to work on /home/airflow/.local/lib/python3.12/site-packages/airflow/example_dags/example_display_name.py
[2026-06-09T20:47:33.866+0000] {processor.py:830} INFO - Processing file /home/airflow/.local/lib/python3.12/site-packages/airflow/example_dags/example_display_name.py for tasks to queue
[2026-06-09T20:47:33.869+0000] {logging_mixin.py:188} INFO - [2026-06-09T20:47:33.868+0000] {dagbag.py:545} INFO - Filling up the DagBag from /home/airflow/.local/lib/python3.12/site-packages/airflow/example_dags/example_display_name.py
[2026-06-09T20:47:33.876+0000] {processor.py:840} INFO - DAG(s) 'example_display_name' retrieved from /home/airflow/.local/lib/python3.12/site-packages/airflow/example_dags/example_display_name.py
[2026-06-09T20:47:33.916+0000] {logging_mixin.py:188} INFO - [2026-06-09T20:47:33.915+0000] {dag.py:3096} INFO - Sync 1 DAGs
[2026-06-09T20:47:33.935+0000] {logging_mixin.py:188} INFO - [2026-06-09T20:47:33.935+0000] {dag.py:3954} INFO - Setting next_dagrun for example_display_name to None, run_after=None
[2026-06-09T20:47:33.962+0000] {processor.py:183} INFO - Processing /home/airflow/.local/lib/python3.12/site-packages/airflow/example_dags/example_display_name.py took 0.103 seconds
[2026-06-09T20:48:04.218+0000] {processor.py:161} INFO - Started process (PID=2487) to work on /home/airflow/.local/lib/python3.12/site-packages/airflow/example_dags/example_display_name.py
[2026-06-09T20:48:04.219+0000] {processor.py:830} INFO - Processing file /home/airflow/.local/lib/python3.12/site-packages/airflow/example_dags/example_display_name.py for tasks to queue
[2026-06-09T20:48:04.221+0000] {logging_mixin.py:188} INFO - [2026-06-09T20:48:04.221+0000] {dagbag.py:545} INFO - Filling up the DagBag from /home/airflow/.local/lib/python3.12/site-packages/airflow/example_dags/example_display_name.py
[2026-06-09T20:48:04.228+0000] {processor.py:840} INFO - DAG(s) 'example_display_name' retrieved from /home/airflow/.local/lib/python3.12/site-packages/airflow/example_dags/example_display_name.py
[2026-06-09T20:48:04.257+0000] {logging_mixin.py:188} INFO - [2026-06-09T20:48:04.257+0000] {dag.py:3096} INFO - Sync 1 DAGs
[2026-06-09T20:48:04.274+0000] {logging_mixin.py:188} INFO - [2026-06-09T20:48:04.274+0000] {dag.py:3954} INFO - Setting next_dagrun for example_display_name to None, run_after=None
[2026-06-09T20:48:04.295+0000] {processor.py:183} INFO - Processing /home/airflow/.local/lib/python3.12/site-packages/airflow/example_dags/example_display_name.py took 0.083 seconds
[2026-06-09T20:48:34.531+0000] {processor.py:161} INFO - Started process (PID=2547) to work on /home/airflow/.local/lib/python3.12/site-packages/airflow/example_dags/example_display_name.py
[2026-06-09T20:48:34.534+0000] {processor.py:830} INFO - Processing file /home/airflow/.local/lib/python3.12/site-packages/airflow/example_dags/example_display_name.py for tasks to queue
[2026-06-09T20:48:34.537+0000] {logging_mixin.py:188} INFO - [2026-06-09T20:48:34.537+0000] {dagbag.py:545} INFO - Filling up the DagBag from /home/airflow/.local/lib/python3.12/site-packages/airflow/example_dags/example_display_name.py
[2026-06-09T20:48:34.544+0000] {processor.py:840} INFO - DAG(s) 'example_display_name' retrieved from /home/airflow/.local/lib/python3.12/site-packages/airflow/example_dags/example_display_name.py
[2026-06-09T20:48:34.579+0000] {logging_mixin.py:188} INFO - [2026-06-09T20:48:34.578+0000] {dag.py:3096} INFO - Sync 1 DAGs
[2026-06-09T20:48:34.620+0000] {logging_mixin.py:188} INFO - [2026-06-09T20:48:34.620+0000] {dag.py:3954} INFO - Setting next_dagrun for example_display_name to None, run_after=None
[2026-06-09T20:48:34.642+0000] {processor.py:183} INFO - Processing /home/airflow/.local/lib/python3.12/site-packages/airflow/example_dags/example_display_name.py took 0.132 seconds
[2026-06-09T20:49:05.513+0000] {processor.py:161} INFO - Started process (PID=2606) to work on /home/airflow/.local/lib/python3.12/site-packages/airflow/example_dags/example_display_name.py
[2026-06-09T20:49:05.514+0000] {processor.py:830} INFO - Processing file /home/airflow/.local/lib/python3.12/site-packages/airflow/example_dags/example_display_name.py for tasks to queue
[2026-06-09T20:49:05.518+0000] {logging_mixin.py:188} INFO - [2026-06-09T20:49:05.518+0000] {dagbag.py:545} INFO - Filling up the DagBag from /home/airflow/.local/lib/python3.12/site-packages/airflow/example_dags/example_display_name.py
[2026-06-09T20:49:05.526+0000] {processor.py:840} INFO - DAG(s) 'example_display_name' retrieved from /home/airflow/.local/lib/python3.12/site-packages/airflow/example_dags/example_display_name.py
[2026-06-09T20:49:05.562+0000] {logging_mixin.py:188} INFO - [2026-06-09T20:49:05.562+0000] {dag.py:3096} INFO - Sync 1 DAGs
[2026-06-09T20:49:05.586+0000] {logging_mixin.py:188} INFO - [2026-06-09T20:49:05.586+0000] {dag.py:3954} INFO - Setting next_dagrun for example_display_name to None, run_after=None
[2026-06-09T20:49:05.696+0000] {processor.py:183} INFO - Processing /home/airflow/.local/lib/python3.12/site-packages/airflow/example_dags/example_display_name.py took 0.189 seconds
[2026-06-09T20:49:36.703+0000] {processor.py:161} INFO - Started process (PID=2666) to work on /home/airflow/.local/lib/python3.12/site-packages/airflow/example_dags/example_display_name.py
[2026-06-09T20:49:36.710+0000] {processor.py:830} INFO - Processing file /home/airflow/.local/lib/python3.12/site-packages/airflow/example_dags/example_display_name.py for tasks to queue
[2026-06-09T20:49:36.716+0000] {logging_mixin.py:188} INFO - [2026-06-09T20:49:36.716+0000] {dagbag.py:545} INFO - Filling up the DagBag from /home/airflow/.local/lib/python3.12/site-packages/airflow/example_dags/example_display_name.py
[2026-06-09T20:49:36.733+0000] {processor.py:840} INFO - DAG(s) 'example_display_name' retrieved from /home/airflow/.local/lib/python3.12/site-packages/airflow/example_dags/example_display_name.py
[2026-06-09T20:49:36.886+0000] {logging_mixin.py:188} INFO - [2026-06-09T20:49:36.885+0000] {dag.py:3096} INFO - Sync 1 DAGs
[2026-06-09T20:49:36.921+0000] {logging_mixin.py:188} INFO - [2026-06-09T20:49:36.921+0000] {dag.py:3954} INFO - Setting next_dagrun for example_display_name to None, run_after=None
[2026-06-09T20:49:36.958+0000] {processor.py:183} INFO - Processing /home/airflow/.local/lib/python3.12/site-packages/airflow/example_dags/example_display_name.py took 0.276 seconds
[2026-06-09T20:50:07.300+0000] {processor.py:161} INFO - Started process (PID=2726) to work on /home/airflow/.local/lib/python3.12/site-packages/airflow/example_dags/example_display_name.py
[2026-06-09T20:50:07.301+0000] {processor.py:830} INFO - Processing file /home/airflow/.local/lib/python3.12/site-packages/airflow/example_dags/example_display_name.py for tasks to queue
[2026-06-09T20:50:07.303+0000] {logging_mixin.py:188} INFO - [2026-06-09T20:50:07.302+0000] {dagbag.py:545} INFO - Filling up the DagBag from /home/airflow/.local/lib/python3.12/site-packages/airflow/example_dags/example_display_name.py
[2026-06-09T20:50:07.312+0000] {processor.py:840} INFO - DAG(s) 'example_display_name' retrieved from /home/airflow/.local/lib/python3.12/site-packages/airflow/example_dags/example_display_name.py
[2026-06-09T20:50:07.341+0000] {logging_mixin.py:188} INFO - [2026-06-09T20:50:07.341+0000] {dag.py:3096} INFO - Sync 1 DAGs
[2026-06-09T20:50:07.360+0000] {logging_mixin.py:188} INFO - [2026-06-09T20:50:07.359+0000] {dag.py:3954} INFO - Setting next_dagrun for example_display_name to None, run_after=None
[2026-06-09T20:50:07.384+0000] {processor.py:183} INFO - Processing /home/airflow/.local/lib/python3.12/site-packages/airflow/example_dags/example_display_name.py took 0.091 seconds
[2026-06-09T20:50:38.043+0000] {processor.py:161} INFO - Started process (PID=2786) to work on /home/airflow/.local/lib/python3.12/site-packages/airflow/example_dags/example_display_name.py
[2026-06-09T20:50:38.043+0000] {processor.py:830} INFO - Processing file /home/airflow/.local/lib/python3.12/site-packages/airflow/example_dags/example_display_name.py for tasks to queue
[2026-06-09T20:50:38.046+0000] {logging_mixin.py:188} INFO - [2026-06-09T20:50:38.045+0000] {dagbag.py:545} INFO - Filling up the DagBag from /home/airflow/.local/lib/python3.12/site-packages/airflow/example_dags/example_display_name.py
[2026-06-09T20:50:38.053+0000] {processor.py:840} INFO - DAG(s) 'example_display_name' retrieved from /home/airflow/.local/lib/python3.12/site-packages/airflow/example_dags/example_display_name.py
[2026-06-09T20:50:38.079+0000] {logging_mixin.py:188} INFO - [2026-06-09T20:50:38.079+0000] {dag.py:3096} INFO - Sync 1 DAGs
[2026-06-09T20:50:38.096+0000] {logging_mixin.py:188} INFO - [2026-06-09T20:50:38.096+0000] {dag.py:3954} INFO - Setting next_dagrun for example_display_name to None, run_after=None
[2026-06-09T20:50:38.119+0000] {processor.py:183} INFO - Processing /home/airflow/.local/lib/python3.12/site-packages/airflow/example_dags/example_display_name.py took 0.089 seconds
[2026-06-09T20:51:08.497+0000] {processor.py:161} INFO - Started process (PID=2846) to work on /home/airflow/.local/lib/python3.12/site-packages/airflow/example_dags/example_display_name.py
[2026-06-09T20:51:08.504+0000] {processor.py:830} INFO - Processing file /home/airflow/.local/lib/python3.12/site-packages/airflow/example_dags/example_display_name.py for tasks to queue
[2026-06-09T20:51:08.513+0000] {logging_mixin.py:188} INFO - [2026-06-09T20:51:08.510+0000] {dagbag.py:545} INFO - Filling up the DagBag from /home/airflow/.local/lib/python3.12/site-packages/airflow/example_dags/example_display_name.py
[2026-06-09T20:51:08.556+0000] {processor.py:840} INFO - DAG(s) 'example_display_name' retrieved from /home/airflow/.local/lib/python3.12/site-packages/airflow/example_dags/example_display_name.py
[2026-06-09T20:51:08.692+0000] {logging_mixin.py:188} INFO - [2026-06-09T20:51:08.689+0000] {dag.py:3096} INFO - Sync 1 DAGs
[2026-06-09T20:51:08.740+0000] {logging_mixin.py:188} INFO - [2026-06-09T20:51:08.739+0000] {dag.py:3954} INFO - Setting next_dagrun for example_display_name to None, run_after=None
[2026-06-09T20:51:08.787+0000] {processor.py:183} INFO - Processing /home/airflow/.local/lib/python3.12/site-packages/airflow/example_dags/example_display_name.py took 0.311 seconds
[2026-06-09T20:51:38.915+0000] {processor.py:161} INFO - Started process (PID=2906) to work on /home/airflow/.local/lib/python3.12/site-packages/airflow/example_dags/example_display_name.py
[2026-06-09T20:51:38.922+0000] {processor.py:830} INFO - Processing file /home/airflow/.local/lib/python3.12/site-packages/airflow/example_dags/example_display_name.py for tasks to queue
[2026-06-09T20:51:38.925+0000] {logging_mixin.py:188} INFO - [2026-06-09T20:51:38.925+0000] {dagbag.py:545} INFO - Filling up the DagBag from /home/airflow/.local/lib/python3.12/site-packages/airflow/example_dags/example_display_name.py
[2026-06-09T20:51:38.939+0000] {processor.py:840} INFO - DAG(s) 'example_display_name' retrieved from /home/airflow/.local/lib/python3.12/site-packages/airflow/example_dags/example_display_name.py
[2026-06-09T20:51:38.958+0000] {logging_mixin.py:188} INFO - [2026-06-09T20:51:38.958+0000] {dag.py:3096} INFO - Sync 1 DAGs
[2026-06-09T20:51:38.970+0000] {logging_mixin.py:188} INFO - [2026-06-09T20:51:38.970+0000] {dag.py:3954} INFO - Setting next_dagrun for example_display_name to None, run_after=None
[2026-06-09T20:51:38.987+0000] {processor.py:183} INFO - Processing /home/airflow/.local/lib/python3.12/site-packages/airflow/example_dags/example_display_name.py took 0.080 seconds
[2026-06-09T20:52:09.494+0000] {processor.py:161} INFO - Started process (PID=2966) to work on /home/airflow/.local/lib/python3.12/site-packages/airflow/example_dags/example_display_name.py
[2026-06-09T20:52:09.496+0000] {processor.py:830} INFO - Processing file /home/airflow/.local/lib/python3.12/site-packages/airflow/example_dags/example_display_name.py for tasks to queue
[2026-06-09T20:52:09.498+0000] {logging_mixin.py:188} INFO - [2026-06-09T20:52:09.498+0000] {dagbag.py:545} INFO - Filling up the DagBag from /home/airflow/.local/lib/python3.12/site-packages/airflow/example_dags/example_display_name.py
[2026-06-09T20:52:09.505+0000] {processor.py:840} INFO - DAG(s) 'example_display_name' retrieved from /home/airflow/.local/lib/python3.12/site-packages/airflow/example_dags/example_display_name.py
[2026-06-09T20:52:09.533+0000] {logging_mixin.py:188} INFO - [2026-06-09T20:52:09.533+0000] {dag.py:3096} INFO - Sync 1 DAGs
[2026-06-09T20:52:09.551+0000] {logging_mixin.py:188} INFO - [2026-06-09T20:52:09.551+0000] {dag.py:3954} INFO - Setting next_dagrun for example_display_name to None, run_after=None
[2026-06-09T20:52:09.573+0000] {processor.py:183} INFO - Processing /home/airflow/.local/lib/python3.12/site-packages/airflow/example_dags/example_display_name.py took 0.085 seconds
[2026-06-09T20:52:39.924+0000] {processor.py:161} INFO - Started process (PID=3025) to work on /home/airflow/.local/lib/python3.12/site-packages/airflow/example_dags/example_display_name.py
[2026-06-09T20:52:39.930+0000] {processor.py:830} INFO - Processing file /home/airflow/.local/lib/python3.12/site-packages/airflow/example_dags/example_display_name.py for tasks to queue
[2026-06-09T20:52:39.945+0000] {logging_mixin.py:188} INFO - [2026-06-09T20:52:39.941+0000] {dagbag.py:545} INFO - Filling up the DagBag from /home/airflow/.local/lib/python3.12/site-packages/airflow/example_dags/example_display_name.py
[2026-06-09T20:52:39.972+0000] {processor.py:840} INFO - DAG(s) 'example_display_name' retrieved from /home/airflow/.local/lib/python3.12/site-packages/airflow/example_dags/example_display_name.py
[2026-06-09T20:52:40.080+0000] {logging_mixin.py:188} INFO - [2026-06-09T20:52:40.078+0000] {dag.py:3096} INFO - Sync 1 DAGs
[2026-06-09T20:52:40.124+0000] {logging_mixin.py:188} INFO - [2026-06-09T20:52:40.123+0000] {dag.py:3954} INFO - Setting next_dagrun for example_display_name to None, run_after=None
[2026-06-09T20:52:40.170+0000] {processor.py:183} INFO - Processing /home/airflow/.local/lib/python3.12/site-packages/airflow/example_dags/example_display_name.py took 0.288 seconds
[2026-06-09T20:53:10.765+0000] {processor.py:161} INFO - Started process (PID=3085) to work on /home/airflow/.local/lib/python3.12/site-packages/airflow/example_dags/example_display_name.py
[2026-06-09T20:53:10.766+0000] {processor.py:830} INFO - Processing file /home/airflow/.local/lib/python3.12/site-packages/airflow/example_dags/example_display_name.py for tasks to queue
[2026-06-09T20:53:10.768+0000] {logging_mixin.py:188} INFO - [2026-06-09T20:53:10.767+0000] {dagbag.py:545} INFO - Filling up the DagBag from /home/airflow/.local/lib/python3.12/site-packages/airflow/example_dags/example_display_name.py
[2026-06-09T20:53:10.775+0000] {processor.py:840} INFO - DAG(s) 'example_display_name' retrieved from /home/airflow/.local/lib/python3.12/site-packages/airflow/example_dags/example_display_name.py
[2026-06-09T20:53:10.808+0000] {logging_mixin.py:188} INFO - [2026-06-09T20:53:10.808+0000] {dag.py:3096} INFO - Sync 1 DAGs
[2026-06-09T20:53:10.831+0000] {logging_mixin.py:188} INFO - [2026-06-09T20:53:10.830+0000] {dag.py:3954} INFO - Setting next_dagrun for example_display_name to None, run_after=None
[2026-06-09T20:53:10.858+0000] {processor.py:183} INFO - Processing /home/airflow/.local/lib/python3.12/site-packages/airflow/example_dags/example_display_name.py took 0.100 seconds
[2026-06-09T20:53:41.351+0000] {processor.py:161} INFO - Started process (PID=3145) to work on /home/airflow/.local/lib/python3.12/site-packages/airflow/example_dags/example_display_name.py
[2026-06-09T20:53:41.352+0000] {processor.py:830} INFO - Processing file /home/airflow/.local/lib/python3.12/site-packages/airflow/example_dags/example_display_name.py for tasks to queue
[2026-06-09T20:53:41.356+0000] {logging_mixin.py:188} INFO - [2026-06-09T20:53:41.355+0000] {dagbag.py:545} INFO - Filling up the DagBag from /home/airflow/.local/lib/python3.12/site-packages/airflow/example_dags/example_display_name.py
[2026-06-09T20:53:41.372+0000] {processor.py:840} INFO - DAG(s) 'example_display_name' retrieved from /home/airflow/.local/lib/python3.12/site-packages/airflow/example_dags/example_display_name.py
[2026-06-09T20:53:41.403+0000] {logging_mixin.py:188} INFO - [2026-06-09T20:53:41.403+0000] {dag.py:3096} INFO - Sync 1 DAGs
[2026-06-09T20:53:41.422+0000] {logging_mixin.py:188} INFO - [2026-06-09T20:53:41.421+0000] {dag.py:3954} INFO - Setting next_dagrun for example_display_name to None, run_after=None
[2026-06-09T20:53:41.445+0000] {processor.py:183} INFO - Processing /home/airflow/.local/lib/python3.12/site-packages/airflow/example_dags/example_display_name.py took 0.117 seconds
[2026-06-09T20:55:03.512+0000] {processor.py:161} INFO - Started process (PID=85) to work on /home/airflow/.local/lib/python3.12/site-packages/airflow/example_dags/example_display_name.py
[2026-06-09T20:55:03.515+0000] {processor.py:830} INFO - Processing file /home/airflow/.local/lib/python3.12/site-packages/airflow/example_dags/example_display_name.py for tasks to queue
[2026-06-09T20:55:03.520+0000] {logging_mixin.py:188} INFO - [2026-06-09T20:55:03.519+0000] {dagbag.py:545} INFO - Filling up the DagBag from /home/airflow/.local/lib/python3.12/site-packages/airflow/example_dags/example_display_name.py
[2026-06-09T20:55:03.540+0000] {processor.py:840} INFO - DAG(s) 'example_display_name' retrieved from /home/airflow/.local/lib/python3.12/site-packages/airflow/example_dags/example_display_name.py
[2026-06-09T20:55:03.927+0000] {logging_mixin.py:188} INFO - [2026-06-09T20:55:03.924+0000] {dag.py:3096} INFO - Sync 1 DAGs
[2026-06-09T20:55:03.974+0000] {logging_mixin.py:188} INFO - [2026-06-09T20:55:03.974+0000] {dag.py:3954} INFO - Setting next_dagrun for example_display_name to None, run_after=None
[2026-06-09T20:55:04.049+0000] {processor.py:183} INFO - Processing /home/airflow/.local/lib/python3.12/site-packages/airflow/example_dags/example_display_name.py took 0.555 seconds
[2026-06-09T20:55:34.495+0000] {processor.py:161} INFO - Started process (PID=145) to work on /home/airflow/.local/lib/python3.12/site-packages/airflow/example_dags/example_display_name.py
[2026-06-09T20:55:34.497+0000] {processor.py:830} INFO - Processing file /home/airflow/.local/lib/python3.12/site-packages/airflow/example_dags/example_display_name.py for tasks to queue
[2026-06-09T20:55:34.499+0000] {logging_mixin.py:188} INFO - [2026-06-09T20:55:34.498+0000] {dagbag.py:545} INFO - Filling up the DagBag from /home/airflow/.local/lib/python3.12/site-packages/airflow/example_dags/example_display_name.py
[2026-06-09T20:55:34.509+0000] {processor.py:840} INFO - DAG(s) 'example_display_name' retrieved from /home/airflow/.local/lib/python3.12/site-packages/airflow/example_dags/example_display_name.py
[2026-06-09T20:55:34.566+0000] {logging_mixin.py:188} INFO - [2026-06-09T20:55:34.565+0000] {dag.py:3096} INFO - Sync 1 DAGs
[2026-06-09T20:55:34.645+0000] {logging_mixin.py:188} INFO - [2026-06-09T20:55:34.642+0000] {dag.py:3954} INFO - Setting next_dagrun for example_display_name to None, run_after=None
[2026-06-09T20:55:34.734+0000] {processor.py:183} INFO - Processing /home/airflow/.local/lib/python3.12/site-packages/airflow/example_dags/example_display_name.py took 0.252 seconds
[2026-06-09T20:56:05.262+0000] {processor.py:161} INFO - Started process (PID=205) to work on /home/airflow/.local/lib/python3.12/site-packages/airflow/example_dags/example_display_name.py
[2026-06-09T20:56:05.263+0000] {processor.py:830} INFO - Processing file /home/airflow/.local/lib/python3.12/site-packages/airflow/example_dags/example_display_name.py for tasks to queue
[2026-06-09T20:56:05.266+0000] {logging_mixin.py:188} INFO - [2026-06-09T20:56:05.265+0000] {dagbag.py:545} INFO - Filling up the DagBag from /home/airflow/.local/lib/python3.12/site-packages/airflow/example_dags/example_display_name.py
[2026-06-09T20:56:05.272+0000] {processor.py:840} INFO - DAG(s) 'example_display_name' retrieved from /home/airflow/.local/lib/python3.12/site-packages/airflow/example_dags/example_display_name.py
[2026-06-09T20:56:05.305+0000] {logging_mixin.py:188} INFO - [2026-06-09T20:56:05.304+0000] {dag.py:3096} INFO - Sync 1 DAGs
[2026-06-09T20:56:05.331+0000] {logging_mixin.py:188} INFO - [2026-06-09T20:56:05.330+0000] {dag.py:3954} INFO - Setting next_dagrun for example_display_name to None, run_after=None
[2026-06-09T20:56:05.357+0000] {processor.py:183} INFO - Processing /home/airflow/.local/lib/python3.12/site-packages/airflow/example_dags/example_display_name.py took 0.102 seconds
[2026-06-09T20:56:35.569+0000] {processor.py:161} INFO - Started process (PID=265) to work on /home/airflow/.local/lib/python3.12/site-packages/airflow/example_dags/example_display_name.py
[2026-06-09T20:56:35.571+0000] {processor.py:830} INFO - Processing file /home/airflow/.local/lib/python3.12/site-packages/airflow/example_dags/example_display_name.py for tasks to queue
[2026-06-09T20:56:35.573+0000] {logging_mixin.py:188} INFO - [2026-06-09T20:56:35.573+0000] {dagbag.py:545} INFO - Filling up the DagBag from /home/airflow/.local/lib/python3.12/site-packages/airflow/example_dags/example_display_name.py
[2026-06-09T20:56:35.586+0000] {processor.py:840} INFO - DAG(s) 'example_display_name' retrieved from /home/airflow/.local/lib/python3.12/site-packages/airflow/example_dags/example_display_name.py
[2026-06-09T20:56:35.767+0000] {logging_mixin.py:188} INFO - [2026-06-09T20:56:35.766+0000] {dag.py:3096} INFO - Sync 1 DAGs
[2026-06-09T20:56:35.854+0000] {logging_mixin.py:188} INFO - [2026-06-09T20:56:35.853+0000] {dag.py:3954} INFO - Setting next_dagrun for example_display_name to None, run_after=None
[2026-06-09T20:56:36.041+0000] {processor.py:183} INFO - Processing /home/airflow/.local/lib/python3.12/site-packages/airflow/example_dags/example_display_name.py took 0.480 seconds
[2026-06-09T20:57:06.714+0000] {processor.py:161} INFO - Started process (PID=325) to work on /home/airflow/.local/lib/python3.12/site-packages/airflow/example_dags/example_display_name.py
[2026-06-09T20:57:06.715+0000] {processor.py:830} INFO - Processing file /home/airflow/.local/lib/python3.12/site-packages/airflow/example_dags/example_display_name.py for tasks to queue
[2026-06-09T20:57:06.717+0000] {logging_mixin.py:188} INFO - [2026-06-09T20:57:06.716+0000] {dagbag.py:545} INFO - Filling up the DagBag from /home/airflow/.local/lib/python3.12/site-packages/airflow/example_dags/example_display_name.py
[2026-06-09T20:57:06.727+0000] {processor.py:840} INFO - DAG(s) 'example_display_name' retrieved from /home/airflow/.local/lib/python3.12/site-packages/airflow/example_dags/example_display_name.py
[2026-06-09T20:57:06.762+0000] {logging_mixin.py:188} INFO - [2026-06-09T20:57:06.761+0000] {dag.py:3096} INFO - Sync 1 DAGs
[2026-06-09T20:57:06.780+0000] {logging_mixin.py:188} INFO - [2026-06-09T20:57:06.780+0000] {dag.py:3954} INFO - Setting next_dagrun for example_display_name to None, run_after=None
[2026-06-09T20:57:06.805+0000] {processor.py:183} INFO - Processing /home/airflow/.local/lib/python3.12/site-packages/airflow/example_dags/example_display_name.py took 0.098 seconds
[2026-06-09T20:57:37.037+0000] {processor.py:161} INFO - Started process (PID=384) to work on /home/airflow/.local/lib/python3.12/site-packages/airflow/example_dags/example_display_name.py
[2026-06-09T20:57:37.038+0000] {processor.py:830} INFO - Processing file /home/airflow/.local/lib/python3.12/site-packages/airflow/example_dags/example_display_name.py for tasks to queue
[2026-06-09T20:57:37.040+0000] {logging_mixin.py:188} INFO - [2026-06-09T20:57:37.040+0000] {dagbag.py:545} INFO - Filling up the DagBag from /home/airflow/.local/lib/python3.12/site-packages/airflow/example_dags/example_display_name.py
[2026-06-09T20:57:37.047+0000] {processor.py:840} INFO - DAG(s) 'example_display_name' retrieved from /home/airflow/.local/lib/python3.12/site-packages/airflow/example_dags/example_display_name.py
[2026-06-09T20:57:37.071+0000] {logging_mixin.py:188} INFO - [2026-06-09T20:57:37.071+0000] {dag.py:3096} INFO - Sync 1 DAGs
[2026-06-09T20:57:37.089+0000] {logging_mixin.py:188} INFO - [2026-06-09T20:57:37.089+0000] {dag.py:3954} INFO - Setting next_dagrun for example_display_name to None, run_after=None
[2026-06-09T20:57:37.113+0000] {processor.py:183} INFO - Processing /home/airflow/.local/lib/python3.12/site-packages/airflow/example_dags/example_display_name.py took 0.100 seconds
[2026-06-09T20:58:07.388+0000] {processor.py:161} INFO - Started process (PID=444) to work on /home/airflow/.local/lib/python3.12/site-packages/airflow/example_dags/example_display_name.py
[2026-06-09T20:58:07.389+0000] {processor.py:830} INFO - Processing file /home/airflow/.local/lib/python3.12/site-packages/airflow/example_dags/example_display_name.py for tasks to queue
[2026-06-09T20:58:07.391+0000] {logging_mixin.py:188} INFO - [2026-06-09T20:58:07.391+0000] {dagbag.py:545} INFO - Filling up the DagBag from /home/airflow/.local/lib/python3.12/site-packages/airflow/example_dags/example_display_name.py
[2026-06-09T20:58:07.397+0000] {processor.py:840} INFO - DAG(s) 'example_display_name' retrieved from /home/airflow/.local/lib/python3.12/site-packages/airflow/example_dags/example_display_name.py
[2026-06-09T20:58:07.419+0000] {logging_mixin.py:188} INFO - [2026-06-09T20:58:07.419+0000] {dag.py:3096} INFO - Sync 1 DAGs
[2026-06-09T20:58:07.436+0000] {logging_mixin.py:188} INFO - [2026-06-09T20:58:07.436+0000] {dag.py:3954} INFO - Setting next_dagrun for example_display_name to None, run_after=None
[2026-06-09T20:58:07.462+0000] {processor.py:183} INFO - Processing /home/airflow/.local/lib/python3.12/site-packages/airflow/example_dags/example_display_name.py took 0.082 seconds
[2026-06-09T20:58:38.328+0000] {processor.py:161} INFO - Started process (PID=504) to work on /home/airflow/.local/lib/python3.12/site-packages/airflow/example_dags/example_display_name.py
[2026-06-09T20:58:38.329+0000] {processor.py:830} INFO - Processing file /home/airflow/.local/lib/python3.12/site-packages/airflow/example_dags/example_display_name.py for tasks to queue
[2026-06-09T20:58:38.331+0000] {logging_mixin.py:188} INFO - [2026-06-09T20:58:38.331+0000] {dagbag.py:545} INFO - Filling up the DagBag from /home/airflow/.local/lib/python3.12/site-packages/airflow/example_dags/example_display_name.py
[2026-06-09T20:58:38.338+0000] {processor.py:840} INFO - DAG(s) 'example_display_name' retrieved from /home/airflow/.local/lib/python3.12/site-packages/airflow/example_dags/example_display_name.py
[2026-06-09T20:58:38.361+0000] {logging_mixin.py:188} INFO - [2026-06-09T20:58:38.361+0000] {dag.py:3096} INFO - Sync 1 DAGs
[2026-06-09T20:58:38.389+0000] {logging_mixin.py:188} INFO - [2026-06-09T20:58:38.381+0000] {dag.py:3954} INFO - Setting next_dagrun for example_display_name to None, run_after=None
[2026-06-09T20:58:38.469+0000] {processor.py:183} INFO - Processing /home/airflow/.local/lib/python3.12/site-packages/airflow/example_dags/example_display_name.py took 0.147 seconds
[2026-06-09T20:59:09.100+0000] {processor.py:161} INFO - Started process (PID=564) to work on /home/airflow/.local/lib/python3.12/site-packages/airflow/example_dags/example_display_name.py
[2026-06-09T20:59:09.101+0000] {processor.py:830} INFO - Processing file /home/airflow/.local/lib/python3.12/site-packages/airflow/example_dags/example_display_name.py for tasks to queue
[2026-06-09T20:59:09.103+0000] {logging_mixin.py:188} INFO - [2026-06-09T20:59:09.103+0000] {dagbag.py:545} INFO - Filling up the DagBag from /home/airflow/.local/lib/python3.12/site-packages/airflow/example_dags/example_display_name.py
[2026-06-09T20:59:09.110+0000] {processor.py:840} INFO - DAG(s) 'example_display_name' retrieved from /home/airflow/.local/lib/python3.12/site-packages/airflow/example_dags/example_display_name.py
[2026-06-09T20:59:09.137+0000] {logging_mixin.py:188} INFO - [2026-06-09T20:59:09.137+0000] {dag.py:3096} INFO - Sync 1 DAGs
[2026-06-09T20:59:09.154+0000] {logging_mixin.py:188} INFO - [2026-06-09T20:59:09.154+0000] {dag.py:3954} INFO - Setting next_dagrun for example_display_name to None, run_after=None
[2026-06-09T20:59:09.206+0000] {processor.py:183} INFO - Processing /home/airflow/.local/lib/python3.12/site-packages/airflow/example_dags/example_display_name.py took 0.116 seconds
[2026-06-09T20:59:39.907+0000] {processor.py:161} INFO - Started process (PID=624) to work on /home/airflow/.local/lib/python3.12/site-packages/airflow/example_dags/example_display_name.py
[2026-06-09T20:59:39.911+0000] {processor.py:830} INFO - Processing file /home/airflow/.local/lib/python3.12/site-packages/airflow/example_dags/example_display_name.py for tasks to queue
[2026-06-09T20:59:39.924+0000] {logging_mixin.py:188} INFO - [2026-06-09T20:59:39.923+0000] {dagbag.py:545} INFO - Filling up the DagBag from /home/airflow/.local/lib/python3.12/site-packages/airflow/example_dags/example_display_name.py
[2026-06-09T20:59:39.964+0000] {processor.py:840} INFO - DAG(s) 'example_display_name' retrieved from /home/airflow/.local/lib/python3.12/site-packages/airflow/example_dags/example_display_name.py
[2026-06-09T20:59:40.123+0000] {logging_mixin.py:188} INFO - [2026-06-09T20:59:40.123+0000] {dag.py:3096} INFO - Sync 1 DAGs
[2026-06-09T20:59:40.192+0000] {logging_mixin.py:188} INFO - [2026-06-09T20:59:40.191+0000] {dag.py:3954} INFO - Setting next_dagrun for example_display_name to None, run_after=None
[2026-06-09T20:59:40.304+0000] {processor.py:183} INFO - Processing /home/airflow/.local/lib/python3.12/site-packages/airflow/example_dags/example_display_name.py took 0.426 seconds
[2026-06-09T21:01:02.106+0000] {processor.py:161} INFO - Started process (PID=85) to work on /home/airflow/.local/lib/python3.12/site-packages/airflow/example_dags/example_display_name.py
[2026-06-09T21:01:02.109+0000] {processor.py:830} INFO - Processing file /home/airflow/.local/lib/python3.12/site-packages/airflow/example_dags/example_display_name.py for tasks to queue
[2026-06-09T21:01:02.120+0000] {logging_mixin.py:188} INFO - [2026-06-09T21:01:02.119+0000] {dagbag.py:545} INFO - Filling up the DagBag from /home/airflow/.local/lib/python3.12/site-packages/airflow/example_dags/example_display_name.py
[2026-06-09T21:01:02.152+0000] {processor.py:840} INFO - DAG(s) 'example_display_name' retrieved from /home/airflow/.local/lib/python3.12/site-packages/airflow/example_dags/example_display_name.py
[2026-06-09T21:01:02.873+0000] {logging_mixin.py:188} INFO - [2026-06-09T21:01:02.873+0000] {dag.py:3096} INFO - Sync 1 DAGs
[2026-06-09T21:01:02.950+0000] {logging_mixin.py:188} INFO - [2026-06-09T21:01:02.949+0000] {dag.py:3954} INFO - Setting next_dagrun for example_display_name to None, run_after=None
[2026-06-09T21:01:03.099+0000] {processor.py:183} INFO - Processing /home/airflow/.local/lib/python3.12/site-packages/airflow/example_dags/example_display_name.py took 1.044 seconds
[2026-06-09T21:01:33.653+0000] {processor.py:161} INFO - Started process (PID=145) to work on /home/airflow/.local/lib/python3.12/site-packages/airflow/example_dags/example_display_name.py
[2026-06-09T21:01:33.654+0000] {processor.py:830} INFO - Processing file /home/airflow/.local/lib/python3.12/site-packages/airflow/example_dags/example_display_name.py for tasks to queue
[2026-06-09T21:01:33.658+0000] {logging_mixin.py:188} INFO - [2026-06-09T21:01:33.656+0000] {dagbag.py:545} INFO - Filling up the DagBag from /home/airflow/.local/lib/python3.12/site-packages/airflow/example_dags/example_display_name.py
[2026-06-09T21:01:33.681+0000] {processor.py:840} INFO - DAG(s) 'example_display_name' retrieved from /home/airflow/.local/lib/python3.12/site-packages/airflow/example_dags/example_display_name.py
[2026-06-09T21:01:33.732+0000] {logging_mixin.py:188} INFO - [2026-06-09T21:01:33.732+0000] {dag.py:3096} INFO - Sync 1 DAGs
[2026-06-09T21:01:33.826+0000] {logging_mixin.py:188} INFO - [2026-06-09T21:01:33.826+0000] {dag.py:3954} INFO - Setting next_dagrun for example_display_name to None, run_after=None
[2026-06-09T21:01:33.904+0000] {processor.py:183} INFO - Processing /home/airflow/.local/lib/python3.12/site-packages/airflow/example_dags/example_display_name.py took 0.260 seconds
[2026-06-09T21:02:04.377+0000] {processor.py:161} INFO - Started process (PID=205) to work on /home/airflow/.local/lib/python3.12/site-packages/airflow/example_dags/example_display_name.py
[2026-06-09T21:02:04.379+0000] {processor.py:830} INFO - Processing file /home/airflow/.local/lib/python3.12/site-packages/airflow/example_dags/example_display_name.py for tasks to queue
[2026-06-09T21:02:04.381+0000] {logging_mixin.py:188} INFO - [2026-06-09T21:02:04.381+0000] {dagbag.py:545} INFO - Filling up the DagBag from /home/airflow/.local/lib/python3.12/site-packages/airflow/example_dags/example_display_name.py
[2026-06-09T21:02:04.388+0000] {processor.py:840} INFO - DAG(s) 'example_display_name' retrieved from /home/airflow/.local/lib/python3.12/site-packages/airflow/example_dags/example_display_name.py
[2026-06-09T21:02:04.417+0000] {logging_mixin.py:188} INFO - [2026-06-09T21:02:04.417+0000] {dag.py:3096} INFO - Sync 1 DAGs
[2026-06-09T21:02:04.438+0000] {logging_mixin.py:188} INFO - [2026-06-09T21:02:04.437+0000] {dag.py:3954} INFO - Setting next_dagrun for example_display_name to None, run_after=None
[2026-06-09T21:02:04.463+0000] {processor.py:183} INFO - Processing /home/airflow/.local/lib/python3.12/site-packages/airflow/example_dags/example_display_name.py took 0.101 seconds
[2026-06-09T21:02:34.594+0000] {processor.py:161} INFO - Started process (PID=265) to work on /home/airflow/.local/lib/python3.12/site-packages/airflow/example_dags/example_display_name.py
[2026-06-09T21:02:34.596+0000] {processor.py:830} INFO - Processing file /home/airflow/.local/lib/python3.12/site-packages/airflow/example_dags/example_display_name.py for tasks to queue
[2026-06-09T21:02:34.599+0000] {logging_mixin.py:188} INFO - [2026-06-09T21:02:34.598+0000] {dagbag.py:545} INFO - Filling up the DagBag from /home/airflow/.local/lib/python3.12/site-packages/airflow/example_dags/example_display_name.py
[2026-06-09T21:02:34.606+0000] {processor.py:840} INFO - DAG(s) 'example_display_name' retrieved from /home/airflow/.local/lib/python3.12/site-packages/airflow/example_dags/example_display_name.py
[2026-06-09T21:02:34.627+0000] {logging_mixin.py:188} INFO - [2026-06-09T21:02:34.627+0000] {dag.py:3096} INFO - Sync 1 DAGs
[2026-06-09T21:02:34.639+0000] {logging_mixin.py:188} INFO - [2026-06-09T21:02:34.639+0000] {dag.py:3954} INFO - Setting next_dagrun for example_display_name to None, run_after=None
[2026-06-09T21:02:34.670+0000] {processor.py:183} INFO - Processing /home/airflow/.local/lib/python3.12/site-packages/airflow/example_dags/example_display_name.py took 0.085 seconds
[2026-06-09T21:03:05.195+0000] {processor.py:161} INFO - Started process (PID=325) to work on /home/airflow/.local/lib/python3.12/site-packages/airflow/example_dags/example_display_name.py
[2026-06-09T21:03:05.196+0000] {processor.py:830} INFO - Processing file /home/airflow/.local/lib/python3.12/site-packages/airflow/example_dags/example_display_name.py for tasks to queue
[2026-06-09T21:03:05.197+0000] {logging_mixin.py:188} INFO - [2026-06-09T21:03:05.197+0000] {dagbag.py:545} INFO - Filling up the DagBag from /home/airflow/.local/lib/python3.12/site-packages/airflow/example_dags/example_display_name.py
[2026-06-09T21:03:05.202+0000] {processor.py:840} INFO - DAG(s) 'example_display_name' retrieved from /home/airflow/.local/lib/python3.12/site-packages/airflow/example_dags/example_display_name.py
[2026-06-09T21:03:05.221+0000] {logging_mixin.py:188} INFO - [2026-06-09T21:03:05.220+0000] {dag.py:3096} INFO - Sync 1 DAGs
[2026-06-09T21:03:05.232+0000] {logging_mixin.py:188} INFO - [2026-06-09T21:03:05.232+0000] {dag.py:3954} INFO - Setting next_dagrun for example_display_name to None, run_after=None
[2026-06-09T21:03:05.253+0000] {processor.py:183} INFO - Processing /home/airflow/.local/lib/python3.12/site-packages/airflow/example_dags/example_display_name.py took 0.063 seconds
[2026-06-09T21:03:35.645+0000] {processor.py:161} INFO - Started process (PID=385) to work on /home/airflow/.local/lib/python3.12/site-packages/airflow/example_dags/example_display_name.py
[2026-06-09T21:03:35.645+0000] {processor.py:830} INFO - Processing file /home/airflow/.local/lib/python3.12/site-packages/airflow/example_dags/example_display_name.py for tasks to queue
[2026-06-09T21:03:35.647+0000] {logging_mixin.py:188} INFO - [2026-06-09T21:03:35.647+0000] {dagbag.py:545} INFO - Filling up the DagBag from /home/airflow/.local/lib/python3.12/site-packages/airflow/example_dags/example_display_name.py
[2026-06-09T21:03:35.653+0000] {processor.py:840} INFO - DAG(s) 'example_display_name' retrieved from /home/airflow/.local/lib/python3.12/site-packages/airflow/example_dags/example_display_name.py
[2026-06-09T21:03:35.685+0000] {logging_mixin.py:188} INFO - [2026-06-09T21:03:35.685+0000] {dag.py:3096} INFO - Sync 1 DAGs
[2026-06-09T21:03:35.705+0000] {logging_mixin.py:188} INFO - [2026-06-09T21:03:35.705+0000] {dag.py:3954} INFO - Setting next_dagrun for example_display_name to None, run_after=None
[2026-06-09T21:03:35.727+0000] {processor.py:183} INFO - Processing /home/airflow/.local/lib/python3.12/site-packages/airflow/example_dags/example_display_name.py took 0.087 seconds
[2026-06-09T21:04:59.184+0000] {processor.py:161} INFO - Started process (PID=85) to work on /home/airflow/.local/lib/python3.12/site-packages/airflow/example_dags/example_display_name.py
[2026-06-09T21:04:59.187+0000] {processor.py:830} INFO - Processing file /home/airflow/.local/lib/python3.12/site-packages/airflow/example_dags/example_display_name.py for tasks to queue
[2026-06-09T21:04:59.201+0000] {logging_mixin.py:188} INFO - [2026-06-09T21:04:59.197+0000] {dagbag.py:545} INFO - Filling up the DagBag from /home/airflow/.local/lib/python3.12/site-packages/airflow/example_dags/example_display_name.py
[2026-06-09T21:04:59.259+0000] {processor.py:840} INFO - DAG(s) 'example_display_name' retrieved from /home/airflow/.local/lib/python3.12/site-packages/airflow/example_dags/example_display_name.py
[2026-06-09T21:05:00.328+0000] {logging_mixin.py:188} INFO - [2026-06-09T21:05:00.328+0000] {dag.py:3096} INFO - Sync 1 DAGs
[2026-06-09T21:05:00.399+0000] {logging_mixin.py:188} INFO - [2026-06-09T21:05:00.399+0000] {dag.py:3954} INFO - Setting next_dagrun for example_display_name to None, run_after=None
[2026-06-09T21:05:00.507+0000] {processor.py:183} INFO - Processing /home/airflow/.local/lib/python3.12/site-packages/airflow/example_dags/example_display_name.py took 1.375 seconds
[2026-06-09T21:05:31.304+0000] {processor.py:161} INFO - Started process (PID=145) to work on /home/airflow/.local/lib/python3.12/site-packages/airflow/example_dags/example_display_name.py
[2026-06-09T21:05:31.305+0000] {processor.py:830} INFO - Processing file /home/airflow/.local/lib/python3.12/site-packages/airflow/example_dags/example_display_name.py for tasks to queue
[2026-06-09T21:05:31.307+0000] {logging_mixin.py:188} INFO - [2026-06-09T21:05:31.306+0000] {dagbag.py:545} INFO - Filling up the DagBag from /home/airflow/.local/lib/python3.12/site-packages/airflow/example_dags/example_display_name.py
[2026-06-09T21:05:31.312+0000] {processor.py:840} INFO - DAG(s) 'example_display_name' retrieved from /home/airflow/.local/lib/python3.12/site-packages/airflow/example_dags/example_display_name.py
[2026-06-09T21:05:31.329+0000] {logging_mixin.py:188} INFO - [2026-06-09T21:05:31.329+0000] {dag.py:3096} INFO - Sync 1 DAGs
[2026-06-09T21:05:31.341+0000] {logging_mixin.py:188} INFO - [2026-06-09T21:05:31.340+0000] {dag.py:3954} INFO - Setting next_dagrun for example_display_name to None, run_after=None
[2026-06-09T21:05:31.366+0000] {processor.py:183} INFO - Processing /home/airflow/.local/lib/python3.12/site-packages/airflow/example_dags/example_display_name.py took 0.067 seconds
[2026-06-09T21:06:01.626+0000] {processor.py:161} INFO - Started process (PID=205) to work on /home/airflow/.local/lib/python3.12/site-packages/airflow/example_dags/example_display_name.py
[2026-06-09T21:06:01.627+0000] {processor.py:830} INFO - Processing file /home/airflow/.local/lib/python3.12/site-packages/airflow/example_dags/example_display_name.py for tasks to queue
[2026-06-09T21:06:01.629+0000] {logging_mixin.py:188} INFO - [2026-06-09T21:06:01.629+0000] {dagbag.py:545} INFO - Filling up the DagBag from /home/airflow/.local/lib/python3.12/site-packages/airflow/example_dags/example_display_name.py
[2026-06-09T21:06:01.637+0000] {processor.py:840} INFO - DAG(s) 'example_display_name' retrieved from /home/airflow/.local/lib/python3.12/site-packages/airflow/example_dags/example_display_name.py
[2026-06-09T21:06:01.671+0000] {logging_mixin.py:188} INFO - [2026-06-09T21:06:01.671+0000] {dag.py:3096} INFO - Sync 1 DAGs
[2026-06-09T21:06:01.735+0000] {logging_mixin.py:188} INFO - [2026-06-09T21:06:01.735+0000] {dag.py:3954} INFO - Setting next_dagrun for example_display_name to None, run_after=None
[2026-06-09T21:06:01.829+0000] {processor.py:183} INFO - Processing /home/airflow/.local/lib/python3.12/site-packages/airflow/example_dags/example_display_name.py took 0.214 seconds
[2026-06-09T21:06:32.127+0000] {processor.py:161} INFO - Started process (PID=265) to work on /home/airflow/.local/lib/python3.12/site-packages/airflow/example_dags/example_display_name.py
[2026-06-09T21:06:32.128+0000] {processor.py:830} INFO - Processing file /home/airflow/.local/lib/python3.12/site-packages/airflow/example_dags/example_display_name.py for tasks to queue
[2026-06-09T21:06:32.130+0000] {logging_mixin.py:188} INFO - [2026-06-09T21:06:32.130+0000] {dagbag.py:545} INFO - Filling up the DagBag from /home/airflow/.local/lib/python3.12/site-packages/airflow/example_dags/example_display_name.py
[2026-06-09T21:06:32.136+0000] {processor.py:840} INFO - DAG(s) 'example_display_name' retrieved from /home/airflow/.local/lib/python3.12/site-packages/airflow/example_dags/example_display_name.py
[2026-06-09T21:06:32.158+0000] {logging_mixin.py:188} INFO - [2026-06-09T21:06:32.158+0000] {dag.py:3096} INFO - Sync 1 DAGs
[2026-06-09T21:06:32.177+0000] {logging_mixin.py:188} INFO - [2026-06-09T21:06:32.177+0000] {dag.py:3954} INFO - Setting next_dagrun for example_display_name to None, run_after=None
[2026-06-09T21:06:32.200+0000] {processor.py:183} INFO - Processing /home/airflow/.local/lib/python3.12/site-packages/airflow/example_dags/example_display_name.py took 0.078 seconds
[2026-06-09T21:07:03.001+0000] {processor.py:161} INFO - Started process (PID=325) to work on /home/airflow/.local/lib/python3.12/site-packages/airflow/example_dags/example_display_name.py
[2026-06-09T21:07:03.001+0000] {processor.py:830} INFO - Processing file /home/airflow/.local/lib/python3.12/site-packages/airflow/example_dags/example_display_name.py for tasks to queue
[2026-06-09T21:07:03.003+0000] {logging_mixin.py:188} INFO - [2026-06-09T21:07:03.003+0000] {dagbag.py:545} INFO - Filling up the DagBag from /home/airflow/.local/lib/python3.12/site-packages/airflow/example_dags/example_display_name.py
[2026-06-09T21:07:03.008+0000] {processor.py:840} INFO - DAG(s) 'example_display_name' retrieved from /home/airflow/.local/lib/python3.12/site-packages/airflow/example_dags/example_display_name.py
[2026-06-09T21:07:03.025+0000] {logging_mixin.py:188} INFO - [2026-06-09T21:07:03.025+0000] {dag.py:3096} INFO - Sync 1 DAGs
[2026-06-09T21:07:03.036+0000] {logging_mixin.py:188} INFO - [2026-06-09T21:07:03.036+0000] {dag.py:3954} INFO - Setting next_dagrun for example_display_name to None, run_after=None
[2026-06-09T21:07:03.056+0000] {processor.py:183} INFO - Processing /home/airflow/.local/lib/python3.12/site-packages/airflow/example_dags/example_display_name.py took 0.061 seconds
[2026-06-09T21:07:33.783+0000] {processor.py:161} INFO - Started process (PID=385) to work on /home/airflow/.local/lib/python3.12/site-packages/airflow/example_dags/example_display_name.py
[2026-06-09T21:07:33.784+0000] {processor.py:830} INFO - Processing file /home/airflow/.local/lib/python3.12/site-packages/airflow/example_dags/example_display_name.py for tasks to queue
[2026-06-09T21:07:33.786+0000] {logging_mixin.py:188} INFO - [2026-06-09T21:07:33.785+0000] {dagbag.py:545} INFO - Filling up the DagBag from /home/airflow/.local/lib/python3.12/site-packages/airflow/example_dags/example_display_name.py
[2026-06-09T21:07:33.790+0000] {processor.py:840} INFO - DAG(s) 'example_display_name' retrieved from /home/airflow/.local/lib/python3.12/site-packages/airflow/example_dags/example_display_name.py
[2026-06-09T21:07:33.810+0000] {logging_mixin.py:188} INFO - [2026-06-09T21:07:33.809+0000] {dag.py:3096} INFO - Sync 1 DAGs
[2026-06-09T21:07:33.823+0000] {logging_mixin.py:188} INFO - [2026-06-09T21:07:33.823+0000] {dag.py:3954} INFO - Setting next_dagrun for example_display_name to None, run_after=None
[2026-06-09T21:07:33.843+0000] {processor.py:183} INFO - Processing /home/airflow/.local/lib/python3.12/site-packages/airflow/example_dags/example_display_name.py took 0.065 seconds
[2026-06-09T21:08:04.302+0000] {processor.py:161} INFO - Started process (PID=445) to work on /home/airflow/.local/lib/python3.12/site-packages/airflow/example_dags/example_display_name.py
[2026-06-09T21:08:04.305+0000] {processor.py:830} INFO - Processing file /home/airflow/.local/lib/python3.12/site-packages/airflow/example_dags/example_display_name.py for tasks to queue
[2026-06-09T21:08:04.312+0000] {logging_mixin.py:188} INFO - [2026-06-09T21:08:04.312+0000] {dagbag.py:545} INFO - Filling up the DagBag from /home/airflow/.local/lib/python3.12/site-packages/airflow/example_dags/example_display_name.py
[2026-06-09T21:08:04.335+0000] {processor.py:840} INFO - DAG(s) 'example_display_name' retrieved from /home/airflow/.local/lib/python3.12/site-packages/airflow/example_dags/example_display_name.py
[2026-06-09T21:08:04.418+0000] {logging_mixin.py:188} INFO - [2026-06-09T21:08:04.418+0000] {dag.py:3096} INFO - Sync 1 DAGs
[2026-06-09T21:08:04.456+0000] {logging_mixin.py:188} INFO - [2026-06-09T21:08:04.455+0000] {dag.py:3954} INFO - Setting next_dagrun for example_display_name to None, run_after=None
[2026-06-09T21:08:04.518+0000] {processor.py:183} INFO - Processing /home/airflow/.local/lib/python3.12/site-packages/airflow/example_dags/example_display_name.py took 0.240 seconds
[2026-06-09T21:08:35.138+0000] {processor.py:161} INFO - Started process (PID=505) to work on /home/airflow/.local/lib/python3.12/site-packages/airflow/example_dags/example_display_name.py
[2026-06-09T21:08:35.139+0000] {processor.py:830} INFO - Processing file /home/airflow/.local/lib/python3.12/site-packages/airflow/example_dags/example_display_name.py for tasks to queue
[2026-06-09T21:08:35.141+0000] {logging_mixin.py:188} INFO - [2026-06-09T21:08:35.141+0000] {dagbag.py:545} INFO - Filling up the DagBag from /home/airflow/.local/lib/python3.12/site-packages/airflow/example_dags/example_display_name.py
[2026-06-09T21:08:35.147+0000] {processor.py:840} INFO - DAG(s) 'example_display_name' retrieved from /home/airflow/.local/lib/python3.12/site-packages/airflow/example_dags/example_display_name.py
[2026-06-09T21:08:35.169+0000] {logging_mixin.py:188} INFO - [2026-06-09T21:08:35.169+0000] {dag.py:3096} INFO - Sync 1 DAGs
[2026-06-09T21:08:35.184+0000] {logging_mixin.py:188} INFO - [2026-06-09T21:08:35.183+0000] {dag.py:3954} INFO - Setting next_dagrun for example_display_name to None, run_after=None
[2026-06-09T21:08:35.202+0000] {processor.py:183} INFO - Processing /home/airflow/.local/lib/python3.12/site-packages/airflow/example_dags/example_display_name.py took 0.070 seconds
[2026-06-09T21:09:05.940+0000] {processor.py:161} INFO - Started process (PID=565) to work on /home/airflow/.local/lib/python3.12/site-packages/airflow/example_dags/example_display_name.py
[2026-06-09T21:09:05.941+0000] {processor.py:830} INFO - Processing file /home/airflow/.local/lib/python3.12/site-packages/airflow/example_dags/example_display_name.py for tasks to queue
[2026-06-09T21:09:05.943+0000] {logging_mixin.py:188} INFO - [2026-06-09T21:09:05.943+0000] {dagbag.py:545} INFO - Filling up the DagBag from /home/airflow/.local/lib/python3.12/site-packages/airflow/example_dags/example_display_name.py
[2026-06-09T21:09:05.950+0000] {processor.py:840} INFO - DAG(s) 'example_display_name' retrieved from /home/airflow/.local/lib/python3.12/site-packages/airflow/example_dags/example_display_name.py
[2026-06-09T21:09:05.993+0000] {logging_mixin.py:188} INFO - [2026-06-09T21:09:05.992+0000] {dag.py:3096} INFO - Sync 1 DAGs
[2026-06-09T21:09:06.021+0000] {logging_mixin.py:188} INFO - [2026-06-09T21:09:06.021+0000] {dag.py:3954} INFO - Setting next_dagrun for example_display_name to None, run_after=None
[2026-06-09T21:09:06.039+0000] {processor.py:183} INFO - Processing /home/airflow/.local/lib/python3.12/site-packages/airflow/example_dags/example_display_name.py took 0.119 seconds
[2026-06-09T21:09:37.013+0000] {processor.py:161} INFO - Started process (PID=625) to work on /home/airflow/.local/lib/python3.12/site-packages/airflow/example_dags/example_display_name.py
[2026-06-09T21:09:37.015+0000] {processor.py:830} INFO - Processing file /home/airflow/.local/lib/python3.12/site-packages/airflow/example_dags/example_display_name.py for tasks to queue
[2026-06-09T21:09:37.018+0000] {logging_mixin.py:188} INFO - [2026-06-09T21:09:37.018+0000] {dagbag.py:545} INFO - Filling up the DagBag from /home/airflow/.local/lib/python3.12/site-packages/airflow/example_dags/example_display_name.py
[2026-06-09T21:09:37.031+0000] {processor.py:840} INFO - DAG(s) 'example_display_name' retrieved from /home/airflow/.local/lib/python3.12/site-packages/airflow/example_dags/example_display_name.py
[2026-06-09T21:09:37.065+0000] {logging_mixin.py:188} INFO - [2026-06-09T21:09:37.064+0000] {dag.py:3096} INFO - Sync 1 DAGs
[2026-06-09T21:09:37.077+0000] {logging_mixin.py:188} INFO - [2026-06-09T21:09:37.077+0000] {dag.py:3954} INFO - Setting next_dagrun for example_display_name to None, run_after=None
[2026-06-09T21:09:37.094+0000] {processor.py:183} INFO - Processing /home/airflow/.local/lib/python3.12/site-packages/airflow/example_dags/example_display_name.py took 0.094 seconds
[2026-06-09T21:10:07.747+0000] {processor.py:161} INFO - Started process (PID=685) to work on /home/airflow/.local/lib/python3.12/site-packages/airflow/example_dags/example_display_name.py
[2026-06-09T21:10:07.749+0000] {processor.py:830} INFO - Processing file /home/airflow/.local/lib/python3.12/site-packages/airflow/example_dags/example_display_name.py for tasks to queue
[2026-06-09T21:10:07.753+0000] {logging_mixin.py:188} INFO - [2026-06-09T21:10:07.751+0000] {dagbag.py:545} INFO - Filling up the DagBag from /home/airflow/.local/lib/python3.12/site-packages/airflow/example_dags/example_display_name.py
[2026-06-09T21:10:07.767+0000] {processor.py:840} INFO - DAG(s) 'example_display_name' retrieved from /home/airflow/.local/lib/python3.12/site-packages/airflow/example_dags/example_display_name.py
[2026-06-09T21:10:07.816+0000] {logging_mixin.py:188} INFO - [2026-06-09T21:10:07.816+0000] {dag.py:3096} INFO - Sync 1 DAGs
[2026-06-09T21:10:07.834+0000] {logging_mixin.py:188} INFO - [2026-06-09T21:10:07.834+0000] {dag.py:3954} INFO - Setting next_dagrun for example_display_name to None, run_after=None
[2026-06-09T21:10:07.859+0000] {processor.py:183} INFO - Processing /home/airflow/.local/lib/python3.12/site-packages/airflow/example_dags/example_display_name.py took 0.128 seconds
[2026-06-09T21:10:38.462+0000] {processor.py:161} INFO - Started process (PID=745) to work on /home/airflow/.local/lib/python3.12/site-packages/airflow/example_dags/example_display_name.py
[2026-06-09T21:10:38.465+0000] {processor.py:830} INFO - Processing file /home/airflow/.local/lib/python3.12/site-packages/airflow/example_dags/example_display_name.py for tasks to queue
[2026-06-09T21:10:38.469+0000] {logging_mixin.py:188} INFO - [2026-06-09T21:10:38.469+0000] {dagbag.py:545} INFO - Filling up the DagBag from /home/airflow/.local/lib/python3.12/site-packages/airflow/example_dags/example_display_name.py
[2026-06-09T21:10:38.476+0000] {processor.py:840} INFO - DAG(s) 'example_display_name' retrieved from /home/airflow/.local/lib/python3.12/site-packages/airflow/example_dags/example_display_name.py
[2026-06-09T21:10:38.559+0000] {logging_mixin.py:188} INFO - [2026-06-09T21:10:38.559+0000] {dag.py:3096} INFO - Sync 1 DAGs
[2026-06-09T21:10:38.610+0000] {logging_mixin.py:188} INFO - [2026-06-09T21:10:38.610+0000] {dag.py:3954} INFO - Setting next_dagrun for example_display_name to None, run_after=None
[2026-06-09T21:10:38.726+0000] {processor.py:183} INFO - Processing /home/airflow/.local/lib/python3.12/site-packages/airflow/example_dags/example_display_name.py took 0.289 seconds
[2026-06-09T21:11:09.571+0000] {processor.py:161} INFO - Started process (PID=805) to work on /home/airflow/.local/lib/python3.12/site-packages/airflow/example_dags/example_display_name.py
[2026-06-09T21:11:09.575+0000] {processor.py:830} INFO - Processing file /home/airflow/.local/lib/python3.12/site-packages/airflow/example_dags/example_display_name.py for tasks to queue
[2026-06-09T21:11:09.588+0000] {logging_mixin.py:188} INFO - [2026-06-09T21:11:09.583+0000] {dagbag.py:545} INFO - Filling up the DagBag from /home/airflow/.local/lib/python3.12/site-packages/airflow/example_dags/example_display_name.py
[2026-06-09T21:11:09.617+0000] {processor.py:840} INFO - DAG(s) 'example_display_name' retrieved from /home/airflow/.local/lib/python3.12/site-packages/airflow/example_dags/example_display_name.py
[2026-06-09T21:11:09.732+0000] {logging_mixin.py:188} INFO - [2026-06-09T21:11:09.732+0000] {dag.py:3096} INFO - Sync 1 DAGs
[2026-06-09T21:11:09.795+0000] {logging_mixin.py:188} INFO - [2026-06-09T21:11:09.794+0000] {dag.py:3954} INFO - Setting next_dagrun for example_display_name to None, run_after=None
[2026-06-09T21:11:09.859+0000] {processor.py:183} INFO - Processing /home/airflow/.local/lib/python3.12/site-packages/airflow/example_dags/example_display_name.py took 0.315 seconds
[2026-06-09T21:11:40.255+0000] {processor.py:161} INFO - Started process (PID=865) to work on /home/airflow/.local/lib/python3.12/site-packages/airflow/example_dags/example_display_name.py
[2026-06-09T21:11:40.256+0000] {processor.py:830} INFO - Processing file /home/airflow/.local/lib/python3.12/site-packages/airflow/example_dags/example_display_name.py for tasks to queue
[2026-06-09T21:11:40.263+0000] {logging_mixin.py:188} INFO - [2026-06-09T21:11:40.260+0000] {dagbag.py:545} INFO - Filling up the DagBag from /home/airflow/.local/lib/python3.12/site-packages/airflow/example_dags/example_display_name.py
[2026-06-09T21:11:40.283+0000] {processor.py:840} INFO - DAG(s) 'example_display_name' retrieved from /home/airflow/.local/lib/python3.12/site-packages/airflow/example_dags/example_display_name.py
[2026-06-09T21:11:40.427+0000] {logging_mixin.py:188} INFO - [2026-06-09T21:11:40.426+0000] {dag.py:3096} INFO - Sync 1 DAGs
[2026-06-09T21:11:40.485+0000] {logging_mixin.py:188} INFO - [2026-06-09T21:11:40.485+0000] {dag.py:3954} INFO - Setting next_dagrun for example_display_name to None, run_after=None
[2026-06-09T21:11:40.680+0000] {processor.py:183} INFO - Processing /home/airflow/.local/lib/python3.12/site-packages/airflow/example_dags/example_display_name.py took 0.433 seconds
[2026-06-09T21:12:11.114+0000] {processor.py:161} INFO - Started process (PID=925) to work on /home/airflow/.local/lib/python3.12/site-packages/airflow/example_dags/example_display_name.py
[2026-06-09T21:12:11.118+0000] {processor.py:830} INFO - Processing file /home/airflow/.local/lib/python3.12/site-packages/airflow/example_dags/example_display_name.py for tasks to queue
[2026-06-09T21:12:11.122+0000] {logging_mixin.py:188} INFO - [2026-06-09T21:12:11.122+0000] {dagbag.py:545} INFO - Filling up the DagBag from /home/airflow/.local/lib/python3.12/site-packages/airflow/example_dags/example_display_name.py
[2026-06-09T21:12:11.136+0000] {processor.py:840} INFO - DAG(s) 'example_display_name' retrieved from /home/airflow/.local/lib/python3.12/site-packages/airflow/example_dags/example_display_name.py
[2026-06-09T21:12:11.162+0000] {logging_mixin.py:188} INFO - [2026-06-09T21:12:11.161+0000] {dag.py:3096} INFO - Sync 1 DAGs
[2026-06-09T21:12:11.179+0000] {logging_mixin.py:188} INFO - [2026-06-09T21:12:11.179+0000] {dag.py:3954} INFO - Setting next_dagrun for example_display_name to None, run_after=None
[2026-06-09T21:12:11.203+0000] {processor.py:183} INFO - Processing /home/airflow/.local/lib/python3.12/site-packages/airflow/example_dags/example_display_name.py took 0.104 seconds
[2026-06-09T21:12:41.323+0000] {processor.py:161} INFO - Started process (PID=985) to work on /home/airflow/.local/lib/python3.12/site-packages/airflow/example_dags/example_display_name.py
[2026-06-09T21:12:41.324+0000] {processor.py:830} INFO - Processing file /home/airflow/.local/lib/python3.12/site-packages/airflow/example_dags/example_display_name.py for tasks to queue
[2026-06-09T21:12:41.326+0000] {logging_mixin.py:188} INFO - [2026-06-09T21:12:41.325+0000] {dagbag.py:545} INFO - Filling up the DagBag from /home/airflow/.local/lib/python3.12/site-packages/airflow/example_dags/example_display_name.py
[2026-06-09T21:12:41.332+0000] {processor.py:840} INFO - DAG(s) 'example_display_name' retrieved from /home/airflow/.local/lib/python3.12/site-packages/airflow/example_dags/example_display_name.py
[2026-06-09T21:12:41.362+0000] {logging_mixin.py:188} INFO - [2026-06-09T21:12:41.362+0000] {dag.py:3096} INFO - Sync 1 DAGs
[2026-06-09T21:12:41.380+0000] {logging_mixin.py:188} INFO - [2026-06-09T21:12:41.380+0000] {dag.py:3954} INFO - Setting next_dagrun for example_display_name to None, run_after=None
[2026-06-09T21:12:41.401+0000] {processor.py:183} INFO - Processing /home/airflow/.local/lib/python3.12/site-packages/airflow/example_dags/example_display_name.py took 0.085 seconds
