[2026-06-09T20:27:27.377+0000] {processor.py:161} INFO - Started process (PID=76) to work on /home/airflow/.local/lib/python3.12/site-packages/airflow/example_dags/example_short_circuit_operator.py
[2026-06-09T20:27:27.385+0000] {processor.py:830} INFO - Processing file /home/airflow/.local/lib/python3.12/site-packages/airflow/example_dags/example_short_circuit_operator.py for tasks to queue
[2026-06-09T20:27:27.403+0000] {logging_mixin.py:188} INFO - [2026-06-09T20:27:27.400+0000] {dagbag.py:545} INFO - Filling up the DagBag from /home/airflow/.local/lib/python3.12/site-packages/airflow/example_dags/example_short_circuit_operator.py
[2026-06-09T20:27:27.474+0000] {processor.py:840} INFO - DAG(s) 'example_short_circuit_operator' retrieved from /home/airflow/.local/lib/python3.12/site-packages/airflow/example_dags/example_short_circuit_operator.py
[2026-06-09T20:27:29.016+0000] {logging_mixin.py:188} INFO - [2026-06-09T20:27:29.015+0000] {override.py:1829} INFO - Created Permission View: can edit on DAG:example_short_circuit_operator
[2026-06-09T20:27:29.060+0000] {logging_mixin.py:188} INFO - [2026-06-09T20:27:29.059+0000] {override.py:1829} INFO - Created Permission View: can read on DAG:example_short_circuit_operator
[2026-06-09T20:27:29.143+0000] {logging_mixin.py:188} INFO - [2026-06-09T20:27:29.142+0000] {override.py:1829} INFO - Created Permission View: can delete on DAG:example_short_circuit_operator
[2026-06-09T20:27:29.147+0000] {logging_mixin.py:188} INFO - [2026-06-09T20:27:29.146+0000] {dag.py:3096} INFO - Sync 1 DAGs
[2026-06-09T20:27:29.278+0000] {logging_mixin.py:188} INFO - [2026-06-09T20:27:29.278+0000] {dag.py:3118} INFO - Creating ORM DAG for example_short_circuit_operator
[2026-06-09T20:27:29.388+0000] {logging_mixin.py:188} INFO - [2026-06-09T20:27:29.387+0000] {dag.py:3954} INFO - Setting next_dagrun for example_short_circuit_operator to 2026-06-08 00:00:00+00:00, run_after=2026-06-09 00:00:00+00:00
[2026-06-09T20:27:29.526+0000] {processor.py:183} INFO - Processing /home/airflow/.local/lib/python3.12/site-packages/airflow/example_dags/example_short_circuit_operator.py took 2.220 seconds
[2026-06-09T20:28:03.941+0000] {processor.py:161} INFO - Started process (PID=136) to work on /home/airflow/.local/lib/python3.12/site-packages/airflow/example_dags/example_short_circuit_operator.py
[2026-06-09T20:28:03.942+0000] {processor.py:830} INFO - Processing file /home/airflow/.local/lib/python3.12/site-packages/airflow/example_dags/example_short_circuit_operator.py for tasks to queue
[2026-06-09T20:28:03.945+0000] {logging_mixin.py:188} INFO - [2026-06-09T20:28:03.944+0000] {dagbag.py:545} INFO - Filling up the DagBag from /home/airflow/.local/lib/python3.12/site-packages/airflow/example_dags/example_short_circuit_operator.py
[2026-06-09T20:28:03.966+0000] {processor.py:840} INFO - DAG(s) 'example_short_circuit_operator' retrieved from /home/airflow/.local/lib/python3.12/site-packages/airflow/example_dags/example_short_circuit_operator.py
[2026-06-09T20:28:04.000+0000] {logging_mixin.py:188} INFO - [2026-06-09T20:28:03.999+0000] {dag.py:3096} INFO - Sync 1 DAGs
[2026-06-09T20:28:04.035+0000] {logging_mixin.py:188} INFO - [2026-06-09T20:28:04.035+0000] {dag.py:3954} INFO - Setting next_dagrun for example_short_circuit_operator to 2026-06-08 00:00:00+00:00, run_after=2026-06-09 00:00:00+00:00
[2026-06-09T20:28:04.141+0000] {processor.py:183} INFO - Processing /home/airflow/.local/lib/python3.12/site-packages/airflow/example_dags/example_short_circuit_operator.py took 0.208 seconds
[2026-06-09T20:28:34.304+0000] {processor.py:161} INFO - Started process (PID=194) to work on /home/airflow/.local/lib/python3.12/site-packages/airflow/example_dags/example_short_circuit_operator.py
[2026-06-09T20:28:34.304+0000] {processor.py:830} INFO - Processing file /home/airflow/.local/lib/python3.12/site-packages/airflow/example_dags/example_short_circuit_operator.py for tasks to queue
[2026-06-09T20:28:34.306+0000] {logging_mixin.py:188} INFO - [2026-06-09T20:28:34.306+0000] {dagbag.py:545} INFO - Filling up the DagBag from /home/airflow/.local/lib/python3.12/site-packages/airflow/example_dags/example_short_circuit_operator.py
[2026-06-09T20:28:34.313+0000] {processor.py:840} INFO - DAG(s) 'example_short_circuit_operator' retrieved from /home/airflow/.local/lib/python3.12/site-packages/airflow/example_dags/example_short_circuit_operator.py
[2026-06-09T20:28:34.344+0000] {logging_mixin.py:188} INFO - [2026-06-09T20:28:34.344+0000] {dag.py:3096} INFO - Sync 1 DAGs
[2026-06-09T20:28:34.364+0000] {logging_mixin.py:188} INFO - [2026-06-09T20:28:34.364+0000] {dag.py:3954} INFO - Setting next_dagrun for example_short_circuit_operator to 2026-06-08 00:00:00+00:00, run_after=2026-06-09 00:00:00+00:00
[2026-06-09T20:28:34.380+0000] {processor.py:183} INFO - Processing /home/airflow/.local/lib/python3.12/site-packages/airflow/example_dags/example_short_circuit_operator.py took 0.082 seconds
[2026-06-09T20:29:04.676+0000] {processor.py:161} INFO - Started process (PID=254) to work on /home/airflow/.local/lib/python3.12/site-packages/airflow/example_dags/example_short_circuit_operator.py
[2026-06-09T20:29:04.709+0000] {processor.py:830} INFO - Processing file /home/airflow/.local/lib/python3.12/site-packages/airflow/example_dags/example_short_circuit_operator.py for tasks to queue
[2026-06-09T20:29:04.712+0000] {logging_mixin.py:188} INFO - [2026-06-09T20:29:04.711+0000] {dagbag.py:545} INFO - Filling up the DagBag from /home/airflow/.local/lib/python3.12/site-packages/airflow/example_dags/example_short_circuit_operator.py
[2026-06-09T20:29:04.722+0000] {processor.py:840} INFO - DAG(s) 'example_short_circuit_operator' retrieved from /home/airflow/.local/lib/python3.12/site-packages/airflow/example_dags/example_short_circuit_operator.py
[2026-06-09T20:29:04.785+0000] {logging_mixin.py:188} INFO - [2026-06-09T20:29:04.785+0000] {dag.py:3096} INFO - Sync 1 DAGs
[2026-06-09T20:29:04.816+0000] {logging_mixin.py:188} INFO - [2026-06-09T20:29:04.815+0000] {dag.py:3954} INFO - Setting next_dagrun for example_short_circuit_operator to 2026-06-08 00:00:00+00:00, run_after=2026-06-09 00:00:00+00:00
[2026-06-09T20:29:04.838+0000] {processor.py:183} INFO - Processing /home/airflow/.local/lib/python3.12/site-packages/airflow/example_dags/example_short_circuit_operator.py took 0.204 seconds
[2026-06-09T20:29:35.185+0000] {processor.py:161} INFO - Started process (PID=314) to work on /home/airflow/.local/lib/python3.12/site-packages/airflow/example_dags/example_short_circuit_operator.py
[2026-06-09T20:29:35.186+0000] {processor.py:830} INFO - Processing file /home/airflow/.local/lib/python3.12/site-packages/airflow/example_dags/example_short_circuit_operator.py for tasks to queue
[2026-06-09T20:29:35.188+0000] {logging_mixin.py:188} INFO - [2026-06-09T20:29:35.188+0000] {dagbag.py:545} INFO - Filling up the DagBag from /home/airflow/.local/lib/python3.12/site-packages/airflow/example_dags/example_short_circuit_operator.py
[2026-06-09T20:29:35.198+0000] {processor.py:840} INFO - DAG(s) 'example_short_circuit_operator' retrieved from /home/airflow/.local/lib/python3.12/site-packages/airflow/example_dags/example_short_circuit_operator.py
[2026-06-09T20:29:35.230+0000] {logging_mixin.py:188} INFO - [2026-06-09T20:29:35.230+0000] {dag.py:3096} INFO - Sync 1 DAGs
[2026-06-09T20:29:35.258+0000] {logging_mixin.py:188} INFO - [2026-06-09T20:29:35.257+0000] {dag.py:3954} INFO - Setting next_dagrun for example_short_circuit_operator to 2026-06-08 00:00:00+00:00, run_after=2026-06-09 00:00:00+00:00
[2026-06-09T20:29:35.274+0000] {processor.py:183} INFO - Processing /home/airflow/.local/lib/python3.12/site-packages/airflow/example_dags/example_short_circuit_operator.py took 0.096 seconds
[2026-06-09T20:30:05.939+0000] {processor.py:161} INFO - Started process (PID=374) to work on /home/airflow/.local/lib/python3.12/site-packages/airflow/example_dags/example_short_circuit_operator.py
[2026-06-09T20:30:05.940+0000] {processor.py:830} INFO - Processing file /home/airflow/.local/lib/python3.12/site-packages/airflow/example_dags/example_short_circuit_operator.py for tasks to queue
[2026-06-09T20:30:05.942+0000] {logging_mixin.py:188} INFO - [2026-06-09T20:30:05.942+0000] {dagbag.py:545} INFO - Filling up the DagBag from /home/airflow/.local/lib/python3.12/site-packages/airflow/example_dags/example_short_circuit_operator.py
[2026-06-09T20:30:05.952+0000] {processor.py:840} INFO - DAG(s) 'example_short_circuit_operator' retrieved from /home/airflow/.local/lib/python3.12/site-packages/airflow/example_dags/example_short_circuit_operator.py
[2026-06-09T20:30:05.984+0000] {logging_mixin.py:188} INFO - [2026-06-09T20:30:05.983+0000] {dag.py:3096} INFO - Sync 1 DAGs
[2026-06-09T20:30:06.016+0000] {logging_mixin.py:188} INFO - [2026-06-09T20:30:06.015+0000] {dag.py:3954} INFO - Setting next_dagrun for example_short_circuit_operator to 2026-06-08 00:00:00+00:00, run_after=2026-06-09 00:00:00+00:00
[2026-06-09T20:30:06.039+0000] {processor.py:183} INFO - Processing /home/airflow/.local/lib/python3.12/site-packages/airflow/example_dags/example_short_circuit_operator.py took 0.107 seconds
[2026-06-09T20:30:36.915+0000] {processor.py:161} INFO - Started process (PID=434) to work on /home/airflow/.local/lib/python3.12/site-packages/airflow/example_dags/example_short_circuit_operator.py
[2026-06-09T20:30:36.916+0000] {processor.py:830} INFO - Processing file /home/airflow/.local/lib/python3.12/site-packages/airflow/example_dags/example_short_circuit_operator.py for tasks to queue
[2026-06-09T20:30:36.918+0000] {logging_mixin.py:188} INFO - [2026-06-09T20:30:36.918+0000] {dagbag.py:545} INFO - Filling up the DagBag from /home/airflow/.local/lib/python3.12/site-packages/airflow/example_dags/example_short_circuit_operator.py
[2026-06-09T20:30:36.928+0000] {processor.py:840} INFO - DAG(s) 'example_short_circuit_operator' retrieved from /home/airflow/.local/lib/python3.12/site-packages/airflow/example_dags/example_short_circuit_operator.py
[2026-06-09T20:30:36.961+0000] {logging_mixin.py:188} INFO - [2026-06-09T20:30:36.960+0000] {dag.py:3096} INFO - Sync 1 DAGs
[2026-06-09T20:30:36.990+0000] {logging_mixin.py:188} INFO - [2026-06-09T20:30:36.990+0000] {dag.py:3954} INFO - Setting next_dagrun for example_short_circuit_operator to 2026-06-08 00:00:00+00:00, run_after=2026-06-09 00:00:00+00:00
[2026-06-09T20:30:37.008+0000] {processor.py:183} INFO - Processing /home/airflow/.local/lib/python3.12/site-packages/airflow/example_dags/example_short_circuit_operator.py took 0.101 seconds
[2026-06-09T20:31:07.474+0000] {processor.py:161} INFO - Started process (PID=495) to work on /home/airflow/.local/lib/python3.12/site-packages/airflow/example_dags/example_short_circuit_operator.py
[2026-06-09T20:31:07.475+0000] {processor.py:830} INFO - Processing file /home/airflow/.local/lib/python3.12/site-packages/airflow/example_dags/example_short_circuit_operator.py for tasks to queue
[2026-06-09T20:31:07.477+0000] {logging_mixin.py:188} INFO - [2026-06-09T20:31:07.477+0000] {dagbag.py:545} INFO - Filling up the DagBag from /home/airflow/.local/lib/python3.12/site-packages/airflow/example_dags/example_short_circuit_operator.py
[2026-06-09T20:31:07.487+0000] {processor.py:840} INFO - DAG(s) 'example_short_circuit_operator' retrieved from /home/airflow/.local/lib/python3.12/site-packages/airflow/example_dags/example_short_circuit_operator.py
[2026-06-09T20:31:07.516+0000] {logging_mixin.py:188} INFO - [2026-06-09T20:31:07.516+0000] {dag.py:3096} INFO - Sync 1 DAGs
[2026-06-09T20:31:07.537+0000] {logging_mixin.py:188} INFO - [2026-06-09T20:31:07.536+0000] {dag.py:3954} INFO - Setting next_dagrun for example_short_circuit_operator to 2026-06-08 00:00:00+00:00, run_after=2026-06-09 00:00:00+00:00
[2026-06-09T20:31:07.553+0000] {processor.py:183} INFO - Processing /home/airflow/.local/lib/python3.12/site-packages/airflow/example_dags/example_short_circuit_operator.py took 0.088 seconds
[2026-06-09T20:31:37.683+0000] {processor.py:161} INFO - Started process (PID=555) to work on /home/airflow/.local/lib/python3.12/site-packages/airflow/example_dags/example_short_circuit_operator.py
[2026-06-09T20:31:37.684+0000] {processor.py:830} INFO - Processing file /home/airflow/.local/lib/python3.12/site-packages/airflow/example_dags/example_short_circuit_operator.py for tasks to queue
[2026-06-09T20:31:37.686+0000] {logging_mixin.py:188} INFO - [2026-06-09T20:31:37.685+0000] {dagbag.py:545} INFO - Filling up the DagBag from /home/airflow/.local/lib/python3.12/site-packages/airflow/example_dags/example_short_circuit_operator.py
[2026-06-09T20:31:37.695+0000] {processor.py:840} INFO - DAG(s) 'example_short_circuit_operator' retrieved from /home/airflow/.local/lib/python3.12/site-packages/airflow/example_dags/example_short_circuit_operator.py
[2026-06-09T20:31:37.728+0000] {logging_mixin.py:188} INFO - [2026-06-09T20:31:37.728+0000] {dag.py:3096} INFO - Sync 1 DAGs
[2026-06-09T20:31:37.758+0000] {logging_mixin.py:188} INFO - [2026-06-09T20:31:37.757+0000] {dag.py:3954} INFO - Setting next_dagrun for example_short_circuit_operator to 2026-06-08 00:00:00+00:00, run_after=2026-06-09 00:00:00+00:00
[2026-06-09T20:31:37.774+0000] {processor.py:183} INFO - Processing /home/airflow/.local/lib/python3.12/site-packages/airflow/example_dags/example_short_circuit_operator.py took 0.099 seconds
[2026-06-09T20:32:07.941+0000] {processor.py:161} INFO - Started process (PID=615) to work on /home/airflow/.local/lib/python3.12/site-packages/airflow/example_dags/example_short_circuit_operator.py
[2026-06-09T20:32:07.942+0000] {processor.py:830} INFO - Processing file /home/airflow/.local/lib/python3.12/site-packages/airflow/example_dags/example_short_circuit_operator.py for tasks to queue
[2026-06-09T20:32:07.944+0000] {logging_mixin.py:188} INFO - [2026-06-09T20:32:07.944+0000] {dagbag.py:545} INFO - Filling up the DagBag from /home/airflow/.local/lib/python3.12/site-packages/airflow/example_dags/example_short_circuit_operator.py
[2026-06-09T20:32:07.954+0000] {processor.py:840} INFO - DAG(s) 'example_short_circuit_operator' retrieved from /home/airflow/.local/lib/python3.12/site-packages/airflow/example_dags/example_short_circuit_operator.py
[2026-06-09T20:32:07.986+0000] {logging_mixin.py:188} INFO - [2026-06-09T20:32:07.985+0000] {dag.py:3096} INFO - Sync 1 DAGs
[2026-06-09T20:32:08.008+0000] {logging_mixin.py:188} INFO - [2026-06-09T20:32:08.008+0000] {dag.py:3954} INFO - Setting next_dagrun for example_short_circuit_operator to 2026-06-08 00:00:00+00:00, run_after=2026-06-09 00:00:00+00:00
[2026-06-09T20:32:08.025+0000] {processor.py:183} INFO - Processing /home/airflow/.local/lib/python3.12/site-packages/airflow/example_dags/example_short_circuit_operator.py took 0.092 seconds
[2026-06-09T20:32:38.480+0000] {processor.py:161} INFO - Started process (PID=674) to work on /home/airflow/.local/lib/python3.12/site-packages/airflow/example_dags/example_short_circuit_operator.py
[2026-06-09T20:32:38.481+0000] {processor.py:830} INFO - Processing file /home/airflow/.local/lib/python3.12/site-packages/airflow/example_dags/example_short_circuit_operator.py for tasks to queue
[2026-06-09T20:32:38.483+0000] {logging_mixin.py:188} INFO - [2026-06-09T20:32:38.482+0000] {dagbag.py:545} INFO - Filling up the DagBag from /home/airflow/.local/lib/python3.12/site-packages/airflow/example_dags/example_short_circuit_operator.py
[2026-06-09T20:32:38.492+0000] {processor.py:840} INFO - DAG(s) 'example_short_circuit_operator' retrieved from /home/airflow/.local/lib/python3.12/site-packages/airflow/example_dags/example_short_circuit_operator.py
[2026-06-09T20:32:38.529+0000] {logging_mixin.py:188} INFO - [2026-06-09T20:32:38.528+0000] {dag.py:3096} INFO - Sync 1 DAGs
[2026-06-09T20:32:38.553+0000] {logging_mixin.py:188} INFO - [2026-06-09T20:32:38.553+0000] {dag.py:3954} INFO - Setting next_dagrun for example_short_circuit_operator to 2026-06-08 00:00:00+00:00, run_after=2026-06-09 00:00:00+00:00
[2026-06-09T20:32:38.572+0000] {processor.py:183} INFO - Processing /home/airflow/.local/lib/python3.12/site-packages/airflow/example_dags/example_short_circuit_operator.py took 0.100 seconds
[2026-06-09T20:33:09.334+0000] {processor.py:161} INFO - Started process (PID=734) to work on /home/airflow/.local/lib/python3.12/site-packages/airflow/example_dags/example_short_circuit_operator.py
[2026-06-09T20:33:09.338+0000] {processor.py:830} INFO - Processing file /home/airflow/.local/lib/python3.12/site-packages/airflow/example_dags/example_short_circuit_operator.py for tasks to queue
[2026-06-09T20:33:09.345+0000] {logging_mixin.py:188} INFO - [2026-06-09T20:33:09.344+0000] {dagbag.py:545} INFO - Filling up the DagBag from /home/airflow/.local/lib/python3.12/site-packages/airflow/example_dags/example_short_circuit_operator.py
[2026-06-09T20:33:09.364+0000] {processor.py:840} INFO - DAG(s) 'example_short_circuit_operator' retrieved from /home/airflow/.local/lib/python3.12/site-packages/airflow/example_dags/example_short_circuit_operator.py
[2026-06-09T20:33:09.396+0000] {logging_mixin.py:188} INFO - [2026-06-09T20:33:09.395+0000] {dag.py:3096} INFO - Sync 1 DAGs
[2026-06-09T20:33:09.424+0000] {logging_mixin.py:188} INFO - [2026-06-09T20:33:09.424+0000] {dag.py:3954} INFO - Setting next_dagrun for example_short_circuit_operator to 2026-06-08 00:00:00+00:00, run_after=2026-06-09 00:00:00+00:00
[2026-06-09T20:33:09.445+0000] {processor.py:183} INFO - Processing /home/airflow/.local/lib/python3.12/site-packages/airflow/example_dags/example_short_circuit_operator.py took 0.136 seconds
[2026-06-09T20:33:40.535+0000] {processor.py:161} INFO - Started process (PID=794) to work on /home/airflow/.local/lib/python3.12/site-packages/airflow/example_dags/example_short_circuit_operator.py
[2026-06-09T20:33:40.539+0000] {processor.py:830} INFO - Processing file /home/airflow/.local/lib/python3.12/site-packages/airflow/example_dags/example_short_circuit_operator.py for tasks to queue
[2026-06-09T20:33:40.545+0000] {logging_mixin.py:188} INFO - [2026-06-09T20:33:40.545+0000] {dagbag.py:545} INFO - Filling up the DagBag from /home/airflow/.local/lib/python3.12/site-packages/airflow/example_dags/example_short_circuit_operator.py
[2026-06-09T20:33:40.569+0000] {processor.py:840} INFO - DAG(s) 'example_short_circuit_operator' retrieved from /home/airflow/.local/lib/python3.12/site-packages/airflow/example_dags/example_short_circuit_operator.py
[2026-06-09T20:33:40.635+0000] {logging_mixin.py:188} INFO - [2026-06-09T20:33:40.635+0000] {dag.py:3096} INFO - Sync 1 DAGs
[2026-06-09T20:33:40.698+0000] {logging_mixin.py:188} INFO - [2026-06-09T20:33:40.698+0000] {dag.py:3954} INFO - Setting next_dagrun for example_short_circuit_operator to 2026-06-08 00:00:00+00:00, run_after=2026-06-09 00:00:00+00:00
[2026-06-09T20:33:40.721+0000] {processor.py:183} INFO - Processing /home/airflow/.local/lib/python3.12/site-packages/airflow/example_dags/example_short_circuit_operator.py took 0.208 seconds
[2026-06-09T20:34:11.471+0000] {processor.py:161} INFO - Started process (PID=860) to work on /home/airflow/.local/lib/python3.12/site-packages/airflow/example_dags/example_short_circuit_operator.py
[2026-06-09T20:34:11.472+0000] {processor.py:830} INFO - Processing file /home/airflow/.local/lib/python3.12/site-packages/airflow/example_dags/example_short_circuit_operator.py for tasks to queue
[2026-06-09T20:34:11.474+0000] {logging_mixin.py:188} INFO - [2026-06-09T20:34:11.473+0000] {dagbag.py:545} INFO - Filling up the DagBag from /home/airflow/.local/lib/python3.12/site-packages/airflow/example_dags/example_short_circuit_operator.py
[2026-06-09T20:34:11.481+0000] {processor.py:840} INFO - DAG(s) 'example_short_circuit_operator' retrieved from /home/airflow/.local/lib/python3.12/site-packages/airflow/example_dags/example_short_circuit_operator.py
[2026-06-09T20:34:11.503+0000] {logging_mixin.py:188} INFO - [2026-06-09T20:34:11.502+0000] {dag.py:3096} INFO - Sync 1 DAGs
[2026-06-09T20:34:11.524+0000] {logging_mixin.py:188} INFO - [2026-06-09T20:34:11.524+0000] {dag.py:3954} INFO - Setting next_dagrun for example_short_circuit_operator to 2026-06-08 00:00:00+00:00, run_after=2026-06-09 00:00:00+00:00
[2026-06-09T20:34:11.548+0000] {processor.py:183} INFO - Processing /home/airflow/.local/lib/python3.12/site-packages/airflow/example_dags/example_short_circuit_operator.py took 0.082 seconds
[2026-06-09T20:34:42.133+0000] {processor.py:161} INFO - Started process (PID=920) to work on /home/airflow/.local/lib/python3.12/site-packages/airflow/example_dags/example_short_circuit_operator.py
[2026-06-09T20:34:42.134+0000] {processor.py:830} INFO - Processing file /home/airflow/.local/lib/python3.12/site-packages/airflow/example_dags/example_short_circuit_operator.py for tasks to queue
[2026-06-09T20:34:42.135+0000] {logging_mixin.py:188} INFO - [2026-06-09T20:34:42.135+0000] {dagbag.py:545} INFO - Filling up the DagBag from /home/airflow/.local/lib/python3.12/site-packages/airflow/example_dags/example_short_circuit_operator.py
[2026-06-09T20:34:42.143+0000] {processor.py:840} INFO - DAG(s) 'example_short_circuit_operator' retrieved from /home/airflow/.local/lib/python3.12/site-packages/airflow/example_dags/example_short_circuit_operator.py
[2026-06-09T20:34:42.165+0000] {logging_mixin.py:188} INFO - [2026-06-09T20:34:42.164+0000] {dag.py:3096} INFO - Sync 1 DAGs
[2026-06-09T20:34:42.185+0000] {logging_mixin.py:188} INFO - [2026-06-09T20:34:42.185+0000] {dag.py:3954} INFO - Setting next_dagrun for example_short_circuit_operator to 2026-06-08 00:00:00+00:00, run_after=2026-06-09 00:00:00+00:00
[2026-06-09T20:34:42.201+0000] {processor.py:183} INFO - Processing /home/airflow/.local/lib/python3.12/site-packages/airflow/example_dags/example_short_circuit_operator.py took 0.074 seconds
[2026-06-09T20:35:12.563+0000] {processor.py:161} INFO - Started process (PID=980) to work on /home/airflow/.local/lib/python3.12/site-packages/airflow/example_dags/example_short_circuit_operator.py
[2026-06-09T20:35:12.564+0000] {processor.py:830} INFO - Processing file /home/airflow/.local/lib/python3.12/site-packages/airflow/example_dags/example_short_circuit_operator.py for tasks to queue
[2026-06-09T20:35:12.565+0000] {logging_mixin.py:188} INFO - [2026-06-09T20:35:12.565+0000] {dagbag.py:545} INFO - Filling up the DagBag from /home/airflow/.local/lib/python3.12/site-packages/airflow/example_dags/example_short_circuit_operator.py
[2026-06-09T20:35:12.572+0000] {processor.py:840} INFO - DAG(s) 'example_short_circuit_operator' retrieved from /home/airflow/.local/lib/python3.12/site-packages/airflow/example_dags/example_short_circuit_operator.py
[2026-06-09T20:35:12.596+0000] {logging_mixin.py:188} INFO - [2026-06-09T20:35:12.596+0000] {dag.py:3096} INFO - Sync 1 DAGs
[2026-06-09T20:35:12.618+0000] {logging_mixin.py:188} INFO - [2026-06-09T20:35:12.618+0000] {dag.py:3954} INFO - Setting next_dagrun for example_short_circuit_operator to 2026-06-08 00:00:00+00:00, run_after=2026-06-09 00:00:00+00:00
[2026-06-09T20:35:12.634+0000] {processor.py:183} INFO - Processing /home/airflow/.local/lib/python3.12/site-packages/airflow/example_dags/example_short_circuit_operator.py took 0.076 seconds
[2026-06-09T20:35:42.882+0000] {processor.py:161} INFO - Started process (PID=1040) to work on /home/airflow/.local/lib/python3.12/site-packages/airflow/example_dags/example_short_circuit_operator.py
[2026-06-09T20:35:42.883+0000] {processor.py:830} INFO - Processing file /home/airflow/.local/lib/python3.12/site-packages/airflow/example_dags/example_short_circuit_operator.py for tasks to queue
[2026-06-09T20:35:42.884+0000] {logging_mixin.py:188} INFO - [2026-06-09T20:35:42.884+0000] {dagbag.py:545} INFO - Filling up the DagBag from /home/airflow/.local/lib/python3.12/site-packages/airflow/example_dags/example_short_circuit_operator.py
[2026-06-09T20:35:42.891+0000] {processor.py:840} INFO - DAG(s) 'example_short_circuit_operator' retrieved from /home/airflow/.local/lib/python3.12/site-packages/airflow/example_dags/example_short_circuit_operator.py
[2026-06-09T20:35:42.912+0000] {logging_mixin.py:188} INFO - [2026-06-09T20:35:42.911+0000] {dag.py:3096} INFO - Sync 1 DAGs
[2026-06-09T20:35:42.931+0000] {logging_mixin.py:188} INFO - [2026-06-09T20:35:42.931+0000] {dag.py:3954} INFO - Setting next_dagrun for example_short_circuit_operator to 2026-06-08 00:00:00+00:00, run_after=2026-06-09 00:00:00+00:00
[2026-06-09T20:35:42.947+0000] {processor.py:183} INFO - Processing /home/airflow/.local/lib/python3.12/site-packages/airflow/example_dags/example_short_circuit_operator.py took 0.071 seconds
[2026-06-09T20:36:13.065+0000] {processor.py:161} INFO - Started process (PID=1100) to work on /home/airflow/.local/lib/python3.12/site-packages/airflow/example_dags/example_short_circuit_operator.py
[2026-06-09T20:36:13.066+0000] {processor.py:830} INFO - Processing file /home/airflow/.local/lib/python3.12/site-packages/airflow/example_dags/example_short_circuit_operator.py for tasks to queue
[2026-06-09T20:36:13.067+0000] {logging_mixin.py:188} INFO - [2026-06-09T20:36:13.067+0000] {dagbag.py:545} INFO - Filling up the DagBag from /home/airflow/.local/lib/python3.12/site-packages/airflow/example_dags/example_short_circuit_operator.py
[2026-06-09T20:36:13.074+0000] {processor.py:840} INFO - DAG(s) 'example_short_circuit_operator' retrieved from /home/airflow/.local/lib/python3.12/site-packages/airflow/example_dags/example_short_circuit_operator.py
[2026-06-09T20:36:13.096+0000] {logging_mixin.py:188} INFO - [2026-06-09T20:36:13.095+0000] {dag.py:3096} INFO - Sync 1 DAGs
[2026-06-09T20:36:13.119+0000] {logging_mixin.py:188} INFO - [2026-06-09T20:36:13.118+0000] {dag.py:3954} INFO - Setting next_dagrun for example_short_circuit_operator to 2026-06-08 00:00:00+00:00, run_after=2026-06-09 00:00:00+00:00
[2026-06-09T20:36:13.146+0000] {processor.py:183} INFO - Processing /home/airflow/.local/lib/python3.12/site-packages/airflow/example_dags/example_short_circuit_operator.py took 0.087 seconds
[2026-06-09T20:36:43.400+0000] {processor.py:161} INFO - Started process (PID=1160) to work on /home/airflow/.local/lib/python3.12/site-packages/airflow/example_dags/example_short_circuit_operator.py
[2026-06-09T20:36:43.400+0000] {processor.py:830} INFO - Processing file /home/airflow/.local/lib/python3.12/site-packages/airflow/example_dags/example_short_circuit_operator.py for tasks to queue
[2026-06-09T20:36:43.402+0000] {logging_mixin.py:188} INFO - [2026-06-09T20:36:43.402+0000] {dagbag.py:545} INFO - Filling up the DagBag from /home/airflow/.local/lib/python3.12/site-packages/airflow/example_dags/example_short_circuit_operator.py
[2026-06-09T20:36:43.413+0000] {processor.py:840} INFO - DAG(s) 'example_short_circuit_operator' retrieved from /home/airflow/.local/lib/python3.12/site-packages/airflow/example_dags/example_short_circuit_operator.py
[2026-06-09T20:36:43.458+0000] {logging_mixin.py:188} INFO - [2026-06-09T20:36:43.458+0000] {dag.py:3096} INFO - Sync 1 DAGs
[2026-06-09T20:36:43.496+0000] {logging_mixin.py:188} INFO - [2026-06-09T20:36:43.496+0000] {dag.py:3954} INFO - Setting next_dagrun for example_short_circuit_operator to 2026-06-08 00:00:00+00:00, run_after=2026-06-09 00:00:00+00:00
[2026-06-09T20:36:43.530+0000] {processor.py:183} INFO - Processing /home/airflow/.local/lib/python3.12/site-packages/airflow/example_dags/example_short_circuit_operator.py took 0.136 seconds
[2026-06-09T20:37:13.951+0000] {processor.py:161} INFO - Started process (PID=1220) to work on /home/airflow/.local/lib/python3.12/site-packages/airflow/example_dags/example_short_circuit_operator.py
[2026-06-09T20:37:13.952+0000] {processor.py:830} INFO - Processing file /home/airflow/.local/lib/python3.12/site-packages/airflow/example_dags/example_short_circuit_operator.py for tasks to queue
[2026-06-09T20:37:13.953+0000] {logging_mixin.py:188} INFO - [2026-06-09T20:37:13.953+0000] {dagbag.py:545} INFO - Filling up the DagBag from /home/airflow/.local/lib/python3.12/site-packages/airflow/example_dags/example_short_circuit_operator.py
[2026-06-09T20:37:13.960+0000] {processor.py:840} INFO - DAG(s) 'example_short_circuit_operator' retrieved from /home/airflow/.local/lib/python3.12/site-packages/airflow/example_dags/example_short_circuit_operator.py
[2026-06-09T20:37:13.987+0000] {logging_mixin.py:188} INFO - [2026-06-09T20:37:13.987+0000] {dag.py:3096} INFO - Sync 1 DAGs
[2026-06-09T20:37:14.007+0000] {logging_mixin.py:188} INFO - [2026-06-09T20:37:14.007+0000] {dag.py:3954} INFO - Setting next_dagrun for example_short_circuit_operator to 2026-06-08 00:00:00+00:00, run_after=2026-06-09 00:00:00+00:00
[2026-06-09T20:37:14.023+0000] {processor.py:183} INFO - Processing /home/airflow/.local/lib/python3.12/site-packages/airflow/example_dags/example_short_circuit_operator.py took 0.077 seconds
[2026-06-09T20:37:44.520+0000] {processor.py:161} INFO - Started process (PID=1279) to work on /home/airflow/.local/lib/python3.12/site-packages/airflow/example_dags/example_short_circuit_operator.py
[2026-06-09T20:37:44.521+0000] {processor.py:830} INFO - Processing file /home/airflow/.local/lib/python3.12/site-packages/airflow/example_dags/example_short_circuit_operator.py for tasks to queue
[2026-06-09T20:37:44.523+0000] {logging_mixin.py:188} INFO - [2026-06-09T20:37:44.522+0000] {dagbag.py:545} INFO - Filling up the DagBag from /home/airflow/.local/lib/python3.12/site-packages/airflow/example_dags/example_short_circuit_operator.py
[2026-06-09T20:37:44.529+0000] {processor.py:840} INFO - DAG(s) 'example_short_circuit_operator' retrieved from /home/airflow/.local/lib/python3.12/site-packages/airflow/example_dags/example_short_circuit_operator.py
[2026-06-09T20:37:44.550+0000] {logging_mixin.py:188} INFO - [2026-06-09T20:37:44.549+0000] {dag.py:3096} INFO - Sync 1 DAGs
[2026-06-09T20:37:44.570+0000] {logging_mixin.py:188} INFO - [2026-06-09T20:37:44.570+0000] {dag.py:3954} INFO - Setting next_dagrun for example_short_circuit_operator to 2026-06-08 00:00:00+00:00, run_after=2026-06-09 00:00:00+00:00
[2026-06-09T20:37:44.587+0000] {processor.py:183} INFO - Processing /home/airflow/.local/lib/python3.12/site-packages/airflow/example_dags/example_short_circuit_operator.py took 0.074 seconds
[2026-06-09T20:38:15.523+0000] {processor.py:161} INFO - Started process (PID=1339) to work on /home/airflow/.local/lib/python3.12/site-packages/airflow/example_dags/example_short_circuit_operator.py
[2026-06-09T20:38:15.524+0000] {processor.py:830} INFO - Processing file /home/airflow/.local/lib/python3.12/site-packages/airflow/example_dags/example_short_circuit_operator.py for tasks to queue
[2026-06-09T20:38:15.526+0000] {logging_mixin.py:188} INFO - [2026-06-09T20:38:15.526+0000] {dagbag.py:545} INFO - Filling up the DagBag from /home/airflow/.local/lib/python3.12/site-packages/airflow/example_dags/example_short_circuit_operator.py
[2026-06-09T20:38:15.533+0000] {processor.py:840} INFO - DAG(s) 'example_short_circuit_operator' retrieved from /home/airflow/.local/lib/python3.12/site-packages/airflow/example_dags/example_short_circuit_operator.py
[2026-06-09T20:38:15.553+0000] {logging_mixin.py:188} INFO - [2026-06-09T20:38:15.553+0000] {dag.py:3096} INFO - Sync 1 DAGs
[2026-06-09T20:38:15.581+0000] {logging_mixin.py:188} INFO - [2026-06-09T20:38:15.581+0000] {dag.py:3954} INFO - Setting next_dagrun for example_short_circuit_operator to 2026-06-08 00:00:00+00:00, run_after=2026-06-09 00:00:00+00:00
[2026-06-09T20:38:15.598+0000] {processor.py:183} INFO - Processing /home/airflow/.local/lib/python3.12/site-packages/airflow/example_dags/example_short_circuit_operator.py took 0.082 seconds
[2026-06-09T20:38:45.858+0000] {processor.py:161} INFO - Started process (PID=1398) to work on /home/airflow/.local/lib/python3.12/site-packages/airflow/example_dags/example_short_circuit_operator.py
[2026-06-09T20:38:45.859+0000] {processor.py:830} INFO - Processing file /home/airflow/.local/lib/python3.12/site-packages/airflow/example_dags/example_short_circuit_operator.py for tasks to queue
[2026-06-09T20:38:45.861+0000] {logging_mixin.py:188} INFO - [2026-06-09T20:38:45.861+0000] {dagbag.py:545} INFO - Filling up the DagBag from /home/airflow/.local/lib/python3.12/site-packages/airflow/example_dags/example_short_circuit_operator.py
[2026-06-09T20:38:45.871+0000] {processor.py:840} INFO - DAG(s) 'example_short_circuit_operator' retrieved from /home/airflow/.local/lib/python3.12/site-packages/airflow/example_dags/example_short_circuit_operator.py
[2026-06-09T20:38:45.909+0000] {logging_mixin.py:188} INFO - [2026-06-09T20:38:45.909+0000] {dag.py:3096} INFO - Sync 1 DAGs
[2026-06-09T20:38:45.940+0000] {logging_mixin.py:188} INFO - [2026-06-09T20:38:45.940+0000] {dag.py:3954} INFO - Setting next_dagrun for example_short_circuit_operator to 2026-06-08 00:00:00+00:00, run_after=2026-06-09 00:00:00+00:00
[2026-06-09T20:38:45.962+0000] {processor.py:183} INFO - Processing /home/airflow/.local/lib/python3.12/site-packages/airflow/example_dags/example_short_circuit_operator.py took 0.117 seconds
[2026-06-09T20:39:16.422+0000] {processor.py:161} INFO - Started process (PID=1458) to work on /home/airflow/.local/lib/python3.12/site-packages/airflow/example_dags/example_short_circuit_operator.py
[2026-06-09T20:39:16.423+0000] {processor.py:830} INFO - Processing file /home/airflow/.local/lib/python3.12/site-packages/airflow/example_dags/example_short_circuit_operator.py for tasks to queue
[2026-06-09T20:39:16.425+0000] {logging_mixin.py:188} INFO - [2026-06-09T20:39:16.425+0000] {dagbag.py:545} INFO - Filling up the DagBag from /home/airflow/.local/lib/python3.12/site-packages/airflow/example_dags/example_short_circuit_operator.py
[2026-06-09T20:39:16.434+0000] {processor.py:840} INFO - DAG(s) 'example_short_circuit_operator' retrieved from /home/airflow/.local/lib/python3.12/site-packages/airflow/example_dags/example_short_circuit_operator.py
[2026-06-09T20:39:16.464+0000] {logging_mixin.py:188} INFO - [2026-06-09T20:39:16.464+0000] {dag.py:3096} INFO - Sync 1 DAGs
[2026-06-09T20:39:16.494+0000] {logging_mixin.py:188} INFO - [2026-06-09T20:39:16.494+0000] {dag.py:3954} INFO - Setting next_dagrun for example_short_circuit_operator to 2026-06-08 00:00:00+00:00, run_after=2026-06-09 00:00:00+00:00
[2026-06-09T20:39:16.518+0000] {processor.py:183} INFO - Processing /home/airflow/.local/lib/python3.12/site-packages/airflow/example_dags/example_short_circuit_operator.py took 0.103 seconds
[2026-06-09T20:39:46.630+0000] {processor.py:161} INFO - Started process (PID=1518) to work on /home/airflow/.local/lib/python3.12/site-packages/airflow/example_dags/example_short_circuit_operator.py
[2026-06-09T20:39:46.630+0000] {processor.py:830} INFO - Processing file /home/airflow/.local/lib/python3.12/site-packages/airflow/example_dags/example_short_circuit_operator.py for tasks to queue
[2026-06-09T20:39:46.632+0000] {logging_mixin.py:188} INFO - [2026-06-09T20:39:46.632+0000] {dagbag.py:545} INFO - Filling up the DagBag from /home/airflow/.local/lib/python3.12/site-packages/airflow/example_dags/example_short_circuit_operator.py
[2026-06-09T20:39:46.638+0000] {processor.py:840} INFO - DAG(s) 'example_short_circuit_operator' retrieved from /home/airflow/.local/lib/python3.12/site-packages/airflow/example_dags/example_short_circuit_operator.py
[2026-06-09T20:39:46.662+0000] {logging_mixin.py:188} INFO - [2026-06-09T20:39:46.662+0000] {dag.py:3096} INFO - Sync 1 DAGs
[2026-06-09T20:39:46.688+0000] {logging_mixin.py:188} INFO - [2026-06-09T20:39:46.687+0000] {dag.py:3954} INFO - Setting next_dagrun for example_short_circuit_operator to 2026-06-08 00:00:00+00:00, run_after=2026-06-09 00:00:00+00:00
[2026-06-09T20:39:46.705+0000] {processor.py:183} INFO - Processing /home/airflow/.local/lib/python3.12/site-packages/airflow/example_dags/example_short_circuit_operator.py took 0.082 seconds
[2026-06-09T20:40:17.146+0000] {processor.py:161} INFO - Started process (PID=1578) to work on /home/airflow/.local/lib/python3.12/site-packages/airflow/example_dags/example_short_circuit_operator.py
[2026-06-09T20:40:17.147+0000] {processor.py:830} INFO - Processing file /home/airflow/.local/lib/python3.12/site-packages/airflow/example_dags/example_short_circuit_operator.py for tasks to queue
[2026-06-09T20:40:17.149+0000] {logging_mixin.py:188} INFO - [2026-06-09T20:40:17.149+0000] {dagbag.py:545} INFO - Filling up the DagBag from /home/airflow/.local/lib/python3.12/site-packages/airflow/example_dags/example_short_circuit_operator.py
[2026-06-09T20:40:17.159+0000] {processor.py:840} INFO - DAG(s) 'example_short_circuit_operator' retrieved from /home/airflow/.local/lib/python3.12/site-packages/airflow/example_dags/example_short_circuit_operator.py
[2026-06-09T20:40:17.182+0000] {logging_mixin.py:188} INFO - [2026-06-09T20:40:17.181+0000] {dag.py:3096} INFO - Sync 1 DAGs
[2026-06-09T20:40:17.213+0000] {logging_mixin.py:188} INFO - [2026-06-09T20:40:17.213+0000] {dag.py:3954} INFO - Setting next_dagrun for example_short_circuit_operator to 2026-06-08 00:00:00+00:00, run_after=2026-06-09 00:00:00+00:00
[2026-06-09T20:40:17.230+0000] {processor.py:183} INFO - Processing /home/airflow/.local/lib/python3.12/site-packages/airflow/example_dags/example_short_circuit_operator.py took 0.092 seconds
[2026-06-09T20:40:47.607+0000] {processor.py:161} INFO - Started process (PID=1638) to work on /home/airflow/.local/lib/python3.12/site-packages/airflow/example_dags/example_short_circuit_operator.py
[2026-06-09T20:40:47.608+0000] {processor.py:830} INFO - Processing file /home/airflow/.local/lib/python3.12/site-packages/airflow/example_dags/example_short_circuit_operator.py for tasks to queue
[2026-06-09T20:40:47.610+0000] {logging_mixin.py:188} INFO - [2026-06-09T20:40:47.610+0000] {dagbag.py:545} INFO - Filling up the DagBag from /home/airflow/.local/lib/python3.12/site-packages/airflow/example_dags/example_short_circuit_operator.py
[2026-06-09T20:40:47.620+0000] {processor.py:840} INFO - DAG(s) 'example_short_circuit_operator' retrieved from /home/airflow/.local/lib/python3.12/site-packages/airflow/example_dags/example_short_circuit_operator.py
[2026-06-09T20:40:47.653+0000] {logging_mixin.py:188} INFO - [2026-06-09T20:40:47.653+0000] {dag.py:3096} INFO - Sync 1 DAGs
[2026-06-09T20:40:47.680+0000] {logging_mixin.py:188} INFO - [2026-06-09T20:40:47.680+0000] {dag.py:3954} INFO - Setting next_dagrun for example_short_circuit_operator to 2026-06-08 00:00:00+00:00, run_after=2026-06-09 00:00:00+00:00
[2026-06-09T20:40:47.701+0000] {processor.py:183} INFO - Processing /home/airflow/.local/lib/python3.12/site-packages/airflow/example_dags/example_short_circuit_operator.py took 0.101 seconds
[2026-06-09T20:41:18.165+0000] {processor.py:161} INFO - Started process (PID=1698) to work on /home/airflow/.local/lib/python3.12/site-packages/airflow/example_dags/example_short_circuit_operator.py
[2026-06-09T20:41:18.166+0000] {processor.py:830} INFO - Processing file /home/airflow/.local/lib/python3.12/site-packages/airflow/example_dags/example_short_circuit_operator.py for tasks to queue
[2026-06-09T20:41:18.167+0000] {logging_mixin.py:188} INFO - [2026-06-09T20:41:18.167+0000] {dagbag.py:545} INFO - Filling up the DagBag from /home/airflow/.local/lib/python3.12/site-packages/airflow/example_dags/example_short_circuit_operator.py
[2026-06-09T20:41:18.174+0000] {processor.py:840} INFO - DAG(s) 'example_short_circuit_operator' retrieved from /home/airflow/.local/lib/python3.12/site-packages/airflow/example_dags/example_short_circuit_operator.py
[2026-06-09T20:41:18.197+0000] {logging_mixin.py:188} INFO - [2026-06-09T20:41:18.196+0000] {dag.py:3096} INFO - Sync 1 DAGs
[2026-06-09T20:41:18.217+0000] {logging_mixin.py:188} INFO - [2026-06-09T20:41:18.217+0000] {dag.py:3954} INFO - Setting next_dagrun for example_short_circuit_operator to 2026-06-08 00:00:00+00:00, run_after=2026-06-09 00:00:00+00:00
[2026-06-09T20:41:18.236+0000] {processor.py:183} INFO - Processing /home/airflow/.local/lib/python3.12/site-packages/airflow/example_dags/example_short_circuit_operator.py took 0.076 seconds
[2026-06-09T20:41:48.355+0000] {processor.py:161} INFO - Started process (PID=1758) to work on /home/airflow/.local/lib/python3.12/site-packages/airflow/example_dags/example_short_circuit_operator.py
[2026-06-09T20:41:48.355+0000] {processor.py:830} INFO - Processing file /home/airflow/.local/lib/python3.12/site-packages/airflow/example_dags/example_short_circuit_operator.py for tasks to queue
[2026-06-09T20:41:48.357+0000] {logging_mixin.py:188} INFO - [2026-06-09T20:41:48.357+0000] {dagbag.py:545} INFO - Filling up the DagBag from /home/airflow/.local/lib/python3.12/site-packages/airflow/example_dags/example_short_circuit_operator.py
[2026-06-09T20:41:48.364+0000] {processor.py:840} INFO - DAG(s) 'example_short_circuit_operator' retrieved from /home/airflow/.local/lib/python3.12/site-packages/airflow/example_dags/example_short_circuit_operator.py
[2026-06-09T20:41:48.385+0000] {logging_mixin.py:188} INFO - [2026-06-09T20:41:48.385+0000] {dag.py:3096} INFO - Sync 1 DAGs
[2026-06-09T20:41:48.406+0000] {logging_mixin.py:188} INFO - [2026-06-09T20:41:48.405+0000] {dag.py:3954} INFO - Setting next_dagrun for example_short_circuit_operator to 2026-06-08 00:00:00+00:00, run_after=2026-06-09 00:00:00+00:00
[2026-06-09T20:41:48.422+0000] {processor.py:183} INFO - Processing /home/airflow/.local/lib/python3.12/site-packages/airflow/example_dags/example_short_circuit_operator.py took 0.072 seconds
[2026-06-09T20:42:18.648+0000] {processor.py:161} INFO - Started process (PID=1818) to work on /home/airflow/.local/lib/python3.12/site-packages/airflow/example_dags/example_short_circuit_operator.py
[2026-06-09T20:42:18.649+0000] {processor.py:830} INFO - Processing file /home/airflow/.local/lib/python3.12/site-packages/airflow/example_dags/example_short_circuit_operator.py for tasks to queue
[2026-06-09T20:42:18.650+0000] {logging_mixin.py:188} INFO - [2026-06-09T20:42:18.650+0000] {dagbag.py:545} INFO - Filling up the DagBag from /home/airflow/.local/lib/python3.12/site-packages/airflow/example_dags/example_short_circuit_operator.py
[2026-06-09T20:42:18.657+0000] {processor.py:840} INFO - DAG(s) 'example_short_circuit_operator' retrieved from /home/airflow/.local/lib/python3.12/site-packages/airflow/example_dags/example_short_circuit_operator.py
[2026-06-09T20:42:18.683+0000] {logging_mixin.py:188} INFO - [2026-06-09T20:42:18.682+0000] {dag.py:3096} INFO - Sync 1 DAGs
[2026-06-09T20:42:18.704+0000] {logging_mixin.py:188} INFO - [2026-06-09T20:42:18.703+0000] {dag.py:3954} INFO - Setting next_dagrun for example_short_circuit_operator to 2026-06-08 00:00:00+00:00, run_after=2026-06-09 00:00:00+00:00
[2026-06-09T20:42:18.721+0000] {processor.py:183} INFO - Processing /home/airflow/.local/lib/python3.12/site-packages/airflow/example_dags/example_short_circuit_operator.py took 0.078 seconds
[2026-06-09T20:42:49.246+0000] {processor.py:161} INFO - Started process (PID=1878) to work on /home/airflow/.local/lib/python3.12/site-packages/airflow/example_dags/example_short_circuit_operator.py
[2026-06-09T20:42:49.247+0000] {processor.py:830} INFO - Processing file /home/airflow/.local/lib/python3.12/site-packages/airflow/example_dags/example_short_circuit_operator.py for tasks to queue
[2026-06-09T20:42:49.249+0000] {logging_mixin.py:188} INFO - [2026-06-09T20:42:49.249+0000] {dagbag.py:545} INFO - Filling up the DagBag from /home/airflow/.local/lib/python3.12/site-packages/airflow/example_dags/example_short_circuit_operator.py
[2026-06-09T20:42:49.259+0000] {processor.py:840} INFO - DAG(s) 'example_short_circuit_operator' retrieved from /home/airflow/.local/lib/python3.12/site-packages/airflow/example_dags/example_short_circuit_operator.py
[2026-06-09T20:42:49.438+0000] {logging_mixin.py:188} INFO - [2026-06-09T20:42:49.438+0000] {dag.py:3096} INFO - Sync 1 DAGs
[2026-06-09T20:42:49.457+0000] {logging_mixin.py:188} INFO - [2026-06-09T20:42:49.457+0000] {dag.py:3954} INFO - Setting next_dagrun for example_short_circuit_operator to 2026-06-08 00:00:00+00:00, run_after=2026-06-09 00:00:00+00:00
[2026-06-09T20:42:49.473+0000] {processor.py:183} INFO - Processing /home/airflow/.local/lib/python3.12/site-packages/airflow/example_dags/example_short_circuit_operator.py took 0.235 seconds
[2026-06-09T20:43:19.859+0000] {processor.py:161} INFO - Started process (PID=1938) to work on /home/airflow/.local/lib/python3.12/site-packages/airflow/example_dags/example_short_circuit_operator.py
[2026-06-09T20:43:19.860+0000] {processor.py:830} INFO - Processing file /home/airflow/.local/lib/python3.12/site-packages/airflow/example_dags/example_short_circuit_operator.py for tasks to queue
[2026-06-09T20:43:19.861+0000] {logging_mixin.py:188} INFO - [2026-06-09T20:43:19.861+0000] {dagbag.py:545} INFO - Filling up the DagBag from /home/airflow/.local/lib/python3.12/site-packages/airflow/example_dags/example_short_circuit_operator.py
[2026-06-09T20:43:19.868+0000] {processor.py:840} INFO - DAG(s) 'example_short_circuit_operator' retrieved from /home/airflow/.local/lib/python3.12/site-packages/airflow/example_dags/example_short_circuit_operator.py
[2026-06-09T20:43:19.890+0000] {logging_mixin.py:188} INFO - [2026-06-09T20:43:19.889+0000] {dag.py:3096} INFO - Sync 1 DAGs
[2026-06-09T20:43:19.913+0000] {logging_mixin.py:188} INFO - [2026-06-09T20:43:19.913+0000] {dag.py:3954} INFO - Setting next_dagrun for example_short_circuit_operator to 2026-06-08 00:00:00+00:00, run_after=2026-06-09 00:00:00+00:00
[2026-06-09T20:43:19.929+0000] {processor.py:183} INFO - Processing /home/airflow/.local/lib/python3.12/site-packages/airflow/example_dags/example_short_circuit_operator.py took 0.076 seconds
[2026-06-09T20:43:50.637+0000] {processor.py:161} INFO - Started process (PID=1998) to work on /home/airflow/.local/lib/python3.12/site-packages/airflow/example_dags/example_short_circuit_operator.py
[2026-06-09T20:43:50.638+0000] {processor.py:830} INFO - Processing file /home/airflow/.local/lib/python3.12/site-packages/airflow/example_dags/example_short_circuit_operator.py for tasks to queue
[2026-06-09T20:43:50.640+0000] {logging_mixin.py:188} INFO - [2026-06-09T20:43:50.640+0000] {dagbag.py:545} INFO - Filling up the DagBag from /home/airflow/.local/lib/python3.12/site-packages/airflow/example_dags/example_short_circuit_operator.py
[2026-06-09T20:43:50.649+0000] {processor.py:840} INFO - DAG(s) 'example_short_circuit_operator' retrieved from /home/airflow/.local/lib/python3.12/site-packages/airflow/example_dags/example_short_circuit_operator.py
[2026-06-09T20:43:50.680+0000] {logging_mixin.py:188} INFO - [2026-06-09T20:43:50.680+0000] {dag.py:3096} INFO - Sync 1 DAGs
[2026-06-09T20:43:50.714+0000] {logging_mixin.py:188} INFO - [2026-06-09T20:43:50.714+0000] {dag.py:3954} INFO - Setting next_dagrun for example_short_circuit_operator to 2026-06-08 00:00:00+00:00, run_after=2026-06-09 00:00:00+00:00
[2026-06-09T20:43:50.739+0000] {processor.py:183} INFO - Processing /home/airflow/.local/lib/python3.12/site-packages/airflow/example_dags/example_short_circuit_operator.py took 0.109 seconds
[2026-06-09T20:44:21.037+0000] {processor.py:161} INFO - Started process (PID=2058) to work on /home/airflow/.local/lib/python3.12/site-packages/airflow/example_dags/example_short_circuit_operator.py
[2026-06-09T20:44:21.038+0000] {processor.py:830} INFO - Processing file /home/airflow/.local/lib/python3.12/site-packages/airflow/example_dags/example_short_circuit_operator.py for tasks to queue
[2026-06-09T20:44:21.040+0000] {logging_mixin.py:188} INFO - [2026-06-09T20:44:21.040+0000] {dagbag.py:545} INFO - Filling up the DagBag from /home/airflow/.local/lib/python3.12/site-packages/airflow/example_dags/example_short_circuit_operator.py
[2026-06-09T20:44:21.047+0000] {processor.py:840} INFO - DAG(s) 'example_short_circuit_operator' retrieved from /home/airflow/.local/lib/python3.12/site-packages/airflow/example_dags/example_short_circuit_operator.py
[2026-06-09T20:44:21.069+0000] {logging_mixin.py:188} INFO - [2026-06-09T20:44:21.069+0000] {dag.py:3096} INFO - Sync 1 DAGs
[2026-06-09T20:44:21.091+0000] {logging_mixin.py:188} INFO - [2026-06-09T20:44:21.091+0000] {dag.py:3954} INFO - Setting next_dagrun for example_short_circuit_operator to 2026-06-08 00:00:00+00:00, run_after=2026-06-09 00:00:00+00:00
[2026-06-09T20:44:21.107+0000] {processor.py:183} INFO - Processing /home/airflow/.local/lib/python3.12/site-packages/airflow/example_dags/example_short_circuit_operator.py took 0.079 seconds
[2026-06-09T20:44:51.648+0000] {processor.py:161} INFO - Started process (PID=2116) to work on /home/airflow/.local/lib/python3.12/site-packages/airflow/example_dags/example_short_circuit_operator.py
[2026-06-09T20:44:51.650+0000] {processor.py:830} INFO - Processing file /home/airflow/.local/lib/python3.12/site-packages/airflow/example_dags/example_short_circuit_operator.py for tasks to queue
[2026-06-09T20:44:51.655+0000] {logging_mixin.py:188} INFO - [2026-06-09T20:44:51.655+0000] {dagbag.py:545} INFO - Filling up the DagBag from /home/airflow/.local/lib/python3.12/site-packages/airflow/example_dags/example_short_circuit_operator.py
[2026-06-09T20:44:51.666+0000] {processor.py:840} INFO - DAG(s) 'example_short_circuit_operator' retrieved from /home/airflow/.local/lib/python3.12/site-packages/airflow/example_dags/example_short_circuit_operator.py
[2026-06-09T20:44:51.696+0000] {logging_mixin.py:188} INFO - [2026-06-09T20:44:51.696+0000] {dag.py:3096} INFO - Sync 1 DAGs
[2026-06-09T20:44:51.726+0000] {logging_mixin.py:188} INFO - [2026-06-09T20:44:51.726+0000] {dag.py:3954} INFO - Setting next_dagrun for example_short_circuit_operator to 2026-06-08 00:00:00+00:00, run_after=2026-06-09 00:00:00+00:00
[2026-06-09T20:44:51.749+0000] {processor.py:183} INFO - Processing /home/airflow/.local/lib/python3.12/site-packages/airflow/example_dags/example_short_circuit_operator.py took 0.115 seconds
[2026-06-09T20:45:21.865+0000] {processor.py:161} INFO - Started process (PID=2176) to work on /home/airflow/.local/lib/python3.12/site-packages/airflow/example_dags/example_short_circuit_operator.py
[2026-06-09T20:45:21.866+0000] {processor.py:830} INFO - Processing file /home/airflow/.local/lib/python3.12/site-packages/airflow/example_dags/example_short_circuit_operator.py for tasks to queue
[2026-06-09T20:45:21.868+0000] {logging_mixin.py:188} INFO - [2026-06-09T20:45:21.867+0000] {dagbag.py:545} INFO - Filling up the DagBag from /home/airflow/.local/lib/python3.12/site-packages/airflow/example_dags/example_short_circuit_operator.py
[2026-06-09T20:45:21.874+0000] {processor.py:840} INFO - DAG(s) 'example_short_circuit_operator' retrieved from /home/airflow/.local/lib/python3.12/site-packages/airflow/example_dags/example_short_circuit_operator.py
[2026-06-09T20:45:21.896+0000] {logging_mixin.py:188} INFO - [2026-06-09T20:45:21.895+0000] {dag.py:3096} INFO - Sync 1 DAGs
[2026-06-09T20:45:21.916+0000] {logging_mixin.py:188} INFO - [2026-06-09T20:45:21.916+0000] {dag.py:3954} INFO - Setting next_dagrun for example_short_circuit_operator to 2026-06-08 00:00:00+00:00, run_after=2026-06-09 00:00:00+00:00
[2026-06-09T20:45:21.933+0000] {processor.py:183} INFO - Processing /home/airflow/.local/lib/python3.12/site-packages/airflow/example_dags/example_short_circuit_operator.py took 0.074 seconds
[2026-06-09T20:45:52.946+0000] {processor.py:161} INFO - Started process (PID=2236) to work on /home/airflow/.local/lib/python3.12/site-packages/airflow/example_dags/example_short_circuit_operator.py
[2026-06-09T20:45:52.947+0000] {processor.py:830} INFO - Processing file /home/airflow/.local/lib/python3.12/site-packages/airflow/example_dags/example_short_circuit_operator.py for tasks to queue
[2026-06-09T20:45:52.949+0000] {logging_mixin.py:188} INFO - [2026-06-09T20:45:52.949+0000] {dagbag.py:545} INFO - Filling up the DagBag from /home/airflow/.local/lib/python3.12/site-packages/airflow/example_dags/example_short_circuit_operator.py
[2026-06-09T20:45:52.956+0000] {processor.py:840} INFO - DAG(s) 'example_short_circuit_operator' retrieved from /home/airflow/.local/lib/python3.12/site-packages/airflow/example_dags/example_short_circuit_operator.py
[2026-06-09T20:45:52.979+0000] {logging_mixin.py:188} INFO - [2026-06-09T20:45:52.979+0000] {dag.py:3096} INFO - Sync 1 DAGs
[2026-06-09T20:45:53.001+0000] {logging_mixin.py:188} INFO - [2026-06-09T20:45:53.000+0000] {dag.py:3954} INFO - Setting next_dagrun for example_short_circuit_operator to 2026-06-08 00:00:00+00:00, run_after=2026-06-09 00:00:00+00:00
[2026-06-09T20:45:53.018+0000] {processor.py:183} INFO - Processing /home/airflow/.local/lib/python3.12/site-packages/airflow/example_dags/example_short_circuit_operator.py took 0.077 seconds
[2026-06-09T20:46:23.541+0000] {processor.py:161} INFO - Started process (PID=2295) to work on /home/airflow/.local/lib/python3.12/site-packages/airflow/example_dags/example_short_circuit_operator.py
[2026-06-09T20:46:23.542+0000] {processor.py:830} INFO - Processing file /home/airflow/.local/lib/python3.12/site-packages/airflow/example_dags/example_short_circuit_operator.py for tasks to queue
[2026-06-09T20:46:23.544+0000] {logging_mixin.py:188} INFO - [2026-06-09T20:46:23.543+0000] {dagbag.py:545} INFO - Filling up the DagBag from /home/airflow/.local/lib/python3.12/site-packages/airflow/example_dags/example_short_circuit_operator.py
[2026-06-09T20:46:23.550+0000] {processor.py:840} INFO - DAG(s) 'example_short_circuit_operator' retrieved from /home/airflow/.local/lib/python3.12/site-packages/airflow/example_dags/example_short_circuit_operator.py
[2026-06-09T20:46:23.576+0000] {logging_mixin.py:188} INFO - [2026-06-09T20:46:23.575+0000] {dag.py:3096} INFO - Sync 1 DAGs
[2026-06-09T20:46:23.596+0000] {logging_mixin.py:188} INFO - [2026-06-09T20:46:23.596+0000] {dag.py:3954} INFO - Setting next_dagrun for example_short_circuit_operator to 2026-06-08 00:00:00+00:00, run_after=2026-06-09 00:00:00+00:00
[2026-06-09T20:46:23.612+0000] {processor.py:183} INFO - Processing /home/airflow/.local/lib/python3.12/site-packages/airflow/example_dags/example_short_circuit_operator.py took 0.079 seconds
[2026-06-09T20:46:53.887+0000] {processor.py:161} INFO - Started process (PID=2355) to work on /home/airflow/.local/lib/python3.12/site-packages/airflow/example_dags/example_short_circuit_operator.py
[2026-06-09T20:46:53.888+0000] {processor.py:830} INFO - Processing file /home/airflow/.local/lib/python3.12/site-packages/airflow/example_dags/example_short_circuit_operator.py for tasks to queue
[2026-06-09T20:46:53.889+0000] {logging_mixin.py:188} INFO - [2026-06-09T20:46:53.889+0000] {dagbag.py:545} INFO - Filling up the DagBag from /home/airflow/.local/lib/python3.12/site-packages/airflow/example_dags/example_short_circuit_operator.py
[2026-06-09T20:46:53.896+0000] {processor.py:840} INFO - DAG(s) 'example_short_circuit_operator' retrieved from /home/airflow/.local/lib/python3.12/site-packages/airflow/example_dags/example_short_circuit_operator.py
[2026-06-09T20:46:53.918+0000] {logging_mixin.py:188} INFO - [2026-06-09T20:46:53.918+0000] {dag.py:3096} INFO - Sync 1 DAGs
[2026-06-09T20:46:53.938+0000] {logging_mixin.py:188} INFO - [2026-06-09T20:46:53.938+0000] {dag.py:3954} INFO - Setting next_dagrun for example_short_circuit_operator to 2026-06-08 00:00:00+00:00, run_after=2026-06-09 00:00:00+00:00
[2026-06-09T20:46:53.958+0000] {processor.py:183} INFO - Processing /home/airflow/.local/lib/python3.12/site-packages/airflow/example_dags/example_short_circuit_operator.py took 0.077 seconds
[2026-06-09T20:47:24.968+0000] {processor.py:161} INFO - Started process (PID=2415) to work on /home/airflow/.local/lib/python3.12/site-packages/airflow/example_dags/example_short_circuit_operator.py
[2026-06-09T20:47:24.969+0000] {processor.py:830} INFO - Processing file /home/airflow/.local/lib/python3.12/site-packages/airflow/example_dags/example_short_circuit_operator.py for tasks to queue
[2026-06-09T20:47:24.972+0000] {logging_mixin.py:188} INFO - [2026-06-09T20:47:24.971+0000] {dagbag.py:545} INFO - Filling up the DagBag from /home/airflow/.local/lib/python3.12/site-packages/airflow/example_dags/example_short_circuit_operator.py
[2026-06-09T20:47:24.999+0000] {processor.py:840} INFO - DAG(s) 'example_short_circuit_operator' retrieved from /home/airflow/.local/lib/python3.12/site-packages/airflow/example_dags/example_short_circuit_operator.py
[2026-06-09T20:47:25.052+0000] {logging_mixin.py:188} INFO - [2026-06-09T20:47:25.052+0000] {dag.py:3096} INFO - Sync 1 DAGs
[2026-06-09T20:47:25.090+0000] {logging_mixin.py:188} INFO - [2026-06-09T20:47:25.090+0000] {dag.py:3954} INFO - Setting next_dagrun for example_short_circuit_operator to 2026-06-08 00:00:00+00:00, run_after=2026-06-09 00:00:00+00:00
[2026-06-09T20:47:25.112+0000] {processor.py:183} INFO - Processing /home/airflow/.local/lib/python3.12/site-packages/airflow/example_dags/example_short_circuit_operator.py took 0.152 seconds
[2026-06-09T20:47:55.819+0000] {processor.py:161} INFO - Started process (PID=2475) to work on /home/airflow/.local/lib/python3.12/site-packages/airflow/example_dags/example_short_circuit_operator.py
[2026-06-09T20:47:55.820+0000] {processor.py:830} INFO - Processing file /home/airflow/.local/lib/python3.12/site-packages/airflow/example_dags/example_short_circuit_operator.py for tasks to queue
[2026-06-09T20:47:55.822+0000] {logging_mixin.py:188} INFO - [2026-06-09T20:47:55.822+0000] {dagbag.py:545} INFO - Filling up the DagBag from /home/airflow/.local/lib/python3.12/site-packages/airflow/example_dags/example_short_circuit_operator.py
[2026-06-09T20:47:55.832+0000] {processor.py:840} INFO - DAG(s) 'example_short_circuit_operator' retrieved from /home/airflow/.local/lib/python3.12/site-packages/airflow/example_dags/example_short_circuit_operator.py
[2026-06-09T20:47:55.866+0000] {logging_mixin.py:188} INFO - [2026-06-09T20:47:55.866+0000] {dag.py:3096} INFO - Sync 1 DAGs
[2026-06-09T20:47:55.911+0000] {logging_mixin.py:188} INFO - [2026-06-09T20:47:55.910+0000] {dag.py:3954} INFO - Setting next_dagrun for example_short_circuit_operator to 2026-06-08 00:00:00+00:00, run_after=2026-06-09 00:00:00+00:00
[2026-06-09T20:47:55.933+0000] {processor.py:183} INFO - Processing /home/airflow/.local/lib/python3.12/site-packages/airflow/example_dags/example_short_circuit_operator.py took 0.121 seconds
[2026-06-09T20:48:26.374+0000] {processor.py:161} INFO - Started process (PID=2535) to work on /home/airflow/.local/lib/python3.12/site-packages/airflow/example_dags/example_short_circuit_operator.py
[2026-06-09T20:48:26.375+0000] {processor.py:830} INFO - Processing file /home/airflow/.local/lib/python3.12/site-packages/airflow/example_dags/example_short_circuit_operator.py for tasks to queue
[2026-06-09T20:48:26.376+0000] {logging_mixin.py:188} INFO - [2026-06-09T20:48:26.376+0000] {dagbag.py:545} INFO - Filling up the DagBag from /home/airflow/.local/lib/python3.12/site-packages/airflow/example_dags/example_short_circuit_operator.py
[2026-06-09T20:48:26.383+0000] {processor.py:840} INFO - DAG(s) 'example_short_circuit_operator' retrieved from /home/airflow/.local/lib/python3.12/site-packages/airflow/example_dags/example_short_circuit_operator.py
[2026-06-09T20:48:26.405+0000] {logging_mixin.py:188} INFO - [2026-06-09T20:48:26.405+0000] {dag.py:3096} INFO - Sync 1 DAGs
[2026-06-09T20:48:26.424+0000] {logging_mixin.py:188} INFO - [2026-06-09T20:48:26.424+0000] {dag.py:3954} INFO - Setting next_dagrun for example_short_circuit_operator to 2026-06-08 00:00:00+00:00, run_after=2026-06-09 00:00:00+00:00
[2026-06-09T20:48:26.440+0000] {processor.py:183} INFO - Processing /home/airflow/.local/lib/python3.12/site-packages/airflow/example_dags/example_short_circuit_operator.py took 0.072 seconds
[2026-06-09T20:48:57.299+0000] {processor.py:161} INFO - Started process (PID=2594) to work on /home/airflow/.local/lib/python3.12/site-packages/airflow/example_dags/example_short_circuit_operator.py
[2026-06-09T20:48:57.300+0000] {processor.py:830} INFO - Processing file /home/airflow/.local/lib/python3.12/site-packages/airflow/example_dags/example_short_circuit_operator.py for tasks to queue
[2026-06-09T20:48:57.304+0000] {logging_mixin.py:188} INFO - [2026-06-09T20:48:57.303+0000] {dagbag.py:545} INFO - Filling up the DagBag from /home/airflow/.local/lib/python3.12/site-packages/airflow/example_dags/example_short_circuit_operator.py
[2026-06-09T20:48:57.315+0000] {processor.py:840} INFO - DAG(s) 'example_short_circuit_operator' retrieved from /home/airflow/.local/lib/python3.12/site-packages/airflow/example_dags/example_short_circuit_operator.py
[2026-06-09T20:48:57.350+0000] {logging_mixin.py:188} INFO - [2026-06-09T20:48:57.350+0000] {dag.py:3096} INFO - Sync 1 DAGs
[2026-06-09T20:48:57.378+0000] {logging_mixin.py:188} INFO - [2026-06-09T20:48:57.378+0000] {dag.py:3954} INFO - Setting next_dagrun for example_short_circuit_operator to 2026-06-08 00:00:00+00:00, run_after=2026-06-09 00:00:00+00:00
[2026-06-09T20:48:57.402+0000] {processor.py:183} INFO - Processing /home/airflow/.local/lib/python3.12/site-packages/airflow/example_dags/example_short_circuit_operator.py took 0.110 seconds
[2026-06-09T20:49:27.694+0000] {processor.py:161} INFO - Started process (PID=2654) to work on /home/airflow/.local/lib/python3.12/site-packages/airflow/example_dags/example_short_circuit_operator.py
[2026-06-09T20:49:27.696+0000] {processor.py:830} INFO - Processing file /home/airflow/.local/lib/python3.12/site-packages/airflow/example_dags/example_short_circuit_operator.py for tasks to queue
[2026-06-09T20:49:27.698+0000] {logging_mixin.py:188} INFO - [2026-06-09T20:49:27.698+0000] {dagbag.py:545} INFO - Filling up the DagBag from /home/airflow/.local/lib/python3.12/site-packages/airflow/example_dags/example_short_circuit_operator.py
[2026-06-09T20:49:27.707+0000] {processor.py:840} INFO - DAG(s) 'example_short_circuit_operator' retrieved from /home/airflow/.local/lib/python3.12/site-packages/airflow/example_dags/example_short_circuit_operator.py
[2026-06-09T20:49:27.738+0000] {logging_mixin.py:188} INFO - [2026-06-09T20:49:27.738+0000] {dag.py:3096} INFO - Sync 1 DAGs
[2026-06-09T20:49:27.770+0000] {logging_mixin.py:188} INFO - [2026-06-09T20:49:27.769+0000] {dag.py:3954} INFO - Setting next_dagrun for example_short_circuit_operator to 2026-06-08 00:00:00+00:00, run_after=2026-06-09 00:00:00+00:00
[2026-06-09T20:49:27.791+0000] {processor.py:183} INFO - Processing /home/airflow/.local/lib/python3.12/site-packages/airflow/example_dags/example_short_circuit_operator.py took 0.105 seconds
[2026-06-09T20:49:58.935+0000] {processor.py:161} INFO - Started process (PID=2714) to work on /home/airflow/.local/lib/python3.12/site-packages/airflow/example_dags/example_short_circuit_operator.py
[2026-06-09T20:49:58.937+0000] {processor.py:830} INFO - Processing file /home/airflow/.local/lib/python3.12/site-packages/airflow/example_dags/example_short_circuit_operator.py for tasks to queue
[2026-06-09T20:49:58.943+0000] {logging_mixin.py:188} INFO - [2026-06-09T20:49:58.942+0000] {dagbag.py:545} INFO - Filling up the DagBag from /home/airflow/.local/lib/python3.12/site-packages/airflow/example_dags/example_short_circuit_operator.py
[2026-06-09T20:49:58.973+0000] {processor.py:840} INFO - DAG(s) 'example_short_circuit_operator' retrieved from /home/airflow/.local/lib/python3.12/site-packages/airflow/example_dags/example_short_circuit_operator.py
[2026-06-09T20:49:59.045+0000] {logging_mixin.py:188} INFO - [2026-06-09T20:49:59.045+0000] {dag.py:3096} INFO - Sync 1 DAGs
[2026-06-09T20:49:59.122+0000] {logging_mixin.py:188} INFO - [2026-06-09T20:49:59.120+0000] {dag.py:3954} INFO - Setting next_dagrun for example_short_circuit_operator to 2026-06-08 00:00:00+00:00, run_after=2026-06-09 00:00:00+00:00
[2026-06-09T20:49:59.224+0000] {processor.py:183} INFO - Processing /home/airflow/.local/lib/python3.12/site-packages/airflow/example_dags/example_short_circuit_operator.py took 0.305 seconds
[2026-06-09T20:50:29.915+0000] {processor.py:161} INFO - Started process (PID=2774) to work on /home/airflow/.local/lib/python3.12/site-packages/airflow/example_dags/example_short_circuit_operator.py
[2026-06-09T20:50:29.916+0000] {processor.py:830} INFO - Processing file /home/airflow/.local/lib/python3.12/site-packages/airflow/example_dags/example_short_circuit_operator.py for tasks to queue
[2026-06-09T20:50:29.918+0000] {logging_mixin.py:188} INFO - [2026-06-09T20:50:29.917+0000] {dagbag.py:545} INFO - Filling up the DagBag from /home/airflow/.local/lib/python3.12/site-packages/airflow/example_dags/example_short_circuit_operator.py
[2026-06-09T20:50:29.927+0000] {processor.py:840} INFO - DAG(s) 'example_short_circuit_operator' retrieved from /home/airflow/.local/lib/python3.12/site-packages/airflow/example_dags/example_short_circuit_operator.py
[2026-06-09T20:50:29.958+0000] {logging_mixin.py:188} INFO - [2026-06-09T20:50:29.957+0000] {dag.py:3096} INFO - Sync 1 DAGs
[2026-06-09T20:50:29.987+0000] {logging_mixin.py:188} INFO - [2026-06-09T20:50:29.987+0000] {dag.py:3954} INFO - Setting next_dagrun for example_short_circuit_operator to 2026-06-08 00:00:00+00:00, run_after=2026-06-09 00:00:00+00:00
[2026-06-09T20:50:30.008+0000] {processor.py:183} INFO - Processing /home/airflow/.local/lib/python3.12/site-packages/airflow/example_dags/example_short_circuit_operator.py took 0.100 seconds
[2026-06-09T20:51:00.440+0000] {processor.py:161} INFO - Started process (PID=2834) to work on /home/airflow/.local/lib/python3.12/site-packages/airflow/example_dags/example_short_circuit_operator.py
[2026-06-09T20:51:00.441+0000] {processor.py:830} INFO - Processing file /home/airflow/.local/lib/python3.12/site-packages/airflow/example_dags/example_short_circuit_operator.py for tasks to queue
[2026-06-09T20:51:00.443+0000] {logging_mixin.py:188} INFO - [2026-06-09T20:51:00.442+0000] {dagbag.py:545} INFO - Filling up the DagBag from /home/airflow/.local/lib/python3.12/site-packages/airflow/example_dags/example_short_circuit_operator.py
[2026-06-09T20:51:00.452+0000] {processor.py:840} INFO - DAG(s) 'example_short_circuit_operator' retrieved from /home/airflow/.local/lib/python3.12/site-packages/airflow/example_dags/example_short_circuit_operator.py
[2026-06-09T20:51:00.487+0000] {logging_mixin.py:188} INFO - [2026-06-09T20:51:00.486+0000] {dag.py:3096} INFO - Sync 1 DAGs
[2026-06-09T20:51:00.517+0000] {logging_mixin.py:188} INFO - [2026-06-09T20:51:00.517+0000] {dag.py:3954} INFO - Setting next_dagrun for example_short_circuit_operator to 2026-06-08 00:00:00+00:00, run_after=2026-06-09 00:00:00+00:00
[2026-06-09T20:51:00.541+0000] {processor.py:183} INFO - Processing /home/airflow/.local/lib/python3.12/site-packages/airflow/example_dags/example_short_circuit_operator.py took 0.111 seconds
[2026-06-09T20:51:31.156+0000] {processor.py:161} INFO - Started process (PID=2894) to work on /home/airflow/.local/lib/python3.12/site-packages/airflow/example_dags/example_short_circuit_operator.py
[2026-06-09T20:51:31.162+0000] {processor.py:830} INFO - Processing file /home/airflow/.local/lib/python3.12/site-packages/airflow/example_dags/example_short_circuit_operator.py for tasks to queue
[2026-06-09T20:51:31.170+0000] {logging_mixin.py:188} INFO - [2026-06-09T20:51:31.170+0000] {dagbag.py:545} INFO - Filling up the DagBag from /home/airflow/.local/lib/python3.12/site-packages/airflow/example_dags/example_short_circuit_operator.py
[2026-06-09T20:51:31.246+0000] {processor.py:840} INFO - DAG(s) 'example_short_circuit_operator' retrieved from /home/airflow/.local/lib/python3.12/site-packages/airflow/example_dags/example_short_circuit_operator.py
[2026-06-09T20:51:31.352+0000] {logging_mixin.py:188} INFO - [2026-06-09T20:51:31.352+0000] {dag.py:3096} INFO - Sync 1 DAGs
[2026-06-09T20:51:31.455+0000] {logging_mixin.py:188} INFO - [2026-06-09T20:51:31.455+0000] {dag.py:3954} INFO - Setting next_dagrun for example_short_circuit_operator to 2026-06-08 00:00:00+00:00, run_after=2026-06-09 00:00:00+00:00
[2026-06-09T20:51:31.525+0000] {processor.py:183} INFO - Processing /home/airflow/.local/lib/python3.12/site-packages/airflow/example_dags/example_short_circuit_operator.py took 0.401 seconds
[2026-06-09T20:52:01.710+0000] {processor.py:161} INFO - Started process (PID=2954) to work on /home/airflow/.local/lib/python3.12/site-packages/airflow/example_dags/example_short_circuit_operator.py
[2026-06-09T20:52:01.712+0000] {processor.py:830} INFO - Processing file /home/airflow/.local/lib/python3.12/site-packages/airflow/example_dags/example_short_circuit_operator.py for tasks to queue
[2026-06-09T20:52:01.714+0000] {logging_mixin.py:188} INFO - [2026-06-09T20:52:01.713+0000] {dagbag.py:545} INFO - Filling up the DagBag from /home/airflow/.local/lib/python3.12/site-packages/airflow/example_dags/example_short_circuit_operator.py
[2026-06-09T20:52:01.723+0000] {processor.py:840} INFO - DAG(s) 'example_short_circuit_operator' retrieved from /home/airflow/.local/lib/python3.12/site-packages/airflow/example_dags/example_short_circuit_operator.py
[2026-06-09T20:52:01.754+0000] {logging_mixin.py:188} INFO - [2026-06-09T20:52:01.754+0000] {dag.py:3096} INFO - Sync 1 DAGs
[2026-06-09T20:52:01.784+0000] {logging_mixin.py:188} INFO - [2026-06-09T20:52:01.783+0000] {dag.py:3954} INFO - Setting next_dagrun for example_short_circuit_operator to 2026-06-08 00:00:00+00:00, run_after=2026-06-09 00:00:00+00:00
[2026-06-09T20:52:01.805+0000] {processor.py:183} INFO - Processing /home/airflow/.local/lib/python3.12/site-packages/airflow/example_dags/example_short_circuit_operator.py took 0.109 seconds
[2026-06-09T20:52:32.410+0000] {processor.py:161} INFO - Started process (PID=3013) to work on /home/airflow/.local/lib/python3.12/site-packages/airflow/example_dags/example_short_circuit_operator.py
[2026-06-09T20:52:32.411+0000] {processor.py:830} INFO - Processing file /home/airflow/.local/lib/python3.12/site-packages/airflow/example_dags/example_short_circuit_operator.py for tasks to queue
[2026-06-09T20:52:32.413+0000] {logging_mixin.py:188} INFO - [2026-06-09T20:52:32.412+0000] {dagbag.py:545} INFO - Filling up the DagBag from /home/airflow/.local/lib/python3.12/site-packages/airflow/example_dags/example_short_circuit_operator.py
[2026-06-09T20:52:32.422+0000] {processor.py:840} INFO - DAG(s) 'example_short_circuit_operator' retrieved from /home/airflow/.local/lib/python3.12/site-packages/airflow/example_dags/example_short_circuit_operator.py
[2026-06-09T20:52:32.458+0000] {logging_mixin.py:188} INFO - [2026-06-09T20:52:32.458+0000] {dag.py:3096} INFO - Sync 1 DAGs
[2026-06-09T20:52:32.479+0000] {logging_mixin.py:188} INFO - [2026-06-09T20:52:32.479+0000] {dag.py:3954} INFO - Setting next_dagrun for example_short_circuit_operator to 2026-06-08 00:00:00+00:00, run_after=2026-06-09 00:00:00+00:00
[2026-06-09T20:52:32.496+0000] {processor.py:183} INFO - Processing /home/airflow/.local/lib/python3.12/site-packages/airflow/example_dags/example_short_circuit_operator.py took 0.097 seconds
[2026-06-09T20:53:02.741+0000] {processor.py:161} INFO - Started process (PID=3073) to work on /home/airflow/.local/lib/python3.12/site-packages/airflow/example_dags/example_short_circuit_operator.py
[2026-06-09T20:53:02.742+0000] {processor.py:830} INFO - Processing file /home/airflow/.local/lib/python3.12/site-packages/airflow/example_dags/example_short_circuit_operator.py for tasks to queue
[2026-06-09T20:53:02.744+0000] {logging_mixin.py:188} INFO - [2026-06-09T20:53:02.744+0000] {dagbag.py:545} INFO - Filling up the DagBag from /home/airflow/.local/lib/python3.12/site-packages/airflow/example_dags/example_short_circuit_operator.py
[2026-06-09T20:53:02.755+0000] {processor.py:840} INFO - DAG(s) 'example_short_circuit_operator' retrieved from /home/airflow/.local/lib/python3.12/site-packages/airflow/example_dags/example_short_circuit_operator.py
[2026-06-09T20:53:02.792+0000] {logging_mixin.py:188} INFO - [2026-06-09T20:53:02.792+0000] {dag.py:3096} INFO - Sync 1 DAGs
[2026-06-09T20:53:02.813+0000] {logging_mixin.py:188} INFO - [2026-06-09T20:53:02.813+0000] {dag.py:3954} INFO - Setting next_dagrun for example_short_circuit_operator to 2026-06-08 00:00:00+00:00, run_after=2026-06-09 00:00:00+00:00
[2026-06-09T20:53:02.830+0000] {processor.py:183} INFO - Processing /home/airflow/.local/lib/python3.12/site-packages/airflow/example_dags/example_short_circuit_operator.py took 0.098 seconds
[2026-06-09T20:53:33.093+0000] {processor.py:161} INFO - Started process (PID=3133) to work on /home/airflow/.local/lib/python3.12/site-packages/airflow/example_dags/example_short_circuit_operator.py
[2026-06-09T20:53:33.094+0000] {processor.py:830} INFO - Processing file /home/airflow/.local/lib/python3.12/site-packages/airflow/example_dags/example_short_circuit_operator.py for tasks to queue
[2026-06-09T20:53:33.096+0000] {logging_mixin.py:188} INFO - [2026-06-09T20:53:33.096+0000] {dagbag.py:545} INFO - Filling up the DagBag from /home/airflow/.local/lib/python3.12/site-packages/airflow/example_dags/example_short_circuit_operator.py
[2026-06-09T20:53:33.105+0000] {processor.py:840} INFO - DAG(s) 'example_short_circuit_operator' retrieved from /home/airflow/.local/lib/python3.12/site-packages/airflow/example_dags/example_short_circuit_operator.py
[2026-06-09T20:53:33.137+0000] {logging_mixin.py:188} INFO - [2026-06-09T20:53:33.137+0000] {dag.py:3096} INFO - Sync 1 DAGs
[2026-06-09T20:53:33.168+0000] {logging_mixin.py:188} INFO - [2026-06-09T20:53:33.168+0000] {dag.py:3954} INFO - Setting next_dagrun for example_short_circuit_operator to 2026-06-08 00:00:00+00:00, run_after=2026-06-09 00:00:00+00:00
[2026-06-09T20:53:33.191+0000] {processor.py:183} INFO - Processing /home/airflow/.local/lib/python3.12/site-packages/airflow/example_dags/example_short_circuit_operator.py took 0.105 seconds
[2026-06-09T20:54:57.194+0000] {processor.py:161} INFO - Started process (PID=69) to work on /home/airflow/.local/lib/python3.12/site-packages/airflow/example_dags/example_short_circuit_operator.py
[2026-06-09T20:54:57.201+0000] {processor.py:830} INFO - Processing file /home/airflow/.local/lib/python3.12/site-packages/airflow/example_dags/example_short_circuit_operator.py for tasks to queue
[2026-06-09T20:54:57.208+0000] {logging_mixin.py:188} INFO - [2026-06-09T20:54:57.206+0000] {dagbag.py:545} INFO - Filling up the DagBag from /home/airflow/.local/lib/python3.12/site-packages/airflow/example_dags/example_short_circuit_operator.py
[2026-06-09T20:54:57.255+0000] {processor.py:840} INFO - DAG(s) 'example_short_circuit_operator' retrieved from /home/airflow/.local/lib/python3.12/site-packages/airflow/example_dags/example_short_circuit_operator.py
[2026-06-09T20:54:58.383+0000] {logging_mixin.py:188} INFO - [2026-06-09T20:54:58.383+0000] {dag.py:3096} INFO - Sync 1 DAGs
[2026-06-09T20:54:58.559+0000] {logging_mixin.py:188} INFO - [2026-06-09T20:54:58.559+0000] {dag.py:3954} INFO - Setting next_dagrun for example_short_circuit_operator to 2026-06-08 00:00:00+00:00, run_after=2026-06-09 00:00:00+00:00
[2026-06-09T20:54:58.715+0000] {processor.py:183} INFO - Processing /home/airflow/.local/lib/python3.12/site-packages/airflow/example_dags/example_short_circuit_operator.py took 1.546 seconds
[2026-06-09T20:55:28.859+0000] {processor.py:161} INFO - Started process (PID=135) to work on /home/airflow/.local/lib/python3.12/site-packages/airflow/example_dags/example_short_circuit_operator.py
[2026-06-09T20:55:28.860+0000] {processor.py:830} INFO - Processing file /home/airflow/.local/lib/python3.12/site-packages/airflow/example_dags/example_short_circuit_operator.py for tasks to queue
[2026-06-09T20:55:28.862+0000] {logging_mixin.py:188} INFO - [2026-06-09T20:55:28.862+0000] {dagbag.py:545} INFO - Filling up the DagBag from /home/airflow/.local/lib/python3.12/site-packages/airflow/example_dags/example_short_circuit_operator.py
[2026-06-09T20:55:28.875+0000] {processor.py:840} INFO - DAG(s) 'example_short_circuit_operator' retrieved from /home/airflow/.local/lib/python3.12/site-packages/airflow/example_dags/example_short_circuit_operator.py
[2026-06-09T20:55:28.909+0000] {logging_mixin.py:188} INFO - [2026-06-09T20:55:28.909+0000] {dag.py:3096} INFO - Sync 1 DAGs
[2026-06-09T20:55:28.943+0000] {logging_mixin.py:188} INFO - [2026-06-09T20:55:28.943+0000] {dag.py:3954} INFO - Setting next_dagrun for example_short_circuit_operator to 2026-06-08 00:00:00+00:00, run_after=2026-06-09 00:00:00+00:00
[2026-06-09T20:55:28.984+0000] {processor.py:183} INFO - Processing /home/airflow/.local/lib/python3.12/site-packages/airflow/example_dags/example_short_circuit_operator.py took 0.133 seconds
[2026-06-09T20:55:59.628+0000] {processor.py:161} INFO - Started process (PID=195) to work on /home/airflow/.local/lib/python3.12/site-packages/airflow/example_dags/example_short_circuit_operator.py
[2026-06-09T20:55:59.629+0000] {processor.py:830} INFO - Processing file /home/airflow/.local/lib/python3.12/site-packages/airflow/example_dags/example_short_circuit_operator.py for tasks to queue
[2026-06-09T20:55:59.630+0000] {logging_mixin.py:188} INFO - [2026-06-09T20:55:59.630+0000] {dagbag.py:545} INFO - Filling up the DagBag from /home/airflow/.local/lib/python3.12/site-packages/airflow/example_dags/example_short_circuit_operator.py
[2026-06-09T20:55:59.636+0000] {processor.py:840} INFO - DAG(s) 'example_short_circuit_operator' retrieved from /home/airflow/.local/lib/python3.12/site-packages/airflow/example_dags/example_short_circuit_operator.py
[2026-06-09T20:55:59.657+0000] {logging_mixin.py:188} INFO - [2026-06-09T20:55:59.657+0000] {dag.py:3096} INFO - Sync 1 DAGs
[2026-06-09T20:55:59.685+0000] {logging_mixin.py:188} INFO - [2026-06-09T20:55:59.685+0000] {dag.py:3954} INFO - Setting next_dagrun for example_short_circuit_operator to 2026-06-08 00:00:00+00:00, run_after=2026-06-09 00:00:00+00:00
[2026-06-09T20:55:59.702+0000] {processor.py:183} INFO - Processing /home/airflow/.local/lib/python3.12/site-packages/airflow/example_dags/example_short_circuit_operator.py took 0.079 seconds
[2026-06-09T20:56:29.932+0000] {processor.py:161} INFO - Started process (PID=255) to work on /home/airflow/.local/lib/python3.12/site-packages/airflow/example_dags/example_short_circuit_operator.py
[2026-06-09T20:56:29.933+0000] {processor.py:830} INFO - Processing file /home/airflow/.local/lib/python3.12/site-packages/airflow/example_dags/example_short_circuit_operator.py for tasks to queue
[2026-06-09T20:56:29.934+0000] {logging_mixin.py:188} INFO - [2026-06-09T20:56:29.934+0000] {dagbag.py:545} INFO - Filling up the DagBag from /home/airflow/.local/lib/python3.12/site-packages/airflow/example_dags/example_short_circuit_operator.py
[2026-06-09T20:56:29.940+0000] {processor.py:840} INFO - DAG(s) 'example_short_circuit_operator' retrieved from /home/airflow/.local/lib/python3.12/site-packages/airflow/example_dags/example_short_circuit_operator.py
[2026-06-09T20:56:29.961+0000] {logging_mixin.py:188} INFO - [2026-06-09T20:56:29.961+0000] {dag.py:3096} INFO - Sync 1 DAGs
[2026-06-09T20:56:29.980+0000] {logging_mixin.py:188} INFO - [2026-06-09T20:56:29.980+0000] {dag.py:3954} INFO - Setting next_dagrun for example_short_circuit_operator to 2026-06-08 00:00:00+00:00, run_after=2026-06-09 00:00:00+00:00
[2026-06-09T20:56:29.996+0000] {processor.py:183} INFO - Processing /home/airflow/.local/lib/python3.12/site-packages/airflow/example_dags/example_short_circuit_operator.py took 0.072 seconds
[2026-06-09T20:57:00.091+0000] {processor.py:161} INFO - Started process (PID=315) to work on /home/airflow/.local/lib/python3.12/site-packages/airflow/example_dags/example_short_circuit_operator.py
[2026-06-09T20:57:00.092+0000] {processor.py:830} INFO - Processing file /home/airflow/.local/lib/python3.12/site-packages/airflow/example_dags/example_short_circuit_operator.py for tasks to queue
[2026-06-09T20:57:00.094+0000] {logging_mixin.py:188} INFO - [2026-06-09T20:57:00.093+0000] {dagbag.py:545} INFO - Filling up the DagBag from /home/airflow/.local/lib/python3.12/site-packages/airflow/example_dags/example_short_circuit_operator.py
[2026-06-09T20:57:00.100+0000] {processor.py:840} INFO - DAG(s) 'example_short_circuit_operator' retrieved from /home/airflow/.local/lib/python3.12/site-packages/airflow/example_dags/example_short_circuit_operator.py
[2026-06-09T20:57:00.122+0000] {logging_mixin.py:188} INFO - [2026-06-09T20:57:00.122+0000] {dag.py:3096} INFO - Sync 1 DAGs
[2026-06-09T20:57:00.142+0000] {logging_mixin.py:188} INFO - [2026-06-09T20:57:00.141+0000] {dag.py:3954} INFO - Setting next_dagrun for example_short_circuit_operator to 2026-06-08 00:00:00+00:00, run_after=2026-06-09 00:00:00+00:00
[2026-06-09T20:57:00.157+0000] {processor.py:183} INFO - Processing /home/airflow/.local/lib/python3.12/site-packages/airflow/example_dags/example_short_circuit_operator.py took 0.071 seconds
[2026-06-09T20:57:31.046+0000] {processor.py:161} INFO - Started process (PID=374) to work on /home/airflow/.local/lib/python3.12/site-packages/airflow/example_dags/example_short_circuit_operator.py
[2026-06-09T20:57:31.047+0000] {processor.py:830} INFO - Processing file /home/airflow/.local/lib/python3.12/site-packages/airflow/example_dags/example_short_circuit_operator.py for tasks to queue
[2026-06-09T20:57:31.048+0000] {logging_mixin.py:188} INFO - [2026-06-09T20:57:31.048+0000] {dagbag.py:545} INFO - Filling up the DagBag from /home/airflow/.local/lib/python3.12/site-packages/airflow/example_dags/example_short_circuit_operator.py
[2026-06-09T20:57:31.054+0000] {processor.py:840} INFO - DAG(s) 'example_short_circuit_operator' retrieved from /home/airflow/.local/lib/python3.12/site-packages/airflow/example_dags/example_short_circuit_operator.py
[2026-06-09T20:57:31.075+0000] {logging_mixin.py:188} INFO - [2026-06-09T20:57:31.075+0000] {dag.py:3096} INFO - Sync 1 DAGs
[2026-06-09T20:57:31.097+0000] {logging_mixin.py:188} INFO - [2026-06-09T20:57:31.097+0000] {dag.py:3954} INFO - Setting next_dagrun for example_short_circuit_operator to 2026-06-08 00:00:00+00:00, run_after=2026-06-09 00:00:00+00:00
[2026-06-09T20:57:31.116+0000] {processor.py:183} INFO - Processing /home/airflow/.local/lib/python3.12/site-packages/airflow/example_dags/example_short_circuit_operator.py took 0.075 seconds
[2026-06-09T20:58:01.922+0000] {processor.py:161} INFO - Started process (PID=434) to work on /home/airflow/.local/lib/python3.12/site-packages/airflow/example_dags/example_short_circuit_operator.py
[2026-06-09T20:58:01.923+0000] {processor.py:830} INFO - Processing file /home/airflow/.local/lib/python3.12/site-packages/airflow/example_dags/example_short_circuit_operator.py for tasks to queue
[2026-06-09T20:58:01.925+0000] {logging_mixin.py:188} INFO - [2026-06-09T20:58:01.924+0000] {dagbag.py:545} INFO - Filling up the DagBag from /home/airflow/.local/lib/python3.12/site-packages/airflow/example_dags/example_short_circuit_operator.py
[2026-06-09T20:58:01.931+0000] {processor.py:840} INFO - DAG(s) 'example_short_circuit_operator' retrieved from /home/airflow/.local/lib/python3.12/site-packages/airflow/example_dags/example_short_circuit_operator.py
[2026-06-09T20:58:01.954+0000] {logging_mixin.py:188} INFO - [2026-06-09T20:58:01.954+0000] {dag.py:3096} INFO - Sync 1 DAGs
[2026-06-09T20:58:01.991+0000] {logging_mixin.py:188} INFO - [2026-06-09T20:58:01.990+0000] {dag.py:3954} INFO - Setting next_dagrun for example_short_circuit_operator to 2026-06-08 00:00:00+00:00, run_after=2026-06-09 00:00:00+00:00
[2026-06-09T20:58:02.014+0000] {processor.py:183} INFO - Processing /home/airflow/.local/lib/python3.12/site-packages/airflow/example_dags/example_short_circuit_operator.py took 0.098 seconds
[2026-06-09T20:58:32.605+0000] {processor.py:161} INFO - Started process (PID=494) to work on /home/airflow/.local/lib/python3.12/site-packages/airflow/example_dags/example_short_circuit_operator.py
[2026-06-09T20:58:32.606+0000] {processor.py:830} INFO - Processing file /home/airflow/.local/lib/python3.12/site-packages/airflow/example_dags/example_short_circuit_operator.py for tasks to queue
[2026-06-09T20:58:32.608+0000] {logging_mixin.py:188} INFO - [2026-06-09T20:58:32.608+0000] {dagbag.py:545} INFO - Filling up the DagBag from /home/airflow/.local/lib/python3.12/site-packages/airflow/example_dags/example_short_circuit_operator.py
[2026-06-09T20:58:32.622+0000] {processor.py:840} INFO - DAG(s) 'example_short_circuit_operator' retrieved from /home/airflow/.local/lib/python3.12/site-packages/airflow/example_dags/example_short_circuit_operator.py
[2026-06-09T20:58:32.667+0000] {logging_mixin.py:188} INFO - [2026-06-09T20:58:32.665+0000] {dag.py:3096} INFO - Sync 1 DAGs
[2026-06-09T20:58:32.701+0000] {logging_mixin.py:188} INFO - [2026-06-09T20:58:32.701+0000] {dag.py:3954} INFO - Setting next_dagrun for example_short_circuit_operator to 2026-06-08 00:00:00+00:00, run_after=2026-06-09 00:00:00+00:00
[2026-06-09T20:58:32.723+0000] {processor.py:183} INFO - Processing /home/airflow/.local/lib/python3.12/site-packages/airflow/example_dags/example_short_circuit_operator.py took 0.125 seconds
[2026-06-09T20:59:03.127+0000] {processor.py:161} INFO - Started process (PID=554) to work on /home/airflow/.local/lib/python3.12/site-packages/airflow/example_dags/example_short_circuit_operator.py
[2026-06-09T20:59:03.131+0000] {processor.py:830} INFO - Processing file /home/airflow/.local/lib/python3.12/site-packages/airflow/example_dags/example_short_circuit_operator.py for tasks to queue
[2026-06-09T20:59:03.137+0000] {logging_mixin.py:188} INFO - [2026-06-09T20:59:03.137+0000] {dagbag.py:545} INFO - Filling up the DagBag from /home/airflow/.local/lib/python3.12/site-packages/airflow/example_dags/example_short_circuit_operator.py
[2026-06-09T20:59:03.161+0000] {processor.py:840} INFO - DAG(s) 'example_short_circuit_operator' retrieved from /home/airflow/.local/lib/python3.12/site-packages/airflow/example_dags/example_short_circuit_operator.py
[2026-06-09T20:59:03.242+0000] {logging_mixin.py:188} INFO - [2026-06-09T20:59:03.239+0000] {dag.py:3096} INFO - Sync 1 DAGs
[2026-06-09T20:59:03.321+0000] {logging_mixin.py:188} INFO - [2026-06-09T20:59:03.319+0000] {dag.py:3954} INFO - Setting next_dagrun for example_short_circuit_operator to 2026-06-08 00:00:00+00:00, run_after=2026-06-09 00:00:00+00:00
[2026-06-09T20:59:03.377+0000] {processor.py:183} INFO - Processing /home/airflow/.local/lib/python3.12/site-packages/airflow/example_dags/example_short_circuit_operator.py took 0.280 seconds
[2026-06-09T20:59:33.719+0000] {processor.py:161} INFO - Started process (PID=614) to work on /home/airflow/.local/lib/python3.12/site-packages/airflow/example_dags/example_short_circuit_operator.py
[2026-06-09T20:59:33.720+0000] {processor.py:830} INFO - Processing file /home/airflow/.local/lib/python3.12/site-packages/airflow/example_dags/example_short_circuit_operator.py for tasks to queue
[2026-06-09T20:59:33.722+0000] {logging_mixin.py:188} INFO - [2026-06-09T20:59:33.722+0000] {dagbag.py:545} INFO - Filling up the DagBag from /home/airflow/.local/lib/python3.12/site-packages/airflow/example_dags/example_short_circuit_operator.py
[2026-06-09T20:59:33.728+0000] {processor.py:840} INFO - DAG(s) 'example_short_circuit_operator' retrieved from /home/airflow/.local/lib/python3.12/site-packages/airflow/example_dags/example_short_circuit_operator.py
[2026-06-09T20:59:33.750+0000] {logging_mixin.py:188} INFO - [2026-06-09T20:59:33.750+0000] {dag.py:3096} INFO - Sync 1 DAGs
[2026-06-09T20:59:33.789+0000] {logging_mixin.py:188} INFO - [2026-06-09T20:59:33.789+0000] {dag.py:3954} INFO - Setting next_dagrun for example_short_circuit_operator to 2026-06-08 00:00:00+00:00, run_after=2026-06-09 00:00:00+00:00
[2026-06-09T20:59:33.813+0000] {processor.py:183} INFO - Processing /home/airflow/.local/lib/python3.12/site-packages/airflow/example_dags/example_short_circuit_operator.py took 0.099 seconds
[2026-06-09T21:00:55.311+0000] {processor.py:161} INFO - Started process (PID=70) to work on /home/airflow/.local/lib/python3.12/site-packages/airflow/example_dags/example_short_circuit_operator.py
[2026-06-09T21:00:55.312+0000] {processor.py:830} INFO - Processing file /home/airflow/.local/lib/python3.12/site-packages/airflow/example_dags/example_short_circuit_operator.py for tasks to queue
[2026-06-09T21:00:55.327+0000] {logging_mixin.py:188} INFO - [2026-06-09T21:00:55.324+0000] {dagbag.py:545} INFO - Filling up the DagBag from /home/airflow/.local/lib/python3.12/site-packages/airflow/example_dags/example_short_circuit_operator.py
[2026-06-09T21:00:55.373+0000] {processor.py:840} INFO - DAG(s) 'example_short_circuit_operator' retrieved from /home/airflow/.local/lib/python3.12/site-packages/airflow/example_dags/example_short_circuit_operator.py
[2026-06-09T21:00:56.143+0000] {logging_mixin.py:188} INFO - [2026-06-09T21:00:56.143+0000] {dag.py:3096} INFO - Sync 1 DAGs
[2026-06-09T21:00:56.205+0000] {logging_mixin.py:188} INFO - [2026-06-09T21:00:56.205+0000] {dag.py:3954} INFO - Setting next_dagrun for example_short_circuit_operator to 2026-06-08 00:00:00+00:00, run_after=2026-06-09 00:00:00+00:00
[2026-06-09T21:00:56.322+0000] {processor.py:183} INFO - Processing /home/airflow/.local/lib/python3.12/site-packages/airflow/example_dags/example_short_circuit_operator.py took 1.063 seconds
[2026-06-09T21:01:26.669+0000] {processor.py:161} INFO - Started process (PID=129) to work on /home/airflow/.local/lib/python3.12/site-packages/airflow/example_dags/example_short_circuit_operator.py
[2026-06-09T21:01:26.670+0000] {processor.py:830} INFO - Processing file /home/airflow/.local/lib/python3.12/site-packages/airflow/example_dags/example_short_circuit_operator.py for tasks to queue
[2026-06-09T21:01:26.674+0000] {logging_mixin.py:188} INFO - [2026-06-09T21:01:26.674+0000] {dagbag.py:545} INFO - Filling up the DagBag from /home/airflow/.local/lib/python3.12/site-packages/airflow/example_dags/example_short_circuit_operator.py
[2026-06-09T21:01:26.684+0000] {processor.py:840} INFO - DAG(s) 'example_short_circuit_operator' retrieved from /home/airflow/.local/lib/python3.12/site-packages/airflow/example_dags/example_short_circuit_operator.py
[2026-06-09T21:01:26.715+0000] {logging_mixin.py:188} INFO - [2026-06-09T21:01:26.715+0000] {dag.py:3096} INFO - Sync 1 DAGs
[2026-06-09T21:01:26.735+0000] {logging_mixin.py:188} INFO - [2026-06-09T21:01:26.735+0000] {dag.py:3954} INFO - Setting next_dagrun for example_short_circuit_operator to 2026-06-08 00:00:00+00:00, run_after=2026-06-09 00:00:00+00:00
[2026-06-09T21:01:26.758+0000] {processor.py:183} INFO - Processing /home/airflow/.local/lib/python3.12/site-packages/airflow/example_dags/example_short_circuit_operator.py took 0.096 seconds
[2026-06-09T21:01:57.768+0000] {processor.py:161} INFO - Started process (PID=195) to work on /home/airflow/.local/lib/python3.12/site-packages/airflow/example_dags/example_short_circuit_operator.py
[2026-06-09T21:01:57.769+0000] {processor.py:830} INFO - Processing file /home/airflow/.local/lib/python3.12/site-packages/airflow/example_dags/example_short_circuit_operator.py for tasks to queue
[2026-06-09T21:01:57.770+0000] {logging_mixin.py:188} INFO - [2026-06-09T21:01:57.770+0000] {dagbag.py:545} INFO - Filling up the DagBag from /home/airflow/.local/lib/python3.12/site-packages/airflow/example_dags/example_short_circuit_operator.py
[2026-06-09T21:01:57.777+0000] {processor.py:840} INFO - DAG(s) 'example_short_circuit_operator' retrieved from /home/airflow/.local/lib/python3.12/site-packages/airflow/example_dags/example_short_circuit_operator.py
[2026-06-09T21:01:57.799+0000] {logging_mixin.py:188} INFO - [2026-06-09T21:01:57.798+0000] {dag.py:3096} INFO - Sync 1 DAGs
[2026-06-09T21:01:57.824+0000] {logging_mixin.py:188} INFO - [2026-06-09T21:01:57.823+0000] {dag.py:3954} INFO - Setting next_dagrun for example_short_circuit_operator to 2026-06-08 00:00:00+00:00, run_after=2026-06-09 00:00:00+00:00
[2026-06-09T21:01:57.841+0000] {processor.py:183} INFO - Processing /home/airflow/.local/lib/python3.12/site-packages/airflow/example_dags/example_short_circuit_operator.py took 0.080 seconds
[2026-06-09T21:02:28.623+0000] {processor.py:161} INFO - Started process (PID=255) to work on /home/airflow/.local/lib/python3.12/site-packages/airflow/example_dags/example_short_circuit_operator.py
[2026-06-09T21:02:28.626+0000] {processor.py:830} INFO - Processing file /home/airflow/.local/lib/python3.12/site-packages/airflow/example_dags/example_short_circuit_operator.py for tasks to queue
[2026-06-09T21:02:28.630+0000] {logging_mixin.py:188} INFO - [2026-06-09T21:02:28.629+0000] {dagbag.py:545} INFO - Filling up the DagBag from /home/airflow/.local/lib/python3.12/site-packages/airflow/example_dags/example_short_circuit_operator.py
[2026-06-09T21:02:28.651+0000] {processor.py:840} INFO - DAG(s) 'example_short_circuit_operator' retrieved from /home/airflow/.local/lib/python3.12/site-packages/airflow/example_dags/example_short_circuit_operator.py
[2026-06-09T21:02:28.696+0000] {logging_mixin.py:188} INFO - [2026-06-09T21:02:28.696+0000] {dag.py:3096} INFO - Sync 1 DAGs
[2026-06-09T21:02:28.717+0000] {logging_mixin.py:188} INFO - [2026-06-09T21:02:28.717+0000] {dag.py:3954} INFO - Setting next_dagrun for example_short_circuit_operator to 2026-06-08 00:00:00+00:00, run_after=2026-06-09 00:00:00+00:00
[2026-06-09T21:02:28.733+0000] {processor.py:183} INFO - Processing /home/airflow/.local/lib/python3.12/site-packages/airflow/example_dags/example_short_circuit_operator.py took 0.130 seconds
[2026-06-09T21:02:59.528+0000] {processor.py:161} INFO - Started process (PID=315) to work on /home/airflow/.local/lib/python3.12/site-packages/airflow/example_dags/example_short_circuit_operator.py
[2026-06-09T21:02:59.528+0000] {processor.py:830} INFO - Processing file /home/airflow/.local/lib/python3.12/site-packages/airflow/example_dags/example_short_circuit_operator.py for tasks to queue
[2026-06-09T21:02:59.530+0000] {logging_mixin.py:188} INFO - [2026-06-09T21:02:59.530+0000] {dagbag.py:545} INFO - Filling up the DagBag from /home/airflow/.local/lib/python3.12/site-packages/airflow/example_dags/example_short_circuit_operator.py
[2026-06-09T21:02:59.537+0000] {processor.py:840} INFO - DAG(s) 'example_short_circuit_operator' retrieved from /home/airflow/.local/lib/python3.12/site-packages/airflow/example_dags/example_short_circuit_operator.py
[2026-06-09T21:02:59.564+0000] {logging_mixin.py:188} INFO - [2026-06-09T21:02:59.564+0000] {dag.py:3096} INFO - Sync 1 DAGs
[2026-06-09T21:02:59.591+0000] {logging_mixin.py:188} INFO - [2026-06-09T21:02:59.591+0000] {dag.py:3954} INFO - Setting next_dagrun for example_short_circuit_operator to 2026-06-08 00:00:00+00:00, run_after=2026-06-09 00:00:00+00:00
[2026-06-09T21:02:59.610+0000] {processor.py:183} INFO - Processing /home/airflow/.local/lib/python3.12/site-packages/airflow/example_dags/example_short_circuit_operator.py took 0.088 seconds
[2026-06-09T21:03:29.942+0000] {processor.py:161} INFO - Started process (PID=375) to work on /home/airflow/.local/lib/python3.12/site-packages/airflow/example_dags/example_short_circuit_operator.py
[2026-06-09T21:03:29.943+0000] {processor.py:830} INFO - Processing file /home/airflow/.local/lib/python3.12/site-packages/airflow/example_dags/example_short_circuit_operator.py for tasks to queue
[2026-06-09T21:03:29.945+0000] {logging_mixin.py:188} INFO - [2026-06-09T21:03:29.945+0000] {dagbag.py:545} INFO - Filling up the DagBag from /home/airflow/.local/lib/python3.12/site-packages/airflow/example_dags/example_short_circuit_operator.py
[2026-06-09T21:03:29.955+0000] {processor.py:840} INFO - DAG(s) 'example_short_circuit_operator' retrieved from /home/airflow/.local/lib/python3.12/site-packages/airflow/example_dags/example_short_circuit_operator.py
[2026-06-09T21:03:29.993+0000] {logging_mixin.py:188} INFO - [2026-06-09T21:03:29.992+0000] {dag.py:3096} INFO - Sync 1 DAGs
[2026-06-09T21:03:30.034+0000] {logging_mixin.py:188} INFO - [2026-06-09T21:03:30.033+0000] {dag.py:3954} INFO - Setting next_dagrun for example_short_circuit_operator to 2026-06-08 00:00:00+00:00, run_after=2026-06-09 00:00:00+00:00
[2026-06-09T21:03:30.057+0000] {processor.py:183} INFO - Processing /home/airflow/.local/lib/python3.12/site-packages/airflow/example_dags/example_short_circuit_operator.py took 0.133 seconds
[2026-06-09T21:04:52.139+0000] {processor.py:161} INFO - Started process (PID=69) to work on /home/airflow/.local/lib/python3.12/site-packages/airflow/example_dags/example_short_circuit_operator.py
[2026-06-09T21:04:52.142+0000] {processor.py:830} INFO - Processing file /home/airflow/.local/lib/python3.12/site-packages/airflow/example_dags/example_short_circuit_operator.py for tasks to queue
[2026-06-09T21:04:52.147+0000] {logging_mixin.py:188} INFO - [2026-06-09T21:04:52.147+0000] {dagbag.py:545} INFO - Filling up the DagBag from /home/airflow/.local/lib/python3.12/site-packages/airflow/example_dags/example_short_circuit_operator.py
[2026-06-09T21:04:52.208+0000] {processor.py:840} INFO - DAG(s) 'example_short_circuit_operator' retrieved from /home/airflow/.local/lib/python3.12/site-packages/airflow/example_dags/example_short_circuit_operator.py
[2026-06-09T21:04:52.905+0000] {logging_mixin.py:188} INFO - [2026-06-09T21:04:52.905+0000] {dag.py:3096} INFO - Sync 1 DAGs
[2026-06-09T21:04:53.040+0000] {logging_mixin.py:188} INFO - [2026-06-09T21:04:53.037+0000] {dag.py:3954} INFO - Setting next_dagrun for example_short_circuit_operator to 2026-06-08 00:00:00+00:00, run_after=2026-06-09 00:00:00+00:00
[2026-06-09T21:04:53.233+0000] {processor.py:183} INFO - Processing /home/airflow/.local/lib/python3.12/site-packages/airflow/example_dags/example_short_circuit_operator.py took 1.114 seconds
[2026-06-09T21:05:24.185+0000] {processor.py:161} INFO - Started process (PID=129) to work on /home/airflow/.local/lib/python3.12/site-packages/airflow/example_dags/example_short_circuit_operator.py
[2026-06-09T21:05:24.185+0000] {processor.py:830} INFO - Processing file /home/airflow/.local/lib/python3.12/site-packages/airflow/example_dags/example_short_circuit_operator.py for tasks to queue
[2026-06-09T21:05:24.187+0000] {logging_mixin.py:188} INFO - [2026-06-09T21:05:24.187+0000] {dagbag.py:545} INFO - Filling up the DagBag from /home/airflow/.local/lib/python3.12/site-packages/airflow/example_dags/example_short_circuit_operator.py
[2026-06-09T21:05:24.196+0000] {processor.py:840} INFO - DAG(s) 'example_short_circuit_operator' retrieved from /home/airflow/.local/lib/python3.12/site-packages/airflow/example_dags/example_short_circuit_operator.py
[2026-06-09T21:05:24.219+0000] {logging_mixin.py:188} INFO - [2026-06-09T21:05:24.219+0000] {dag.py:3096} INFO - Sync 1 DAGs
[2026-06-09T21:05:24.239+0000] {logging_mixin.py:188} INFO - [2026-06-09T21:05:24.239+0000] {dag.py:3954} INFO - Setting next_dagrun for example_short_circuit_operator to 2026-06-08 00:00:00+00:00, run_after=2026-06-09 00:00:00+00:00
[2026-06-09T21:05:24.266+0000] {processor.py:183} INFO - Processing /home/airflow/.local/lib/python3.12/site-packages/airflow/example_dags/example_short_circuit_operator.py took 0.086 seconds
[2026-06-09T21:05:55.073+0000] {processor.py:161} INFO - Started process (PID=195) to work on /home/airflow/.local/lib/python3.12/site-packages/airflow/example_dags/example_short_circuit_operator.py
[2026-06-09T21:05:55.074+0000] {processor.py:830} INFO - Processing file /home/airflow/.local/lib/python3.12/site-packages/airflow/example_dags/example_short_circuit_operator.py for tasks to queue
[2026-06-09T21:05:55.076+0000] {logging_mixin.py:188} INFO - [2026-06-09T21:05:55.076+0000] {dagbag.py:545} INFO - Filling up the DagBag from /home/airflow/.local/lib/python3.12/site-packages/airflow/example_dags/example_short_circuit_operator.py
[2026-06-09T21:05:55.086+0000] {processor.py:840} INFO - DAG(s) 'example_short_circuit_operator' retrieved from /home/airflow/.local/lib/python3.12/site-packages/airflow/example_dags/example_short_circuit_operator.py
[2026-06-09T21:05:55.128+0000] {logging_mixin.py:188} INFO - [2026-06-09T21:05:55.128+0000] {dag.py:3096} INFO - Sync 1 DAGs
[2026-06-09T21:05:55.152+0000] {logging_mixin.py:188} INFO - [2026-06-09T21:05:55.151+0000] {dag.py:3954} INFO - Setting next_dagrun for example_short_circuit_operator to 2026-06-08 00:00:00+00:00, run_after=2026-06-09 00:00:00+00:00
[2026-06-09T21:05:55.178+0000] {processor.py:183} INFO - Processing /home/airflow/.local/lib/python3.12/site-packages/airflow/example_dags/example_short_circuit_operator.py took 0.112 seconds
[2026-06-09T21:06:25.233+0000] {processor.py:161} INFO - Started process (PID=255) to work on /home/airflow/.local/lib/python3.12/site-packages/airflow/example_dags/example_short_circuit_operator.py
[2026-06-09T21:06:25.234+0000] {processor.py:830} INFO - Processing file /home/airflow/.local/lib/python3.12/site-packages/airflow/example_dags/example_short_circuit_operator.py for tasks to queue
[2026-06-09T21:06:25.237+0000] {logging_mixin.py:188} INFO - [2026-06-09T21:06:25.237+0000] {dagbag.py:545} INFO - Filling up the DagBag from /home/airflow/.local/lib/python3.12/site-packages/airflow/example_dags/example_short_circuit_operator.py
[2026-06-09T21:06:25.245+0000] {processor.py:840} INFO - DAG(s) 'example_short_circuit_operator' retrieved from /home/airflow/.local/lib/python3.12/site-packages/airflow/example_dags/example_short_circuit_operator.py
[2026-06-09T21:06:25.275+0000] {logging_mixin.py:188} INFO - [2026-06-09T21:06:25.275+0000] {dag.py:3096} INFO - Sync 1 DAGs
[2026-06-09T21:06:25.295+0000] {logging_mixin.py:188} INFO - [2026-06-09T21:06:25.295+0000] {dag.py:3954} INFO - Setting next_dagrun for example_short_circuit_operator to 2026-06-08 00:00:00+00:00, run_after=2026-06-09 00:00:00+00:00
[2026-06-09T21:06:25.315+0000] {processor.py:183} INFO - Processing /home/airflow/.local/lib/python3.12/site-packages/airflow/example_dags/example_short_circuit_operator.py took 0.088 seconds
[2026-06-09T21:06:55.980+0000] {processor.py:161} INFO - Started process (PID=315) to work on /home/airflow/.local/lib/python3.12/site-packages/airflow/example_dags/example_short_circuit_operator.py
[2026-06-09T21:06:55.982+0000] {processor.py:830} INFO - Processing file /home/airflow/.local/lib/python3.12/site-packages/airflow/example_dags/example_short_circuit_operator.py for tasks to queue
[2026-06-09T21:06:55.984+0000] {logging_mixin.py:188} INFO - [2026-06-09T21:06:55.983+0000] {dagbag.py:545} INFO - Filling up the DagBag from /home/airflow/.local/lib/python3.12/site-packages/airflow/example_dags/example_short_circuit_operator.py
[2026-06-09T21:06:55.994+0000] {processor.py:840} INFO - DAG(s) 'example_short_circuit_operator' retrieved from /home/airflow/.local/lib/python3.12/site-packages/airflow/example_dags/example_short_circuit_operator.py
[2026-06-09T21:06:56.057+0000] {logging_mixin.py:188} INFO - [2026-06-09T21:06:56.057+0000] {dag.py:3096} INFO - Sync 1 DAGs
[2026-06-09T21:06:56.091+0000] {logging_mixin.py:188} INFO - [2026-06-09T21:06:56.090+0000] {dag.py:3954} INFO - Setting next_dagrun for example_short_circuit_operator to 2026-06-08 00:00:00+00:00, run_after=2026-06-09 00:00:00+00:00
[2026-06-09T21:06:56.117+0000] {processor.py:183} INFO - Processing /home/airflow/.local/lib/python3.12/site-packages/airflow/example_dags/example_short_circuit_operator.py took 0.151 seconds
[2026-06-09T21:07:27.647+0000] {processor.py:161} INFO - Started process (PID=375) to work on /home/airflow/.local/lib/python3.12/site-packages/airflow/example_dags/example_short_circuit_operator.py
[2026-06-09T21:07:27.662+0000] {processor.py:830} INFO - Processing file /home/airflow/.local/lib/python3.12/site-packages/airflow/example_dags/example_short_circuit_operator.py for tasks to queue
[2026-06-09T21:07:27.671+0000] {logging_mixin.py:188} INFO - [2026-06-09T21:07:27.670+0000] {dagbag.py:545} INFO - Filling up the DagBag from /home/airflow/.local/lib/python3.12/site-packages/airflow/example_dags/example_short_circuit_operator.py
[2026-06-09T21:07:27.713+0000] {processor.py:840} INFO - DAG(s) 'example_short_circuit_operator' retrieved from /home/airflow/.local/lib/python3.12/site-packages/airflow/example_dags/example_short_circuit_operator.py
[2026-06-09T21:07:27.853+0000] {logging_mixin.py:188} INFO - [2026-06-09T21:07:27.853+0000] {dag.py:3096} INFO - Sync 1 DAGs
[2026-06-09T21:07:27.939+0000] {logging_mixin.py:188} INFO - [2026-06-09T21:07:27.938+0000] {dag.py:3954} INFO - Setting next_dagrun for example_short_circuit_operator to 2026-06-08 00:00:00+00:00, run_after=2026-06-09 00:00:00+00:00
[2026-06-09T21:07:27.992+0000] {processor.py:183} INFO - Processing /home/airflow/.local/lib/python3.12/site-packages/airflow/example_dags/example_short_circuit_operator.py took 0.380 seconds
[2026-06-09T21:07:58.118+0000] {processor.py:161} INFO - Started process (PID=435) to work on /home/airflow/.local/lib/python3.12/site-packages/airflow/example_dags/example_short_circuit_operator.py
[2026-06-09T21:07:58.119+0000] {processor.py:830} INFO - Processing file /home/airflow/.local/lib/python3.12/site-packages/airflow/example_dags/example_short_circuit_operator.py for tasks to queue
[2026-06-09T21:07:58.120+0000] {logging_mixin.py:188} INFO - [2026-06-09T21:07:58.120+0000] {dagbag.py:545} INFO - Filling up the DagBag from /home/airflow/.local/lib/python3.12/site-packages/airflow/example_dags/example_short_circuit_operator.py
[2026-06-09T21:07:58.127+0000] {processor.py:840} INFO - DAG(s) 'example_short_circuit_operator' retrieved from /home/airflow/.local/lib/python3.12/site-packages/airflow/example_dags/example_short_circuit_operator.py
[2026-06-09T21:07:58.150+0000] {logging_mixin.py:188} INFO - [2026-06-09T21:07:58.150+0000] {dag.py:3096} INFO - Sync 1 DAGs
[2026-06-09T21:07:58.187+0000] {logging_mixin.py:188} INFO - [2026-06-09T21:07:58.187+0000] {dag.py:3954} INFO - Setting next_dagrun for example_short_circuit_operator to 2026-06-08 00:00:00+00:00, run_after=2026-06-09 00:00:00+00:00
[2026-06-09T21:07:58.203+0000] {processor.py:183} INFO - Processing /home/airflow/.local/lib/python3.12/site-packages/airflow/example_dags/example_short_circuit_operator.py took 0.091 seconds
[2026-06-09T21:08:28.939+0000] {processor.py:161} INFO - Started process (PID=495) to work on /home/airflow/.local/lib/python3.12/site-packages/airflow/example_dags/example_short_circuit_operator.py
[2026-06-09T21:08:28.940+0000] {processor.py:830} INFO - Processing file /home/airflow/.local/lib/python3.12/site-packages/airflow/example_dags/example_short_circuit_operator.py for tasks to queue
[2026-06-09T21:08:28.942+0000] {logging_mixin.py:188} INFO - [2026-06-09T21:08:28.942+0000] {dagbag.py:545} INFO - Filling up the DagBag from /home/airflow/.local/lib/python3.12/site-packages/airflow/example_dags/example_short_circuit_operator.py
[2026-06-09T21:08:28.952+0000] {processor.py:840} INFO - DAG(s) 'example_short_circuit_operator' retrieved from /home/airflow/.local/lib/python3.12/site-packages/airflow/example_dags/example_short_circuit_operator.py
[2026-06-09T21:08:28.994+0000] {logging_mixin.py:188} INFO - [2026-06-09T21:08:28.994+0000] {dag.py:3096} INFO - Sync 1 DAGs
[2026-06-09T21:08:29.031+0000] {logging_mixin.py:188} INFO - [2026-06-09T21:08:29.030+0000] {dag.py:3954} INFO - Setting next_dagrun for example_short_circuit_operator to 2026-06-08 00:00:00+00:00, run_after=2026-06-09 00:00:00+00:00
[2026-06-09T21:08:29.058+0000] {processor.py:183} INFO - Processing /home/airflow/.local/lib/python3.12/site-packages/airflow/example_dags/example_short_circuit_operator.py took 0.126 seconds
[2026-06-09T21:09:00.257+0000] {processor.py:161} INFO - Started process (PID=555) to work on /home/airflow/.local/lib/python3.12/site-packages/airflow/example_dags/example_short_circuit_operator.py
[2026-06-09T21:09:00.259+0000] {processor.py:830} INFO - Processing file /home/airflow/.local/lib/python3.12/site-packages/airflow/example_dags/example_short_circuit_operator.py for tasks to queue
[2026-06-09T21:09:00.264+0000] {logging_mixin.py:188} INFO - [2026-06-09T21:09:00.264+0000] {dagbag.py:545} INFO - Filling up the DagBag from /home/airflow/.local/lib/python3.12/site-packages/airflow/example_dags/example_short_circuit_operator.py
[2026-06-09T21:09:00.286+0000] {processor.py:840} INFO - DAG(s) 'example_short_circuit_operator' retrieved from /home/airflow/.local/lib/python3.12/site-packages/airflow/example_dags/example_short_circuit_operator.py
[2026-06-09T21:09:00.336+0000] {logging_mixin.py:188} INFO - [2026-06-09T21:09:00.335+0000] {dag.py:3096} INFO - Sync 1 DAGs
[2026-06-09T21:09:00.382+0000] {logging_mixin.py:188} INFO - [2026-06-09T21:09:00.381+0000] {dag.py:3954} INFO - Setting next_dagrun for example_short_circuit_operator to 2026-06-08 00:00:00+00:00, run_after=2026-06-09 00:00:00+00:00
[2026-06-09T21:09:00.409+0000] {processor.py:183} INFO - Processing /home/airflow/.local/lib/python3.12/site-packages/airflow/example_dags/example_short_circuit_operator.py took 0.170 seconds
[2026-06-09T21:09:31.049+0000] {processor.py:161} INFO - Started process (PID=615) to work on /home/airflow/.local/lib/python3.12/site-packages/airflow/example_dags/example_short_circuit_operator.py
[2026-06-09T21:09:31.052+0000] {processor.py:830} INFO - Processing file /home/airflow/.local/lib/python3.12/site-packages/airflow/example_dags/example_short_circuit_operator.py for tasks to queue
[2026-06-09T21:09:31.057+0000] {logging_mixin.py:188} INFO - [2026-06-09T21:09:31.056+0000] {dagbag.py:545} INFO - Filling up the DagBag from /home/airflow/.local/lib/python3.12/site-packages/airflow/example_dags/example_short_circuit_operator.py
[2026-06-09T21:09:31.090+0000] {processor.py:840} INFO - DAG(s) 'example_short_circuit_operator' retrieved from /home/airflow/.local/lib/python3.12/site-packages/airflow/example_dags/example_short_circuit_operator.py
[2026-06-09T21:09:31.171+0000] {logging_mixin.py:188} INFO - [2026-06-09T21:09:31.170+0000] {dag.py:3096} INFO - Sync 1 DAGs
[2026-06-09T21:09:31.215+0000] {logging_mixin.py:188} INFO - [2026-06-09T21:09:31.215+0000] {dag.py:3954} INFO - Setting next_dagrun for example_short_circuit_operator to 2026-06-08 00:00:00+00:00, run_after=2026-06-09 00:00:00+00:00
[2026-06-09T21:09:31.282+0000] {processor.py:183} INFO - Processing /home/airflow/.local/lib/python3.12/site-packages/airflow/example_dags/example_short_circuit_operator.py took 0.246 seconds
[2026-06-09T21:10:02.127+0000] {processor.py:161} INFO - Started process (PID=675) to work on /home/airflow/.local/lib/python3.12/site-packages/airflow/example_dags/example_short_circuit_operator.py
[2026-06-09T21:10:02.130+0000] {processor.py:830} INFO - Processing file /home/airflow/.local/lib/python3.12/site-packages/airflow/example_dags/example_short_circuit_operator.py for tasks to queue
[2026-06-09T21:10:02.149+0000] {logging_mixin.py:188} INFO - [2026-06-09T21:10:02.139+0000] {dagbag.py:545} INFO - Filling up the DagBag from /home/airflow/.local/lib/python3.12/site-packages/airflow/example_dags/example_short_circuit_operator.py
[2026-06-09T21:10:02.183+0000] {processor.py:840} INFO - DAG(s) 'example_short_circuit_operator' retrieved from /home/airflow/.local/lib/python3.12/site-packages/airflow/example_dags/example_short_circuit_operator.py
[2026-06-09T21:10:02.251+0000] {logging_mixin.py:188} INFO - [2026-06-09T21:10:02.251+0000] {dag.py:3096} INFO - Sync 1 DAGs
[2026-06-09T21:10:02.285+0000] {logging_mixin.py:188} INFO - [2026-06-09T21:10:02.284+0000] {dag.py:3954} INFO - Setting next_dagrun for example_short_circuit_operator to 2026-06-08 00:00:00+00:00, run_after=2026-06-09 00:00:00+00:00
[2026-06-09T21:10:02.310+0000] {processor.py:183} INFO - Processing /home/airflow/.local/lib/python3.12/site-packages/airflow/example_dags/example_short_circuit_operator.py took 0.204 seconds
[2026-06-09T21:10:33.408+0000] {processor.py:161} INFO - Started process (PID=735) to work on /home/airflow/.local/lib/python3.12/site-packages/airflow/example_dags/example_short_circuit_operator.py
[2026-06-09T21:10:33.423+0000] {processor.py:830} INFO - Processing file /home/airflow/.local/lib/python3.12/site-packages/airflow/example_dags/example_short_circuit_operator.py for tasks to queue
[2026-06-09T21:10:33.433+0000] {logging_mixin.py:188} INFO - [2026-06-09T21:10:33.432+0000] {dagbag.py:545} INFO - Filling up the DagBag from /home/airflow/.local/lib/python3.12/site-packages/airflow/example_dags/example_short_circuit_operator.py
[2026-06-09T21:10:33.495+0000] {processor.py:840} INFO - DAG(s) 'example_short_circuit_operator' retrieved from /home/airflow/.local/lib/python3.12/site-packages/airflow/example_dags/example_short_circuit_operator.py
[2026-06-09T21:10:33.616+0000] {logging_mixin.py:188} INFO - [2026-06-09T21:10:33.616+0000] {dag.py:3096} INFO - Sync 1 DAGs
[2026-06-09T21:10:33.721+0000] {logging_mixin.py:188} INFO - [2026-06-09T21:10:33.721+0000] {dag.py:3954} INFO - Setting next_dagrun for example_short_circuit_operator to 2026-06-08 00:00:00+00:00, run_after=2026-06-09 00:00:00+00:00
[2026-06-09T21:10:33.860+0000] {processor.py:183} INFO - Processing /home/airflow/.local/lib/python3.12/site-packages/airflow/example_dags/example_short_circuit_operator.py took 0.488 seconds
