[2026-06-09T20:27:39.900+0000] {processor.py:161} INFO - Started process (PID=102) to work on /home/airflow/.local/lib/python3.12/site-packages/airflow/example_dags/tutorial_taskflow_api.py
[2026-06-09T20:27:39.903+0000] {processor.py:830} INFO - Processing file /home/airflow/.local/lib/python3.12/site-packages/airflow/example_dags/tutorial_taskflow_api.py for tasks to queue
[2026-06-09T20:27:39.911+0000] {logging_mixin.py:188} INFO - [2026-06-09T20:27:39.910+0000] {dagbag.py:545} INFO - Filling up the DagBag from /home/airflow/.local/lib/python3.12/site-packages/airflow/example_dags/tutorial_taskflow_api.py
[2026-06-09T20:27:39.933+0000] {processor.py:840} INFO - DAG(s) 'tutorial_taskflow_api' retrieved from /home/airflow/.local/lib/python3.12/site-packages/airflow/example_dags/tutorial_taskflow_api.py
[2026-06-09T20:27:40.673+0000] {logging_mixin.py:188} INFO - [2026-06-09T20:27:40.672+0000] {override.py:1829} INFO - Created Permission View: can edit on DAG:tutorial_taskflow_api
[2026-06-09T20:27:40.754+0000] {logging_mixin.py:188} INFO - [2026-06-09T20:27:40.754+0000] {override.py:1829} INFO - Created Permission View: can read on DAG:tutorial_taskflow_api
[2026-06-09T20:27:40.775+0000] {logging_mixin.py:188} INFO - [2026-06-09T20:27:40.774+0000] {override.py:1829} INFO - Created Permission View: can delete on DAG:tutorial_taskflow_api
[2026-06-09T20:27:40.780+0000] {logging_mixin.py:188} INFO - [2026-06-09T20:27:40.775+0000] {dag.py:3096} INFO - Sync 1 DAGs
[2026-06-09T20:27:40.905+0000] {logging_mixin.py:188} INFO - [2026-06-09T20:27:40.904+0000] {dag.py:3118} INFO - Creating ORM DAG for tutorial_taskflow_api
[2026-06-09T20:27:40.909+0000] {logging_mixin.py:188} INFO - [2026-06-09T20:27:40.908+0000] {dag.py:3954} INFO - Setting next_dagrun for tutorial_taskflow_api to None, run_after=None
[2026-06-09T20:27:41.040+0000] {processor.py:183} INFO - Processing /home/airflow/.local/lib/python3.12/site-packages/airflow/example_dags/tutorial_taskflow_api.py took 1.166 seconds
[2026-06-09T20:28:11.339+0000] {processor.py:161} INFO - Started process (PID=162) to work on /home/airflow/.local/lib/python3.12/site-packages/airflow/example_dags/tutorial_taskflow_api.py
[2026-06-09T20:28:11.342+0000] {processor.py:830} INFO - Processing file /home/airflow/.local/lib/python3.12/site-packages/airflow/example_dags/tutorial_taskflow_api.py for tasks to queue
[2026-06-09T20:28:11.363+0000] {logging_mixin.py:188} INFO - [2026-06-09T20:28:11.352+0000] {dagbag.py:545} INFO - Filling up the DagBag from /home/airflow/.local/lib/python3.12/site-packages/airflow/example_dags/tutorial_taskflow_api.py
[2026-06-09T20:28:11.376+0000] {processor.py:840} INFO - DAG(s) 'tutorial_taskflow_api' retrieved from /home/airflow/.local/lib/python3.12/site-packages/airflow/example_dags/tutorial_taskflow_api.py
[2026-06-09T20:28:11.441+0000] {logging_mixin.py:188} INFO - [2026-06-09T20:28:11.441+0000] {dag.py:3096} INFO - Sync 1 DAGs
[2026-06-09T20:28:11.510+0000] {logging_mixin.py:188} INFO - [2026-06-09T20:28:11.509+0000] {dag.py:3954} INFO - Setting next_dagrun for tutorial_taskflow_api to None, run_after=None
[2026-06-09T20:28:11.621+0000] {processor.py:183} INFO - Processing /home/airflow/.local/lib/python3.12/site-packages/airflow/example_dags/tutorial_taskflow_api.py took 0.334 seconds
[2026-06-09T20:28:42.539+0000] {processor.py:161} INFO - Started process (PID=222) to work on /home/airflow/.local/lib/python3.12/site-packages/airflow/example_dags/tutorial_taskflow_api.py
[2026-06-09T20:28:42.540+0000] {processor.py:830} INFO - Processing file /home/airflow/.local/lib/python3.12/site-packages/airflow/example_dags/tutorial_taskflow_api.py for tasks to queue
[2026-06-09T20:28:42.543+0000] {logging_mixin.py:188} INFO - [2026-06-09T20:28:42.543+0000] {dagbag.py:545} INFO - Filling up the DagBag from /home/airflow/.local/lib/python3.12/site-packages/airflow/example_dags/tutorial_taskflow_api.py
[2026-06-09T20:28:42.559+0000] {processor.py:840} INFO - DAG(s) 'tutorial_taskflow_api' retrieved from /home/airflow/.local/lib/python3.12/site-packages/airflow/example_dags/tutorial_taskflow_api.py
[2026-06-09T20:28:42.585+0000] {logging_mixin.py:188} INFO - [2026-06-09T20:28:42.584+0000] {dag.py:3096} INFO - Sync 1 DAGs
[2026-06-09T20:28:42.602+0000] {logging_mixin.py:188} INFO - [2026-06-09T20:28:42.602+0000] {dag.py:3954} INFO - Setting next_dagrun for tutorial_taskflow_api to None, run_after=None
[2026-06-09T20:28:42.628+0000] {processor.py:183} INFO - Processing /home/airflow/.local/lib/python3.12/site-packages/airflow/example_dags/tutorial_taskflow_api.py took 0.102 seconds
[2026-06-09T20:29:12.874+0000] {processor.py:161} INFO - Started process (PID=282) to work on /home/airflow/.local/lib/python3.12/site-packages/airflow/example_dags/tutorial_taskflow_api.py
[2026-06-09T20:29:12.874+0000] {processor.py:830} INFO - Processing file /home/airflow/.local/lib/python3.12/site-packages/airflow/example_dags/tutorial_taskflow_api.py for tasks to queue
[2026-06-09T20:29:12.877+0000] {logging_mixin.py:188} INFO - [2026-06-09T20:29:12.876+0000] {dagbag.py:545} INFO - Filling up the DagBag from /home/airflow/.local/lib/python3.12/site-packages/airflow/example_dags/tutorial_taskflow_api.py
[2026-06-09T20:29:12.885+0000] {processor.py:840} INFO - DAG(s) 'tutorial_taskflow_api' retrieved from /home/airflow/.local/lib/python3.12/site-packages/airflow/example_dags/tutorial_taskflow_api.py
[2026-06-09T20:29:12.913+0000] {logging_mixin.py:188} INFO - [2026-06-09T20:29:12.912+0000] {dag.py:3096} INFO - Sync 1 DAGs
[2026-06-09T20:29:12.933+0000] {logging_mixin.py:188} INFO - [2026-06-09T20:29:12.933+0000] {dag.py:3954} INFO - Setting next_dagrun for tutorial_taskflow_api to None, run_after=None
[2026-06-09T20:29:12.958+0000] {processor.py:183} INFO - Processing /home/airflow/.local/lib/python3.12/site-packages/airflow/example_dags/tutorial_taskflow_api.py took 0.091 seconds
[2026-06-09T20:29:45.439+0000] {processor.py:161} INFO - Started process (PID=342) to work on /home/airflow/.local/lib/python3.12/site-packages/airflow/example_dags/tutorial_taskflow_api.py
[2026-06-09T20:29:45.442+0000] {processor.py:830} INFO - Processing file /home/airflow/.local/lib/python3.12/site-packages/airflow/example_dags/tutorial_taskflow_api.py for tasks to queue
[2026-06-09T20:29:45.447+0000] {logging_mixin.py:188} INFO - [2026-06-09T20:29:45.446+0000] {dagbag.py:545} INFO - Filling up the DagBag from /home/airflow/.local/lib/python3.12/site-packages/airflow/example_dags/tutorial_taskflow_api.py
[2026-06-09T20:29:45.462+0000] {processor.py:840} INFO - DAG(s) 'tutorial_taskflow_api' retrieved from /home/airflow/.local/lib/python3.12/site-packages/airflow/example_dags/tutorial_taskflow_api.py
[2026-06-09T20:29:45.518+0000] {logging_mixin.py:188} INFO - [2026-06-09T20:29:45.518+0000] {dag.py:3096} INFO - Sync 1 DAGs
[2026-06-09T20:29:45.551+0000] {logging_mixin.py:188} INFO - [2026-06-09T20:29:45.550+0000] {dag.py:3954} INFO - Setting next_dagrun for tutorial_taskflow_api to None, run_after=None
[2026-06-09T20:29:45.647+0000] {processor.py:183} INFO - Processing /home/airflow/.local/lib/python3.12/site-packages/airflow/example_dags/tutorial_taskflow_api.py took 0.231 seconds
[2026-06-09T20:30:16.698+0000] {processor.py:161} INFO - Started process (PID=402) to work on /home/airflow/.local/lib/python3.12/site-packages/airflow/example_dags/tutorial_taskflow_api.py
[2026-06-09T20:30:16.699+0000] {processor.py:830} INFO - Processing file /home/airflow/.local/lib/python3.12/site-packages/airflow/example_dags/tutorial_taskflow_api.py for tasks to queue
[2026-06-09T20:30:16.703+0000] {logging_mixin.py:188} INFO - [2026-06-09T20:30:16.702+0000] {dagbag.py:545} INFO - Filling up the DagBag from /home/airflow/.local/lib/python3.12/site-packages/airflow/example_dags/tutorial_taskflow_api.py
[2026-06-09T20:30:16.738+0000] {processor.py:840} INFO - DAG(s) 'tutorial_taskflow_api' retrieved from /home/airflow/.local/lib/python3.12/site-packages/airflow/example_dags/tutorial_taskflow_api.py
[2026-06-09T20:30:16.799+0000] {logging_mixin.py:188} INFO - [2026-06-09T20:30:16.799+0000] {dag.py:3096} INFO - Sync 1 DAGs
[2026-06-09T20:30:16.833+0000] {logging_mixin.py:188} INFO - [2026-06-09T20:30:16.832+0000] {dag.py:3954} INFO - Setting next_dagrun for tutorial_taskflow_api to None, run_after=None
[2026-06-09T20:30:16.872+0000] {processor.py:183} INFO - Processing /home/airflow/.local/lib/python3.12/site-packages/airflow/example_dags/tutorial_taskflow_api.py took 0.211 seconds
[2026-06-09T20:30:47.557+0000] {processor.py:161} INFO - Started process (PID=461) to work on /home/airflow/.local/lib/python3.12/site-packages/airflow/example_dags/tutorial_taskflow_api.py
[2026-06-09T20:30:47.558+0000] {processor.py:830} INFO - Processing file /home/airflow/.local/lib/python3.12/site-packages/airflow/example_dags/tutorial_taskflow_api.py for tasks to queue
[2026-06-09T20:30:47.560+0000] {logging_mixin.py:188} INFO - [2026-06-09T20:30:47.560+0000] {dagbag.py:545} INFO - Filling up the DagBag from /home/airflow/.local/lib/python3.12/site-packages/airflow/example_dags/tutorial_taskflow_api.py
[2026-06-09T20:30:47.571+0000] {processor.py:840} INFO - DAG(s) 'tutorial_taskflow_api' retrieved from /home/airflow/.local/lib/python3.12/site-packages/airflow/example_dags/tutorial_taskflow_api.py
[2026-06-09T20:30:47.597+0000] {logging_mixin.py:188} INFO - [2026-06-09T20:30:47.597+0000] {dag.py:3096} INFO - Sync 1 DAGs
[2026-06-09T20:30:47.617+0000] {logging_mixin.py:188} INFO - [2026-06-09T20:30:47.617+0000] {dag.py:3954} INFO - Setting next_dagrun for tutorial_taskflow_api to None, run_after=None
[2026-06-09T20:30:47.640+0000] {processor.py:183} INFO - Processing /home/airflow/.local/lib/python3.12/site-packages/airflow/example_dags/tutorial_taskflow_api.py took 0.091 seconds
[2026-06-09T20:31:17.907+0000] {processor.py:161} INFO - Started process (PID=521) to work on /home/airflow/.local/lib/python3.12/site-packages/airflow/example_dags/tutorial_taskflow_api.py
[2026-06-09T20:31:17.908+0000] {processor.py:830} INFO - Processing file /home/airflow/.local/lib/python3.12/site-packages/airflow/example_dags/tutorial_taskflow_api.py for tasks to queue
[2026-06-09T20:31:17.911+0000] {logging_mixin.py:188} INFO - [2026-06-09T20:31:17.910+0000] {dagbag.py:545} INFO - Filling up the DagBag from /home/airflow/.local/lib/python3.12/site-packages/airflow/example_dags/tutorial_taskflow_api.py
[2026-06-09T20:31:17.920+0000] {processor.py:840} INFO - DAG(s) 'tutorial_taskflow_api' retrieved from /home/airflow/.local/lib/python3.12/site-packages/airflow/example_dags/tutorial_taskflow_api.py
[2026-06-09T20:31:17.951+0000] {logging_mixin.py:188} INFO - [2026-06-09T20:31:17.951+0000] {dag.py:3096} INFO - Sync 1 DAGs
[2026-06-09T20:31:17.971+0000] {logging_mixin.py:188} INFO - [2026-06-09T20:31:17.970+0000] {dag.py:3954} INFO - Setting next_dagrun for tutorial_taskflow_api to None, run_after=None
[2026-06-09T20:31:18.004+0000] {processor.py:183} INFO - Processing /home/airflow/.local/lib/python3.12/site-packages/airflow/example_dags/tutorial_taskflow_api.py took 0.105 seconds
[2026-06-09T20:31:48.194+0000] {processor.py:161} INFO - Started process (PID=581) to work on /home/airflow/.local/lib/python3.12/site-packages/airflow/example_dags/tutorial_taskflow_api.py
[2026-06-09T20:31:48.195+0000] {processor.py:830} INFO - Processing file /home/airflow/.local/lib/python3.12/site-packages/airflow/example_dags/tutorial_taskflow_api.py for tasks to queue
[2026-06-09T20:31:48.197+0000] {logging_mixin.py:188} INFO - [2026-06-09T20:31:48.197+0000] {dagbag.py:545} INFO - Filling up the DagBag from /home/airflow/.local/lib/python3.12/site-packages/airflow/example_dags/tutorial_taskflow_api.py
[2026-06-09T20:31:48.211+0000] {processor.py:840} INFO - DAG(s) 'tutorial_taskflow_api' retrieved from /home/airflow/.local/lib/python3.12/site-packages/airflow/example_dags/tutorial_taskflow_api.py
[2026-06-09T20:31:48.240+0000] {logging_mixin.py:188} INFO - [2026-06-09T20:31:48.240+0000] {dag.py:3096} INFO - Sync 1 DAGs
[2026-06-09T20:31:48.258+0000] {logging_mixin.py:188} INFO - [2026-06-09T20:31:48.257+0000] {dag.py:3954} INFO - Setting next_dagrun for tutorial_taskflow_api to None, run_after=None
[2026-06-09T20:31:48.284+0000] {processor.py:183} INFO - Processing /home/airflow/.local/lib/python3.12/site-packages/airflow/example_dags/tutorial_taskflow_api.py took 0.097 seconds
[2026-06-09T20:32:18.543+0000] {processor.py:161} INFO - Started process (PID=640) to work on /home/airflow/.local/lib/python3.12/site-packages/airflow/example_dags/tutorial_taskflow_api.py
[2026-06-09T20:32:18.543+0000] {processor.py:830} INFO - Processing file /home/airflow/.local/lib/python3.12/site-packages/airflow/example_dags/tutorial_taskflow_api.py for tasks to queue
[2026-06-09T20:32:18.546+0000] {logging_mixin.py:188} INFO - [2026-06-09T20:32:18.545+0000] {dagbag.py:545} INFO - Filling up the DagBag from /home/airflow/.local/lib/python3.12/site-packages/airflow/example_dags/tutorial_taskflow_api.py
[2026-06-09T20:32:18.554+0000] {processor.py:840} INFO - DAG(s) 'tutorial_taskflow_api' retrieved from /home/airflow/.local/lib/python3.12/site-packages/airflow/example_dags/tutorial_taskflow_api.py
[2026-06-09T20:32:18.577+0000] {logging_mixin.py:188} INFO - [2026-06-09T20:32:18.577+0000] {dag.py:3096} INFO - Sync 1 DAGs
[2026-06-09T20:32:18.594+0000] {logging_mixin.py:188} INFO - [2026-06-09T20:32:18.594+0000] {dag.py:3954} INFO - Setting next_dagrun for tutorial_taskflow_api to None, run_after=None
[2026-06-09T20:32:18.618+0000] {processor.py:183} INFO - Processing /home/airflow/.local/lib/python3.12/site-packages/airflow/example_dags/tutorial_taskflow_api.py took 0.083 seconds
[2026-06-09T20:32:48.910+0000] {processor.py:161} INFO - Started process (PID=700) to work on /home/airflow/.local/lib/python3.12/site-packages/airflow/example_dags/tutorial_taskflow_api.py
[2026-06-09T20:32:48.914+0000] {processor.py:830} INFO - Processing file /home/airflow/.local/lib/python3.12/site-packages/airflow/example_dags/tutorial_taskflow_api.py for tasks to queue
[2026-06-09T20:32:48.916+0000] {logging_mixin.py:188} INFO - [2026-06-09T20:32:48.916+0000] {dagbag.py:545} INFO - Filling up the DagBag from /home/airflow/.local/lib/python3.12/site-packages/airflow/example_dags/tutorial_taskflow_api.py
[2026-06-09T20:32:48.924+0000] {processor.py:840} INFO - DAG(s) 'tutorial_taskflow_api' retrieved from /home/airflow/.local/lib/python3.12/site-packages/airflow/example_dags/tutorial_taskflow_api.py
[2026-06-09T20:32:48.949+0000] {logging_mixin.py:188} INFO - [2026-06-09T20:32:48.948+0000] {dag.py:3096} INFO - Sync 1 DAGs
[2026-06-09T20:32:48.974+0000] {logging_mixin.py:188} INFO - [2026-06-09T20:32:48.974+0000] {dag.py:3954} INFO - Setting next_dagrun for tutorial_taskflow_api to None, run_after=None
[2026-06-09T20:32:48.997+0000] {processor.py:183} INFO - Processing /home/airflow/.local/lib/python3.12/site-packages/airflow/example_dags/tutorial_taskflow_api.py took 0.094 seconds
[2026-06-09T20:33:19.563+0000] {processor.py:161} INFO - Started process (PID=760) to work on /home/airflow/.local/lib/python3.12/site-packages/airflow/example_dags/tutorial_taskflow_api.py
[2026-06-09T20:33:19.564+0000] {processor.py:830} INFO - Processing file /home/airflow/.local/lib/python3.12/site-packages/airflow/example_dags/tutorial_taskflow_api.py for tasks to queue
[2026-06-09T20:33:19.566+0000] {logging_mixin.py:188} INFO - [2026-06-09T20:33:19.565+0000] {dagbag.py:545} INFO - Filling up the DagBag from /home/airflow/.local/lib/python3.12/site-packages/airflow/example_dags/tutorial_taskflow_api.py
[2026-06-09T20:33:19.573+0000] {processor.py:840} INFO - DAG(s) 'tutorial_taskflow_api' retrieved from /home/airflow/.local/lib/python3.12/site-packages/airflow/example_dags/tutorial_taskflow_api.py
[2026-06-09T20:33:19.598+0000] {logging_mixin.py:188} INFO - [2026-06-09T20:33:19.598+0000] {dag.py:3096} INFO - Sync 1 DAGs
[2026-06-09T20:33:19.617+0000] {logging_mixin.py:188} INFO - [2026-06-09T20:33:19.617+0000] {dag.py:3954} INFO - Setting next_dagrun for tutorial_taskflow_api to None, run_after=None
[2026-06-09T20:33:19.646+0000] {processor.py:183} INFO - Processing /home/airflow/.local/lib/python3.12/site-packages/airflow/example_dags/tutorial_taskflow_api.py took 0.091 seconds
[2026-06-09T20:33:50.302+0000] {processor.py:161} INFO - Started process (PID=820) to work on /home/airflow/.local/lib/python3.12/site-packages/airflow/example_dags/tutorial_taskflow_api.py
[2026-06-09T20:33:50.302+0000] {processor.py:830} INFO - Processing file /home/airflow/.local/lib/python3.12/site-packages/airflow/example_dags/tutorial_taskflow_api.py for tasks to queue
[2026-06-09T20:33:50.304+0000] {logging_mixin.py:188} INFO - [2026-06-09T20:33:50.304+0000] {dagbag.py:545} INFO - Filling up the DagBag from /home/airflow/.local/lib/python3.12/site-packages/airflow/example_dags/tutorial_taskflow_api.py
[2026-06-09T20:33:50.312+0000] {processor.py:840} INFO - DAG(s) 'tutorial_taskflow_api' retrieved from /home/airflow/.local/lib/python3.12/site-packages/airflow/example_dags/tutorial_taskflow_api.py
[2026-06-09T20:33:50.336+0000] {logging_mixin.py:188} INFO - [2026-06-09T20:33:50.335+0000] {dag.py:3096} INFO - Sync 1 DAGs
[2026-06-09T20:33:50.377+0000] {logging_mixin.py:188} INFO - [2026-06-09T20:33:50.377+0000] {dag.py:3954} INFO - Setting next_dagrun for tutorial_taskflow_api to None, run_after=None
[2026-06-09T20:33:50.400+0000] {processor.py:183} INFO - Processing /home/airflow/.local/lib/python3.12/site-packages/airflow/example_dags/tutorial_taskflow_api.py took 0.105 seconds
[2026-06-09T20:34:20.492+0000] {processor.py:161} INFO - Started process (PID=880) to work on /home/airflow/.local/lib/python3.12/site-packages/airflow/example_dags/tutorial_taskflow_api.py
[2026-06-09T20:34:20.493+0000] {processor.py:830} INFO - Processing file /home/airflow/.local/lib/python3.12/site-packages/airflow/example_dags/tutorial_taskflow_api.py for tasks to queue
[2026-06-09T20:34:20.495+0000] {logging_mixin.py:188} INFO - [2026-06-09T20:34:20.494+0000] {dagbag.py:545} INFO - Filling up the DagBag from /home/airflow/.local/lib/python3.12/site-packages/airflow/example_dags/tutorial_taskflow_api.py
[2026-06-09T20:34:20.502+0000] {processor.py:840} INFO - DAG(s) 'tutorial_taskflow_api' retrieved from /home/airflow/.local/lib/python3.12/site-packages/airflow/example_dags/tutorial_taskflow_api.py
[2026-06-09T20:34:20.529+0000] {logging_mixin.py:188} INFO - [2026-06-09T20:34:20.528+0000] {dag.py:3096} INFO - Sync 1 DAGs
[2026-06-09T20:34:20.547+0000] {logging_mixin.py:188} INFO - [2026-06-09T20:34:20.547+0000] {dag.py:3954} INFO - Setting next_dagrun for tutorial_taskflow_api to None, run_after=None
[2026-06-09T20:34:20.569+0000] {processor.py:183} INFO - Processing /home/airflow/.local/lib/python3.12/site-packages/airflow/example_dags/tutorial_taskflow_api.py took 0.084 seconds
[2026-06-09T20:34:50.713+0000] {processor.py:161} INFO - Started process (PID=940) to work on /home/airflow/.local/lib/python3.12/site-packages/airflow/example_dags/tutorial_taskflow_api.py
[2026-06-09T20:34:50.715+0000] {processor.py:830} INFO - Processing file /home/airflow/.local/lib/python3.12/site-packages/airflow/example_dags/tutorial_taskflow_api.py for tasks to queue
[2026-06-09T20:34:50.720+0000] {logging_mixin.py:188} INFO - [2026-06-09T20:34:50.719+0000] {dagbag.py:545} INFO - Filling up the DagBag from /home/airflow/.local/lib/python3.12/site-packages/airflow/example_dags/tutorial_taskflow_api.py
[2026-06-09T20:34:50.733+0000] {processor.py:840} INFO - DAG(s) 'tutorial_taskflow_api' retrieved from /home/airflow/.local/lib/python3.12/site-packages/airflow/example_dags/tutorial_taskflow_api.py
[2026-06-09T20:34:50.784+0000] {logging_mixin.py:188} INFO - [2026-06-09T20:34:50.784+0000] {dag.py:3096} INFO - Sync 1 DAGs
[2026-06-09T20:34:50.822+0000] {logging_mixin.py:188} INFO - [2026-06-09T20:34:50.821+0000] {dag.py:3954} INFO - Setting next_dagrun for tutorial_taskflow_api to None, run_after=None
[2026-06-09T20:34:50.869+0000] {processor.py:183} INFO - Processing /home/airflow/.local/lib/python3.12/site-packages/airflow/example_dags/tutorial_taskflow_api.py took 0.174 seconds
[2026-06-09T20:35:21.423+0000] {processor.py:161} INFO - Started process (PID=1000) to work on /home/airflow/.local/lib/python3.12/site-packages/airflow/example_dags/tutorial_taskflow_api.py
[2026-06-09T20:35:21.425+0000] {processor.py:830} INFO - Processing file /home/airflow/.local/lib/python3.12/site-packages/airflow/example_dags/tutorial_taskflow_api.py for tasks to queue
[2026-06-09T20:35:21.434+0000] {logging_mixin.py:188} INFO - [2026-06-09T20:35:21.434+0000] {dagbag.py:545} INFO - Filling up the DagBag from /home/airflow/.local/lib/python3.12/site-packages/airflow/example_dags/tutorial_taskflow_api.py
[2026-06-09T20:35:21.453+0000] {processor.py:840} INFO - DAG(s) 'tutorial_taskflow_api' retrieved from /home/airflow/.local/lib/python3.12/site-packages/airflow/example_dags/tutorial_taskflow_api.py
[2026-06-09T20:35:21.611+0000] {logging_mixin.py:188} INFO - [2026-06-09T20:35:21.611+0000] {dag.py:3096} INFO - Sync 1 DAGs
[2026-06-09T20:35:21.693+0000] {logging_mixin.py:188} INFO - [2026-06-09T20:35:21.692+0000] {dag.py:3954} INFO - Setting next_dagrun for tutorial_taskflow_api to None, run_after=None
[2026-06-09T20:35:21.820+0000] {processor.py:183} INFO - Processing /home/airflow/.local/lib/python3.12/site-packages/airflow/example_dags/tutorial_taskflow_api.py took 0.405 seconds
[2026-06-09T20:35:52.434+0000] {processor.py:161} INFO - Started process (PID=1060) to work on /home/airflow/.local/lib/python3.12/site-packages/airflow/example_dags/tutorial_taskflow_api.py
[2026-06-09T20:35:52.435+0000] {processor.py:830} INFO - Processing file /home/airflow/.local/lib/python3.12/site-packages/airflow/example_dags/tutorial_taskflow_api.py for tasks to queue
[2026-06-09T20:35:52.441+0000] {logging_mixin.py:188} INFO - [2026-06-09T20:35:52.441+0000] {dagbag.py:545} INFO - Filling up the DagBag from /home/airflow/.local/lib/python3.12/site-packages/airflow/example_dags/tutorial_taskflow_api.py
[2026-06-09T20:35:52.462+0000] {processor.py:840} INFO - DAG(s) 'tutorial_taskflow_api' retrieved from /home/airflow/.local/lib/python3.12/site-packages/airflow/example_dags/tutorial_taskflow_api.py
[2026-06-09T20:35:52.499+0000] {logging_mixin.py:188} INFO - [2026-06-09T20:35:52.499+0000] {dag.py:3096} INFO - Sync 1 DAGs
[2026-06-09T20:35:52.517+0000] {logging_mixin.py:188} INFO - [2026-06-09T20:35:52.517+0000] {dag.py:3954} INFO - Setting next_dagrun for tutorial_taskflow_api to None, run_after=None
[2026-06-09T20:35:52.539+0000] {processor.py:183} INFO - Processing /home/airflow/.local/lib/python3.12/site-packages/airflow/example_dags/tutorial_taskflow_api.py took 0.121 seconds
[2026-06-09T20:36:23.401+0000] {processor.py:161} INFO - Started process (PID=1120) to work on /home/airflow/.local/lib/python3.12/site-packages/airflow/example_dags/tutorial_taskflow_api.py
[2026-06-09T20:36:23.402+0000] {processor.py:830} INFO - Processing file /home/airflow/.local/lib/python3.12/site-packages/airflow/example_dags/tutorial_taskflow_api.py for tasks to queue
[2026-06-09T20:36:23.404+0000] {logging_mixin.py:188} INFO - [2026-06-09T20:36:23.403+0000] {dagbag.py:545} INFO - Filling up the DagBag from /home/airflow/.local/lib/python3.12/site-packages/airflow/example_dags/tutorial_taskflow_api.py
[2026-06-09T20:36:23.411+0000] {processor.py:840} INFO - DAG(s) 'tutorial_taskflow_api' retrieved from /home/airflow/.local/lib/python3.12/site-packages/airflow/example_dags/tutorial_taskflow_api.py
[2026-06-09T20:36:23.434+0000] {logging_mixin.py:188} INFO - [2026-06-09T20:36:23.433+0000] {dag.py:3096} INFO - Sync 1 DAGs
[2026-06-09T20:36:23.452+0000] {logging_mixin.py:188} INFO - [2026-06-09T20:36:23.451+0000] {dag.py:3954} INFO - Setting next_dagrun for tutorial_taskflow_api to None, run_after=None
[2026-06-09T20:36:23.474+0000] {processor.py:183} INFO - Processing /home/airflow/.local/lib/python3.12/site-packages/airflow/example_dags/tutorial_taskflow_api.py took 0.081 seconds
[2026-06-09T20:36:53.841+0000] {processor.py:161} INFO - Started process (PID=1180) to work on /home/airflow/.local/lib/python3.12/site-packages/airflow/example_dags/tutorial_taskflow_api.py
[2026-06-09T20:36:53.845+0000] {processor.py:830} INFO - Processing file /home/airflow/.local/lib/python3.12/site-packages/airflow/example_dags/tutorial_taskflow_api.py for tasks to queue
[2026-06-09T20:36:53.849+0000] {logging_mixin.py:188} INFO - [2026-06-09T20:36:53.849+0000] {dagbag.py:545} INFO - Filling up the DagBag from /home/airflow/.local/lib/python3.12/site-packages/airflow/example_dags/tutorial_taskflow_api.py
[2026-06-09T20:36:53.858+0000] {processor.py:840} INFO - DAG(s) 'tutorial_taskflow_api' retrieved from /home/airflow/.local/lib/python3.12/site-packages/airflow/example_dags/tutorial_taskflow_api.py
[2026-06-09T20:36:53.883+0000] {logging_mixin.py:188} INFO - [2026-06-09T20:36:53.883+0000] {dag.py:3096} INFO - Sync 1 DAGs
[2026-06-09T20:36:53.910+0000] {logging_mixin.py:188} INFO - [2026-06-09T20:36:53.910+0000] {dag.py:3954} INFO - Setting next_dagrun for tutorial_taskflow_api to None, run_after=None
[2026-06-09T20:36:53.937+0000] {processor.py:183} INFO - Processing /home/airflow/.local/lib/python3.12/site-packages/airflow/example_dags/tutorial_taskflow_api.py took 0.109 seconds
[2026-06-09T20:37:24.847+0000] {processor.py:161} INFO - Started process (PID=1240) to work on /home/airflow/.local/lib/python3.12/site-packages/airflow/example_dags/tutorial_taskflow_api.py
[2026-06-09T20:37:24.848+0000] {processor.py:830} INFO - Processing file /home/airflow/.local/lib/python3.12/site-packages/airflow/example_dags/tutorial_taskflow_api.py for tasks to queue
[2026-06-09T20:37:24.851+0000] {logging_mixin.py:188} INFO - [2026-06-09T20:37:24.850+0000] {dagbag.py:545} INFO - Filling up the DagBag from /home/airflow/.local/lib/python3.12/site-packages/airflow/example_dags/tutorial_taskflow_api.py
[2026-06-09T20:37:24.858+0000] {processor.py:840} INFO - DAG(s) 'tutorial_taskflow_api' retrieved from /home/airflow/.local/lib/python3.12/site-packages/airflow/example_dags/tutorial_taskflow_api.py
[2026-06-09T20:37:24.882+0000] {logging_mixin.py:188} INFO - [2026-06-09T20:37:24.881+0000] {dag.py:3096} INFO - Sync 1 DAGs
[2026-06-09T20:37:24.900+0000] {logging_mixin.py:188} INFO - [2026-06-09T20:37:24.900+0000] {dag.py:3954} INFO - Setting next_dagrun for tutorial_taskflow_api to None, run_after=None
[2026-06-09T20:37:24.921+0000] {processor.py:183} INFO - Processing /home/airflow/.local/lib/python3.12/site-packages/airflow/example_dags/tutorial_taskflow_api.py took 0.083 seconds
[2026-06-09T20:37:55.159+0000] {processor.py:161} INFO - Started process (PID=1299) to work on /home/airflow/.local/lib/python3.12/site-packages/airflow/example_dags/tutorial_taskflow_api.py
[2026-06-09T20:37:55.161+0000] {processor.py:830} INFO - Processing file /home/airflow/.local/lib/python3.12/site-packages/airflow/example_dags/tutorial_taskflow_api.py for tasks to queue
[2026-06-09T20:37:55.163+0000] {logging_mixin.py:188} INFO - [2026-06-09T20:37:55.162+0000] {dagbag.py:545} INFO - Filling up the DagBag from /home/airflow/.local/lib/python3.12/site-packages/airflow/example_dags/tutorial_taskflow_api.py
[2026-06-09T20:37:55.170+0000] {processor.py:840} INFO - DAG(s) 'tutorial_taskflow_api' retrieved from /home/airflow/.local/lib/python3.12/site-packages/airflow/example_dags/tutorial_taskflow_api.py
[2026-06-09T20:37:55.195+0000] {logging_mixin.py:188} INFO - [2026-06-09T20:37:55.195+0000] {dag.py:3096} INFO - Sync 1 DAGs
[2026-06-09T20:37:55.213+0000] {logging_mixin.py:188} INFO - [2026-06-09T20:37:55.213+0000] {dag.py:3954} INFO - Setting next_dagrun for tutorial_taskflow_api to None, run_after=None
[2026-06-09T20:37:55.234+0000] {processor.py:183} INFO - Processing /home/airflow/.local/lib/python3.12/site-packages/airflow/example_dags/tutorial_taskflow_api.py took 0.082 seconds
[2026-06-09T20:38:25.917+0000] {processor.py:161} INFO - Started process (PID=1359) to work on /home/airflow/.local/lib/python3.12/site-packages/airflow/example_dags/tutorial_taskflow_api.py
[2026-06-09T20:38:25.918+0000] {processor.py:830} INFO - Processing file /home/airflow/.local/lib/python3.12/site-packages/airflow/example_dags/tutorial_taskflow_api.py for tasks to queue
[2026-06-09T20:38:25.920+0000] {logging_mixin.py:188} INFO - [2026-06-09T20:38:25.920+0000] {dagbag.py:545} INFO - Filling up the DagBag from /home/airflow/.local/lib/python3.12/site-packages/airflow/example_dags/tutorial_taskflow_api.py
[2026-06-09T20:38:25.927+0000] {processor.py:840} INFO - DAG(s) 'tutorial_taskflow_api' retrieved from /home/airflow/.local/lib/python3.12/site-packages/airflow/example_dags/tutorial_taskflow_api.py
[2026-06-09T20:38:25.951+0000] {logging_mixin.py:188} INFO - [2026-06-09T20:38:25.950+0000] {dag.py:3096} INFO - Sync 1 DAGs
[2026-06-09T20:38:25.974+0000] {logging_mixin.py:188} INFO - [2026-06-09T20:38:25.974+0000] {dag.py:3954} INFO - Setting next_dagrun for tutorial_taskflow_api to None, run_after=None
[2026-06-09T20:38:25.995+0000] {processor.py:183} INFO - Processing /home/airflow/.local/lib/python3.12/site-packages/airflow/example_dags/tutorial_taskflow_api.py took 0.085 seconds
[2026-06-09T20:38:56.562+0000] {processor.py:161} INFO - Started process (PID=1418) to work on /home/airflow/.local/lib/python3.12/site-packages/airflow/example_dags/tutorial_taskflow_api.py
[2026-06-09T20:38:56.563+0000] {processor.py:830} INFO - Processing file /home/airflow/.local/lib/python3.12/site-packages/airflow/example_dags/tutorial_taskflow_api.py for tasks to queue
[2026-06-09T20:38:56.565+0000] {logging_mixin.py:188} INFO - [2026-06-09T20:38:56.565+0000] {dagbag.py:545} INFO - Filling up the DagBag from /home/airflow/.local/lib/python3.12/site-packages/airflow/example_dags/tutorial_taskflow_api.py
[2026-06-09T20:38:56.574+0000] {processor.py:840} INFO - DAG(s) 'tutorial_taskflow_api' retrieved from /home/airflow/.local/lib/python3.12/site-packages/airflow/example_dags/tutorial_taskflow_api.py
[2026-06-09T20:38:56.599+0000] {logging_mixin.py:188} INFO - [2026-06-09T20:38:56.599+0000] {dag.py:3096} INFO - Sync 1 DAGs
[2026-06-09T20:38:56.617+0000] {logging_mixin.py:188} INFO - [2026-06-09T20:38:56.617+0000] {dag.py:3954} INFO - Setting next_dagrun for tutorial_taskflow_api to None, run_after=None
[2026-06-09T20:38:56.638+0000] {processor.py:183} INFO - Processing /home/airflow/.local/lib/python3.12/site-packages/airflow/example_dags/tutorial_taskflow_api.py took 0.083 seconds
[2026-06-09T20:39:26.946+0000] {processor.py:161} INFO - Started process (PID=1478) to work on /home/airflow/.local/lib/python3.12/site-packages/airflow/example_dags/tutorial_taskflow_api.py
[2026-06-09T20:39:26.947+0000] {processor.py:830} INFO - Processing file /home/airflow/.local/lib/python3.12/site-packages/airflow/example_dags/tutorial_taskflow_api.py for tasks to queue
[2026-06-09T20:39:26.951+0000] {logging_mixin.py:188} INFO - [2026-06-09T20:39:26.950+0000] {dagbag.py:545} INFO - Filling up the DagBag from /home/airflow/.local/lib/python3.12/site-packages/airflow/example_dags/tutorial_taskflow_api.py
[2026-06-09T20:39:26.961+0000] {processor.py:840} INFO - DAG(s) 'tutorial_taskflow_api' retrieved from /home/airflow/.local/lib/python3.12/site-packages/airflow/example_dags/tutorial_taskflow_api.py
[2026-06-09T20:39:26.988+0000] {logging_mixin.py:188} INFO - [2026-06-09T20:39:26.987+0000] {dag.py:3096} INFO - Sync 1 DAGs
[2026-06-09T20:39:27.006+0000] {logging_mixin.py:188} INFO - [2026-06-09T20:39:27.006+0000] {dag.py:3954} INFO - Setting next_dagrun for tutorial_taskflow_api to None, run_after=None
[2026-06-09T20:39:27.040+0000] {processor.py:183} INFO - Processing /home/airflow/.local/lib/python3.12/site-packages/airflow/example_dags/tutorial_taskflow_api.py took 0.102 seconds
[2026-06-09T20:39:57.529+0000] {processor.py:161} INFO - Started process (PID=1538) to work on /home/airflow/.local/lib/python3.12/site-packages/airflow/example_dags/tutorial_taskflow_api.py
[2026-06-09T20:39:57.530+0000] {processor.py:830} INFO - Processing file /home/airflow/.local/lib/python3.12/site-packages/airflow/example_dags/tutorial_taskflow_api.py for tasks to queue
[2026-06-09T20:39:57.532+0000] {logging_mixin.py:188} INFO - [2026-06-09T20:39:57.531+0000] {dagbag.py:545} INFO - Filling up the DagBag from /home/airflow/.local/lib/python3.12/site-packages/airflow/example_dags/tutorial_taskflow_api.py
[2026-06-09T20:39:57.537+0000] {processor.py:840} INFO - DAG(s) 'tutorial_taskflow_api' retrieved from /home/airflow/.local/lib/python3.12/site-packages/airflow/example_dags/tutorial_taskflow_api.py
[2026-06-09T20:39:57.556+0000] {logging_mixin.py:188} INFO - [2026-06-09T20:39:57.555+0000] {dag.py:3096} INFO - Sync 1 DAGs
[2026-06-09T20:39:57.567+0000] {logging_mixin.py:188} INFO - [2026-06-09T20:39:57.567+0000] {dag.py:3954} INFO - Setting next_dagrun for tutorial_taskflow_api to None, run_after=None
[2026-06-09T20:39:57.583+0000] {processor.py:183} INFO - Processing /home/airflow/.local/lib/python3.12/site-packages/airflow/example_dags/tutorial_taskflow_api.py took 0.059 seconds
[2026-06-09T20:40:28.741+0000] {processor.py:161} INFO - Started process (PID=1598) to work on /home/airflow/.local/lib/python3.12/site-packages/airflow/example_dags/tutorial_taskflow_api.py
[2026-06-09T20:40:28.743+0000] {processor.py:830} INFO - Processing file /home/airflow/.local/lib/python3.12/site-packages/airflow/example_dags/tutorial_taskflow_api.py for tasks to queue
[2026-06-09T20:40:28.747+0000] {logging_mixin.py:188} INFO - [2026-06-09T20:40:28.746+0000] {dagbag.py:545} INFO - Filling up the DagBag from /home/airflow/.local/lib/python3.12/site-packages/airflow/example_dags/tutorial_taskflow_api.py
[2026-06-09T20:40:28.762+0000] {processor.py:840} INFO - DAG(s) 'tutorial_taskflow_api' retrieved from /home/airflow/.local/lib/python3.12/site-packages/airflow/example_dags/tutorial_taskflow_api.py
[2026-06-09T20:40:28.790+0000] {logging_mixin.py:188} INFO - [2026-06-09T20:40:28.789+0000] {dag.py:3096} INFO - Sync 1 DAGs
[2026-06-09T20:40:28.807+0000] {logging_mixin.py:188} INFO - [2026-06-09T20:40:28.807+0000] {dag.py:3954} INFO - Setting next_dagrun for tutorial_taskflow_api to None, run_after=None
[2026-06-09T20:40:28.828+0000] {processor.py:183} INFO - Processing /home/airflow/.local/lib/python3.12/site-packages/airflow/example_dags/tutorial_taskflow_api.py took 0.097 seconds
[2026-06-09T20:40:59.972+0000] {processor.py:161} INFO - Started process (PID=1658) to work on /home/airflow/.local/lib/python3.12/site-packages/airflow/example_dags/tutorial_taskflow_api.py
[2026-06-09T20:40:59.974+0000] {processor.py:830} INFO - Processing file /home/airflow/.local/lib/python3.12/site-packages/airflow/example_dags/tutorial_taskflow_api.py for tasks to queue
[2026-06-09T20:40:59.976+0000] {logging_mixin.py:188} INFO - [2026-06-09T20:40:59.976+0000] {dagbag.py:545} INFO - Filling up the DagBag from /home/airflow/.local/lib/python3.12/site-packages/airflow/example_dags/tutorial_taskflow_api.py
[2026-06-09T20:40:59.985+0000] {processor.py:840} INFO - DAG(s) 'tutorial_taskflow_api' retrieved from /home/airflow/.local/lib/python3.12/site-packages/airflow/example_dags/tutorial_taskflow_api.py
[2026-06-09T20:41:00.016+0000] {logging_mixin.py:188} INFO - [2026-06-09T20:41:00.015+0000] {dag.py:3096} INFO - Sync 1 DAGs
[2026-06-09T20:41:00.036+0000] {logging_mixin.py:188} INFO - [2026-06-09T20:41:00.035+0000] {dag.py:3954} INFO - Setting next_dagrun for tutorial_taskflow_api to None, run_after=None
[2026-06-09T20:41:00.061+0000] {processor.py:183} INFO - Processing /home/airflow/.local/lib/python3.12/site-packages/airflow/example_dags/tutorial_taskflow_api.py took 0.104 seconds
[2026-06-09T20:41:30.152+0000] {processor.py:161} INFO - Started process (PID=1717) to work on /home/airflow/.local/lib/python3.12/site-packages/airflow/example_dags/tutorial_taskflow_api.py
[2026-06-09T20:41:30.157+0000] {processor.py:830} INFO - Processing file /home/airflow/.local/lib/python3.12/site-packages/airflow/example_dags/tutorial_taskflow_api.py for tasks to queue
[2026-06-09T20:41:30.161+0000] {logging_mixin.py:188} INFO - [2026-06-09T20:41:30.159+0000] {dagbag.py:545} INFO - Filling up the DagBag from /home/airflow/.local/lib/python3.12/site-packages/airflow/example_dags/tutorial_taskflow_api.py
[2026-06-09T20:41:30.179+0000] {processor.py:840} INFO - DAG(s) 'tutorial_taskflow_api' retrieved from /home/airflow/.local/lib/python3.12/site-packages/airflow/example_dags/tutorial_taskflow_api.py
[2026-06-09T20:41:30.248+0000] {logging_mixin.py:188} INFO - [2026-06-09T20:41:30.248+0000] {dag.py:3096} INFO - Sync 1 DAGs
[2026-06-09T20:41:30.284+0000] {logging_mixin.py:188} INFO - [2026-06-09T20:41:30.283+0000] {dag.py:3954} INFO - Setting next_dagrun for tutorial_taskflow_api to None, run_after=None
[2026-06-09T20:41:30.337+0000] {processor.py:183} INFO - Processing /home/airflow/.local/lib/python3.12/site-packages/airflow/example_dags/tutorial_taskflow_api.py took 0.194 seconds
[2026-06-09T20:42:00.629+0000] {processor.py:161} INFO - Started process (PID=1776) to work on /home/airflow/.local/lib/python3.12/site-packages/airflow/example_dags/tutorial_taskflow_api.py
[2026-06-09T20:42:00.630+0000] {processor.py:830} INFO - Processing file /home/airflow/.local/lib/python3.12/site-packages/airflow/example_dags/tutorial_taskflow_api.py for tasks to queue
[2026-06-09T20:42:00.632+0000] {logging_mixin.py:188} INFO - [2026-06-09T20:42:00.631+0000] {dagbag.py:545} INFO - Filling up the DagBag from /home/airflow/.local/lib/python3.12/site-packages/airflow/example_dags/tutorial_taskflow_api.py
[2026-06-09T20:42:00.639+0000] {processor.py:840} INFO - DAG(s) 'tutorial_taskflow_api' retrieved from /home/airflow/.local/lib/python3.12/site-packages/airflow/example_dags/tutorial_taskflow_api.py
[2026-06-09T20:42:00.659+0000] {logging_mixin.py:188} INFO - [2026-06-09T20:42:00.659+0000] {dag.py:3096} INFO - Sync 1 DAGs
[2026-06-09T20:42:00.672+0000] {logging_mixin.py:188} INFO - [2026-06-09T20:42:00.671+0000] {dag.py:3954} INFO - Setting next_dagrun for tutorial_taskflow_api to None, run_after=None
[2026-06-09T20:42:00.688+0000] {processor.py:183} INFO - Processing /home/airflow/.local/lib/python3.12/site-packages/airflow/example_dags/tutorial_taskflow_api.py took 0.067 seconds
[2026-06-09T20:42:30.820+0000] {processor.py:161} INFO - Started process (PID=1836) to work on /home/airflow/.local/lib/python3.12/site-packages/airflow/example_dags/tutorial_taskflow_api.py
[2026-06-09T20:42:30.821+0000] {processor.py:830} INFO - Processing file /home/airflow/.local/lib/python3.12/site-packages/airflow/example_dags/tutorial_taskflow_api.py for tasks to queue
[2026-06-09T20:42:30.823+0000] {logging_mixin.py:188} INFO - [2026-06-09T20:42:30.823+0000] {dagbag.py:545} INFO - Filling up the DagBag from /home/airflow/.local/lib/python3.12/site-packages/airflow/example_dags/tutorial_taskflow_api.py
[2026-06-09T20:42:30.830+0000] {processor.py:840} INFO - DAG(s) 'tutorial_taskflow_api' retrieved from /home/airflow/.local/lib/python3.12/site-packages/airflow/example_dags/tutorial_taskflow_api.py
[2026-06-09T20:42:30.849+0000] {logging_mixin.py:188} INFO - [2026-06-09T20:42:30.849+0000] {dag.py:3096} INFO - Sync 1 DAGs
[2026-06-09T20:42:30.861+0000] {logging_mixin.py:188} INFO - [2026-06-09T20:42:30.860+0000] {dag.py:3954} INFO - Setting next_dagrun for tutorial_taskflow_api to None, run_after=None
[2026-06-09T20:42:30.878+0000] {processor.py:183} INFO - Processing /home/airflow/.local/lib/python3.12/site-packages/airflow/example_dags/tutorial_taskflow_api.py took 0.065 seconds
[2026-06-09T20:43:01.723+0000] {processor.py:161} INFO - Started process (PID=1896) to work on /home/airflow/.local/lib/python3.12/site-packages/airflow/example_dags/tutorial_taskflow_api.py
[2026-06-09T20:43:01.724+0000] {processor.py:830} INFO - Processing file /home/airflow/.local/lib/python3.12/site-packages/airflow/example_dags/tutorial_taskflow_api.py for tasks to queue
[2026-06-09T20:43:01.726+0000] {logging_mixin.py:188} INFO - [2026-06-09T20:43:01.725+0000] {dagbag.py:545} INFO - Filling up the DagBag from /home/airflow/.local/lib/python3.12/site-packages/airflow/example_dags/tutorial_taskflow_api.py
[2026-06-09T20:43:01.733+0000] {processor.py:840} INFO - DAG(s) 'tutorial_taskflow_api' retrieved from /home/airflow/.local/lib/python3.12/site-packages/airflow/example_dags/tutorial_taskflow_api.py
[2026-06-09T20:43:01.750+0000] {logging_mixin.py:188} INFO - [2026-06-09T20:43:01.750+0000] {dag.py:3096} INFO - Sync 1 DAGs
[2026-06-09T20:43:01.761+0000] {logging_mixin.py:188} INFO - [2026-06-09T20:43:01.761+0000] {dag.py:3954} INFO - Setting next_dagrun for tutorial_taskflow_api to None, run_after=None
[2026-06-09T20:43:01.777+0000] {processor.py:183} INFO - Processing /home/airflow/.local/lib/python3.12/site-packages/airflow/example_dags/tutorial_taskflow_api.py took 0.071 seconds
[2026-06-09T20:43:32.120+0000] {processor.py:161} INFO - Started process (PID=1956) to work on /home/airflow/.local/lib/python3.12/site-packages/airflow/example_dags/tutorial_taskflow_api.py
[2026-06-09T20:43:32.121+0000] {processor.py:830} INFO - Processing file /home/airflow/.local/lib/python3.12/site-packages/airflow/example_dags/tutorial_taskflow_api.py for tasks to queue
[2026-06-09T20:43:32.123+0000] {logging_mixin.py:188} INFO - [2026-06-09T20:43:32.123+0000] {dagbag.py:545} INFO - Filling up the DagBag from /home/airflow/.local/lib/python3.12/site-packages/airflow/example_dags/tutorial_taskflow_api.py
[2026-06-09T20:43:32.130+0000] {processor.py:840} INFO - DAG(s) 'tutorial_taskflow_api' retrieved from /home/airflow/.local/lib/python3.12/site-packages/airflow/example_dags/tutorial_taskflow_api.py
[2026-06-09T20:43:32.150+0000] {logging_mixin.py:188} INFO - [2026-06-09T20:43:32.149+0000] {dag.py:3096} INFO - Sync 1 DAGs
[2026-06-09T20:43:32.164+0000] {logging_mixin.py:188} INFO - [2026-06-09T20:43:32.163+0000] {dag.py:3954} INFO - Setting next_dagrun for tutorial_taskflow_api to None, run_after=None
[2026-06-09T20:43:32.180+0000] {processor.py:183} INFO - Processing /home/airflow/.local/lib/python3.12/site-packages/airflow/example_dags/tutorial_taskflow_api.py took 0.068 seconds
[2026-06-09T20:44:02.835+0000] {processor.py:161} INFO - Started process (PID=2016) to work on /home/airflow/.local/lib/python3.12/site-packages/airflow/example_dags/tutorial_taskflow_api.py
[2026-06-09T20:44:02.836+0000] {processor.py:830} INFO - Processing file /home/airflow/.local/lib/python3.12/site-packages/airflow/example_dags/tutorial_taskflow_api.py for tasks to queue
[2026-06-09T20:44:02.840+0000] {logging_mixin.py:188} INFO - [2026-06-09T20:44:02.840+0000] {dagbag.py:545} INFO - Filling up the DagBag from /home/airflow/.local/lib/python3.12/site-packages/airflow/example_dags/tutorial_taskflow_api.py
[2026-06-09T20:44:02.848+0000] {processor.py:840} INFO - DAG(s) 'tutorial_taskflow_api' retrieved from /home/airflow/.local/lib/python3.12/site-packages/airflow/example_dags/tutorial_taskflow_api.py
[2026-06-09T20:44:02.866+0000] {logging_mixin.py:188} INFO - [2026-06-09T20:44:02.865+0000] {dag.py:3096} INFO - Sync 1 DAGs
[2026-06-09T20:44:02.880+0000] {logging_mixin.py:188} INFO - [2026-06-09T20:44:02.880+0000] {dag.py:3954} INFO - Setting next_dagrun for tutorial_taskflow_api to None, run_after=None
[2026-06-09T20:44:02.896+0000] {processor.py:183} INFO - Processing /home/airflow/.local/lib/python3.12/site-packages/airflow/example_dags/tutorial_taskflow_api.py took 0.075 seconds
[2026-06-09T20:44:33.365+0000] {processor.py:161} INFO - Started process (PID=2076) to work on /home/airflow/.local/lib/python3.12/site-packages/airflow/example_dags/tutorial_taskflow_api.py
[2026-06-09T20:44:33.367+0000] {processor.py:830} INFO - Processing file /home/airflow/.local/lib/python3.12/site-packages/airflow/example_dags/tutorial_taskflow_api.py for tasks to queue
[2026-06-09T20:44:33.369+0000] {logging_mixin.py:188} INFO - [2026-06-09T20:44:33.368+0000] {dagbag.py:545} INFO - Filling up the DagBag from /home/airflow/.local/lib/python3.12/site-packages/airflow/example_dags/tutorial_taskflow_api.py
[2026-06-09T20:44:33.377+0000] {processor.py:840} INFO - DAG(s) 'tutorial_taskflow_api' retrieved from /home/airflow/.local/lib/python3.12/site-packages/airflow/example_dags/tutorial_taskflow_api.py
[2026-06-09T20:44:33.396+0000] {logging_mixin.py:188} INFO - [2026-06-09T20:44:33.396+0000] {dag.py:3096} INFO - Sync 1 DAGs
[2026-06-09T20:44:33.416+0000] {logging_mixin.py:188} INFO - [2026-06-09T20:44:33.416+0000] {dag.py:3954} INFO - Setting next_dagrun for tutorial_taskflow_api to None, run_after=None
[2026-06-09T20:44:33.441+0000] {processor.py:183} INFO - Processing /home/airflow/.local/lib/python3.12/site-packages/airflow/example_dags/tutorial_taskflow_api.py took 0.083 seconds
[2026-06-09T20:45:03.728+0000] {processor.py:161} INFO - Started process (PID=2136) to work on /home/airflow/.local/lib/python3.12/site-packages/airflow/example_dags/tutorial_taskflow_api.py
[2026-06-09T20:45:03.729+0000] {processor.py:830} INFO - Processing file /home/airflow/.local/lib/python3.12/site-packages/airflow/example_dags/tutorial_taskflow_api.py for tasks to queue
[2026-06-09T20:45:03.732+0000] {logging_mixin.py:188} INFO - [2026-06-09T20:45:03.731+0000] {dagbag.py:545} INFO - Filling up the DagBag from /home/airflow/.local/lib/python3.12/site-packages/airflow/example_dags/tutorial_taskflow_api.py
[2026-06-09T20:45:03.740+0000] {processor.py:840} INFO - DAG(s) 'tutorial_taskflow_api' retrieved from /home/airflow/.local/lib/python3.12/site-packages/airflow/example_dags/tutorial_taskflow_api.py
[2026-06-09T20:45:03.757+0000] {logging_mixin.py:188} INFO - [2026-06-09T20:45:03.757+0000] {dag.py:3096} INFO - Sync 1 DAGs
[2026-06-09T20:45:03.769+0000] {logging_mixin.py:188} INFO - [2026-06-09T20:45:03.769+0000] {dag.py:3954} INFO - Setting next_dagrun for tutorial_taskflow_api to None, run_after=None
[2026-06-09T20:45:03.784+0000] {processor.py:183} INFO - Processing /home/airflow/.local/lib/python3.12/site-packages/airflow/example_dags/tutorial_taskflow_api.py took 0.063 seconds
[2026-06-09T20:45:34.529+0000] {processor.py:161} INFO - Started process (PID=2196) to work on /home/airflow/.local/lib/python3.12/site-packages/airflow/example_dags/tutorial_taskflow_api.py
[2026-06-09T20:45:34.531+0000] {processor.py:830} INFO - Processing file /home/airflow/.local/lib/python3.12/site-packages/airflow/example_dags/tutorial_taskflow_api.py for tasks to queue
[2026-06-09T20:45:34.533+0000] {logging_mixin.py:188} INFO - [2026-06-09T20:45:34.533+0000] {dagbag.py:545} INFO - Filling up the DagBag from /home/airflow/.local/lib/python3.12/site-packages/airflow/example_dags/tutorial_taskflow_api.py
[2026-06-09T20:45:34.540+0000] {processor.py:840} INFO - DAG(s) 'tutorial_taskflow_api' retrieved from /home/airflow/.local/lib/python3.12/site-packages/airflow/example_dags/tutorial_taskflow_api.py
[2026-06-09T20:45:34.557+0000] {logging_mixin.py:188} INFO - [2026-06-09T20:45:34.557+0000] {dag.py:3096} INFO - Sync 1 DAGs
[2026-06-09T20:45:34.569+0000] {logging_mixin.py:188} INFO - [2026-06-09T20:45:34.569+0000] {dag.py:3954} INFO - Setting next_dagrun for tutorial_taskflow_api to None, run_after=None
[2026-06-09T20:45:34.585+0000] {processor.py:183} INFO - Processing /home/airflow/.local/lib/python3.12/site-packages/airflow/example_dags/tutorial_taskflow_api.py took 0.063 seconds
[2026-06-09T20:46:05.048+0000] {processor.py:161} INFO - Started process (PID=2256) to work on /home/airflow/.local/lib/python3.12/site-packages/airflow/example_dags/tutorial_taskflow_api.py
[2026-06-09T20:46:05.048+0000] {processor.py:830} INFO - Processing file /home/airflow/.local/lib/python3.12/site-packages/airflow/example_dags/tutorial_taskflow_api.py for tasks to queue
[2026-06-09T20:46:05.050+0000] {logging_mixin.py:188} INFO - [2026-06-09T20:46:05.050+0000] {dagbag.py:545} INFO - Filling up the DagBag from /home/airflow/.local/lib/python3.12/site-packages/airflow/example_dags/tutorial_taskflow_api.py
[2026-06-09T20:46:05.057+0000] {processor.py:840} INFO - DAG(s) 'tutorial_taskflow_api' retrieved from /home/airflow/.local/lib/python3.12/site-packages/airflow/example_dags/tutorial_taskflow_api.py
[2026-06-09T20:46:05.075+0000] {logging_mixin.py:188} INFO - [2026-06-09T20:46:05.075+0000] {dag.py:3096} INFO - Sync 1 DAGs
[2026-06-09T20:46:05.088+0000] {logging_mixin.py:188} INFO - [2026-06-09T20:46:05.088+0000] {dag.py:3954} INFO - Setting next_dagrun for tutorial_taskflow_api to None, run_after=None
[2026-06-09T20:46:05.108+0000] {processor.py:183} INFO - Processing /home/airflow/.local/lib/python3.12/site-packages/airflow/example_dags/tutorial_taskflow_api.py took 0.068 seconds
[2026-06-09T20:46:35.255+0000] {processor.py:161} INFO - Started process (PID=2315) to work on /home/airflow/.local/lib/python3.12/site-packages/airflow/example_dags/tutorial_taskflow_api.py
[2026-06-09T20:46:35.256+0000] {processor.py:830} INFO - Processing file /home/airflow/.local/lib/python3.12/site-packages/airflow/example_dags/tutorial_taskflow_api.py for tasks to queue
[2026-06-09T20:46:35.261+0000] {logging_mixin.py:188} INFO - [2026-06-09T20:46:35.260+0000] {dagbag.py:545} INFO - Filling up the DagBag from /home/airflow/.local/lib/python3.12/site-packages/airflow/example_dags/tutorial_taskflow_api.py
[2026-06-09T20:46:35.271+0000] {processor.py:840} INFO - DAG(s) 'tutorial_taskflow_api' retrieved from /home/airflow/.local/lib/python3.12/site-packages/airflow/example_dags/tutorial_taskflow_api.py
[2026-06-09T20:46:35.303+0000] {logging_mixin.py:188} INFO - [2026-06-09T20:46:35.303+0000] {dag.py:3096} INFO - Sync 1 DAGs
[2026-06-09T20:46:35.321+0000] {logging_mixin.py:188} INFO - [2026-06-09T20:46:35.321+0000] {dag.py:3954} INFO - Setting next_dagrun for tutorial_taskflow_api to None, run_after=None
[2026-06-09T20:46:35.348+0000] {processor.py:183} INFO - Processing /home/airflow/.local/lib/python3.12/site-packages/airflow/example_dags/tutorial_taskflow_api.py took 0.111 seconds
[2026-06-09T20:47:05.966+0000] {processor.py:161} INFO - Started process (PID=2375) to work on /home/airflow/.local/lib/python3.12/site-packages/airflow/example_dags/tutorial_taskflow_api.py
[2026-06-09T20:47:05.967+0000] {processor.py:830} INFO - Processing file /home/airflow/.local/lib/python3.12/site-packages/airflow/example_dags/tutorial_taskflow_api.py for tasks to queue
[2026-06-09T20:47:05.969+0000] {logging_mixin.py:188} INFO - [2026-06-09T20:47:05.969+0000] {dagbag.py:545} INFO - Filling up the DagBag from /home/airflow/.local/lib/python3.12/site-packages/airflow/example_dags/tutorial_taskflow_api.py
[2026-06-09T20:47:05.976+0000] {processor.py:840} INFO - DAG(s) 'tutorial_taskflow_api' retrieved from /home/airflow/.local/lib/python3.12/site-packages/airflow/example_dags/tutorial_taskflow_api.py
[2026-06-09T20:47:05.994+0000] {logging_mixin.py:188} INFO - [2026-06-09T20:47:05.994+0000] {dag.py:3096} INFO - Sync 1 DAGs
[2026-06-09T20:47:06.006+0000] {logging_mixin.py:188} INFO - [2026-06-09T20:47:06.006+0000] {dag.py:3954} INFO - Setting next_dagrun for tutorial_taskflow_api to None, run_after=None
[2026-06-09T20:47:06.029+0000] {processor.py:183} INFO - Processing /home/airflow/.local/lib/python3.12/site-packages/airflow/example_dags/tutorial_taskflow_api.py took 0.070 seconds
[2026-06-09T20:47:36.491+0000] {processor.py:161} INFO - Started process (PID=2435) to work on /home/airflow/.local/lib/python3.12/site-packages/airflow/example_dags/tutorial_taskflow_api.py
[2026-06-09T20:47:36.494+0000] {processor.py:830} INFO - Processing file /home/airflow/.local/lib/python3.12/site-packages/airflow/example_dags/tutorial_taskflow_api.py for tasks to queue
[2026-06-09T20:47:36.498+0000] {logging_mixin.py:188} INFO - [2026-06-09T20:47:36.496+0000] {dagbag.py:545} INFO - Filling up the DagBag from /home/airflow/.local/lib/python3.12/site-packages/airflow/example_dags/tutorial_taskflow_api.py
[2026-06-09T20:47:36.508+0000] {processor.py:840} INFO - DAG(s) 'tutorial_taskflow_api' retrieved from /home/airflow/.local/lib/python3.12/site-packages/airflow/example_dags/tutorial_taskflow_api.py
[2026-06-09T20:47:36.549+0000] {logging_mixin.py:188} INFO - [2026-06-09T20:47:36.549+0000] {dag.py:3096} INFO - Sync 1 DAGs
[2026-06-09T20:47:36.568+0000] {logging_mixin.py:188} INFO - [2026-06-09T20:47:36.568+0000] {dag.py:3954} INFO - Setting next_dagrun for tutorial_taskflow_api to None, run_after=None
[2026-06-09T20:47:36.596+0000] {processor.py:183} INFO - Processing /home/airflow/.local/lib/python3.12/site-packages/airflow/example_dags/tutorial_taskflow_api.py took 0.120 seconds
[2026-06-09T20:48:06.760+0000] {processor.py:161} INFO - Started process (PID=2495) to work on /home/airflow/.local/lib/python3.12/site-packages/airflow/example_dags/tutorial_taskflow_api.py
[2026-06-09T20:48:06.760+0000] {processor.py:830} INFO - Processing file /home/airflow/.local/lib/python3.12/site-packages/airflow/example_dags/tutorial_taskflow_api.py for tasks to queue
[2026-06-09T20:48:06.762+0000] {logging_mixin.py:188} INFO - [2026-06-09T20:48:06.762+0000] {dagbag.py:545} INFO - Filling up the DagBag from /home/airflow/.local/lib/python3.12/site-packages/airflow/example_dags/tutorial_taskflow_api.py
[2026-06-09T20:48:06.768+0000] {processor.py:840} INFO - DAG(s) 'tutorial_taskflow_api' retrieved from /home/airflow/.local/lib/python3.12/site-packages/airflow/example_dags/tutorial_taskflow_api.py
[2026-06-09T20:48:06.786+0000] {logging_mixin.py:188} INFO - [2026-06-09T20:48:06.786+0000] {dag.py:3096} INFO - Sync 1 DAGs
[2026-06-09T20:48:06.798+0000] {logging_mixin.py:188} INFO - [2026-06-09T20:48:06.798+0000] {dag.py:3954} INFO - Setting next_dagrun for tutorial_taskflow_api to None, run_after=None
[2026-06-09T20:48:06.815+0000] {processor.py:183} INFO - Processing /home/airflow/.local/lib/python3.12/site-packages/airflow/example_dags/tutorial_taskflow_api.py took 0.076 seconds
[2026-06-09T20:48:37.031+0000] {processor.py:161} INFO - Started process (PID=2555) to work on /home/airflow/.local/lib/python3.12/site-packages/airflow/example_dags/tutorial_taskflow_api.py
[2026-06-09T20:48:37.032+0000] {processor.py:830} INFO - Processing file /home/airflow/.local/lib/python3.12/site-packages/airflow/example_dags/tutorial_taskflow_api.py for tasks to queue
[2026-06-09T20:48:37.034+0000] {logging_mixin.py:188} INFO - [2026-06-09T20:48:37.034+0000] {dagbag.py:545} INFO - Filling up the DagBag from /home/airflow/.local/lib/python3.12/site-packages/airflow/example_dags/tutorial_taskflow_api.py
[2026-06-09T20:48:37.043+0000] {processor.py:840} INFO - DAG(s) 'tutorial_taskflow_api' retrieved from /home/airflow/.local/lib/python3.12/site-packages/airflow/example_dags/tutorial_taskflow_api.py
[2026-06-09T20:48:37.063+0000] {logging_mixin.py:188} INFO - [2026-06-09T20:48:37.063+0000] {dag.py:3096} INFO - Sync 1 DAGs
[2026-06-09T20:48:37.075+0000] {logging_mixin.py:188} INFO - [2026-06-09T20:48:37.075+0000] {dag.py:3954} INFO - Setting next_dagrun for tutorial_taskflow_api to None, run_after=None
[2026-06-09T20:48:37.095+0000] {processor.py:183} INFO - Processing /home/airflow/.local/lib/python3.12/site-packages/airflow/example_dags/tutorial_taskflow_api.py took 0.071 seconds
[2026-06-09T20:49:07.675+0000] {processor.py:161} INFO - Started process (PID=2614) to work on /home/airflow/.local/lib/python3.12/site-packages/airflow/example_dags/tutorial_taskflow_api.py
[2026-06-09T20:49:07.676+0000] {processor.py:830} INFO - Processing file /home/airflow/.local/lib/python3.12/site-packages/airflow/example_dags/tutorial_taskflow_api.py for tasks to queue
[2026-06-09T20:49:07.678+0000] {logging_mixin.py:188} INFO - [2026-06-09T20:49:07.678+0000] {dagbag.py:545} INFO - Filling up the DagBag from /home/airflow/.local/lib/python3.12/site-packages/airflow/example_dags/tutorial_taskflow_api.py
[2026-06-09T20:49:07.685+0000] {processor.py:840} INFO - DAG(s) 'tutorial_taskflow_api' retrieved from /home/airflow/.local/lib/python3.12/site-packages/airflow/example_dags/tutorial_taskflow_api.py
[2026-06-09T20:49:07.703+0000] {logging_mixin.py:188} INFO - [2026-06-09T20:49:07.703+0000] {dag.py:3096} INFO - Sync 1 DAGs
[2026-06-09T20:49:07.715+0000] {logging_mixin.py:188} INFO - [2026-06-09T20:49:07.715+0000] {dag.py:3954} INFO - Setting next_dagrun for tutorial_taskflow_api to None, run_after=None
[2026-06-09T20:49:07.731+0000] {processor.py:183} INFO - Processing /home/airflow/.local/lib/python3.12/site-packages/airflow/example_dags/tutorial_taskflow_api.py took 0.063 seconds
[2026-06-09T20:49:38.629+0000] {processor.py:161} INFO - Started process (PID=2674) to work on /home/airflow/.local/lib/python3.12/site-packages/airflow/example_dags/tutorial_taskflow_api.py
[2026-06-09T20:49:38.630+0000] {processor.py:830} INFO - Processing file /home/airflow/.local/lib/python3.12/site-packages/airflow/example_dags/tutorial_taskflow_api.py for tasks to queue
[2026-06-09T20:49:38.632+0000] {logging_mixin.py:188} INFO - [2026-06-09T20:49:38.632+0000] {dagbag.py:545} INFO - Filling up the DagBag from /home/airflow/.local/lib/python3.12/site-packages/airflow/example_dags/tutorial_taskflow_api.py
[2026-06-09T20:49:38.639+0000] {processor.py:840} INFO - DAG(s) 'tutorial_taskflow_api' retrieved from /home/airflow/.local/lib/python3.12/site-packages/airflow/example_dags/tutorial_taskflow_api.py
[2026-06-09T20:49:38.657+0000] {logging_mixin.py:188} INFO - [2026-06-09T20:49:38.657+0000] {dag.py:3096} INFO - Sync 1 DAGs
[2026-06-09T20:49:38.669+0000] {logging_mixin.py:188} INFO - [2026-06-09T20:49:38.669+0000] {dag.py:3954} INFO - Setting next_dagrun for tutorial_taskflow_api to None, run_after=None
[2026-06-09T20:49:38.685+0000] {processor.py:183} INFO - Processing /home/airflow/.local/lib/python3.12/site-packages/airflow/example_dags/tutorial_taskflow_api.py took 0.063 seconds
[2026-06-09T20:50:08.824+0000] {processor.py:161} INFO - Started process (PID=2734) to work on /home/airflow/.local/lib/python3.12/site-packages/airflow/example_dags/tutorial_taskflow_api.py
[2026-06-09T20:50:08.825+0000] {processor.py:830} INFO - Processing file /home/airflow/.local/lib/python3.12/site-packages/airflow/example_dags/tutorial_taskflow_api.py for tasks to queue
[2026-06-09T20:50:08.827+0000] {logging_mixin.py:188} INFO - [2026-06-09T20:50:08.826+0000] {dagbag.py:545} INFO - Filling up the DagBag from /home/airflow/.local/lib/python3.12/site-packages/airflow/example_dags/tutorial_taskflow_api.py
[2026-06-09T20:50:08.833+0000] {processor.py:840} INFO - DAG(s) 'tutorial_taskflow_api' retrieved from /home/airflow/.local/lib/python3.12/site-packages/airflow/example_dags/tutorial_taskflow_api.py
[2026-06-09T20:50:08.851+0000] {logging_mixin.py:188} INFO - [2026-06-09T20:50:08.851+0000] {dag.py:3096} INFO - Sync 1 DAGs
[2026-06-09T20:50:08.862+0000] {logging_mixin.py:188} INFO - [2026-06-09T20:50:08.862+0000] {dag.py:3954} INFO - Setting next_dagrun for tutorial_taskflow_api to None, run_after=None
[2026-06-09T20:50:08.881+0000] {processor.py:183} INFO - Processing /home/airflow/.local/lib/python3.12/site-packages/airflow/example_dags/tutorial_taskflow_api.py took 0.064 seconds
[2026-06-09T20:50:39.732+0000] {processor.py:161} INFO - Started process (PID=2794) to work on /home/airflow/.local/lib/python3.12/site-packages/airflow/example_dags/tutorial_taskflow_api.py
[2026-06-09T20:50:39.734+0000] {processor.py:830} INFO - Processing file /home/airflow/.local/lib/python3.12/site-packages/airflow/example_dags/tutorial_taskflow_api.py for tasks to queue
[2026-06-09T20:50:39.740+0000] {logging_mixin.py:188} INFO - [2026-06-09T20:50:39.739+0000] {dagbag.py:545} INFO - Filling up the DagBag from /home/airflow/.local/lib/python3.12/site-packages/airflow/example_dags/tutorial_taskflow_api.py
[2026-06-09T20:50:39.750+0000] {processor.py:840} INFO - DAG(s) 'tutorial_taskflow_api' retrieved from /home/airflow/.local/lib/python3.12/site-packages/airflow/example_dags/tutorial_taskflow_api.py
[2026-06-09T20:50:39.767+0000] {logging_mixin.py:188} INFO - [2026-06-09T20:50:39.767+0000] {dag.py:3096} INFO - Sync 1 DAGs
[2026-06-09T20:50:39.780+0000] {logging_mixin.py:188} INFO - [2026-06-09T20:50:39.780+0000] {dag.py:3954} INFO - Setting next_dagrun for tutorial_taskflow_api to None, run_after=None
[2026-06-09T20:50:39.796+0000] {processor.py:183} INFO - Processing /home/airflow/.local/lib/python3.12/site-packages/airflow/example_dags/tutorial_taskflow_api.py took 0.082 seconds
[2026-06-09T20:51:10.727+0000] {processor.py:161} INFO - Started process (PID=2854) to work on /home/airflow/.local/lib/python3.12/site-packages/airflow/example_dags/tutorial_taskflow_api.py
[2026-06-09T20:51:10.728+0000] {processor.py:830} INFO - Processing file /home/airflow/.local/lib/python3.12/site-packages/airflow/example_dags/tutorial_taskflow_api.py for tasks to queue
[2026-06-09T20:51:10.730+0000] {logging_mixin.py:188} INFO - [2026-06-09T20:51:10.730+0000] {dagbag.py:545} INFO - Filling up the DagBag from /home/airflow/.local/lib/python3.12/site-packages/airflow/example_dags/tutorial_taskflow_api.py
[2026-06-09T20:51:10.737+0000] {processor.py:840} INFO - DAG(s) 'tutorial_taskflow_api' retrieved from /home/airflow/.local/lib/python3.12/site-packages/airflow/example_dags/tutorial_taskflow_api.py
[2026-06-09T20:51:10.755+0000] {logging_mixin.py:188} INFO - [2026-06-09T20:51:10.754+0000] {dag.py:3096} INFO - Sync 1 DAGs
[2026-06-09T20:51:10.767+0000] {logging_mixin.py:188} INFO - [2026-06-09T20:51:10.766+0000] {dag.py:3954} INFO - Setting next_dagrun for tutorial_taskflow_api to None, run_after=None
[2026-06-09T20:51:10.786+0000] {processor.py:183} INFO - Processing /home/airflow/.local/lib/python3.12/site-packages/airflow/example_dags/tutorial_taskflow_api.py took 0.066 seconds
[2026-06-09T20:51:41.060+0000] {processor.py:161} INFO - Started process (PID=2914) to work on /home/airflow/.local/lib/python3.12/site-packages/airflow/example_dags/tutorial_taskflow_api.py
[2026-06-09T20:51:41.063+0000] {processor.py:830} INFO - Processing file /home/airflow/.local/lib/python3.12/site-packages/airflow/example_dags/tutorial_taskflow_api.py for tasks to queue
[2026-06-09T20:51:41.068+0000] {logging_mixin.py:188} INFO - [2026-06-09T20:51:41.067+0000] {dagbag.py:545} INFO - Filling up the DagBag from /home/airflow/.local/lib/python3.12/site-packages/airflow/example_dags/tutorial_taskflow_api.py
[2026-06-09T20:51:41.078+0000] {processor.py:840} INFO - DAG(s) 'tutorial_taskflow_api' retrieved from /home/airflow/.local/lib/python3.12/site-packages/airflow/example_dags/tutorial_taskflow_api.py
[2026-06-09T20:51:41.105+0000] {logging_mixin.py:188} INFO - [2026-06-09T20:51:41.105+0000] {dag.py:3096} INFO - Sync 1 DAGs
[2026-06-09T20:51:41.123+0000] {logging_mixin.py:188} INFO - [2026-06-09T20:51:41.123+0000] {dag.py:3954} INFO - Setting next_dagrun for tutorial_taskflow_api to None, run_after=None
[2026-06-09T20:51:41.146+0000] {processor.py:183} INFO - Processing /home/airflow/.local/lib/python3.12/site-packages/airflow/example_dags/tutorial_taskflow_api.py took 0.100 seconds
[2026-06-09T20:52:12.089+0000] {processor.py:161} INFO - Started process (PID=2974) to work on /home/airflow/.local/lib/python3.12/site-packages/airflow/example_dags/tutorial_taskflow_api.py
[2026-06-09T20:52:12.090+0000] {processor.py:830} INFO - Processing file /home/airflow/.local/lib/python3.12/site-packages/airflow/example_dags/tutorial_taskflow_api.py for tasks to queue
[2026-06-09T20:52:12.092+0000] {logging_mixin.py:188} INFO - [2026-06-09T20:52:12.091+0000] {dagbag.py:545} INFO - Filling up the DagBag from /home/airflow/.local/lib/python3.12/site-packages/airflow/example_dags/tutorial_taskflow_api.py
[2026-06-09T20:52:12.097+0000] {processor.py:840} INFO - DAG(s) 'tutorial_taskflow_api' retrieved from /home/airflow/.local/lib/python3.12/site-packages/airflow/example_dags/tutorial_taskflow_api.py
[2026-06-09T20:52:12.119+0000] {logging_mixin.py:188} INFO - [2026-06-09T20:52:12.119+0000] {dag.py:3096} INFO - Sync 1 DAGs
[2026-06-09T20:52:12.132+0000] {logging_mixin.py:188} INFO - [2026-06-09T20:52:12.132+0000] {dag.py:3954} INFO - Setting next_dagrun for tutorial_taskflow_api to None, run_after=None
[2026-06-09T20:52:12.148+0000] {processor.py:183} INFO - Processing /home/airflow/.local/lib/python3.12/site-packages/airflow/example_dags/tutorial_taskflow_api.py took 0.064 seconds
[2026-06-09T20:52:42.274+0000] {processor.py:161} INFO - Started process (PID=3033) to work on /home/airflow/.local/lib/python3.12/site-packages/airflow/example_dags/tutorial_taskflow_api.py
[2026-06-09T20:52:42.275+0000] {processor.py:830} INFO - Processing file /home/airflow/.local/lib/python3.12/site-packages/airflow/example_dags/tutorial_taskflow_api.py for tasks to queue
[2026-06-09T20:52:42.278+0000] {logging_mixin.py:188} INFO - [2026-06-09T20:52:42.277+0000] {dagbag.py:545} INFO - Filling up the DagBag from /home/airflow/.local/lib/python3.12/site-packages/airflow/example_dags/tutorial_taskflow_api.py
[2026-06-09T20:52:42.288+0000] {processor.py:840} INFO - DAG(s) 'tutorial_taskflow_api' retrieved from /home/airflow/.local/lib/python3.12/site-packages/airflow/example_dags/tutorial_taskflow_api.py
[2026-06-09T20:52:42.317+0000] {logging_mixin.py:188} INFO - [2026-06-09T20:52:42.317+0000] {dag.py:3096} INFO - Sync 1 DAGs
[2026-06-09T20:52:42.329+0000] {logging_mixin.py:188} INFO - [2026-06-09T20:52:42.329+0000] {dag.py:3954} INFO - Setting next_dagrun for tutorial_taskflow_api to None, run_after=None
[2026-06-09T20:52:42.346+0000] {processor.py:183} INFO - Processing /home/airflow/.local/lib/python3.12/site-packages/airflow/example_dags/tutorial_taskflow_api.py took 0.081 seconds
[2026-06-09T20:53:12.958+0000] {processor.py:161} INFO - Started process (PID=3093) to work on /home/airflow/.local/lib/python3.12/site-packages/airflow/example_dags/tutorial_taskflow_api.py
[2026-06-09T20:53:12.960+0000] {processor.py:830} INFO - Processing file /home/airflow/.local/lib/python3.12/site-packages/airflow/example_dags/tutorial_taskflow_api.py for tasks to queue
[2026-06-09T20:53:12.964+0000] {logging_mixin.py:188} INFO - [2026-06-09T20:53:12.964+0000] {dagbag.py:545} INFO - Filling up the DagBag from /home/airflow/.local/lib/python3.12/site-packages/airflow/example_dags/tutorial_taskflow_api.py
[2026-06-09T20:53:12.983+0000] {processor.py:840} INFO - DAG(s) 'tutorial_taskflow_api' retrieved from /home/airflow/.local/lib/python3.12/site-packages/airflow/example_dags/tutorial_taskflow_api.py
[2026-06-09T20:53:13.073+0000] {logging_mixin.py:188} INFO - [2026-06-09T20:53:13.072+0000] {dag.py:3096} INFO - Sync 1 DAGs
[2026-06-09T20:53:13.091+0000] {logging_mixin.py:188} INFO - [2026-06-09T20:53:13.091+0000] {dag.py:3954} INFO - Setting next_dagrun for tutorial_taskflow_api to None, run_after=None
[2026-06-09T20:53:13.113+0000] {processor.py:183} INFO - Processing /home/airflow/.local/lib/python3.12/site-packages/airflow/example_dags/tutorial_taskflow_api.py took 0.178 seconds
[2026-06-09T20:53:43.765+0000] {processor.py:161} INFO - Started process (PID=3153) to work on /home/airflow/.local/lib/python3.12/site-packages/airflow/example_dags/tutorial_taskflow_api.py
[2026-06-09T20:53:43.767+0000] {processor.py:830} INFO - Processing file /home/airflow/.local/lib/python3.12/site-packages/airflow/example_dags/tutorial_taskflow_api.py for tasks to queue
[2026-06-09T20:53:43.772+0000] {logging_mixin.py:188} INFO - [2026-06-09T20:53:43.771+0000] {dagbag.py:545} INFO - Filling up the DagBag from /home/airflow/.local/lib/python3.12/site-packages/airflow/example_dags/tutorial_taskflow_api.py
[2026-06-09T20:53:43.806+0000] {processor.py:840} INFO - DAG(s) 'tutorial_taskflow_api' retrieved from /home/airflow/.local/lib/python3.12/site-packages/airflow/example_dags/tutorial_taskflow_api.py
[2026-06-09T20:55:07.507+0000] {processor.py:161} INFO - Started process (PID=95) to work on /home/airflow/.local/lib/python3.12/site-packages/airflow/example_dags/tutorial_taskflow_api.py
[2026-06-09T20:55:07.519+0000] {processor.py:830} INFO - Processing file /home/airflow/.local/lib/python3.12/site-packages/airflow/example_dags/tutorial_taskflow_api.py for tasks to queue
[2026-06-09T20:55:07.534+0000] {logging_mixin.py:188} INFO - [2026-06-09T20:55:07.521+0000] {dagbag.py:545} INFO - Filling up the DagBag from /home/airflow/.local/lib/python3.12/site-packages/airflow/example_dags/tutorial_taskflow_api.py
[2026-06-09T20:55:07.594+0000] {processor.py:840} INFO - DAG(s) 'tutorial_taskflow_api' retrieved from /home/airflow/.local/lib/python3.12/site-packages/airflow/example_dags/tutorial_taskflow_api.py
[2026-06-09T20:55:08.121+0000] {logging_mixin.py:188} INFO - [2026-06-09T20:55:08.119+0000] {dag.py:3096} INFO - Sync 1 DAGs
[2026-06-09T20:55:08.169+0000] {logging_mixin.py:188} INFO - [2026-06-09T20:55:08.165+0000] {dag.py:3954} INFO - Setting next_dagrun for tutorial_taskflow_api to None, run_after=None
[2026-06-09T20:55:08.280+0000] {processor.py:183} INFO - Processing /home/airflow/.local/lib/python3.12/site-packages/airflow/example_dags/tutorial_taskflow_api.py took 0.804 seconds
[2026-06-09T20:55:38.462+0000] {processor.py:161} INFO - Started process (PID=155) to work on /home/airflow/.local/lib/python3.12/site-packages/airflow/example_dags/tutorial_taskflow_api.py
[2026-06-09T20:55:38.466+0000] {processor.py:830} INFO - Processing file /home/airflow/.local/lib/python3.12/site-packages/airflow/example_dags/tutorial_taskflow_api.py for tasks to queue
[2026-06-09T20:55:38.471+0000] {logging_mixin.py:188} INFO - [2026-06-09T20:55:38.470+0000] {dagbag.py:545} INFO - Filling up the DagBag from /home/airflow/.local/lib/python3.12/site-packages/airflow/example_dags/tutorial_taskflow_api.py
[2026-06-09T20:55:38.483+0000] {processor.py:840} INFO - DAG(s) 'tutorial_taskflow_api' retrieved from /home/airflow/.local/lib/python3.12/site-packages/airflow/example_dags/tutorial_taskflow_api.py
[2026-06-09T20:55:38.510+0000] {logging_mixin.py:188} INFO - [2026-06-09T20:55:38.509+0000] {dag.py:3096} INFO - Sync 1 DAGs
[2026-06-09T20:55:38.530+0000] {logging_mixin.py:188} INFO - [2026-06-09T20:55:38.530+0000] {dag.py:3954} INFO - Setting next_dagrun for tutorial_taskflow_api to None, run_after=None
[2026-06-09T20:55:38.553+0000] {processor.py:183} INFO - Processing /home/airflow/.local/lib/python3.12/site-packages/airflow/example_dags/tutorial_taskflow_api.py took 0.098 seconds
[2026-06-09T20:56:09.685+0000] {processor.py:161} INFO - Started process (PID=215) to work on /home/airflow/.local/lib/python3.12/site-packages/airflow/example_dags/tutorial_taskflow_api.py
[2026-06-09T20:56:09.690+0000] {processor.py:830} INFO - Processing file /home/airflow/.local/lib/python3.12/site-packages/airflow/example_dags/tutorial_taskflow_api.py for tasks to queue
[2026-06-09T20:56:09.699+0000] {logging_mixin.py:188} INFO - [2026-06-09T20:56:09.698+0000] {dagbag.py:545} INFO - Filling up the DagBag from /home/airflow/.local/lib/python3.12/site-packages/airflow/example_dags/tutorial_taskflow_api.py
[2026-06-09T20:56:09.727+0000] {processor.py:840} INFO - DAG(s) 'tutorial_taskflow_api' retrieved from /home/airflow/.local/lib/python3.12/site-packages/airflow/example_dags/tutorial_taskflow_api.py
[2026-06-09T20:56:09.895+0000] {logging_mixin.py:188} INFO - [2026-06-09T20:56:09.894+0000] {dag.py:3096} INFO - Sync 1 DAGs
[2026-06-09T20:56:09.961+0000] {logging_mixin.py:188} INFO - [2026-06-09T20:56:09.960+0000] {dag.py:3954} INFO - Setting next_dagrun for tutorial_taskflow_api to None, run_after=None
[2026-06-09T20:56:10.036+0000] {processor.py:183} INFO - Processing /home/airflow/.local/lib/python3.12/site-packages/airflow/example_dags/tutorial_taskflow_api.py took 0.422 seconds
[2026-06-09T20:56:40.841+0000] {processor.py:161} INFO - Started process (PID=275) to work on /home/airflow/.local/lib/python3.12/site-packages/airflow/example_dags/tutorial_taskflow_api.py
[2026-06-09T20:56:40.844+0000] {processor.py:830} INFO - Processing file /home/airflow/.local/lib/python3.12/site-packages/airflow/example_dags/tutorial_taskflow_api.py for tasks to queue
[2026-06-09T20:56:40.847+0000] {logging_mixin.py:188} INFO - [2026-06-09T20:56:40.846+0000] {dagbag.py:545} INFO - Filling up the DagBag from /home/airflow/.local/lib/python3.12/site-packages/airflow/example_dags/tutorial_taskflow_api.py
[2026-06-09T20:56:40.860+0000] {processor.py:840} INFO - DAG(s) 'tutorial_taskflow_api' retrieved from /home/airflow/.local/lib/python3.12/site-packages/airflow/example_dags/tutorial_taskflow_api.py
[2026-06-09T20:56:40.931+0000] {logging_mixin.py:188} INFO - [2026-06-09T20:56:40.931+0000] {dag.py:3096} INFO - Sync 1 DAGs
[2026-06-09T20:56:40.989+0000] {logging_mixin.py:188} INFO - [2026-06-09T20:56:40.988+0000] {dag.py:3954} INFO - Setting next_dagrun for tutorial_taskflow_api to None, run_after=None
[2026-06-09T20:56:41.137+0000] {processor.py:183} INFO - Processing /home/airflow/.local/lib/python3.12/site-packages/airflow/example_dags/tutorial_taskflow_api.py took 0.317 seconds
[2026-06-09T20:57:11.467+0000] {processor.py:161} INFO - Started process (PID=335) to work on /home/airflow/.local/lib/python3.12/site-packages/airflow/example_dags/tutorial_taskflow_api.py
[2026-06-09T20:57:11.468+0000] {processor.py:830} INFO - Processing file /home/airflow/.local/lib/python3.12/site-packages/airflow/example_dags/tutorial_taskflow_api.py for tasks to queue
[2026-06-09T20:57:11.471+0000] {logging_mixin.py:188} INFO - [2026-06-09T20:57:11.470+0000] {dagbag.py:545} INFO - Filling up the DagBag from /home/airflow/.local/lib/python3.12/site-packages/airflow/example_dags/tutorial_taskflow_api.py
[2026-06-09T20:57:11.482+0000] {processor.py:840} INFO - DAG(s) 'tutorial_taskflow_api' retrieved from /home/airflow/.local/lib/python3.12/site-packages/airflow/example_dags/tutorial_taskflow_api.py
[2026-06-09T20:57:11.546+0000] {logging_mixin.py:188} INFO - [2026-06-09T20:57:11.545+0000] {dag.py:3096} INFO - Sync 1 DAGs
[2026-06-09T20:57:11.585+0000] {logging_mixin.py:188} INFO - [2026-06-09T20:57:11.584+0000] {dag.py:3954} INFO - Setting next_dagrun for tutorial_taskflow_api to None, run_after=None
[2026-06-09T20:57:11.656+0000] {processor.py:183} INFO - Processing /home/airflow/.local/lib/python3.12/site-packages/airflow/example_dags/tutorial_taskflow_api.py took 0.200 seconds
[2026-06-09T20:57:41.770+0000] {processor.py:161} INFO - Started process (PID=394) to work on /home/airflow/.local/lib/python3.12/site-packages/airflow/example_dags/tutorial_taskflow_api.py
[2026-06-09T20:57:41.771+0000] {processor.py:830} INFO - Processing file /home/airflow/.local/lib/python3.12/site-packages/airflow/example_dags/tutorial_taskflow_api.py for tasks to queue
[2026-06-09T20:57:41.773+0000] {logging_mixin.py:188} INFO - [2026-06-09T20:57:41.772+0000] {dagbag.py:545} INFO - Filling up the DagBag from /home/airflow/.local/lib/python3.12/site-packages/airflow/example_dags/tutorial_taskflow_api.py
[2026-06-09T20:57:41.780+0000] {processor.py:840} INFO - DAG(s) 'tutorial_taskflow_api' retrieved from /home/airflow/.local/lib/python3.12/site-packages/airflow/example_dags/tutorial_taskflow_api.py
[2026-06-09T20:57:41.812+0000] {logging_mixin.py:188} INFO - [2026-06-09T20:57:41.810+0000] {dag.py:3096} INFO - Sync 1 DAGs
[2026-06-09T20:57:41.830+0000] {logging_mixin.py:188} INFO - [2026-06-09T20:57:41.829+0000] {dag.py:3954} INFO - Setting next_dagrun for tutorial_taskflow_api to None, run_after=None
[2026-06-09T20:57:41.851+0000] {processor.py:183} INFO - Processing /home/airflow/.local/lib/python3.12/site-packages/airflow/example_dags/tutorial_taskflow_api.py took 0.092 seconds
[2026-06-09T20:58:12.021+0000] {processor.py:161} INFO - Started process (PID=454) to work on /home/airflow/.local/lib/python3.12/site-packages/airflow/example_dags/tutorial_taskflow_api.py
[2026-06-09T20:58:12.024+0000] {processor.py:830} INFO - Processing file /home/airflow/.local/lib/python3.12/site-packages/airflow/example_dags/tutorial_taskflow_api.py for tasks to queue
[2026-06-09T20:58:12.026+0000] {logging_mixin.py:188} INFO - [2026-06-09T20:58:12.026+0000] {dagbag.py:545} INFO - Filling up the DagBag from /home/airflow/.local/lib/python3.12/site-packages/airflow/example_dags/tutorial_taskflow_api.py
[2026-06-09T20:58:12.034+0000] {processor.py:840} INFO - DAG(s) 'tutorial_taskflow_api' retrieved from /home/airflow/.local/lib/python3.12/site-packages/airflow/example_dags/tutorial_taskflow_api.py
[2026-06-09T20:58:12.062+0000] {logging_mixin.py:188} INFO - [2026-06-09T20:58:12.062+0000] {dag.py:3096} INFO - Sync 1 DAGs
[2026-06-09T20:58:12.086+0000] {logging_mixin.py:188} INFO - [2026-06-09T20:58:12.086+0000] {dag.py:3954} INFO - Setting next_dagrun for tutorial_taskflow_api to None, run_after=None
[2026-06-09T20:58:12.131+0000] {processor.py:183} INFO - Processing /home/airflow/.local/lib/python3.12/site-packages/airflow/example_dags/tutorial_taskflow_api.py took 0.117 seconds
[2026-06-09T20:58:43.037+0000] {processor.py:161} INFO - Started process (PID=514) to work on /home/airflow/.local/lib/python3.12/site-packages/airflow/example_dags/tutorial_taskflow_api.py
[2026-06-09T20:58:43.038+0000] {processor.py:830} INFO - Processing file /home/airflow/.local/lib/python3.12/site-packages/airflow/example_dags/tutorial_taskflow_api.py for tasks to queue
[2026-06-09T20:58:43.039+0000] {logging_mixin.py:188} INFO - [2026-06-09T20:58:43.039+0000] {dagbag.py:545} INFO - Filling up the DagBag from /home/airflow/.local/lib/python3.12/site-packages/airflow/example_dags/tutorial_taskflow_api.py
[2026-06-09T20:58:43.052+0000] {processor.py:840} INFO - DAG(s) 'tutorial_taskflow_api' retrieved from /home/airflow/.local/lib/python3.12/site-packages/airflow/example_dags/tutorial_taskflow_api.py
[2026-06-09T20:58:43.077+0000] {logging_mixin.py:188} INFO - [2026-06-09T20:58:43.077+0000] {dag.py:3096} INFO - Sync 1 DAGs
[2026-06-09T20:58:43.095+0000] {logging_mixin.py:188} INFO - [2026-06-09T20:58:43.095+0000] {dag.py:3954} INFO - Setting next_dagrun for tutorial_taskflow_api to None, run_after=None
[2026-06-09T20:58:43.118+0000] {processor.py:183} INFO - Processing /home/airflow/.local/lib/python3.12/site-packages/airflow/example_dags/tutorial_taskflow_api.py took 0.089 seconds
[2026-06-09T20:59:13.910+0000] {processor.py:161} INFO - Started process (PID=574) to work on /home/airflow/.local/lib/python3.12/site-packages/airflow/example_dags/tutorial_taskflow_api.py
[2026-06-09T20:59:13.911+0000] {processor.py:830} INFO - Processing file /home/airflow/.local/lib/python3.12/site-packages/airflow/example_dags/tutorial_taskflow_api.py for tasks to queue
[2026-06-09T20:59:13.912+0000] {logging_mixin.py:188} INFO - [2026-06-09T20:59:13.912+0000] {dagbag.py:545} INFO - Filling up the DagBag from /home/airflow/.local/lib/python3.12/site-packages/airflow/example_dags/tutorial_taskflow_api.py
[2026-06-09T20:59:13.921+0000] {processor.py:840} INFO - DAG(s) 'tutorial_taskflow_api' retrieved from /home/airflow/.local/lib/python3.12/site-packages/airflow/example_dags/tutorial_taskflow_api.py
[2026-06-09T20:59:13.950+0000] {logging_mixin.py:188} INFO - [2026-06-09T20:59:13.950+0000] {dag.py:3096} INFO - Sync 1 DAGs
[2026-06-09T20:59:13.971+0000] {logging_mixin.py:188} INFO - [2026-06-09T20:59:13.971+0000] {dag.py:3954} INFO - Setting next_dagrun for tutorial_taskflow_api to None, run_after=None
[2026-06-09T20:59:14.001+0000] {processor.py:183} INFO - Processing /home/airflow/.local/lib/python3.12/site-packages/airflow/example_dags/tutorial_taskflow_api.py took 0.099 seconds
[2026-06-09T21:01:05.989+0000] {processor.py:161} INFO - Started process (PID=95) to work on /home/airflow/.local/lib/python3.12/site-packages/airflow/example_dags/tutorial_taskflow_api.py
[2026-06-09T21:01:05.991+0000] {processor.py:830} INFO - Processing file /home/airflow/.local/lib/python3.12/site-packages/airflow/example_dags/tutorial_taskflow_api.py for tasks to queue
[2026-06-09T21:01:05.996+0000] {logging_mixin.py:188} INFO - [2026-06-09T21:01:05.995+0000] {dagbag.py:545} INFO - Filling up the DagBag from /home/airflow/.local/lib/python3.12/site-packages/airflow/example_dags/tutorial_taskflow_api.py
[2026-06-09T21:01:06.010+0000] {processor.py:840} INFO - DAG(s) 'tutorial_taskflow_api' retrieved from /home/airflow/.local/lib/python3.12/site-packages/airflow/example_dags/tutorial_taskflow_api.py
[2026-06-09T21:01:06.494+0000] {logging_mixin.py:188} INFO - [2026-06-09T21:01:06.493+0000] {dag.py:3096} INFO - Sync 1 DAGs
[2026-06-09T21:01:06.525+0000] {logging_mixin.py:188} INFO - [2026-06-09T21:01:06.524+0000] {dag.py:3954} INFO - Setting next_dagrun for tutorial_taskflow_api to None, run_after=None
[2026-06-09T21:01:06.563+0000] {processor.py:183} INFO - Processing /home/airflow/.local/lib/python3.12/site-packages/airflow/example_dags/tutorial_taskflow_api.py took 0.589 seconds
[2026-06-09T21:01:37.192+0000] {processor.py:161} INFO - Started process (PID=155) to work on /home/airflow/.local/lib/python3.12/site-packages/airflow/example_dags/tutorial_taskflow_api.py
[2026-06-09T21:01:37.199+0000] {processor.py:830} INFO - Processing file /home/airflow/.local/lib/python3.12/site-packages/airflow/example_dags/tutorial_taskflow_api.py for tasks to queue
[2026-06-09T21:01:37.208+0000] {logging_mixin.py:188} INFO - [2026-06-09T21:01:37.207+0000] {dagbag.py:545} INFO - Filling up the DagBag from /home/airflow/.local/lib/python3.12/site-packages/airflow/example_dags/tutorial_taskflow_api.py
[2026-06-09T21:01:37.228+0000] {processor.py:840} INFO - DAG(s) 'tutorial_taskflow_api' retrieved from /home/airflow/.local/lib/python3.12/site-packages/airflow/example_dags/tutorial_taskflow_api.py
[2026-06-09T21:01:37.275+0000] {logging_mixin.py:188} INFO - [2026-06-09T21:01:37.275+0000] {dag.py:3096} INFO - Sync 1 DAGs
[2026-06-09T21:01:37.348+0000] {logging_mixin.py:188} INFO - [2026-06-09T21:01:37.348+0000] {dag.py:3954} INFO - Setting next_dagrun for tutorial_taskflow_api to None, run_after=None
[2026-06-09T21:01:37.445+0000] {processor.py:183} INFO - Processing /home/airflow/.local/lib/python3.12/site-packages/airflow/example_dags/tutorial_taskflow_api.py took 0.285 seconds
[2026-06-09T21:02:08.351+0000] {processor.py:161} INFO - Started process (PID=215) to work on /home/airflow/.local/lib/python3.12/site-packages/airflow/example_dags/tutorial_taskflow_api.py
[2026-06-09T21:02:08.359+0000] {processor.py:830} INFO - Processing file /home/airflow/.local/lib/python3.12/site-packages/airflow/example_dags/tutorial_taskflow_api.py for tasks to queue
[2026-06-09T21:02:08.365+0000] {logging_mixin.py:188} INFO - [2026-06-09T21:02:08.365+0000] {dagbag.py:545} INFO - Filling up the DagBag from /home/airflow/.local/lib/python3.12/site-packages/airflow/example_dags/tutorial_taskflow_api.py
[2026-06-09T21:02:08.391+0000] {processor.py:840} INFO - DAG(s) 'tutorial_taskflow_api' retrieved from /home/airflow/.local/lib/python3.12/site-packages/airflow/example_dags/tutorial_taskflow_api.py
[2026-06-09T21:02:08.437+0000] {logging_mixin.py:188} INFO - [2026-06-09T21:02:08.435+0000] {dag.py:3096} INFO - Sync 1 DAGs
[2026-06-09T21:02:08.458+0000] {logging_mixin.py:188} INFO - [2026-06-09T21:02:08.457+0000] {dag.py:3954} INFO - Setting next_dagrun for tutorial_taskflow_api to None, run_after=None
[2026-06-09T21:02:08.586+0000] {processor.py:183} INFO - Processing /home/airflow/.local/lib/python3.12/site-packages/airflow/example_dags/tutorial_taskflow_api.py took 0.263 seconds
[2026-06-09T21:02:39.334+0000] {processor.py:161} INFO - Started process (PID=275) to work on /home/airflow/.local/lib/python3.12/site-packages/airflow/example_dags/tutorial_taskflow_api.py
[2026-06-09T21:02:39.337+0000] {processor.py:830} INFO - Processing file /home/airflow/.local/lib/python3.12/site-packages/airflow/example_dags/tutorial_taskflow_api.py for tasks to queue
[2026-06-09T21:02:39.339+0000] {logging_mixin.py:188} INFO - [2026-06-09T21:02:39.339+0000] {dagbag.py:545} INFO - Filling up the DagBag from /home/airflow/.local/lib/python3.12/site-packages/airflow/example_dags/tutorial_taskflow_api.py
[2026-06-09T21:02:39.348+0000] {processor.py:840} INFO - DAG(s) 'tutorial_taskflow_api' retrieved from /home/airflow/.local/lib/python3.12/site-packages/airflow/example_dags/tutorial_taskflow_api.py
[2026-06-09T21:02:39.373+0000] {logging_mixin.py:188} INFO - [2026-06-09T21:02:39.373+0000] {dag.py:3096} INFO - Sync 1 DAGs
[2026-06-09T21:02:39.391+0000] {logging_mixin.py:188} INFO - [2026-06-09T21:02:39.391+0000] {dag.py:3954} INFO - Setting next_dagrun for tutorial_taskflow_api to None, run_after=None
[2026-06-09T21:02:39.416+0000] {processor.py:183} INFO - Processing /home/airflow/.local/lib/python3.12/site-packages/airflow/example_dags/tutorial_taskflow_api.py took 0.092 seconds
[2026-06-09T21:03:09.893+0000] {processor.py:161} INFO - Started process (PID=335) to work on /home/airflow/.local/lib/python3.12/site-packages/airflow/example_dags/tutorial_taskflow_api.py
[2026-06-09T21:03:09.894+0000] {processor.py:830} INFO - Processing file /home/airflow/.local/lib/python3.12/site-packages/airflow/example_dags/tutorial_taskflow_api.py for tasks to queue
[2026-06-09T21:03:09.896+0000] {logging_mixin.py:188} INFO - [2026-06-09T21:03:09.895+0000] {dagbag.py:545} INFO - Filling up the DagBag from /home/airflow/.local/lib/python3.12/site-packages/airflow/example_dags/tutorial_taskflow_api.py
[2026-06-09T21:03:09.903+0000] {processor.py:840} INFO - DAG(s) 'tutorial_taskflow_api' retrieved from /home/airflow/.local/lib/python3.12/site-packages/airflow/example_dags/tutorial_taskflow_api.py
[2026-06-09T21:03:09.927+0000] {logging_mixin.py:188} INFO - [2026-06-09T21:03:09.927+0000] {dag.py:3096} INFO - Sync 1 DAGs
[2026-06-09T21:03:09.945+0000] {logging_mixin.py:188} INFO - [2026-06-09T21:03:09.944+0000] {dag.py:3954} INFO - Setting next_dagrun for tutorial_taskflow_api to None, run_after=None
[2026-06-09T21:03:09.973+0000] {processor.py:183} INFO - Processing /home/airflow/.local/lib/python3.12/site-packages/airflow/example_dags/tutorial_taskflow_api.py took 0.088 seconds
[2026-06-09T21:03:40.600+0000] {processor.py:161} INFO - Started process (PID=395) to work on /home/airflow/.local/lib/python3.12/site-packages/airflow/example_dags/tutorial_taskflow_api.py
[2026-06-09T21:03:40.603+0000] {processor.py:830} INFO - Processing file /home/airflow/.local/lib/python3.12/site-packages/airflow/example_dags/tutorial_taskflow_api.py for tasks to queue
[2026-06-09T21:03:40.605+0000] {logging_mixin.py:188} INFO - [2026-06-09T21:03:40.605+0000] {dagbag.py:545} INFO - Filling up the DagBag from /home/airflow/.local/lib/python3.12/site-packages/airflow/example_dags/tutorial_taskflow_api.py
[2026-06-09T21:03:40.613+0000] {processor.py:840} INFO - DAG(s) 'tutorial_taskflow_api' retrieved from /home/airflow/.local/lib/python3.12/site-packages/airflow/example_dags/tutorial_taskflow_api.py
[2026-06-09T21:03:40.638+0000] {logging_mixin.py:188} INFO - [2026-06-09T21:03:40.638+0000] {dag.py:3096} INFO - Sync 1 DAGs
[2026-06-09T21:03:40.662+0000] {logging_mixin.py:188} INFO - [2026-06-09T21:03:40.661+0000] {dag.py:3954} INFO - Setting next_dagrun for tutorial_taskflow_api to None, run_after=None
[2026-06-09T21:03:40.708+0000] {processor.py:183} INFO - Processing /home/airflow/.local/lib/python3.12/site-packages/airflow/example_dags/tutorial_taskflow_api.py took 0.117 seconds
[2026-06-09T21:05:05.301+0000] {processor.py:161} INFO - Started process (PID=95) to work on /home/airflow/.local/lib/python3.12/site-packages/airflow/example_dags/tutorial_taskflow_api.py
[2026-06-09T21:05:05.302+0000] {processor.py:830} INFO - Processing file /home/airflow/.local/lib/python3.12/site-packages/airflow/example_dags/tutorial_taskflow_api.py for tasks to queue
[2026-06-09T21:05:05.306+0000] {logging_mixin.py:188} INFO - [2026-06-09T21:05:05.305+0000] {dagbag.py:545} INFO - Filling up the DagBag from /home/airflow/.local/lib/python3.12/site-packages/airflow/example_dags/tutorial_taskflow_api.py
[2026-06-09T21:05:05.316+0000] {processor.py:840} INFO - DAG(s) 'tutorial_taskflow_api' retrieved from /home/airflow/.local/lib/python3.12/site-packages/airflow/example_dags/tutorial_taskflow_api.py
[2026-06-09T21:05:05.576+0000] {logging_mixin.py:188} INFO - [2026-06-09T21:05:05.576+0000] {dag.py:3096} INFO - Sync 1 DAGs
[2026-06-09T21:05:05.593+0000] {logging_mixin.py:188} INFO - [2026-06-09T21:05:05.592+0000] {dag.py:3954} INFO - Setting next_dagrun for tutorial_taskflow_api to None, run_after=None
[2026-06-09T21:05:05.616+0000] {processor.py:183} INFO - Processing /home/airflow/.local/lib/python3.12/site-packages/airflow/example_dags/tutorial_taskflow_api.py took 0.334 seconds
[2026-06-09T21:05:37.525+0000] {processor.py:161} INFO - Started process (PID=155) to work on /home/airflow/.local/lib/python3.12/site-packages/airflow/example_dags/tutorial_taskflow_api.py
[2026-06-09T21:05:37.530+0000] {processor.py:830} INFO - Processing file /home/airflow/.local/lib/python3.12/site-packages/airflow/example_dags/tutorial_taskflow_api.py for tasks to queue
[2026-06-09T21:05:37.539+0000] {logging_mixin.py:188} INFO - [2026-06-09T21:05:37.539+0000] {dagbag.py:545} INFO - Filling up the DagBag from /home/airflow/.local/lib/python3.12/site-packages/airflow/example_dags/tutorial_taskflow_api.py
[2026-06-09T21:05:37.562+0000] {processor.py:840} INFO - DAG(s) 'tutorial_taskflow_api' retrieved from /home/airflow/.local/lib/python3.12/site-packages/airflow/example_dags/tutorial_taskflow_api.py
[2026-06-09T21:05:37.608+0000] {logging_mixin.py:188} INFO - [2026-06-09T21:05:37.608+0000] {dag.py:3096} INFO - Sync 1 DAGs
[2026-06-09T21:05:37.635+0000] {logging_mixin.py:188} INFO - [2026-06-09T21:05:37.634+0000] {dag.py:3954} INFO - Setting next_dagrun for tutorial_taskflow_api to None, run_after=None
[2026-06-09T21:05:37.727+0000] {processor.py:183} INFO - Processing /home/airflow/.local/lib/python3.12/site-packages/airflow/example_dags/tutorial_taskflow_api.py took 0.227 seconds
[2026-06-09T21:06:08.434+0000] {processor.py:161} INFO - Started process (PID=215) to work on /home/airflow/.local/lib/python3.12/site-packages/airflow/example_dags/tutorial_taskflow_api.py
[2026-06-09T21:06:08.435+0000] {processor.py:830} INFO - Processing file /home/airflow/.local/lib/python3.12/site-packages/airflow/example_dags/tutorial_taskflow_api.py for tasks to queue
[2026-06-09T21:06:08.437+0000] {logging_mixin.py:188} INFO - [2026-06-09T21:06:08.437+0000] {dagbag.py:545} INFO - Filling up the DagBag from /home/airflow/.local/lib/python3.12/site-packages/airflow/example_dags/tutorial_taskflow_api.py
[2026-06-09T21:06:08.445+0000] {processor.py:840} INFO - DAG(s) 'tutorial_taskflow_api' retrieved from /home/airflow/.local/lib/python3.12/site-packages/airflow/example_dags/tutorial_taskflow_api.py
[2026-06-09T21:06:08.473+0000] {logging_mixin.py:188} INFO - [2026-06-09T21:06:08.473+0000] {dag.py:3096} INFO - Sync 1 DAGs
[2026-06-09T21:06:08.490+0000] {logging_mixin.py:188} INFO - [2026-06-09T21:06:08.490+0000] {dag.py:3954} INFO - Setting next_dagrun for tutorial_taskflow_api to None, run_after=None
[2026-06-09T21:06:08.522+0000] {processor.py:183} INFO - Processing /home/airflow/.local/lib/python3.12/site-packages/airflow/example_dags/tutorial_taskflow_api.py took 0.102 seconds
[2026-06-09T21:06:38.770+0000] {processor.py:161} INFO - Started process (PID=275) to work on /home/airflow/.local/lib/python3.12/site-packages/airflow/example_dags/tutorial_taskflow_api.py
[2026-06-09T21:06:38.771+0000] {processor.py:830} INFO - Processing file /home/airflow/.local/lib/python3.12/site-packages/airflow/example_dags/tutorial_taskflow_api.py for tasks to queue
[2026-06-09T21:06:38.773+0000] {logging_mixin.py:188} INFO - [2026-06-09T21:06:38.773+0000] {dagbag.py:545} INFO - Filling up the DagBag from /home/airflow/.local/lib/python3.12/site-packages/airflow/example_dags/tutorial_taskflow_api.py
[2026-06-09T21:06:38.782+0000] {processor.py:840} INFO - DAG(s) 'tutorial_taskflow_api' retrieved from /home/airflow/.local/lib/python3.12/site-packages/airflow/example_dags/tutorial_taskflow_api.py
[2026-06-09T21:06:38.806+0000] {logging_mixin.py:188} INFO - [2026-06-09T21:06:38.806+0000] {dag.py:3096} INFO - Sync 1 DAGs
[2026-06-09T21:06:38.826+0000] {logging_mixin.py:188} INFO - [2026-06-09T21:06:38.826+0000] {dag.py:3954} INFO - Setting next_dagrun for tutorial_taskflow_api to None, run_after=None
[2026-06-09T21:06:38.852+0000] {processor.py:183} INFO - Processing /home/airflow/.local/lib/python3.12/site-packages/airflow/example_dags/tutorial_taskflow_api.py took 0.089 seconds
[2026-06-09T21:07:09.951+0000] {processor.py:161} INFO - Started process (PID=335) to work on /home/airflow/.local/lib/python3.12/site-packages/airflow/example_dags/tutorial_taskflow_api.py
[2026-06-09T21:07:09.952+0000] {processor.py:830} INFO - Processing file /home/airflow/.local/lib/python3.12/site-packages/airflow/example_dags/tutorial_taskflow_api.py for tasks to queue
[2026-06-09T21:07:09.954+0000] {logging_mixin.py:188} INFO - [2026-06-09T21:07:09.954+0000] {dagbag.py:545} INFO - Filling up the DagBag from /home/airflow/.local/lib/python3.12/site-packages/airflow/example_dags/tutorial_taskflow_api.py
[2026-06-09T21:07:09.961+0000] {processor.py:840} INFO - DAG(s) 'tutorial_taskflow_api' retrieved from /home/airflow/.local/lib/python3.12/site-packages/airflow/example_dags/tutorial_taskflow_api.py
[2026-06-09T21:07:09.993+0000] {logging_mixin.py:188} INFO - [2026-06-09T21:07:09.993+0000] {dag.py:3096} INFO - Sync 1 DAGs
[2026-06-09T21:07:10.010+0000] {logging_mixin.py:188} INFO - [2026-06-09T21:07:10.010+0000] {dag.py:3954} INFO - Setting next_dagrun for tutorial_taskflow_api to None, run_after=None
[2026-06-09T21:07:10.035+0000] {processor.py:183} INFO - Processing /home/airflow/.local/lib/python3.12/site-packages/airflow/example_dags/tutorial_taskflow_api.py took 0.091 seconds
[2026-06-09T21:07:40.814+0000] {processor.py:161} INFO - Started process (PID=395) to work on /home/airflow/.local/lib/python3.12/site-packages/airflow/example_dags/tutorial_taskflow_api.py
[2026-06-09T21:07:40.817+0000] {processor.py:830} INFO - Processing file /home/airflow/.local/lib/python3.12/site-packages/airflow/example_dags/tutorial_taskflow_api.py for tasks to queue
[2026-06-09T21:07:40.822+0000] {logging_mixin.py:188} INFO - [2026-06-09T21:07:40.822+0000] {dagbag.py:545} INFO - Filling up the DagBag from /home/airflow/.local/lib/python3.12/site-packages/airflow/example_dags/tutorial_taskflow_api.py
[2026-06-09T21:07:40.844+0000] {processor.py:840} INFO - DAG(s) 'tutorial_taskflow_api' retrieved from /home/airflow/.local/lib/python3.12/site-packages/airflow/example_dags/tutorial_taskflow_api.py
[2026-06-09T21:07:40.879+0000] {logging_mixin.py:188} INFO - [2026-06-09T21:07:40.879+0000] {dag.py:3096} INFO - Sync 1 DAGs
[2026-06-09T21:07:40.903+0000] {logging_mixin.py:188} INFO - [2026-06-09T21:07:40.903+0000] {dag.py:3954} INFO - Setting next_dagrun for tutorial_taskflow_api to None, run_after=None
[2026-06-09T21:07:40.925+0000] {processor.py:183} INFO - Processing /home/airflow/.local/lib/python3.12/site-packages/airflow/example_dags/tutorial_taskflow_api.py took 0.124 seconds
[2026-06-09T21:08:11.692+0000] {processor.py:161} INFO - Started process (PID=455) to work on /home/airflow/.local/lib/python3.12/site-packages/airflow/example_dags/tutorial_taskflow_api.py
[2026-06-09T21:08:11.693+0000] {processor.py:830} INFO - Processing file /home/airflow/.local/lib/python3.12/site-packages/airflow/example_dags/tutorial_taskflow_api.py for tasks to queue
[2026-06-09T21:08:11.697+0000] {logging_mixin.py:188} INFO - [2026-06-09T21:08:11.695+0000] {dagbag.py:545} INFO - Filling up the DagBag from /home/airflow/.local/lib/python3.12/site-packages/airflow/example_dags/tutorial_taskflow_api.py
[2026-06-09T21:08:11.702+0000] {processor.py:840} INFO - DAG(s) 'tutorial_taskflow_api' retrieved from /home/airflow/.local/lib/python3.12/site-packages/airflow/example_dags/tutorial_taskflow_api.py
[2026-06-09T21:08:11.720+0000] {logging_mixin.py:188} INFO - [2026-06-09T21:08:11.720+0000] {dag.py:3096} INFO - Sync 1 DAGs
[2026-06-09T21:08:11.731+0000] {logging_mixin.py:188} INFO - [2026-06-09T21:08:11.731+0000] {dag.py:3954} INFO - Setting next_dagrun for tutorial_taskflow_api to None, run_after=None
[2026-06-09T21:08:11.747+0000] {processor.py:183} INFO - Processing /home/airflow/.local/lib/python3.12/site-packages/airflow/example_dags/tutorial_taskflow_api.py took 0.061 seconds
[2026-06-09T21:08:42.094+0000] {processor.py:161} INFO - Started process (PID=515) to work on /home/airflow/.local/lib/python3.12/site-packages/airflow/example_dags/tutorial_taskflow_api.py
[2026-06-09T21:08:42.096+0000] {processor.py:830} INFO - Processing file /home/airflow/.local/lib/python3.12/site-packages/airflow/example_dags/tutorial_taskflow_api.py for tasks to queue
[2026-06-09T21:08:42.104+0000] {logging_mixin.py:188} INFO - [2026-06-09T21:08:42.102+0000] {dagbag.py:545} INFO - Filling up the DagBag from /home/airflow/.local/lib/python3.12/site-packages/airflow/example_dags/tutorial_taskflow_api.py
[2026-06-09T21:08:42.127+0000] {processor.py:840} INFO - DAG(s) 'tutorial_taskflow_api' retrieved from /home/airflow/.local/lib/python3.12/site-packages/airflow/example_dags/tutorial_taskflow_api.py
[2026-06-09T21:08:42.363+0000] {logging_mixin.py:188} INFO - [2026-06-09T21:08:42.363+0000] {dag.py:3096} INFO - Sync 1 DAGs
[2026-06-09T21:08:42.488+0000] {logging_mixin.py:188} INFO - [2026-06-09T21:08:42.488+0000] {dag.py:3954} INFO - Setting next_dagrun for tutorial_taskflow_api to None, run_after=None
[2026-06-09T21:08:42.554+0000] {processor.py:183} INFO - Processing /home/airflow/.local/lib/python3.12/site-packages/airflow/example_dags/tutorial_taskflow_api.py took 0.481 seconds
[2026-06-09T21:09:12.636+0000] {processor.py:161} INFO - Started process (PID=574) to work on /home/airflow/.local/lib/python3.12/site-packages/airflow/example_dags/tutorial_taskflow_api.py
[2026-06-09T21:09:12.637+0000] {processor.py:830} INFO - Processing file /home/airflow/.local/lib/python3.12/site-packages/airflow/example_dags/tutorial_taskflow_api.py for tasks to queue
[2026-06-09T21:09:12.639+0000] {logging_mixin.py:188} INFO - [2026-06-09T21:09:12.639+0000] {dagbag.py:545} INFO - Filling up the DagBag from /home/airflow/.local/lib/python3.12/site-packages/airflow/example_dags/tutorial_taskflow_api.py
[2026-06-09T21:09:12.647+0000] {processor.py:840} INFO - DAG(s) 'tutorial_taskflow_api' retrieved from /home/airflow/.local/lib/python3.12/site-packages/airflow/example_dags/tutorial_taskflow_api.py
[2026-06-09T21:09:12.673+0000] {logging_mixin.py:188} INFO - [2026-06-09T21:09:12.673+0000] {dag.py:3096} INFO - Sync 1 DAGs
[2026-06-09T21:09:12.695+0000] {logging_mixin.py:188} INFO - [2026-06-09T21:09:12.695+0000] {dag.py:3954} INFO - Setting next_dagrun for tutorial_taskflow_api to None, run_after=None
[2026-06-09T21:09:12.712+0000] {processor.py:183} INFO - Processing /home/airflow/.local/lib/python3.12/site-packages/airflow/example_dags/tutorial_taskflow_api.py took 0.085 seconds
[2026-06-09T21:09:42.908+0000] {processor.py:161} INFO - Started process (PID=634) to work on /home/airflow/.local/lib/python3.12/site-packages/airflow/example_dags/tutorial_taskflow_api.py
[2026-06-09T21:09:42.913+0000] {processor.py:830} INFO - Processing file /home/airflow/.local/lib/python3.12/site-packages/airflow/example_dags/tutorial_taskflow_api.py for tasks to queue
[2026-06-09T21:09:42.920+0000] {logging_mixin.py:188} INFO - [2026-06-09T21:09:42.919+0000] {dagbag.py:545} INFO - Filling up the DagBag from /home/airflow/.local/lib/python3.12/site-packages/airflow/example_dags/tutorial_taskflow_api.py
[2026-06-09T21:09:42.946+0000] {processor.py:840} INFO - DAG(s) 'tutorial_taskflow_api' retrieved from /home/airflow/.local/lib/python3.12/site-packages/airflow/example_dags/tutorial_taskflow_api.py
[2026-06-09T21:09:43.062+0000] {logging_mixin.py:188} INFO - [2026-06-09T21:09:43.061+0000] {dag.py:3096} INFO - Sync 1 DAGs
[2026-06-09T21:09:43.085+0000] {logging_mixin.py:188} INFO - [2026-06-09T21:09:43.084+0000] {dag.py:3954} INFO - Setting next_dagrun for tutorial_taskflow_api to None, run_after=None
[2026-06-09T21:09:43.106+0000] {processor.py:183} INFO - Processing /home/airflow/.local/lib/python3.12/site-packages/airflow/example_dags/tutorial_taskflow_api.py took 0.232 seconds
[2026-06-09T21:10:13.461+0000] {processor.py:161} INFO - Started process (PID=694) to work on /home/airflow/.local/lib/python3.12/site-packages/airflow/example_dags/tutorial_taskflow_api.py
[2026-06-09T21:10:13.463+0000] {processor.py:830} INFO - Processing file /home/airflow/.local/lib/python3.12/site-packages/airflow/example_dags/tutorial_taskflow_api.py for tasks to queue
[2026-06-09T21:10:13.465+0000] {logging_mixin.py:188} INFO - [2026-06-09T21:10:13.464+0000] {dagbag.py:545} INFO - Filling up the DagBag from /home/airflow/.local/lib/python3.12/site-packages/airflow/example_dags/tutorial_taskflow_api.py
[2026-06-09T21:10:13.472+0000] {processor.py:840} INFO - DAG(s) 'tutorial_taskflow_api' retrieved from /home/airflow/.local/lib/python3.12/site-packages/airflow/example_dags/tutorial_taskflow_api.py
[2026-06-09T21:10:13.498+0000] {logging_mixin.py:188} INFO - [2026-06-09T21:10:13.498+0000] {dag.py:3096} INFO - Sync 1 DAGs
[2026-06-09T21:10:13.519+0000] {logging_mixin.py:188} INFO - [2026-06-09T21:10:13.518+0000] {dag.py:3954} INFO - Setting next_dagrun for tutorial_taskflow_api to None, run_after=None
[2026-06-09T21:10:13.545+0000] {processor.py:183} INFO - Processing /home/airflow/.local/lib/python3.12/site-packages/airflow/example_dags/tutorial_taskflow_api.py took 0.091 seconds
[2026-06-09T21:10:44.364+0000] {processor.py:161} INFO - Started process (PID=754) to work on /home/airflow/.local/lib/python3.12/site-packages/airflow/example_dags/tutorial_taskflow_api.py
[2026-06-09T21:10:44.365+0000] {processor.py:830} INFO - Processing file /home/airflow/.local/lib/python3.12/site-packages/airflow/example_dags/tutorial_taskflow_api.py for tasks to queue
[2026-06-09T21:10:44.368+0000] {logging_mixin.py:188} INFO - [2026-06-09T21:10:44.367+0000] {dagbag.py:545} INFO - Filling up the DagBag from /home/airflow/.local/lib/python3.12/site-packages/airflow/example_dags/tutorial_taskflow_api.py
[2026-06-09T21:10:44.376+0000] {processor.py:840} INFO - DAG(s) 'tutorial_taskflow_api' retrieved from /home/airflow/.local/lib/python3.12/site-packages/airflow/example_dags/tutorial_taskflow_api.py
[2026-06-09T21:10:44.409+0000] {logging_mixin.py:188} INFO - [2026-06-09T21:10:44.408+0000] {dag.py:3096} INFO - Sync 1 DAGs
[2026-06-09T21:10:44.430+0000] {logging_mixin.py:188} INFO - [2026-06-09T21:10:44.430+0000] {dag.py:3954} INFO - Setting next_dagrun for tutorial_taskflow_api to None, run_after=None
[2026-06-09T21:10:44.489+0000] {processor.py:183} INFO - Processing /home/airflow/.local/lib/python3.12/site-packages/airflow/example_dags/tutorial_taskflow_api.py took 0.145 seconds
