[2026-06-11T22:08:07.872+0000] {processor.py:161} INFO - Started process (PID=127) to work on /home/airflow/.local/lib/python3.12/site-packages/airflow/example_dags/example_task_group.py
[2026-06-11T22:08:07.873+0000] {processor.py:830} INFO - Processing file /home/airflow/.local/lib/python3.12/site-packages/airflow/example_dags/example_task_group.py for tasks to queue
[2026-06-11T22:08:07.875+0000] {logging_mixin.py:188} INFO - [2026-06-11T22:08:07.875+0000] {dagbag.py:545} INFO - Filling up the DagBag from /home/airflow/.local/lib/python3.12/site-packages/airflow/example_dags/example_task_group.py
[2026-06-11T22:08:07.885+0000] {processor.py:840} INFO - DAG(s) 'example_task_group' retrieved from /home/airflow/.local/lib/python3.12/site-packages/airflow/example_dags/example_task_group.py
[2026-06-11T22:08:07.957+0000] {logging_mixin.py:188} INFO - [2026-06-11T22:08:07.956+0000] {dag.py:3096} INFO - Sync 1 DAGs
[2026-06-11T22:08:07.986+0000] {logging_mixin.py:188} INFO - [2026-06-11T22:08:07.986+0000] {dag.py:3954} INFO - Setting next_dagrun for example_task_group to 2026-06-10 00:00:00+00:00, run_after=2026-06-11 00:00:00+00:00
[2026-06-11T22:08:08.036+0000] {processor.py:183} INFO - Processing /home/airflow/.local/lib/python3.12/site-packages/airflow/example_dags/example_task_group.py took 0.172 seconds
[2026-06-11T22:08:38.677+0000] {processor.py:161} INFO - Started process (PID=188) to work on /home/airflow/.local/lib/python3.12/site-packages/airflow/example_dags/example_task_group.py
[2026-06-11T22:08:38.678+0000] {processor.py:830} INFO - Processing file /home/airflow/.local/lib/python3.12/site-packages/airflow/example_dags/example_task_group.py for tasks to queue
[2026-06-11T22:08:38.680+0000] {logging_mixin.py:188} INFO - [2026-06-11T22:08:38.680+0000] {dagbag.py:545} INFO - Filling up the DagBag from /home/airflow/.local/lib/python3.12/site-packages/airflow/example_dags/example_task_group.py
[2026-06-11T22:08:38.689+0000] {processor.py:840} INFO - DAG(s) 'example_task_group' retrieved from /home/airflow/.local/lib/python3.12/site-packages/airflow/example_dags/example_task_group.py
[2026-06-11T22:08:38.715+0000] {logging_mixin.py:188} INFO - [2026-06-11T22:08:38.715+0000] {dag.py:3096} INFO - Sync 1 DAGs
[2026-06-11T22:08:38.742+0000] {logging_mixin.py:188} INFO - [2026-06-11T22:08:38.742+0000] {dag.py:3954} INFO - Setting next_dagrun for example_task_group to 2026-06-10 00:00:00+00:00, run_after=2026-06-11 00:00:00+00:00
[2026-06-11T22:08:38.768+0000] {processor.py:183} INFO - Processing /home/airflow/.local/lib/python3.12/site-packages/airflow/example_dags/example_task_group.py took 0.097 seconds
[2026-06-11T22:09:09.579+0000] {processor.py:161} INFO - Started process (PID=249) to work on /home/airflow/.local/lib/python3.12/site-packages/airflow/example_dags/example_task_group.py
[2026-06-11T22:09:09.580+0000] {processor.py:830} INFO - Processing file /home/airflow/.local/lib/python3.12/site-packages/airflow/example_dags/example_task_group.py for tasks to queue
[2026-06-11T22:09:09.582+0000] {logging_mixin.py:188} INFO - [2026-06-11T22:09:09.582+0000] {dagbag.py:545} INFO - Filling up the DagBag from /home/airflow/.local/lib/python3.12/site-packages/airflow/example_dags/example_task_group.py
[2026-06-11T22:09:09.591+0000] {processor.py:840} INFO - DAG(s) 'example_task_group' retrieved from /home/airflow/.local/lib/python3.12/site-packages/airflow/example_dags/example_task_group.py
[2026-06-11T22:09:09.619+0000] {logging_mixin.py:188} INFO - [2026-06-11T22:09:09.618+0000] {dag.py:3096} INFO - Sync 1 DAGs
[2026-06-11T22:09:09.645+0000] {logging_mixin.py:188} INFO - [2026-06-11T22:09:09.645+0000] {dag.py:3954} INFO - Setting next_dagrun for example_task_group to 2026-06-10 00:00:00+00:00, run_after=2026-06-11 00:00:00+00:00
[2026-06-11T22:09:09.665+0000] {processor.py:183} INFO - Processing /home/airflow/.local/lib/python3.12/site-packages/airflow/example_dags/example_task_group.py took 0.093 seconds
[2026-06-11T22:09:39.928+0000] {processor.py:161} INFO - Started process (PID=310) to work on /home/airflow/.local/lib/python3.12/site-packages/airflow/example_dags/example_task_group.py
[2026-06-11T22:09:39.929+0000] {processor.py:830} INFO - Processing file /home/airflow/.local/lib/python3.12/site-packages/airflow/example_dags/example_task_group.py for tasks to queue
[2026-06-11T22:09:39.931+0000] {logging_mixin.py:188} INFO - [2026-06-11T22:09:39.931+0000] {dagbag.py:545} INFO - Filling up the DagBag from /home/airflow/.local/lib/python3.12/site-packages/airflow/example_dags/example_task_group.py
[2026-06-11T22:09:39.948+0000] {processor.py:840} INFO - DAG(s) 'example_task_group' retrieved from /home/airflow/.local/lib/python3.12/site-packages/airflow/example_dags/example_task_group.py
[2026-06-11T22:09:40.010+0000] {logging_mixin.py:188} INFO - [2026-06-11T22:09:40.010+0000] {dag.py:3096} INFO - Sync 1 DAGs
[2026-06-11T22:09:40.065+0000] {logging_mixin.py:188} INFO - [2026-06-11T22:09:40.065+0000] {dag.py:3954} INFO - Setting next_dagrun for example_task_group to 2026-06-10 00:00:00+00:00, run_after=2026-06-11 00:00:00+00:00
[2026-06-11T22:09:40.122+0000] {processor.py:183} INFO - Processing /home/airflow/.local/lib/python3.12/site-packages/airflow/example_dags/example_task_group.py took 0.211 seconds
[2026-06-11T22:10:10.356+0000] {processor.py:161} INFO - Started process (PID=371) to work on /home/airflow/.local/lib/python3.12/site-packages/airflow/example_dags/example_task_group.py
[2026-06-11T22:10:10.357+0000] {processor.py:830} INFO - Processing file /home/airflow/.local/lib/python3.12/site-packages/airflow/example_dags/example_task_group.py for tasks to queue
[2026-06-11T22:10:10.358+0000] {logging_mixin.py:188} INFO - [2026-06-11T22:10:10.358+0000] {dagbag.py:545} INFO - Filling up the DagBag from /home/airflow/.local/lib/python3.12/site-packages/airflow/example_dags/example_task_group.py
[2026-06-11T22:10:10.367+0000] {processor.py:840} INFO - DAG(s) 'example_task_group' retrieved from /home/airflow/.local/lib/python3.12/site-packages/airflow/example_dags/example_task_group.py
[2026-06-11T22:10:10.394+0000] {logging_mixin.py:188} INFO - [2026-06-11T22:10:10.394+0000] {dag.py:3096} INFO - Sync 1 DAGs
[2026-06-11T22:10:10.422+0000] {logging_mixin.py:188} INFO - [2026-06-11T22:10:10.422+0000] {dag.py:3954} INFO - Setting next_dagrun for example_task_group to 2026-06-10 00:00:00+00:00, run_after=2026-06-11 00:00:00+00:00
[2026-06-11T22:10:10.442+0000] {processor.py:183} INFO - Processing /home/airflow/.local/lib/python3.12/site-packages/airflow/example_dags/example_task_group.py took 0.093 seconds
[2026-06-11T22:10:43.108+0000] {processor.py:161} INFO - Started process (PID=432) to work on /home/airflow/.local/lib/python3.12/site-packages/airflow/example_dags/example_task_group.py
[2026-06-11T22:10:43.111+0000] {processor.py:830} INFO - Processing file /home/airflow/.local/lib/python3.12/site-packages/airflow/example_dags/example_task_group.py for tasks to queue
[2026-06-11T22:10:43.113+0000] {logging_mixin.py:188} INFO - [2026-06-11T22:10:43.113+0000] {dagbag.py:545} INFO - Filling up the DagBag from /home/airflow/.local/lib/python3.12/site-packages/airflow/example_dags/example_task_group.py
[2026-06-11T22:10:43.132+0000] {processor.py:840} INFO - DAG(s) 'example_task_group' retrieved from /home/airflow/.local/lib/python3.12/site-packages/airflow/example_dags/example_task_group.py
[2026-06-11T22:10:43.174+0000] {logging_mixin.py:188} INFO - [2026-06-11T22:10:43.173+0000] {dag.py:3096} INFO - Sync 1 DAGs
[2026-06-11T22:10:43.209+0000] {logging_mixin.py:188} INFO - [2026-06-11T22:10:43.209+0000] {dag.py:3954} INFO - Setting next_dagrun for example_task_group to 2026-06-10 00:00:00+00:00, run_after=2026-06-11 00:00:00+00:00
[2026-06-11T22:10:43.239+0000] {processor.py:183} INFO - Processing /home/airflow/.local/lib/python3.12/site-packages/airflow/example_dags/example_task_group.py took 0.138 seconds
[2026-06-11T22:11:15.282+0000] {processor.py:161} INFO - Started process (PID=493) to work on /home/airflow/.local/lib/python3.12/site-packages/airflow/example_dags/example_task_group.py
[2026-06-11T22:11:15.284+0000] {processor.py:830} INFO - Processing file /home/airflow/.local/lib/python3.12/site-packages/airflow/example_dags/example_task_group.py for tasks to queue
[2026-06-11T22:11:15.291+0000] {logging_mixin.py:188} INFO - [2026-06-11T22:11:15.290+0000] {dagbag.py:545} INFO - Filling up the DagBag from /home/airflow/.local/lib/python3.12/site-packages/airflow/example_dags/example_task_group.py
[2026-06-11T22:11:15.311+0000] {processor.py:840} INFO - DAG(s) 'example_task_group' retrieved from /home/airflow/.local/lib/python3.12/site-packages/airflow/example_dags/example_task_group.py
[2026-06-11T22:11:15.371+0000] {logging_mixin.py:188} INFO - [2026-06-11T22:11:15.371+0000] {dag.py:3096} INFO - Sync 1 DAGs
[2026-06-11T22:11:15.439+0000] {logging_mixin.py:188} INFO - [2026-06-11T22:11:15.439+0000] {dag.py:3954} INFO - Setting next_dagrun for example_task_group to 2026-06-10 00:00:00+00:00, run_after=2026-06-11 00:00:00+00:00
[2026-06-11T22:11:15.487+0000] {processor.py:183} INFO - Processing /home/airflow/.local/lib/python3.12/site-packages/airflow/example_dags/example_task_group.py took 0.219 seconds
[2026-06-11T22:11:46.290+0000] {processor.py:161} INFO - Started process (PID=554) to work on /home/airflow/.local/lib/python3.12/site-packages/airflow/example_dags/example_task_group.py
[2026-06-11T22:11:46.291+0000] {processor.py:830} INFO - Processing file /home/airflow/.local/lib/python3.12/site-packages/airflow/example_dags/example_task_group.py for tasks to queue
[2026-06-11T22:11:46.293+0000] {logging_mixin.py:188} INFO - [2026-06-11T22:11:46.292+0000] {dagbag.py:545} INFO - Filling up the DagBag from /home/airflow/.local/lib/python3.12/site-packages/airflow/example_dags/example_task_group.py
[2026-06-11T22:11:46.306+0000] {processor.py:840} INFO - DAG(s) 'example_task_group' retrieved from /home/airflow/.local/lib/python3.12/site-packages/airflow/example_dags/example_task_group.py
[2026-06-11T22:11:46.336+0000] {logging_mixin.py:188} INFO - [2026-06-11T22:11:46.336+0000] {dag.py:3096} INFO - Sync 1 DAGs
[2026-06-11T22:11:46.363+0000] {logging_mixin.py:188} INFO - [2026-06-11T22:11:46.363+0000] {dag.py:3954} INFO - Setting next_dagrun for example_task_group to 2026-06-10 00:00:00+00:00, run_after=2026-06-11 00:00:00+00:00
[2026-06-11T22:11:46.382+0000] {processor.py:183} INFO - Processing /home/airflow/.local/lib/python3.12/site-packages/airflow/example_dags/example_task_group.py took 0.101 seconds
[2026-06-11T22:12:16.486+0000] {processor.py:161} INFO - Started process (PID=613) to work on /home/airflow/.local/lib/python3.12/site-packages/airflow/example_dags/example_task_group.py
[2026-06-11T22:12:16.487+0000] {processor.py:830} INFO - Processing file /home/airflow/.local/lib/python3.12/site-packages/airflow/example_dags/example_task_group.py for tasks to queue
[2026-06-11T22:12:16.489+0000] {logging_mixin.py:188} INFO - [2026-06-11T22:12:16.488+0000] {dagbag.py:545} INFO - Filling up the DagBag from /home/airflow/.local/lib/python3.12/site-packages/airflow/example_dags/example_task_group.py
[2026-06-11T22:12:16.497+0000] {processor.py:840} INFO - DAG(s) 'example_task_group' retrieved from /home/airflow/.local/lib/python3.12/site-packages/airflow/example_dags/example_task_group.py
[2026-06-11T22:12:16.526+0000] {logging_mixin.py:188} INFO - [2026-06-11T22:12:16.526+0000] {dag.py:3096} INFO - Sync 1 DAGs
[2026-06-11T22:12:16.558+0000] {logging_mixin.py:188} INFO - [2026-06-11T22:12:16.557+0000] {dag.py:3954} INFO - Setting next_dagrun for example_task_group to 2026-06-10 00:00:00+00:00, run_after=2026-06-11 00:00:00+00:00
[2026-06-11T22:12:16.580+0000] {processor.py:183} INFO - Processing /home/airflow/.local/lib/python3.12/site-packages/airflow/example_dags/example_task_group.py took 0.101 seconds
[2026-06-11T22:12:46.933+0000] {processor.py:161} INFO - Started process (PID=674) to work on /home/airflow/.local/lib/python3.12/site-packages/airflow/example_dags/example_task_group.py
[2026-06-11T22:12:46.936+0000] {processor.py:830} INFO - Processing file /home/airflow/.local/lib/python3.12/site-packages/airflow/example_dags/example_task_group.py for tasks to queue
[2026-06-11T22:12:46.945+0000] {logging_mixin.py:188} INFO - [2026-06-11T22:12:46.944+0000] {dagbag.py:545} INFO - Filling up the DagBag from /home/airflow/.local/lib/python3.12/site-packages/airflow/example_dags/example_task_group.py
[2026-06-11T22:12:46.963+0000] {processor.py:840} INFO - DAG(s) 'example_task_group' retrieved from /home/airflow/.local/lib/python3.12/site-packages/airflow/example_dags/example_task_group.py
[2026-06-11T22:12:46.978+0000] {logging_mixin.py:188} INFO - [2026-06-11T22:12:46.978+0000] {dag.py:3096} INFO - Sync 1 DAGs
[2026-06-11T22:12:47.013+0000] {logging_mixin.py:188} INFO - [2026-06-11T22:12:47.013+0000] {dag.py:3954} INFO - Setting next_dagrun for example_task_group to 2026-06-10 00:00:00+00:00, run_after=2026-06-11 00:00:00+00:00
[2026-06-11T22:12:47.040+0000] {processor.py:183} INFO - Processing /home/airflow/.local/lib/python3.12/site-packages/airflow/example_dags/example_task_group.py took 0.127 seconds
[2026-06-11T22:13:17.938+0000] {processor.py:161} INFO - Started process (PID=737) to work on /home/airflow/.local/lib/python3.12/site-packages/airflow/example_dags/example_task_group.py
[2026-06-11T22:13:17.939+0000] {processor.py:830} INFO - Processing file /home/airflow/.local/lib/python3.12/site-packages/airflow/example_dags/example_task_group.py for tasks to queue
[2026-06-11T22:13:17.941+0000] {logging_mixin.py:188} INFO - [2026-06-11T22:13:17.940+0000] {dagbag.py:545} INFO - Filling up the DagBag from /home/airflow/.local/lib/python3.12/site-packages/airflow/example_dags/example_task_group.py
[2026-06-11T22:13:17.955+0000] {processor.py:840} INFO - DAG(s) 'example_task_group' retrieved from /home/airflow/.local/lib/python3.12/site-packages/airflow/example_dags/example_task_group.py
[2026-06-11T22:13:18.259+0000] {logging_mixin.py:188} INFO - [2026-06-11T22:13:18.259+0000] {dag.py:3096} INFO - Sync 1 DAGs
[2026-06-11T22:13:18.484+0000] {logging_mixin.py:188} INFO - [2026-06-11T22:13:18.484+0000] {dag.py:3954} INFO - Setting next_dagrun for example_task_group to 2026-06-10 00:00:00+00:00, run_after=2026-06-11 00:00:00+00:00
[2026-06-11T22:13:18.505+0000] {processor.py:183} INFO - Processing /home/airflow/.local/lib/python3.12/site-packages/airflow/example_dags/example_task_group.py took 0.576 seconds
[2026-06-11T22:13:48.620+0000] {processor.py:161} INFO - Started process (PID=798) to work on /home/airflow/.local/lib/python3.12/site-packages/airflow/example_dags/example_task_group.py
[2026-06-11T22:13:48.621+0000] {processor.py:830} INFO - Processing file /home/airflow/.local/lib/python3.12/site-packages/airflow/example_dags/example_task_group.py for tasks to queue
[2026-06-11T22:13:48.623+0000] {logging_mixin.py:188} INFO - [2026-06-11T22:13:48.623+0000] {dagbag.py:545} INFO - Filling up the DagBag from /home/airflow/.local/lib/python3.12/site-packages/airflow/example_dags/example_task_group.py
[2026-06-11T22:13:48.632+0000] {processor.py:840} INFO - DAG(s) 'example_task_group' retrieved from /home/airflow/.local/lib/python3.12/site-packages/airflow/example_dags/example_task_group.py
[2026-06-11T22:13:48.659+0000] {logging_mixin.py:188} INFO - [2026-06-11T22:13:48.658+0000] {dag.py:3096} INFO - Sync 1 DAGs
[2026-06-11T22:13:48.689+0000] {logging_mixin.py:188} INFO - [2026-06-11T22:13:48.687+0000] {dag.py:3954} INFO - Setting next_dagrun for example_task_group to 2026-06-10 00:00:00+00:00, run_after=2026-06-11 00:00:00+00:00
[2026-06-11T22:13:48.712+0000] {processor.py:183} INFO - Processing /home/airflow/.local/lib/python3.12/site-packages/airflow/example_dags/example_task_group.py took 0.099 seconds
[2026-06-11T22:14:19.193+0000] {processor.py:161} INFO - Started process (PID=859) to work on /home/airflow/.local/lib/python3.12/site-packages/airflow/example_dags/example_task_group.py
[2026-06-11T22:14:19.196+0000] {processor.py:830} INFO - Processing file /home/airflow/.local/lib/python3.12/site-packages/airflow/example_dags/example_task_group.py for tasks to queue
[2026-06-11T22:14:19.198+0000] {logging_mixin.py:188} INFO - [2026-06-11T22:14:19.198+0000] {dagbag.py:545} INFO - Filling up the DagBag from /home/airflow/.local/lib/python3.12/site-packages/airflow/example_dags/example_task_group.py
[2026-06-11T22:14:19.208+0000] {processor.py:840} INFO - DAG(s) 'example_task_group' retrieved from /home/airflow/.local/lib/python3.12/site-packages/airflow/example_dags/example_task_group.py
[2026-06-11T22:14:19.238+0000] {logging_mixin.py:188} INFO - [2026-06-11T22:14:19.238+0000] {dag.py:3096} INFO - Sync 1 DAGs
[2026-06-11T22:14:19.265+0000] {logging_mixin.py:188} INFO - [2026-06-11T22:14:19.264+0000] {dag.py:3954} INFO - Setting next_dagrun for example_task_group to 2026-06-10 00:00:00+00:00, run_after=2026-06-11 00:00:00+00:00
[2026-06-11T22:14:19.284+0000] {processor.py:183} INFO - Processing /home/airflow/.local/lib/python3.12/site-packages/airflow/example_dags/example_task_group.py took 0.098 seconds
[2026-06-11T22:14:49.715+0000] {processor.py:161} INFO - Started process (PID=920) to work on /home/airflow/.local/lib/python3.12/site-packages/airflow/example_dags/example_task_group.py
[2026-06-11T22:14:49.718+0000] {processor.py:830} INFO - Processing file /home/airflow/.local/lib/python3.12/site-packages/airflow/example_dags/example_task_group.py for tasks to queue
[2026-06-11T22:14:49.723+0000] {logging_mixin.py:188} INFO - [2026-06-11T22:14:49.722+0000] {dagbag.py:545} INFO - Filling up the DagBag from /home/airflow/.local/lib/python3.12/site-packages/airflow/example_dags/example_task_group.py
[2026-06-11T22:14:49.744+0000] {processor.py:840} INFO - DAG(s) 'example_task_group' retrieved from /home/airflow/.local/lib/python3.12/site-packages/airflow/example_dags/example_task_group.py
[2026-06-11T22:14:49.847+0000] {logging_mixin.py:188} INFO - [2026-06-11T22:14:49.846+0000] {dag.py:3096} INFO - Sync 1 DAGs
[2026-06-11T22:14:49.918+0000] {logging_mixin.py:188} INFO - [2026-06-11T22:14:49.918+0000] {dag.py:3954} INFO - Setting next_dagrun for example_task_group to 2026-06-10 00:00:00+00:00, run_after=2026-06-11 00:00:00+00:00
[2026-06-11T22:14:50.000+0000] {processor.py:183} INFO - Processing /home/airflow/.local/lib/python3.12/site-packages/airflow/example_dags/example_task_group.py took 0.305 seconds
[2026-06-11T22:15:21.172+0000] {processor.py:161} INFO - Started process (PID=981) to work on /home/airflow/.local/lib/python3.12/site-packages/airflow/example_dags/example_task_group.py
[2026-06-11T22:15:21.173+0000] {processor.py:830} INFO - Processing file /home/airflow/.local/lib/python3.12/site-packages/airflow/example_dags/example_task_group.py for tasks to queue
[2026-06-11T22:15:21.175+0000] {logging_mixin.py:188} INFO - [2026-06-11T22:15:21.175+0000] {dagbag.py:545} INFO - Filling up the DagBag from /home/airflow/.local/lib/python3.12/site-packages/airflow/example_dags/example_task_group.py
[2026-06-11T22:15:21.184+0000] {processor.py:840} INFO - DAG(s) 'example_task_group' retrieved from /home/airflow/.local/lib/python3.12/site-packages/airflow/example_dags/example_task_group.py
[2026-06-11T22:15:21.213+0000] {logging_mixin.py:188} INFO - [2026-06-11T22:15:21.212+0000] {dag.py:3096} INFO - Sync 1 DAGs
[2026-06-11T22:15:21.241+0000] {logging_mixin.py:188} INFO - [2026-06-11T22:15:21.240+0000] {dag.py:3954} INFO - Setting next_dagrun for example_task_group to 2026-06-10 00:00:00+00:00, run_after=2026-06-11 00:00:00+00:00
[2026-06-11T22:15:21.260+0000] {processor.py:183} INFO - Processing /home/airflow/.local/lib/python3.12/site-packages/airflow/example_dags/example_task_group.py took 0.095 seconds
[2026-06-11T22:15:51.356+0000] {processor.py:161} INFO - Started process (PID=1041) to work on /home/airflow/.local/lib/python3.12/site-packages/airflow/example_dags/example_task_group.py
[2026-06-11T22:15:51.357+0000] {processor.py:830} INFO - Processing file /home/airflow/.local/lib/python3.12/site-packages/airflow/example_dags/example_task_group.py for tasks to queue
[2026-06-11T22:15:51.359+0000] {logging_mixin.py:188} INFO - [2026-06-11T22:15:51.358+0000] {dagbag.py:545} INFO - Filling up the DagBag from /home/airflow/.local/lib/python3.12/site-packages/airflow/example_dags/example_task_group.py
[2026-06-11T22:15:51.367+0000] {processor.py:840} INFO - DAG(s) 'example_task_group' retrieved from /home/airflow/.local/lib/python3.12/site-packages/airflow/example_dags/example_task_group.py
[2026-06-11T22:15:51.396+0000] {logging_mixin.py:188} INFO - [2026-06-11T22:15:51.396+0000] {dag.py:3096} INFO - Sync 1 DAGs
[2026-06-11T22:15:51.423+0000] {logging_mixin.py:188} INFO - [2026-06-11T22:15:51.423+0000] {dag.py:3954} INFO - Setting next_dagrun for example_task_group to 2026-06-10 00:00:00+00:00, run_after=2026-06-11 00:00:00+00:00
[2026-06-11T22:15:51.443+0000] {processor.py:183} INFO - Processing /home/airflow/.local/lib/python3.12/site-packages/airflow/example_dags/example_task_group.py took 0.094 seconds
[2026-06-11T22:16:22.414+0000] {processor.py:161} INFO - Started process (PID=1102) to work on /home/airflow/.local/lib/python3.12/site-packages/airflow/example_dags/example_task_group.py
[2026-06-11T22:16:22.415+0000] {processor.py:830} INFO - Processing file /home/airflow/.local/lib/python3.12/site-packages/airflow/example_dags/example_task_group.py for tasks to queue
[2026-06-11T22:16:22.417+0000] {logging_mixin.py:188} INFO - [2026-06-11T22:16:22.416+0000] {dagbag.py:545} INFO - Filling up the DagBag from /home/airflow/.local/lib/python3.12/site-packages/airflow/example_dags/example_task_group.py
[2026-06-11T22:16:22.426+0000] {processor.py:840} INFO - DAG(s) 'example_task_group' retrieved from /home/airflow/.local/lib/python3.12/site-packages/airflow/example_dags/example_task_group.py
[2026-06-11T22:16:22.459+0000] {logging_mixin.py:188} INFO - [2026-06-11T22:16:22.459+0000] {dag.py:3096} INFO - Sync 1 DAGs
[2026-06-11T22:16:22.490+0000] {logging_mixin.py:188} INFO - [2026-06-11T22:16:22.489+0000] {dag.py:3954} INFO - Setting next_dagrun for example_task_group to 2026-06-10 00:00:00+00:00, run_after=2026-06-11 00:00:00+00:00
[2026-06-11T22:16:22.509+0000] {processor.py:183} INFO - Processing /home/airflow/.local/lib/python3.12/site-packages/airflow/example_dags/example_task_group.py took 0.103 seconds
[2026-06-11T22:16:53.333+0000] {processor.py:161} INFO - Started process (PID=1163) to work on /home/airflow/.local/lib/python3.12/site-packages/airflow/example_dags/example_task_group.py
[2026-06-11T22:16:53.334+0000] {processor.py:830} INFO - Processing file /home/airflow/.local/lib/python3.12/site-packages/airflow/example_dags/example_task_group.py for tasks to queue
[2026-06-11T22:16:53.336+0000] {logging_mixin.py:188} INFO - [2026-06-11T22:16:53.336+0000] {dagbag.py:545} INFO - Filling up the DagBag from /home/airflow/.local/lib/python3.12/site-packages/airflow/example_dags/example_task_group.py
[2026-06-11T22:16:53.342+0000] {processor.py:840} INFO - DAG(s) 'example_task_group' retrieved from /home/airflow/.local/lib/python3.12/site-packages/airflow/example_dags/example_task_group.py
[2026-06-11T22:16:53.361+0000] {logging_mixin.py:188} INFO - [2026-06-11T22:16:53.361+0000] {dag.py:3096} INFO - Sync 1 DAGs
[2026-06-11T22:16:53.380+0000] {logging_mixin.py:188} INFO - [2026-06-11T22:16:53.380+0000] {dag.py:3954} INFO - Setting next_dagrun for example_task_group to 2026-06-10 00:00:00+00:00, run_after=2026-06-11 00:00:00+00:00
[2026-06-11T22:16:53.399+0000] {processor.py:183} INFO - Processing /home/airflow/.local/lib/python3.12/site-packages/airflow/example_dags/example_task_group.py took 0.073 seconds
[2026-06-11T22:17:23.573+0000] {processor.py:161} INFO - Started process (PID=1224) to work on /home/airflow/.local/lib/python3.12/site-packages/airflow/example_dags/example_task_group.py
[2026-06-11T22:17:23.574+0000] {processor.py:830} INFO - Processing file /home/airflow/.local/lib/python3.12/site-packages/airflow/example_dags/example_task_group.py for tasks to queue
[2026-06-11T22:17:23.575+0000] {logging_mixin.py:188} INFO - [2026-06-11T22:17:23.575+0000] {dagbag.py:545} INFO - Filling up the DagBag from /home/airflow/.local/lib/python3.12/site-packages/airflow/example_dags/example_task_group.py
[2026-06-11T22:17:23.581+0000] {processor.py:840} INFO - DAG(s) 'example_task_group' retrieved from /home/airflow/.local/lib/python3.12/site-packages/airflow/example_dags/example_task_group.py
[2026-06-11T22:17:23.599+0000] {logging_mixin.py:188} INFO - [2026-06-11T22:17:23.599+0000] {dag.py:3096} INFO - Sync 1 DAGs
[2026-06-11T22:17:23.617+0000] {logging_mixin.py:188} INFO - [2026-06-11T22:17:23.617+0000] {dag.py:3954} INFO - Setting next_dagrun for example_task_group to 2026-06-10 00:00:00+00:00, run_after=2026-06-11 00:00:00+00:00
[2026-06-11T22:17:23.632+0000] {processor.py:183} INFO - Processing /home/airflow/.local/lib/python3.12/site-packages/airflow/example_dags/example_task_group.py took 0.064 seconds
[2026-06-11T22:17:53.671+0000] {processor.py:161} INFO - Started process (PID=1285) to work on /home/airflow/.local/lib/python3.12/site-packages/airflow/example_dags/example_task_group.py
[2026-06-11T22:17:53.672+0000] {processor.py:830} INFO - Processing file /home/airflow/.local/lib/python3.12/site-packages/airflow/example_dags/example_task_group.py for tasks to queue
[2026-06-11T22:17:53.674+0000] {logging_mixin.py:188} INFO - [2026-06-11T22:17:53.674+0000] {dagbag.py:545} INFO - Filling up the DagBag from /home/airflow/.local/lib/python3.12/site-packages/airflow/example_dags/example_task_group.py
[2026-06-11T22:17:53.683+0000] {processor.py:840} INFO - DAG(s) 'example_task_group' retrieved from /home/airflow/.local/lib/python3.12/site-packages/airflow/example_dags/example_task_group.py
[2026-06-11T22:17:53.711+0000] {logging_mixin.py:188} INFO - [2026-06-11T22:17:53.710+0000] {dag.py:3096} INFO - Sync 1 DAGs
[2026-06-11T22:17:53.749+0000] {logging_mixin.py:188} INFO - [2026-06-11T22:17:53.749+0000] {dag.py:3954} INFO - Setting next_dagrun for example_task_group to 2026-06-10 00:00:00+00:00, run_after=2026-06-11 00:00:00+00:00
[2026-06-11T22:17:53.781+0000] {processor.py:183} INFO - Processing /home/airflow/.local/lib/python3.12/site-packages/airflow/example_dags/example_task_group.py took 0.118 seconds
[2026-06-11T22:18:25.038+0000] {processor.py:161} INFO - Started process (PID=1347) to work on /home/airflow/.local/lib/python3.12/site-packages/airflow/example_dags/example_task_group.py
[2026-06-11T22:18:25.038+0000] {processor.py:830} INFO - Processing file /home/airflow/.local/lib/python3.12/site-packages/airflow/example_dags/example_task_group.py for tasks to queue
[2026-06-11T22:18:25.040+0000] {logging_mixin.py:188} INFO - [2026-06-11T22:18:25.040+0000] {dagbag.py:545} INFO - Filling up the DagBag from /home/airflow/.local/lib/python3.12/site-packages/airflow/example_dags/example_task_group.py
[2026-06-11T22:18:25.049+0000] {processor.py:840} INFO - DAG(s) 'example_task_group' retrieved from /home/airflow/.local/lib/python3.12/site-packages/airflow/example_dags/example_task_group.py
[2026-06-11T22:18:25.075+0000] {logging_mixin.py:188} INFO - [2026-06-11T22:18:25.075+0000] {dag.py:3096} INFO - Sync 1 DAGs
[2026-06-11T22:18:25.103+0000] {logging_mixin.py:188} INFO - [2026-06-11T22:18:25.102+0000] {dag.py:3954} INFO - Setting next_dagrun for example_task_group to 2026-06-10 00:00:00+00:00, run_after=2026-06-11 00:00:00+00:00
[2026-06-11T22:18:25.126+0000] {processor.py:183} INFO - Processing /home/airflow/.local/lib/python3.12/site-packages/airflow/example_dags/example_task_group.py took 0.096 seconds
[2026-06-11T22:18:55.461+0000] {processor.py:161} INFO - Started process (PID=1409) to work on /home/airflow/.local/lib/python3.12/site-packages/airflow/example_dags/example_task_group.py
[2026-06-11T22:18:55.462+0000] {processor.py:830} INFO - Processing file /home/airflow/.local/lib/python3.12/site-packages/airflow/example_dags/example_task_group.py for tasks to queue
[2026-06-11T22:18:55.464+0000] {logging_mixin.py:188} INFO - [2026-06-11T22:18:55.464+0000] {dagbag.py:545} INFO - Filling up the DagBag from /home/airflow/.local/lib/python3.12/site-packages/airflow/example_dags/example_task_group.py
[2026-06-11T22:18:55.473+0000] {processor.py:840} INFO - DAG(s) 'example_task_group' retrieved from /home/airflow/.local/lib/python3.12/site-packages/airflow/example_dags/example_task_group.py
[2026-06-11T22:18:55.499+0000] {logging_mixin.py:188} INFO - [2026-06-11T22:18:55.499+0000] {dag.py:3096} INFO - Sync 1 DAGs
[2026-06-11T22:18:55.543+0000] {logging_mixin.py:188} INFO - [2026-06-11T22:18:55.543+0000] {dag.py:3954} INFO - Setting next_dagrun for example_task_group to 2026-06-10 00:00:00+00:00, run_after=2026-06-11 00:00:00+00:00
[2026-06-11T22:18:55.570+0000] {processor.py:183} INFO - Processing /home/airflow/.local/lib/python3.12/site-packages/airflow/example_dags/example_task_group.py took 0.116 seconds
[2026-06-11T22:19:26.396+0000] {processor.py:161} INFO - Started process (PID=1470) to work on /home/airflow/.local/lib/python3.12/site-packages/airflow/example_dags/example_task_group.py
[2026-06-11T22:19:26.397+0000] {processor.py:830} INFO - Processing file /home/airflow/.local/lib/python3.12/site-packages/airflow/example_dags/example_task_group.py for tasks to queue
[2026-06-11T22:19:26.399+0000] {logging_mixin.py:188} INFO - [2026-06-11T22:19:26.399+0000] {dagbag.py:545} INFO - Filling up the DagBag from /home/airflow/.local/lib/python3.12/site-packages/airflow/example_dags/example_task_group.py
[2026-06-11T22:19:26.576+0000] {processor.py:840} INFO - DAG(s) 'example_task_group' retrieved from /home/airflow/.local/lib/python3.12/site-packages/airflow/example_dags/example_task_group.py
[2026-06-11T22:19:26.599+0000] {logging_mixin.py:188} INFO - [2026-06-11T22:19:26.599+0000] {dag.py:3096} INFO - Sync 1 DAGs
[2026-06-11T22:19:26.624+0000] {logging_mixin.py:188} INFO - [2026-06-11T22:19:26.624+0000] {dag.py:3954} INFO - Setting next_dagrun for example_task_group to 2026-06-10 00:00:00+00:00, run_after=2026-06-11 00:00:00+00:00
[2026-06-11T22:19:26.643+0000] {processor.py:183} INFO - Processing /home/airflow/.local/lib/python3.12/site-packages/airflow/example_dags/example_task_group.py took 0.254 seconds
[2026-06-11T22:19:57.192+0000] {processor.py:161} INFO - Started process (PID=1529) to work on /home/airflow/.local/lib/python3.12/site-packages/airflow/example_dags/example_task_group.py
[2026-06-11T22:19:57.194+0000] {processor.py:830} INFO - Processing file /home/airflow/.local/lib/python3.12/site-packages/airflow/example_dags/example_task_group.py for tasks to queue
[2026-06-11T22:19:57.198+0000] {logging_mixin.py:188} INFO - [2026-06-11T22:19:57.197+0000] {dagbag.py:545} INFO - Filling up the DagBag from /home/airflow/.local/lib/python3.12/site-packages/airflow/example_dags/example_task_group.py
[2026-06-11T22:19:57.236+0000] {processor.py:840} INFO - DAG(s) 'example_task_group' retrieved from /home/airflow/.local/lib/python3.12/site-packages/airflow/example_dags/example_task_group.py
[2026-06-11T22:19:57.335+0000] {logging_mixin.py:188} INFO - [2026-06-11T22:19:57.335+0000] {dag.py:3096} INFO - Sync 1 DAGs
[2026-06-11T22:19:57.368+0000] {logging_mixin.py:188} INFO - [2026-06-11T22:19:57.368+0000] {dag.py:3954} INFO - Setting next_dagrun for example_task_group to 2026-06-10 00:00:00+00:00, run_after=2026-06-11 00:00:00+00:00
[2026-06-11T22:19:57.406+0000] {processor.py:183} INFO - Processing /home/airflow/.local/lib/python3.12/site-packages/airflow/example_dags/example_task_group.py took 0.239 seconds
[2026-06-11T22:20:27.497+0000] {processor.py:161} INFO - Started process (PID=1589) to work on /home/airflow/.local/lib/python3.12/site-packages/airflow/example_dags/example_task_group.py
[2026-06-11T22:20:27.498+0000] {processor.py:830} INFO - Processing file /home/airflow/.local/lib/python3.12/site-packages/airflow/example_dags/example_task_group.py for tasks to queue
[2026-06-11T22:20:27.500+0000] {logging_mixin.py:188} INFO - [2026-06-11T22:20:27.499+0000] {dagbag.py:545} INFO - Filling up the DagBag from /home/airflow/.local/lib/python3.12/site-packages/airflow/example_dags/example_task_group.py
[2026-06-11T22:20:27.508+0000] {processor.py:840} INFO - DAG(s) 'example_task_group' retrieved from /home/airflow/.local/lib/python3.12/site-packages/airflow/example_dags/example_task_group.py
[2026-06-11T22:20:27.535+0000] {logging_mixin.py:188} INFO - [2026-06-11T22:20:27.535+0000] {dag.py:3096} INFO - Sync 1 DAGs
[2026-06-11T22:20:27.563+0000] {logging_mixin.py:188} INFO - [2026-06-11T22:20:27.563+0000] {dag.py:3954} INFO - Setting next_dagrun for example_task_group to 2026-06-10 00:00:00+00:00, run_after=2026-06-11 00:00:00+00:00
[2026-06-11T22:20:27.581+0000] {processor.py:183} INFO - Processing /home/airflow/.local/lib/python3.12/site-packages/airflow/example_dags/example_task_group.py took 0.091 seconds
[2026-06-11T22:20:58.808+0000] {processor.py:161} INFO - Started process (PID=1650) to work on /home/airflow/.local/lib/python3.12/site-packages/airflow/example_dags/example_task_group.py
[2026-06-11T22:20:58.810+0000] {processor.py:830} INFO - Processing file /home/airflow/.local/lib/python3.12/site-packages/airflow/example_dags/example_task_group.py for tasks to queue
[2026-06-11T22:20:58.814+0000] {logging_mixin.py:188} INFO - [2026-06-11T22:20:58.813+0000] {dagbag.py:545} INFO - Filling up the DagBag from /home/airflow/.local/lib/python3.12/site-packages/airflow/example_dags/example_task_group.py
[2026-06-11T22:20:58.831+0000] {processor.py:840} INFO - DAG(s) 'example_task_group' retrieved from /home/airflow/.local/lib/python3.12/site-packages/airflow/example_dags/example_task_group.py
[2026-06-11T22:20:58.877+0000] {logging_mixin.py:188} INFO - [2026-06-11T22:20:58.876+0000] {dag.py:3096} INFO - Sync 1 DAGs
[2026-06-11T22:20:58.925+0000] {logging_mixin.py:188} INFO - [2026-06-11T22:20:58.925+0000] {dag.py:3954} INFO - Setting next_dagrun for example_task_group to 2026-06-10 00:00:00+00:00, run_after=2026-06-11 00:00:00+00:00
[2026-06-11T22:20:58.964+0000] {processor.py:183} INFO - Processing /home/airflow/.local/lib/python3.12/site-packages/airflow/example_dags/example_task_group.py took 0.178 seconds
[2026-06-11T22:21:29.119+0000] {processor.py:161} INFO - Started process (PID=1711) to work on /home/airflow/.local/lib/python3.12/site-packages/airflow/example_dags/example_task_group.py
[2026-06-11T22:21:29.120+0000] {processor.py:830} INFO - Processing file /home/airflow/.local/lib/python3.12/site-packages/airflow/example_dags/example_task_group.py for tasks to queue
[2026-06-11T22:21:29.122+0000] {logging_mixin.py:188} INFO - [2026-06-11T22:21:29.122+0000] {dagbag.py:545} INFO - Filling up the DagBag from /home/airflow/.local/lib/python3.12/site-packages/airflow/example_dags/example_task_group.py
[2026-06-11T22:21:29.131+0000] {processor.py:840} INFO - DAG(s) 'example_task_group' retrieved from /home/airflow/.local/lib/python3.12/site-packages/airflow/example_dags/example_task_group.py
[2026-06-11T22:21:29.158+0000] {logging_mixin.py:188} INFO - [2026-06-11T22:21:29.157+0000] {dag.py:3096} INFO - Sync 1 DAGs
[2026-06-11T22:21:29.185+0000] {logging_mixin.py:188} INFO - [2026-06-11T22:21:29.185+0000] {dag.py:3954} INFO - Setting next_dagrun for example_task_group to 2026-06-10 00:00:00+00:00, run_after=2026-06-11 00:00:00+00:00
[2026-06-11T22:21:29.205+0000] {processor.py:183} INFO - Processing /home/airflow/.local/lib/python3.12/site-packages/airflow/example_dags/example_task_group.py took 0.093 seconds
[2026-06-11T22:21:59.699+0000] {processor.py:161} INFO - Started process (PID=1771) to work on /home/airflow/.local/lib/python3.12/site-packages/airflow/example_dags/example_task_group.py
[2026-06-11T22:21:59.700+0000] {processor.py:830} INFO - Processing file /home/airflow/.local/lib/python3.12/site-packages/airflow/example_dags/example_task_group.py for tasks to queue
[2026-06-11T22:21:59.702+0000] {logging_mixin.py:188} INFO - [2026-06-11T22:21:59.702+0000] {dagbag.py:545} INFO - Filling up the DagBag from /home/airflow/.local/lib/python3.12/site-packages/airflow/example_dags/example_task_group.py
[2026-06-11T22:21:59.711+0000] {processor.py:840} INFO - DAG(s) 'example_task_group' retrieved from /home/airflow/.local/lib/python3.12/site-packages/airflow/example_dags/example_task_group.py
[2026-06-11T22:21:59.752+0000] {logging_mixin.py:188} INFO - [2026-06-11T22:21:59.752+0000] {dag.py:3096} INFO - Sync 1 DAGs
[2026-06-11T22:21:59.781+0000] {logging_mixin.py:188} INFO - [2026-06-11T22:21:59.781+0000] {dag.py:3954} INFO - Setting next_dagrun for example_task_group to 2026-06-10 00:00:00+00:00, run_after=2026-06-11 00:00:00+00:00
[2026-06-11T22:21:59.803+0000] {processor.py:183} INFO - Processing /home/airflow/.local/lib/python3.12/site-packages/airflow/example_dags/example_task_group.py took 0.112 seconds
[2026-06-11T22:22:30.221+0000] {processor.py:161} INFO - Started process (PID=1832) to work on /home/airflow/.local/lib/python3.12/site-packages/airflow/example_dags/example_task_group.py
[2026-06-11T22:22:30.222+0000] {processor.py:830} INFO - Processing file /home/airflow/.local/lib/python3.12/site-packages/airflow/example_dags/example_task_group.py for tasks to queue
[2026-06-11T22:22:30.224+0000] {logging_mixin.py:188} INFO - [2026-06-11T22:22:30.223+0000] {dagbag.py:545} INFO - Filling up the DagBag from /home/airflow/.local/lib/python3.12/site-packages/airflow/example_dags/example_task_group.py
[2026-06-11T22:22:30.234+0000] {processor.py:840} INFO - DAG(s) 'example_task_group' retrieved from /home/airflow/.local/lib/python3.12/site-packages/airflow/example_dags/example_task_group.py
[2026-06-11T22:22:30.260+0000] {logging_mixin.py:188} INFO - [2026-06-11T22:22:30.260+0000] {dag.py:3096} INFO - Sync 1 DAGs
[2026-06-11T22:22:30.287+0000] {logging_mixin.py:188} INFO - [2026-06-11T22:22:30.287+0000] {dag.py:3954} INFO - Setting next_dagrun for example_task_group to 2026-06-10 00:00:00+00:00, run_after=2026-06-11 00:00:00+00:00
[2026-06-11T22:22:30.308+0000] {processor.py:183} INFO - Processing /home/airflow/.local/lib/python3.12/site-packages/airflow/example_dags/example_task_group.py took 0.094 seconds
[2026-06-11T22:23:00.916+0000] {processor.py:161} INFO - Started process (PID=1893) to work on /home/airflow/.local/lib/python3.12/site-packages/airflow/example_dags/example_task_group.py
[2026-06-11T22:23:00.917+0000] {processor.py:830} INFO - Processing file /home/airflow/.local/lib/python3.12/site-packages/airflow/example_dags/example_task_group.py for tasks to queue
[2026-06-11T22:23:00.919+0000] {logging_mixin.py:188} INFO - [2026-06-11T22:23:00.919+0000] {dagbag.py:545} INFO - Filling up the DagBag from /home/airflow/.local/lib/python3.12/site-packages/airflow/example_dags/example_task_group.py
[2026-06-11T22:23:00.928+0000] {processor.py:840} INFO - DAG(s) 'example_task_group' retrieved from /home/airflow/.local/lib/python3.12/site-packages/airflow/example_dags/example_task_group.py
[2026-06-11T22:23:00.966+0000] {logging_mixin.py:188} INFO - [2026-06-11T22:23:00.965+0000] {dag.py:3096} INFO - Sync 1 DAGs
[2026-06-11T22:23:01.009+0000] {logging_mixin.py:188} INFO - [2026-06-11T22:23:01.008+0000] {dag.py:3954} INFO - Setting next_dagrun for example_task_group to 2026-06-10 00:00:00+00:00, run_after=2026-06-11 00:00:00+00:00
[2026-06-11T22:23:01.036+0000] {processor.py:183} INFO - Processing /home/airflow/.local/lib/python3.12/site-packages/airflow/example_dags/example_task_group.py took 0.127 seconds
[2026-06-11T22:23:31.763+0000] {processor.py:161} INFO - Started process (PID=1954) to work on /home/airflow/.local/lib/python3.12/site-packages/airflow/example_dags/example_task_group.py
[2026-06-11T22:23:31.763+0000] {processor.py:830} INFO - Processing file /home/airflow/.local/lib/python3.12/site-packages/airflow/example_dags/example_task_group.py for tasks to queue
[2026-06-11T22:23:31.765+0000] {logging_mixin.py:188} INFO - [2026-06-11T22:23:31.765+0000] {dagbag.py:545} INFO - Filling up the DagBag from /home/airflow/.local/lib/python3.12/site-packages/airflow/example_dags/example_task_group.py
[2026-06-11T22:23:31.774+0000] {processor.py:840} INFO - DAG(s) 'example_task_group' retrieved from /home/airflow/.local/lib/python3.12/site-packages/airflow/example_dags/example_task_group.py
[2026-06-11T22:23:31.801+0000] {logging_mixin.py:188} INFO - [2026-06-11T22:23:31.801+0000] {dag.py:3096} INFO - Sync 1 DAGs
[2026-06-11T22:23:31.833+0000] {logging_mixin.py:188} INFO - [2026-06-11T22:23:31.832+0000] {dag.py:3954} INFO - Setting next_dagrun for example_task_group to 2026-06-10 00:00:00+00:00, run_after=2026-06-11 00:00:00+00:00
[2026-06-11T22:23:31.866+0000] {processor.py:183} INFO - Processing /home/airflow/.local/lib/python3.12/site-packages/airflow/example_dags/example_task_group.py took 0.110 seconds
[2026-06-11T22:24:02.345+0000] {processor.py:161} INFO - Started process (PID=2015) to work on /home/airflow/.local/lib/python3.12/site-packages/airflow/example_dags/example_task_group.py
[2026-06-11T22:24:02.345+0000] {processor.py:830} INFO - Processing file /home/airflow/.local/lib/python3.12/site-packages/airflow/example_dags/example_task_group.py for tasks to queue
[2026-06-11T22:24:02.348+0000] {logging_mixin.py:188} INFO - [2026-06-11T22:24:02.347+0000] {dagbag.py:545} INFO - Filling up the DagBag from /home/airflow/.local/lib/python3.12/site-packages/airflow/example_dags/example_task_group.py
[2026-06-11T22:24:02.356+0000] {processor.py:840} INFO - DAG(s) 'example_task_group' retrieved from /home/airflow/.local/lib/python3.12/site-packages/airflow/example_dags/example_task_group.py
[2026-06-11T22:24:02.382+0000] {logging_mixin.py:188} INFO - [2026-06-11T22:24:02.382+0000] {dag.py:3096} INFO - Sync 1 DAGs
[2026-06-11T22:24:02.400+0000] {logging_mixin.py:188} INFO - [2026-06-11T22:24:02.400+0000] {dag.py:3954} INFO - Setting next_dagrun for example_task_group to 2026-06-10 00:00:00+00:00, run_after=2026-06-11 00:00:00+00:00
[2026-06-11T22:24:02.415+0000] {processor.py:183} INFO - Processing /home/airflow/.local/lib/python3.12/site-packages/airflow/example_dags/example_task_group.py took 0.078 seconds
[2026-06-11T22:24:32.640+0000] {processor.py:161} INFO - Started process (PID=2075) to work on /home/airflow/.local/lib/python3.12/site-packages/airflow/example_dags/example_task_group.py
[2026-06-11T22:24:32.641+0000] {processor.py:830} INFO - Processing file /home/airflow/.local/lib/python3.12/site-packages/airflow/example_dags/example_task_group.py for tasks to queue
[2026-06-11T22:24:32.642+0000] {logging_mixin.py:188} INFO - [2026-06-11T22:24:32.642+0000] {dagbag.py:545} INFO - Filling up the DagBag from /home/airflow/.local/lib/python3.12/site-packages/airflow/example_dags/example_task_group.py
[2026-06-11T22:24:32.648+0000] {processor.py:840} INFO - DAG(s) 'example_task_group' retrieved from /home/airflow/.local/lib/python3.12/site-packages/airflow/example_dags/example_task_group.py
[2026-06-11T22:24:32.668+0000] {logging_mixin.py:188} INFO - [2026-06-11T22:24:32.668+0000] {dag.py:3096} INFO - Sync 1 DAGs
[2026-06-11T22:24:32.686+0000] {logging_mixin.py:188} INFO - [2026-06-11T22:24:32.686+0000] {dag.py:3954} INFO - Setting next_dagrun for example_task_group to 2026-06-10 00:00:00+00:00, run_after=2026-06-11 00:00:00+00:00
[2026-06-11T22:24:32.702+0000] {processor.py:183} INFO - Processing /home/airflow/.local/lib/python3.12/site-packages/airflow/example_dags/example_task_group.py took 0.068 seconds
[2026-06-11T22:25:02.806+0000] {processor.py:161} INFO - Started process (PID=2136) to work on /home/airflow/.local/lib/python3.12/site-packages/airflow/example_dags/example_task_group.py
[2026-06-11T22:25:02.807+0000] {processor.py:830} INFO - Processing file /home/airflow/.local/lib/python3.12/site-packages/airflow/example_dags/example_task_group.py for tasks to queue
[2026-06-11T22:25:02.809+0000] {logging_mixin.py:188} INFO - [2026-06-11T22:25:02.808+0000] {dagbag.py:545} INFO - Filling up the DagBag from /home/airflow/.local/lib/python3.12/site-packages/airflow/example_dags/example_task_group.py
[2026-06-11T22:25:02.819+0000] {processor.py:840} INFO - DAG(s) 'example_task_group' retrieved from /home/airflow/.local/lib/python3.12/site-packages/airflow/example_dags/example_task_group.py
[2026-06-11T22:25:02.851+0000] {logging_mixin.py:188} INFO - [2026-06-11T22:25:02.851+0000] {dag.py:3096} INFO - Sync 1 DAGs
[2026-06-11T22:25:02.898+0000] {logging_mixin.py:188} INFO - [2026-06-11T22:25:02.898+0000] {dag.py:3954} INFO - Setting next_dagrun for example_task_group to 2026-06-10 00:00:00+00:00, run_after=2026-06-11 00:00:00+00:00
[2026-06-11T22:25:02.939+0000] {processor.py:183} INFO - Processing /home/airflow/.local/lib/python3.12/site-packages/airflow/example_dags/example_task_group.py took 0.139 seconds
[2026-06-11T22:25:33.440+0000] {processor.py:161} INFO - Started process (PID=2197) to work on /home/airflow/.local/lib/python3.12/site-packages/airflow/example_dags/example_task_group.py
[2026-06-11T22:25:33.443+0000] {processor.py:830} INFO - Processing file /home/airflow/.local/lib/python3.12/site-packages/airflow/example_dags/example_task_group.py for tasks to queue
[2026-06-11T22:25:33.448+0000] {logging_mixin.py:188} INFO - [2026-06-11T22:25:33.447+0000] {dagbag.py:545} INFO - Filling up the DagBag from /home/airflow/.local/lib/python3.12/site-packages/airflow/example_dags/example_task_group.py
[2026-06-11T22:25:33.466+0000] {processor.py:840} INFO - DAG(s) 'example_task_group' retrieved from /home/airflow/.local/lib/python3.12/site-packages/airflow/example_dags/example_task_group.py
[2026-06-11T22:25:33.519+0000] {logging_mixin.py:188} INFO - [2026-06-11T22:25:33.518+0000] {dag.py:3096} INFO - Sync 1 DAGs
[2026-06-11T22:25:33.577+0000] {logging_mixin.py:188} INFO - [2026-06-11T22:25:33.577+0000] {dag.py:3954} INFO - Setting next_dagrun for example_task_group to 2026-06-10 00:00:00+00:00, run_after=2026-06-11 00:00:00+00:00
[2026-06-11T22:25:33.608+0000] {processor.py:183} INFO - Processing /home/airflow/.local/lib/python3.12/site-packages/airflow/example_dags/example_task_group.py took 0.191 seconds
[2026-06-11T22:26:04.455+0000] {processor.py:161} INFO - Started process (PID=2258) to work on /home/airflow/.local/lib/python3.12/site-packages/airflow/example_dags/example_task_group.py
[2026-06-11T22:26:04.456+0000] {processor.py:830} INFO - Processing file /home/airflow/.local/lib/python3.12/site-packages/airflow/example_dags/example_task_group.py for tasks to queue
[2026-06-11T22:26:04.458+0000] {logging_mixin.py:188} INFO - [2026-06-11T22:26:04.458+0000] {dagbag.py:545} INFO - Filling up the DagBag from /home/airflow/.local/lib/python3.12/site-packages/airflow/example_dags/example_task_group.py
[2026-06-11T22:26:04.466+0000] {processor.py:840} INFO - DAG(s) 'example_task_group' retrieved from /home/airflow/.local/lib/python3.12/site-packages/airflow/example_dags/example_task_group.py
[2026-06-11T22:26:04.488+0000] {logging_mixin.py:188} INFO - [2026-06-11T22:26:04.488+0000] {dag.py:3096} INFO - Sync 1 DAGs
[2026-06-11T22:26:04.515+0000] {logging_mixin.py:188} INFO - [2026-06-11T22:26:04.514+0000] {dag.py:3954} INFO - Setting next_dagrun for example_task_group to 2026-06-10 00:00:00+00:00, run_after=2026-06-11 00:00:00+00:00
[2026-06-11T22:26:04.538+0000] {processor.py:183} INFO - Processing /home/airflow/.local/lib/python3.12/site-packages/airflow/example_dags/example_task_group.py took 0.091 seconds
[2026-06-11T22:26:35.437+0000] {processor.py:161} INFO - Started process (PID=2319) to work on /home/airflow/.local/lib/python3.12/site-packages/airflow/example_dags/example_task_group.py
[2026-06-11T22:26:35.438+0000] {processor.py:830} INFO - Processing file /home/airflow/.local/lib/python3.12/site-packages/airflow/example_dags/example_task_group.py for tasks to queue
[2026-06-11T22:26:35.442+0000] {logging_mixin.py:188} INFO - [2026-06-11T22:26:35.442+0000] {dagbag.py:545} INFO - Filling up the DagBag from /home/airflow/.local/lib/python3.12/site-packages/airflow/example_dags/example_task_group.py
[2026-06-11T22:26:35.452+0000] {processor.py:840} INFO - DAG(s) 'example_task_group' retrieved from /home/airflow/.local/lib/python3.12/site-packages/airflow/example_dags/example_task_group.py
[2026-06-11T22:26:35.485+0000] {logging_mixin.py:188} INFO - [2026-06-11T22:26:35.484+0000] {dag.py:3096} INFO - Sync 1 DAGs
[2026-06-11T22:26:35.520+0000] {logging_mixin.py:188} INFO - [2026-06-11T22:26:35.520+0000] {dag.py:3954} INFO - Setting next_dagrun for example_task_group to 2026-06-10 00:00:00+00:00, run_after=2026-06-11 00:00:00+00:00
[2026-06-11T22:26:35.546+0000] {processor.py:183} INFO - Processing /home/airflow/.local/lib/python3.12/site-packages/airflow/example_dags/example_task_group.py took 0.121 seconds
[2026-06-11T22:27:06.005+0000] {processor.py:161} INFO - Started process (PID=2379) to work on /home/airflow/.local/lib/python3.12/site-packages/airflow/example_dags/example_task_group.py
[2026-06-11T22:27:06.006+0000] {processor.py:830} INFO - Processing file /home/airflow/.local/lib/python3.12/site-packages/airflow/example_dags/example_task_group.py for tasks to queue
[2026-06-11T22:27:06.009+0000] {logging_mixin.py:188} INFO - [2026-06-11T22:27:06.009+0000] {dagbag.py:545} INFO - Filling up the DagBag from /home/airflow/.local/lib/python3.12/site-packages/airflow/example_dags/example_task_group.py
[2026-06-11T22:27:06.023+0000] {processor.py:840} INFO - DAG(s) 'example_task_group' retrieved from /home/airflow/.local/lib/python3.12/site-packages/airflow/example_dags/example_task_group.py
[2026-06-11T22:27:06.057+0000] {logging_mixin.py:188} INFO - [2026-06-11T22:27:06.056+0000] {dag.py:3096} INFO - Sync 1 DAGs
[2026-06-11T22:27:06.096+0000] {logging_mixin.py:188} INFO - [2026-06-11T22:27:06.095+0000] {dag.py:3954} INFO - Setting next_dagrun for example_task_group to 2026-06-10 00:00:00+00:00, run_after=2026-06-11 00:00:00+00:00
[2026-06-11T22:27:06.122+0000] {processor.py:183} INFO - Processing /home/airflow/.local/lib/python3.12/site-packages/airflow/example_dags/example_task_group.py took 0.124 seconds
[2026-06-11T22:27:36.996+0000] {processor.py:161} INFO - Started process (PID=2440) to work on /home/airflow/.local/lib/python3.12/site-packages/airflow/example_dags/example_task_group.py
[2026-06-11T22:27:36.996+0000] {processor.py:830} INFO - Processing file /home/airflow/.local/lib/python3.12/site-packages/airflow/example_dags/example_task_group.py for tasks to queue
[2026-06-11T22:27:36.998+0000] {logging_mixin.py:188} INFO - [2026-06-11T22:27:36.998+0000] {dagbag.py:545} INFO - Filling up the DagBag from /home/airflow/.local/lib/python3.12/site-packages/airflow/example_dags/example_task_group.py
[2026-06-11T22:27:37.006+0000] {processor.py:840} INFO - DAG(s) 'example_task_group' retrieved from /home/airflow/.local/lib/python3.12/site-packages/airflow/example_dags/example_task_group.py
[2026-06-11T22:27:37.034+0000] {logging_mixin.py:188} INFO - [2026-06-11T22:27:37.033+0000] {dag.py:3096} INFO - Sync 1 DAGs
[2026-06-11T22:27:37.060+0000] {logging_mixin.py:188} INFO - [2026-06-11T22:27:37.059+0000] {dag.py:3954} INFO - Setting next_dagrun for example_task_group to 2026-06-10 00:00:00+00:00, run_after=2026-06-11 00:00:00+00:00
[2026-06-11T22:27:37.078+0000] {processor.py:183} INFO - Processing /home/airflow/.local/lib/python3.12/site-packages/airflow/example_dags/example_task_group.py took 0.090 seconds
[2026-06-11T22:28:07.791+0000] {processor.py:161} INFO - Started process (PID=2501) to work on /home/airflow/.local/lib/python3.12/site-packages/airflow/example_dags/example_task_group.py
[2026-06-11T22:28:07.793+0000] {processor.py:830} INFO - Processing file /home/airflow/.local/lib/python3.12/site-packages/airflow/example_dags/example_task_group.py for tasks to queue
[2026-06-11T22:28:07.797+0000] {logging_mixin.py:188} INFO - [2026-06-11T22:28:07.796+0000] {dagbag.py:545} INFO - Filling up the DagBag from /home/airflow/.local/lib/python3.12/site-packages/airflow/example_dags/example_task_group.py
[2026-06-11T22:28:07.807+0000] {processor.py:840} INFO - DAG(s) 'example_task_group' retrieved from /home/airflow/.local/lib/python3.12/site-packages/airflow/example_dags/example_task_group.py
[2026-06-11T22:28:07.860+0000] {logging_mixin.py:188} INFO - [2026-06-11T22:28:07.860+0000] {dag.py:3096} INFO - Sync 1 DAGs
[2026-06-11T22:28:07.910+0000] {logging_mixin.py:188} INFO - [2026-06-11T22:28:07.910+0000] {dag.py:3954} INFO - Setting next_dagrun for example_task_group to 2026-06-10 00:00:00+00:00, run_after=2026-06-11 00:00:00+00:00
[2026-06-11T22:28:07.934+0000] {processor.py:183} INFO - Processing /home/airflow/.local/lib/python3.12/site-packages/airflow/example_dags/example_task_group.py took 0.150 seconds
[2026-06-11T22:28:38.847+0000] {processor.py:161} INFO - Started process (PID=2561) to work on /home/airflow/.local/lib/python3.12/site-packages/airflow/example_dags/example_task_group.py
[2026-06-11T22:28:38.847+0000] {processor.py:830} INFO - Processing file /home/airflow/.local/lib/python3.12/site-packages/airflow/example_dags/example_task_group.py for tasks to queue
[2026-06-11T22:28:38.849+0000] {logging_mixin.py:188} INFO - [2026-06-11T22:28:38.849+0000] {dagbag.py:545} INFO - Filling up the DagBag from /home/airflow/.local/lib/python3.12/site-packages/airflow/example_dags/example_task_group.py
[2026-06-11T22:28:38.855+0000] {processor.py:840} INFO - DAG(s) 'example_task_group' retrieved from /home/airflow/.local/lib/python3.12/site-packages/airflow/example_dags/example_task_group.py
[2026-06-11T22:28:38.873+0000] {logging_mixin.py:188} INFO - [2026-06-11T22:28:38.873+0000] {dag.py:3096} INFO - Sync 1 DAGs
[2026-06-11T22:28:38.891+0000] {logging_mixin.py:188} INFO - [2026-06-11T22:28:38.891+0000] {dag.py:3954} INFO - Setting next_dagrun for example_task_group to 2026-06-10 00:00:00+00:00, run_after=2026-06-11 00:00:00+00:00
[2026-06-11T22:28:38.906+0000] {processor.py:183} INFO - Processing /home/airflow/.local/lib/python3.12/site-packages/airflow/example_dags/example_task_group.py took 0.067 seconds
[2026-06-11T22:29:09.456+0000] {processor.py:161} INFO - Started process (PID=2628) to work on /home/airflow/.local/lib/python3.12/site-packages/airflow/example_dags/example_task_group.py
[2026-06-11T22:29:09.457+0000] {processor.py:830} INFO - Processing file /home/airflow/.local/lib/python3.12/site-packages/airflow/example_dags/example_task_group.py for tasks to queue
[2026-06-11T22:29:09.459+0000] {logging_mixin.py:188} INFO - [2026-06-11T22:29:09.459+0000] {dagbag.py:545} INFO - Filling up the DagBag from /home/airflow/.local/lib/python3.12/site-packages/airflow/example_dags/example_task_group.py
[2026-06-11T22:29:09.468+0000] {processor.py:840} INFO - DAG(s) 'example_task_group' retrieved from /home/airflow/.local/lib/python3.12/site-packages/airflow/example_dags/example_task_group.py
[2026-06-11T22:29:09.503+0000] {logging_mixin.py:188} INFO - [2026-06-11T22:29:09.503+0000] {dag.py:3096} INFO - Sync 1 DAGs
[2026-06-11T22:29:09.530+0000] {logging_mixin.py:188} INFO - [2026-06-11T22:29:09.530+0000] {dag.py:3954} INFO - Setting next_dagrun for example_task_group to 2026-06-10 00:00:00+00:00, run_after=2026-06-11 00:00:00+00:00
[2026-06-11T22:29:09.545+0000] {processor.py:183} INFO - Processing /home/airflow/.local/lib/python3.12/site-packages/airflow/example_dags/example_task_group.py took 0.098 seconds
[2026-06-11T22:29:40.198+0000] {processor.py:161} INFO - Started process (PID=2689) to work on /home/airflow/.local/lib/python3.12/site-packages/airflow/example_dags/example_task_group.py
[2026-06-11T22:29:40.199+0000] {processor.py:830} INFO - Processing file /home/airflow/.local/lib/python3.12/site-packages/airflow/example_dags/example_task_group.py for tasks to queue
[2026-06-11T22:29:40.201+0000] {logging_mixin.py:188} INFO - [2026-06-11T22:29:40.200+0000] {dagbag.py:545} INFO - Filling up the DagBag from /home/airflow/.local/lib/python3.12/site-packages/airflow/example_dags/example_task_group.py
[2026-06-11T22:29:40.209+0000] {processor.py:840} INFO - DAG(s) 'example_task_group' retrieved from /home/airflow/.local/lib/python3.12/site-packages/airflow/example_dags/example_task_group.py
[2026-06-11T22:29:40.228+0000] {logging_mixin.py:188} INFO - [2026-06-11T22:29:40.228+0000] {dag.py:3096} INFO - Sync 1 DAGs
[2026-06-11T22:29:40.247+0000] {logging_mixin.py:188} INFO - [2026-06-11T22:29:40.247+0000] {dag.py:3954} INFO - Setting next_dagrun for example_task_group to 2026-06-10 00:00:00+00:00, run_after=2026-06-11 00:00:00+00:00
[2026-06-11T22:29:40.262+0000] {processor.py:183} INFO - Processing /home/airflow/.local/lib/python3.12/site-packages/airflow/example_dags/example_task_group.py took 0.072 seconds
[2026-06-11T22:30:11.089+0000] {processor.py:161} INFO - Started process (PID=2750) to work on /home/airflow/.local/lib/python3.12/site-packages/airflow/example_dags/example_task_group.py
[2026-06-11T22:30:11.090+0000] {processor.py:830} INFO - Processing file /home/airflow/.local/lib/python3.12/site-packages/airflow/example_dags/example_task_group.py for tasks to queue
[2026-06-11T22:30:11.092+0000] {logging_mixin.py:188} INFO - [2026-06-11T22:30:11.091+0000] {dagbag.py:545} INFO - Filling up the DagBag from /home/airflow/.local/lib/python3.12/site-packages/airflow/example_dags/example_task_group.py
[2026-06-11T22:30:11.100+0000] {processor.py:840} INFO - DAG(s) 'example_task_group' retrieved from /home/airflow/.local/lib/python3.12/site-packages/airflow/example_dags/example_task_group.py
[2026-06-11T22:30:11.119+0000] {logging_mixin.py:188} INFO - [2026-06-11T22:30:11.118+0000] {dag.py:3096} INFO - Sync 1 DAGs
[2026-06-11T22:30:11.138+0000] {logging_mixin.py:188} INFO - [2026-06-11T22:30:11.137+0000] {dag.py:3954} INFO - Setting next_dagrun for example_task_group to 2026-06-10 00:00:00+00:00, run_after=2026-06-11 00:00:00+00:00
[2026-06-11T22:30:11.152+0000] {processor.py:183} INFO - Processing /home/airflow/.local/lib/python3.12/site-packages/airflow/example_dags/example_task_group.py took 0.070 seconds
[2026-06-11T22:30:42.083+0000] {processor.py:161} INFO - Started process (PID=2811) to work on /home/airflow/.local/lib/python3.12/site-packages/airflow/example_dags/example_task_group.py
[2026-06-11T22:30:42.083+0000] {processor.py:830} INFO - Processing file /home/airflow/.local/lib/python3.12/site-packages/airflow/example_dags/example_task_group.py for tasks to queue
[2026-06-11T22:30:42.085+0000] {logging_mixin.py:188} INFO - [2026-06-11T22:30:42.084+0000] {dagbag.py:545} INFO - Filling up the DagBag from /home/airflow/.local/lib/python3.12/site-packages/airflow/example_dags/example_task_group.py
[2026-06-11T22:30:42.090+0000] {processor.py:840} INFO - DAG(s) 'example_task_group' retrieved from /home/airflow/.local/lib/python3.12/site-packages/airflow/example_dags/example_task_group.py
[2026-06-11T22:30:42.115+0000] {logging_mixin.py:188} INFO - [2026-06-11T22:30:42.115+0000] {dag.py:3096} INFO - Sync 1 DAGs
[2026-06-11T22:30:42.136+0000] {logging_mixin.py:188} INFO - [2026-06-11T22:30:42.136+0000] {dag.py:3954} INFO - Setting next_dagrun for example_task_group to 2026-06-10 00:00:00+00:00, run_after=2026-06-11 00:00:00+00:00
[2026-06-11T22:30:42.152+0000] {processor.py:183} INFO - Processing /home/airflow/.local/lib/python3.12/site-packages/airflow/example_dags/example_task_group.py took 0.076 seconds
[2026-06-11T22:31:12.752+0000] {processor.py:161} INFO - Started process (PID=2872) to work on /home/airflow/.local/lib/python3.12/site-packages/airflow/example_dags/example_task_group.py
[2026-06-11T22:31:12.753+0000] {processor.py:830} INFO - Processing file /home/airflow/.local/lib/python3.12/site-packages/airflow/example_dags/example_task_group.py for tasks to queue
[2026-06-11T22:31:12.755+0000] {logging_mixin.py:188} INFO - [2026-06-11T22:31:12.754+0000] {dagbag.py:545} INFO - Filling up the DagBag from /home/airflow/.local/lib/python3.12/site-packages/airflow/example_dags/example_task_group.py
[2026-06-11T22:31:12.763+0000] {processor.py:840} INFO - DAG(s) 'example_task_group' retrieved from /home/airflow/.local/lib/python3.12/site-packages/airflow/example_dags/example_task_group.py
[2026-06-11T22:31:12.781+0000] {logging_mixin.py:188} INFO - [2026-06-11T22:31:12.780+0000] {dag.py:3096} INFO - Sync 1 DAGs
[2026-06-11T22:31:12.799+0000] {logging_mixin.py:188} INFO - [2026-06-11T22:31:12.799+0000] {dag.py:3954} INFO - Setting next_dagrun for example_task_group to 2026-06-10 00:00:00+00:00, run_after=2026-06-11 00:00:00+00:00
[2026-06-11T22:31:12.814+0000] {processor.py:183} INFO - Processing /home/airflow/.local/lib/python3.12/site-packages/airflow/example_dags/example_task_group.py took 0.069 seconds
[2026-06-11T22:31:43.643+0000] {processor.py:161} INFO - Started process (PID=2933) to work on /home/airflow/.local/lib/python3.12/site-packages/airflow/example_dags/example_task_group.py
[2026-06-11T22:31:43.644+0000] {processor.py:830} INFO - Processing file /home/airflow/.local/lib/python3.12/site-packages/airflow/example_dags/example_task_group.py for tasks to queue
[2026-06-11T22:31:43.646+0000] {logging_mixin.py:188} INFO - [2026-06-11T22:31:43.645+0000] {dagbag.py:545} INFO - Filling up the DagBag from /home/airflow/.local/lib/python3.12/site-packages/airflow/example_dags/example_task_group.py
[2026-06-11T22:31:43.651+0000] {processor.py:840} INFO - DAG(s) 'example_task_group' retrieved from /home/airflow/.local/lib/python3.12/site-packages/airflow/example_dags/example_task_group.py
[2026-06-11T22:31:43.669+0000] {logging_mixin.py:188} INFO - [2026-06-11T22:31:43.669+0000] {dag.py:3096} INFO - Sync 1 DAGs
[2026-06-11T22:31:43.688+0000] {logging_mixin.py:188} INFO - [2026-06-11T22:31:43.688+0000] {dag.py:3954} INFO - Setting next_dagrun for example_task_group to 2026-06-10 00:00:00+00:00, run_after=2026-06-11 00:00:00+00:00
[2026-06-11T22:31:43.703+0000] {processor.py:183} INFO - Processing /home/airflow/.local/lib/python3.12/site-packages/airflow/example_dags/example_task_group.py took 0.067 seconds
[2026-06-11T22:32:14.538+0000] {processor.py:161} INFO - Started process (PID=2994) to work on /home/airflow/.local/lib/python3.12/site-packages/airflow/example_dags/example_task_group.py
[2026-06-11T22:32:14.539+0000] {processor.py:830} INFO - Processing file /home/airflow/.local/lib/python3.12/site-packages/airflow/example_dags/example_task_group.py for tasks to queue
[2026-06-11T22:32:14.540+0000] {logging_mixin.py:188} INFO - [2026-06-11T22:32:14.540+0000] {dagbag.py:545} INFO - Filling up the DagBag from /home/airflow/.local/lib/python3.12/site-packages/airflow/example_dags/example_task_group.py
[2026-06-11T22:32:14.546+0000] {processor.py:840} INFO - DAG(s) 'example_task_group' retrieved from /home/airflow/.local/lib/python3.12/site-packages/airflow/example_dags/example_task_group.py
[2026-06-11T22:32:14.564+0000] {logging_mixin.py:188} INFO - [2026-06-11T22:32:14.564+0000] {dag.py:3096} INFO - Sync 1 DAGs
[2026-06-11T22:32:14.582+0000] {logging_mixin.py:188} INFO - [2026-06-11T22:32:14.582+0000] {dag.py:3954} INFO - Setting next_dagrun for example_task_group to 2026-06-10 00:00:00+00:00, run_after=2026-06-11 00:00:00+00:00
[2026-06-11T22:32:14.598+0000] {processor.py:183} INFO - Processing /home/airflow/.local/lib/python3.12/site-packages/airflow/example_dags/example_task_group.py took 0.066 seconds
[2026-06-11T22:32:45.485+0000] {processor.py:161} INFO - Started process (PID=3055) to work on /home/airflow/.local/lib/python3.12/site-packages/airflow/example_dags/example_task_group.py
[2026-06-11T22:32:45.485+0000] {processor.py:830} INFO - Processing file /home/airflow/.local/lib/python3.12/site-packages/airflow/example_dags/example_task_group.py for tasks to queue
[2026-06-11T22:32:45.487+0000] {logging_mixin.py:188} INFO - [2026-06-11T22:32:45.487+0000] {dagbag.py:545} INFO - Filling up the DagBag from /home/airflow/.local/lib/python3.12/site-packages/airflow/example_dags/example_task_group.py
[2026-06-11T22:32:45.493+0000] {processor.py:840} INFO - DAG(s) 'example_task_group' retrieved from /home/airflow/.local/lib/python3.12/site-packages/airflow/example_dags/example_task_group.py
[2026-06-11T22:32:45.511+0000] {logging_mixin.py:188} INFO - [2026-06-11T22:32:45.511+0000] {dag.py:3096} INFO - Sync 1 DAGs
[2026-06-11T22:32:45.531+0000] {logging_mixin.py:188} INFO - [2026-06-11T22:32:45.531+0000] {dag.py:3954} INFO - Setting next_dagrun for example_task_group to 2026-06-10 00:00:00+00:00, run_after=2026-06-11 00:00:00+00:00
[2026-06-11T22:32:45.558+0000] {processor.py:183} INFO - Processing /home/airflow/.local/lib/python3.12/site-packages/airflow/example_dags/example_task_group.py took 0.078 seconds
[2026-06-11T22:33:16.105+0000] {processor.py:161} INFO - Started process (PID=3116) to work on /home/airflow/.local/lib/python3.12/site-packages/airflow/example_dags/example_task_group.py
[2026-06-11T22:33:16.109+0000] {processor.py:830} INFO - Processing file /home/airflow/.local/lib/python3.12/site-packages/airflow/example_dags/example_task_group.py for tasks to queue
[2026-06-11T22:33:16.122+0000] {logging_mixin.py:188} INFO - [2026-06-11T22:33:16.119+0000] {dagbag.py:545} INFO - Filling up the DagBag from /home/airflow/.local/lib/python3.12/site-packages/airflow/example_dags/example_task_group.py
[2026-06-11T22:33:16.146+0000] {processor.py:840} INFO - DAG(s) 'example_task_group' retrieved from /home/airflow/.local/lib/python3.12/site-packages/airflow/example_dags/example_task_group.py
[2026-06-11T22:33:16.224+0000] {logging_mixin.py:188} INFO - [2026-06-11T22:33:16.223+0000] {dag.py:3096} INFO - Sync 1 DAGs
[2026-06-11T22:33:16.255+0000] {logging_mixin.py:188} INFO - [2026-06-11T22:33:16.254+0000] {dag.py:3954} INFO - Setting next_dagrun for example_task_group to 2026-06-10 00:00:00+00:00, run_after=2026-06-11 00:00:00+00:00
[2026-06-11T22:33:16.276+0000] {processor.py:183} INFO - Processing /home/airflow/.local/lib/python3.12/site-packages/airflow/example_dags/example_task_group.py took 0.192 seconds
[2026-06-11T22:33:47.113+0000] {processor.py:161} INFO - Started process (PID=3177) to work on /home/airflow/.local/lib/python3.12/site-packages/airflow/example_dags/example_task_group.py
[2026-06-11T22:33:47.114+0000] {processor.py:830} INFO - Processing file /home/airflow/.local/lib/python3.12/site-packages/airflow/example_dags/example_task_group.py for tasks to queue
[2026-06-11T22:33:47.116+0000] {logging_mixin.py:188} INFO - [2026-06-11T22:33:47.115+0000] {dagbag.py:545} INFO - Filling up the DagBag from /home/airflow/.local/lib/python3.12/site-packages/airflow/example_dags/example_task_group.py
[2026-06-11T22:33:47.122+0000] {processor.py:840} INFO - DAG(s) 'example_task_group' retrieved from /home/airflow/.local/lib/python3.12/site-packages/airflow/example_dags/example_task_group.py
[2026-06-11T22:33:47.143+0000] {logging_mixin.py:188} INFO - [2026-06-11T22:33:47.143+0000] {dag.py:3096} INFO - Sync 1 DAGs
[2026-06-11T22:33:47.165+0000] {logging_mixin.py:188} INFO - [2026-06-11T22:33:47.165+0000] {dag.py:3954} INFO - Setting next_dagrun for example_task_group to 2026-06-10 00:00:00+00:00, run_after=2026-06-11 00:00:00+00:00
[2026-06-11T22:33:47.179+0000] {processor.py:183} INFO - Processing /home/airflow/.local/lib/python3.12/site-packages/airflow/example_dags/example_task_group.py took 0.073 seconds
[2026-06-11T22:34:17.809+0000] {processor.py:161} INFO - Started process (PID=3238) to work on /home/airflow/.local/lib/python3.12/site-packages/airflow/example_dags/example_task_group.py
[2026-06-11T22:34:17.810+0000] {processor.py:830} INFO - Processing file /home/airflow/.local/lib/python3.12/site-packages/airflow/example_dags/example_task_group.py for tasks to queue
[2026-06-11T22:34:17.812+0000] {logging_mixin.py:188} INFO - [2026-06-11T22:34:17.812+0000] {dagbag.py:545} INFO - Filling up the DagBag from /home/airflow/.local/lib/python3.12/site-packages/airflow/example_dags/example_task_group.py
[2026-06-11T22:34:17.821+0000] {processor.py:840} INFO - DAG(s) 'example_task_group' retrieved from /home/airflow/.local/lib/python3.12/site-packages/airflow/example_dags/example_task_group.py
[2026-06-11T22:34:17.838+0000] {logging_mixin.py:188} INFO - [2026-06-11T22:34:17.838+0000] {dag.py:3096} INFO - Sync 1 DAGs
[2026-06-11T22:34:17.857+0000] {logging_mixin.py:188} INFO - [2026-06-11T22:34:17.857+0000] {dag.py:3954} INFO - Setting next_dagrun for example_task_group to 2026-06-10 00:00:00+00:00, run_after=2026-06-11 00:00:00+00:00
[2026-06-11T22:34:17.871+0000] {processor.py:183} INFO - Processing /home/airflow/.local/lib/python3.12/site-packages/airflow/example_dags/example_task_group.py took 0.069 seconds
[2026-06-11T22:34:48.202+0000] {processor.py:161} INFO - Started process (PID=3301) to work on /home/airflow/.local/lib/python3.12/site-packages/airflow/example_dags/example_task_group.py
[2026-06-11T22:34:48.204+0000] {processor.py:830} INFO - Processing file /home/airflow/.local/lib/python3.12/site-packages/airflow/example_dags/example_task_group.py for tasks to queue
[2026-06-11T22:34:48.209+0000] {logging_mixin.py:188} INFO - [2026-06-11T22:34:48.209+0000] {dagbag.py:545} INFO - Filling up the DagBag from /home/airflow/.local/lib/python3.12/site-packages/airflow/example_dags/example_task_group.py
[2026-06-11T22:34:48.221+0000] {processor.py:840} INFO - DAG(s) 'example_task_group' retrieved from /home/airflow/.local/lib/python3.12/site-packages/airflow/example_dags/example_task_group.py
[2026-06-11T22:34:48.324+0000] {logging_mixin.py:188} INFO - [2026-06-11T22:34:48.323+0000] {dag.py:3096} INFO - Sync 1 DAGs
[2026-06-11T22:34:48.391+0000] {logging_mixin.py:188} INFO - [2026-06-11T22:34:48.391+0000] {dag.py:3954} INFO - Setting next_dagrun for example_task_group to 2026-06-10 00:00:00+00:00, run_after=2026-06-11 00:00:00+00:00
[2026-06-11T22:34:48.413+0000] {processor.py:183} INFO - Processing /home/airflow/.local/lib/python3.12/site-packages/airflow/example_dags/example_task_group.py took 0.241 seconds
[2026-06-11T22:35:18.889+0000] {processor.py:161} INFO - Started process (PID=3362) to work on /home/airflow/.local/lib/python3.12/site-packages/airflow/example_dags/example_task_group.py
[2026-06-11T22:35:18.890+0000] {processor.py:830} INFO - Processing file /home/airflow/.local/lib/python3.12/site-packages/airflow/example_dags/example_task_group.py for tasks to queue
[2026-06-11T22:35:18.892+0000] {logging_mixin.py:188} INFO - [2026-06-11T22:35:18.892+0000] {dagbag.py:545} INFO - Filling up the DagBag from /home/airflow/.local/lib/python3.12/site-packages/airflow/example_dags/example_task_group.py
[2026-06-11T22:35:18.901+0000] {processor.py:840} INFO - DAG(s) 'example_task_group' retrieved from /home/airflow/.local/lib/python3.12/site-packages/airflow/example_dags/example_task_group.py
[2026-06-11T22:35:18.927+0000] {logging_mixin.py:188} INFO - [2026-06-11T22:35:18.927+0000] {dag.py:3096} INFO - Sync 1 DAGs
[2026-06-11T22:35:18.948+0000] {logging_mixin.py:188} INFO - [2026-06-11T22:35:18.948+0000] {dag.py:3954} INFO - Setting next_dagrun for example_task_group to 2026-06-10 00:00:00+00:00, run_after=2026-06-11 00:00:00+00:00
[2026-06-11T22:35:18.962+0000] {processor.py:183} INFO - Processing /home/airflow/.local/lib/python3.12/site-packages/airflow/example_dags/example_task_group.py took 0.080 seconds
[2026-06-11T22:35:49.315+0000] {processor.py:161} INFO - Started process (PID=3424) to work on /home/airflow/.local/lib/python3.12/site-packages/airflow/example_dags/example_task_group.py
[2026-06-11T22:35:49.316+0000] {processor.py:830} INFO - Processing file /home/airflow/.local/lib/python3.12/site-packages/airflow/example_dags/example_task_group.py for tasks to queue
[2026-06-11T22:35:49.318+0000] {logging_mixin.py:188} INFO - [2026-06-11T22:35:49.317+0000] {dagbag.py:545} INFO - Filling up the DagBag from /home/airflow/.local/lib/python3.12/site-packages/airflow/example_dags/example_task_group.py
[2026-06-11T22:35:49.323+0000] {processor.py:840} INFO - DAG(s) 'example_task_group' retrieved from /home/airflow/.local/lib/python3.12/site-packages/airflow/example_dags/example_task_group.py
[2026-06-11T22:35:49.341+0000] {logging_mixin.py:188} INFO - [2026-06-11T22:35:49.341+0000] {dag.py:3096} INFO - Sync 1 DAGs
[2026-06-11T22:35:49.360+0000] {logging_mixin.py:188} INFO - [2026-06-11T22:35:49.359+0000] {dag.py:3954} INFO - Setting next_dagrun for example_task_group to 2026-06-10 00:00:00+00:00, run_after=2026-06-11 00:00:00+00:00
[2026-06-11T22:35:49.374+0000] {processor.py:183} INFO - Processing /home/airflow/.local/lib/python3.12/site-packages/airflow/example_dags/example_task_group.py took 0.066 seconds
[2026-06-11T22:36:19.767+0000] {processor.py:161} INFO - Started process (PID=3486) to work on /home/airflow/.local/lib/python3.12/site-packages/airflow/example_dags/example_task_group.py
[2026-06-11T22:36:19.768+0000] {processor.py:830} INFO - Processing file /home/airflow/.local/lib/python3.12/site-packages/airflow/example_dags/example_task_group.py for tasks to queue
[2026-06-11T22:36:19.770+0000] {logging_mixin.py:188} INFO - [2026-06-11T22:36:19.770+0000] {dagbag.py:545} INFO - Filling up the DagBag from /home/airflow/.local/lib/python3.12/site-packages/airflow/example_dags/example_task_group.py
[2026-06-11T22:36:19.779+0000] {processor.py:840} INFO - DAG(s) 'example_task_group' retrieved from /home/airflow/.local/lib/python3.12/site-packages/airflow/example_dags/example_task_group.py
[2026-06-11T22:36:19.797+0000] {logging_mixin.py:188} INFO - [2026-06-11T22:36:19.797+0000] {dag.py:3096} INFO - Sync 1 DAGs
[2026-06-11T22:36:19.817+0000] {logging_mixin.py:188} INFO - [2026-06-11T22:36:19.816+0000] {dag.py:3954} INFO - Setting next_dagrun for example_task_group to 2026-06-10 00:00:00+00:00, run_after=2026-06-11 00:00:00+00:00
[2026-06-11T22:36:19.839+0000] {processor.py:183} INFO - Processing /home/airflow/.local/lib/python3.12/site-packages/airflow/example_dags/example_task_group.py took 0.084 seconds
[2026-06-11T22:36:50.422+0000] {processor.py:161} INFO - Started process (PID=3547) to work on /home/airflow/.local/lib/python3.12/site-packages/airflow/example_dags/example_task_group.py
[2026-06-11T22:36:50.423+0000] {processor.py:830} INFO - Processing file /home/airflow/.local/lib/python3.12/site-packages/airflow/example_dags/example_task_group.py for tasks to queue
[2026-06-11T22:36:50.426+0000] {logging_mixin.py:188} INFO - [2026-06-11T22:36:50.426+0000] {dagbag.py:545} INFO - Filling up the DagBag from /home/airflow/.local/lib/python3.12/site-packages/airflow/example_dags/example_task_group.py
[2026-06-11T22:36:50.440+0000] {processor.py:840} INFO - DAG(s) 'example_task_group' retrieved from /home/airflow/.local/lib/python3.12/site-packages/airflow/example_dags/example_task_group.py
[2026-06-11T22:36:50.481+0000] {logging_mixin.py:188} INFO - [2026-06-11T22:36:50.480+0000] {dag.py:3096} INFO - Sync 1 DAGs
[2026-06-11T22:36:50.517+0000] {logging_mixin.py:188} INFO - [2026-06-11T22:36:50.516+0000] {dag.py:3954} INFO - Setting next_dagrun for example_task_group to 2026-06-10 00:00:00+00:00, run_after=2026-06-11 00:00:00+00:00
[2026-06-11T22:36:50.542+0000] {processor.py:183} INFO - Processing /home/airflow/.local/lib/python3.12/site-packages/airflow/example_dags/example_task_group.py took 0.130 seconds
[2026-06-11T22:37:20.790+0000] {processor.py:161} INFO - Started process (PID=3608) to work on /home/airflow/.local/lib/python3.12/site-packages/airflow/example_dags/example_task_group.py
[2026-06-11T22:37:20.791+0000] {processor.py:830} INFO - Processing file /home/airflow/.local/lib/python3.12/site-packages/airflow/example_dags/example_task_group.py for tasks to queue
[2026-06-11T22:37:20.793+0000] {logging_mixin.py:188} INFO - [2026-06-11T22:37:20.792+0000] {dagbag.py:545} INFO - Filling up the DagBag from /home/airflow/.local/lib/python3.12/site-packages/airflow/example_dags/example_task_group.py
[2026-06-11T22:37:20.804+0000] {processor.py:840} INFO - DAG(s) 'example_task_group' retrieved from /home/airflow/.local/lib/python3.12/site-packages/airflow/example_dags/example_task_group.py
[2026-06-11T22:37:20.834+0000] {logging_mixin.py:188} INFO - [2026-06-11T22:37:20.834+0000] {dag.py:3096} INFO - Sync 1 DAGs
[2026-06-11T22:37:20.855+0000] {logging_mixin.py:188} INFO - [2026-06-11T22:37:20.855+0000] {dag.py:3954} INFO - Setting next_dagrun for example_task_group to 2026-06-10 00:00:00+00:00, run_after=2026-06-11 00:00:00+00:00
[2026-06-11T22:37:20.869+0000] {processor.py:183} INFO - Processing /home/airflow/.local/lib/python3.12/site-packages/airflow/example_dags/example_task_group.py took 0.087 seconds
[2026-06-11T22:37:51.361+0000] {processor.py:161} INFO - Started process (PID=3670) to work on /home/airflow/.local/lib/python3.12/site-packages/airflow/example_dags/example_task_group.py
[2026-06-11T22:37:51.362+0000] {processor.py:830} INFO - Processing file /home/airflow/.local/lib/python3.12/site-packages/airflow/example_dags/example_task_group.py for tasks to queue
[2026-06-11T22:37:51.363+0000] {logging_mixin.py:188} INFO - [2026-06-11T22:37:51.363+0000] {dagbag.py:545} INFO - Filling up the DagBag from /home/airflow/.local/lib/python3.12/site-packages/airflow/example_dags/example_task_group.py
[2026-06-11T22:37:51.369+0000] {processor.py:840} INFO - DAG(s) 'example_task_group' retrieved from /home/airflow/.local/lib/python3.12/site-packages/airflow/example_dags/example_task_group.py
[2026-06-11T22:37:51.388+0000] {logging_mixin.py:188} INFO - [2026-06-11T22:37:51.387+0000] {dag.py:3096} INFO - Sync 1 DAGs
[2026-06-11T22:37:51.406+0000] {logging_mixin.py:188} INFO - [2026-06-11T22:37:51.406+0000] {dag.py:3954} INFO - Setting next_dagrun for example_task_group to 2026-06-10 00:00:00+00:00, run_after=2026-06-11 00:00:00+00:00
[2026-06-11T22:37:51.421+0000] {processor.py:183} INFO - Processing /home/airflow/.local/lib/python3.12/site-packages/airflow/example_dags/example_task_group.py took 0.065 seconds
[2026-06-11T22:38:21.695+0000] {processor.py:161} INFO - Started process (PID=3732) to work on /home/airflow/.local/lib/python3.12/site-packages/airflow/example_dags/example_task_group.py
[2026-06-11T22:38:21.696+0000] {processor.py:830} INFO - Processing file /home/airflow/.local/lib/python3.12/site-packages/airflow/example_dags/example_task_group.py for tasks to queue
[2026-06-11T22:38:21.700+0000] {logging_mixin.py:188} INFO - [2026-06-11T22:38:21.700+0000] {dagbag.py:545} INFO - Filling up the DagBag from /home/airflow/.local/lib/python3.12/site-packages/airflow/example_dags/example_task_group.py
[2026-06-11T22:38:21.708+0000] {processor.py:840} INFO - DAG(s) 'example_task_group' retrieved from /home/airflow/.local/lib/python3.12/site-packages/airflow/example_dags/example_task_group.py
[2026-06-11T22:38:21.728+0000] {logging_mixin.py:188} INFO - [2026-06-11T22:38:21.728+0000] {dag.py:3096} INFO - Sync 1 DAGs
[2026-06-11T22:38:21.747+0000] {logging_mixin.py:188} INFO - [2026-06-11T22:38:21.747+0000] {dag.py:3954} INFO - Setting next_dagrun for example_task_group to 2026-06-10 00:00:00+00:00, run_after=2026-06-11 00:00:00+00:00
[2026-06-11T22:38:21.761+0000] {processor.py:183} INFO - Processing /home/airflow/.local/lib/python3.12/site-packages/airflow/example_dags/example_task_group.py took 0.076 seconds
[2026-06-11T22:38:52.462+0000] {processor.py:161} INFO - Started process (PID=3794) to work on /home/airflow/.local/lib/python3.12/site-packages/airflow/example_dags/example_task_group.py
[2026-06-11T22:38:52.464+0000] {processor.py:830} INFO - Processing file /home/airflow/.local/lib/python3.12/site-packages/airflow/example_dags/example_task_group.py for tasks to queue
[2026-06-11T22:38:52.467+0000] {logging_mixin.py:188} INFO - [2026-06-11T22:38:52.466+0000] {dagbag.py:545} INFO - Filling up the DagBag from /home/airflow/.local/lib/python3.12/site-packages/airflow/example_dags/example_task_group.py
[2026-06-11T22:38:52.479+0000] {processor.py:840} INFO - DAG(s) 'example_task_group' retrieved from /home/airflow/.local/lib/python3.12/site-packages/airflow/example_dags/example_task_group.py
[2026-06-11T22:38:52.511+0000] {logging_mixin.py:188} INFO - [2026-06-11T22:38:52.510+0000] {dag.py:3096} INFO - Sync 1 DAGs
[2026-06-11T22:38:52.544+0000] {logging_mixin.py:188} INFO - [2026-06-11T22:38:52.544+0000] {dag.py:3954} INFO - Setting next_dagrun for example_task_group to 2026-06-10 00:00:00+00:00, run_after=2026-06-11 00:00:00+00:00
[2026-06-11T22:38:52.570+0000] {processor.py:183} INFO - Processing /home/airflow/.local/lib/python3.12/site-packages/airflow/example_dags/example_task_group.py took 0.117 seconds
[2026-06-11T22:39:23.208+0000] {processor.py:161} INFO - Started process (PID=3855) to work on /home/airflow/.local/lib/python3.12/site-packages/airflow/example_dags/example_task_group.py
[2026-06-11T22:39:23.209+0000] {processor.py:830} INFO - Processing file /home/airflow/.local/lib/python3.12/site-packages/airflow/example_dags/example_task_group.py for tasks to queue
[2026-06-11T22:39:23.211+0000] {logging_mixin.py:188} INFO - [2026-06-11T22:39:23.211+0000] {dagbag.py:545} INFO - Filling up the DagBag from /home/airflow/.local/lib/python3.12/site-packages/airflow/example_dags/example_task_group.py
[2026-06-11T22:39:23.222+0000] {processor.py:840} INFO - DAG(s) 'example_task_group' retrieved from /home/airflow/.local/lib/python3.12/site-packages/airflow/example_dags/example_task_group.py
[2026-06-11T22:39:23.249+0000] {logging_mixin.py:188} INFO - [2026-06-11T22:39:23.249+0000] {dag.py:3096} INFO - Sync 1 DAGs
[2026-06-11T22:39:23.280+0000] {logging_mixin.py:188} INFO - [2026-06-11T22:39:23.280+0000] {dag.py:3954} INFO - Setting next_dagrun for example_task_group to 2026-06-10 00:00:00+00:00, run_after=2026-06-11 00:00:00+00:00
[2026-06-11T22:39:23.301+0000] {processor.py:183} INFO - Processing /home/airflow/.local/lib/python3.12/site-packages/airflow/example_dags/example_task_group.py took 0.100 seconds
[2026-06-11T22:39:53.880+0000] {processor.py:161} INFO - Started process (PID=3917) to work on /home/airflow/.local/lib/python3.12/site-packages/airflow/example_dags/example_task_group.py
[2026-06-11T22:39:53.881+0000] {processor.py:830} INFO - Processing file /home/airflow/.local/lib/python3.12/site-packages/airflow/example_dags/example_task_group.py for tasks to queue
[2026-06-11T22:39:53.883+0000] {logging_mixin.py:188} INFO - [2026-06-11T22:39:53.883+0000] {dagbag.py:545} INFO - Filling up the DagBag from /home/airflow/.local/lib/python3.12/site-packages/airflow/example_dags/example_task_group.py
[2026-06-11T22:39:53.891+0000] {processor.py:840} INFO - DAG(s) 'example_task_group' retrieved from /home/airflow/.local/lib/python3.12/site-packages/airflow/example_dags/example_task_group.py
[2026-06-11T22:39:53.914+0000] {logging_mixin.py:188} INFO - [2026-06-11T22:39:53.914+0000] {dag.py:3096} INFO - Sync 1 DAGs
[2026-06-11T22:39:53.933+0000] {logging_mixin.py:188} INFO - [2026-06-11T22:39:53.932+0000] {dag.py:3954} INFO - Setting next_dagrun for example_task_group to 2026-06-10 00:00:00+00:00, run_after=2026-06-11 00:00:00+00:00
[2026-06-11T22:39:53.950+0000] {processor.py:183} INFO - Processing /home/airflow/.local/lib/python3.12/site-packages/airflow/example_dags/example_task_group.py took 0.077 seconds
[2026-06-11T22:40:24.938+0000] {processor.py:161} INFO - Started process (PID=3979) to work on /home/airflow/.local/lib/python3.12/site-packages/airflow/example_dags/example_task_group.py
[2026-06-11T22:40:24.938+0000] {processor.py:830} INFO - Processing file /home/airflow/.local/lib/python3.12/site-packages/airflow/example_dags/example_task_group.py for tasks to queue
[2026-06-11T22:40:24.940+0000] {logging_mixin.py:188} INFO - [2026-06-11T22:40:24.940+0000] {dagbag.py:545} INFO - Filling up the DagBag from /home/airflow/.local/lib/python3.12/site-packages/airflow/example_dags/example_task_group.py
[2026-06-11T22:40:24.949+0000] {processor.py:840} INFO - DAG(s) 'example_task_group' retrieved from /home/airflow/.local/lib/python3.12/site-packages/airflow/example_dags/example_task_group.py
[2026-06-11T22:40:24.971+0000] {logging_mixin.py:188} INFO - [2026-06-11T22:40:24.971+0000] {dag.py:3096} INFO - Sync 1 DAGs
[2026-06-11T22:40:24.989+0000] {logging_mixin.py:188} INFO - [2026-06-11T22:40:24.989+0000] {dag.py:3954} INFO - Setting next_dagrun for example_task_group to 2026-06-10 00:00:00+00:00, run_after=2026-06-11 00:00:00+00:00
[2026-06-11T22:40:25.004+0000] {processor.py:183} INFO - Processing /home/airflow/.local/lib/python3.12/site-packages/airflow/example_dags/example_task_group.py took 0.073 seconds
[2026-06-11T22:40:55.636+0000] {processor.py:161} INFO - Started process (PID=4041) to work on /home/airflow/.local/lib/python3.12/site-packages/airflow/example_dags/example_task_group.py
[2026-06-11T22:40:55.636+0000] {processor.py:830} INFO - Processing file /home/airflow/.local/lib/python3.12/site-packages/airflow/example_dags/example_task_group.py for tasks to queue
[2026-06-11T22:40:55.638+0000] {logging_mixin.py:188} INFO - [2026-06-11T22:40:55.637+0000] {dagbag.py:545} INFO - Filling up the DagBag from /home/airflow/.local/lib/python3.12/site-packages/airflow/example_dags/example_task_group.py
[2026-06-11T22:40:55.644+0000] {processor.py:840} INFO - DAG(s) 'example_task_group' retrieved from /home/airflow/.local/lib/python3.12/site-packages/airflow/example_dags/example_task_group.py
[2026-06-11T22:40:55.662+0000] {logging_mixin.py:188} INFO - [2026-06-11T22:40:55.661+0000] {dag.py:3096} INFO - Sync 1 DAGs
[2026-06-11T22:40:55.683+0000] {logging_mixin.py:188} INFO - [2026-06-11T22:40:55.683+0000] {dag.py:3954} INFO - Setting next_dagrun for example_task_group to 2026-06-10 00:00:00+00:00, run_after=2026-06-11 00:00:00+00:00
[2026-06-11T22:40:55.699+0000] {processor.py:183} INFO - Processing /home/airflow/.local/lib/python3.12/site-packages/airflow/example_dags/example_task_group.py took 0.070 seconds
[2026-06-11T22:41:26.551+0000] {processor.py:161} INFO - Started process (PID=4103) to work on /home/airflow/.local/lib/python3.12/site-packages/airflow/example_dags/example_task_group.py
[2026-06-11T22:41:26.554+0000] {processor.py:830} INFO - Processing file /home/airflow/.local/lib/python3.12/site-packages/airflow/example_dags/example_task_group.py for tasks to queue
[2026-06-11T22:41:26.560+0000] {logging_mixin.py:188} INFO - [2026-06-11T22:41:26.558+0000] {dagbag.py:545} INFO - Filling up the DagBag from /home/airflow/.local/lib/python3.12/site-packages/airflow/example_dags/example_task_group.py
[2026-06-11T22:41:26.580+0000] {processor.py:840} INFO - DAG(s) 'example_task_group' retrieved from /home/airflow/.local/lib/python3.12/site-packages/airflow/example_dags/example_task_group.py
[2026-06-11T22:41:26.627+0000] {logging_mixin.py:188} INFO - [2026-06-11T22:41:26.627+0000] {dag.py:3096} INFO - Sync 1 DAGs
[2026-06-11T22:41:26.661+0000] {logging_mixin.py:188} INFO - [2026-06-11T22:41:26.661+0000] {dag.py:3954} INFO - Setting next_dagrun for example_task_group to 2026-06-10 00:00:00+00:00, run_after=2026-06-11 00:00:00+00:00
[2026-06-11T22:41:26.681+0000] {processor.py:183} INFO - Processing /home/airflow/.local/lib/python3.12/site-packages/airflow/example_dags/example_task_group.py took 0.153 seconds
[2026-06-11T22:41:56.730+0000] {processor.py:161} INFO - Started process (PID=4165) to work on /home/airflow/.local/lib/python3.12/site-packages/airflow/example_dags/example_task_group.py
[2026-06-11T22:41:56.731+0000] {processor.py:830} INFO - Processing file /home/airflow/.local/lib/python3.12/site-packages/airflow/example_dags/example_task_group.py for tasks to queue
[2026-06-11T22:41:56.733+0000] {logging_mixin.py:188} INFO - [2026-06-11T22:41:56.732+0000] {dagbag.py:545} INFO - Filling up the DagBag from /home/airflow/.local/lib/python3.12/site-packages/airflow/example_dags/example_task_group.py
[2026-06-11T22:41:56.738+0000] {processor.py:840} INFO - DAG(s) 'example_task_group' retrieved from /home/airflow/.local/lib/python3.12/site-packages/airflow/example_dags/example_task_group.py
[2026-06-11T22:41:56.757+0000] {logging_mixin.py:188} INFO - [2026-06-11T22:41:56.756+0000] {dag.py:3096} INFO - Sync 1 DAGs
[2026-06-11T22:41:56.775+0000] {logging_mixin.py:188} INFO - [2026-06-11T22:41:56.775+0000] {dag.py:3954} INFO - Setting next_dagrun for example_task_group to 2026-06-10 00:00:00+00:00, run_after=2026-06-11 00:00:00+00:00
[2026-06-11T22:41:56.790+0000] {processor.py:183} INFO - Processing /home/airflow/.local/lib/python3.12/site-packages/airflow/example_dags/example_task_group.py took 0.065 seconds
[2026-06-11T22:42:27.397+0000] {processor.py:161} INFO - Started process (PID=4227) to work on /home/airflow/.local/lib/python3.12/site-packages/airflow/example_dags/example_task_group.py
[2026-06-11T22:42:27.398+0000] {processor.py:830} INFO - Processing file /home/airflow/.local/lib/python3.12/site-packages/airflow/example_dags/example_task_group.py for tasks to queue
[2026-06-11T22:42:27.400+0000] {logging_mixin.py:188} INFO - [2026-06-11T22:42:27.400+0000] {dagbag.py:545} INFO - Filling up the DagBag from /home/airflow/.local/lib/python3.12/site-packages/airflow/example_dags/example_task_group.py
[2026-06-11T22:42:27.408+0000] {processor.py:840} INFO - DAG(s) 'example_task_group' retrieved from /home/airflow/.local/lib/python3.12/site-packages/airflow/example_dags/example_task_group.py
[2026-06-11T22:42:27.426+0000] {logging_mixin.py:188} INFO - [2026-06-11T22:42:27.425+0000] {dag.py:3096} INFO - Sync 1 DAGs
[2026-06-11T22:42:27.444+0000] {logging_mixin.py:188} INFO - [2026-06-11T22:42:27.444+0000] {dag.py:3954} INFO - Setting next_dagrun for example_task_group to 2026-06-10 00:00:00+00:00, run_after=2026-06-11 00:00:00+00:00
[2026-06-11T22:42:27.459+0000] {processor.py:183} INFO - Processing /home/airflow/.local/lib/python3.12/site-packages/airflow/example_dags/example_task_group.py took 0.068 seconds
[2026-06-11T22:42:57.701+0000] {processor.py:161} INFO - Started process (PID=4289) to work on /home/airflow/.local/lib/python3.12/site-packages/airflow/example_dags/example_task_group.py
[2026-06-11T22:42:57.702+0000] {processor.py:830} INFO - Processing file /home/airflow/.local/lib/python3.12/site-packages/airflow/example_dags/example_task_group.py for tasks to queue
[2026-06-11T22:42:57.703+0000] {logging_mixin.py:188} INFO - [2026-06-11T22:42:57.703+0000] {dagbag.py:545} INFO - Filling up the DagBag from /home/airflow/.local/lib/python3.12/site-packages/airflow/example_dags/example_task_group.py
[2026-06-11T22:42:57.709+0000] {processor.py:840} INFO - DAG(s) 'example_task_group' retrieved from /home/airflow/.local/lib/python3.12/site-packages/airflow/example_dags/example_task_group.py
[2026-06-11T22:42:57.728+0000] {logging_mixin.py:188} INFO - [2026-06-11T22:42:57.728+0000] {dag.py:3096} INFO - Sync 1 DAGs
[2026-06-11T22:42:57.746+0000] {logging_mixin.py:188} INFO - [2026-06-11T22:42:57.746+0000] {dag.py:3954} INFO - Setting next_dagrun for example_task_group to 2026-06-10 00:00:00+00:00, run_after=2026-06-11 00:00:00+00:00
[2026-06-11T22:42:57.761+0000] {processor.py:183} INFO - Processing /home/airflow/.local/lib/python3.12/site-packages/airflow/example_dags/example_task_group.py took 0.066 seconds
[2026-06-11T22:43:27.872+0000] {processor.py:161} INFO - Started process (PID=4351) to work on /home/airflow/.local/lib/python3.12/site-packages/airflow/example_dags/example_task_group.py
[2026-06-11T22:43:27.873+0000] {processor.py:830} INFO - Processing file /home/airflow/.local/lib/python3.12/site-packages/airflow/example_dags/example_task_group.py for tasks to queue
[2026-06-11T22:43:27.875+0000] {logging_mixin.py:188} INFO - [2026-06-11T22:43:27.874+0000] {dagbag.py:545} INFO - Filling up the DagBag from /home/airflow/.local/lib/python3.12/site-packages/airflow/example_dags/example_task_group.py
[2026-06-11T22:43:27.881+0000] {processor.py:840} INFO - DAG(s) 'example_task_group' retrieved from /home/airflow/.local/lib/python3.12/site-packages/airflow/example_dags/example_task_group.py
[2026-06-11T22:43:27.899+0000] {logging_mixin.py:188} INFO - [2026-06-11T22:43:27.899+0000] {dag.py:3096} INFO - Sync 1 DAGs
[2026-06-11T22:43:27.918+0000] {logging_mixin.py:188} INFO - [2026-06-11T22:43:27.918+0000] {dag.py:3954} INFO - Setting next_dagrun for example_task_group to 2026-06-10 00:00:00+00:00, run_after=2026-06-11 00:00:00+00:00
[2026-06-11T22:43:27.933+0000] {processor.py:183} INFO - Processing /home/airflow/.local/lib/python3.12/site-packages/airflow/example_dags/example_task_group.py took 0.066 seconds
[2026-06-11T22:43:58.233+0000] {processor.py:161} INFO - Started process (PID=4413) to work on /home/airflow/.local/lib/python3.12/site-packages/airflow/example_dags/example_task_group.py
[2026-06-11T22:43:58.234+0000] {processor.py:830} INFO - Processing file /home/airflow/.local/lib/python3.12/site-packages/airflow/example_dags/example_task_group.py for tasks to queue
[2026-06-11T22:43:58.238+0000] {logging_mixin.py:188} INFO - [2026-06-11T22:43:58.237+0000] {dagbag.py:545} INFO - Filling up the DagBag from /home/airflow/.local/lib/python3.12/site-packages/airflow/example_dags/example_task_group.py
[2026-06-11T22:43:58.252+0000] {processor.py:840} INFO - DAG(s) 'example_task_group' retrieved from /home/airflow/.local/lib/python3.12/site-packages/airflow/example_dags/example_task_group.py
[2026-06-11T22:43:58.293+0000] {logging_mixin.py:188} INFO - [2026-06-11T22:43:58.293+0000] {dag.py:3096} INFO - Sync 1 DAGs
[2026-06-11T22:43:58.325+0000] {logging_mixin.py:188} INFO - [2026-06-11T22:43:58.325+0000] {dag.py:3954} INFO - Setting next_dagrun for example_task_group to 2026-06-10 00:00:00+00:00, run_after=2026-06-11 00:00:00+00:00
[2026-06-11T22:43:58.343+0000] {processor.py:183} INFO - Processing /home/airflow/.local/lib/python3.12/site-packages/airflow/example_dags/example_task_group.py took 0.121 seconds
[2026-06-11T22:44:28.985+0000] {processor.py:161} INFO - Started process (PID=4475) to work on /home/airflow/.local/lib/python3.12/site-packages/airflow/example_dags/example_task_group.py
[2026-06-11T22:44:28.986+0000] {processor.py:830} INFO - Processing file /home/airflow/.local/lib/python3.12/site-packages/airflow/example_dags/example_task_group.py for tasks to queue
[2026-06-11T22:44:28.988+0000] {logging_mixin.py:188} INFO - [2026-06-11T22:44:28.988+0000] {dagbag.py:545} INFO - Filling up the DagBag from /home/airflow/.local/lib/python3.12/site-packages/airflow/example_dags/example_task_group.py
[2026-06-11T22:44:28.997+0000] {processor.py:840} INFO - DAG(s) 'example_task_group' retrieved from /home/airflow/.local/lib/python3.12/site-packages/airflow/example_dags/example_task_group.py
[2026-06-11T22:44:29.018+0000] {logging_mixin.py:188} INFO - [2026-06-11T22:44:29.018+0000] {dag.py:3096} INFO - Sync 1 DAGs
[2026-06-11T22:44:29.037+0000] {logging_mixin.py:188} INFO - [2026-06-11T22:44:29.037+0000] {dag.py:3954} INFO - Setting next_dagrun for example_task_group to 2026-06-10 00:00:00+00:00, run_after=2026-06-11 00:00:00+00:00
[2026-06-11T22:44:29.052+0000] {processor.py:183} INFO - Processing /home/airflow/.local/lib/python3.12/site-packages/airflow/example_dags/example_task_group.py took 0.073 seconds
[2026-06-11T22:44:59.782+0000] {processor.py:161} INFO - Started process (PID=4536) to work on /home/airflow/.local/lib/python3.12/site-packages/airflow/example_dags/example_task_group.py
[2026-06-11T22:44:59.783+0000] {processor.py:830} INFO - Processing file /home/airflow/.local/lib/python3.12/site-packages/airflow/example_dags/example_task_group.py for tasks to queue
[2026-06-11T22:44:59.785+0000] {logging_mixin.py:188} INFO - [2026-06-11T22:44:59.785+0000] {dagbag.py:545} INFO - Filling up the DagBag from /home/airflow/.local/lib/python3.12/site-packages/airflow/example_dags/example_task_group.py
[2026-06-11T22:44:59.795+0000] {processor.py:840} INFO - DAG(s) 'example_task_group' retrieved from /home/airflow/.local/lib/python3.12/site-packages/airflow/example_dags/example_task_group.py
[2026-06-11T22:44:59.819+0000] {logging_mixin.py:188} INFO - [2026-06-11T22:44:59.819+0000] {dag.py:3096} INFO - Sync 1 DAGs
[2026-06-11T22:44:59.838+0000] {logging_mixin.py:188} INFO - [2026-06-11T22:44:59.837+0000] {dag.py:3954} INFO - Setting next_dagrun for example_task_group to 2026-06-10 00:00:00+00:00, run_after=2026-06-11 00:00:00+00:00
[2026-06-11T22:44:59.853+0000] {processor.py:183} INFO - Processing /home/airflow/.local/lib/python3.12/site-packages/airflow/example_dags/example_task_group.py took 0.079 seconds
[2026-06-11T22:45:30.384+0000] {processor.py:161} INFO - Started process (PID=4598) to work on /home/airflow/.local/lib/python3.12/site-packages/airflow/example_dags/example_task_group.py
[2026-06-11T22:45:30.385+0000] {processor.py:830} INFO - Processing file /home/airflow/.local/lib/python3.12/site-packages/airflow/example_dags/example_task_group.py for tasks to queue
[2026-06-11T22:45:30.388+0000] {logging_mixin.py:188} INFO - [2026-06-11T22:45:30.387+0000] {dagbag.py:545} INFO - Filling up the DagBag from /home/airflow/.local/lib/python3.12/site-packages/airflow/example_dags/example_task_group.py
[2026-06-11T22:45:30.400+0000] {processor.py:840} INFO - DAG(s) 'example_task_group' retrieved from /home/airflow/.local/lib/python3.12/site-packages/airflow/example_dags/example_task_group.py
[2026-06-11T22:45:30.429+0000] {logging_mixin.py:188} INFO - [2026-06-11T22:45:30.429+0000] {dag.py:3096} INFO - Sync 1 DAGs
[2026-06-11T22:45:30.474+0000] {logging_mixin.py:188} INFO - [2026-06-11T22:45:30.474+0000] {dag.py:3954} INFO - Setting next_dagrun for example_task_group to 2026-06-10 00:00:00+00:00, run_after=2026-06-11 00:00:00+00:00
[2026-06-11T22:45:30.492+0000] {processor.py:183} INFO - Processing /home/airflow/.local/lib/python3.12/site-packages/airflow/example_dags/example_task_group.py took 0.124 seconds
[2026-06-11T22:46:00.830+0000] {processor.py:161} INFO - Started process (PID=4659) to work on /home/airflow/.local/lib/python3.12/site-packages/airflow/example_dags/example_task_group.py
[2026-06-11T22:46:00.831+0000] {processor.py:830} INFO - Processing file /home/airflow/.local/lib/python3.12/site-packages/airflow/example_dags/example_task_group.py for tasks to queue
[2026-06-11T22:46:00.833+0000] {logging_mixin.py:188} INFO - [2026-06-11T22:46:00.832+0000] {dagbag.py:545} INFO - Filling up the DagBag from /home/airflow/.local/lib/python3.12/site-packages/airflow/example_dags/example_task_group.py
[2026-06-11T22:46:00.840+0000] {processor.py:840} INFO - DAG(s) 'example_task_group' retrieved from /home/airflow/.local/lib/python3.12/site-packages/airflow/example_dags/example_task_group.py
[2026-06-11T22:46:00.861+0000] {logging_mixin.py:188} INFO - [2026-06-11T22:46:00.860+0000] {dag.py:3096} INFO - Sync 1 DAGs
[2026-06-11T22:46:00.879+0000] {logging_mixin.py:188} INFO - [2026-06-11T22:46:00.879+0000] {dag.py:3954} INFO - Setting next_dagrun for example_task_group to 2026-06-10 00:00:00+00:00, run_after=2026-06-11 00:00:00+00:00
[2026-06-11T22:46:00.894+0000] {processor.py:183} INFO - Processing /home/airflow/.local/lib/python3.12/site-packages/airflow/example_dags/example_task_group.py took 0.072 seconds
[2026-06-11T22:46:31.056+0000] {processor.py:161} INFO - Started process (PID=4721) to work on /home/airflow/.local/lib/python3.12/site-packages/airflow/example_dags/example_task_group.py
[2026-06-11T22:46:31.057+0000] {processor.py:830} INFO - Processing file /home/airflow/.local/lib/python3.12/site-packages/airflow/example_dags/example_task_group.py for tasks to queue
[2026-06-11T22:46:31.058+0000] {logging_mixin.py:188} INFO - [2026-06-11T22:46:31.058+0000] {dagbag.py:545} INFO - Filling up the DagBag from /home/airflow/.local/lib/python3.12/site-packages/airflow/example_dags/example_task_group.py
[2026-06-11T22:46:31.067+0000] {processor.py:840} INFO - DAG(s) 'example_task_group' retrieved from /home/airflow/.local/lib/python3.12/site-packages/airflow/example_dags/example_task_group.py
[2026-06-11T22:46:31.085+0000] {logging_mixin.py:188} INFO - [2026-06-11T22:46:31.085+0000] {dag.py:3096} INFO - Sync 1 DAGs
[2026-06-11T22:46:31.103+0000] {logging_mixin.py:188} INFO - [2026-06-11T22:46:31.103+0000] {dag.py:3954} INFO - Setting next_dagrun for example_task_group to 2026-06-10 00:00:00+00:00, run_after=2026-06-11 00:00:00+00:00
[2026-06-11T22:46:31.118+0000] {processor.py:183} INFO - Processing /home/airflow/.local/lib/python3.12/site-packages/airflow/example_dags/example_task_group.py took 0.069 seconds
[2026-06-11T22:47:01.993+0000] {processor.py:161} INFO - Started process (PID=4782) to work on /home/airflow/.local/lib/python3.12/site-packages/airflow/example_dags/example_task_group.py
[2026-06-11T22:47:01.994+0000] {processor.py:830} INFO - Processing file /home/airflow/.local/lib/python3.12/site-packages/airflow/example_dags/example_task_group.py for tasks to queue
[2026-06-11T22:47:01.996+0000] {logging_mixin.py:188} INFO - [2026-06-11T22:47:01.996+0000] {dagbag.py:545} INFO - Filling up the DagBag from /home/airflow/.local/lib/python3.12/site-packages/airflow/example_dags/example_task_group.py
[2026-06-11T22:47:02.008+0000] {processor.py:840} INFO - DAG(s) 'example_task_group' retrieved from /home/airflow/.local/lib/python3.12/site-packages/airflow/example_dags/example_task_group.py
[2026-06-11T22:47:02.043+0000] {logging_mixin.py:188} INFO - [2026-06-11T22:47:02.042+0000] {dag.py:3096} INFO - Sync 1 DAGs
[2026-06-11T22:47:02.080+0000] {logging_mixin.py:188} INFO - [2026-06-11T22:47:02.079+0000] {dag.py:3954} INFO - Setting next_dagrun for example_task_group to 2026-06-10 00:00:00+00:00, run_after=2026-06-11 00:00:00+00:00
[2026-06-11T22:47:02.104+0000] {processor.py:183} INFO - Processing /home/airflow/.local/lib/python3.12/site-packages/airflow/example_dags/example_task_group.py took 0.120 seconds
[2026-06-11T22:47:32.600+0000] {processor.py:161} INFO - Started process (PID=4844) to work on /home/airflow/.local/lib/python3.12/site-packages/airflow/example_dags/example_task_group.py
[2026-06-11T22:47:32.604+0000] {processor.py:830} INFO - Processing file /home/airflow/.local/lib/python3.12/site-packages/airflow/example_dags/example_task_group.py for tasks to queue
[2026-06-11T22:47:32.608+0000] {logging_mixin.py:188} INFO - [2026-06-11T22:47:32.608+0000] {dagbag.py:545} INFO - Filling up the DagBag from /home/airflow/.local/lib/python3.12/site-packages/airflow/example_dags/example_task_group.py
[2026-06-11T22:47:32.625+0000] {processor.py:840} INFO - DAG(s) 'example_task_group' retrieved from /home/airflow/.local/lib/python3.12/site-packages/airflow/example_dags/example_task_group.py
[2026-06-11T22:47:32.811+0000] {logging_mixin.py:188} INFO - [2026-06-11T22:47:32.811+0000] {dag.py:3096} INFO - Sync 1 DAGs
[2026-06-11T22:47:32.995+0000] {logging_mixin.py:188} INFO - [2026-06-11T22:47:32.995+0000] {dag.py:3954} INFO - Setting next_dagrun for example_task_group to 2026-06-10 00:00:00+00:00, run_after=2026-06-11 00:00:00+00:00
[2026-06-11T22:47:33.050+0000] {processor.py:183} INFO - Processing /home/airflow/.local/lib/python3.12/site-packages/airflow/example_dags/example_task_group.py took 0.474 seconds
[2026-06-11T22:48:03.932+0000] {processor.py:161} INFO - Started process (PID=4906) to work on /home/airflow/.local/lib/python3.12/site-packages/airflow/example_dags/example_task_group.py
[2026-06-11T22:48:03.933+0000] {processor.py:830} INFO - Processing file /home/airflow/.local/lib/python3.12/site-packages/airflow/example_dags/example_task_group.py for tasks to queue
[2026-06-11T22:48:03.936+0000] {logging_mixin.py:188} INFO - [2026-06-11T22:48:03.936+0000] {dagbag.py:545} INFO - Filling up the DagBag from /home/airflow/.local/lib/python3.12/site-packages/airflow/example_dags/example_task_group.py
[2026-06-11T22:48:03.950+0000] {processor.py:840} INFO - DAG(s) 'example_task_group' retrieved from /home/airflow/.local/lib/python3.12/site-packages/airflow/example_dags/example_task_group.py
[2026-06-11T22:48:03.979+0000] {logging_mixin.py:188} INFO - [2026-06-11T22:48:03.979+0000] {dag.py:3096} INFO - Sync 1 DAGs
[2026-06-11T22:48:04.007+0000] {logging_mixin.py:188} INFO - [2026-06-11T22:48:04.006+0000] {dag.py:3954} INFO - Setting next_dagrun for example_task_group to 2026-06-10 00:00:00+00:00, run_after=2026-06-11 00:00:00+00:00
[2026-06-11T22:48:04.029+0000] {processor.py:183} INFO - Processing /home/airflow/.local/lib/python3.12/site-packages/airflow/example_dags/example_task_group.py took 0.110 seconds
[2026-06-11T22:48:34.651+0000] {processor.py:161} INFO - Started process (PID=4968) to work on /home/airflow/.local/lib/python3.12/site-packages/airflow/example_dags/example_task_group.py
[2026-06-11T22:48:34.651+0000] {processor.py:830} INFO - Processing file /home/airflow/.local/lib/python3.12/site-packages/airflow/example_dags/example_task_group.py for tasks to queue
[2026-06-11T22:48:34.653+0000] {logging_mixin.py:188} INFO - [2026-06-11T22:48:34.653+0000] {dagbag.py:545} INFO - Filling up the DagBag from /home/airflow/.local/lib/python3.12/site-packages/airflow/example_dags/example_task_group.py
[2026-06-11T22:48:34.661+0000] {processor.py:840} INFO - DAG(s) 'example_task_group' retrieved from /home/airflow/.local/lib/python3.12/site-packages/airflow/example_dags/example_task_group.py
[2026-06-11T22:48:34.679+0000] {logging_mixin.py:188} INFO - [2026-06-11T22:48:34.679+0000] {dag.py:3096} INFO - Sync 1 DAGs
[2026-06-11T22:48:34.697+0000] {logging_mixin.py:188} INFO - [2026-06-11T22:48:34.697+0000] {dag.py:3954} INFO - Setting next_dagrun for example_task_group to 2026-06-10 00:00:00+00:00, run_after=2026-06-11 00:00:00+00:00
[2026-06-11T22:48:34.712+0000] {processor.py:183} INFO - Processing /home/airflow/.local/lib/python3.12/site-packages/airflow/example_dags/example_task_group.py took 0.067 seconds
[2026-06-11T22:49:04.987+0000] {processor.py:161} INFO - Started process (PID=5029) to work on /home/airflow/.local/lib/python3.12/site-packages/airflow/example_dags/example_task_group.py
[2026-06-11T22:49:04.987+0000] {processor.py:830} INFO - Processing file /home/airflow/.local/lib/python3.12/site-packages/airflow/example_dags/example_task_group.py for tasks to queue
[2026-06-11T22:49:04.989+0000] {logging_mixin.py:188} INFO - [2026-06-11T22:49:04.989+0000] {dagbag.py:545} INFO - Filling up the DagBag from /home/airflow/.local/lib/python3.12/site-packages/airflow/example_dags/example_task_group.py
[2026-06-11T22:49:04.995+0000] {processor.py:840} INFO - DAG(s) 'example_task_group' retrieved from /home/airflow/.local/lib/python3.12/site-packages/airflow/example_dags/example_task_group.py
[2026-06-11T22:49:05.026+0000] {logging_mixin.py:188} INFO - [2026-06-11T22:49:05.026+0000] {dag.py:3096} INFO - Sync 1 DAGs
[2026-06-11T22:49:05.057+0000] {logging_mixin.py:188} INFO - [2026-06-11T22:49:05.057+0000] {dag.py:3954} INFO - Setting next_dagrun for example_task_group to 2026-06-10 00:00:00+00:00, run_after=2026-06-11 00:00:00+00:00
[2026-06-11T22:49:05.088+0000] {processor.py:183} INFO - Processing /home/airflow/.local/lib/python3.12/site-packages/airflow/example_dags/example_task_group.py took 0.106 seconds
[2026-06-11T22:49:35.396+0000] {processor.py:161} INFO - Started process (PID=5091) to work on /home/airflow/.local/lib/python3.12/site-packages/airflow/example_dags/example_task_group.py
[2026-06-11T22:49:35.396+0000] {processor.py:830} INFO - Processing file /home/airflow/.local/lib/python3.12/site-packages/airflow/example_dags/example_task_group.py for tasks to queue
[2026-06-11T22:49:35.398+0000] {logging_mixin.py:188} INFO - [2026-06-11T22:49:35.398+0000] {dagbag.py:545} INFO - Filling up the DagBag from /home/airflow/.local/lib/python3.12/site-packages/airflow/example_dags/example_task_group.py
[2026-06-11T22:49:35.404+0000] {processor.py:840} INFO - DAG(s) 'example_task_group' retrieved from /home/airflow/.local/lib/python3.12/site-packages/airflow/example_dags/example_task_group.py
[2026-06-11T22:49:35.430+0000] {logging_mixin.py:188} INFO - [2026-06-11T22:49:35.429+0000] {dag.py:3096} INFO - Sync 1 DAGs
[2026-06-11T22:49:35.461+0000] {logging_mixin.py:188} INFO - [2026-06-11T22:49:35.461+0000] {dag.py:3954} INFO - Setting next_dagrun for example_task_group to 2026-06-10 00:00:00+00:00, run_after=2026-06-11 00:00:00+00:00
[2026-06-11T22:49:35.500+0000] {processor.py:183} INFO - Processing /home/airflow/.local/lib/python3.12/site-packages/airflow/example_dags/example_task_group.py took 0.110 seconds
[2026-06-11T22:50:06.147+0000] {processor.py:161} INFO - Started process (PID=5150) to work on /home/airflow/.local/lib/python3.12/site-packages/airflow/example_dags/example_task_group.py
[2026-06-11T22:50:06.150+0000] {processor.py:830} INFO - Processing file /home/airflow/.local/lib/python3.12/site-packages/airflow/example_dags/example_task_group.py for tasks to queue
[2026-06-11T22:50:06.152+0000] {logging_mixin.py:188} INFO - [2026-06-11T22:50:06.151+0000] {dagbag.py:545} INFO - Filling up the DagBag from /home/airflow/.local/lib/python3.12/site-packages/airflow/example_dags/example_task_group.py
[2026-06-11T22:50:06.160+0000] {processor.py:840} INFO - DAG(s) 'example_task_group' retrieved from /home/airflow/.local/lib/python3.12/site-packages/airflow/example_dags/example_task_group.py
[2026-06-11T22:50:06.190+0000] {logging_mixin.py:188} INFO - [2026-06-11T22:50:06.190+0000] {dag.py:3096} INFO - Sync 1 DAGs
[2026-06-11T22:50:06.218+0000] {logging_mixin.py:188} INFO - [2026-06-11T22:50:06.217+0000] {dag.py:3954} INFO - Setting next_dagrun for example_task_group to 2026-06-10 00:00:00+00:00, run_after=2026-06-11 00:00:00+00:00
[2026-06-11T22:50:06.240+0000] {processor.py:183} INFO - Processing /home/airflow/.local/lib/python3.12/site-packages/airflow/example_dags/example_task_group.py took 0.099 seconds
[2026-06-11T22:50:36.612+0000] {processor.py:161} INFO - Started process (PID=5212) to work on /home/airflow/.local/lib/python3.12/site-packages/airflow/example_dags/example_task_group.py
[2026-06-11T22:50:36.613+0000] {processor.py:830} INFO - Processing file /home/airflow/.local/lib/python3.12/site-packages/airflow/example_dags/example_task_group.py for tasks to queue
[2026-06-11T22:50:36.614+0000] {logging_mixin.py:188} INFO - [2026-06-11T22:50:36.614+0000] {dagbag.py:545} INFO - Filling up the DagBag from /home/airflow/.local/lib/python3.12/site-packages/airflow/example_dags/example_task_group.py
[2026-06-11T22:50:36.620+0000] {processor.py:840} INFO - DAG(s) 'example_task_group' retrieved from /home/airflow/.local/lib/python3.12/site-packages/airflow/example_dags/example_task_group.py
[2026-06-11T22:50:36.638+0000] {logging_mixin.py:188} INFO - [2026-06-11T22:50:36.638+0000] {dag.py:3096} INFO - Sync 1 DAGs
[2026-06-11T22:50:36.657+0000] {logging_mixin.py:188} INFO - [2026-06-11T22:50:36.657+0000] {dag.py:3954} INFO - Setting next_dagrun for example_task_group to 2026-06-10 00:00:00+00:00, run_after=2026-06-11 00:00:00+00:00
[2026-06-11T22:50:36.791+0000] {processor.py:183} INFO - Processing /home/airflow/.local/lib/python3.12/site-packages/airflow/example_dags/example_task_group.py took 0.184 seconds
[2026-06-11T22:51:07.166+0000] {processor.py:161} INFO - Started process (PID=5274) to work on /home/airflow/.local/lib/python3.12/site-packages/airflow/example_dags/example_task_group.py
[2026-06-11T22:51:07.167+0000] {processor.py:830} INFO - Processing file /home/airflow/.local/lib/python3.12/site-packages/airflow/example_dags/example_task_group.py for tasks to queue
[2026-06-11T22:51:07.169+0000] {logging_mixin.py:188} INFO - [2026-06-11T22:51:07.168+0000] {dagbag.py:545} INFO - Filling up the DagBag from /home/airflow/.local/lib/python3.12/site-packages/airflow/example_dags/example_task_group.py
[2026-06-11T22:51:07.176+0000] {processor.py:840} INFO - DAG(s) 'example_task_group' retrieved from /home/airflow/.local/lib/python3.12/site-packages/airflow/example_dags/example_task_group.py
[2026-06-11T22:51:07.195+0000] {logging_mixin.py:188} INFO - [2026-06-11T22:51:07.195+0000] {dag.py:3096} INFO - Sync 1 DAGs
[2026-06-11T22:51:07.225+0000] {logging_mixin.py:188} INFO - [2026-06-11T22:51:07.225+0000] {dag.py:3954} INFO - Setting next_dagrun for example_task_group to 2026-06-10 00:00:00+00:00, run_after=2026-06-11 00:00:00+00:00
[2026-06-11T22:51:07.380+0000] {processor.py:183} INFO - Processing /home/airflow/.local/lib/python3.12/site-packages/airflow/example_dags/example_task_group.py took 0.219 seconds
[2026-06-11T22:51:37.669+0000] {processor.py:161} INFO - Started process (PID=5336) to work on /home/airflow/.local/lib/python3.12/site-packages/airflow/example_dags/example_task_group.py
[2026-06-11T22:51:37.670+0000] {processor.py:830} INFO - Processing file /home/airflow/.local/lib/python3.12/site-packages/airflow/example_dags/example_task_group.py for tasks to queue
[2026-06-11T22:51:37.673+0000] {logging_mixin.py:188} INFO - [2026-06-11T22:51:37.673+0000] {dagbag.py:545} INFO - Filling up the DagBag from /home/airflow/.local/lib/python3.12/site-packages/airflow/example_dags/example_task_group.py
[2026-06-11T22:51:37.681+0000] {processor.py:840} INFO - DAG(s) 'example_task_group' retrieved from /home/airflow/.local/lib/python3.12/site-packages/airflow/example_dags/example_task_group.py
[2026-06-11T22:51:37.699+0000] {logging_mixin.py:188} INFO - [2026-06-11T22:51:37.699+0000] {dag.py:3096} INFO - Sync 1 DAGs
[2026-06-11T22:51:37.717+0000] {logging_mixin.py:188} INFO - [2026-06-11T22:51:37.717+0000] {dag.py:3954} INFO - Setting next_dagrun for example_task_group to 2026-06-10 00:00:00+00:00, run_after=2026-06-11 00:00:00+00:00
[2026-06-11T22:51:37.862+0000] {processor.py:183} INFO - Processing /home/airflow/.local/lib/python3.12/site-packages/airflow/example_dags/example_task_group.py took 0.201 seconds
[2026-06-11T22:52:08.607+0000] {processor.py:161} INFO - Started process (PID=5398) to work on /home/airflow/.local/lib/python3.12/site-packages/airflow/example_dags/example_task_group.py
[2026-06-11T22:52:08.608+0000] {processor.py:830} INFO - Processing file /home/airflow/.local/lib/python3.12/site-packages/airflow/example_dags/example_task_group.py for tasks to queue
[2026-06-11T22:52:08.610+0000] {logging_mixin.py:188} INFO - [2026-06-11T22:52:08.610+0000] {dagbag.py:545} INFO - Filling up the DagBag from /home/airflow/.local/lib/python3.12/site-packages/airflow/example_dags/example_task_group.py
[2026-06-11T22:52:08.623+0000] {processor.py:840} INFO - DAG(s) 'example_task_group' retrieved from /home/airflow/.local/lib/python3.12/site-packages/airflow/example_dags/example_task_group.py
[2026-06-11T22:52:08.648+0000] {logging_mixin.py:188} INFO - [2026-06-11T22:52:08.647+0000] {dag.py:3096} INFO - Sync 1 DAGs
[2026-06-11T22:52:08.675+0000] {logging_mixin.py:188} INFO - [2026-06-11T22:52:08.674+0000] {dag.py:3954} INFO - Setting next_dagrun for example_task_group to 2026-06-10 00:00:00+00:00, run_after=2026-06-11 00:00:00+00:00
[2026-06-11T22:52:08.698+0000] {processor.py:183} INFO - Processing /home/airflow/.local/lib/python3.12/site-packages/airflow/example_dags/example_task_group.py took 0.098 seconds
[2026-06-11T22:52:39.240+0000] {processor.py:161} INFO - Started process (PID=5460) to work on /home/airflow/.local/lib/python3.12/site-packages/airflow/example_dags/example_task_group.py
[2026-06-11T22:52:39.241+0000] {processor.py:830} INFO - Processing file /home/airflow/.local/lib/python3.12/site-packages/airflow/example_dags/example_task_group.py for tasks to queue
[2026-06-11T22:52:39.243+0000] {logging_mixin.py:188} INFO - [2026-06-11T22:52:39.242+0000] {dagbag.py:545} INFO - Filling up the DagBag from /home/airflow/.local/lib/python3.12/site-packages/airflow/example_dags/example_task_group.py
[2026-06-11T22:52:39.251+0000] {processor.py:840} INFO - DAG(s) 'example_task_group' retrieved from /home/airflow/.local/lib/python3.12/site-packages/airflow/example_dags/example_task_group.py
[2026-06-11T22:52:39.278+0000] {logging_mixin.py:188} INFO - [2026-06-11T22:52:39.278+0000] {dag.py:3096} INFO - Sync 1 DAGs
[2026-06-11T22:52:39.308+0000] {logging_mixin.py:188} INFO - [2026-06-11T22:52:39.307+0000] {dag.py:3954} INFO - Setting next_dagrun for example_task_group to 2026-06-10 00:00:00+00:00, run_after=2026-06-11 00:00:00+00:00
[2026-06-11T22:52:39.338+0000] {processor.py:183} INFO - Processing /home/airflow/.local/lib/python3.12/site-packages/airflow/example_dags/example_task_group.py took 0.109 seconds
[2026-06-11T22:53:09.480+0000] {processor.py:161} INFO - Started process (PID=5522) to work on /home/airflow/.local/lib/python3.12/site-packages/airflow/example_dags/example_task_group.py
[2026-06-11T22:53:09.480+0000] {processor.py:830} INFO - Processing file /home/airflow/.local/lib/python3.12/site-packages/airflow/example_dags/example_task_group.py for tasks to queue
[2026-06-11T22:53:09.482+0000] {logging_mixin.py:188} INFO - [2026-06-11T22:53:09.481+0000] {dagbag.py:545} INFO - Filling up the DagBag from /home/airflow/.local/lib/python3.12/site-packages/airflow/example_dags/example_task_group.py
[2026-06-11T22:53:09.488+0000] {processor.py:840} INFO - DAG(s) 'example_task_group' retrieved from /home/airflow/.local/lib/python3.12/site-packages/airflow/example_dags/example_task_group.py
[2026-06-11T22:53:09.508+0000] {logging_mixin.py:188} INFO - [2026-06-11T22:53:09.508+0000] {dag.py:3096} INFO - Sync 1 DAGs
[2026-06-11T22:53:09.527+0000] {logging_mixin.py:188} INFO - [2026-06-11T22:53:09.527+0000] {dag.py:3954} INFO - Setting next_dagrun for example_task_group to 2026-06-10 00:00:00+00:00, run_after=2026-06-11 00:00:00+00:00
[2026-06-11T22:53:09.546+0000] {processor.py:183} INFO - Processing /home/airflow/.local/lib/python3.12/site-packages/airflow/example_dags/example_task_group.py took 0.072 seconds
[2026-06-11T22:53:40.202+0000] {processor.py:161} INFO - Started process (PID=5584) to work on /home/airflow/.local/lib/python3.12/site-packages/airflow/example_dags/example_task_group.py
[2026-06-11T22:53:40.202+0000] {processor.py:830} INFO - Processing file /home/airflow/.local/lib/python3.12/site-packages/airflow/example_dags/example_task_group.py for tasks to queue
[2026-06-11T22:53:40.204+0000] {logging_mixin.py:188} INFO - [2026-06-11T22:53:40.204+0000] {dagbag.py:545} INFO - Filling up the DagBag from /home/airflow/.local/lib/python3.12/site-packages/airflow/example_dags/example_task_group.py
[2026-06-11T22:53:40.210+0000] {processor.py:840} INFO - DAG(s) 'example_task_group' retrieved from /home/airflow/.local/lib/python3.12/site-packages/airflow/example_dags/example_task_group.py
[2026-06-11T22:53:40.229+0000] {logging_mixin.py:188} INFO - [2026-06-11T22:53:40.228+0000] {dag.py:3096} INFO - Sync 1 DAGs
[2026-06-11T22:53:40.247+0000] {logging_mixin.py:188} INFO - [2026-06-11T22:53:40.247+0000] {dag.py:3954} INFO - Setting next_dagrun for example_task_group to 2026-06-10 00:00:00+00:00, run_after=2026-06-11 00:00:00+00:00
[2026-06-11T22:53:40.262+0000] {processor.py:183} INFO - Processing /home/airflow/.local/lib/python3.12/site-packages/airflow/example_dags/example_task_group.py took 0.066 seconds
[2026-06-11T22:54:11.148+0000] {processor.py:161} INFO - Started process (PID=5646) to work on /home/airflow/.local/lib/python3.12/site-packages/airflow/example_dags/example_task_group.py
[2026-06-11T22:54:11.149+0000] {processor.py:830} INFO - Processing file /home/airflow/.local/lib/python3.12/site-packages/airflow/example_dags/example_task_group.py for tasks to queue
[2026-06-11T22:54:11.151+0000] {logging_mixin.py:188} INFO - [2026-06-11T22:54:11.151+0000] {dagbag.py:545} INFO - Filling up the DagBag from /home/airflow/.local/lib/python3.12/site-packages/airflow/example_dags/example_task_group.py
[2026-06-11T22:54:11.192+0000] {processor.py:840} INFO - DAG(s) 'example_task_group' retrieved from /home/airflow/.local/lib/python3.12/site-packages/airflow/example_dags/example_task_group.py
[2026-06-11T22:54:11.232+0000] {logging_mixin.py:188} INFO - [2026-06-11T22:54:11.231+0000] {dag.py:3096} INFO - Sync 1 DAGs
[2026-06-11T22:54:11.373+0000] {logging_mixin.py:188} INFO - [2026-06-11T22:54:11.373+0000] {dag.py:3954} INFO - Setting next_dagrun for example_task_group to 2026-06-10 00:00:00+00:00, run_after=2026-06-11 00:00:00+00:00
[2026-06-11T22:54:11.444+0000] {processor.py:183} INFO - Processing /home/airflow/.local/lib/python3.12/site-packages/airflow/example_dags/example_task_group.py took 0.306 seconds
[2026-06-11T22:54:42.222+0000] {processor.py:161} INFO - Started process (PID=5709) to work on /home/airflow/.local/lib/python3.12/site-packages/airflow/example_dags/example_task_group.py
[2026-06-11T22:54:42.223+0000] {processor.py:830} INFO - Processing file /home/airflow/.local/lib/python3.12/site-packages/airflow/example_dags/example_task_group.py for tasks to queue
[2026-06-11T22:54:42.225+0000] {logging_mixin.py:188} INFO - [2026-06-11T22:54:42.225+0000] {dagbag.py:545} INFO - Filling up the DagBag from /home/airflow/.local/lib/python3.12/site-packages/airflow/example_dags/example_task_group.py
[2026-06-11T22:54:42.234+0000] {processor.py:840} INFO - DAG(s) 'example_task_group' retrieved from /home/airflow/.local/lib/python3.12/site-packages/airflow/example_dags/example_task_group.py
[2026-06-11T22:54:42.260+0000] {logging_mixin.py:188} INFO - [2026-06-11T22:54:42.260+0000] {dag.py:3096} INFO - Sync 1 DAGs
[2026-06-11T22:54:42.287+0000] {logging_mixin.py:188} INFO - [2026-06-11T22:54:42.287+0000] {dag.py:3954} INFO - Setting next_dagrun for example_task_group to 2026-06-10 00:00:00+00:00, run_after=2026-06-11 00:00:00+00:00
[2026-06-11T22:54:42.308+0000] {processor.py:183} INFO - Processing /home/airflow/.local/lib/python3.12/site-packages/airflow/example_dags/example_task_group.py took 0.092 seconds
[2026-06-11T22:55:13.126+0000] {processor.py:161} INFO - Started process (PID=5771) to work on /home/airflow/.local/lib/python3.12/site-packages/airflow/example_dags/example_task_group.py
[2026-06-11T22:55:13.127+0000] {processor.py:830} INFO - Processing file /home/airflow/.local/lib/python3.12/site-packages/airflow/example_dags/example_task_group.py for tasks to queue
[2026-06-11T22:55:13.129+0000] {logging_mixin.py:188} INFO - [2026-06-11T22:55:13.129+0000] {dagbag.py:545} INFO - Filling up the DagBag from /home/airflow/.local/lib/python3.12/site-packages/airflow/example_dags/example_task_group.py
[2026-06-11T22:55:13.137+0000] {processor.py:840} INFO - DAG(s) 'example_task_group' retrieved from /home/airflow/.local/lib/python3.12/site-packages/airflow/example_dags/example_task_group.py
[2026-06-11T22:55:13.167+0000] {logging_mixin.py:188} INFO - [2026-06-11T22:55:13.166+0000] {dag.py:3096} INFO - Sync 1 DAGs
[2026-06-11T22:55:13.195+0000] {logging_mixin.py:188} INFO - [2026-06-11T22:55:13.195+0000] {dag.py:3954} INFO - Setting next_dagrun for example_task_group to 2026-06-10 00:00:00+00:00, run_after=2026-06-11 00:00:00+00:00
[2026-06-11T22:55:13.257+0000] {processor.py:183} INFO - Processing /home/airflow/.local/lib/python3.12/site-packages/airflow/example_dags/example_task_group.py took 0.137 seconds
[2026-06-11T22:55:43.321+0000] {processor.py:161} INFO - Started process (PID=5833) to work on /home/airflow/.local/lib/python3.12/site-packages/airflow/example_dags/example_task_group.py
[2026-06-11T22:55:43.322+0000] {processor.py:830} INFO - Processing file /home/airflow/.local/lib/python3.12/site-packages/airflow/example_dags/example_task_group.py for tasks to queue
[2026-06-11T22:55:43.323+0000] {logging_mixin.py:188} INFO - [2026-06-11T22:55:43.323+0000] {dagbag.py:545} INFO - Filling up the DagBag from /home/airflow/.local/lib/python3.12/site-packages/airflow/example_dags/example_task_group.py
[2026-06-11T22:55:43.332+0000] {processor.py:840} INFO - DAG(s) 'example_task_group' retrieved from /home/airflow/.local/lib/python3.12/site-packages/airflow/example_dags/example_task_group.py
[2026-06-11T22:55:43.360+0000] {logging_mixin.py:188} INFO - [2026-06-11T22:55:43.360+0000] {dag.py:3096} INFO - Sync 1 DAGs
[2026-06-11T22:55:43.390+0000] {logging_mixin.py:188} INFO - [2026-06-11T22:55:43.390+0000] {dag.py:3954} INFO - Setting next_dagrun for example_task_group to 2026-06-10 00:00:00+00:00, run_after=2026-06-11 00:00:00+00:00
[2026-06-11T22:55:43.413+0000] {processor.py:183} INFO - Processing /home/airflow/.local/lib/python3.12/site-packages/airflow/example_dags/example_task_group.py took 0.099 seconds
[2026-06-11T22:56:13.507+0000] {processor.py:161} INFO - Started process (PID=5895) to work on /home/airflow/.local/lib/python3.12/site-packages/airflow/example_dags/example_task_group.py
[2026-06-11T22:56:13.507+0000] {processor.py:830} INFO - Processing file /home/airflow/.local/lib/python3.12/site-packages/airflow/example_dags/example_task_group.py for tasks to queue
[2026-06-11T22:56:13.509+0000] {logging_mixin.py:188} INFO - [2026-06-11T22:56:13.509+0000] {dagbag.py:545} INFO - Filling up the DagBag from /home/airflow/.local/lib/python3.12/site-packages/airflow/example_dags/example_task_group.py
[2026-06-11T22:56:13.518+0000] {processor.py:840} INFO - DAG(s) 'example_task_group' retrieved from /home/airflow/.local/lib/python3.12/site-packages/airflow/example_dags/example_task_group.py
[2026-06-11T22:56:13.546+0000] {logging_mixin.py:188} INFO - [2026-06-11T22:56:13.545+0000] {dag.py:3096} INFO - Sync 1 DAGs
[2026-06-11T22:56:13.585+0000] {logging_mixin.py:188} INFO - [2026-06-11T22:56:13.584+0000] {dag.py:3954} INFO - Setting next_dagrun for example_task_group to 2026-06-10 00:00:00+00:00, run_after=2026-06-11 00:00:00+00:00
[2026-06-11T22:56:13.605+0000] {processor.py:183} INFO - Processing /home/airflow/.local/lib/python3.12/site-packages/airflow/example_dags/example_task_group.py took 0.105 seconds
[2026-06-11T22:56:43.704+0000] {processor.py:161} INFO - Started process (PID=5957) to work on /home/airflow/.local/lib/python3.12/site-packages/airflow/example_dags/example_task_group.py
[2026-06-11T22:56:43.705+0000] {processor.py:830} INFO - Processing file /home/airflow/.local/lib/python3.12/site-packages/airflow/example_dags/example_task_group.py for tasks to queue
[2026-06-11T22:56:43.707+0000] {logging_mixin.py:188} INFO - [2026-06-11T22:56:43.707+0000] {dagbag.py:545} INFO - Filling up the DagBag from /home/airflow/.local/lib/python3.12/site-packages/airflow/example_dags/example_task_group.py
[2026-06-11T22:56:43.715+0000] {processor.py:840} INFO - DAG(s) 'example_task_group' retrieved from /home/airflow/.local/lib/python3.12/site-packages/airflow/example_dags/example_task_group.py
[2026-06-11T22:56:43.743+0000] {logging_mixin.py:188} INFO - [2026-06-11T22:56:43.743+0000] {dag.py:3096} INFO - Sync 1 DAGs
[2026-06-11T22:56:43.771+0000] {logging_mixin.py:188} INFO - [2026-06-11T22:56:43.771+0000] {dag.py:3954} INFO - Setting next_dagrun for example_task_group to 2026-06-10 00:00:00+00:00, run_after=2026-06-11 00:00:00+00:00
[2026-06-11T22:56:43.797+0000] {processor.py:183} INFO - Processing /home/airflow/.local/lib/python3.12/site-packages/airflow/example_dags/example_task_group.py took 0.099 seconds
