[2026-06-11T22:08:08.154+0000] {processor.py:161} INFO - Started process (PID=130) to work on /home/airflow/.local/lib/python3.12/site-packages/airflow/example_dags/example_branch_python_dop_operator_3.py
[2026-06-11T22:08:08.158+0000] {processor.py:830} INFO - Processing file /home/airflow/.local/lib/python3.12/site-packages/airflow/example_dags/example_branch_python_dop_operator_3.py for tasks to queue
[2026-06-11T22:08:08.163+0000] {logging_mixin.py:188} INFO - [2026-06-11T22:08:08.162+0000] {dagbag.py:545} INFO - Filling up the DagBag from /home/airflow/.local/lib/python3.12/site-packages/airflow/example_dags/example_branch_python_dop_operator_3.py
[2026-06-11T22:08:08.192+0000] {processor.py:840} INFO - DAG(s) 'example_branch_dop_operator_v3' retrieved from /home/airflow/.local/lib/python3.12/site-packages/airflow/example_dags/example_branch_python_dop_operator_3.py
[2026-06-11T22:08:08.232+0000] {logging_mixin.py:188} INFO - [2026-06-11T22:08:08.232+0000] {dag.py:3096} INFO - Sync 1 DAGs
[2026-06-11T22:08:08.275+0000] {logging_mixin.py:188} INFO - [2026-06-11T22:08:08.273+0000] {dag.py:3954} INFO - Setting next_dagrun for example_branch_dop_operator_v3 to 2026-06-11 22:07:00+00:00, run_after=2026-06-11 22:08:00+00:00
[2026-06-11T22:08:08.318+0000] {processor.py:183} INFO - Processing /home/airflow/.local/lib/python3.12/site-packages/airflow/example_dags/example_branch_python_dop_operator_3.py took 0.181 seconds
[2026-06-11T22:08:38.842+0000] {processor.py:161} INFO - Started process (PID=191) to work on /home/airflow/.local/lib/python3.12/site-packages/airflow/example_dags/example_branch_python_dop_operator_3.py
[2026-06-11T22:08:38.843+0000] {processor.py:830} INFO - Processing file /home/airflow/.local/lib/python3.12/site-packages/airflow/example_dags/example_branch_python_dop_operator_3.py for tasks to queue
[2026-06-11T22:08:38.845+0000] {logging_mixin.py:188} INFO - [2026-06-11T22:08:38.844+0000] {dagbag.py:545} INFO - Filling up the DagBag from /home/airflow/.local/lib/python3.12/site-packages/airflow/example_dags/example_branch_python_dop_operator_3.py
[2026-06-11T22:08:38.855+0000] {processor.py:840} INFO - DAG(s) 'example_branch_dop_operator_v3' retrieved from /home/airflow/.local/lib/python3.12/site-packages/airflow/example_dags/example_branch_python_dop_operator_3.py
[2026-06-11T22:08:38.879+0000] {logging_mixin.py:188} INFO - [2026-06-11T22:08:38.879+0000] {dag.py:3096} INFO - Sync 1 DAGs
[2026-06-11T22:08:38.911+0000] {logging_mixin.py:188} INFO - [2026-06-11T22:08:38.911+0000] {dag.py:3954} INFO - Setting next_dagrun for example_branch_dop_operator_v3 to 2026-06-11 22:07:00+00:00, run_after=2026-06-11 22:08:00+00:00
[2026-06-11T22:08:38.935+0000] {processor.py:183} INFO - Processing /home/airflow/.local/lib/python3.12/site-packages/airflow/example_dags/example_branch_python_dop_operator_3.py took 0.100 seconds
[2026-06-11T22:09:09.762+0000] {processor.py:161} INFO - Started process (PID=252) to work on /home/airflow/.local/lib/python3.12/site-packages/airflow/example_dags/example_branch_python_dop_operator_3.py
[2026-06-11T22:09:09.763+0000] {processor.py:830} INFO - Processing file /home/airflow/.local/lib/python3.12/site-packages/airflow/example_dags/example_branch_python_dop_operator_3.py for tasks to queue
[2026-06-11T22:09:09.766+0000] {logging_mixin.py:188} INFO - [2026-06-11T22:09:09.766+0000] {dagbag.py:545} INFO - Filling up the DagBag from /home/airflow/.local/lib/python3.12/site-packages/airflow/example_dags/example_branch_python_dop_operator_3.py
[2026-06-11T22:09:09.781+0000] {processor.py:840} INFO - DAG(s) 'example_branch_dop_operator_v3' retrieved from /home/airflow/.local/lib/python3.12/site-packages/airflow/example_dags/example_branch_python_dop_operator_3.py
[2026-06-11T22:09:09.804+0000] {logging_mixin.py:188} INFO - [2026-06-11T22:09:09.803+0000] {dag.py:3096} INFO - Sync 1 DAGs
[2026-06-11T22:09:09.837+0000] {logging_mixin.py:188} INFO - [2026-06-11T22:09:09.837+0000] {dag.py:3954} INFO - Setting next_dagrun for example_branch_dop_operator_v3 to 2026-06-11 22:08:00+00:00, run_after=2026-06-11 22:09:00+00:00
[2026-06-11T22:09:09.861+0000] {processor.py:183} INFO - Processing /home/airflow/.local/lib/python3.12/site-packages/airflow/example_dags/example_branch_python_dop_operator_3.py took 0.106 seconds
[2026-06-11T22:09:40.246+0000] {processor.py:161} INFO - Started process (PID=313) to work on /home/airflow/.local/lib/python3.12/site-packages/airflow/example_dags/example_branch_python_dop_operator_3.py
[2026-06-11T22:09:40.247+0000] {processor.py:830} INFO - Processing file /home/airflow/.local/lib/python3.12/site-packages/airflow/example_dags/example_branch_python_dop_operator_3.py for tasks to queue
[2026-06-11T22:09:40.249+0000] {logging_mixin.py:188} INFO - [2026-06-11T22:09:40.248+0000] {dagbag.py:545} INFO - Filling up the DagBag from /home/airflow/.local/lib/python3.12/site-packages/airflow/example_dags/example_branch_python_dop_operator_3.py
[2026-06-11T22:09:40.273+0000] {processor.py:840} INFO - DAG(s) 'example_branch_dop_operator_v3' retrieved from /home/airflow/.local/lib/python3.12/site-packages/airflow/example_dags/example_branch_python_dop_operator_3.py
[2026-06-11T22:09:40.327+0000] {logging_mixin.py:188} INFO - [2026-06-11T22:09:40.327+0000] {dag.py:3096} INFO - Sync 1 DAGs
[2026-06-11T22:09:40.403+0000] {logging_mixin.py:188} INFO - [2026-06-11T22:09:40.403+0000] {dag.py:3954} INFO - Setting next_dagrun for example_branch_dop_operator_v3 to 2026-06-11 22:08:00+00:00, run_after=2026-06-11 22:09:00+00:00
[2026-06-11T22:09:40.438+0000] {processor.py:183} INFO - Processing /home/airflow/.local/lib/python3.12/site-packages/airflow/example_dags/example_branch_python_dop_operator_3.py took 0.199 seconds
[2026-06-11T22:10:10.562+0000] {processor.py:161} INFO - Started process (PID=374) to work on /home/airflow/.local/lib/python3.12/site-packages/airflow/example_dags/example_branch_python_dop_operator_3.py
[2026-06-11T22:10:10.563+0000] {processor.py:830} INFO - Processing file /home/airflow/.local/lib/python3.12/site-packages/airflow/example_dags/example_branch_python_dop_operator_3.py for tasks to queue
[2026-06-11T22:10:10.565+0000] {logging_mixin.py:188} INFO - [2026-06-11T22:10:10.565+0000] {dagbag.py:545} INFO - Filling up the DagBag from /home/airflow/.local/lib/python3.12/site-packages/airflow/example_dags/example_branch_python_dop_operator_3.py
[2026-06-11T22:10:10.581+0000] {processor.py:840} INFO - DAG(s) 'example_branch_dop_operator_v3' retrieved from /home/airflow/.local/lib/python3.12/site-packages/airflow/example_dags/example_branch_python_dop_operator_3.py
[2026-06-11T22:10:10.667+0000] {logging_mixin.py:188} INFO - [2026-06-11T22:10:10.665+0000] {dag.py:3096} INFO - Sync 1 DAGs
[2026-06-11T22:10:10.745+0000] {logging_mixin.py:188} INFO - [2026-06-11T22:10:10.744+0000] {dag.py:3954} INFO - Setting next_dagrun for example_branch_dop_operator_v3 to 2026-06-11 22:09:00+00:00, run_after=2026-06-11 22:10:00+00:00
[2026-06-11T22:10:10.783+0000] {processor.py:183} INFO - Processing /home/airflow/.local/lib/python3.12/site-packages/airflow/example_dags/example_branch_python_dop_operator_3.py took 0.231 seconds
[2026-06-11T22:10:43.506+0000] {processor.py:161} INFO - Started process (PID=435) to work on /home/airflow/.local/lib/python3.12/site-packages/airflow/example_dags/example_branch_python_dop_operator_3.py
[2026-06-11T22:10:43.509+0000] {processor.py:830} INFO - Processing file /home/airflow/.local/lib/python3.12/site-packages/airflow/example_dags/example_branch_python_dop_operator_3.py for tasks to queue
[2026-06-11T22:10:43.512+0000] {logging_mixin.py:188} INFO - [2026-06-11T22:10:43.511+0000] {dagbag.py:545} INFO - Filling up the DagBag from /home/airflow/.local/lib/python3.12/site-packages/airflow/example_dags/example_branch_python_dop_operator_3.py
[2026-06-11T22:10:43.540+0000] {processor.py:840} INFO - DAG(s) 'example_branch_dop_operator_v3' retrieved from /home/airflow/.local/lib/python3.12/site-packages/airflow/example_dags/example_branch_python_dop_operator_3.py
[2026-06-11T22:10:43.575+0000] {logging_mixin.py:188} INFO - [2026-06-11T22:10:43.575+0000] {dag.py:3096} INFO - Sync 1 DAGs
[2026-06-11T22:10:43.623+0000] {logging_mixin.py:188} INFO - [2026-06-11T22:10:43.621+0000] {dag.py:3954} INFO - Setting next_dagrun for example_branch_dop_operator_v3 to 2026-06-11 22:09:00+00:00, run_after=2026-06-11 22:10:00+00:00
[2026-06-11T22:10:43.663+0000] {processor.py:183} INFO - Processing /home/airflow/.local/lib/python3.12/site-packages/airflow/example_dags/example_branch_python_dop_operator_3.py took 0.171 seconds
[2026-06-11T22:11:15.848+0000] {processor.py:161} INFO - Started process (PID=496) to work on /home/airflow/.local/lib/python3.12/site-packages/airflow/example_dags/example_branch_python_dop_operator_3.py
[2026-06-11T22:11:15.850+0000] {processor.py:830} INFO - Processing file /home/airflow/.local/lib/python3.12/site-packages/airflow/example_dags/example_branch_python_dop_operator_3.py for tasks to queue
[2026-06-11T22:11:15.857+0000] {logging_mixin.py:188} INFO - [2026-06-11T22:11:15.857+0000] {dagbag.py:545} INFO - Filling up the DagBag from /home/airflow/.local/lib/python3.12/site-packages/airflow/example_dags/example_branch_python_dop_operator_3.py
[2026-06-11T22:11:15.898+0000] {processor.py:840} INFO - DAG(s) 'example_branch_dop_operator_v3' retrieved from /home/airflow/.local/lib/python3.12/site-packages/airflow/example_dags/example_branch_python_dop_operator_3.py
[2026-06-11T22:11:15.992+0000] {logging_mixin.py:188} INFO - [2026-06-11T22:11:15.991+0000] {dag.py:3096} INFO - Sync 1 DAGs
[2026-06-11T22:11:16.110+0000] {logging_mixin.py:188} INFO - [2026-06-11T22:11:16.110+0000] {dag.py:3954} INFO - Setting next_dagrun for example_branch_dop_operator_v3 to 2026-06-11 22:10:00+00:00, run_after=2026-06-11 22:11:00+00:00
[2026-06-11T22:11:16.184+0000] {processor.py:183} INFO - Processing /home/airflow/.local/lib/python3.12/site-packages/airflow/example_dags/example_branch_python_dop_operator_3.py took 0.380 seconds
[2026-06-11T22:11:46.865+0000] {processor.py:161} INFO - Started process (PID=557) to work on /home/airflow/.local/lib/python3.12/site-packages/airflow/example_dags/example_branch_python_dop_operator_3.py
[2026-06-11T22:11:46.866+0000] {processor.py:830} INFO - Processing file /home/airflow/.local/lib/python3.12/site-packages/airflow/example_dags/example_branch_python_dop_operator_3.py for tasks to queue
[2026-06-11T22:11:46.868+0000] {logging_mixin.py:188} INFO - [2026-06-11T22:11:46.868+0000] {dagbag.py:545} INFO - Filling up the DagBag from /home/airflow/.local/lib/python3.12/site-packages/airflow/example_dags/example_branch_python_dop_operator_3.py
[2026-06-11T22:11:46.879+0000] {processor.py:840} INFO - DAG(s) 'example_branch_dop_operator_v3' retrieved from /home/airflow/.local/lib/python3.12/site-packages/airflow/example_dags/example_branch_python_dop_operator_3.py
[2026-06-11T22:11:46.903+0000] {logging_mixin.py:188} INFO - [2026-06-11T22:11:46.902+0000] {dag.py:3096} INFO - Sync 1 DAGs
[2026-06-11T22:11:46.936+0000] {logging_mixin.py:188} INFO - [2026-06-11T22:11:46.936+0000] {dag.py:3954} INFO - Setting next_dagrun for example_branch_dop_operator_v3 to 2026-06-11 22:10:00+00:00, run_after=2026-06-11 22:11:00+00:00
[2026-06-11T22:11:46.957+0000] {processor.py:183} INFO - Processing /home/airflow/.local/lib/python3.12/site-packages/airflow/example_dags/example_branch_python_dop_operator_3.py took 0.099 seconds
[2026-06-11T22:12:18.049+0000] {processor.py:161} INFO - Started process (PID=618) to work on /home/airflow/.local/lib/python3.12/site-packages/airflow/example_dags/example_branch_python_dop_operator_3.py
[2026-06-11T22:12:18.050+0000] {processor.py:830} INFO - Processing file /home/airflow/.local/lib/python3.12/site-packages/airflow/example_dags/example_branch_python_dop_operator_3.py for tasks to queue
[2026-06-11T22:12:18.054+0000] {logging_mixin.py:188} INFO - [2026-06-11T22:12:18.054+0000] {dagbag.py:545} INFO - Filling up the DagBag from /home/airflow/.local/lib/python3.12/site-packages/airflow/example_dags/example_branch_python_dop_operator_3.py
[2026-06-11T22:12:18.066+0000] {processor.py:840} INFO - DAG(s) 'example_branch_dop_operator_v3' retrieved from /home/airflow/.local/lib/python3.12/site-packages/airflow/example_dags/example_branch_python_dop_operator_3.py
[2026-06-11T22:12:18.106+0000] {logging_mixin.py:188} INFO - [2026-06-11T22:12:18.105+0000] {dag.py:3096} INFO - Sync 1 DAGs
[2026-06-11T22:12:18.191+0000] {logging_mixin.py:188} INFO - [2026-06-11T22:12:18.188+0000] {dag.py:3954} INFO - Setting next_dagrun for example_branch_dop_operator_v3 to 2026-06-11 22:11:00+00:00, run_after=2026-06-11 22:12:00+00:00
[2026-06-11T22:12:18.235+0000] {processor.py:183} INFO - Processing /home/airflow/.local/lib/python3.12/site-packages/airflow/example_dags/example_branch_python_dop_operator_3.py took 0.194 seconds
[2026-06-11T22:12:48.378+0000] {processor.py:161} INFO - Started process (PID=677) to work on /home/airflow/.local/lib/python3.12/site-packages/airflow/example_dags/example_branch_python_dop_operator_3.py
[2026-06-11T22:12:48.380+0000] {processor.py:830} INFO - Processing file /home/airflow/.local/lib/python3.12/site-packages/airflow/example_dags/example_branch_python_dop_operator_3.py for tasks to queue
[2026-06-11T22:12:48.382+0000] {logging_mixin.py:188} INFO - [2026-06-11T22:12:48.381+0000] {dagbag.py:545} INFO - Filling up the DagBag from /home/airflow/.local/lib/python3.12/site-packages/airflow/example_dags/example_branch_python_dop_operator_3.py
[2026-06-11T22:12:48.396+0000] {processor.py:840} INFO - DAG(s) 'example_branch_dop_operator_v3' retrieved from /home/airflow/.local/lib/python3.12/site-packages/airflow/example_dags/example_branch_python_dop_operator_3.py
[2026-06-11T22:12:48.419+0000] {logging_mixin.py:188} INFO - [2026-06-11T22:12:48.418+0000] {dag.py:3096} INFO - Sync 1 DAGs
[2026-06-11T22:12:48.466+0000] {logging_mixin.py:188} INFO - [2026-06-11T22:12:48.466+0000] {dag.py:3954} INFO - Setting next_dagrun for example_branch_dop_operator_v3 to 2026-06-11 22:11:00+00:00, run_after=2026-06-11 22:12:00+00:00
[2026-06-11T22:12:48.503+0000] {processor.py:183} INFO - Processing /home/airflow/.local/lib/python3.12/site-packages/airflow/example_dags/example_branch_python_dop_operator_3.py took 0.138 seconds
[2026-06-11T22:13:18.611+0000] {processor.py:161} INFO - Started process (PID=740) to work on /home/airflow/.local/lib/python3.12/site-packages/airflow/example_dags/example_branch_python_dop_operator_3.py
[2026-06-11T22:13:18.612+0000] {processor.py:830} INFO - Processing file /home/airflow/.local/lib/python3.12/site-packages/airflow/example_dags/example_branch_python_dop_operator_3.py for tasks to queue
[2026-06-11T22:13:18.614+0000] {logging_mixin.py:188} INFO - [2026-06-11T22:13:18.614+0000] {dagbag.py:545} INFO - Filling up the DagBag from /home/airflow/.local/lib/python3.12/site-packages/airflow/example_dags/example_branch_python_dop_operator_3.py
[2026-06-11T22:13:18.629+0000] {processor.py:840} INFO - DAG(s) 'example_branch_dop_operator_v3' retrieved from /home/airflow/.local/lib/python3.12/site-packages/airflow/example_dags/example_branch_python_dop_operator_3.py
[2026-06-11T22:13:18.826+0000] {logging_mixin.py:188} INFO - [2026-06-11T22:13:18.826+0000] {dag.py:3096} INFO - Sync 1 DAGs
[2026-06-11T22:13:18.872+0000] {logging_mixin.py:188} INFO - [2026-06-11T22:13:18.872+0000] {dag.py:3954} INFO - Setting next_dagrun for example_branch_dop_operator_v3 to 2026-06-11 22:12:00+00:00, run_after=2026-06-11 22:13:00+00:00
[2026-06-11T22:13:18.892+0000] {processor.py:183} INFO - Processing /home/airflow/.local/lib/python3.12/site-packages/airflow/example_dags/example_branch_python_dop_operator_3.py took 0.288 seconds
[2026-06-11T22:13:49.843+0000] {processor.py:161} INFO - Started process (PID=801) to work on /home/airflow/.local/lib/python3.12/site-packages/airflow/example_dags/example_branch_python_dop_operator_3.py
[2026-06-11T22:13:49.846+0000] {processor.py:830} INFO - Processing file /home/airflow/.local/lib/python3.12/site-packages/airflow/example_dags/example_branch_python_dop_operator_3.py for tasks to queue
[2026-06-11T22:13:49.849+0000] {logging_mixin.py:188} INFO - [2026-06-11T22:13:49.849+0000] {dagbag.py:545} INFO - Filling up the DagBag from /home/airflow/.local/lib/python3.12/site-packages/airflow/example_dags/example_branch_python_dop_operator_3.py
[2026-06-11T22:13:49.879+0000] {processor.py:840} INFO - DAG(s) 'example_branch_dop_operator_v3' retrieved from /home/airflow/.local/lib/python3.12/site-packages/airflow/example_dags/example_branch_python_dop_operator_3.py
[2026-06-11T22:13:49.940+0000] {logging_mixin.py:188} INFO - [2026-06-11T22:13:49.939+0000] {dag.py:3096} INFO - Sync 1 DAGs
[2026-06-11T22:13:50.016+0000] {logging_mixin.py:188} INFO - [2026-06-11T22:13:50.016+0000] {dag.py:3954} INFO - Setting next_dagrun for example_branch_dop_operator_v3 to 2026-06-11 22:12:00+00:00, run_after=2026-06-11 22:13:00+00:00
[2026-06-11T22:13:50.075+0000] {processor.py:183} INFO - Processing /home/airflow/.local/lib/python3.12/site-packages/airflow/example_dags/example_branch_python_dop_operator_3.py took 0.262 seconds
[2026-06-11T22:14:20.335+0000] {processor.py:161} INFO - Started process (PID=862) to work on /home/airflow/.local/lib/python3.12/site-packages/airflow/example_dags/example_branch_python_dop_operator_3.py
[2026-06-11T22:14:20.336+0000] {processor.py:830} INFO - Processing file /home/airflow/.local/lib/python3.12/site-packages/airflow/example_dags/example_branch_python_dop_operator_3.py for tasks to queue
[2026-06-11T22:14:20.338+0000] {logging_mixin.py:188} INFO - [2026-06-11T22:14:20.338+0000] {dagbag.py:545} INFO - Filling up the DagBag from /home/airflow/.local/lib/python3.12/site-packages/airflow/example_dags/example_branch_python_dop_operator_3.py
[2026-06-11T22:14:20.349+0000] {processor.py:840} INFO - DAG(s) 'example_branch_dop_operator_v3' retrieved from /home/airflow/.local/lib/python3.12/site-packages/airflow/example_dags/example_branch_python_dop_operator_3.py
[2026-06-11T22:14:20.377+0000] {logging_mixin.py:188} INFO - [2026-06-11T22:14:20.376+0000] {dag.py:3096} INFO - Sync 1 DAGs
[2026-06-11T22:14:20.419+0000] {logging_mixin.py:188} INFO - [2026-06-11T22:14:20.418+0000] {dag.py:3954} INFO - Setting next_dagrun for example_branch_dop_operator_v3 to 2026-06-11 22:13:00+00:00, run_after=2026-06-11 22:14:00+00:00
[2026-06-11T22:14:20.442+0000] {processor.py:183} INFO - Processing /home/airflow/.local/lib/python3.12/site-packages/airflow/example_dags/example_branch_python_dop_operator_3.py took 0.114 seconds
[2026-06-11T22:14:51.080+0000] {processor.py:161} INFO - Started process (PID=923) to work on /home/airflow/.local/lib/python3.12/site-packages/airflow/example_dags/example_branch_python_dop_operator_3.py
[2026-06-11T22:14:51.083+0000] {processor.py:830} INFO - Processing file /home/airflow/.local/lib/python3.12/site-packages/airflow/example_dags/example_branch_python_dop_operator_3.py for tasks to queue
[2026-06-11T22:14:51.085+0000] {logging_mixin.py:188} INFO - [2026-06-11T22:14:51.085+0000] {dagbag.py:545} INFO - Filling up the DagBag from /home/airflow/.local/lib/python3.12/site-packages/airflow/example_dags/example_branch_python_dop_operator_3.py
[2026-06-11T22:14:51.106+0000] {processor.py:840} INFO - DAG(s) 'example_branch_dop_operator_v3' retrieved from /home/airflow/.local/lib/python3.12/site-packages/airflow/example_dags/example_branch_python_dop_operator_3.py
[2026-06-11T22:14:51.156+0000] {logging_mixin.py:188} INFO - [2026-06-11T22:14:51.156+0000] {dag.py:3096} INFO - Sync 1 DAGs
[2026-06-11T22:14:51.200+0000] {logging_mixin.py:188} INFO - [2026-06-11T22:14:51.199+0000] {dag.py:3954} INFO - Setting next_dagrun for example_branch_dop_operator_v3 to 2026-06-11 22:13:00+00:00, run_after=2026-06-11 22:14:00+00:00
[2026-06-11T22:14:51.222+0000] {processor.py:183} INFO - Processing /home/airflow/.local/lib/python3.12/site-packages/airflow/example_dags/example_branch_python_dop_operator_3.py took 0.154 seconds
[2026-06-11T22:15:21.792+0000] {processor.py:161} INFO - Started process (PID=984) to work on /home/airflow/.local/lib/python3.12/site-packages/airflow/example_dags/example_branch_python_dop_operator_3.py
[2026-06-11T22:15:21.798+0000] {processor.py:830} INFO - Processing file /home/airflow/.local/lib/python3.12/site-packages/airflow/example_dags/example_branch_python_dop_operator_3.py for tasks to queue
[2026-06-11T22:15:21.803+0000] {logging_mixin.py:188} INFO - [2026-06-11T22:15:21.802+0000] {dagbag.py:545} INFO - Filling up the DagBag from /home/airflow/.local/lib/python3.12/site-packages/airflow/example_dags/example_branch_python_dop_operator_3.py
[2026-06-11T22:15:21.829+0000] {processor.py:840} INFO - DAG(s) 'example_branch_dop_operator_v3' retrieved from /home/airflow/.local/lib/python3.12/site-packages/airflow/example_dags/example_branch_python_dop_operator_3.py
[2026-06-11T22:15:21.878+0000] {logging_mixin.py:188} INFO - [2026-06-11T22:15:21.878+0000] {dag.py:3096} INFO - Sync 1 DAGs
[2026-06-11T22:15:21.939+0000] {logging_mixin.py:188} INFO - [2026-06-11T22:15:21.938+0000] {dag.py:3954} INFO - Setting next_dagrun for example_branch_dop_operator_v3 to 2026-06-11 22:14:00+00:00, run_after=2026-06-11 22:15:00+00:00
[2026-06-11T22:15:21.978+0000] {processor.py:183} INFO - Processing /home/airflow/.local/lib/python3.12/site-packages/airflow/example_dags/example_branch_python_dop_operator_3.py took 0.207 seconds
[2026-06-11T22:15:52.845+0000] {processor.py:161} INFO - Started process (PID=1045) to work on /home/airflow/.local/lib/python3.12/site-packages/airflow/example_dags/example_branch_python_dop_operator_3.py
[2026-06-11T22:15:52.846+0000] {processor.py:830} INFO - Processing file /home/airflow/.local/lib/python3.12/site-packages/airflow/example_dags/example_branch_python_dop_operator_3.py for tasks to queue
[2026-06-11T22:15:52.848+0000] {logging_mixin.py:188} INFO - [2026-06-11T22:15:52.847+0000] {dagbag.py:545} INFO - Filling up the DagBag from /home/airflow/.local/lib/python3.12/site-packages/airflow/example_dags/example_branch_python_dop_operator_3.py
[2026-06-11T22:15:52.858+0000] {processor.py:840} INFO - DAG(s) 'example_branch_dop_operator_v3' retrieved from /home/airflow/.local/lib/python3.12/site-packages/airflow/example_dags/example_branch_python_dop_operator_3.py
[2026-06-11T22:15:52.906+0000] {logging_mixin.py:188} INFO - [2026-06-11T22:15:52.905+0000] {dag.py:3096} INFO - Sync 1 DAGs
[2026-06-11T22:15:52.982+0000] {logging_mixin.py:188} INFO - [2026-06-11T22:15:52.981+0000] {dag.py:3954} INFO - Setting next_dagrun for example_branch_dop_operator_v3 to 2026-06-11 22:14:00+00:00, run_after=2026-06-11 22:15:00+00:00
[2026-06-11T22:15:53.002+0000] {processor.py:183} INFO - Processing /home/airflow/.local/lib/python3.12/site-packages/airflow/example_dags/example_branch_python_dop_operator_3.py took 0.168 seconds
[2026-06-11T22:16:23.769+0000] {processor.py:161} INFO - Started process (PID=1106) to work on /home/airflow/.local/lib/python3.12/site-packages/airflow/example_dags/example_branch_python_dop_operator_3.py
[2026-06-11T22:16:23.770+0000] {processor.py:830} INFO - Processing file /home/airflow/.local/lib/python3.12/site-packages/airflow/example_dags/example_branch_python_dop_operator_3.py for tasks to queue
[2026-06-11T22:16:23.772+0000] {logging_mixin.py:188} INFO - [2026-06-11T22:16:23.771+0000] {dagbag.py:545} INFO - Filling up the DagBag from /home/airflow/.local/lib/python3.12/site-packages/airflow/example_dags/example_branch_python_dop_operator_3.py
[2026-06-11T22:16:23.782+0000] {processor.py:840} INFO - DAG(s) 'example_branch_dop_operator_v3' retrieved from /home/airflow/.local/lib/python3.12/site-packages/airflow/example_dags/example_branch_python_dop_operator_3.py
[2026-06-11T22:16:23.805+0000] {logging_mixin.py:188} INFO - [2026-06-11T22:16:23.805+0000] {dag.py:3096} INFO - Sync 1 DAGs
[2026-06-11T22:16:23.836+0000] {logging_mixin.py:188} INFO - [2026-06-11T22:16:23.836+0000] {dag.py:3954} INFO - Setting next_dagrun for example_branch_dop_operator_v3 to 2026-06-11 22:15:00+00:00, run_after=2026-06-11 22:16:00+00:00
[2026-06-11T22:16:23.856+0000] {processor.py:183} INFO - Processing /home/airflow/.local/lib/python3.12/site-packages/airflow/example_dags/example_branch_python_dop_operator_3.py took 0.097 seconds
[2026-06-11T22:16:54.599+0000] {processor.py:161} INFO - Started process (PID=1167) to work on /home/airflow/.local/lib/python3.12/site-packages/airflow/example_dags/example_branch_python_dop_operator_3.py
[2026-06-11T22:16:54.600+0000] {processor.py:830} INFO - Processing file /home/airflow/.local/lib/python3.12/site-packages/airflow/example_dags/example_branch_python_dop_operator_3.py for tasks to queue
[2026-06-11T22:16:54.604+0000] {logging_mixin.py:188} INFO - [2026-06-11T22:16:54.603+0000] {dagbag.py:545} INFO - Filling up the DagBag from /home/airflow/.local/lib/python3.12/site-packages/airflow/example_dags/example_branch_python_dop_operator_3.py
[2026-06-11T22:16:54.621+0000] {processor.py:840} INFO - DAG(s) 'example_branch_dop_operator_v3' retrieved from /home/airflow/.local/lib/python3.12/site-packages/airflow/example_dags/example_branch_python_dop_operator_3.py
[2026-06-11T22:16:54.658+0000] {logging_mixin.py:188} INFO - [2026-06-11T22:16:54.658+0000] {dag.py:3096} INFO - Sync 1 DAGs
[2026-06-11T22:16:54.720+0000] {logging_mixin.py:188} INFO - [2026-06-11T22:16:54.719+0000] {dag.py:3954} INFO - Setting next_dagrun for example_branch_dop_operator_v3 to 2026-06-11 22:15:00+00:00, run_after=2026-06-11 22:16:00+00:00
[2026-06-11T22:16:54.752+0000] {processor.py:183} INFO - Processing /home/airflow/.local/lib/python3.12/site-packages/airflow/example_dags/example_branch_python_dop_operator_3.py took 0.169 seconds
[2026-06-11T22:17:25.680+0000] {processor.py:161} INFO - Started process (PID=1228) to work on /home/airflow/.local/lib/python3.12/site-packages/airflow/example_dags/example_branch_python_dop_operator_3.py
[2026-06-11T22:17:25.681+0000] {processor.py:830} INFO - Processing file /home/airflow/.local/lib/python3.12/site-packages/airflow/example_dags/example_branch_python_dop_operator_3.py for tasks to queue
[2026-06-11T22:17:25.683+0000] {logging_mixin.py:188} INFO - [2026-06-11T22:17:25.683+0000] {dagbag.py:545} INFO - Filling up the DagBag from /home/airflow/.local/lib/python3.12/site-packages/airflow/example_dags/example_branch_python_dop_operator_3.py
[2026-06-11T22:17:25.697+0000] {processor.py:840} INFO - DAG(s) 'example_branch_dop_operator_v3' retrieved from /home/airflow/.local/lib/python3.12/site-packages/airflow/example_dags/example_branch_python_dop_operator_3.py
[2026-06-11T22:17:25.723+0000] {logging_mixin.py:188} INFO - [2026-06-11T22:17:25.723+0000] {dag.py:3096} INFO - Sync 1 DAGs
[2026-06-11T22:17:25.758+0000] {logging_mixin.py:188} INFO - [2026-06-11T22:17:25.758+0000] {dag.py:3954} INFO - Setting next_dagrun for example_branch_dop_operator_v3 to 2026-06-11 22:16:00+00:00, run_after=2026-06-11 22:17:00+00:00
[2026-06-11T22:17:25.780+0000] {processor.py:183} INFO - Processing /home/airflow/.local/lib/python3.12/site-packages/airflow/example_dags/example_branch_python_dop_operator_3.py took 0.106 seconds
[2026-06-11T22:17:55.974+0000] {processor.py:161} INFO - Started process (PID=1288) to work on /home/airflow/.local/lib/python3.12/site-packages/airflow/example_dags/example_branch_python_dop_operator_3.py
[2026-06-11T22:17:55.975+0000] {processor.py:830} INFO - Processing file /home/airflow/.local/lib/python3.12/site-packages/airflow/example_dags/example_branch_python_dop_operator_3.py for tasks to queue
[2026-06-11T22:17:55.977+0000] {logging_mixin.py:188} INFO - [2026-06-11T22:17:55.977+0000] {dagbag.py:545} INFO - Filling up the DagBag from /home/airflow/.local/lib/python3.12/site-packages/airflow/example_dags/example_branch_python_dop_operator_3.py
[2026-06-11T22:17:55.988+0000] {processor.py:840} INFO - DAG(s) 'example_branch_dop_operator_v3' retrieved from /home/airflow/.local/lib/python3.12/site-packages/airflow/example_dags/example_branch_python_dop_operator_3.py
[2026-06-11T22:17:56.011+0000] {logging_mixin.py:188} INFO - [2026-06-11T22:17:56.011+0000] {dag.py:3096} INFO - Sync 1 DAGs
[2026-06-11T22:17:56.048+0000] {logging_mixin.py:188} INFO - [2026-06-11T22:17:56.047+0000] {dag.py:3954} INFO - Setting next_dagrun for example_branch_dop_operator_v3 to 2026-06-11 22:16:00+00:00, run_after=2026-06-11 22:17:00+00:00
[2026-06-11T22:17:56.071+0000] {processor.py:183} INFO - Processing /home/airflow/.local/lib/python3.12/site-packages/airflow/example_dags/example_branch_python_dop_operator_3.py took 0.103 seconds
[2026-06-11T22:18:26.264+0000] {processor.py:161} INFO - Started process (PID=1350) to work on /home/airflow/.local/lib/python3.12/site-packages/airflow/example_dags/example_branch_python_dop_operator_3.py
[2026-06-11T22:18:26.277+0000] {processor.py:830} INFO - Processing file /home/airflow/.local/lib/python3.12/site-packages/airflow/example_dags/example_branch_python_dop_operator_3.py for tasks to queue
[2026-06-11T22:18:26.287+0000] {logging_mixin.py:188} INFO - [2026-06-11T22:18:26.287+0000] {dagbag.py:545} INFO - Filling up the DagBag from /home/airflow/.local/lib/python3.12/site-packages/airflow/example_dags/example_branch_python_dop_operator_3.py
[2026-06-11T22:18:26.340+0000] {processor.py:840} INFO - DAG(s) 'example_branch_dop_operator_v3' retrieved from /home/airflow/.local/lib/python3.12/site-packages/airflow/example_dags/example_branch_python_dop_operator_3.py
[2026-06-11T22:18:26.445+0000] {logging_mixin.py:188} INFO - [2026-06-11T22:18:26.444+0000] {dag.py:3096} INFO - Sync 1 DAGs
[2026-06-11T22:18:26.499+0000] {logging_mixin.py:188} INFO - [2026-06-11T22:18:26.498+0000] {dag.py:3954} INFO - Setting next_dagrun for example_branch_dop_operator_v3 to 2026-06-11 22:17:00+00:00, run_after=2026-06-11 22:18:00+00:00
[2026-06-11T22:18:26.542+0000] {processor.py:183} INFO - Processing /home/airflow/.local/lib/python3.12/site-packages/airflow/example_dags/example_branch_python_dop_operator_3.py took 0.295 seconds
[2026-06-11T22:18:56.653+0000] {processor.py:161} INFO - Started process (PID=1412) to work on /home/airflow/.local/lib/python3.12/site-packages/airflow/example_dags/example_branch_python_dop_operator_3.py
[2026-06-11T22:18:56.654+0000] {processor.py:830} INFO - Processing file /home/airflow/.local/lib/python3.12/site-packages/airflow/example_dags/example_branch_python_dop_operator_3.py for tasks to queue
[2026-06-11T22:18:56.656+0000] {logging_mixin.py:188} INFO - [2026-06-11T22:18:56.656+0000] {dagbag.py:545} INFO - Filling up the DagBag from /home/airflow/.local/lib/python3.12/site-packages/airflow/example_dags/example_branch_python_dop_operator_3.py
[2026-06-11T22:18:56.666+0000] {processor.py:840} INFO - DAG(s) 'example_branch_dop_operator_v3' retrieved from /home/airflow/.local/lib/python3.12/site-packages/airflow/example_dags/example_branch_python_dop_operator_3.py
[2026-06-11T22:18:56.696+0000] {logging_mixin.py:188} INFO - [2026-06-11T22:18:56.696+0000] {dag.py:3096} INFO - Sync 1 DAGs
[2026-06-11T22:18:56.742+0000] {logging_mixin.py:188} INFO - [2026-06-11T22:18:56.742+0000] {dag.py:3954} INFO - Setting next_dagrun for example_branch_dop_operator_v3 to 2026-06-11 22:17:00+00:00, run_after=2026-06-11 22:18:00+00:00
[2026-06-11T22:18:56.762+0000] {processor.py:183} INFO - Processing /home/airflow/.local/lib/python3.12/site-packages/airflow/example_dags/example_branch_python_dop_operator_3.py took 0.115 seconds
[2026-06-11T22:19:26.985+0000] {processor.py:161} INFO - Started process (PID=1473) to work on /home/airflow/.local/lib/python3.12/site-packages/airflow/example_dags/example_branch_python_dop_operator_3.py
[2026-06-11T22:19:26.986+0000] {processor.py:830} INFO - Processing file /home/airflow/.local/lib/python3.12/site-packages/airflow/example_dags/example_branch_python_dop_operator_3.py for tasks to queue
[2026-06-11T22:19:26.990+0000] {logging_mixin.py:188} INFO - [2026-06-11T22:19:26.990+0000] {dagbag.py:545} INFO - Filling up the DagBag from /home/airflow/.local/lib/python3.12/site-packages/airflow/example_dags/example_branch_python_dop_operator_3.py
[2026-06-11T22:19:27.201+0000] {processor.py:840} INFO - DAG(s) 'example_branch_dop_operator_v3' retrieved from /home/airflow/.local/lib/python3.12/site-packages/airflow/example_dags/example_branch_python_dop_operator_3.py
[2026-06-11T22:19:27.219+0000] {logging_mixin.py:188} INFO - [2026-06-11T22:19:27.219+0000] {dag.py:3096} INFO - Sync 1 DAGs
[2026-06-11T22:19:27.251+0000] {logging_mixin.py:188} INFO - [2026-06-11T22:19:27.251+0000] {dag.py:3954} INFO - Setting next_dagrun for example_branch_dop_operator_v3 to 2026-06-11 22:18:00+00:00, run_after=2026-06-11 22:19:00+00:00
[2026-06-11T22:19:27.269+0000] {processor.py:183} INFO - Processing /home/airflow/.local/lib/python3.12/site-packages/airflow/example_dags/example_branch_python_dop_operator_3.py took 0.291 seconds
[2026-06-11T22:19:57.848+0000] {processor.py:161} INFO - Started process (PID=1533) to work on /home/airflow/.local/lib/python3.12/site-packages/airflow/example_dags/example_branch_python_dop_operator_3.py
[2026-06-11T22:19:57.851+0000] {processor.py:830} INFO - Processing file /home/airflow/.local/lib/python3.12/site-packages/airflow/example_dags/example_branch_python_dop_operator_3.py for tasks to queue
[2026-06-11T22:19:57.855+0000] {logging_mixin.py:188} INFO - [2026-06-11T22:19:57.855+0000] {dagbag.py:545} INFO - Filling up the DagBag from /home/airflow/.local/lib/python3.12/site-packages/airflow/example_dags/example_branch_python_dop_operator_3.py
[2026-06-11T22:19:57.877+0000] {processor.py:840} INFO - DAG(s) 'example_branch_dop_operator_v3' retrieved from /home/airflow/.local/lib/python3.12/site-packages/airflow/example_dags/example_branch_python_dop_operator_3.py
[2026-06-11T22:19:57.933+0000] {logging_mixin.py:188} INFO - [2026-06-11T22:19:57.932+0000] {dag.py:3096} INFO - Sync 1 DAGs
[2026-06-11T22:19:58.014+0000] {logging_mixin.py:188} INFO - [2026-06-11T22:19:58.014+0000] {dag.py:3954} INFO - Setting next_dagrun for example_branch_dop_operator_v3 to 2026-06-11 22:18:00+00:00, run_after=2026-06-11 22:19:00+00:00
[2026-06-11T22:19:58.080+0000] {processor.py:183} INFO - Processing /home/airflow/.local/lib/python3.12/site-packages/airflow/example_dags/example_branch_python_dop_operator_3.py took 0.257 seconds
[2026-06-11T22:20:28.955+0000] {processor.py:161} INFO - Started process (PID=1594) to work on /home/airflow/.local/lib/python3.12/site-packages/airflow/example_dags/example_branch_python_dop_operator_3.py
[2026-06-11T22:20:28.956+0000] {processor.py:830} INFO - Processing file /home/airflow/.local/lib/python3.12/site-packages/airflow/example_dags/example_branch_python_dop_operator_3.py for tasks to queue
[2026-06-11T22:20:28.958+0000] {logging_mixin.py:188} INFO - [2026-06-11T22:20:28.958+0000] {dagbag.py:545} INFO - Filling up the DagBag from /home/airflow/.local/lib/python3.12/site-packages/airflow/example_dags/example_branch_python_dop_operator_3.py
[2026-06-11T22:20:28.969+0000] {processor.py:840} INFO - DAG(s) 'example_branch_dop_operator_v3' retrieved from /home/airflow/.local/lib/python3.12/site-packages/airflow/example_dags/example_branch_python_dop_operator_3.py
[2026-06-11T22:20:28.994+0000] {logging_mixin.py:188} INFO - [2026-06-11T22:20:28.993+0000] {dag.py:3096} INFO - Sync 1 DAGs
[2026-06-11T22:20:29.028+0000] {logging_mixin.py:188} INFO - [2026-06-11T22:20:29.027+0000] {dag.py:3954} INFO - Setting next_dagrun for example_branch_dop_operator_v3 to 2026-06-11 22:19:00+00:00, run_after=2026-06-11 22:20:00+00:00
[2026-06-11T22:20:29.048+0000] {processor.py:183} INFO - Processing /home/airflow/.local/lib/python3.12/site-packages/airflow/example_dags/example_branch_python_dop_operator_3.py took 0.101 seconds
[2026-06-11T22:20:59.251+0000] {processor.py:161} INFO - Started process (PID=1653) to work on /home/airflow/.local/lib/python3.12/site-packages/airflow/example_dags/example_branch_python_dop_operator_3.py
[2026-06-11T22:20:59.252+0000] {processor.py:830} INFO - Processing file /home/airflow/.local/lib/python3.12/site-packages/airflow/example_dags/example_branch_python_dop_operator_3.py for tasks to queue
[2026-06-11T22:20:59.257+0000] {logging_mixin.py:188} INFO - [2026-06-11T22:20:59.257+0000] {dagbag.py:545} INFO - Filling up the DagBag from /home/airflow/.local/lib/python3.12/site-packages/airflow/example_dags/example_branch_python_dop_operator_3.py
[2026-06-11T22:20:59.269+0000] {processor.py:840} INFO - DAG(s) 'example_branch_dop_operator_v3' retrieved from /home/airflow/.local/lib/python3.12/site-packages/airflow/example_dags/example_branch_python_dop_operator_3.py
[2026-06-11T22:20:59.294+0000] {logging_mixin.py:188} INFO - [2026-06-11T22:20:59.293+0000] {dag.py:3096} INFO - Sync 1 DAGs
[2026-06-11T22:20:59.328+0000] {logging_mixin.py:188} INFO - [2026-06-11T22:20:59.328+0000] {dag.py:3954} INFO - Setting next_dagrun for example_branch_dop_operator_v3 to 2026-06-11 22:19:00+00:00, run_after=2026-06-11 22:20:00+00:00
[2026-06-11T22:20:59.359+0000] {processor.py:183} INFO - Processing /home/airflow/.local/lib/python3.12/site-packages/airflow/example_dags/example_branch_python_dop_operator_3.py took 0.116 seconds
[2026-06-11T22:21:30.549+0000] {processor.py:161} INFO - Started process (PID=1714) to work on /home/airflow/.local/lib/python3.12/site-packages/airflow/example_dags/example_branch_python_dop_operator_3.py
[2026-06-11T22:21:30.550+0000] {processor.py:830} INFO - Processing file /home/airflow/.local/lib/python3.12/site-packages/airflow/example_dags/example_branch_python_dop_operator_3.py for tasks to queue
[2026-06-11T22:21:30.553+0000] {logging_mixin.py:188} INFO - [2026-06-11T22:21:30.552+0000] {dagbag.py:545} INFO - Filling up the DagBag from /home/airflow/.local/lib/python3.12/site-packages/airflow/example_dags/example_branch_python_dop_operator_3.py
[2026-06-11T22:21:30.581+0000] {processor.py:840} INFO - DAG(s) 'example_branch_dop_operator_v3' retrieved from /home/airflow/.local/lib/python3.12/site-packages/airflow/example_dags/example_branch_python_dop_operator_3.py
[2026-06-11T22:21:30.618+0000] {logging_mixin.py:188} INFO - [2026-06-11T22:21:30.617+0000] {dag.py:3096} INFO - Sync 1 DAGs
[2026-06-11T22:21:30.655+0000] {logging_mixin.py:188} INFO - [2026-06-11T22:21:30.655+0000] {dag.py:3954} INFO - Setting next_dagrun for example_branch_dop_operator_v3 to 2026-06-11 22:20:00+00:00, run_after=2026-06-11 22:21:00+00:00
[2026-06-11T22:21:30.677+0000] {processor.py:183} INFO - Processing /home/airflow/.local/lib/python3.12/site-packages/airflow/example_dags/example_branch_python_dop_operator_3.py took 0.136 seconds
[2026-06-11T22:22:00.850+0000] {processor.py:161} INFO - Started process (PID=1774) to work on /home/airflow/.local/lib/python3.12/site-packages/airflow/example_dags/example_branch_python_dop_operator_3.py
[2026-06-11T22:22:00.851+0000] {processor.py:830} INFO - Processing file /home/airflow/.local/lib/python3.12/site-packages/airflow/example_dags/example_branch_python_dop_operator_3.py for tasks to queue
[2026-06-11T22:22:00.852+0000] {logging_mixin.py:188} INFO - [2026-06-11T22:22:00.852+0000] {dagbag.py:545} INFO - Filling up the DagBag from /home/airflow/.local/lib/python3.12/site-packages/airflow/example_dags/example_branch_python_dop_operator_3.py
[2026-06-11T22:22:00.860+0000] {processor.py:840} INFO - DAG(s) 'example_branch_dop_operator_v3' retrieved from /home/airflow/.local/lib/python3.12/site-packages/airflow/example_dags/example_branch_python_dop_operator_3.py
[2026-06-11T22:22:00.879+0000] {logging_mixin.py:188} INFO - [2026-06-11T22:22:00.879+0000] {dag.py:3096} INFO - Sync 1 DAGs
[2026-06-11T22:22:00.908+0000] {logging_mixin.py:188} INFO - [2026-06-11T22:22:00.908+0000] {dag.py:3954} INFO - Setting next_dagrun for example_branch_dop_operator_v3 to 2026-06-11 22:21:00+00:00, run_after=2026-06-11 22:22:00+00:00
[2026-06-11T22:22:00.926+0000] {processor.py:183} INFO - Processing /home/airflow/.local/lib/python3.12/site-packages/airflow/example_dags/example_branch_python_dop_operator_3.py took 0.080 seconds
[2026-06-11T22:22:31.467+0000] {processor.py:161} INFO - Started process (PID=1835) to work on /home/airflow/.local/lib/python3.12/site-packages/airflow/example_dags/example_branch_python_dop_operator_3.py
[2026-06-11T22:22:31.467+0000] {processor.py:830} INFO - Processing file /home/airflow/.local/lib/python3.12/site-packages/airflow/example_dags/example_branch_python_dop_operator_3.py for tasks to queue
[2026-06-11T22:22:31.469+0000] {logging_mixin.py:188} INFO - [2026-06-11T22:22:31.469+0000] {dagbag.py:545} INFO - Filling up the DagBag from /home/airflow/.local/lib/python3.12/site-packages/airflow/example_dags/example_branch_python_dop_operator_3.py
[2026-06-11T22:22:31.480+0000] {processor.py:840} INFO - DAG(s) 'example_branch_dop_operator_v3' retrieved from /home/airflow/.local/lib/python3.12/site-packages/airflow/example_dags/example_branch_python_dop_operator_3.py
[2026-06-11T22:22:31.502+0000] {logging_mixin.py:188} INFO - [2026-06-11T22:22:31.502+0000] {dag.py:3096} INFO - Sync 1 DAGs
[2026-06-11T22:22:31.536+0000] {logging_mixin.py:188} INFO - [2026-06-11T22:22:31.535+0000] {dag.py:3954} INFO - Setting next_dagrun for example_branch_dop_operator_v3 to 2026-06-11 22:21:00+00:00, run_after=2026-06-11 22:22:00+00:00
[2026-06-11T22:22:31.555+0000] {processor.py:183} INFO - Processing /home/airflow/.local/lib/python3.12/site-packages/airflow/example_dags/example_branch_python_dop_operator_3.py took 0.105 seconds
[2026-06-11T22:23:02.177+0000] {processor.py:161} INFO - Started process (PID=1896) to work on /home/airflow/.local/lib/python3.12/site-packages/airflow/example_dags/example_branch_python_dop_operator_3.py
[2026-06-11T22:23:02.178+0000] {processor.py:830} INFO - Processing file /home/airflow/.local/lib/python3.12/site-packages/airflow/example_dags/example_branch_python_dop_operator_3.py for tasks to queue
[2026-06-11T22:23:02.180+0000] {logging_mixin.py:188} INFO - [2026-06-11T22:23:02.180+0000] {dagbag.py:545} INFO - Filling up the DagBag from /home/airflow/.local/lib/python3.12/site-packages/airflow/example_dags/example_branch_python_dop_operator_3.py
[2026-06-11T22:23:02.190+0000] {processor.py:840} INFO - DAG(s) 'example_branch_dop_operator_v3' retrieved from /home/airflow/.local/lib/python3.12/site-packages/airflow/example_dags/example_branch_python_dop_operator_3.py
[2026-06-11T22:23:02.213+0000] {logging_mixin.py:188} INFO - [2026-06-11T22:23:02.213+0000] {dag.py:3096} INFO - Sync 1 DAGs
[2026-06-11T22:23:02.247+0000] {logging_mixin.py:188} INFO - [2026-06-11T22:23:02.247+0000] {dag.py:3954} INFO - Setting next_dagrun for example_branch_dop_operator_v3 to 2026-06-11 22:22:00+00:00, run_after=2026-06-11 22:23:00+00:00
[2026-06-11T22:23:02.267+0000] {processor.py:183} INFO - Processing /home/airflow/.local/lib/python3.12/site-packages/airflow/example_dags/example_branch_python_dop_operator_3.py took 0.097 seconds
[2026-06-11T22:23:32.996+0000] {processor.py:161} INFO - Started process (PID=1957) to work on /home/airflow/.local/lib/python3.12/site-packages/airflow/example_dags/example_branch_python_dop_operator_3.py
[2026-06-11T22:23:32.997+0000] {processor.py:830} INFO - Processing file /home/airflow/.local/lib/python3.12/site-packages/airflow/example_dags/example_branch_python_dop_operator_3.py for tasks to queue
[2026-06-11T22:23:32.998+0000] {logging_mixin.py:188} INFO - [2026-06-11T22:23:32.998+0000] {dagbag.py:545} INFO - Filling up the DagBag from /home/airflow/.local/lib/python3.12/site-packages/airflow/example_dags/example_branch_python_dop_operator_3.py
[2026-06-11T22:23:33.006+0000] {processor.py:840} INFO - DAG(s) 'example_branch_dop_operator_v3' retrieved from /home/airflow/.local/lib/python3.12/site-packages/airflow/example_dags/example_branch_python_dop_operator_3.py
[2026-06-11T22:23:33.022+0000] {logging_mixin.py:188} INFO - [2026-06-11T22:23:33.022+0000] {dag.py:3096} INFO - Sync 1 DAGs
[2026-06-11T22:23:33.045+0000] {logging_mixin.py:188} INFO - [2026-06-11T22:23:33.044+0000] {dag.py:3954} INFO - Setting next_dagrun for example_branch_dop_operator_v3 to 2026-06-11 22:22:00+00:00, run_after=2026-06-11 22:23:00+00:00
[2026-06-11T22:23:33.059+0000] {processor.py:183} INFO - Processing /home/airflow/.local/lib/python3.12/site-packages/airflow/example_dags/example_branch_python_dop_operator_3.py took 0.068 seconds
[2026-06-11T22:24:03.524+0000] {processor.py:161} INFO - Started process (PID=2018) to work on /home/airflow/.local/lib/python3.12/site-packages/airflow/example_dags/example_branch_python_dop_operator_3.py
[2026-06-11T22:24:03.524+0000] {processor.py:830} INFO - Processing file /home/airflow/.local/lib/python3.12/site-packages/airflow/example_dags/example_branch_python_dop_operator_3.py for tasks to queue
[2026-06-11T22:24:03.526+0000] {logging_mixin.py:188} INFO - [2026-06-11T22:24:03.525+0000] {dagbag.py:545} INFO - Filling up the DagBag from /home/airflow/.local/lib/python3.12/site-packages/airflow/example_dags/example_branch_python_dop_operator_3.py
[2026-06-11T22:24:03.533+0000] {processor.py:840} INFO - DAG(s) 'example_branch_dop_operator_v3' retrieved from /home/airflow/.local/lib/python3.12/site-packages/airflow/example_dags/example_branch_python_dop_operator_3.py
[2026-06-11T22:24:03.550+0000] {logging_mixin.py:188} INFO - [2026-06-11T22:24:03.550+0000] {dag.py:3096} INFO - Sync 1 DAGs
[2026-06-11T22:24:03.571+0000] {logging_mixin.py:188} INFO - [2026-06-11T22:24:03.571+0000] {dag.py:3954} INFO - Setting next_dagrun for example_branch_dop_operator_v3 to 2026-06-11 22:23:00+00:00, run_after=2026-06-11 22:24:00+00:00
[2026-06-11T22:24:03.586+0000] {processor.py:183} INFO - Processing /home/airflow/.local/lib/python3.12/site-packages/airflow/example_dags/example_branch_python_dop_operator_3.py took 0.067 seconds
[2026-06-11T22:24:33.752+0000] {processor.py:161} INFO - Started process (PID=2078) to work on /home/airflow/.local/lib/python3.12/site-packages/airflow/example_dags/example_branch_python_dop_operator_3.py
[2026-06-11T22:24:33.753+0000] {processor.py:830} INFO - Processing file /home/airflow/.local/lib/python3.12/site-packages/airflow/example_dags/example_branch_python_dop_operator_3.py for tasks to queue
[2026-06-11T22:24:33.754+0000] {logging_mixin.py:188} INFO - [2026-06-11T22:24:33.754+0000] {dagbag.py:545} INFO - Filling up the DagBag from /home/airflow/.local/lib/python3.12/site-packages/airflow/example_dags/example_branch_python_dop_operator_3.py
[2026-06-11T22:24:33.761+0000] {processor.py:840} INFO - DAG(s) 'example_branch_dop_operator_v3' retrieved from /home/airflow/.local/lib/python3.12/site-packages/airflow/example_dags/example_branch_python_dop_operator_3.py
[2026-06-11T22:24:33.783+0000] {logging_mixin.py:188} INFO - [2026-06-11T22:24:33.783+0000] {dag.py:3096} INFO - Sync 1 DAGs
[2026-06-11T22:24:33.811+0000] {logging_mixin.py:188} INFO - [2026-06-11T22:24:33.811+0000] {dag.py:3954} INFO - Setting next_dagrun for example_branch_dop_operator_v3 to 2026-06-11 22:23:00+00:00, run_after=2026-06-11 22:24:00+00:00
[2026-06-11T22:24:33.827+0000] {processor.py:183} INFO - Processing /home/airflow/.local/lib/python3.12/site-packages/airflow/example_dags/example_branch_python_dop_operator_3.py took 0.080 seconds
[2026-06-11T22:25:04.082+0000] {processor.py:161} INFO - Started process (PID=2139) to work on /home/airflow/.local/lib/python3.12/site-packages/airflow/example_dags/example_branch_python_dop_operator_3.py
[2026-06-11T22:25:04.084+0000] {processor.py:830} INFO - Processing file /home/airflow/.local/lib/python3.12/site-packages/airflow/example_dags/example_branch_python_dop_operator_3.py for tasks to queue
[2026-06-11T22:25:04.087+0000] {logging_mixin.py:188} INFO - [2026-06-11T22:25:04.086+0000] {dagbag.py:545} INFO - Filling up the DagBag from /home/airflow/.local/lib/python3.12/site-packages/airflow/example_dags/example_branch_python_dop_operator_3.py
[2026-06-11T22:25:04.106+0000] {processor.py:840} INFO - DAG(s) 'example_branch_dop_operator_v3' retrieved from /home/airflow/.local/lib/python3.12/site-packages/airflow/example_dags/example_branch_python_dop_operator_3.py
[2026-06-11T22:25:04.130+0000] {logging_mixin.py:188} INFO - [2026-06-11T22:25:04.130+0000] {dag.py:3096} INFO - Sync 1 DAGs
[2026-06-11T22:25:04.167+0000] {logging_mixin.py:188} INFO - [2026-06-11T22:25:04.167+0000] {dag.py:3954} INFO - Setting next_dagrun for example_branch_dop_operator_v3 to 2026-06-11 22:24:00+00:00, run_after=2026-06-11 22:25:00+00:00
[2026-06-11T22:25:04.197+0000] {processor.py:183} INFO - Processing /home/airflow/.local/lib/python3.12/site-packages/airflow/example_dags/example_branch_python_dop_operator_3.py took 0.123 seconds
[2026-06-11T22:25:34.744+0000] {processor.py:161} INFO - Started process (PID=2200) to work on /home/airflow/.local/lib/python3.12/site-packages/airflow/example_dags/example_branch_python_dop_operator_3.py
[2026-06-11T22:25:34.745+0000] {processor.py:830} INFO - Processing file /home/airflow/.local/lib/python3.12/site-packages/airflow/example_dags/example_branch_python_dop_operator_3.py for tasks to queue
[2026-06-11T22:25:34.747+0000] {logging_mixin.py:188} INFO - [2026-06-11T22:25:34.747+0000] {dagbag.py:545} INFO - Filling up the DagBag from /home/airflow/.local/lib/python3.12/site-packages/airflow/example_dags/example_branch_python_dop_operator_3.py
[2026-06-11T22:25:34.764+0000] {processor.py:840} INFO - DAG(s) 'example_branch_dop_operator_v3' retrieved from /home/airflow/.local/lib/python3.12/site-packages/airflow/example_dags/example_branch_python_dop_operator_3.py
[2026-06-11T22:25:34.788+0000] {logging_mixin.py:188} INFO - [2026-06-11T22:25:34.787+0000] {dag.py:3096} INFO - Sync 1 DAGs
[2026-06-11T22:25:34.821+0000] {logging_mixin.py:188} INFO - [2026-06-11T22:25:34.820+0000] {dag.py:3954} INFO - Setting next_dagrun for example_branch_dop_operator_v3 to 2026-06-11 22:24:00+00:00, run_after=2026-06-11 22:25:00+00:00
[2026-06-11T22:25:34.840+0000] {processor.py:183} INFO - Processing /home/airflow/.local/lib/python3.12/site-packages/airflow/example_dags/example_branch_python_dop_operator_3.py took 0.103 seconds
[2026-06-11T22:26:05.685+0000] {processor.py:161} INFO - Started process (PID=2261) to work on /home/airflow/.local/lib/python3.12/site-packages/airflow/example_dags/example_branch_python_dop_operator_3.py
[2026-06-11T22:26:05.687+0000] {processor.py:830} INFO - Processing file /home/airflow/.local/lib/python3.12/site-packages/airflow/example_dags/example_branch_python_dop_operator_3.py for tasks to queue
[2026-06-11T22:26:05.689+0000] {logging_mixin.py:188} INFO - [2026-06-11T22:26:05.688+0000] {dagbag.py:545} INFO - Filling up the DagBag from /home/airflow/.local/lib/python3.12/site-packages/airflow/example_dags/example_branch_python_dop_operator_3.py
[2026-06-11T22:26:05.700+0000] {processor.py:840} INFO - DAG(s) 'example_branch_dop_operator_v3' retrieved from /home/airflow/.local/lib/python3.12/site-packages/airflow/example_dags/example_branch_python_dop_operator_3.py
[2026-06-11T22:26:05.724+0000] {logging_mixin.py:188} INFO - [2026-06-11T22:26:05.724+0000] {dag.py:3096} INFO - Sync 1 DAGs
[2026-06-11T22:26:05.760+0000] {logging_mixin.py:188} INFO - [2026-06-11T22:26:05.760+0000] {dag.py:3954} INFO - Setting next_dagrun for example_branch_dop_operator_v3 to 2026-06-11 22:25:00+00:00, run_after=2026-06-11 22:26:00+00:00
[2026-06-11T22:26:05.780+0000] {processor.py:183} INFO - Processing /home/airflow/.local/lib/python3.12/site-packages/airflow/example_dags/example_branch_python_dop_operator_3.py took 0.102 seconds
[2026-06-11T22:26:36.543+0000] {processor.py:161} INFO - Started process (PID=2322) to work on /home/airflow/.local/lib/python3.12/site-packages/airflow/example_dags/example_branch_python_dop_operator_3.py
[2026-06-11T22:26:36.543+0000] {processor.py:830} INFO - Processing file /home/airflow/.local/lib/python3.12/site-packages/airflow/example_dags/example_branch_python_dop_operator_3.py for tasks to queue
[2026-06-11T22:26:36.545+0000] {logging_mixin.py:188} INFO - [2026-06-11T22:26:36.545+0000] {dagbag.py:545} INFO - Filling up the DagBag from /home/airflow/.local/lib/python3.12/site-packages/airflow/example_dags/example_branch_python_dop_operator_3.py
[2026-06-11T22:26:36.552+0000] {processor.py:840} INFO - DAG(s) 'example_branch_dop_operator_v3' retrieved from /home/airflow/.local/lib/python3.12/site-packages/airflow/example_dags/example_branch_python_dop_operator_3.py
[2026-06-11T22:26:36.569+0000] {logging_mixin.py:188} INFO - [2026-06-11T22:26:36.569+0000] {dag.py:3096} INFO - Sync 1 DAGs
[2026-06-11T22:26:36.594+0000] {logging_mixin.py:188} INFO - [2026-06-11T22:26:36.593+0000] {dag.py:3954} INFO - Setting next_dagrun for example_branch_dop_operator_v3 to 2026-06-11 22:25:00+00:00, run_after=2026-06-11 22:26:00+00:00
[2026-06-11T22:26:36.608+0000] {processor.py:183} INFO - Processing /home/airflow/.local/lib/python3.12/site-packages/airflow/example_dags/example_branch_python_dop_operator_3.py took 0.071 seconds
[2026-06-11T22:27:07.173+0000] {processor.py:161} INFO - Started process (PID=2382) to work on /home/airflow/.local/lib/python3.12/site-packages/airflow/example_dags/example_branch_python_dop_operator_3.py
[2026-06-11T22:27:07.173+0000] {processor.py:830} INFO - Processing file /home/airflow/.local/lib/python3.12/site-packages/airflow/example_dags/example_branch_python_dop_operator_3.py for tasks to queue
[2026-06-11T22:27:07.175+0000] {logging_mixin.py:188} INFO - [2026-06-11T22:27:07.175+0000] {dagbag.py:545} INFO - Filling up the DagBag from /home/airflow/.local/lib/python3.12/site-packages/airflow/example_dags/example_branch_python_dop_operator_3.py
[2026-06-11T22:27:07.186+0000] {processor.py:840} INFO - DAG(s) 'example_branch_dop_operator_v3' retrieved from /home/airflow/.local/lib/python3.12/site-packages/airflow/example_dags/example_branch_python_dop_operator_3.py
[2026-06-11T22:27:07.210+0000] {logging_mixin.py:188} INFO - [2026-06-11T22:27:07.210+0000] {dag.py:3096} INFO - Sync 1 DAGs
[2026-06-11T22:27:07.245+0000] {logging_mixin.py:188} INFO - [2026-06-11T22:27:07.244+0000] {dag.py:3954} INFO - Setting next_dagrun for example_branch_dop_operator_v3 to 2026-06-11 22:26:00+00:00, run_after=2026-06-11 22:27:00+00:00
[2026-06-11T22:27:07.265+0000] {processor.py:183} INFO - Processing /home/airflow/.local/lib/python3.12/site-packages/airflow/example_dags/example_branch_python_dop_operator_3.py took 0.100 seconds
[2026-06-11T22:27:38.108+0000] {processor.py:161} INFO - Started process (PID=2443) to work on /home/airflow/.local/lib/python3.12/site-packages/airflow/example_dags/example_branch_python_dop_operator_3.py
[2026-06-11T22:27:38.108+0000] {processor.py:830} INFO - Processing file /home/airflow/.local/lib/python3.12/site-packages/airflow/example_dags/example_branch_python_dop_operator_3.py for tasks to queue
[2026-06-11T22:27:38.110+0000] {logging_mixin.py:188} INFO - [2026-06-11T22:27:38.109+0000] {dagbag.py:545} INFO - Filling up the DagBag from /home/airflow/.local/lib/python3.12/site-packages/airflow/example_dags/example_branch_python_dop_operator_3.py
[2026-06-11T22:27:38.117+0000] {processor.py:840} INFO - DAG(s) 'example_branch_dop_operator_v3' retrieved from /home/airflow/.local/lib/python3.12/site-packages/airflow/example_dags/example_branch_python_dop_operator_3.py
[2026-06-11T22:27:38.137+0000] {logging_mixin.py:188} INFO - [2026-06-11T22:27:38.137+0000] {dag.py:3096} INFO - Sync 1 DAGs
[2026-06-11T22:27:38.159+0000] {logging_mixin.py:188} INFO - [2026-06-11T22:27:38.159+0000] {dag.py:3954} INFO - Setting next_dagrun for example_branch_dop_operator_v3 to 2026-06-11 22:26:00+00:00, run_after=2026-06-11 22:27:00+00:00
[2026-06-11T22:27:38.174+0000] {processor.py:183} INFO - Processing /home/airflow/.local/lib/python3.12/site-packages/airflow/example_dags/example_branch_python_dop_operator_3.py took 0.071 seconds
[2026-06-11T22:28:09.425+0000] {processor.py:161} INFO - Started process (PID=2509) to work on /home/airflow/.local/lib/python3.12/site-packages/airflow/example_dags/example_branch_python_dop_operator_3.py
[2026-06-11T22:28:09.428+0000] {processor.py:830} INFO - Processing file /home/airflow/.local/lib/python3.12/site-packages/airflow/example_dags/example_branch_python_dop_operator_3.py for tasks to queue
[2026-06-11T22:28:09.436+0000] {logging_mixin.py:188} INFO - [2026-06-11T22:28:09.430+0000] {dagbag.py:545} INFO - Filling up the DagBag from /home/airflow/.local/lib/python3.12/site-packages/airflow/example_dags/example_branch_python_dop_operator_3.py
[2026-06-11T22:28:09.460+0000] {processor.py:840} INFO - DAG(s) 'example_branch_dop_operator_v3' retrieved from /home/airflow/.local/lib/python3.12/site-packages/airflow/example_dags/example_branch_python_dop_operator_3.py
[2026-06-11T22:28:09.528+0000] {logging_mixin.py:188} INFO - [2026-06-11T22:28:09.527+0000] {dag.py:3096} INFO - Sync 1 DAGs
[2026-06-11T22:28:09.597+0000] {logging_mixin.py:188} INFO - [2026-06-11T22:28:09.597+0000] {dag.py:3954} INFO - Setting next_dagrun for example_branch_dop_operator_v3 to 2026-06-11 22:27:00+00:00, run_after=2026-06-11 22:28:00+00:00
[2026-06-11T22:28:09.637+0000] {processor.py:183} INFO - Processing /home/airflow/.local/lib/python3.12/site-packages/airflow/example_dags/example_branch_python_dop_operator_3.py took 0.231 seconds
[2026-06-11T22:28:39.959+0000] {processor.py:161} INFO - Started process (PID=2570) to work on /home/airflow/.local/lib/python3.12/site-packages/airflow/example_dags/example_branch_python_dop_operator_3.py
[2026-06-11T22:28:39.959+0000] {processor.py:830} INFO - Processing file /home/airflow/.local/lib/python3.12/site-packages/airflow/example_dags/example_branch_python_dop_operator_3.py for tasks to queue
[2026-06-11T22:28:39.961+0000] {logging_mixin.py:188} INFO - [2026-06-11T22:28:39.960+0000] {dagbag.py:545} INFO - Filling up the DagBag from /home/airflow/.local/lib/python3.12/site-packages/airflow/example_dags/example_branch_python_dop_operator_3.py
[2026-06-11T22:28:39.971+0000] {processor.py:840} INFO - DAG(s) 'example_branch_dop_operator_v3' retrieved from /home/airflow/.local/lib/python3.12/site-packages/airflow/example_dags/example_branch_python_dop_operator_3.py
[2026-06-11T22:28:39.987+0000] {logging_mixin.py:188} INFO - [2026-06-11T22:28:39.987+0000] {dag.py:3096} INFO - Sync 1 DAGs
[2026-06-11T22:28:40.008+0000] {logging_mixin.py:188} INFO - [2026-06-11T22:28:40.008+0000] {dag.py:3954} INFO - Setting next_dagrun for example_branch_dop_operator_v3 to 2026-06-11 22:27:00+00:00, run_after=2026-06-11 22:28:00+00:00
[2026-06-11T22:28:40.023+0000] {processor.py:183} INFO - Processing /home/airflow/.local/lib/python3.12/site-packages/airflow/example_dags/example_branch_python_dop_operator_3.py took 0.070 seconds
[2026-06-11T22:29:10.575+0000] {processor.py:161} INFO - Started process (PID=2631) to work on /home/airflow/.local/lib/python3.12/site-packages/airflow/example_dags/example_branch_python_dop_operator_3.py
[2026-06-11T22:29:10.575+0000] {processor.py:830} INFO - Processing file /home/airflow/.local/lib/python3.12/site-packages/airflow/example_dags/example_branch_python_dop_operator_3.py for tasks to queue
[2026-06-11T22:29:10.577+0000] {logging_mixin.py:188} INFO - [2026-06-11T22:29:10.577+0000] {dagbag.py:545} INFO - Filling up the DagBag from /home/airflow/.local/lib/python3.12/site-packages/airflow/example_dags/example_branch_python_dop_operator_3.py
[2026-06-11T22:29:10.587+0000] {processor.py:840} INFO - DAG(s) 'example_branch_dop_operator_v3' retrieved from /home/airflow/.local/lib/python3.12/site-packages/airflow/example_dags/example_branch_python_dop_operator_3.py
[2026-06-11T22:29:10.610+0000] {logging_mixin.py:188} INFO - [2026-06-11T22:29:10.610+0000] {dag.py:3096} INFO - Sync 1 DAGs
[2026-06-11T22:29:10.644+0000] {logging_mixin.py:188} INFO - [2026-06-11T22:29:10.643+0000] {dag.py:3954} INFO - Setting next_dagrun for example_branch_dop_operator_v3 to 2026-06-11 22:28:00+00:00, run_after=2026-06-11 22:29:00+00:00
[2026-06-11T22:29:10.663+0000] {processor.py:183} INFO - Processing /home/airflow/.local/lib/python3.12/site-packages/airflow/example_dags/example_branch_python_dop_operator_3.py took 0.096 seconds
[2026-06-11T22:29:41.331+0000] {processor.py:161} INFO - Started process (PID=2692) to work on /home/airflow/.local/lib/python3.12/site-packages/airflow/example_dags/example_branch_python_dop_operator_3.py
[2026-06-11T22:29:41.331+0000] {processor.py:830} INFO - Processing file /home/airflow/.local/lib/python3.12/site-packages/airflow/example_dags/example_branch_python_dop_operator_3.py for tasks to queue
[2026-06-11T22:29:41.333+0000] {logging_mixin.py:188} INFO - [2026-06-11T22:29:41.333+0000] {dagbag.py:545} INFO - Filling up the DagBag from /home/airflow/.local/lib/python3.12/site-packages/airflow/example_dags/example_branch_python_dop_operator_3.py
[2026-06-11T22:29:41.340+0000] {processor.py:840} INFO - DAG(s) 'example_branch_dop_operator_v3' retrieved from /home/airflow/.local/lib/python3.12/site-packages/airflow/example_dags/example_branch_python_dop_operator_3.py
[2026-06-11T22:29:41.357+0000] {logging_mixin.py:188} INFO - [2026-06-11T22:29:41.356+0000] {dag.py:3096} INFO - Sync 1 DAGs
[2026-06-11T22:29:41.378+0000] {logging_mixin.py:188} INFO - [2026-06-11T22:29:41.378+0000] {dag.py:3954} INFO - Setting next_dagrun for example_branch_dop_operator_v3 to 2026-06-11 22:28:00+00:00, run_after=2026-06-11 22:29:00+00:00
[2026-06-11T22:29:41.394+0000] {processor.py:183} INFO - Processing /home/airflow/.local/lib/python3.12/site-packages/airflow/example_dags/example_branch_python_dop_operator_3.py took 0.068 seconds
[2026-06-11T22:30:12.231+0000] {processor.py:161} INFO - Started process (PID=2753) to work on /home/airflow/.local/lib/python3.12/site-packages/airflow/example_dags/example_branch_python_dop_operator_3.py
[2026-06-11T22:30:12.232+0000] {processor.py:830} INFO - Processing file /home/airflow/.local/lib/python3.12/site-packages/airflow/example_dags/example_branch_python_dop_operator_3.py for tasks to queue
[2026-06-11T22:30:12.234+0000] {logging_mixin.py:188} INFO - [2026-06-11T22:30:12.234+0000] {dagbag.py:545} INFO - Filling up the DagBag from /home/airflow/.local/lib/python3.12/site-packages/airflow/example_dags/example_branch_python_dop_operator_3.py
[2026-06-11T22:30:12.244+0000] {processor.py:840} INFO - DAG(s) 'example_branch_dop_operator_v3' retrieved from /home/airflow/.local/lib/python3.12/site-packages/airflow/example_dags/example_branch_python_dop_operator_3.py
[2026-06-11T22:30:12.288+0000] {logging_mixin.py:188} INFO - [2026-06-11T22:30:12.286+0000] {dag.py:3096} INFO - Sync 1 DAGs
[2026-06-11T22:30:12.350+0000] {logging_mixin.py:188} INFO - [2026-06-11T22:30:12.350+0000] {dag.py:3954} INFO - Setting next_dagrun for example_branch_dop_operator_v3 to 2026-06-11 22:29:00+00:00, run_after=2026-06-11 22:30:00+00:00
[2026-06-11T22:30:12.371+0000] {processor.py:183} INFO - Processing /home/airflow/.local/lib/python3.12/site-packages/airflow/example_dags/example_branch_python_dop_operator_3.py took 0.147 seconds
[2026-06-11T22:30:43.250+0000] {processor.py:161} INFO - Started process (PID=2814) to work on /home/airflow/.local/lib/python3.12/site-packages/airflow/example_dags/example_branch_python_dop_operator_3.py
[2026-06-11T22:30:43.251+0000] {processor.py:830} INFO - Processing file /home/airflow/.local/lib/python3.12/site-packages/airflow/example_dags/example_branch_python_dop_operator_3.py for tasks to queue
[2026-06-11T22:30:43.255+0000] {logging_mixin.py:188} INFO - [2026-06-11T22:30:43.255+0000] {dagbag.py:545} INFO - Filling up the DagBag from /home/airflow/.local/lib/python3.12/site-packages/airflow/example_dags/example_branch_python_dop_operator_3.py
[2026-06-11T22:30:43.265+0000] {processor.py:840} INFO - DAG(s) 'example_branch_dop_operator_v3' retrieved from /home/airflow/.local/lib/python3.12/site-packages/airflow/example_dags/example_branch_python_dop_operator_3.py
[2026-06-11T22:30:43.288+0000] {logging_mixin.py:188} INFO - [2026-06-11T22:30:43.287+0000] {dag.py:3096} INFO - Sync 1 DAGs
[2026-06-11T22:30:43.321+0000] {logging_mixin.py:188} INFO - [2026-06-11T22:30:43.320+0000] {dag.py:3954} INFO - Setting next_dagrun for example_branch_dop_operator_v3 to 2026-06-11 22:29:00+00:00, run_after=2026-06-11 22:30:00+00:00
[2026-06-11T22:30:43.341+0000] {processor.py:183} INFO - Processing /home/airflow/.local/lib/python3.12/site-packages/airflow/example_dags/example_branch_python_dop_operator_3.py took 0.097 seconds
[2026-06-11T22:31:13.903+0000] {processor.py:161} INFO - Started process (PID=2875) to work on /home/airflow/.local/lib/python3.12/site-packages/airflow/example_dags/example_branch_python_dop_operator_3.py
[2026-06-11T22:31:13.904+0000] {processor.py:830} INFO - Processing file /home/airflow/.local/lib/python3.12/site-packages/airflow/example_dags/example_branch_python_dop_operator_3.py for tasks to queue
[2026-06-11T22:31:13.907+0000] {logging_mixin.py:188} INFO - [2026-06-11T22:31:13.906+0000] {dagbag.py:545} INFO - Filling up the DagBag from /home/airflow/.local/lib/python3.12/site-packages/airflow/example_dags/example_branch_python_dop_operator_3.py
[2026-06-11T22:31:13.917+0000] {processor.py:840} INFO - DAG(s) 'example_branch_dop_operator_v3' retrieved from /home/airflow/.local/lib/python3.12/site-packages/airflow/example_dags/example_branch_python_dop_operator_3.py
[2026-06-11T22:31:13.936+0000] {logging_mixin.py:188} INFO - [2026-06-11T22:31:13.935+0000] {dag.py:3096} INFO - Sync 1 DAGs
[2026-06-11T22:31:13.957+0000] {logging_mixin.py:188} INFO - [2026-06-11T22:31:13.957+0000] {dag.py:3954} INFO - Setting next_dagrun for example_branch_dop_operator_v3 to 2026-06-11 22:30:00+00:00, run_after=2026-06-11 22:31:00+00:00
[2026-06-11T22:31:13.973+0000] {processor.py:183} INFO - Processing /home/airflow/.local/lib/python3.12/site-packages/airflow/example_dags/example_branch_python_dop_operator_3.py took 0.076 seconds
[2026-06-11T22:31:44.764+0000] {processor.py:161} INFO - Started process (PID=2936) to work on /home/airflow/.local/lib/python3.12/site-packages/airflow/example_dags/example_branch_python_dop_operator_3.py
[2026-06-11T22:31:44.765+0000] {processor.py:830} INFO - Processing file /home/airflow/.local/lib/python3.12/site-packages/airflow/example_dags/example_branch_python_dop_operator_3.py for tasks to queue
[2026-06-11T22:31:44.767+0000] {logging_mixin.py:188} INFO - [2026-06-11T22:31:44.767+0000] {dagbag.py:545} INFO - Filling up the DagBag from /home/airflow/.local/lib/python3.12/site-packages/airflow/example_dags/example_branch_python_dop_operator_3.py
[2026-06-11T22:31:44.774+0000] {processor.py:840} INFO - DAG(s) 'example_branch_dop_operator_v3' retrieved from /home/airflow/.local/lib/python3.12/site-packages/airflow/example_dags/example_branch_python_dop_operator_3.py
[2026-06-11T22:31:44.790+0000] {logging_mixin.py:188} INFO - [2026-06-11T22:31:44.790+0000] {dag.py:3096} INFO - Sync 1 DAGs
[2026-06-11T22:31:44.812+0000] {logging_mixin.py:188} INFO - [2026-06-11T22:31:44.811+0000] {dag.py:3954} INFO - Setting next_dagrun for example_branch_dop_operator_v3 to 2026-06-11 22:30:00+00:00, run_after=2026-06-11 22:31:00+00:00
[2026-06-11T22:31:44.827+0000] {processor.py:183} INFO - Processing /home/airflow/.local/lib/python3.12/site-packages/airflow/example_dags/example_branch_python_dop_operator_3.py took 0.068 seconds
[2026-06-11T22:32:15.660+0000] {processor.py:161} INFO - Started process (PID=2997) to work on /home/airflow/.local/lib/python3.12/site-packages/airflow/example_dags/example_branch_python_dop_operator_3.py
[2026-06-11T22:32:15.660+0000] {processor.py:830} INFO - Processing file /home/airflow/.local/lib/python3.12/site-packages/airflow/example_dags/example_branch_python_dop_operator_3.py for tasks to queue
[2026-06-11T22:32:15.662+0000] {logging_mixin.py:188} INFO - [2026-06-11T22:32:15.661+0000] {dagbag.py:545} INFO - Filling up the DagBag from /home/airflow/.local/lib/python3.12/site-packages/airflow/example_dags/example_branch_python_dop_operator_3.py
[2026-06-11T22:32:15.669+0000] {processor.py:840} INFO - DAG(s) 'example_branch_dop_operator_v3' retrieved from /home/airflow/.local/lib/python3.12/site-packages/airflow/example_dags/example_branch_python_dop_operator_3.py
[2026-06-11T22:32:15.686+0000] {logging_mixin.py:188} INFO - [2026-06-11T22:32:15.685+0000] {dag.py:3096} INFO - Sync 1 DAGs
[2026-06-11T22:32:15.707+0000] {logging_mixin.py:188} INFO - [2026-06-11T22:32:15.707+0000] {dag.py:3954} INFO - Setting next_dagrun for example_branch_dop_operator_v3 to 2026-06-11 22:31:00+00:00, run_after=2026-06-11 22:32:00+00:00
[2026-06-11T22:32:15.722+0000] {processor.py:183} INFO - Processing /home/airflow/.local/lib/python3.12/site-packages/airflow/example_dags/example_branch_python_dop_operator_3.py took 0.067 seconds
[2026-06-11T22:32:46.601+0000] {processor.py:161} INFO - Started process (PID=3058) to work on /home/airflow/.local/lib/python3.12/site-packages/airflow/example_dags/example_branch_python_dop_operator_3.py
[2026-06-11T22:32:46.602+0000] {processor.py:830} INFO - Processing file /home/airflow/.local/lib/python3.12/site-packages/airflow/example_dags/example_branch_python_dop_operator_3.py for tasks to queue
[2026-06-11T22:32:46.604+0000] {logging_mixin.py:188} INFO - [2026-06-11T22:32:46.604+0000] {dagbag.py:545} INFO - Filling up the DagBag from /home/airflow/.local/lib/python3.12/site-packages/airflow/example_dags/example_branch_python_dop_operator_3.py
[2026-06-11T22:32:46.615+0000] {processor.py:840} INFO - DAG(s) 'example_branch_dop_operator_v3' retrieved from /home/airflow/.local/lib/python3.12/site-packages/airflow/example_dags/example_branch_python_dop_operator_3.py
[2026-06-11T22:32:46.639+0000] {logging_mixin.py:188} INFO - [2026-06-11T22:32:46.639+0000] {dag.py:3096} INFO - Sync 1 DAGs
[2026-06-11T22:32:46.671+0000] {logging_mixin.py:188} INFO - [2026-06-11T22:32:46.670+0000] {dag.py:3954} INFO - Setting next_dagrun for example_branch_dop_operator_v3 to 2026-06-11 22:31:00+00:00, run_after=2026-06-11 22:32:00+00:00
[2026-06-11T22:32:46.691+0000] {processor.py:183} INFO - Processing /home/airflow/.local/lib/python3.12/site-packages/airflow/example_dags/example_branch_python_dop_operator_3.py took 0.097 seconds
[2026-06-11T22:33:17.334+0000] {processor.py:161} INFO - Started process (PID=3119) to work on /home/airflow/.local/lib/python3.12/site-packages/airflow/example_dags/example_branch_python_dop_operator_3.py
[2026-06-11T22:33:17.335+0000] {processor.py:830} INFO - Processing file /home/airflow/.local/lib/python3.12/site-packages/airflow/example_dags/example_branch_python_dop_operator_3.py for tasks to queue
[2026-06-11T22:33:17.337+0000] {logging_mixin.py:188} INFO - [2026-06-11T22:33:17.337+0000] {dagbag.py:545} INFO - Filling up the DagBag from /home/airflow/.local/lib/python3.12/site-packages/airflow/example_dags/example_branch_python_dop_operator_3.py
[2026-06-11T22:33:17.348+0000] {processor.py:840} INFO - DAG(s) 'example_branch_dop_operator_v3' retrieved from /home/airflow/.local/lib/python3.12/site-packages/airflow/example_dags/example_branch_python_dop_operator_3.py
[2026-06-11T22:33:17.373+0000] {logging_mixin.py:188} INFO - [2026-06-11T22:33:17.373+0000] {dag.py:3096} INFO - Sync 1 DAGs
[2026-06-11T22:33:17.419+0000] {logging_mixin.py:188} INFO - [2026-06-11T22:33:17.419+0000] {dag.py:3954} INFO - Setting next_dagrun for example_branch_dop_operator_v3 to 2026-06-11 22:32:00+00:00, run_after=2026-06-11 22:33:00+00:00
[2026-06-11T22:33:17.443+0000] {processor.py:183} INFO - Processing /home/airflow/.local/lib/python3.12/site-packages/airflow/example_dags/example_branch_python_dop_operator_3.py took 0.118 seconds
[2026-06-11T22:33:48.253+0000] {processor.py:161} INFO - Started process (PID=3180) to work on /home/airflow/.local/lib/python3.12/site-packages/airflow/example_dags/example_branch_python_dop_operator_3.py
[2026-06-11T22:33:48.254+0000] {processor.py:830} INFO - Processing file /home/airflow/.local/lib/python3.12/site-packages/airflow/example_dags/example_branch_python_dop_operator_3.py for tasks to queue
[2026-06-11T22:33:48.255+0000] {logging_mixin.py:188} INFO - [2026-06-11T22:33:48.255+0000] {dagbag.py:545} INFO - Filling up the DagBag from /home/airflow/.local/lib/python3.12/site-packages/airflow/example_dags/example_branch_python_dop_operator_3.py
[2026-06-11T22:33:48.262+0000] {processor.py:840} INFO - DAG(s) 'example_branch_dop_operator_v3' retrieved from /home/airflow/.local/lib/python3.12/site-packages/airflow/example_dags/example_branch_python_dop_operator_3.py
[2026-06-11T22:33:48.279+0000] {logging_mixin.py:188} INFO - [2026-06-11T22:33:48.279+0000] {dag.py:3096} INFO - Sync 1 DAGs
[2026-06-11T22:33:48.300+0000] {logging_mixin.py:188} INFO - [2026-06-11T22:33:48.300+0000] {dag.py:3954} INFO - Setting next_dagrun for example_branch_dop_operator_v3 to 2026-06-11 22:32:00+00:00, run_after=2026-06-11 22:33:00+00:00
[2026-06-11T22:33:48.315+0000] {processor.py:183} INFO - Processing /home/airflow/.local/lib/python3.12/site-packages/airflow/example_dags/example_branch_python_dop_operator_3.py took 0.067 seconds
[2026-06-11T22:34:18.946+0000] {processor.py:161} INFO - Started process (PID=3241) to work on /home/airflow/.local/lib/python3.12/site-packages/airflow/example_dags/example_branch_python_dop_operator_3.py
[2026-06-11T22:34:18.947+0000] {processor.py:830} INFO - Processing file /home/airflow/.local/lib/python3.12/site-packages/airflow/example_dags/example_branch_python_dop_operator_3.py for tasks to queue
[2026-06-11T22:34:18.950+0000] {logging_mixin.py:188} INFO - [2026-06-11T22:34:18.949+0000] {dagbag.py:545} INFO - Filling up the DagBag from /home/airflow/.local/lib/python3.12/site-packages/airflow/example_dags/example_branch_python_dop_operator_3.py
[2026-06-11T22:34:18.959+0000] {processor.py:840} INFO - DAG(s) 'example_branch_dop_operator_v3' retrieved from /home/airflow/.local/lib/python3.12/site-packages/airflow/example_dags/example_branch_python_dop_operator_3.py
[2026-06-11T22:34:18.982+0000] {logging_mixin.py:188} INFO - [2026-06-11T22:34:18.982+0000] {dag.py:3096} INFO - Sync 1 DAGs
[2026-06-11T22:34:19.015+0000] {logging_mixin.py:188} INFO - [2026-06-11T22:34:19.015+0000] {dag.py:3954} INFO - Setting next_dagrun for example_branch_dop_operator_v3 to 2026-06-11 22:33:00+00:00, run_after=2026-06-11 22:34:00+00:00
[2026-06-11T22:34:19.045+0000] {processor.py:183} INFO - Processing /home/airflow/.local/lib/python3.12/site-packages/airflow/example_dags/example_branch_python_dop_operator_3.py took 0.105 seconds
[2026-06-11T22:34:49.500+0000] {processor.py:161} INFO - Started process (PID=3304) to work on /home/airflow/.local/lib/python3.12/site-packages/airflow/example_dags/example_branch_python_dop_operator_3.py
[2026-06-11T22:34:49.501+0000] {processor.py:830} INFO - Processing file /home/airflow/.local/lib/python3.12/site-packages/airflow/example_dags/example_branch_python_dop_operator_3.py for tasks to queue
[2026-06-11T22:34:49.503+0000] {logging_mixin.py:188} INFO - [2026-06-11T22:34:49.503+0000] {dagbag.py:545} INFO - Filling up the DagBag from /home/airflow/.local/lib/python3.12/site-packages/airflow/example_dags/example_branch_python_dop_operator_3.py
[2026-06-11T22:34:49.521+0000] {processor.py:840} INFO - DAG(s) 'example_branch_dop_operator_v3' retrieved from /home/airflow/.local/lib/python3.12/site-packages/airflow/example_dags/example_branch_python_dop_operator_3.py
[2026-06-11T22:34:49.545+0000] {logging_mixin.py:188} INFO - [2026-06-11T22:34:49.544+0000] {dag.py:3096} INFO - Sync 1 DAGs
[2026-06-11T22:34:49.578+0000] {logging_mixin.py:188} INFO - [2026-06-11T22:34:49.577+0000] {dag.py:3954} INFO - Setting next_dagrun for example_branch_dop_operator_v3 to 2026-06-11 22:33:00+00:00, run_after=2026-06-11 22:34:00+00:00
[2026-06-11T22:34:49.597+0000] {processor.py:183} INFO - Processing /home/airflow/.local/lib/python3.12/site-packages/airflow/example_dags/example_branch_python_dop_operator_3.py took 0.104 seconds
[2026-06-11T22:35:20.181+0000] {processor.py:161} INFO - Started process (PID=3365) to work on /home/airflow/.local/lib/python3.12/site-packages/airflow/example_dags/example_branch_python_dop_operator_3.py
[2026-06-11T22:35:20.182+0000] {processor.py:830} INFO - Processing file /home/airflow/.local/lib/python3.12/site-packages/airflow/example_dags/example_branch_python_dop_operator_3.py for tasks to queue
[2026-06-11T22:35:20.184+0000] {logging_mixin.py:188} INFO - [2026-06-11T22:35:20.184+0000] {dagbag.py:545} INFO - Filling up the DagBag from /home/airflow/.local/lib/python3.12/site-packages/airflow/example_dags/example_branch_python_dop_operator_3.py
[2026-06-11T22:35:20.199+0000] {processor.py:840} INFO - DAG(s) 'example_branch_dop_operator_v3' retrieved from /home/airflow/.local/lib/python3.12/site-packages/airflow/example_dags/example_branch_python_dop_operator_3.py
[2026-06-11T22:35:20.273+0000] {logging_mixin.py:188} INFO - [2026-06-11T22:35:20.272+0000] {dag.py:3096} INFO - Sync 1 DAGs
[2026-06-11T22:35:20.359+0000] {logging_mixin.py:188} INFO - [2026-06-11T22:35:20.359+0000] {dag.py:3954} INFO - Setting next_dagrun for example_branch_dop_operator_v3 to 2026-06-11 22:34:00+00:00, run_after=2026-06-11 22:35:00+00:00
[2026-06-11T22:35:20.429+0000] {processor.py:183} INFO - Processing /home/airflow/.local/lib/python3.12/site-packages/airflow/example_dags/example_branch_python_dop_operator_3.py took 0.255 seconds
[2026-06-11T22:35:50.467+0000] {processor.py:161} INFO - Started process (PID=3427) to work on /home/airflow/.local/lib/python3.12/site-packages/airflow/example_dags/example_branch_python_dop_operator_3.py
[2026-06-11T22:35:50.468+0000] {processor.py:830} INFO - Processing file /home/airflow/.local/lib/python3.12/site-packages/airflow/example_dags/example_branch_python_dop_operator_3.py for tasks to queue
[2026-06-11T22:35:50.469+0000] {logging_mixin.py:188} INFO - [2026-06-11T22:35:50.469+0000] {dagbag.py:545} INFO - Filling up the DagBag from /home/airflow/.local/lib/python3.12/site-packages/airflow/example_dags/example_branch_python_dop_operator_3.py
[2026-06-11T22:35:50.477+0000] {processor.py:840} INFO - DAG(s) 'example_branch_dop_operator_v3' retrieved from /home/airflow/.local/lib/python3.12/site-packages/airflow/example_dags/example_branch_python_dop_operator_3.py
[2026-06-11T22:35:50.494+0000] {logging_mixin.py:188} INFO - [2026-06-11T22:35:50.493+0000] {dag.py:3096} INFO - Sync 1 DAGs
[2026-06-11T22:35:50.516+0000] {logging_mixin.py:188} INFO - [2026-06-11T22:35:50.515+0000] {dag.py:3954} INFO - Setting next_dagrun for example_branch_dop_operator_v3 to 2026-06-11 22:34:00+00:00, run_after=2026-06-11 22:35:00+00:00
[2026-06-11T22:35:50.530+0000] {processor.py:183} INFO - Processing /home/airflow/.local/lib/python3.12/site-packages/airflow/example_dags/example_branch_python_dop_operator_3.py took 0.069 seconds
[2026-06-11T22:36:21.373+0000] {processor.py:161} INFO - Started process (PID=3489) to work on /home/airflow/.local/lib/python3.12/site-packages/airflow/example_dags/example_branch_python_dop_operator_3.py
[2026-06-11T22:36:21.374+0000] {processor.py:830} INFO - Processing file /home/airflow/.local/lib/python3.12/site-packages/airflow/example_dags/example_branch_python_dop_operator_3.py for tasks to queue
[2026-06-11T22:36:21.376+0000] {logging_mixin.py:188} INFO - [2026-06-11T22:36:21.376+0000] {dagbag.py:545} INFO - Filling up the DagBag from /home/airflow/.local/lib/python3.12/site-packages/airflow/example_dags/example_branch_python_dop_operator_3.py
[2026-06-11T22:36:21.388+0000] {processor.py:840} INFO - DAG(s) 'example_branch_dop_operator_v3' retrieved from /home/airflow/.local/lib/python3.12/site-packages/airflow/example_dags/example_branch_python_dop_operator_3.py
[2026-06-11T22:36:21.428+0000] {logging_mixin.py:188} INFO - [2026-06-11T22:36:21.428+0000] {dag.py:3096} INFO - Sync 1 DAGs
[2026-06-11T22:36:21.469+0000] {logging_mixin.py:188} INFO - [2026-06-11T22:36:21.469+0000] {dag.py:3954} INFO - Setting next_dagrun for example_branch_dop_operator_v3 to 2026-06-11 22:35:00+00:00, run_after=2026-06-11 22:36:00+00:00
[2026-06-11T22:36:21.490+0000] {processor.py:183} INFO - Processing /home/airflow/.local/lib/python3.12/site-packages/airflow/example_dags/example_branch_python_dop_operator_3.py took 0.125 seconds
[2026-06-11T22:36:51.708+0000] {processor.py:161} INFO - Started process (PID=3550) to work on /home/airflow/.local/lib/python3.12/site-packages/airflow/example_dags/example_branch_python_dop_operator_3.py
[2026-06-11T22:36:51.709+0000] {processor.py:830} INFO - Processing file /home/airflow/.local/lib/python3.12/site-packages/airflow/example_dags/example_branch_python_dop_operator_3.py for tasks to queue
[2026-06-11T22:36:51.711+0000] {logging_mixin.py:188} INFO - [2026-06-11T22:36:51.710+0000] {dagbag.py:545} INFO - Filling up the DagBag from /home/airflow/.local/lib/python3.12/site-packages/airflow/example_dags/example_branch_python_dop_operator_3.py
[2026-06-11T22:36:51.718+0000] {processor.py:840} INFO - DAG(s) 'example_branch_dop_operator_v3' retrieved from /home/airflow/.local/lib/python3.12/site-packages/airflow/example_dags/example_branch_python_dop_operator_3.py
[2026-06-11T22:36:51.736+0000] {logging_mixin.py:188} INFO - [2026-06-11T22:36:51.735+0000] {dag.py:3096} INFO - Sync 1 DAGs
[2026-06-11T22:36:51.758+0000] {logging_mixin.py:188} INFO - [2026-06-11T22:36:51.758+0000] {dag.py:3954} INFO - Setting next_dagrun for example_branch_dop_operator_v3 to 2026-06-11 22:35:00+00:00, run_after=2026-06-11 22:36:00+00:00
[2026-06-11T22:36:51.774+0000] {processor.py:183} INFO - Processing /home/airflow/.local/lib/python3.12/site-packages/airflow/example_dags/example_branch_python_dop_operator_3.py took 0.071 seconds
[2026-06-11T22:37:22.124+0000] {processor.py:161} INFO - Started process (PID=3613) to work on /home/airflow/.local/lib/python3.12/site-packages/airflow/example_dags/example_branch_python_dop_operator_3.py
[2026-06-11T22:37:22.125+0000] {processor.py:830} INFO - Processing file /home/airflow/.local/lib/python3.12/site-packages/airflow/example_dags/example_branch_python_dop_operator_3.py for tasks to queue
[2026-06-11T22:37:22.127+0000] {logging_mixin.py:188} INFO - [2026-06-11T22:37:22.127+0000] {dagbag.py:545} INFO - Filling up the DagBag from /home/airflow/.local/lib/python3.12/site-packages/airflow/example_dags/example_branch_python_dop_operator_3.py
[2026-06-11T22:37:22.139+0000] {processor.py:840} INFO - DAG(s) 'example_branch_dop_operator_v3' retrieved from /home/airflow/.local/lib/python3.12/site-packages/airflow/example_dags/example_branch_python_dop_operator_3.py
[2026-06-11T22:37:22.163+0000] {logging_mixin.py:188} INFO - [2026-06-11T22:37:22.163+0000] {dag.py:3096} INFO - Sync 1 DAGs
[2026-06-11T22:37:22.198+0000] {logging_mixin.py:188} INFO - [2026-06-11T22:37:22.197+0000] {dag.py:3954} INFO - Setting next_dagrun for example_branch_dop_operator_v3 to 2026-06-11 22:36:00+00:00, run_after=2026-06-11 22:37:00+00:00
[2026-06-11T22:37:22.218+0000] {processor.py:183} INFO - Processing /home/airflow/.local/lib/python3.12/site-packages/airflow/example_dags/example_branch_python_dop_operator_3.py took 0.101 seconds
[2026-06-11T22:37:52.553+0000] {processor.py:161} INFO - Started process (PID=3675) to work on /home/airflow/.local/lib/python3.12/site-packages/airflow/example_dags/example_branch_python_dop_operator_3.py
[2026-06-11T22:37:52.554+0000] {processor.py:830} INFO - Processing file /home/airflow/.local/lib/python3.12/site-packages/airflow/example_dags/example_branch_python_dop_operator_3.py for tasks to queue
[2026-06-11T22:37:52.555+0000] {logging_mixin.py:188} INFO - [2026-06-11T22:37:52.555+0000] {dagbag.py:545} INFO - Filling up the DagBag from /home/airflow/.local/lib/python3.12/site-packages/airflow/example_dags/example_branch_python_dop_operator_3.py
[2026-06-11T22:37:52.562+0000] {processor.py:840} INFO - DAG(s) 'example_branch_dop_operator_v3' retrieved from /home/airflow/.local/lib/python3.12/site-packages/airflow/example_dags/example_branch_python_dop_operator_3.py
[2026-06-11T22:37:52.578+0000] {logging_mixin.py:188} INFO - [2026-06-11T22:37:52.578+0000] {dag.py:3096} INFO - Sync 1 DAGs
[2026-06-11T22:37:52.601+0000] {logging_mixin.py:188} INFO - [2026-06-11T22:37:52.600+0000] {dag.py:3954} INFO - Setting next_dagrun for example_branch_dop_operator_v3 to 2026-06-11 22:36:00+00:00, run_after=2026-06-11 22:37:00+00:00
[2026-06-11T22:37:52.620+0000] {processor.py:183} INFO - Processing /home/airflow/.local/lib/python3.12/site-packages/airflow/example_dags/example_branch_python_dop_operator_3.py took 0.072 seconds
[2026-06-11T22:38:22.987+0000] {processor.py:161} INFO - Started process (PID=3737) to work on /home/airflow/.local/lib/python3.12/site-packages/airflow/example_dags/example_branch_python_dop_operator_3.py
[2026-06-11T22:38:22.988+0000] {processor.py:830} INFO - Processing file /home/airflow/.local/lib/python3.12/site-packages/airflow/example_dags/example_branch_python_dop_operator_3.py for tasks to queue
[2026-06-11T22:38:22.990+0000] {logging_mixin.py:188} INFO - [2026-06-11T22:38:22.990+0000] {dagbag.py:545} INFO - Filling up the DagBag from /home/airflow/.local/lib/python3.12/site-packages/airflow/example_dags/example_branch_python_dop_operator_3.py
[2026-06-11T22:38:23.001+0000] {processor.py:840} INFO - DAG(s) 'example_branch_dop_operator_v3' retrieved from /home/airflow/.local/lib/python3.12/site-packages/airflow/example_dags/example_branch_python_dop_operator_3.py
[2026-06-11T22:38:23.026+0000] {logging_mixin.py:188} INFO - [2026-06-11T22:38:23.025+0000] {dag.py:3096} INFO - Sync 1 DAGs
[2026-06-11T22:38:23.060+0000] {logging_mixin.py:188} INFO - [2026-06-11T22:38:23.060+0000] {dag.py:3954} INFO - Setting next_dagrun for example_branch_dop_operator_v3 to 2026-06-11 22:37:00+00:00, run_after=2026-06-11 22:38:00+00:00
[2026-06-11T22:38:23.087+0000] {processor.py:183} INFO - Processing /home/airflow/.local/lib/python3.12/site-packages/airflow/example_dags/example_branch_python_dop_operator_3.py took 0.108 seconds
[2026-06-11T22:38:53.799+0000] {processor.py:161} INFO - Started process (PID=3799) to work on /home/airflow/.local/lib/python3.12/site-packages/airflow/example_dags/example_branch_python_dop_operator_3.py
[2026-06-11T22:38:53.800+0000] {processor.py:830} INFO - Processing file /home/airflow/.local/lib/python3.12/site-packages/airflow/example_dags/example_branch_python_dop_operator_3.py for tasks to queue
[2026-06-11T22:38:53.802+0000] {logging_mixin.py:188} INFO - [2026-06-11T22:38:53.802+0000] {dagbag.py:545} INFO - Filling up the DagBag from /home/airflow/.local/lib/python3.12/site-packages/airflow/example_dags/example_branch_python_dop_operator_3.py
[2026-06-11T22:38:53.813+0000] {processor.py:840} INFO - DAG(s) 'example_branch_dop_operator_v3' retrieved from /home/airflow/.local/lib/python3.12/site-packages/airflow/example_dags/example_branch_python_dop_operator_3.py
[2026-06-11T22:38:53.838+0000] {logging_mixin.py:188} INFO - [2026-06-11T22:38:53.838+0000] {dag.py:3096} INFO - Sync 1 DAGs
[2026-06-11T22:38:53.872+0000] {logging_mixin.py:188} INFO - [2026-06-11T22:38:53.871+0000] {dag.py:3954} INFO - Setting next_dagrun for example_branch_dop_operator_v3 to 2026-06-11 22:37:00+00:00, run_after=2026-06-11 22:38:00+00:00
[2026-06-11T22:38:53.892+0000] {processor.py:183} INFO - Processing /home/airflow/.local/lib/python3.12/site-packages/airflow/example_dags/example_branch_python_dop_operator_3.py took 0.100 seconds
[2026-06-11T22:39:24.937+0000] {processor.py:161} INFO - Started process (PID=3860) to work on /home/airflow/.local/lib/python3.12/site-packages/airflow/example_dags/example_branch_python_dop_operator_3.py
[2026-06-11T22:39:24.943+0000] {processor.py:830} INFO - Processing file /home/airflow/.local/lib/python3.12/site-packages/airflow/example_dags/example_branch_python_dop_operator_3.py for tasks to queue
[2026-06-11T22:39:24.949+0000] {logging_mixin.py:188} INFO - [2026-06-11T22:39:24.945+0000] {dagbag.py:545} INFO - Filling up the DagBag from /home/airflow/.local/lib/python3.12/site-packages/airflow/example_dags/example_branch_python_dop_operator_3.py
[2026-06-11T22:39:24.982+0000] {processor.py:840} INFO - DAG(s) 'example_branch_dop_operator_v3' retrieved from /home/airflow/.local/lib/python3.12/site-packages/airflow/example_dags/example_branch_python_dop_operator_3.py
[2026-06-11T22:39:25.053+0000] {logging_mixin.py:188} INFO - [2026-06-11T22:39:25.052+0000] {dag.py:3096} INFO - Sync 1 DAGs
[2026-06-11T22:39:25.159+0000] {logging_mixin.py:188} INFO - [2026-06-11T22:39:25.158+0000] {dag.py:3954} INFO - Setting next_dagrun for example_branch_dop_operator_v3 to 2026-06-11 22:38:00+00:00, run_after=2026-06-11 22:39:00+00:00
[2026-06-11T22:39:25.197+0000] {processor.py:183} INFO - Processing /home/airflow/.local/lib/python3.12/site-packages/airflow/example_dags/example_branch_python_dop_operator_3.py took 0.282 seconds
[2026-06-11T22:39:56.115+0000] {processor.py:161} INFO - Started process (PID=3921) to work on /home/airflow/.local/lib/python3.12/site-packages/airflow/example_dags/example_branch_python_dop_operator_3.py
[2026-06-11T22:39:56.116+0000] {processor.py:830} INFO - Processing file /home/airflow/.local/lib/python3.12/site-packages/airflow/example_dags/example_branch_python_dop_operator_3.py for tasks to queue
[2026-06-11T22:39:56.118+0000] {logging_mixin.py:188} INFO - [2026-06-11T22:39:56.117+0000] {dagbag.py:545} INFO - Filling up the DagBag from /home/airflow/.local/lib/python3.12/site-packages/airflow/example_dags/example_branch_python_dop_operator_3.py
[2026-06-11T22:39:56.132+0000] {processor.py:840} INFO - DAG(s) 'example_branch_dop_operator_v3' retrieved from /home/airflow/.local/lib/python3.12/site-packages/airflow/example_dags/example_branch_python_dop_operator_3.py
[2026-06-11T22:39:56.164+0000] {logging_mixin.py:188} INFO - [2026-06-11T22:39:56.164+0000] {dag.py:3096} INFO - Sync 1 DAGs
[2026-06-11T22:39:56.211+0000] {logging_mixin.py:188} INFO - [2026-06-11T22:39:56.210+0000] {dag.py:3954} INFO - Setting next_dagrun for example_branch_dop_operator_v3 to 2026-06-11 22:38:00+00:00, run_after=2026-06-11 22:39:00+00:00
[2026-06-11T22:39:56.230+0000] {processor.py:183} INFO - Processing /home/airflow/.local/lib/python3.12/site-packages/airflow/example_dags/example_branch_python_dop_operator_3.py took 0.122 seconds
[2026-06-11T22:40:27.053+0000] {processor.py:161} INFO - Started process (PID=3983) to work on /home/airflow/.local/lib/python3.12/site-packages/airflow/example_dags/example_branch_python_dop_operator_3.py
[2026-06-11T22:40:27.053+0000] {processor.py:830} INFO - Processing file /home/airflow/.local/lib/python3.12/site-packages/airflow/example_dags/example_branch_python_dop_operator_3.py for tasks to queue
[2026-06-11T22:40:27.055+0000] {logging_mixin.py:188} INFO - [2026-06-11T22:40:27.055+0000] {dagbag.py:545} INFO - Filling up the DagBag from /home/airflow/.local/lib/python3.12/site-packages/airflow/example_dags/example_branch_python_dop_operator_3.py
[2026-06-11T22:40:27.081+0000] {processor.py:840} INFO - DAG(s) 'example_branch_dop_operator_v3' retrieved from /home/airflow/.local/lib/python3.12/site-packages/airflow/example_dags/example_branch_python_dop_operator_3.py
[2026-06-11T22:40:27.272+0000] {logging_mixin.py:188} INFO - [2026-06-11T22:40:27.268+0000] {dag.py:3096} INFO - Sync 1 DAGs
[2026-06-11T22:40:27.372+0000] {logging_mixin.py:188} INFO - [2026-06-11T22:40:27.372+0000] {dag.py:3954} INFO - Setting next_dagrun for example_branch_dop_operator_v3 to 2026-06-11 22:39:00+00:00, run_after=2026-06-11 22:40:00+00:00
[2026-06-11T22:40:27.447+0000] {processor.py:183} INFO - Processing /home/airflow/.local/lib/python3.12/site-packages/airflow/example_dags/example_branch_python_dop_operator_3.py took 0.402 seconds
[2026-06-11T22:40:57.765+0000] {processor.py:161} INFO - Started process (PID=4044) to work on /home/airflow/.local/lib/python3.12/site-packages/airflow/example_dags/example_branch_python_dop_operator_3.py
[2026-06-11T22:40:57.766+0000] {processor.py:830} INFO - Processing file /home/airflow/.local/lib/python3.12/site-packages/airflow/example_dags/example_branch_python_dop_operator_3.py for tasks to queue
[2026-06-11T22:40:57.768+0000] {logging_mixin.py:188} INFO - [2026-06-11T22:40:57.768+0000] {dagbag.py:545} INFO - Filling up the DagBag from /home/airflow/.local/lib/python3.12/site-packages/airflow/example_dags/example_branch_python_dop_operator_3.py
[2026-06-11T22:40:57.778+0000] {processor.py:840} INFO - DAG(s) 'example_branch_dop_operator_v3' retrieved from /home/airflow/.local/lib/python3.12/site-packages/airflow/example_dags/example_branch_python_dop_operator_3.py
[2026-06-11T22:40:57.803+0000] {logging_mixin.py:188} INFO - [2026-06-11T22:40:57.803+0000] {dag.py:3096} INFO - Sync 1 DAGs
[2026-06-11T22:40:57.836+0000] {logging_mixin.py:188} INFO - [2026-06-11T22:40:57.836+0000] {dag.py:3954} INFO - Setting next_dagrun for example_branch_dop_operator_v3 to 2026-06-11 22:39:00+00:00, run_after=2026-06-11 22:40:00+00:00
[2026-06-11T22:40:57.857+0000] {processor.py:183} INFO - Processing /home/airflow/.local/lib/python3.12/site-packages/airflow/example_dags/example_branch_python_dop_operator_3.py took 0.098 seconds
[2026-06-11T22:41:28.815+0000] {processor.py:161} INFO - Started process (PID=4106) to work on /home/airflow/.local/lib/python3.12/site-packages/airflow/example_dags/example_branch_python_dop_operator_3.py
[2026-06-11T22:41:28.816+0000] {processor.py:830} INFO - Processing file /home/airflow/.local/lib/python3.12/site-packages/airflow/example_dags/example_branch_python_dop_operator_3.py for tasks to queue
[2026-06-11T22:41:28.818+0000] {logging_mixin.py:188} INFO - [2026-06-11T22:41:28.818+0000] {dagbag.py:545} INFO - Filling up the DagBag from /home/airflow/.local/lib/python3.12/site-packages/airflow/example_dags/example_branch_python_dop_operator_3.py
[2026-06-11T22:41:28.829+0000] {processor.py:840} INFO - DAG(s) 'example_branch_dop_operator_v3' retrieved from /home/airflow/.local/lib/python3.12/site-packages/airflow/example_dags/example_branch_python_dop_operator_3.py
[2026-06-11T22:41:28.861+0000] {logging_mixin.py:188} INFO - [2026-06-11T22:41:28.861+0000] {dag.py:3096} INFO - Sync 1 DAGs
[2026-06-11T22:41:28.898+0000] {logging_mixin.py:188} INFO - [2026-06-11T22:41:28.897+0000] {dag.py:3954} INFO - Setting next_dagrun for example_branch_dop_operator_v3 to 2026-06-11 22:40:00+00:00, run_after=2026-06-11 22:41:00+00:00
[2026-06-11T22:41:28.917+0000] {processor.py:183} INFO - Processing /home/airflow/.local/lib/python3.12/site-packages/airflow/example_dags/example_branch_python_dop_operator_3.py took 0.108 seconds
[2026-06-11T22:41:58.998+0000] {processor.py:161} INFO - Started process (PID=4168) to work on /home/airflow/.local/lib/python3.12/site-packages/airflow/example_dags/example_branch_python_dop_operator_3.py
[2026-06-11T22:41:58.999+0000] {processor.py:830} INFO - Processing file /home/airflow/.local/lib/python3.12/site-packages/airflow/example_dags/example_branch_python_dop_operator_3.py for tasks to queue
[2026-06-11T22:41:59.003+0000] {logging_mixin.py:188} INFO - [2026-06-11T22:41:59.003+0000] {dagbag.py:545} INFO - Filling up the DagBag from /home/airflow/.local/lib/python3.12/site-packages/airflow/example_dags/example_branch_python_dop_operator_3.py
[2026-06-11T22:41:59.013+0000] {processor.py:840} INFO - DAG(s) 'example_branch_dop_operator_v3' retrieved from /home/airflow/.local/lib/python3.12/site-packages/airflow/example_dags/example_branch_python_dop_operator_3.py
[2026-06-11T22:41:59.038+0000] {logging_mixin.py:188} INFO - [2026-06-11T22:41:59.037+0000] {dag.py:3096} INFO - Sync 1 DAGs
[2026-06-11T22:41:59.072+0000] {logging_mixin.py:188} INFO - [2026-06-11T22:41:59.071+0000] {dag.py:3954} INFO - Setting next_dagrun for example_branch_dop_operator_v3 to 2026-06-11 22:40:00+00:00, run_after=2026-06-11 22:41:00+00:00
[2026-06-11T22:41:59.102+0000] {processor.py:183} INFO - Processing /home/airflow/.local/lib/python3.12/site-packages/airflow/example_dags/example_branch_python_dop_operator_3.py took 0.120 seconds
[2026-06-11T22:42:29.549+0000] {processor.py:161} INFO - Started process (PID=4230) to work on /home/airflow/.local/lib/python3.12/site-packages/airflow/example_dags/example_branch_python_dop_operator_3.py
[2026-06-11T22:42:29.550+0000] {processor.py:830} INFO - Processing file /home/airflow/.local/lib/python3.12/site-packages/airflow/example_dags/example_branch_python_dop_operator_3.py for tasks to queue
[2026-06-11T22:42:29.555+0000] {logging_mixin.py:188} INFO - [2026-06-11T22:42:29.554+0000] {dagbag.py:545} INFO - Filling up the DagBag from /home/airflow/.local/lib/python3.12/site-packages/airflow/example_dags/example_branch_python_dop_operator_3.py
[2026-06-11T22:42:29.565+0000] {processor.py:840} INFO - DAG(s) 'example_branch_dop_operator_v3' retrieved from /home/airflow/.local/lib/python3.12/site-packages/airflow/example_dags/example_branch_python_dop_operator_3.py
[2026-06-11T22:42:29.590+0000] {logging_mixin.py:188} INFO - [2026-06-11T22:42:29.589+0000] {dag.py:3096} INFO - Sync 1 DAGs
[2026-06-11T22:42:29.622+0000] {logging_mixin.py:188} INFO - [2026-06-11T22:42:29.622+0000] {dag.py:3954} INFO - Setting next_dagrun for example_branch_dop_operator_v3 to 2026-06-11 22:41:00+00:00, run_after=2026-06-11 22:42:00+00:00
[2026-06-11T22:42:29.645+0000] {processor.py:183} INFO - Processing /home/airflow/.local/lib/python3.12/site-packages/airflow/example_dags/example_branch_python_dop_operator_3.py took 0.107 seconds
[2026-06-11T22:42:59.843+0000] {processor.py:161} INFO - Started process (PID=4292) to work on /home/airflow/.local/lib/python3.12/site-packages/airflow/example_dags/example_branch_python_dop_operator_3.py
[2026-06-11T22:42:59.844+0000] {processor.py:830} INFO - Processing file /home/airflow/.local/lib/python3.12/site-packages/airflow/example_dags/example_branch_python_dop_operator_3.py for tasks to queue
[2026-06-11T22:42:59.846+0000] {logging_mixin.py:188} INFO - [2026-06-11T22:42:59.845+0000] {dagbag.py:545} INFO - Filling up the DagBag from /home/airflow/.local/lib/python3.12/site-packages/airflow/example_dags/example_branch_python_dop_operator_3.py
[2026-06-11T22:42:59.857+0000] {processor.py:840} INFO - DAG(s) 'example_branch_dop_operator_v3' retrieved from /home/airflow/.local/lib/python3.12/site-packages/airflow/example_dags/example_branch_python_dop_operator_3.py
[2026-06-11T22:42:59.880+0000] {logging_mixin.py:188} INFO - [2026-06-11T22:42:59.880+0000] {dag.py:3096} INFO - Sync 1 DAGs
[2026-06-11T22:42:59.913+0000] {logging_mixin.py:188} INFO - [2026-06-11T22:42:59.913+0000] {dag.py:3954} INFO - Setting next_dagrun for example_branch_dop_operator_v3 to 2026-06-11 22:41:00+00:00, run_after=2026-06-11 22:42:00+00:00
[2026-06-11T22:42:59.935+0000] {processor.py:183} INFO - Processing /home/airflow/.local/lib/python3.12/site-packages/airflow/example_dags/example_branch_python_dop_operator_3.py took 0.099 seconds
[2026-06-11T22:43:29.992+0000] {processor.py:161} INFO - Started process (PID=4354) to work on /home/airflow/.local/lib/python3.12/site-packages/airflow/example_dags/example_branch_python_dop_operator_3.py
[2026-06-11T22:43:29.993+0000] {processor.py:830} INFO - Processing file /home/airflow/.local/lib/python3.12/site-packages/airflow/example_dags/example_branch_python_dop_operator_3.py for tasks to queue
[2026-06-11T22:43:29.995+0000] {logging_mixin.py:188} INFO - [2026-06-11T22:43:29.995+0000] {dagbag.py:545} INFO - Filling up the DagBag from /home/airflow/.local/lib/python3.12/site-packages/airflow/example_dags/example_branch_python_dop_operator_3.py
[2026-06-11T22:43:30.005+0000] {processor.py:840} INFO - DAG(s) 'example_branch_dop_operator_v3' retrieved from /home/airflow/.local/lib/python3.12/site-packages/airflow/example_dags/example_branch_python_dop_operator_3.py
[2026-06-11T22:43:30.051+0000] {logging_mixin.py:188} INFO - [2026-06-11T22:43:30.050+0000] {dag.py:3096} INFO - Sync 1 DAGs
[2026-06-11T22:43:30.084+0000] {logging_mixin.py:188} INFO - [2026-06-11T22:43:30.084+0000] {dag.py:3954} INFO - Setting next_dagrun for example_branch_dop_operator_v3 to 2026-06-11 22:42:00+00:00, run_after=2026-06-11 22:43:00+00:00
[2026-06-11T22:43:30.104+0000] {processor.py:183} INFO - Processing /home/airflow/.local/lib/python3.12/site-packages/airflow/example_dags/example_branch_python_dop_operator_3.py took 0.119 seconds
[2026-06-11T22:44:00.429+0000] {processor.py:161} INFO - Started process (PID=4416) to work on /home/airflow/.local/lib/python3.12/site-packages/airflow/example_dags/example_branch_python_dop_operator_3.py
[2026-06-11T22:44:00.432+0000] {processor.py:830} INFO - Processing file /home/airflow/.local/lib/python3.12/site-packages/airflow/example_dags/example_branch_python_dop_operator_3.py for tasks to queue
[2026-06-11T22:44:00.434+0000] {logging_mixin.py:188} INFO - [2026-06-11T22:44:00.434+0000] {dagbag.py:545} INFO - Filling up the DagBag from /home/airflow/.local/lib/python3.12/site-packages/airflow/example_dags/example_branch_python_dop_operator_3.py
[2026-06-11T22:44:00.448+0000] {processor.py:840} INFO - DAG(s) 'example_branch_dop_operator_v3' retrieved from /home/airflow/.local/lib/python3.12/site-packages/airflow/example_dags/example_branch_python_dop_operator_3.py
[2026-06-11T22:44:00.472+0000] {logging_mixin.py:188} INFO - [2026-06-11T22:44:00.472+0000] {dag.py:3096} INFO - Sync 1 DAGs
[2026-06-11T22:44:00.504+0000] {logging_mixin.py:188} INFO - [2026-06-11T22:44:00.504+0000] {dag.py:3954} INFO - Setting next_dagrun for example_branch_dop_operator_v3 to 2026-06-11 22:43:00+00:00, run_after=2026-06-11 22:44:00+00:00
[2026-06-11T22:44:00.526+0000] {processor.py:183} INFO - Processing /home/airflow/.local/lib/python3.12/site-packages/airflow/example_dags/example_branch_python_dop_operator_3.py took 0.105 seconds
[2026-06-11T22:44:31.136+0000] {processor.py:161} INFO - Started process (PID=4478) to work on /home/airflow/.local/lib/python3.12/site-packages/airflow/example_dags/example_branch_python_dop_operator_3.py
[2026-06-11T22:44:31.137+0000] {processor.py:830} INFO - Processing file /home/airflow/.local/lib/python3.12/site-packages/airflow/example_dags/example_branch_python_dop_operator_3.py for tasks to queue
[2026-06-11T22:44:31.139+0000] {logging_mixin.py:188} INFO - [2026-06-11T22:44:31.139+0000] {dagbag.py:545} INFO - Filling up the DagBag from /home/airflow/.local/lib/python3.12/site-packages/airflow/example_dags/example_branch_python_dop_operator_3.py
[2026-06-11T22:44:31.150+0000] {processor.py:840} INFO - DAG(s) 'example_branch_dop_operator_v3' retrieved from /home/airflow/.local/lib/python3.12/site-packages/airflow/example_dags/example_branch_python_dop_operator_3.py
[2026-06-11T22:44:31.175+0000] {logging_mixin.py:188} INFO - [2026-06-11T22:44:31.174+0000] {dag.py:3096} INFO - Sync 1 DAGs
[2026-06-11T22:44:31.221+0000] {logging_mixin.py:188} INFO - [2026-06-11T22:44:31.221+0000] {dag.py:3954} INFO - Setting next_dagrun for example_branch_dop_operator_v3 to 2026-06-11 22:43:00+00:00, run_after=2026-06-11 22:44:00+00:00
[2026-06-11T22:44:31.266+0000] {processor.py:183} INFO - Processing /home/airflow/.local/lib/python3.12/site-packages/airflow/example_dags/example_branch_python_dop_operator_3.py took 0.136 seconds
[2026-06-11T22:45:01.944+0000] {processor.py:161} INFO - Started process (PID=4539) to work on /home/airflow/.local/lib/python3.12/site-packages/airflow/example_dags/example_branch_python_dop_operator_3.py
[2026-06-11T22:45:01.945+0000] {processor.py:830} INFO - Processing file /home/airflow/.local/lib/python3.12/site-packages/airflow/example_dags/example_branch_python_dop_operator_3.py for tasks to queue
[2026-06-11T22:45:01.947+0000] {logging_mixin.py:188} INFO - [2026-06-11T22:45:01.947+0000] {dagbag.py:545} INFO - Filling up the DagBag from /home/airflow/.local/lib/python3.12/site-packages/airflow/example_dags/example_branch_python_dop_operator_3.py
[2026-06-11T22:45:01.958+0000] {processor.py:840} INFO - DAG(s) 'example_branch_dop_operator_v3' retrieved from /home/airflow/.local/lib/python3.12/site-packages/airflow/example_dags/example_branch_python_dop_operator_3.py
[2026-06-11T22:45:01.981+0000] {logging_mixin.py:188} INFO - [2026-06-11T22:45:01.980+0000] {dag.py:3096} INFO - Sync 1 DAGs
[2026-06-11T22:45:02.013+0000] {logging_mixin.py:188} INFO - [2026-06-11T22:45:02.013+0000] {dag.py:3954} INFO - Setting next_dagrun for example_branch_dop_operator_v3 to 2026-06-11 22:44:00+00:00, run_after=2026-06-11 22:45:00+00:00
[2026-06-11T22:45:02.038+0000] {processor.py:183} INFO - Processing /home/airflow/.local/lib/python3.12/site-packages/airflow/example_dags/example_branch_python_dop_operator_3.py took 0.100 seconds
[2026-06-11T22:45:32.515+0000] {processor.py:161} INFO - Started process (PID=4601) to work on /home/airflow/.local/lib/python3.12/site-packages/airflow/example_dags/example_branch_python_dop_operator_3.py
[2026-06-11T22:45:32.516+0000] {processor.py:830} INFO - Processing file /home/airflow/.local/lib/python3.12/site-packages/airflow/example_dags/example_branch_python_dop_operator_3.py for tasks to queue
[2026-06-11T22:45:32.518+0000] {logging_mixin.py:188} INFO - [2026-06-11T22:45:32.517+0000] {dagbag.py:545} INFO - Filling up the DagBag from /home/airflow/.local/lib/python3.12/site-packages/airflow/example_dags/example_branch_python_dop_operator_3.py
[2026-06-11T22:45:32.529+0000] {processor.py:840} INFO - DAG(s) 'example_branch_dop_operator_v3' retrieved from /home/airflow/.local/lib/python3.12/site-packages/airflow/example_dags/example_branch_python_dop_operator_3.py
[2026-06-11T22:45:32.553+0000] {logging_mixin.py:188} INFO - [2026-06-11T22:45:32.552+0000] {dag.py:3096} INFO - Sync 1 DAGs
[2026-06-11T22:45:32.586+0000] {logging_mixin.py:188} INFO - [2026-06-11T22:45:32.586+0000] {dag.py:3954} INFO - Setting next_dagrun for example_branch_dop_operator_v3 to 2026-06-11 22:44:00+00:00, run_after=2026-06-11 22:45:00+00:00
[2026-06-11T22:45:32.610+0000] {processor.py:183} INFO - Processing /home/airflow/.local/lib/python3.12/site-packages/airflow/example_dags/example_branch_python_dop_operator_3.py took 0.102 seconds
[2026-06-11T22:46:03.218+0000] {processor.py:161} INFO - Started process (PID=4662) to work on /home/airflow/.local/lib/python3.12/site-packages/airflow/example_dags/example_branch_python_dop_operator_3.py
[2026-06-11T22:46:03.221+0000] {processor.py:830} INFO - Processing file /home/airflow/.local/lib/python3.12/site-packages/airflow/example_dags/example_branch_python_dop_operator_3.py for tasks to queue
[2026-06-11T22:46:03.230+0000] {logging_mixin.py:188} INFO - [2026-06-11T22:46:03.229+0000] {dagbag.py:545} INFO - Filling up the DagBag from /home/airflow/.local/lib/python3.12/site-packages/airflow/example_dags/example_branch_python_dop_operator_3.py
[2026-06-11T22:46:03.252+0000] {processor.py:840} INFO - DAG(s) 'example_branch_dop_operator_v3' retrieved from /home/airflow/.local/lib/python3.12/site-packages/airflow/example_dags/example_branch_python_dop_operator_3.py
[2026-06-11T22:46:03.293+0000] {logging_mixin.py:188} INFO - [2026-06-11T22:46:03.293+0000] {dag.py:3096} INFO - Sync 1 DAGs
[2026-06-11T22:46:03.338+0000] {logging_mixin.py:188} INFO - [2026-06-11T22:46:03.337+0000] {dag.py:3954} INFO - Setting next_dagrun for example_branch_dop_operator_v3 to 2026-06-11 22:45:00+00:00, run_after=2026-06-11 22:46:00+00:00
[2026-06-11T22:46:03.373+0000] {processor.py:183} INFO - Processing /home/airflow/.local/lib/python3.12/site-packages/airflow/example_dags/example_branch_python_dop_operator_3.py took 0.171 seconds
[2026-06-11T22:46:34.220+0000] {processor.py:161} INFO - Started process (PID=4724) to work on /home/airflow/.local/lib/python3.12/site-packages/airflow/example_dags/example_branch_python_dop_operator_3.py
[2026-06-11T22:46:34.221+0000] {processor.py:830} INFO - Processing file /home/airflow/.local/lib/python3.12/site-packages/airflow/example_dags/example_branch_python_dop_operator_3.py for tasks to queue
[2026-06-11T22:46:34.223+0000] {logging_mixin.py:188} INFO - [2026-06-11T22:46:34.222+0000] {dagbag.py:545} INFO - Filling up the DagBag from /home/airflow/.local/lib/python3.12/site-packages/airflow/example_dags/example_branch_python_dop_operator_3.py
[2026-06-11T22:46:34.233+0000] {processor.py:840} INFO - DAG(s) 'example_branch_dop_operator_v3' retrieved from /home/airflow/.local/lib/python3.12/site-packages/airflow/example_dags/example_branch_python_dop_operator_3.py
[2026-06-11T22:46:34.256+0000] {logging_mixin.py:188} INFO - [2026-06-11T22:46:34.256+0000] {dag.py:3096} INFO - Sync 1 DAGs
[2026-06-11T22:46:34.337+0000] {logging_mixin.py:188} INFO - [2026-06-11T22:46:34.336+0000] {dag.py:3954} INFO - Setting next_dagrun for example_branch_dop_operator_v3 to 2026-06-11 22:45:00+00:00, run_after=2026-06-11 22:46:00+00:00
[2026-06-11T22:46:34.366+0000] {processor.py:183} INFO - Processing /home/airflow/.local/lib/python3.12/site-packages/airflow/example_dags/example_branch_python_dop_operator_3.py took 0.153 seconds
[2026-06-11T22:47:05.022+0000] {processor.py:161} INFO - Started process (PID=4785) to work on /home/airflow/.local/lib/python3.12/site-packages/airflow/example_dags/example_branch_python_dop_operator_3.py
[2026-06-11T22:47:05.022+0000] {processor.py:830} INFO - Processing file /home/airflow/.local/lib/python3.12/site-packages/airflow/example_dags/example_branch_python_dop_operator_3.py for tasks to queue
[2026-06-11T22:47:05.025+0000] {logging_mixin.py:188} INFO - [2026-06-11T22:47:05.024+0000] {dagbag.py:545} INFO - Filling up the DagBag from /home/airflow/.local/lib/python3.12/site-packages/airflow/example_dags/example_branch_python_dop_operator_3.py
[2026-06-11T22:47:05.035+0000] {processor.py:840} INFO - DAG(s) 'example_branch_dop_operator_v3' retrieved from /home/airflow/.local/lib/python3.12/site-packages/airflow/example_dags/example_branch_python_dop_operator_3.py
[2026-06-11T22:47:05.065+0000] {logging_mixin.py:188} INFO - [2026-06-11T22:47:05.065+0000] {dag.py:3096} INFO - Sync 1 DAGs
[2026-06-11T22:47:05.118+0000] {logging_mixin.py:188} INFO - [2026-06-11T22:47:05.118+0000] {dag.py:3954} INFO - Setting next_dagrun for example_branch_dop_operator_v3 to 2026-06-11 22:46:00+00:00, run_after=2026-06-11 22:47:00+00:00
[2026-06-11T22:47:05.167+0000] {processor.py:183} INFO - Processing /home/airflow/.local/lib/python3.12/site-packages/airflow/example_dags/example_branch_python_dop_operator_3.py took 0.152 seconds
[2026-06-11T22:47:35.781+0000] {processor.py:161} INFO - Started process (PID=4847) to work on /home/airflow/.local/lib/python3.12/site-packages/airflow/example_dags/example_branch_python_dop_operator_3.py
[2026-06-11T22:47:35.782+0000] {processor.py:830} INFO - Processing file /home/airflow/.local/lib/python3.12/site-packages/airflow/example_dags/example_branch_python_dop_operator_3.py for tasks to queue
[2026-06-11T22:47:35.785+0000] {logging_mixin.py:188} INFO - [2026-06-11T22:47:35.784+0000] {dagbag.py:545} INFO - Filling up the DagBag from /home/airflow/.local/lib/python3.12/site-packages/airflow/example_dags/example_branch_python_dop_operator_3.py
[2026-06-11T22:47:35.794+0000] {processor.py:840} INFO - DAG(s) 'example_branch_dop_operator_v3' retrieved from /home/airflow/.local/lib/python3.12/site-packages/airflow/example_dags/example_branch_python_dop_operator_3.py
[2026-06-11T22:47:35.818+0000] {logging_mixin.py:188} INFO - [2026-06-11T22:47:35.818+0000] {dag.py:3096} INFO - Sync 1 DAGs
[2026-06-11T22:47:35.851+0000] {logging_mixin.py:188} INFO - [2026-06-11T22:47:35.851+0000] {dag.py:3954} INFO - Setting next_dagrun for example_branch_dop_operator_v3 to 2026-06-11 22:46:00+00:00, run_after=2026-06-11 22:47:00+00:00
[2026-06-11T22:47:35.889+0000] {processor.py:183} INFO - Processing /home/airflow/.local/lib/python3.12/site-packages/airflow/example_dags/example_branch_python_dop_operator_3.py took 0.114 seconds
[2026-06-11T22:48:06.090+0000] {processor.py:161} INFO - Started process (PID=4909) to work on /home/airflow/.local/lib/python3.12/site-packages/airflow/example_dags/example_branch_python_dop_operator_3.py
[2026-06-11T22:48:06.092+0000] {processor.py:830} INFO - Processing file /home/airflow/.local/lib/python3.12/site-packages/airflow/example_dags/example_branch_python_dop_operator_3.py for tasks to queue
[2026-06-11T22:48:06.094+0000] {logging_mixin.py:188} INFO - [2026-06-11T22:48:06.094+0000] {dagbag.py:545} INFO - Filling up the DagBag from /home/airflow/.local/lib/python3.12/site-packages/airflow/example_dags/example_branch_python_dop_operator_3.py
[2026-06-11T22:48:06.129+0000] {processor.py:840} INFO - DAG(s) 'example_branch_dop_operator_v3' retrieved from /home/airflow/.local/lib/python3.12/site-packages/airflow/example_dags/example_branch_python_dop_operator_3.py
[2026-06-11T22:48:06.154+0000] {logging_mixin.py:188} INFO - [2026-06-11T22:48:06.154+0000] {dag.py:3096} INFO - Sync 1 DAGs
[2026-06-11T22:48:06.192+0000] {logging_mixin.py:188} INFO - [2026-06-11T22:48:06.192+0000] {dag.py:3954} INFO - Setting next_dagrun for example_branch_dop_operator_v3 to 2026-06-11 22:47:00+00:00, run_after=2026-06-11 22:48:00+00:00
[2026-06-11T22:48:06.228+0000] {processor.py:183} INFO - Processing /home/airflow/.local/lib/python3.12/site-packages/airflow/example_dags/example_branch_python_dop_operator_3.py took 0.153 seconds
[2026-06-11T22:48:36.753+0000] {processor.py:161} INFO - Started process (PID=4971) to work on /home/airflow/.local/lib/python3.12/site-packages/airflow/example_dags/example_branch_python_dop_operator_3.py
[2026-06-11T22:48:36.754+0000] {processor.py:830} INFO - Processing file /home/airflow/.local/lib/python3.12/site-packages/airflow/example_dags/example_branch_python_dop_operator_3.py for tasks to queue
[2026-06-11T22:48:36.757+0000] {logging_mixin.py:188} INFO - [2026-06-11T22:48:36.757+0000] {dagbag.py:545} INFO - Filling up the DagBag from /home/airflow/.local/lib/python3.12/site-packages/airflow/example_dags/example_branch_python_dop_operator_3.py
[2026-06-11T22:48:36.767+0000] {processor.py:840} INFO - DAG(s) 'example_branch_dop_operator_v3' retrieved from /home/airflow/.local/lib/python3.12/site-packages/airflow/example_dags/example_branch_python_dop_operator_3.py
[2026-06-11T22:48:36.791+0000] {logging_mixin.py:188} INFO - [2026-06-11T22:48:36.791+0000] {dag.py:3096} INFO - Sync 1 DAGs
[2026-06-11T22:48:36.823+0000] {logging_mixin.py:188} INFO - [2026-06-11T22:48:36.823+0000] {dag.py:3954} INFO - Setting next_dagrun for example_branch_dop_operator_v3 to 2026-06-11 22:47:00+00:00, run_after=2026-06-11 22:48:00+00:00
[2026-06-11T22:48:36.847+0000] {processor.py:183} INFO - Processing /home/airflow/.local/lib/python3.12/site-packages/airflow/example_dags/example_branch_python_dop_operator_3.py took 0.100 seconds
[2026-06-11T22:49:07.144+0000] {processor.py:161} INFO - Started process (PID=5032) to work on /home/airflow/.local/lib/python3.12/site-packages/airflow/example_dags/example_branch_python_dop_operator_3.py
[2026-06-11T22:49:07.144+0000] {processor.py:830} INFO - Processing file /home/airflow/.local/lib/python3.12/site-packages/airflow/example_dags/example_branch_python_dop_operator_3.py for tasks to queue
[2026-06-11T22:49:07.154+0000] {logging_mixin.py:188} INFO - [2026-06-11T22:49:07.154+0000] {dagbag.py:545} INFO - Filling up the DagBag from /home/airflow/.local/lib/python3.12/site-packages/airflow/example_dags/example_branch_python_dop_operator_3.py
[2026-06-11T22:49:07.180+0000] {processor.py:840} INFO - DAG(s) 'example_branch_dop_operator_v3' retrieved from /home/airflow/.local/lib/python3.12/site-packages/airflow/example_dags/example_branch_python_dop_operator_3.py
[2026-06-11T22:49:07.208+0000] {logging_mixin.py:188} INFO - [2026-06-11T22:49:07.208+0000] {dag.py:3096} INFO - Sync 1 DAGs
[2026-06-11T22:49:07.260+0000] {logging_mixin.py:188} INFO - [2026-06-11T22:49:07.260+0000] {dag.py:3954} INFO - Setting next_dagrun for example_branch_dop_operator_v3 to 2026-06-11 22:48:00+00:00, run_after=2026-06-11 22:49:00+00:00
[2026-06-11T22:49:07.294+0000] {processor.py:183} INFO - Processing /home/airflow/.local/lib/python3.12/site-packages/airflow/example_dags/example_branch_python_dop_operator_3.py took 0.158 seconds
[2026-06-11T22:49:37.514+0000] {processor.py:161} INFO - Started process (PID=5094) to work on /home/airflow/.local/lib/python3.12/site-packages/airflow/example_dags/example_branch_python_dop_operator_3.py
[2026-06-11T22:49:37.515+0000] {processor.py:830} INFO - Processing file /home/airflow/.local/lib/python3.12/site-packages/airflow/example_dags/example_branch_python_dop_operator_3.py for tasks to queue
[2026-06-11T22:49:37.519+0000] {logging_mixin.py:188} INFO - [2026-06-11T22:49:37.517+0000] {dagbag.py:545} INFO - Filling up the DagBag from /home/airflow/.local/lib/python3.12/site-packages/airflow/example_dags/example_branch_python_dop_operator_3.py
[2026-06-11T22:49:37.533+0000] {processor.py:840} INFO - DAG(s) 'example_branch_dop_operator_v3' retrieved from /home/airflow/.local/lib/python3.12/site-packages/airflow/example_dags/example_branch_python_dop_operator_3.py
[2026-06-11T22:49:37.559+0000] {logging_mixin.py:188} INFO - [2026-06-11T22:49:37.558+0000] {dag.py:3096} INFO - Sync 1 DAGs
[2026-06-11T22:49:37.591+0000] {logging_mixin.py:188} INFO - [2026-06-11T22:49:37.590+0000] {dag.py:3954} INFO - Setting next_dagrun for example_branch_dop_operator_v3 to 2026-06-11 22:48:00+00:00, run_after=2026-06-11 22:49:00+00:00
[2026-06-11T22:49:37.612+0000] {processor.py:183} INFO - Processing /home/airflow/.local/lib/python3.12/site-packages/airflow/example_dags/example_branch_python_dop_operator_3.py took 0.104 seconds
[2026-06-11T22:50:07.783+0000] {processor.py:161} INFO - Started process (PID=5155) to work on /home/airflow/.local/lib/python3.12/site-packages/airflow/example_dags/example_branch_python_dop_operator_3.py
[2026-06-11T22:50:07.784+0000] {processor.py:830} INFO - Processing file /home/airflow/.local/lib/python3.12/site-packages/airflow/example_dags/example_branch_python_dop_operator_3.py for tasks to queue
[2026-06-11T22:50:07.786+0000] {logging_mixin.py:188} INFO - [2026-06-11T22:50:07.785+0000] {dagbag.py:545} INFO - Filling up the DagBag from /home/airflow/.local/lib/python3.12/site-packages/airflow/example_dags/example_branch_python_dop_operator_3.py
[2026-06-11T22:50:07.797+0000] {processor.py:840} INFO - DAG(s) 'example_branch_dop_operator_v3' retrieved from /home/airflow/.local/lib/python3.12/site-packages/airflow/example_dags/example_branch_python_dop_operator_3.py
[2026-06-11T22:50:07.820+0000] {logging_mixin.py:188} INFO - [2026-06-11T22:50:07.820+0000] {dag.py:3096} INFO - Sync 1 DAGs
[2026-06-11T22:50:07.853+0000] {logging_mixin.py:188} INFO - [2026-06-11T22:50:07.853+0000] {dag.py:3954} INFO - Setting next_dagrun for example_branch_dop_operator_v3 to 2026-06-11 22:49:00+00:00, run_after=2026-06-11 22:50:00+00:00
[2026-06-11T22:50:07.874+0000] {processor.py:183} INFO - Processing /home/airflow/.local/lib/python3.12/site-packages/airflow/example_dags/example_branch_python_dop_operator_3.py took 0.097 seconds
[2026-06-11T22:50:38.591+0000] {processor.py:161} INFO - Started process (PID=5217) to work on /home/airflow/.local/lib/python3.12/site-packages/airflow/example_dags/example_branch_python_dop_operator_3.py
[2026-06-11T22:50:38.591+0000] {processor.py:830} INFO - Processing file /home/airflow/.local/lib/python3.12/site-packages/airflow/example_dags/example_branch_python_dop_operator_3.py for tasks to queue
[2026-06-11T22:50:38.593+0000] {logging_mixin.py:188} INFO - [2026-06-11T22:50:38.593+0000] {dagbag.py:545} INFO - Filling up the DagBag from /home/airflow/.local/lib/python3.12/site-packages/airflow/example_dags/example_branch_python_dop_operator_3.py
[2026-06-11T22:50:38.604+0000] {processor.py:840} INFO - DAG(s) 'example_branch_dop_operator_v3' retrieved from /home/airflow/.local/lib/python3.12/site-packages/airflow/example_dags/example_branch_python_dop_operator_3.py
[2026-06-11T22:50:38.627+0000] {logging_mixin.py:188} INFO - [2026-06-11T22:50:38.627+0000] {dag.py:3096} INFO - Sync 1 DAGs
[2026-06-11T22:50:38.660+0000] {logging_mixin.py:188} INFO - [2026-06-11T22:50:38.660+0000] {dag.py:3954} INFO - Setting next_dagrun for example_branch_dop_operator_v3 to 2026-06-11 22:49:00+00:00, run_after=2026-06-11 22:50:00+00:00
[2026-06-11T22:50:38.860+0000] {processor.py:183} INFO - Processing /home/airflow/.local/lib/python3.12/site-packages/airflow/example_dags/example_branch_python_dop_operator_3.py took 0.276 seconds
[2026-06-11T22:51:09.317+0000] {processor.py:161} INFO - Started process (PID=5279) to work on /home/airflow/.local/lib/python3.12/site-packages/airflow/example_dags/example_branch_python_dop_operator_3.py
[2026-06-11T22:51:09.317+0000] {processor.py:830} INFO - Processing file /home/airflow/.local/lib/python3.12/site-packages/airflow/example_dags/example_branch_python_dop_operator_3.py for tasks to queue
[2026-06-11T22:51:09.319+0000] {logging_mixin.py:188} INFO - [2026-06-11T22:51:09.319+0000] {dagbag.py:545} INFO - Filling up the DagBag from /home/airflow/.local/lib/python3.12/site-packages/airflow/example_dags/example_branch_python_dop_operator_3.py
[2026-06-11T22:51:09.329+0000] {processor.py:840} INFO - DAG(s) 'example_branch_dop_operator_v3' retrieved from /home/airflow/.local/lib/python3.12/site-packages/airflow/example_dags/example_branch_python_dop_operator_3.py
[2026-06-11T22:51:09.354+0000] {logging_mixin.py:188} INFO - [2026-06-11T22:51:09.354+0000] {dag.py:3096} INFO - Sync 1 DAGs
[2026-06-11T22:51:09.388+0000] {logging_mixin.py:188} INFO - [2026-06-11T22:51:09.388+0000] {dag.py:3954} INFO - Setting next_dagrun for example_branch_dop_operator_v3 to 2026-06-11 22:50:00+00:00, run_after=2026-06-11 22:51:00+00:00
[2026-06-11T22:51:09.614+0000] {processor.py:183} INFO - Processing /home/airflow/.local/lib/python3.12/site-packages/airflow/example_dags/example_branch_python_dop_operator_3.py took 0.304 seconds
[2026-06-11T22:51:39.937+0000] {processor.py:161} INFO - Started process (PID=5341) to work on /home/airflow/.local/lib/python3.12/site-packages/airflow/example_dags/example_branch_python_dop_operator_3.py
[2026-06-11T22:51:39.938+0000] {processor.py:830} INFO - Processing file /home/airflow/.local/lib/python3.12/site-packages/airflow/example_dags/example_branch_python_dop_operator_3.py for tasks to queue
[2026-06-11T22:51:39.940+0000] {logging_mixin.py:188} INFO - [2026-06-11T22:51:39.939+0000] {dagbag.py:545} INFO - Filling up the DagBag from /home/airflow/.local/lib/python3.12/site-packages/airflow/example_dags/example_branch_python_dop_operator_3.py
[2026-06-11T22:51:39.951+0000] {processor.py:840} INFO - DAG(s) 'example_branch_dop_operator_v3' retrieved from /home/airflow/.local/lib/python3.12/site-packages/airflow/example_dags/example_branch_python_dop_operator_3.py
[2026-06-11T22:51:39.992+0000] {logging_mixin.py:188} INFO - [2026-06-11T22:51:39.991+0000] {dag.py:3096} INFO - Sync 1 DAGs
[2026-06-11T22:51:40.025+0000] {logging_mixin.py:188} INFO - [2026-06-11T22:51:40.025+0000] {dag.py:3954} INFO - Setting next_dagrun for example_branch_dop_operator_v3 to 2026-06-11 22:50:00+00:00, run_after=2026-06-11 22:51:00+00:00
[2026-06-11T22:51:40.206+0000] {processor.py:183} INFO - Processing /home/airflow/.local/lib/python3.12/site-packages/airflow/example_dags/example_branch_python_dop_operator_3.py took 0.275 seconds
[2026-06-11T22:52:10.318+0000] {processor.py:161} INFO - Started process (PID=5403) to work on /home/airflow/.local/lib/python3.12/site-packages/airflow/example_dags/example_branch_python_dop_operator_3.py
[2026-06-11T22:52:10.319+0000] {processor.py:830} INFO - Processing file /home/airflow/.local/lib/python3.12/site-packages/airflow/example_dags/example_branch_python_dop_operator_3.py for tasks to queue
[2026-06-11T22:52:10.321+0000] {logging_mixin.py:188} INFO - [2026-06-11T22:52:10.321+0000] {dagbag.py:545} INFO - Filling up the DagBag from /home/airflow/.local/lib/python3.12/site-packages/airflow/example_dags/example_branch_python_dop_operator_3.py
[2026-06-11T22:52:10.334+0000] {processor.py:840} INFO - DAG(s) 'example_branch_dop_operator_v3' retrieved from /home/airflow/.local/lib/python3.12/site-packages/airflow/example_dags/example_branch_python_dop_operator_3.py
[2026-06-11T22:52:10.385+0000] {logging_mixin.py:188} INFO - [2026-06-11T22:52:10.385+0000] {dag.py:3096} INFO - Sync 1 DAGs
[2026-06-11T22:52:10.436+0000] {logging_mixin.py:188} INFO - [2026-06-11T22:52:10.436+0000] {dag.py:3954} INFO - Setting next_dagrun for example_branch_dop_operator_v3 to 2026-06-11 22:51:00+00:00, run_after=2026-06-11 22:52:00+00:00
[2026-06-11T22:52:10.460+0000] {processor.py:183} INFO - Processing /home/airflow/.local/lib/python3.12/site-packages/airflow/example_dags/example_branch_python_dop_operator_3.py took 0.148 seconds
[2026-06-11T22:52:40.688+0000] {processor.py:161} INFO - Started process (PID=5465) to work on /home/airflow/.local/lib/python3.12/site-packages/airflow/example_dags/example_branch_python_dop_operator_3.py
[2026-06-11T22:52:40.689+0000] {processor.py:830} INFO - Processing file /home/airflow/.local/lib/python3.12/site-packages/airflow/example_dags/example_branch_python_dop_operator_3.py for tasks to queue
[2026-06-11T22:52:40.692+0000] {logging_mixin.py:188} INFO - [2026-06-11T22:52:40.692+0000] {dagbag.py:545} INFO - Filling up the DagBag from /home/airflow/.local/lib/python3.12/site-packages/airflow/example_dags/example_branch_python_dop_operator_3.py
[2026-06-11T22:52:40.715+0000] {processor.py:840} INFO - DAG(s) 'example_branch_dop_operator_v3' retrieved from /home/airflow/.local/lib/python3.12/site-packages/airflow/example_dags/example_branch_python_dop_operator_3.py
[2026-06-11T22:52:40.769+0000] {logging_mixin.py:188} INFO - [2026-06-11T22:52:40.768+0000] {dag.py:3096} INFO - Sync 1 DAGs
[2026-06-11T22:52:40.840+0000] {logging_mixin.py:188} INFO - [2026-06-11T22:52:40.839+0000] {dag.py:3954} INFO - Setting next_dagrun for example_branch_dop_operator_v3 to 2026-06-11 22:51:00+00:00, run_after=2026-06-11 22:52:00+00:00
[2026-06-11T22:52:40.888+0000] {processor.py:183} INFO - Processing /home/airflow/.local/lib/python3.12/site-packages/airflow/example_dags/example_branch_python_dop_operator_3.py took 0.216 seconds
[2026-06-11T22:53:11.673+0000] {processor.py:161} INFO - Started process (PID=5525) to work on /home/airflow/.local/lib/python3.12/site-packages/airflow/example_dags/example_branch_python_dop_operator_3.py
[2026-06-11T22:53:11.673+0000] {processor.py:830} INFO - Processing file /home/airflow/.local/lib/python3.12/site-packages/airflow/example_dags/example_branch_python_dop_operator_3.py for tasks to queue
[2026-06-11T22:53:11.676+0000] {logging_mixin.py:188} INFO - [2026-06-11T22:53:11.675+0000] {dagbag.py:545} INFO - Filling up the DagBag from /home/airflow/.local/lib/python3.12/site-packages/airflow/example_dags/example_branch_python_dop_operator_3.py
[2026-06-11T22:53:11.686+0000] {processor.py:840} INFO - DAG(s) 'example_branch_dop_operator_v3' retrieved from /home/airflow/.local/lib/python3.12/site-packages/airflow/example_dags/example_branch_python_dop_operator_3.py
[2026-06-11T22:53:11.709+0000] {logging_mixin.py:188} INFO - [2026-06-11T22:53:11.709+0000] {dag.py:3096} INFO - Sync 1 DAGs
[2026-06-11T22:53:11.746+0000] {logging_mixin.py:188} INFO - [2026-06-11T22:53:11.745+0000] {dag.py:3954} INFO - Setting next_dagrun for example_branch_dop_operator_v3 to 2026-06-11 22:52:00+00:00, run_after=2026-06-11 22:53:00+00:00
[2026-06-11T22:53:11.768+0000] {processor.py:183} INFO - Processing /home/airflow/.local/lib/python3.12/site-packages/airflow/example_dags/example_branch_python_dop_operator_3.py took 0.102 seconds
[2026-06-11T22:53:42.301+0000] {processor.py:161} INFO - Started process (PID=5587) to work on /home/airflow/.local/lib/python3.12/site-packages/airflow/example_dags/example_branch_python_dop_operator_3.py
[2026-06-11T22:53:42.302+0000] {processor.py:830} INFO - Processing file /home/airflow/.local/lib/python3.12/site-packages/airflow/example_dags/example_branch_python_dop_operator_3.py for tasks to queue
[2026-06-11T22:53:42.305+0000] {logging_mixin.py:188} INFO - [2026-06-11T22:53:42.304+0000] {dagbag.py:545} INFO - Filling up the DagBag from /home/airflow/.local/lib/python3.12/site-packages/airflow/example_dags/example_branch_python_dop_operator_3.py
[2026-06-11T22:53:42.315+0000] {processor.py:840} INFO - DAG(s) 'example_branch_dop_operator_v3' retrieved from /home/airflow/.local/lib/python3.12/site-packages/airflow/example_dags/example_branch_python_dop_operator_3.py
[2026-06-11T22:53:42.340+0000] {logging_mixin.py:188} INFO - [2026-06-11T22:53:42.339+0000] {dag.py:3096} INFO - Sync 1 DAGs
[2026-06-11T22:53:42.374+0000] {logging_mixin.py:188} INFO - [2026-06-11T22:53:42.374+0000] {dag.py:3954} INFO - Setting next_dagrun for example_branch_dop_operator_v3 to 2026-06-11 22:52:00+00:00, run_after=2026-06-11 22:53:00+00:00
[2026-06-11T22:53:42.396+0000] {processor.py:183} INFO - Processing /home/airflow/.local/lib/python3.12/site-packages/airflow/example_dags/example_branch_python_dop_operator_3.py took 0.101 seconds
[2026-06-11T22:54:12.570+0000] {processor.py:161} INFO - Started process (PID=5649) to work on /home/airflow/.local/lib/python3.12/site-packages/airflow/example_dags/example_branch_python_dop_operator_3.py
[2026-06-11T22:54:12.576+0000] {processor.py:830} INFO - Processing file /home/airflow/.local/lib/python3.12/site-packages/airflow/example_dags/example_branch_python_dop_operator_3.py for tasks to queue
[2026-06-11T22:54:12.581+0000] {logging_mixin.py:188} INFO - [2026-06-11T22:54:12.581+0000] {dagbag.py:545} INFO - Filling up the DagBag from /home/airflow/.local/lib/python3.12/site-packages/airflow/example_dags/example_branch_python_dop_operator_3.py
[2026-06-11T22:54:12.612+0000] {processor.py:840} INFO - DAG(s) 'example_branch_dop_operator_v3' retrieved from /home/airflow/.local/lib/python3.12/site-packages/airflow/example_dags/example_branch_python_dop_operator_3.py
[2026-06-11T22:54:12.811+0000] {logging_mixin.py:188} INFO - [2026-06-11T22:54:12.810+0000] {dag.py:3096} INFO - Sync 1 DAGs
[2026-06-11T22:54:13.063+0000] {logging_mixin.py:188} INFO - [2026-06-11T22:54:13.063+0000] {dag.py:3954} INFO - Setting next_dagrun for example_branch_dop_operator_v3 to 2026-06-11 22:53:00+00:00, run_after=2026-06-11 22:54:00+00:00
[2026-06-11T22:54:13.161+0000] {processor.py:183} INFO - Processing /home/airflow/.local/lib/python3.12/site-packages/airflow/example_dags/example_branch_python_dop_operator_3.py took 0.608 seconds
[2026-06-11T22:54:43.343+0000] {processor.py:161} INFO - Started process (PID=5712) to work on /home/airflow/.local/lib/python3.12/site-packages/airflow/example_dags/example_branch_python_dop_operator_3.py
[2026-06-11T22:54:43.344+0000] {processor.py:830} INFO - Processing file /home/airflow/.local/lib/python3.12/site-packages/airflow/example_dags/example_branch_python_dop_operator_3.py for tasks to queue
[2026-06-11T22:54:43.345+0000] {logging_mixin.py:188} INFO - [2026-06-11T22:54:43.345+0000] {dagbag.py:545} INFO - Filling up the DagBag from /home/airflow/.local/lib/python3.12/site-packages/airflow/example_dags/example_branch_python_dop_operator_3.py
[2026-06-11T22:54:43.352+0000] {processor.py:840} INFO - DAG(s) 'example_branch_dop_operator_v3' retrieved from /home/airflow/.local/lib/python3.12/site-packages/airflow/example_dags/example_branch_python_dop_operator_3.py
[2026-06-11T22:54:43.369+0000] {logging_mixin.py:188} INFO - [2026-06-11T22:54:43.369+0000] {dag.py:3096} INFO - Sync 1 DAGs
[2026-06-11T22:54:43.394+0000] {logging_mixin.py:188} INFO - [2026-06-11T22:54:43.393+0000] {dag.py:3954} INFO - Setting next_dagrun for example_branch_dop_operator_v3 to 2026-06-11 22:53:00+00:00, run_after=2026-06-11 22:54:00+00:00
[2026-06-11T22:54:43.416+0000] {processor.py:183} INFO - Processing /home/airflow/.local/lib/python3.12/site-packages/airflow/example_dags/example_branch_python_dop_operator_3.py took 0.078 seconds
[2026-06-11T22:55:14.313+0000] {processor.py:161} INFO - Started process (PID=5780) to work on /home/airflow/.local/lib/python3.12/site-packages/airflow/example_dags/example_branch_python_dop_operator_3.py
[2026-06-11T22:55:14.315+0000] {processor.py:830} INFO - Processing file /home/airflow/.local/lib/python3.12/site-packages/airflow/example_dags/example_branch_python_dop_operator_3.py for tasks to queue
[2026-06-11T22:55:14.317+0000] {logging_mixin.py:188} INFO - [2026-06-11T22:55:14.317+0000] {dagbag.py:545} INFO - Filling up the DagBag from /home/airflow/.local/lib/python3.12/site-packages/airflow/example_dags/example_branch_python_dop_operator_3.py
[2026-06-11T22:55:14.328+0000] {processor.py:840} INFO - DAG(s) 'example_branch_dop_operator_v3' retrieved from /home/airflow/.local/lib/python3.12/site-packages/airflow/example_dags/example_branch_python_dop_operator_3.py
[2026-06-11T22:55:14.363+0000] {logging_mixin.py:188} INFO - [2026-06-11T22:55:14.363+0000] {dag.py:3096} INFO - Sync 1 DAGs
[2026-06-11T22:55:14.405+0000] {logging_mixin.py:188} INFO - [2026-06-11T22:55:14.405+0000] {dag.py:3954} INFO - Setting next_dagrun for example_branch_dop_operator_v3 to 2026-06-11 22:54:00+00:00, run_after=2026-06-11 22:55:00+00:00
[2026-06-11T22:55:14.456+0000] {processor.py:183} INFO - Processing /home/airflow/.local/lib/python3.12/site-packages/airflow/example_dags/example_branch_python_dop_operator_3.py took 0.158 seconds
[2026-06-11T22:55:44.526+0000] {processor.py:161} INFO - Started process (PID=5842) to work on /home/airflow/.local/lib/python3.12/site-packages/airflow/example_dags/example_branch_python_dop_operator_3.py
[2026-06-11T22:55:44.528+0000] {processor.py:830} INFO - Processing file /home/airflow/.local/lib/python3.12/site-packages/airflow/example_dags/example_branch_python_dop_operator_3.py for tasks to queue
[2026-06-11T22:55:44.531+0000] {logging_mixin.py:188} INFO - [2026-06-11T22:55:44.531+0000] {dagbag.py:545} INFO - Filling up the DagBag from /home/airflow/.local/lib/python3.12/site-packages/airflow/example_dags/example_branch_python_dop_operator_3.py
[2026-06-11T22:55:44.562+0000] {processor.py:840} INFO - DAG(s) 'example_branch_dop_operator_v3' retrieved from /home/airflow/.local/lib/python3.12/site-packages/airflow/example_dags/example_branch_python_dop_operator_3.py
[2026-06-11T22:55:44.595+0000] {logging_mixin.py:188} INFO - [2026-06-11T22:55:44.594+0000] {dag.py:3096} INFO - Sync 1 DAGs
[2026-06-11T22:55:44.630+0000] {logging_mixin.py:188} INFO - [2026-06-11T22:55:44.630+0000] {dag.py:3954} INFO - Setting next_dagrun for example_branch_dop_operator_v3 to 2026-06-11 22:54:00+00:00, run_after=2026-06-11 22:55:00+00:00
[2026-06-11T22:55:44.645+0000] {processor.py:183} INFO - Processing /home/airflow/.local/lib/python3.12/site-packages/airflow/example_dags/example_branch_python_dop_operator_3.py took 0.129 seconds
[2026-06-11T22:56:14.699+0000] {processor.py:161} INFO - Started process (PID=5904) to work on /home/airflow/.local/lib/python3.12/site-packages/airflow/example_dags/example_branch_python_dop_operator_3.py
[2026-06-11T22:56:14.700+0000] {processor.py:830} INFO - Processing file /home/airflow/.local/lib/python3.12/site-packages/airflow/example_dags/example_branch_python_dop_operator_3.py for tasks to queue
[2026-06-11T22:56:14.701+0000] {logging_mixin.py:188} INFO - [2026-06-11T22:56:14.701+0000] {dagbag.py:545} INFO - Filling up the DagBag from /home/airflow/.local/lib/python3.12/site-packages/airflow/example_dags/example_branch_python_dop_operator_3.py
[2026-06-11T22:56:14.709+0000] {processor.py:840} INFO - DAG(s) 'example_branch_dop_operator_v3' retrieved from /home/airflow/.local/lib/python3.12/site-packages/airflow/example_dags/example_branch_python_dop_operator_3.py
[2026-06-11T22:56:14.725+0000] {logging_mixin.py:188} INFO - [2026-06-11T22:56:14.725+0000] {dag.py:3096} INFO - Sync 1 DAGs
[2026-06-11T22:56:14.747+0000] {logging_mixin.py:188} INFO - [2026-06-11T22:56:14.746+0000] {dag.py:3954} INFO - Setting next_dagrun for example_branch_dop_operator_v3 to 2026-06-11 22:55:00+00:00, run_after=2026-06-11 22:56:00+00:00
[2026-06-11T22:56:14.762+0000] {processor.py:183} INFO - Processing /home/airflow/.local/lib/python3.12/site-packages/airflow/example_dags/example_branch_python_dop_operator_3.py took 0.068 seconds
[2026-06-11T22:56:44.825+0000] {processor.py:161} INFO - Started process (PID=5966) to work on /home/airflow/.local/lib/python3.12/site-packages/airflow/example_dags/example_branch_python_dop_operator_3.py
[2026-06-11T22:56:44.826+0000] {processor.py:830} INFO - Processing file /home/airflow/.local/lib/python3.12/site-packages/airflow/example_dags/example_branch_python_dop_operator_3.py for tasks to queue
[2026-06-11T22:56:44.828+0000] {logging_mixin.py:188} INFO - [2026-06-11T22:56:44.827+0000] {dagbag.py:545} INFO - Filling up the DagBag from /home/airflow/.local/lib/python3.12/site-packages/airflow/example_dags/example_branch_python_dop_operator_3.py
[2026-06-11T22:56:44.835+0000] {processor.py:840} INFO - DAG(s) 'example_branch_dop_operator_v3' retrieved from /home/airflow/.local/lib/python3.12/site-packages/airflow/example_dags/example_branch_python_dop_operator_3.py
[2026-06-11T22:56:44.852+0000] {logging_mixin.py:188} INFO - [2026-06-11T22:56:44.851+0000] {dag.py:3096} INFO - Sync 1 DAGs
[2026-06-11T22:56:44.873+0000] {logging_mixin.py:188} INFO - [2026-06-11T22:56:44.873+0000] {dag.py:3954} INFO - Setting next_dagrun for example_branch_dop_operator_v3 to 2026-06-11 22:55:00+00:00, run_after=2026-06-11 22:56:00+00:00
[2026-06-11T22:56:44.891+0000] {processor.py:183} INFO - Processing /home/airflow/.local/lib/python3.12/site-packages/airflow/example_dags/example_branch_python_dop_operator_3.py took 0.071 seconds
