[2026-06-11T22:08:04.600+0000] {processor.py:161} INFO - Started process (PID=109) to work on /home/airflow/.local/lib/python3.12/site-packages/airflow/example_dags/example_skip_dag.py
[2026-06-11T22:08:04.601+0000] {processor.py:830} INFO - Processing file /home/airflow/.local/lib/python3.12/site-packages/airflow/example_dags/example_skip_dag.py for tasks to queue
[2026-06-11T22:08:04.604+0000] {logging_mixin.py:188} INFO - [2026-06-11T22:08:04.604+0000] {dagbag.py:545} INFO - Filling up the DagBag from /home/airflow/.local/lib/python3.12/site-packages/airflow/example_dags/example_skip_dag.py
[2026-06-11T22:08:04.650+0000] {processor.py:840} INFO - DAG(s) 'example_skip_dag' retrieved from /home/airflow/.local/lib/python3.12/site-packages/airflow/example_dags/example_skip_dag.py
[2026-06-11T22:08:04.837+0000] {logging_mixin.py:188} INFO - [2026-06-11T22:08:04.831+0000] {dag.py:3096} INFO - Sync 1 DAGs
[2026-06-11T22:08:05.195+0000] {logging_mixin.py:188} INFO - [2026-06-11T22:08:05.194+0000] {dag.py:3954} INFO - Setting next_dagrun for example_skip_dag to 2026-06-10 00:00:00+00:00, run_after=2026-06-11 00:00:00+00:00
[2026-06-11T22:08:05.290+0000] {processor.py:183} INFO - Processing /home/airflow/.local/lib/python3.12/site-packages/airflow/example_dags/example_skip_dag.py took 0.718 seconds
[2026-06-11T22:08:36.013+0000] {processor.py:161} INFO - Started process (PID=175) to work on /home/airflow/.local/lib/python3.12/site-packages/airflow/example_dags/example_skip_dag.py
[2026-06-11T22:08:36.014+0000] {processor.py:830} INFO - Processing file /home/airflow/.local/lib/python3.12/site-packages/airflow/example_dags/example_skip_dag.py for tasks to queue
[2026-06-11T22:08:36.016+0000] {logging_mixin.py:188} INFO - [2026-06-11T22:08:36.015+0000] {dagbag.py:545} INFO - Filling up the DagBag from /home/airflow/.local/lib/python3.12/site-packages/airflow/example_dags/example_skip_dag.py
[2026-06-11T22:08:36.023+0000] {processor.py:840} INFO - DAG(s) 'example_skip_dag' retrieved from /home/airflow/.local/lib/python3.12/site-packages/airflow/example_dags/example_skip_dag.py
[2026-06-11T22:08:36.050+0000] {logging_mixin.py:188} INFO - [2026-06-11T22:08:36.050+0000] {dag.py:3096} INFO - Sync 1 DAGs
[2026-06-11T22:08:36.078+0000] {logging_mixin.py:188} INFO - [2026-06-11T22:08:36.077+0000] {dag.py:3954} INFO - Setting next_dagrun for example_skip_dag to 2026-06-10 00:00:00+00:00, run_after=2026-06-11 00:00:00+00:00
[2026-06-11T22:08:36.100+0000] {processor.py:183} INFO - Processing /home/airflow/.local/lib/python3.12/site-packages/airflow/example_dags/example_skip_dag.py took 0.094 seconds
[2026-06-11T22:09:06.158+0000] {processor.py:161} INFO - Started process (PID=235) to work on /home/airflow/.local/lib/python3.12/site-packages/airflow/example_dags/example_skip_dag.py
[2026-06-11T22:09:06.159+0000] {processor.py:830} INFO - Processing file /home/airflow/.local/lib/python3.12/site-packages/airflow/example_dags/example_skip_dag.py for tasks to queue
[2026-06-11T22:09:06.161+0000] {logging_mixin.py:188} INFO - [2026-06-11T22:09:06.160+0000] {dagbag.py:545} INFO - Filling up the DagBag from /home/airflow/.local/lib/python3.12/site-packages/airflow/example_dags/example_skip_dag.py
[2026-06-11T22:09:06.168+0000] {processor.py:840} INFO - DAG(s) 'example_skip_dag' retrieved from /home/airflow/.local/lib/python3.12/site-packages/airflow/example_dags/example_skip_dag.py
[2026-06-11T22:09:06.195+0000] {logging_mixin.py:188} INFO - [2026-06-11T22:09:06.195+0000] {dag.py:3096} INFO - Sync 1 DAGs
[2026-06-11T22:09:06.217+0000] {logging_mixin.py:188} INFO - [2026-06-11T22:09:06.217+0000] {dag.py:3954} INFO - Setting next_dagrun for example_skip_dag to 2026-06-10 00:00:00+00:00, run_after=2026-06-11 00:00:00+00:00
[2026-06-11T22:09:06.232+0000] {processor.py:183} INFO - Processing /home/airflow/.local/lib/python3.12/site-packages/airflow/example_dags/example_skip_dag.py took 0.082 seconds
[2026-06-11T22:09:36.799+0000] {processor.py:161} INFO - Started process (PID=296) to work on /home/airflow/.local/lib/python3.12/site-packages/airflow/example_dags/example_skip_dag.py
[2026-06-11T22:09:36.799+0000] {processor.py:830} INFO - Processing file /home/airflow/.local/lib/python3.12/site-packages/airflow/example_dags/example_skip_dag.py for tasks to queue
[2026-06-11T22:09:36.801+0000] {logging_mixin.py:188} INFO - [2026-06-11T22:09:36.801+0000] {dagbag.py:545} INFO - Filling up the DagBag from /home/airflow/.local/lib/python3.12/site-packages/airflow/example_dags/example_skip_dag.py
[2026-06-11T22:09:36.810+0000] {processor.py:840} INFO - DAG(s) 'example_skip_dag' retrieved from /home/airflow/.local/lib/python3.12/site-packages/airflow/example_dags/example_skip_dag.py
[2026-06-11T22:09:36.836+0000] {logging_mixin.py:188} INFO - [2026-06-11T22:09:36.836+0000] {dag.py:3096} INFO - Sync 1 DAGs
[2026-06-11T22:09:36.866+0000] {logging_mixin.py:188} INFO - [2026-06-11T22:09:36.865+0000] {dag.py:3954} INFO - Setting next_dagrun for example_skip_dag to 2026-06-10 00:00:00+00:00, run_after=2026-06-11 00:00:00+00:00
[2026-06-11T22:09:36.886+0000] {processor.py:183} INFO - Processing /home/airflow/.local/lib/python3.12/site-packages/airflow/example_dags/example_skip_dag.py took 0.095 seconds
[2026-06-11T22:10:07.383+0000] {processor.py:161} INFO - Started process (PID=357) to work on /home/airflow/.local/lib/python3.12/site-packages/airflow/example_dags/example_skip_dag.py
[2026-06-11T22:10:07.387+0000] {processor.py:830} INFO - Processing file /home/airflow/.local/lib/python3.12/site-packages/airflow/example_dags/example_skip_dag.py for tasks to queue
[2026-06-11T22:10:07.393+0000] {logging_mixin.py:188} INFO - [2026-06-11T22:10:07.389+0000] {dagbag.py:545} INFO - Filling up the DagBag from /home/airflow/.local/lib/python3.12/site-packages/airflow/example_dags/example_skip_dag.py
[2026-06-11T22:10:07.417+0000] {processor.py:840} INFO - DAG(s) 'example_skip_dag' retrieved from /home/airflow/.local/lib/python3.12/site-packages/airflow/example_dags/example_skip_dag.py
[2026-06-11T22:10:07.501+0000] {logging_mixin.py:188} INFO - [2026-06-11T22:10:07.500+0000] {dag.py:3096} INFO - Sync 1 DAGs
[2026-06-11T22:10:07.595+0000] {logging_mixin.py:188} INFO - [2026-06-11T22:10:07.595+0000] {dag.py:3954} INFO - Setting next_dagrun for example_skip_dag to 2026-06-10 00:00:00+00:00, run_after=2026-06-11 00:00:00+00:00
[2026-06-11T22:10:07.616+0000] {processor.py:183} INFO - Processing /home/airflow/.local/lib/python3.12/site-packages/airflow/example_dags/example_skip_dag.py took 0.258 seconds
[2026-06-11T22:10:37.667+0000] {processor.py:161} INFO - Started process (PID=418) to work on /home/airflow/.local/lib/python3.12/site-packages/airflow/example_dags/example_skip_dag.py
[2026-06-11T22:10:37.668+0000] {processor.py:830} INFO - Processing file /home/airflow/.local/lib/python3.12/site-packages/airflow/example_dags/example_skip_dag.py for tasks to queue
[2026-06-11T22:10:37.670+0000] {logging_mixin.py:188} INFO - [2026-06-11T22:10:37.669+0000] {dagbag.py:545} INFO - Filling up the DagBag from /home/airflow/.local/lib/python3.12/site-packages/airflow/example_dags/example_skip_dag.py
[2026-06-11T22:10:37.677+0000] {processor.py:840} INFO - DAG(s) 'example_skip_dag' retrieved from /home/airflow/.local/lib/python3.12/site-packages/airflow/example_dags/example_skip_dag.py
[2026-06-11T22:10:37.705+0000] {logging_mixin.py:188} INFO - [2026-06-11T22:10:37.705+0000] {dag.py:3096} INFO - Sync 1 DAGs
[2026-06-11T22:10:37.733+0000] {logging_mixin.py:188} INFO - [2026-06-11T22:10:37.733+0000] {dag.py:3954} INFO - Setting next_dagrun for example_skip_dag to 2026-06-10 00:00:00+00:00, run_after=2026-06-11 00:00:00+00:00
[2026-06-11T22:10:37.754+0000] {processor.py:183} INFO - Processing /home/airflow/.local/lib/python3.12/site-packages/airflow/example_dags/example_skip_dag.py took 0.102 seconds
[2026-06-11T22:11:07.843+0000] {processor.py:161} INFO - Started process (PID=479) to work on /home/airflow/.local/lib/python3.12/site-packages/airflow/example_dags/example_skip_dag.py
[2026-06-11T22:11:07.844+0000] {processor.py:830} INFO - Processing file /home/airflow/.local/lib/python3.12/site-packages/airflow/example_dags/example_skip_dag.py for tasks to queue
[2026-06-11T22:11:07.846+0000] {logging_mixin.py:188} INFO - [2026-06-11T22:11:07.845+0000] {dagbag.py:545} INFO - Filling up the DagBag from /home/airflow/.local/lib/python3.12/site-packages/airflow/example_dags/example_skip_dag.py
[2026-06-11T22:11:07.855+0000] {processor.py:840} INFO - DAG(s) 'example_skip_dag' retrieved from /home/airflow/.local/lib/python3.12/site-packages/airflow/example_dags/example_skip_dag.py
[2026-06-11T22:11:07.881+0000] {logging_mixin.py:188} INFO - [2026-06-11T22:11:07.880+0000] {dag.py:3096} INFO - Sync 1 DAGs
[2026-06-11T22:11:07.909+0000] {logging_mixin.py:188} INFO - [2026-06-11T22:11:07.908+0000] {dag.py:3954} INFO - Setting next_dagrun for example_skip_dag to 2026-06-10 00:00:00+00:00, run_after=2026-06-11 00:00:00+00:00
[2026-06-11T22:11:07.929+0000] {processor.py:183} INFO - Processing /home/airflow/.local/lib/python3.12/site-packages/airflow/example_dags/example_skip_dag.py took 0.094 seconds
[2026-06-11T22:11:38.070+0000] {processor.py:161} INFO - Started process (PID=540) to work on /home/airflow/.local/lib/python3.12/site-packages/airflow/example_dags/example_skip_dag.py
[2026-06-11T22:11:38.071+0000] {processor.py:830} INFO - Processing file /home/airflow/.local/lib/python3.12/site-packages/airflow/example_dags/example_skip_dag.py for tasks to queue
[2026-06-11T22:11:38.073+0000] {logging_mixin.py:188} INFO - [2026-06-11T22:11:38.073+0000] {dagbag.py:545} INFO - Filling up the DagBag from /home/airflow/.local/lib/python3.12/site-packages/airflow/example_dags/example_skip_dag.py
[2026-06-11T22:11:38.082+0000] {processor.py:840} INFO - DAG(s) 'example_skip_dag' retrieved from /home/airflow/.local/lib/python3.12/site-packages/airflow/example_dags/example_skip_dag.py
[2026-06-11T22:11:38.109+0000] {logging_mixin.py:188} INFO - [2026-06-11T22:11:38.109+0000] {dag.py:3096} INFO - Sync 1 DAGs
[2026-06-11T22:11:38.137+0000] {logging_mixin.py:188} INFO - [2026-06-11T22:11:38.137+0000] {dag.py:3954} INFO - Setting next_dagrun for example_skip_dag to 2026-06-10 00:00:00+00:00, run_after=2026-06-11 00:00:00+00:00
[2026-06-11T22:11:38.173+0000] {processor.py:183} INFO - Processing /home/airflow/.local/lib/python3.12/site-packages/airflow/example_dags/example_skip_dag.py took 0.111 seconds
[2026-06-11T22:12:09.227+0000] {processor.py:161} INFO - Started process (PID=601) to work on /home/airflow/.local/lib/python3.12/site-packages/airflow/example_dags/example_skip_dag.py
[2026-06-11T22:12:09.228+0000] {processor.py:830} INFO - Processing file /home/airflow/.local/lib/python3.12/site-packages/airflow/example_dags/example_skip_dag.py for tasks to queue
[2026-06-11T22:12:09.230+0000] {logging_mixin.py:188} INFO - [2026-06-11T22:12:09.229+0000] {dagbag.py:545} INFO - Filling up the DagBag from /home/airflow/.local/lib/python3.12/site-packages/airflow/example_dags/example_skip_dag.py
[2026-06-11T22:12:09.236+0000] {processor.py:840} INFO - DAG(s) 'example_skip_dag' retrieved from /home/airflow/.local/lib/python3.12/site-packages/airflow/example_dags/example_skip_dag.py
[2026-06-11T22:12:09.265+0000] {logging_mixin.py:188} INFO - [2026-06-11T22:12:09.265+0000] {dag.py:3096} INFO - Sync 1 DAGs
[2026-06-11T22:12:09.296+0000] {logging_mixin.py:188} INFO - [2026-06-11T22:12:09.296+0000] {dag.py:3954} INFO - Setting next_dagrun for example_skip_dag to 2026-06-10 00:00:00+00:00, run_after=2026-06-11 00:00:00+00:00
[2026-06-11T22:12:09.315+0000] {processor.py:183} INFO - Processing /home/airflow/.local/lib/python3.12/site-packages/airflow/example_dags/example_skip_dag.py took 0.095 seconds
[2026-06-11T22:12:39.796+0000] {processor.py:161} INFO - Started process (PID=662) to work on /home/airflow/.local/lib/python3.12/site-packages/airflow/example_dags/example_skip_dag.py
[2026-06-11T22:12:39.799+0000] {processor.py:830} INFO - Processing file /home/airflow/.local/lib/python3.12/site-packages/airflow/example_dags/example_skip_dag.py for tasks to queue
[2026-06-11T22:12:39.807+0000] {logging_mixin.py:188} INFO - [2026-06-11T22:12:39.807+0000] {dagbag.py:545} INFO - Filling up the DagBag from /home/airflow/.local/lib/python3.12/site-packages/airflow/example_dags/example_skip_dag.py
[2026-06-11T22:12:39.841+0000] {processor.py:840} INFO - DAG(s) 'example_skip_dag' retrieved from /home/airflow/.local/lib/python3.12/site-packages/airflow/example_dags/example_skip_dag.py
[2026-06-11T22:12:39.882+0000] {logging_mixin.py:188} INFO - [2026-06-11T22:12:39.882+0000] {dag.py:3096} INFO - Sync 1 DAGs
[2026-06-11T22:12:39.928+0000] {logging_mixin.py:188} INFO - [2026-06-11T22:12:39.928+0000] {dag.py:3954} INFO - Setting next_dagrun for example_skip_dag to 2026-06-10 00:00:00+00:00, run_after=2026-06-11 00:00:00+00:00
[2026-06-11T22:12:39.982+0000] {processor.py:183} INFO - Processing /home/airflow/.local/lib/python3.12/site-packages/airflow/example_dags/example_skip_dag.py took 0.200 seconds
[2026-06-11T22:13:11.698+0000] {processor.py:161} INFO - Started process (PID=725) to work on /home/airflow/.local/lib/python3.12/site-packages/airflow/example_dags/example_skip_dag.py
[2026-06-11T22:13:11.699+0000] {processor.py:830} INFO - Processing file /home/airflow/.local/lib/python3.12/site-packages/airflow/example_dags/example_skip_dag.py for tasks to queue
[2026-06-11T22:13:11.701+0000] {logging_mixin.py:188} INFO - [2026-06-11T22:13:11.701+0000] {dagbag.py:545} INFO - Filling up the DagBag from /home/airflow/.local/lib/python3.12/site-packages/airflow/example_dags/example_skip_dag.py
[2026-06-11T22:13:11.709+0000] {processor.py:840} INFO - DAG(s) 'example_skip_dag' retrieved from /home/airflow/.local/lib/python3.12/site-packages/airflow/example_dags/example_skip_dag.py
[2026-06-11T22:13:11.994+0000] {logging_mixin.py:188} INFO - [2026-06-11T22:13:11.993+0000] {dag.py:3096} INFO - Sync 1 DAGs
[2026-06-11T22:13:12.267+0000] {logging_mixin.py:188} INFO - [2026-06-11T22:13:12.266+0000] {dag.py:3954} INFO - Setting next_dagrun for example_skip_dag to 2026-06-10 00:00:00+00:00, run_after=2026-06-11 00:00:00+00:00
[2026-06-11T22:13:12.287+0000] {processor.py:183} INFO - Processing /home/airflow/.local/lib/python3.12/site-packages/airflow/example_dags/example_skip_dag.py took 0.596 seconds
[2026-06-11T22:13:42.375+0000] {processor.py:161} INFO - Started process (PID=786) to work on /home/airflow/.local/lib/python3.12/site-packages/airflow/example_dags/example_skip_dag.py
[2026-06-11T22:13:42.376+0000] {processor.py:830} INFO - Processing file /home/airflow/.local/lib/python3.12/site-packages/airflow/example_dags/example_skip_dag.py for tasks to queue
[2026-06-11T22:13:42.378+0000] {logging_mixin.py:188} INFO - [2026-06-11T22:13:42.378+0000] {dagbag.py:545} INFO - Filling up the DagBag from /home/airflow/.local/lib/python3.12/site-packages/airflow/example_dags/example_skip_dag.py
[2026-06-11T22:13:42.394+0000] {processor.py:840} INFO - DAG(s) 'example_skip_dag' retrieved from /home/airflow/.local/lib/python3.12/site-packages/airflow/example_dags/example_skip_dag.py
[2026-06-11T22:13:42.454+0000] {logging_mixin.py:188} INFO - [2026-06-11T22:13:42.454+0000] {dag.py:3096} INFO - Sync 1 DAGs
[2026-06-11T22:13:42.508+0000] {logging_mixin.py:188} INFO - [2026-06-11T22:13:42.508+0000] {dag.py:3954} INFO - Setting next_dagrun for example_skip_dag to 2026-06-10 00:00:00+00:00, run_after=2026-06-11 00:00:00+00:00
[2026-06-11T22:13:42.569+0000] {processor.py:183} INFO - Processing /home/airflow/.local/lib/python3.12/site-packages/airflow/example_dags/example_skip_dag.py took 0.201 seconds
[2026-06-11T22:14:13.750+0000] {processor.py:161} INFO - Started process (PID=847) to work on /home/airflow/.local/lib/python3.12/site-packages/airflow/example_dags/example_skip_dag.py
[2026-06-11T22:14:13.752+0000] {processor.py:830} INFO - Processing file /home/airflow/.local/lib/python3.12/site-packages/airflow/example_dags/example_skip_dag.py for tasks to queue
[2026-06-11T22:14:13.757+0000] {logging_mixin.py:188} INFO - [2026-06-11T22:14:13.756+0000] {dagbag.py:545} INFO - Filling up the DagBag from /home/airflow/.local/lib/python3.12/site-packages/airflow/example_dags/example_skip_dag.py
[2026-06-11T22:14:13.780+0000] {processor.py:840} INFO - DAG(s) 'example_skip_dag' retrieved from /home/airflow/.local/lib/python3.12/site-packages/airflow/example_dags/example_skip_dag.py
[2026-06-11T22:14:13.882+0000] {logging_mixin.py:188} INFO - [2026-06-11T22:14:13.881+0000] {dag.py:3096} INFO - Sync 1 DAGs
[2026-06-11T22:14:13.985+0000] {logging_mixin.py:188} INFO - [2026-06-11T22:14:13.985+0000] {dag.py:3954} INFO - Setting next_dagrun for example_skip_dag to 2026-06-10 00:00:00+00:00, run_after=2026-06-11 00:00:00+00:00
[2026-06-11T22:14:14.082+0000] {processor.py:183} INFO - Processing /home/airflow/.local/lib/python3.12/site-packages/airflow/example_dags/example_skip_dag.py took 0.363 seconds
[2026-06-11T22:14:44.198+0000] {processor.py:161} INFO - Started process (PID=908) to work on /home/airflow/.local/lib/python3.12/site-packages/airflow/example_dags/example_skip_dag.py
[2026-06-11T22:14:44.199+0000] {processor.py:830} INFO - Processing file /home/airflow/.local/lib/python3.12/site-packages/airflow/example_dags/example_skip_dag.py for tasks to queue
[2026-06-11T22:14:44.201+0000] {logging_mixin.py:188} INFO - [2026-06-11T22:14:44.201+0000] {dagbag.py:545} INFO - Filling up the DagBag from /home/airflow/.local/lib/python3.12/site-packages/airflow/example_dags/example_skip_dag.py
[2026-06-11T22:14:44.210+0000] {processor.py:840} INFO - DAG(s) 'example_skip_dag' retrieved from /home/airflow/.local/lib/python3.12/site-packages/airflow/example_dags/example_skip_dag.py
[2026-06-11T22:14:44.237+0000] {logging_mixin.py:188} INFO - [2026-06-11T22:14:44.237+0000] {dag.py:3096} INFO - Sync 1 DAGs
[2026-06-11T22:14:44.266+0000] {logging_mixin.py:188} INFO - [2026-06-11T22:14:44.266+0000] {dag.py:3954} INFO - Setting next_dagrun for example_skip_dag to 2026-06-10 00:00:00+00:00, run_after=2026-06-11 00:00:00+00:00
[2026-06-11T22:14:44.288+0000] {processor.py:183} INFO - Processing /home/airflow/.local/lib/python3.12/site-packages/airflow/example_dags/example_skip_dag.py took 0.100 seconds
[2026-06-11T22:15:14.831+0000] {processor.py:161} INFO - Started process (PID=969) to work on /home/airflow/.local/lib/python3.12/site-packages/airflow/example_dags/example_skip_dag.py
[2026-06-11T22:15:14.832+0000] {processor.py:830} INFO - Processing file /home/airflow/.local/lib/python3.12/site-packages/airflow/example_dags/example_skip_dag.py for tasks to queue
[2026-06-11T22:15:14.834+0000] {logging_mixin.py:188} INFO - [2026-06-11T22:15:14.833+0000] {dagbag.py:545} INFO - Filling up the DagBag from /home/airflow/.local/lib/python3.12/site-packages/airflow/example_dags/example_skip_dag.py
[2026-06-11T22:15:14.842+0000] {processor.py:840} INFO - DAG(s) 'example_skip_dag' retrieved from /home/airflow/.local/lib/python3.12/site-packages/airflow/example_dags/example_skip_dag.py
[2026-06-11T22:15:14.868+0000] {logging_mixin.py:188} INFO - [2026-06-11T22:15:14.868+0000] {dag.py:3096} INFO - Sync 1 DAGs
[2026-06-11T22:15:14.895+0000] {logging_mixin.py:188} INFO - [2026-06-11T22:15:14.895+0000] {dag.py:3954} INFO - Setting next_dagrun for example_skip_dag to 2026-06-10 00:00:00+00:00, run_after=2026-06-11 00:00:00+00:00
[2026-06-11T22:15:14.915+0000] {processor.py:183} INFO - Processing /home/airflow/.local/lib/python3.12/site-packages/airflow/example_dags/example_skip_dag.py took 0.091 seconds
[2026-06-11T22:15:45.684+0000] {processor.py:161} INFO - Started process (PID=1030) to work on /home/airflow/.local/lib/python3.12/site-packages/airflow/example_dags/example_skip_dag.py
[2026-06-11T22:15:45.685+0000] {processor.py:830} INFO - Processing file /home/airflow/.local/lib/python3.12/site-packages/airflow/example_dags/example_skip_dag.py for tasks to queue
[2026-06-11T22:15:45.687+0000] {logging_mixin.py:188} INFO - [2026-06-11T22:15:45.686+0000] {dagbag.py:545} INFO - Filling up the DagBag from /home/airflow/.local/lib/python3.12/site-packages/airflow/example_dags/example_skip_dag.py
[2026-06-11T22:15:45.694+0000] {processor.py:840} INFO - DAG(s) 'example_skip_dag' retrieved from /home/airflow/.local/lib/python3.12/site-packages/airflow/example_dags/example_skip_dag.py
[2026-06-11T22:15:45.722+0000] {logging_mixin.py:188} INFO - [2026-06-11T22:15:45.722+0000] {dag.py:3096} INFO - Sync 1 DAGs
[2026-06-11T22:15:45.748+0000] {logging_mixin.py:188} INFO - [2026-06-11T22:15:45.748+0000] {dag.py:3954} INFO - Setting next_dagrun for example_skip_dag to 2026-06-10 00:00:00+00:00, run_after=2026-06-11 00:00:00+00:00
[2026-06-11T22:15:45.769+0000] {processor.py:183} INFO - Processing /home/airflow/.local/lib/python3.12/site-packages/airflow/example_dags/example_skip_dag.py took 0.092 seconds
[2026-06-11T22:16:16.502+0000] {processor.py:161} INFO - Started process (PID=1091) to work on /home/airflow/.local/lib/python3.12/site-packages/airflow/example_dags/example_skip_dag.py
[2026-06-11T22:16:16.503+0000] {processor.py:830} INFO - Processing file /home/airflow/.local/lib/python3.12/site-packages/airflow/example_dags/example_skip_dag.py for tasks to queue
[2026-06-11T22:16:16.505+0000] {logging_mixin.py:188} INFO - [2026-06-11T22:16:16.504+0000] {dagbag.py:545} INFO - Filling up the DagBag from /home/airflow/.local/lib/python3.12/site-packages/airflow/example_dags/example_skip_dag.py
[2026-06-11T22:16:16.512+0000] {processor.py:840} INFO - DAG(s) 'example_skip_dag' retrieved from /home/airflow/.local/lib/python3.12/site-packages/airflow/example_dags/example_skip_dag.py
[2026-06-11T22:16:16.538+0000] {logging_mixin.py:188} INFO - [2026-06-11T22:16:16.538+0000] {dag.py:3096} INFO - Sync 1 DAGs
[2026-06-11T22:16:16.565+0000] {logging_mixin.py:188} INFO - [2026-06-11T22:16:16.565+0000] {dag.py:3954} INFO - Setting next_dagrun for example_skip_dag to 2026-06-10 00:00:00+00:00, run_after=2026-06-11 00:00:00+00:00
[2026-06-11T22:16:16.586+0000] {processor.py:183} INFO - Processing /home/airflow/.local/lib/python3.12/site-packages/airflow/example_dags/example_skip_dag.py took 0.091 seconds
[2026-06-11T22:16:47.497+0000] {processor.py:161} INFO - Started process (PID=1152) to work on /home/airflow/.local/lib/python3.12/site-packages/airflow/example_dags/example_skip_dag.py
[2026-06-11T22:16:47.498+0000] {processor.py:830} INFO - Processing file /home/airflow/.local/lib/python3.12/site-packages/airflow/example_dags/example_skip_dag.py for tasks to queue
[2026-06-11T22:16:47.499+0000] {logging_mixin.py:188} INFO - [2026-06-11T22:16:47.499+0000] {dagbag.py:545} INFO - Filling up the DagBag from /home/airflow/.local/lib/python3.12/site-packages/airflow/example_dags/example_skip_dag.py
[2026-06-11T22:16:47.507+0000] {processor.py:840} INFO - DAG(s) 'example_skip_dag' retrieved from /home/airflow/.local/lib/python3.12/site-packages/airflow/example_dags/example_skip_dag.py
[2026-06-11T22:16:47.532+0000] {logging_mixin.py:188} INFO - [2026-06-11T22:16:47.532+0000] {dag.py:3096} INFO - Sync 1 DAGs
[2026-06-11T22:16:47.561+0000] {logging_mixin.py:188} INFO - [2026-06-11T22:16:47.560+0000] {dag.py:3954} INFO - Setting next_dagrun for example_skip_dag to 2026-06-10 00:00:00+00:00, run_after=2026-06-11 00:00:00+00:00
[2026-06-11T22:16:47.595+0000] {processor.py:183} INFO - Processing /home/airflow/.local/lib/python3.12/site-packages/airflow/example_dags/example_skip_dag.py took 0.105 seconds
[2026-06-11T22:17:17.912+0000] {processor.py:161} INFO - Started process (PID=1213) to work on /home/airflow/.local/lib/python3.12/site-packages/airflow/example_dags/example_skip_dag.py
[2026-06-11T22:17:17.913+0000] {processor.py:830} INFO - Processing file /home/airflow/.local/lib/python3.12/site-packages/airflow/example_dags/example_skip_dag.py for tasks to queue
[2026-06-11T22:17:17.915+0000] {logging_mixin.py:188} INFO - [2026-06-11T22:17:17.914+0000] {dagbag.py:545} INFO - Filling up the DagBag from /home/airflow/.local/lib/python3.12/site-packages/airflow/example_dags/example_skip_dag.py
[2026-06-11T22:17:17.923+0000] {processor.py:840} INFO - DAG(s) 'example_skip_dag' retrieved from /home/airflow/.local/lib/python3.12/site-packages/airflow/example_dags/example_skip_dag.py
[2026-06-11T22:17:17.949+0000] {logging_mixin.py:188} INFO - [2026-06-11T22:17:17.948+0000] {dag.py:3096} INFO - Sync 1 DAGs
[2026-06-11T22:17:17.976+0000] {logging_mixin.py:188} INFO - [2026-06-11T22:17:17.976+0000] {dag.py:3954} INFO - Setting next_dagrun for example_skip_dag to 2026-06-10 00:00:00+00:00, run_after=2026-06-11 00:00:00+00:00
[2026-06-11T22:17:17.996+0000] {processor.py:183} INFO - Processing /home/airflow/.local/lib/python3.12/site-packages/airflow/example_dags/example_skip_dag.py took 0.092 seconds
[2026-06-11T22:17:49.002+0000] {processor.py:161} INFO - Started process (PID=1274) to work on /home/airflow/.local/lib/python3.12/site-packages/airflow/example_dags/example_skip_dag.py
[2026-06-11T22:17:49.003+0000] {processor.py:830} INFO - Processing file /home/airflow/.local/lib/python3.12/site-packages/airflow/example_dags/example_skip_dag.py for tasks to queue
[2026-06-11T22:17:49.005+0000] {logging_mixin.py:188} INFO - [2026-06-11T22:17:49.005+0000] {dagbag.py:545} INFO - Filling up the DagBag from /home/airflow/.local/lib/python3.12/site-packages/airflow/example_dags/example_skip_dag.py
[2026-06-11T22:17:49.013+0000] {processor.py:840} INFO - DAG(s) 'example_skip_dag' retrieved from /home/airflow/.local/lib/python3.12/site-packages/airflow/example_dags/example_skip_dag.py
[2026-06-11T22:17:49.038+0000] {logging_mixin.py:188} INFO - [2026-06-11T22:17:49.038+0000] {dag.py:3096} INFO - Sync 1 DAGs
[2026-06-11T22:17:49.078+0000] {logging_mixin.py:188} INFO - [2026-06-11T22:17:49.078+0000] {dag.py:3954} INFO - Setting next_dagrun for example_skip_dag to 2026-06-10 00:00:00+00:00, run_after=2026-06-11 00:00:00+00:00
[2026-06-11T22:17:49.100+0000] {processor.py:183} INFO - Processing /home/airflow/.local/lib/python3.12/site-packages/airflow/example_dags/example_skip_dag.py took 0.105 seconds
[2026-06-11T22:18:19.553+0000] {processor.py:161} INFO - Started process (PID=1336) to work on /home/airflow/.local/lib/python3.12/site-packages/airflow/example_dags/example_skip_dag.py
[2026-06-11T22:18:19.554+0000] {processor.py:830} INFO - Processing file /home/airflow/.local/lib/python3.12/site-packages/airflow/example_dags/example_skip_dag.py for tasks to queue
[2026-06-11T22:18:19.556+0000] {logging_mixin.py:188} INFO - [2026-06-11T22:18:19.555+0000] {dagbag.py:545} INFO - Filling up the DagBag from /home/airflow/.local/lib/python3.12/site-packages/airflow/example_dags/example_skip_dag.py
[2026-06-11T22:18:19.563+0000] {processor.py:840} INFO - DAG(s) 'example_skip_dag' retrieved from /home/airflow/.local/lib/python3.12/site-packages/airflow/example_dags/example_skip_dag.py
[2026-06-11T22:18:19.590+0000] {logging_mixin.py:188} INFO - [2026-06-11T22:18:19.589+0000] {dag.py:3096} INFO - Sync 1 DAGs
[2026-06-11T22:18:19.616+0000] {logging_mixin.py:188} INFO - [2026-06-11T22:18:19.616+0000] {dag.py:3954} INFO - Setting next_dagrun for example_skip_dag to 2026-06-10 00:00:00+00:00, run_after=2026-06-11 00:00:00+00:00
[2026-06-11T22:18:19.636+0000] {processor.py:183} INFO - Processing /home/airflow/.local/lib/python3.12/site-packages/airflow/example_dags/example_skip_dag.py took 0.090 seconds
[2026-06-11T22:18:50.984+0000] {processor.py:161} INFO - Started process (PID=1396) to work on /home/airflow/.local/lib/python3.12/site-packages/airflow/example_dags/example_skip_dag.py
[2026-06-11T22:18:50.984+0000] {processor.py:830} INFO - Processing file /home/airflow/.local/lib/python3.12/site-packages/airflow/example_dags/example_skip_dag.py for tasks to queue
[2026-06-11T22:18:50.986+0000] {logging_mixin.py:188} INFO - [2026-06-11T22:18:50.986+0000] {dagbag.py:545} INFO - Filling up the DagBag from /home/airflow/.local/lib/python3.12/site-packages/airflow/example_dags/example_skip_dag.py
[2026-06-11T22:18:50.994+0000] {processor.py:840} INFO - DAG(s) 'example_skip_dag' retrieved from /home/airflow/.local/lib/python3.12/site-packages/airflow/example_dags/example_skip_dag.py
[2026-06-11T22:18:51.024+0000] {logging_mixin.py:188} INFO - [2026-06-11T22:18:51.024+0000] {dag.py:3096} INFO - Sync 1 DAGs
[2026-06-11T22:18:51.057+0000] {logging_mixin.py:188} INFO - [2026-06-11T22:18:51.057+0000] {dag.py:3954} INFO - Setting next_dagrun for example_skip_dag to 2026-06-10 00:00:00+00:00, run_after=2026-06-11 00:00:00+00:00
[2026-06-11T22:18:51.181+0000] {processor.py:183} INFO - Processing /home/airflow/.local/lib/python3.12/site-packages/airflow/example_dags/example_skip_dag.py took 0.205 seconds
[2026-06-11T22:19:24.157+0000] {processor.py:161} INFO - Started process (PID=1457) to work on /home/airflow/.local/lib/python3.12/site-packages/airflow/example_dags/example_skip_dag.py
[2026-06-11T22:19:24.160+0000] {processor.py:830} INFO - Processing file /home/airflow/.local/lib/python3.12/site-packages/airflow/example_dags/example_skip_dag.py for tasks to queue
[2026-06-11T22:19:24.164+0000] {logging_mixin.py:188} INFO - [2026-06-11T22:19:24.164+0000] {dagbag.py:545} INFO - Filling up the DagBag from /home/airflow/.local/lib/python3.12/site-packages/airflow/example_dags/example_skip_dag.py
[2026-06-11T22:19:24.179+0000] {processor.py:840} INFO - DAG(s) 'example_skip_dag' retrieved from /home/airflow/.local/lib/python3.12/site-packages/airflow/example_dags/example_skip_dag.py
[2026-06-11T22:19:24.545+0000] {logging_mixin.py:188} INFO - [2026-06-11T22:19:24.544+0000] {dag.py:3096} INFO - Sync 1 DAGs
[2026-06-11T22:19:24.614+0000] {logging_mixin.py:188} INFO - [2026-06-11T22:19:24.613+0000] {dag.py:3954} INFO - Setting next_dagrun for example_skip_dag to 2026-06-10 00:00:00+00:00, run_after=2026-06-11 00:00:00+00:00
[2026-06-11T22:19:24.664+0000] {processor.py:183} INFO - Processing /home/airflow/.local/lib/python3.12/site-packages/airflow/example_dags/example_skip_dag.py took 0.520 seconds
[2026-06-11T22:19:55.093+0000] {processor.py:161} INFO - Started process (PID=1517) to work on /home/airflow/.local/lib/python3.12/site-packages/airflow/example_dags/example_skip_dag.py
[2026-06-11T22:19:55.094+0000] {processor.py:830} INFO - Processing file /home/airflow/.local/lib/python3.12/site-packages/airflow/example_dags/example_skip_dag.py for tasks to queue
[2026-06-11T22:19:55.096+0000] {logging_mixin.py:188} INFO - [2026-06-11T22:19:55.096+0000] {dagbag.py:545} INFO - Filling up the DagBag from /home/airflow/.local/lib/python3.12/site-packages/airflow/example_dags/example_skip_dag.py
[2026-06-11T22:19:55.105+0000] {processor.py:840} INFO - DAG(s) 'example_skip_dag' retrieved from /home/airflow/.local/lib/python3.12/site-packages/airflow/example_dags/example_skip_dag.py
[2026-06-11T22:19:55.134+0000] {logging_mixin.py:188} INFO - [2026-06-11T22:19:55.134+0000] {dag.py:3096} INFO - Sync 1 DAGs
[2026-06-11T22:19:55.166+0000] {logging_mixin.py:188} INFO - [2026-06-11T22:19:55.166+0000] {dag.py:3954} INFO - Setting next_dagrun for example_skip_dag to 2026-06-10 00:00:00+00:00, run_after=2026-06-11 00:00:00+00:00
[2026-06-11T22:19:55.205+0000] {processor.py:183} INFO - Processing /home/airflow/.local/lib/python3.12/site-packages/airflow/example_dags/example_skip_dag.py took 0.121 seconds
[2026-06-11T22:20:25.822+0000] {processor.py:161} INFO - Started process (PID=1578) to work on /home/airflow/.local/lib/python3.12/site-packages/airflow/example_dags/example_skip_dag.py
[2026-06-11T22:20:25.823+0000] {processor.py:830} INFO - Processing file /home/airflow/.local/lib/python3.12/site-packages/airflow/example_dags/example_skip_dag.py for tasks to queue
[2026-06-11T22:20:25.824+0000] {logging_mixin.py:188} INFO - [2026-06-11T22:20:25.824+0000] {dagbag.py:545} INFO - Filling up the DagBag from /home/airflow/.local/lib/python3.12/site-packages/airflow/example_dags/example_skip_dag.py
[2026-06-11T22:20:25.830+0000] {processor.py:840} INFO - DAG(s) 'example_skip_dag' retrieved from /home/airflow/.local/lib/python3.12/site-packages/airflow/example_dags/example_skip_dag.py
[2026-06-11T22:20:25.850+0000] {logging_mixin.py:188} INFO - [2026-06-11T22:20:25.850+0000] {dag.py:3096} INFO - Sync 1 DAGs
[2026-06-11T22:20:25.868+0000] {logging_mixin.py:188} INFO - [2026-06-11T22:20:25.868+0000] {dag.py:3954} INFO - Setting next_dagrun for example_skip_dag to 2026-06-10 00:00:00+00:00, run_after=2026-06-11 00:00:00+00:00
[2026-06-11T22:20:25.883+0000] {processor.py:183} INFO - Processing /home/airflow/.local/lib/python3.12/site-packages/airflow/example_dags/example_skip_dag.py took 0.066 seconds
[2026-06-11T22:20:56.608+0000] {processor.py:161} INFO - Started process (PID=1639) to work on /home/airflow/.local/lib/python3.12/site-packages/airflow/example_dags/example_skip_dag.py
[2026-06-11T22:20:56.609+0000] {processor.py:830} INFO - Processing file /home/airflow/.local/lib/python3.12/site-packages/airflow/example_dags/example_skip_dag.py for tasks to queue
[2026-06-11T22:20:56.611+0000] {logging_mixin.py:188} INFO - [2026-06-11T22:20:56.610+0000] {dagbag.py:545} INFO - Filling up the DagBag from /home/airflow/.local/lib/python3.12/site-packages/airflow/example_dags/example_skip_dag.py
[2026-06-11T22:20:56.619+0000] {processor.py:840} INFO - DAG(s) 'example_skip_dag' retrieved from /home/airflow/.local/lib/python3.12/site-packages/airflow/example_dags/example_skip_dag.py
[2026-06-11T22:20:56.646+0000] {logging_mixin.py:188} INFO - [2026-06-11T22:20:56.645+0000] {dag.py:3096} INFO - Sync 1 DAGs
[2026-06-11T22:20:56.706+0000] {logging_mixin.py:188} INFO - [2026-06-11T22:20:56.705+0000] {dag.py:3954} INFO - Setting next_dagrun for example_skip_dag to 2026-06-10 00:00:00+00:00, run_after=2026-06-11 00:00:00+00:00
[2026-06-11T22:20:56.835+0000] {processor.py:183} INFO - Processing /home/airflow/.local/lib/python3.12/site-packages/airflow/example_dags/example_skip_dag.py took 0.235 seconds
[2026-06-11T22:21:27.437+0000] {processor.py:161} INFO - Started process (PID=1700) to work on /home/airflow/.local/lib/python3.12/site-packages/airflow/example_dags/example_skip_dag.py
[2026-06-11T22:21:27.439+0000] {processor.py:830} INFO - Processing file /home/airflow/.local/lib/python3.12/site-packages/airflow/example_dags/example_skip_dag.py for tasks to queue
[2026-06-11T22:21:27.440+0000] {logging_mixin.py:188} INFO - [2026-06-11T22:21:27.440+0000] {dagbag.py:545} INFO - Filling up the DagBag from /home/airflow/.local/lib/python3.12/site-packages/airflow/example_dags/example_skip_dag.py
[2026-06-11T22:21:27.446+0000] {processor.py:840} INFO - DAG(s) 'example_skip_dag' retrieved from /home/airflow/.local/lib/python3.12/site-packages/airflow/example_dags/example_skip_dag.py
[2026-06-11T22:21:27.464+0000] {logging_mixin.py:188} INFO - [2026-06-11T22:21:27.464+0000] {dag.py:3096} INFO - Sync 1 DAGs
[2026-06-11T22:21:27.483+0000] {logging_mixin.py:188} INFO - [2026-06-11T22:21:27.483+0000] {dag.py:3954} INFO - Setting next_dagrun for example_skip_dag to 2026-06-10 00:00:00+00:00, run_after=2026-06-11 00:00:00+00:00
[2026-06-11T22:21:27.498+0000] {processor.py:183} INFO - Processing /home/airflow/.local/lib/python3.12/site-packages/airflow/example_dags/example_skip_dag.py took 0.068 seconds
[2026-06-11T22:21:57.696+0000] {processor.py:161} INFO - Started process (PID=1760) to work on /home/airflow/.local/lib/python3.12/site-packages/airflow/example_dags/example_skip_dag.py
[2026-06-11T22:21:57.697+0000] {processor.py:830} INFO - Processing file /home/airflow/.local/lib/python3.12/site-packages/airflow/example_dags/example_skip_dag.py for tasks to queue
[2026-06-11T22:21:57.699+0000] {logging_mixin.py:188} INFO - [2026-06-11T22:21:57.699+0000] {dagbag.py:545} INFO - Filling up the DagBag from /home/airflow/.local/lib/python3.12/site-packages/airflow/example_dags/example_skip_dag.py
[2026-06-11T22:21:57.709+0000] {processor.py:840} INFO - DAG(s) 'example_skip_dag' retrieved from /home/airflow/.local/lib/python3.12/site-packages/airflow/example_dags/example_skip_dag.py
[2026-06-11T22:21:57.733+0000] {logging_mixin.py:188} INFO - [2026-06-11T22:21:57.733+0000] {dag.py:3096} INFO - Sync 1 DAGs
[2026-06-11T22:21:57.762+0000] {logging_mixin.py:188} INFO - [2026-06-11T22:21:57.762+0000] {dag.py:3954} INFO - Setting next_dagrun for example_skip_dag to 2026-06-10 00:00:00+00:00, run_after=2026-06-11 00:00:00+00:00
[2026-06-11T22:21:57.789+0000] {processor.py:183} INFO - Processing /home/airflow/.local/lib/python3.12/site-packages/airflow/example_dags/example_skip_dag.py took 0.099 seconds
[2026-06-11T22:22:28.560+0000] {processor.py:161} INFO - Started process (PID=1821) to work on /home/airflow/.local/lib/python3.12/site-packages/airflow/example_dags/example_skip_dag.py
[2026-06-11T22:22:28.561+0000] {processor.py:830} INFO - Processing file /home/airflow/.local/lib/python3.12/site-packages/airflow/example_dags/example_skip_dag.py for tasks to queue
[2026-06-11T22:22:28.563+0000] {logging_mixin.py:188} INFO - [2026-06-11T22:22:28.563+0000] {dagbag.py:545} INFO - Filling up the DagBag from /home/airflow/.local/lib/python3.12/site-packages/airflow/example_dags/example_skip_dag.py
[2026-06-11T22:22:28.576+0000] {processor.py:840} INFO - DAG(s) 'example_skip_dag' retrieved from /home/airflow/.local/lib/python3.12/site-packages/airflow/example_dags/example_skip_dag.py
[2026-06-11T22:22:28.603+0000] {logging_mixin.py:188} INFO - [2026-06-11T22:22:28.603+0000] {dag.py:3096} INFO - Sync 1 DAGs
[2026-06-11T22:22:28.631+0000] {logging_mixin.py:188} INFO - [2026-06-11T22:22:28.631+0000] {dag.py:3954} INFO - Setting next_dagrun for example_skip_dag to 2026-06-10 00:00:00+00:00, run_after=2026-06-11 00:00:00+00:00
[2026-06-11T22:22:28.655+0000] {processor.py:183} INFO - Processing /home/airflow/.local/lib/python3.12/site-packages/airflow/example_dags/example_skip_dag.py took 0.101 seconds
[2026-06-11T22:22:58.975+0000] {processor.py:161} INFO - Started process (PID=1882) to work on /home/airflow/.local/lib/python3.12/site-packages/airflow/example_dags/example_skip_dag.py
[2026-06-11T22:22:58.976+0000] {processor.py:830} INFO - Processing file /home/airflow/.local/lib/python3.12/site-packages/airflow/example_dags/example_skip_dag.py for tasks to queue
[2026-06-11T22:22:58.978+0000] {logging_mixin.py:188} INFO - [2026-06-11T22:22:58.978+0000] {dagbag.py:545} INFO - Filling up the DagBag from /home/airflow/.local/lib/python3.12/site-packages/airflow/example_dags/example_skip_dag.py
[2026-06-11T22:22:58.985+0000] {processor.py:840} INFO - DAG(s) 'example_skip_dag' retrieved from /home/airflow/.local/lib/python3.12/site-packages/airflow/example_dags/example_skip_dag.py
[2026-06-11T22:22:59.010+0000] {logging_mixin.py:188} INFO - [2026-06-11T22:22:59.010+0000] {dag.py:3096} INFO - Sync 1 DAGs
[2026-06-11T22:22:59.039+0000] {logging_mixin.py:188} INFO - [2026-06-11T22:22:59.039+0000] {dag.py:3954} INFO - Setting next_dagrun for example_skip_dag to 2026-06-10 00:00:00+00:00, run_after=2026-06-11 00:00:00+00:00
[2026-06-11T22:22:59.061+0000] {processor.py:183} INFO - Processing /home/airflow/.local/lib/python3.12/site-packages/airflow/example_dags/example_skip_dag.py took 0.092 seconds
[2026-06-11T22:23:29.227+0000] {processor.py:161} INFO - Started process (PID=1943) to work on /home/airflow/.local/lib/python3.12/site-packages/airflow/example_dags/example_skip_dag.py
[2026-06-11T22:23:29.227+0000] {processor.py:830} INFO - Processing file /home/airflow/.local/lib/python3.12/site-packages/airflow/example_dags/example_skip_dag.py for tasks to queue
[2026-06-11T22:23:29.229+0000] {logging_mixin.py:188} INFO - [2026-06-11T22:23:29.228+0000] {dagbag.py:545} INFO - Filling up the DagBag from /home/airflow/.local/lib/python3.12/site-packages/airflow/example_dags/example_skip_dag.py
[2026-06-11T22:23:29.234+0000] {processor.py:840} INFO - DAG(s) 'example_skip_dag' retrieved from /home/airflow/.local/lib/python3.12/site-packages/airflow/example_dags/example_skip_dag.py
[2026-06-11T22:23:29.252+0000] {logging_mixin.py:188} INFO - [2026-06-11T22:23:29.252+0000] {dag.py:3096} INFO - Sync 1 DAGs
[2026-06-11T22:23:29.270+0000] {logging_mixin.py:188} INFO - [2026-06-11T22:23:29.270+0000] {dag.py:3954} INFO - Setting next_dagrun for example_skip_dag to 2026-06-10 00:00:00+00:00, run_after=2026-06-11 00:00:00+00:00
[2026-06-11T22:23:29.285+0000] {processor.py:183} INFO - Processing /home/airflow/.local/lib/python3.12/site-packages/airflow/example_dags/example_skip_dag.py took 0.064 seconds
[2026-06-11T22:23:59.359+0000] {processor.py:161} INFO - Started process (PID=2004) to work on /home/airflow/.local/lib/python3.12/site-packages/airflow/example_dags/example_skip_dag.py
[2026-06-11T22:23:59.360+0000] {processor.py:830} INFO - Processing file /home/airflow/.local/lib/python3.12/site-packages/airflow/example_dags/example_skip_dag.py for tasks to queue
[2026-06-11T22:23:59.361+0000] {logging_mixin.py:188} INFO - [2026-06-11T22:23:59.361+0000] {dagbag.py:545} INFO - Filling up the DagBag from /home/airflow/.local/lib/python3.12/site-packages/airflow/example_dags/example_skip_dag.py
[2026-06-11T22:23:59.367+0000] {processor.py:840} INFO - DAG(s) 'example_skip_dag' retrieved from /home/airflow/.local/lib/python3.12/site-packages/airflow/example_dags/example_skip_dag.py
[2026-06-11T22:23:59.384+0000] {logging_mixin.py:188} INFO - [2026-06-11T22:23:59.384+0000] {dag.py:3096} INFO - Sync 1 DAGs
[2026-06-11T22:23:59.403+0000] {logging_mixin.py:188} INFO - [2026-06-11T22:23:59.403+0000] {dag.py:3954} INFO - Setting next_dagrun for example_skip_dag to 2026-06-10 00:00:00+00:00, run_after=2026-06-11 00:00:00+00:00
[2026-06-11T22:23:59.418+0000] {processor.py:183} INFO - Processing /home/airflow/.local/lib/python3.12/site-packages/airflow/example_dags/example_skip_dag.py took 0.065 seconds
[2026-06-11T22:24:29.766+0000] {processor.py:161} INFO - Started process (PID=2064) to work on /home/airflow/.local/lib/python3.12/site-packages/airflow/example_dags/example_skip_dag.py
[2026-06-11T22:24:29.768+0000] {processor.py:830} INFO - Processing file /home/airflow/.local/lib/python3.12/site-packages/airflow/example_dags/example_skip_dag.py for tasks to queue
[2026-06-11T22:24:29.770+0000] {logging_mixin.py:188} INFO - [2026-06-11T22:24:29.770+0000] {dagbag.py:545} INFO - Filling up the DagBag from /home/airflow/.local/lib/python3.12/site-packages/airflow/example_dags/example_skip_dag.py
[2026-06-11T22:24:29.779+0000] {processor.py:840} INFO - DAG(s) 'example_skip_dag' retrieved from /home/airflow/.local/lib/python3.12/site-packages/airflow/example_dags/example_skip_dag.py
[2026-06-11T22:24:29.800+0000] {logging_mixin.py:188} INFO - [2026-06-11T22:24:29.800+0000] {dag.py:3096} INFO - Sync 1 DAGs
[2026-06-11T22:24:29.824+0000] {logging_mixin.py:188} INFO - [2026-06-11T22:24:29.824+0000] {dag.py:3954} INFO - Setting next_dagrun for example_skip_dag to 2026-06-10 00:00:00+00:00, run_after=2026-06-11 00:00:00+00:00
[2026-06-11T22:24:29.839+0000] {processor.py:183} INFO - Processing /home/airflow/.local/lib/python3.12/site-packages/airflow/example_dags/example_skip_dag.py took 0.080 seconds
[2026-06-11T22:24:59.977+0000] {processor.py:161} INFO - Started process (PID=2125) to work on /home/airflow/.local/lib/python3.12/site-packages/airflow/example_dags/example_skip_dag.py
[2026-06-11T22:24:59.978+0000] {processor.py:830} INFO - Processing file /home/airflow/.local/lib/python3.12/site-packages/airflow/example_dags/example_skip_dag.py for tasks to queue
[2026-06-11T22:24:59.980+0000] {logging_mixin.py:188} INFO - [2026-06-11T22:24:59.979+0000] {dagbag.py:545} INFO - Filling up the DagBag from /home/airflow/.local/lib/python3.12/site-packages/airflow/example_dags/example_skip_dag.py
[2026-06-11T22:24:59.987+0000] {processor.py:840} INFO - DAG(s) 'example_skip_dag' retrieved from /home/airflow/.local/lib/python3.12/site-packages/airflow/example_dags/example_skip_dag.py
[2026-06-11T22:25:00.013+0000] {logging_mixin.py:188} INFO - [2026-06-11T22:25:00.013+0000] {dag.py:3096} INFO - Sync 1 DAGs
[2026-06-11T22:25:00.043+0000] {logging_mixin.py:188} INFO - [2026-06-11T22:25:00.043+0000] {dag.py:3954} INFO - Setting next_dagrun for example_skip_dag to 2026-06-10 00:00:00+00:00, run_after=2026-06-11 00:00:00+00:00
[2026-06-11T22:25:00.062+0000] {processor.py:183} INFO - Processing /home/airflow/.local/lib/python3.12/site-packages/airflow/example_dags/example_skip_dag.py took 0.093 seconds
[2026-06-11T22:25:30.302+0000] {processor.py:161} INFO - Started process (PID=2186) to work on /home/airflow/.local/lib/python3.12/site-packages/airflow/example_dags/example_skip_dag.py
[2026-06-11T22:25:30.303+0000] {processor.py:830} INFO - Processing file /home/airflow/.local/lib/python3.12/site-packages/airflow/example_dags/example_skip_dag.py for tasks to queue
[2026-06-11T22:25:30.305+0000] {logging_mixin.py:188} INFO - [2026-06-11T22:25:30.305+0000] {dagbag.py:545} INFO - Filling up the DagBag from /home/airflow/.local/lib/python3.12/site-packages/airflow/example_dags/example_skip_dag.py
[2026-06-11T22:25:30.312+0000] {processor.py:840} INFO - DAG(s) 'example_skip_dag' retrieved from /home/airflow/.local/lib/python3.12/site-packages/airflow/example_dags/example_skip_dag.py
[2026-06-11T22:25:30.343+0000] {logging_mixin.py:188} INFO - [2026-06-11T22:25:30.343+0000] {dag.py:3096} INFO - Sync 1 DAGs
[2026-06-11T22:25:30.371+0000] {logging_mixin.py:188} INFO - [2026-06-11T22:25:30.371+0000] {dag.py:3954} INFO - Setting next_dagrun for example_skip_dag to 2026-06-10 00:00:00+00:00, run_after=2026-06-11 00:00:00+00:00
[2026-06-11T22:25:30.391+0000] {processor.py:183} INFO - Processing /home/airflow/.local/lib/python3.12/site-packages/airflow/example_dags/example_skip_dag.py took 0.095 seconds
[2026-06-11T22:26:00.728+0000] {processor.py:161} INFO - Started process (PID=2247) to work on /home/airflow/.local/lib/python3.12/site-packages/airflow/example_dags/example_skip_dag.py
[2026-06-11T22:26:00.729+0000] {processor.py:830} INFO - Processing file /home/airflow/.local/lib/python3.12/site-packages/airflow/example_dags/example_skip_dag.py for tasks to queue
[2026-06-11T22:26:00.731+0000] {logging_mixin.py:188} INFO - [2026-06-11T22:26:00.731+0000] {dagbag.py:545} INFO - Filling up the DagBag from /home/airflow/.local/lib/python3.12/site-packages/airflow/example_dags/example_skip_dag.py
[2026-06-11T22:26:00.739+0000] {processor.py:840} INFO - DAG(s) 'example_skip_dag' retrieved from /home/airflow/.local/lib/python3.12/site-packages/airflow/example_dags/example_skip_dag.py
[2026-06-11T22:26:00.764+0000] {logging_mixin.py:188} INFO - [2026-06-11T22:26:00.764+0000] {dag.py:3096} INFO - Sync 1 DAGs
[2026-06-11T22:26:00.796+0000] {logging_mixin.py:188} INFO - [2026-06-11T22:26:00.796+0000] {dag.py:3954} INFO - Setting next_dagrun for example_skip_dag to 2026-06-10 00:00:00+00:00, run_after=2026-06-11 00:00:00+00:00
[2026-06-11T22:26:00.816+0000] {processor.py:183} INFO - Processing /home/airflow/.local/lib/python3.12/site-packages/airflow/example_dags/example_skip_dag.py took 0.095 seconds
[2026-06-11T22:26:31.669+0000] {processor.py:161} INFO - Started process (PID=2308) to work on /home/airflow/.local/lib/python3.12/site-packages/airflow/example_dags/example_skip_dag.py
[2026-06-11T22:26:31.670+0000] {processor.py:830} INFO - Processing file /home/airflow/.local/lib/python3.12/site-packages/airflow/example_dags/example_skip_dag.py for tasks to queue
[2026-06-11T22:26:31.672+0000] {logging_mixin.py:188} INFO - [2026-06-11T22:26:31.672+0000] {dagbag.py:545} INFO - Filling up the DagBag from /home/airflow/.local/lib/python3.12/site-packages/airflow/example_dags/example_skip_dag.py
[2026-06-11T22:26:31.680+0000] {processor.py:840} INFO - DAG(s) 'example_skip_dag' retrieved from /home/airflow/.local/lib/python3.12/site-packages/airflow/example_dags/example_skip_dag.py
[2026-06-11T22:26:31.712+0000] {logging_mixin.py:188} INFO - [2026-06-11T22:26:31.712+0000] {dag.py:3096} INFO - Sync 1 DAGs
[2026-06-11T22:26:31.749+0000] {logging_mixin.py:188} INFO - [2026-06-11T22:26:31.749+0000] {dag.py:3954} INFO - Setting next_dagrun for example_skip_dag to 2026-06-10 00:00:00+00:00, run_after=2026-06-11 00:00:00+00:00
[2026-06-11T22:26:31.807+0000] {processor.py:183} INFO - Processing /home/airflow/.local/lib/python3.12/site-packages/airflow/example_dags/example_skip_dag.py took 0.145 seconds
[2026-06-11T22:27:02.768+0000] {processor.py:161} INFO - Started process (PID=2368) to work on /home/airflow/.local/lib/python3.12/site-packages/airflow/example_dags/example_skip_dag.py
[2026-06-11T22:27:02.769+0000] {processor.py:830} INFO - Processing file /home/airflow/.local/lib/python3.12/site-packages/airflow/example_dags/example_skip_dag.py for tasks to queue
[2026-06-11T22:27:02.771+0000] {logging_mixin.py:188} INFO - [2026-06-11T22:27:02.771+0000] {dagbag.py:545} INFO - Filling up the DagBag from /home/airflow/.local/lib/python3.12/site-packages/airflow/example_dags/example_skip_dag.py
[2026-06-11T22:27:02.779+0000] {processor.py:840} INFO - DAG(s) 'example_skip_dag' retrieved from /home/airflow/.local/lib/python3.12/site-packages/airflow/example_dags/example_skip_dag.py
[2026-06-11T22:27:02.806+0000] {logging_mixin.py:188} INFO - [2026-06-11T22:27:02.806+0000] {dag.py:3096} INFO - Sync 1 DAGs
[2026-06-11T22:27:02.842+0000] {logging_mixin.py:188} INFO - [2026-06-11T22:27:02.841+0000] {dag.py:3954} INFO - Setting next_dagrun for example_skip_dag to 2026-06-10 00:00:00+00:00, run_after=2026-06-11 00:00:00+00:00
[2026-06-11T22:27:02.878+0000] {processor.py:183} INFO - Processing /home/airflow/.local/lib/python3.12/site-packages/airflow/example_dags/example_skip_dag.py took 0.124 seconds
[2026-06-11T22:27:33.552+0000] {processor.py:161} INFO - Started process (PID=2429) to work on /home/airflow/.local/lib/python3.12/site-packages/airflow/example_dags/example_skip_dag.py
[2026-06-11T22:27:33.553+0000] {processor.py:830} INFO - Processing file /home/airflow/.local/lib/python3.12/site-packages/airflow/example_dags/example_skip_dag.py for tasks to queue
[2026-06-11T22:27:33.555+0000] {logging_mixin.py:188} INFO - [2026-06-11T22:27:33.554+0000] {dagbag.py:545} INFO - Filling up the DagBag from /home/airflow/.local/lib/python3.12/site-packages/airflow/example_dags/example_skip_dag.py
[2026-06-11T22:27:33.562+0000] {processor.py:840} INFO - DAG(s) 'example_skip_dag' retrieved from /home/airflow/.local/lib/python3.12/site-packages/airflow/example_dags/example_skip_dag.py
[2026-06-11T22:27:33.587+0000] {logging_mixin.py:188} INFO - [2026-06-11T22:27:33.587+0000] {dag.py:3096} INFO - Sync 1 DAGs
[2026-06-11T22:27:33.616+0000] {logging_mixin.py:188} INFO - [2026-06-11T22:27:33.616+0000] {dag.py:3954} INFO - Setting next_dagrun for example_skip_dag to 2026-06-10 00:00:00+00:00, run_after=2026-06-11 00:00:00+00:00
[2026-06-11T22:27:33.638+0000] {processor.py:183} INFO - Processing /home/airflow/.local/lib/python3.12/site-packages/airflow/example_dags/example_skip_dag.py took 0.093 seconds
[2026-06-11T22:28:03.745+0000] {processor.py:161} INFO - Started process (PID=2490) to work on /home/airflow/.local/lib/python3.12/site-packages/airflow/example_dags/example_skip_dag.py
[2026-06-11T22:28:03.746+0000] {processor.py:830} INFO - Processing file /home/airflow/.local/lib/python3.12/site-packages/airflow/example_dags/example_skip_dag.py for tasks to queue
[2026-06-11T22:28:03.748+0000] {logging_mixin.py:188} INFO - [2026-06-11T22:28:03.747+0000] {dagbag.py:545} INFO - Filling up the DagBag from /home/airflow/.local/lib/python3.12/site-packages/airflow/example_dags/example_skip_dag.py
[2026-06-11T22:28:03.755+0000] {processor.py:840} INFO - DAG(s) 'example_skip_dag' retrieved from /home/airflow/.local/lib/python3.12/site-packages/airflow/example_dags/example_skip_dag.py
[2026-06-11T22:28:03.781+0000] {logging_mixin.py:188} INFO - [2026-06-11T22:28:03.781+0000] {dag.py:3096} INFO - Sync 1 DAGs
[2026-06-11T22:28:03.810+0000] {logging_mixin.py:188} INFO - [2026-06-11T22:28:03.809+0000] {dag.py:3954} INFO - Setting next_dagrun for example_skip_dag to 2026-06-10 00:00:00+00:00, run_after=2026-06-11 00:00:00+00:00
[2026-06-11T22:28:03.829+0000] {processor.py:183} INFO - Processing /home/airflow/.local/lib/python3.12/site-packages/airflow/example_dags/example_skip_dag.py took 0.091 seconds
[2026-06-11T22:28:34.272+0000] {processor.py:161} INFO - Started process (PID=2550) to work on /home/airflow/.local/lib/python3.12/site-packages/airflow/example_dags/example_skip_dag.py
[2026-06-11T22:28:34.273+0000] {processor.py:830} INFO - Processing file /home/airflow/.local/lib/python3.12/site-packages/airflow/example_dags/example_skip_dag.py for tasks to queue
[2026-06-11T22:28:34.275+0000] {logging_mixin.py:188} INFO - [2026-06-11T22:28:34.275+0000] {dagbag.py:545} INFO - Filling up the DagBag from /home/airflow/.local/lib/python3.12/site-packages/airflow/example_dags/example_skip_dag.py
[2026-06-11T22:28:34.282+0000] {processor.py:840} INFO - DAG(s) 'example_skip_dag' retrieved from /home/airflow/.local/lib/python3.12/site-packages/airflow/example_dags/example_skip_dag.py
[2026-06-11T22:28:34.307+0000] {logging_mixin.py:188} INFO - [2026-06-11T22:28:34.307+0000] {dag.py:3096} INFO - Sync 1 DAGs
[2026-06-11T22:28:34.335+0000] {logging_mixin.py:188} INFO - [2026-06-11T22:28:34.335+0000] {dag.py:3954} INFO - Setting next_dagrun for example_skip_dag to 2026-06-10 00:00:00+00:00, run_after=2026-06-11 00:00:00+00:00
[2026-06-11T22:28:34.355+0000] {processor.py:183} INFO - Processing /home/airflow/.local/lib/python3.12/site-packages/airflow/example_dags/example_skip_dag.py took 0.090 seconds
[2026-06-11T22:29:04.740+0000] {processor.py:161} INFO - Started process (PID=2611) to work on /home/airflow/.local/lib/python3.12/site-packages/airflow/example_dags/example_skip_dag.py
[2026-06-11T22:29:04.741+0000] {processor.py:830} INFO - Processing file /home/airflow/.local/lib/python3.12/site-packages/airflow/example_dags/example_skip_dag.py for tasks to queue
[2026-06-11T22:29:04.743+0000] {logging_mixin.py:188} INFO - [2026-06-11T22:29:04.742+0000] {dagbag.py:545} INFO - Filling up the DagBag from /home/airflow/.local/lib/python3.12/site-packages/airflow/example_dags/example_skip_dag.py
[2026-06-11T22:29:04.750+0000] {processor.py:840} INFO - DAG(s) 'example_skip_dag' retrieved from /home/airflow/.local/lib/python3.12/site-packages/airflow/example_dags/example_skip_dag.py
[2026-06-11T22:29:04.776+0000] {logging_mixin.py:188} INFO - [2026-06-11T22:29:04.775+0000] {dag.py:3096} INFO - Sync 1 DAGs
[2026-06-11T22:29:04.803+0000] {logging_mixin.py:188} INFO - [2026-06-11T22:29:04.803+0000] {dag.py:3954} INFO - Setting next_dagrun for example_skip_dag to 2026-06-10 00:00:00+00:00, run_after=2026-06-11 00:00:00+00:00
[2026-06-11T22:29:04.823+0000] {processor.py:183} INFO - Processing /home/airflow/.local/lib/python3.12/site-packages/airflow/example_dags/example_skip_dag.py took 0.090 seconds
[2026-06-11T22:29:35.566+0000] {processor.py:161} INFO - Started process (PID=2672) to work on /home/airflow/.local/lib/python3.12/site-packages/airflow/example_dags/example_skip_dag.py
[2026-06-11T22:29:35.567+0000] {processor.py:830} INFO - Processing file /home/airflow/.local/lib/python3.12/site-packages/airflow/example_dags/example_skip_dag.py for tasks to queue
[2026-06-11T22:29:35.569+0000] {logging_mixin.py:188} INFO - [2026-06-11T22:29:35.568+0000] {dagbag.py:545} INFO - Filling up the DagBag from /home/airflow/.local/lib/python3.12/site-packages/airflow/example_dags/example_skip_dag.py
[2026-06-11T22:29:35.575+0000] {processor.py:840} INFO - DAG(s) 'example_skip_dag' retrieved from /home/airflow/.local/lib/python3.12/site-packages/airflow/example_dags/example_skip_dag.py
[2026-06-11T22:29:35.600+0000] {logging_mixin.py:188} INFO - [2026-06-11T22:29:35.600+0000] {dag.py:3096} INFO - Sync 1 DAGs
[2026-06-11T22:29:35.628+0000] {logging_mixin.py:188} INFO - [2026-06-11T22:29:35.627+0000] {dag.py:3954} INFO - Setting next_dagrun for example_skip_dag to 2026-06-10 00:00:00+00:00, run_after=2026-06-11 00:00:00+00:00
[2026-06-11T22:29:35.653+0000] {processor.py:183} INFO - Processing /home/airflow/.local/lib/python3.12/site-packages/airflow/example_dags/example_skip_dag.py took 0.094 seconds
[2026-06-11T22:30:06.471+0000] {processor.py:161} INFO - Started process (PID=2733) to work on /home/airflow/.local/lib/python3.12/site-packages/airflow/example_dags/example_skip_dag.py
[2026-06-11T22:30:06.472+0000] {processor.py:830} INFO - Processing file /home/airflow/.local/lib/python3.12/site-packages/airflow/example_dags/example_skip_dag.py for tasks to queue
[2026-06-11T22:30:06.474+0000] {logging_mixin.py:188} INFO - [2026-06-11T22:30:06.473+0000] {dagbag.py:545} INFO - Filling up the DagBag from /home/airflow/.local/lib/python3.12/site-packages/airflow/example_dags/example_skip_dag.py
[2026-06-11T22:30:06.479+0000] {processor.py:840} INFO - DAG(s) 'example_skip_dag' retrieved from /home/airflow/.local/lib/python3.12/site-packages/airflow/example_dags/example_skip_dag.py
[2026-06-11T22:30:06.497+0000] {logging_mixin.py:188} INFO - [2026-06-11T22:30:06.497+0000] {dag.py:3096} INFO - Sync 1 DAGs
[2026-06-11T22:30:06.531+0000] {logging_mixin.py:188} INFO - [2026-06-11T22:30:06.531+0000] {dag.py:3954} INFO - Setting next_dagrun for example_skip_dag to 2026-06-10 00:00:00+00:00, run_after=2026-06-11 00:00:00+00:00
[2026-06-11T22:30:06.560+0000] {processor.py:183} INFO - Processing /home/airflow/.local/lib/python3.12/site-packages/airflow/example_dags/example_skip_dag.py took 0.094 seconds
[2026-06-11T22:30:37.429+0000] {processor.py:161} INFO - Started process (PID=2794) to work on /home/airflow/.local/lib/python3.12/site-packages/airflow/example_dags/example_skip_dag.py
[2026-06-11T22:30:37.430+0000] {processor.py:830} INFO - Processing file /home/airflow/.local/lib/python3.12/site-packages/airflow/example_dags/example_skip_dag.py for tasks to queue
[2026-06-11T22:30:37.432+0000] {logging_mixin.py:188} INFO - [2026-06-11T22:30:37.431+0000] {dagbag.py:545} INFO - Filling up the DagBag from /home/airflow/.local/lib/python3.12/site-packages/airflow/example_dags/example_skip_dag.py
[2026-06-11T22:30:37.439+0000] {processor.py:840} INFO - DAG(s) 'example_skip_dag' retrieved from /home/airflow/.local/lib/python3.12/site-packages/airflow/example_dags/example_skip_dag.py
[2026-06-11T22:30:37.465+0000] {logging_mixin.py:188} INFO - [2026-06-11T22:30:37.465+0000] {dag.py:3096} INFO - Sync 1 DAGs
[2026-06-11T22:30:37.493+0000] {logging_mixin.py:188} INFO - [2026-06-11T22:30:37.493+0000] {dag.py:3954} INFO - Setting next_dagrun for example_skip_dag to 2026-06-10 00:00:00+00:00, run_after=2026-06-11 00:00:00+00:00
[2026-06-11T22:30:37.513+0000] {processor.py:183} INFO - Processing /home/airflow/.local/lib/python3.12/site-packages/airflow/example_dags/example_skip_dag.py took 0.091 seconds
[2026-06-11T22:31:08.094+0000] {processor.py:161} INFO - Started process (PID=2855) to work on /home/airflow/.local/lib/python3.12/site-packages/airflow/example_dags/example_skip_dag.py
[2026-06-11T22:31:08.095+0000] {processor.py:830} INFO - Processing file /home/airflow/.local/lib/python3.12/site-packages/airflow/example_dags/example_skip_dag.py for tasks to queue
[2026-06-11T22:31:08.097+0000] {logging_mixin.py:188} INFO - [2026-06-11T22:31:08.097+0000] {dagbag.py:545} INFO - Filling up the DagBag from /home/airflow/.local/lib/python3.12/site-packages/airflow/example_dags/example_skip_dag.py
[2026-06-11T22:31:08.104+0000] {processor.py:840} INFO - DAG(s) 'example_skip_dag' retrieved from /home/airflow/.local/lib/python3.12/site-packages/airflow/example_dags/example_skip_dag.py
[2026-06-11T22:31:08.129+0000] {logging_mixin.py:188} INFO - [2026-06-11T22:31:08.129+0000] {dag.py:3096} INFO - Sync 1 DAGs
[2026-06-11T22:31:08.157+0000] {logging_mixin.py:188} INFO - [2026-06-11T22:31:08.157+0000] {dag.py:3954} INFO - Setting next_dagrun for example_skip_dag to 2026-06-10 00:00:00+00:00, run_after=2026-06-11 00:00:00+00:00
[2026-06-11T22:31:08.177+0000] {processor.py:183} INFO - Processing /home/airflow/.local/lib/python3.12/site-packages/airflow/example_dags/example_skip_dag.py took 0.090 seconds
[2026-06-11T22:31:39.004+0000] {processor.py:161} INFO - Started process (PID=2916) to work on /home/airflow/.local/lib/python3.12/site-packages/airflow/example_dags/example_skip_dag.py
[2026-06-11T22:31:39.005+0000] {processor.py:830} INFO - Processing file /home/airflow/.local/lib/python3.12/site-packages/airflow/example_dags/example_skip_dag.py for tasks to queue
[2026-06-11T22:31:39.007+0000] {logging_mixin.py:188} INFO - [2026-06-11T22:31:39.006+0000] {dagbag.py:545} INFO - Filling up the DagBag from /home/airflow/.local/lib/python3.12/site-packages/airflow/example_dags/example_skip_dag.py
[2026-06-11T22:31:39.014+0000] {processor.py:840} INFO - DAG(s) 'example_skip_dag' retrieved from /home/airflow/.local/lib/python3.12/site-packages/airflow/example_dags/example_skip_dag.py
[2026-06-11T22:31:39.041+0000] {logging_mixin.py:188} INFO - [2026-06-11T22:31:39.039+0000] {dag.py:3096} INFO - Sync 1 DAGs
[2026-06-11T22:31:39.109+0000] {logging_mixin.py:188} INFO - [2026-06-11T22:31:39.109+0000] {dag.py:3954} INFO - Setting next_dagrun for example_skip_dag to 2026-06-10 00:00:00+00:00, run_after=2026-06-11 00:00:00+00:00
[2026-06-11T22:31:39.173+0000] {processor.py:183} INFO - Processing /home/airflow/.local/lib/python3.12/site-packages/airflow/example_dags/example_skip_dag.py took 0.176 seconds
[2026-06-11T22:32:10.391+0000] {processor.py:161} INFO - Started process (PID=2983) to work on /home/airflow/.local/lib/python3.12/site-packages/airflow/example_dags/example_skip_dag.py
[2026-06-11T22:32:10.395+0000] {processor.py:830} INFO - Processing file /home/airflow/.local/lib/python3.12/site-packages/airflow/example_dags/example_skip_dag.py for tasks to queue
[2026-06-11T22:32:10.406+0000] {logging_mixin.py:188} INFO - [2026-06-11T22:32:10.405+0000] {dagbag.py:545} INFO - Filling up the DagBag from /home/airflow/.local/lib/python3.12/site-packages/airflow/example_dags/example_skip_dag.py
[2026-06-11T22:32:10.435+0000] {processor.py:840} INFO - DAG(s) 'example_skip_dag' retrieved from /home/airflow/.local/lib/python3.12/site-packages/airflow/example_dags/example_skip_dag.py
[2026-06-11T22:32:10.502+0000] {logging_mixin.py:188} INFO - [2026-06-11T22:32:10.500+0000] {dag.py:3096} INFO - Sync 1 DAGs
[2026-06-11T22:32:10.559+0000] {logging_mixin.py:188} INFO - [2026-06-11T22:32:10.559+0000] {dag.py:3954} INFO - Setting next_dagrun for example_skip_dag to 2026-06-10 00:00:00+00:00, run_after=2026-06-11 00:00:00+00:00
[2026-06-11T22:32:10.595+0000] {processor.py:183} INFO - Processing /home/airflow/.local/lib/python3.12/site-packages/airflow/example_dags/example_skip_dag.py took 0.225 seconds
[2026-06-11T22:32:40.638+0000] {processor.py:161} INFO - Started process (PID=3044) to work on /home/airflow/.local/lib/python3.12/site-packages/airflow/example_dags/example_skip_dag.py
[2026-06-11T22:32:40.639+0000] {processor.py:830} INFO - Processing file /home/airflow/.local/lib/python3.12/site-packages/airflow/example_dags/example_skip_dag.py for tasks to queue
[2026-06-11T22:32:40.641+0000] {logging_mixin.py:188} INFO - [2026-06-11T22:32:40.641+0000] {dagbag.py:545} INFO - Filling up the DagBag from /home/airflow/.local/lib/python3.12/site-packages/airflow/example_dags/example_skip_dag.py
[2026-06-11T22:32:40.649+0000] {processor.py:840} INFO - DAG(s) 'example_skip_dag' retrieved from /home/airflow/.local/lib/python3.12/site-packages/airflow/example_dags/example_skip_dag.py
[2026-06-11T22:32:40.676+0000] {logging_mixin.py:188} INFO - [2026-06-11T22:32:40.676+0000] {dag.py:3096} INFO - Sync 1 DAGs
[2026-06-11T22:32:40.704+0000] {logging_mixin.py:188} INFO - [2026-06-11T22:32:40.704+0000] {dag.py:3954} INFO - Setting next_dagrun for example_skip_dag to 2026-06-10 00:00:00+00:00, run_after=2026-06-11 00:00:00+00:00
[2026-06-11T22:32:40.724+0000] {processor.py:183} INFO - Processing /home/airflow/.local/lib/python3.12/site-packages/airflow/example_dags/example_skip_dag.py took 0.092 seconds
[2026-06-11T22:33:11.228+0000] {processor.py:161} INFO - Started process (PID=3105) to work on /home/airflow/.local/lib/python3.12/site-packages/airflow/example_dags/example_skip_dag.py
[2026-06-11T22:33:11.229+0000] {processor.py:830} INFO - Processing file /home/airflow/.local/lib/python3.12/site-packages/airflow/example_dags/example_skip_dag.py for tasks to queue
[2026-06-11T22:33:11.231+0000] {logging_mixin.py:188} INFO - [2026-06-11T22:33:11.231+0000] {dagbag.py:545} INFO - Filling up the DagBag from /home/airflow/.local/lib/python3.12/site-packages/airflow/example_dags/example_skip_dag.py
[2026-06-11T22:33:11.239+0000] {processor.py:840} INFO - DAG(s) 'example_skip_dag' retrieved from /home/airflow/.local/lib/python3.12/site-packages/airflow/example_dags/example_skip_dag.py
[2026-06-11T22:33:11.267+0000] {logging_mixin.py:188} INFO - [2026-06-11T22:33:11.267+0000] {dag.py:3096} INFO - Sync 1 DAGs
[2026-06-11T22:33:11.300+0000] {logging_mixin.py:188} INFO - [2026-06-11T22:33:11.300+0000] {dag.py:3954} INFO - Setting next_dagrun for example_skip_dag to 2026-06-10 00:00:00+00:00, run_after=2026-06-11 00:00:00+00:00
[2026-06-11T22:33:11.322+0000] {processor.py:183} INFO - Processing /home/airflow/.local/lib/python3.12/site-packages/airflow/example_dags/example_skip_dag.py took 0.102 seconds
[2026-06-11T22:33:42.373+0000] {processor.py:161} INFO - Started process (PID=3166) to work on /home/airflow/.local/lib/python3.12/site-packages/airflow/example_dags/example_skip_dag.py
[2026-06-11T22:33:42.374+0000] {processor.py:830} INFO - Processing file /home/airflow/.local/lib/python3.12/site-packages/airflow/example_dags/example_skip_dag.py for tasks to queue
[2026-06-11T22:33:42.375+0000] {logging_mixin.py:188} INFO - [2026-06-11T22:33:42.375+0000] {dagbag.py:545} INFO - Filling up the DagBag from /home/airflow/.local/lib/python3.12/site-packages/airflow/example_dags/example_skip_dag.py
[2026-06-11T22:33:42.381+0000] {processor.py:840} INFO - DAG(s) 'example_skip_dag' retrieved from /home/airflow/.local/lib/python3.12/site-packages/airflow/example_dags/example_skip_dag.py
[2026-06-11T22:33:42.403+0000] {logging_mixin.py:188} INFO - [2026-06-11T22:33:42.403+0000] {dag.py:3096} INFO - Sync 1 DAGs
[2026-06-11T22:33:42.436+0000] {logging_mixin.py:188} INFO - [2026-06-11T22:33:42.436+0000] {dag.py:3954} INFO - Setting next_dagrun for example_skip_dag to 2026-06-10 00:00:00+00:00, run_after=2026-06-11 00:00:00+00:00
[2026-06-11T22:33:42.459+0000] {processor.py:183} INFO - Processing /home/airflow/.local/lib/python3.12/site-packages/airflow/example_dags/example_skip_dag.py took 0.090 seconds
[2026-06-11T22:34:13.747+0000] {processor.py:161} INFO - Started process (PID=3227) to work on /home/airflow/.local/lib/python3.12/site-packages/airflow/example_dags/example_skip_dag.py
[2026-06-11T22:34:13.748+0000] {processor.py:830} INFO - Processing file /home/airflow/.local/lib/python3.12/site-packages/airflow/example_dags/example_skip_dag.py for tasks to queue
[2026-06-11T22:34:13.751+0000] {logging_mixin.py:188} INFO - [2026-06-11T22:34:13.750+0000] {dagbag.py:545} INFO - Filling up the DagBag from /home/airflow/.local/lib/python3.12/site-packages/airflow/example_dags/example_skip_dag.py
[2026-06-11T22:34:13.759+0000] {processor.py:840} INFO - DAG(s) 'example_skip_dag' retrieved from /home/airflow/.local/lib/python3.12/site-packages/airflow/example_dags/example_skip_dag.py
[2026-06-11T22:34:13.786+0000] {logging_mixin.py:188} INFO - [2026-06-11T22:34:13.786+0000] {dag.py:3096} INFO - Sync 1 DAGs
[2026-06-11T22:34:13.815+0000] {logging_mixin.py:188} INFO - [2026-06-11T22:34:13.815+0000] {dag.py:3954} INFO - Setting next_dagrun for example_skip_dag to 2026-06-10 00:00:00+00:00, run_after=2026-06-11 00:00:00+00:00
[2026-06-11T22:34:13.848+0000] {processor.py:183} INFO - Processing /home/airflow/.local/lib/python3.12/site-packages/airflow/example_dags/example_skip_dag.py took 0.113 seconds
[2026-06-11T22:34:44.102+0000] {processor.py:161} INFO - Started process (PID=3288) to work on /home/airflow/.local/lib/python3.12/site-packages/airflow/example_dags/example_skip_dag.py
[2026-06-11T22:34:44.104+0000] {processor.py:830} INFO - Processing file /home/airflow/.local/lib/python3.12/site-packages/airflow/example_dags/example_skip_dag.py for tasks to queue
[2026-06-11T22:34:44.110+0000] {logging_mixin.py:188} INFO - [2026-06-11T22:34:44.109+0000] {dagbag.py:545} INFO - Filling up the DagBag from /home/airflow/.local/lib/python3.12/site-packages/airflow/example_dags/example_skip_dag.py
[2026-06-11T22:34:44.131+0000] {processor.py:840} INFO - DAG(s) 'example_skip_dag' retrieved from /home/airflow/.local/lib/python3.12/site-packages/airflow/example_dags/example_skip_dag.py
[2026-06-11T22:34:44.193+0000] {logging_mixin.py:188} INFO - [2026-06-11T22:34:44.192+0000] {dag.py:3096} INFO - Sync 1 DAGs
[2026-06-11T22:34:44.244+0000] {logging_mixin.py:188} INFO - [2026-06-11T22:34:44.244+0000] {dag.py:3954} INFO - Setting next_dagrun for example_skip_dag to 2026-06-10 00:00:00+00:00, run_after=2026-06-11 00:00:00+00:00
[2026-06-11T22:34:44.269+0000] {processor.py:183} INFO - Processing /home/airflow/.local/lib/python3.12/site-packages/airflow/example_dags/example_skip_dag.py took 0.191 seconds
[2026-06-11T22:35:14.337+0000] {processor.py:161} INFO - Started process (PID=3349) to work on /home/airflow/.local/lib/python3.12/site-packages/airflow/example_dags/example_skip_dag.py
[2026-06-11T22:35:14.337+0000] {processor.py:830} INFO - Processing file /home/airflow/.local/lib/python3.12/site-packages/airflow/example_dags/example_skip_dag.py for tasks to queue
[2026-06-11T22:35:14.339+0000] {logging_mixin.py:188} INFO - [2026-06-11T22:35:14.339+0000] {dagbag.py:545} INFO - Filling up the DagBag from /home/airflow/.local/lib/python3.12/site-packages/airflow/example_dags/example_skip_dag.py
[2026-06-11T22:35:14.346+0000] {processor.py:840} INFO - DAG(s) 'example_skip_dag' retrieved from /home/airflow/.local/lib/python3.12/site-packages/airflow/example_dags/example_skip_dag.py
[2026-06-11T22:35:14.372+0000] {logging_mixin.py:188} INFO - [2026-06-11T22:35:14.372+0000] {dag.py:3096} INFO - Sync 1 DAGs
[2026-06-11T22:35:14.401+0000] {logging_mixin.py:188} INFO - [2026-06-11T22:35:14.401+0000] {dag.py:3954} INFO - Setting next_dagrun for example_skip_dag to 2026-06-10 00:00:00+00:00, run_after=2026-06-11 00:00:00+00:00
[2026-06-11T22:35:14.421+0000] {processor.py:183} INFO - Processing /home/airflow/.local/lib/python3.12/site-packages/airflow/example_dags/example_skip_dag.py took 0.092 seconds
[2026-06-11T22:35:44.957+0000] {processor.py:161} INFO - Started process (PID=3411) to work on /home/airflow/.local/lib/python3.12/site-packages/airflow/example_dags/example_skip_dag.py
[2026-06-11T22:35:44.957+0000] {processor.py:830} INFO - Processing file /home/airflow/.local/lib/python3.12/site-packages/airflow/example_dags/example_skip_dag.py for tasks to queue
[2026-06-11T22:35:44.959+0000] {logging_mixin.py:188} INFO - [2026-06-11T22:35:44.959+0000] {dagbag.py:545} INFO - Filling up the DagBag from /home/airflow/.local/lib/python3.12/site-packages/airflow/example_dags/example_skip_dag.py
[2026-06-11T22:35:44.966+0000] {processor.py:840} INFO - DAG(s) 'example_skip_dag' retrieved from /home/airflow/.local/lib/python3.12/site-packages/airflow/example_dags/example_skip_dag.py
[2026-06-11T22:35:44.992+0000] {logging_mixin.py:188} INFO - [2026-06-11T22:35:44.992+0000] {dag.py:3096} INFO - Sync 1 DAGs
[2026-06-11T22:35:45.021+0000] {logging_mixin.py:188} INFO - [2026-06-11T22:35:45.021+0000] {dag.py:3954} INFO - Setting next_dagrun for example_skip_dag to 2026-06-10 00:00:00+00:00, run_after=2026-06-11 00:00:00+00:00
[2026-06-11T22:35:45.041+0000] {processor.py:183} INFO - Processing /home/airflow/.local/lib/python3.12/site-packages/airflow/example_dags/example_skip_dag.py took 0.092 seconds
[2026-06-11T22:36:16.265+0000] {processor.py:161} INFO - Started process (PID=3473) to work on /home/airflow/.local/lib/python3.12/site-packages/airflow/example_dags/example_skip_dag.py
[2026-06-11T22:36:16.271+0000] {processor.py:830} INFO - Processing file /home/airflow/.local/lib/python3.12/site-packages/airflow/example_dags/example_skip_dag.py for tasks to queue
[2026-06-11T22:36:16.283+0000] {logging_mixin.py:188} INFO - [2026-06-11T22:36:16.279+0000] {dagbag.py:545} INFO - Filling up the DagBag from /home/airflow/.local/lib/python3.12/site-packages/airflow/example_dags/example_skip_dag.py
[2026-06-11T22:36:16.316+0000] {processor.py:840} INFO - DAG(s) 'example_skip_dag' retrieved from /home/airflow/.local/lib/python3.12/site-packages/airflow/example_dags/example_skip_dag.py
[2026-06-11T22:36:16.425+0000] {logging_mixin.py:188} INFO - [2026-06-11T22:36:16.424+0000] {dag.py:3096} INFO - Sync 1 DAGs
[2026-06-11T22:36:16.453+0000] {logging_mixin.py:188} INFO - [2026-06-11T22:36:16.453+0000] {dag.py:3954} INFO - Setting next_dagrun for example_skip_dag to 2026-06-10 00:00:00+00:00, run_after=2026-06-11 00:00:00+00:00
[2026-06-11T22:36:16.476+0000] {processor.py:183} INFO - Processing /home/airflow/.local/lib/python3.12/site-packages/airflow/example_dags/example_skip_dag.py took 0.228 seconds
[2026-06-11T22:36:46.579+0000] {processor.py:161} INFO - Started process (PID=3534) to work on /home/airflow/.local/lib/python3.12/site-packages/airflow/example_dags/example_skip_dag.py
[2026-06-11T22:36:46.580+0000] {processor.py:830} INFO - Processing file /home/airflow/.local/lib/python3.12/site-packages/airflow/example_dags/example_skip_dag.py for tasks to queue
[2026-06-11T22:36:46.582+0000] {logging_mixin.py:188} INFO - [2026-06-11T22:36:46.582+0000] {dagbag.py:545} INFO - Filling up the DagBag from /home/airflow/.local/lib/python3.12/site-packages/airflow/example_dags/example_skip_dag.py
[2026-06-11T22:36:46.589+0000] {processor.py:840} INFO - DAG(s) 'example_skip_dag' retrieved from /home/airflow/.local/lib/python3.12/site-packages/airflow/example_dags/example_skip_dag.py
[2026-06-11T22:36:46.616+0000] {logging_mixin.py:188} INFO - [2026-06-11T22:36:46.616+0000] {dag.py:3096} INFO - Sync 1 DAGs
[2026-06-11T22:36:46.642+0000] {logging_mixin.py:188} INFO - [2026-06-11T22:36:46.642+0000] {dag.py:3954} INFO - Setting next_dagrun for example_skip_dag to 2026-06-10 00:00:00+00:00, run_after=2026-06-11 00:00:00+00:00
[2026-06-11T22:36:46.665+0000] {processor.py:183} INFO - Processing /home/airflow/.local/lib/python3.12/site-packages/airflow/example_dags/example_skip_dag.py took 0.093 seconds
[2026-06-11T22:37:16.759+0000] {processor.py:161} INFO - Started process (PID=3597) to work on /home/airflow/.local/lib/python3.12/site-packages/airflow/example_dags/example_skip_dag.py
[2026-06-11T22:37:16.761+0000] {processor.py:830} INFO - Processing file /home/airflow/.local/lib/python3.12/site-packages/airflow/example_dags/example_skip_dag.py for tasks to queue
[2026-06-11T22:37:16.764+0000] {logging_mixin.py:188} INFO - [2026-06-11T22:37:16.763+0000] {dagbag.py:545} INFO - Filling up the DagBag from /home/airflow/.local/lib/python3.12/site-packages/airflow/example_dags/example_skip_dag.py
[2026-06-11T22:37:16.772+0000] {processor.py:840} INFO - DAG(s) 'example_skip_dag' retrieved from /home/airflow/.local/lib/python3.12/site-packages/airflow/example_dags/example_skip_dag.py
[2026-06-11T22:37:16.804+0000] {logging_mixin.py:188} INFO - [2026-06-11T22:37:16.803+0000] {dag.py:3096} INFO - Sync 1 DAGs
[2026-06-11T22:37:16.831+0000] {logging_mixin.py:188} INFO - [2026-06-11T22:37:16.831+0000] {dag.py:3954} INFO - Setting next_dagrun for example_skip_dag to 2026-06-10 00:00:00+00:00, run_after=2026-06-11 00:00:00+00:00
[2026-06-11T22:37:16.852+0000] {processor.py:183} INFO - Processing /home/airflow/.local/lib/python3.12/site-packages/airflow/example_dags/example_skip_dag.py took 0.101 seconds
[2026-06-11T22:37:47.507+0000] {processor.py:161} INFO - Started process (PID=3659) to work on /home/airflow/.local/lib/python3.12/site-packages/airflow/example_dags/example_skip_dag.py
[2026-06-11T22:37:47.508+0000] {processor.py:830} INFO - Processing file /home/airflow/.local/lib/python3.12/site-packages/airflow/example_dags/example_skip_dag.py for tasks to queue
[2026-06-11T22:37:47.511+0000] {logging_mixin.py:188} INFO - [2026-06-11T22:37:47.511+0000] {dagbag.py:545} INFO - Filling up the DagBag from /home/airflow/.local/lib/python3.12/site-packages/airflow/example_dags/example_skip_dag.py
[2026-06-11T22:37:47.526+0000] {processor.py:840} INFO - DAG(s) 'example_skip_dag' retrieved from /home/airflow/.local/lib/python3.12/site-packages/airflow/example_dags/example_skip_dag.py
[2026-06-11T22:37:47.580+0000] {logging_mixin.py:188} INFO - [2026-06-11T22:37:47.579+0000] {dag.py:3096} INFO - Sync 1 DAGs
[2026-06-11T22:37:47.613+0000] {logging_mixin.py:188} INFO - [2026-06-11T22:37:47.613+0000] {dag.py:3954} INFO - Setting next_dagrun for example_skip_dag to 2026-06-10 00:00:00+00:00, run_after=2026-06-11 00:00:00+00:00
[2026-06-11T22:37:47.641+0000] {processor.py:183} INFO - Processing /home/airflow/.local/lib/python3.12/site-packages/airflow/example_dags/example_skip_dag.py took 0.141 seconds
[2026-06-11T22:38:18.463+0000] {processor.py:161} INFO - Started process (PID=3721) to work on /home/airflow/.local/lib/python3.12/site-packages/airflow/example_dags/example_skip_dag.py
[2026-06-11T22:38:18.464+0000] {processor.py:830} INFO - Processing file /home/airflow/.local/lib/python3.12/site-packages/airflow/example_dags/example_skip_dag.py for tasks to queue
[2026-06-11T22:38:18.466+0000] {logging_mixin.py:188} INFO - [2026-06-11T22:38:18.465+0000] {dagbag.py:545} INFO - Filling up the DagBag from /home/airflow/.local/lib/python3.12/site-packages/airflow/example_dags/example_skip_dag.py
[2026-06-11T22:38:18.481+0000] {processor.py:840} INFO - DAG(s) 'example_skip_dag' retrieved from /home/airflow/.local/lib/python3.12/site-packages/airflow/example_dags/example_skip_dag.py
[2026-06-11T22:38:18.506+0000] {logging_mixin.py:188} INFO - [2026-06-11T22:38:18.506+0000] {dag.py:3096} INFO - Sync 1 DAGs
[2026-06-11T22:38:18.535+0000] {logging_mixin.py:188} INFO - [2026-06-11T22:38:18.535+0000] {dag.py:3954} INFO - Setting next_dagrun for example_skip_dag to 2026-06-10 00:00:00+00:00, run_after=2026-06-11 00:00:00+00:00
[2026-06-11T22:38:18.560+0000] {processor.py:183} INFO - Processing /home/airflow/.local/lib/python3.12/site-packages/airflow/example_dags/example_skip_dag.py took 0.123 seconds
[2026-06-11T22:38:49.272+0000] {processor.py:161} INFO - Started process (PID=3783) to work on /home/airflow/.local/lib/python3.12/site-packages/airflow/example_dags/example_skip_dag.py
[2026-06-11T22:38:49.273+0000] {processor.py:830} INFO - Processing file /home/airflow/.local/lib/python3.12/site-packages/airflow/example_dags/example_skip_dag.py for tasks to queue
[2026-06-11T22:38:49.275+0000] {logging_mixin.py:188} INFO - [2026-06-11T22:38:49.275+0000] {dagbag.py:545} INFO - Filling up the DagBag from /home/airflow/.local/lib/python3.12/site-packages/airflow/example_dags/example_skip_dag.py
[2026-06-11T22:38:49.282+0000] {processor.py:840} INFO - DAG(s) 'example_skip_dag' retrieved from /home/airflow/.local/lib/python3.12/site-packages/airflow/example_dags/example_skip_dag.py
[2026-06-11T22:38:49.309+0000] {logging_mixin.py:188} INFO - [2026-06-11T22:38:49.308+0000] {dag.py:3096} INFO - Sync 1 DAGs
[2026-06-11T22:38:49.336+0000] {logging_mixin.py:188} INFO - [2026-06-11T22:38:49.336+0000] {dag.py:3954} INFO - Setting next_dagrun for example_skip_dag to 2026-06-10 00:00:00+00:00, run_after=2026-06-11 00:00:00+00:00
[2026-06-11T22:38:49.356+0000] {processor.py:183} INFO - Processing /home/airflow/.local/lib/python3.12/site-packages/airflow/example_dags/example_skip_dag.py took 0.091 seconds
[2026-06-11T22:39:19.443+0000] {processor.py:161} INFO - Started process (PID=3844) to work on /home/airflow/.local/lib/python3.12/site-packages/airflow/example_dags/example_skip_dag.py
[2026-06-11T22:39:19.444+0000] {processor.py:830} INFO - Processing file /home/airflow/.local/lib/python3.12/site-packages/airflow/example_dags/example_skip_dag.py for tasks to queue
[2026-06-11T22:39:19.445+0000] {logging_mixin.py:188} INFO - [2026-06-11T22:39:19.445+0000] {dagbag.py:545} INFO - Filling up the DagBag from /home/airflow/.local/lib/python3.12/site-packages/airflow/example_dags/example_skip_dag.py
[2026-06-11T22:39:19.453+0000] {processor.py:840} INFO - DAG(s) 'example_skip_dag' retrieved from /home/airflow/.local/lib/python3.12/site-packages/airflow/example_dags/example_skip_dag.py
[2026-06-11T22:39:19.480+0000] {logging_mixin.py:188} INFO - [2026-06-11T22:39:19.480+0000] {dag.py:3096} INFO - Sync 1 DAGs
[2026-06-11T22:39:19.510+0000] {logging_mixin.py:188} INFO - [2026-06-11T22:39:19.509+0000] {dag.py:3954} INFO - Setting next_dagrun for example_skip_dag to 2026-06-10 00:00:00+00:00, run_after=2026-06-11 00:00:00+00:00
[2026-06-11T22:39:19.532+0000] {processor.py:183} INFO - Processing /home/airflow/.local/lib/python3.12/site-packages/airflow/example_dags/example_skip_dag.py took 0.096 seconds
[2026-06-11T22:39:49.915+0000] {processor.py:161} INFO - Started process (PID=3906) to work on /home/airflow/.local/lib/python3.12/site-packages/airflow/example_dags/example_skip_dag.py
[2026-06-11T22:39:49.916+0000] {processor.py:830} INFO - Processing file /home/airflow/.local/lib/python3.12/site-packages/airflow/example_dags/example_skip_dag.py for tasks to queue
[2026-06-11T22:39:49.917+0000] {logging_mixin.py:188} INFO - [2026-06-11T22:39:49.917+0000] {dagbag.py:545} INFO - Filling up the DagBag from /home/airflow/.local/lib/python3.12/site-packages/airflow/example_dags/example_skip_dag.py
[2026-06-11T22:39:49.923+0000] {processor.py:840} INFO - DAG(s) 'example_skip_dag' retrieved from /home/airflow/.local/lib/python3.12/site-packages/airflow/example_dags/example_skip_dag.py
[2026-06-11T22:39:49.941+0000] {logging_mixin.py:188} INFO - [2026-06-11T22:39:49.940+0000] {dag.py:3096} INFO - Sync 1 DAGs
[2026-06-11T22:39:49.959+0000] {logging_mixin.py:188} INFO - [2026-06-11T22:39:49.959+0000] {dag.py:3954} INFO - Setting next_dagrun for example_skip_dag to 2026-06-10 00:00:00+00:00, run_after=2026-06-11 00:00:00+00:00
[2026-06-11T22:39:49.974+0000] {processor.py:183} INFO - Processing /home/airflow/.local/lib/python3.12/site-packages/airflow/example_dags/example_skip_dag.py took 0.064 seconds
[2026-06-11T22:40:20.804+0000] {processor.py:161} INFO - Started process (PID=3968) to work on /home/airflow/.local/lib/python3.12/site-packages/airflow/example_dags/example_skip_dag.py
[2026-06-11T22:40:20.805+0000] {processor.py:830} INFO - Processing file /home/airflow/.local/lib/python3.12/site-packages/airflow/example_dags/example_skip_dag.py for tasks to queue
[2026-06-11T22:40:20.807+0000] {logging_mixin.py:188} INFO - [2026-06-11T22:40:20.806+0000] {dagbag.py:545} INFO - Filling up the DagBag from /home/airflow/.local/lib/python3.12/site-packages/airflow/example_dags/example_skip_dag.py
[2026-06-11T22:40:20.815+0000] {processor.py:840} INFO - DAG(s) 'example_skip_dag' retrieved from /home/airflow/.local/lib/python3.12/site-packages/airflow/example_dags/example_skip_dag.py
[2026-06-11T22:40:20.845+0000] {logging_mixin.py:188} INFO - [2026-06-11T22:40:20.845+0000] {dag.py:3096} INFO - Sync 1 DAGs
[2026-06-11T22:40:20.884+0000] {logging_mixin.py:188} INFO - [2026-06-11T22:40:20.884+0000] {dag.py:3954} INFO - Setting next_dagrun for example_skip_dag to 2026-06-10 00:00:00+00:00, run_after=2026-06-11 00:00:00+00:00
[2026-06-11T22:40:20.916+0000] {processor.py:183} INFO - Processing /home/airflow/.local/lib/python3.12/site-packages/airflow/example_dags/example_skip_dag.py took 0.131 seconds
[2026-06-11T22:40:51.870+0000] {processor.py:161} INFO - Started process (PID=4030) to work on /home/airflow/.local/lib/python3.12/site-packages/airflow/example_dags/example_skip_dag.py
[2026-06-11T22:40:51.871+0000] {processor.py:830} INFO - Processing file /home/airflow/.local/lib/python3.12/site-packages/airflow/example_dags/example_skip_dag.py for tasks to queue
[2026-06-11T22:40:51.873+0000] {logging_mixin.py:188} INFO - [2026-06-11T22:40:51.872+0000] {dagbag.py:545} INFO - Filling up the DagBag from /home/airflow/.local/lib/python3.12/site-packages/airflow/example_dags/example_skip_dag.py
[2026-06-11T22:40:51.880+0000] {processor.py:840} INFO - DAG(s) 'example_skip_dag' retrieved from /home/airflow/.local/lib/python3.12/site-packages/airflow/example_dags/example_skip_dag.py
[2026-06-11T22:40:51.908+0000] {logging_mixin.py:188} INFO - [2026-06-11T22:40:51.908+0000] {dag.py:3096} INFO - Sync 1 DAGs
[2026-06-11T22:40:51.937+0000] {logging_mixin.py:188} INFO - [2026-06-11T22:40:51.937+0000] {dag.py:3954} INFO - Setting next_dagrun for example_skip_dag to 2026-06-10 00:00:00+00:00, run_after=2026-06-11 00:00:00+00:00
[2026-06-11T22:40:51.958+0000] {processor.py:183} INFO - Processing /home/airflow/.local/lib/python3.12/site-packages/airflow/example_dags/example_skip_dag.py took 0.094 seconds
[2026-06-11T22:41:22.522+0000] {processor.py:161} INFO - Started process (PID=4092) to work on /home/airflow/.local/lib/python3.12/site-packages/airflow/example_dags/example_skip_dag.py
[2026-06-11T22:41:22.522+0000] {processor.py:830} INFO - Processing file /home/airflow/.local/lib/python3.12/site-packages/airflow/example_dags/example_skip_dag.py for tasks to queue
[2026-06-11T22:41:22.524+0000] {logging_mixin.py:188} INFO - [2026-06-11T22:41:22.524+0000] {dagbag.py:545} INFO - Filling up the DagBag from /home/airflow/.local/lib/python3.12/site-packages/airflow/example_dags/example_skip_dag.py
[2026-06-11T22:41:22.532+0000] {processor.py:840} INFO - DAG(s) 'example_skip_dag' retrieved from /home/airflow/.local/lib/python3.12/site-packages/airflow/example_dags/example_skip_dag.py
[2026-06-11T22:41:22.561+0000] {logging_mixin.py:188} INFO - [2026-06-11T22:41:22.561+0000] {dag.py:3096} INFO - Sync 1 DAGs
[2026-06-11T22:41:22.652+0000] {logging_mixin.py:188} INFO - [2026-06-11T22:41:22.652+0000] {dag.py:3954} INFO - Setting next_dagrun for example_skip_dag to 2026-06-10 00:00:00+00:00, run_after=2026-06-11 00:00:00+00:00
[2026-06-11T22:41:22.720+0000] {processor.py:183} INFO - Processing /home/airflow/.local/lib/python3.12/site-packages/airflow/example_dags/example_skip_dag.py took 0.206 seconds
[2026-06-11T22:41:53.072+0000] {processor.py:161} INFO - Started process (PID=4154) to work on /home/airflow/.local/lib/python3.12/site-packages/airflow/example_dags/example_skip_dag.py
[2026-06-11T22:41:53.073+0000] {processor.py:830} INFO - Processing file /home/airflow/.local/lib/python3.12/site-packages/airflow/example_dags/example_skip_dag.py for tasks to queue
[2026-06-11T22:41:53.075+0000] {logging_mixin.py:188} INFO - [2026-06-11T22:41:53.075+0000] {dagbag.py:545} INFO - Filling up the DagBag from /home/airflow/.local/lib/python3.12/site-packages/airflow/example_dags/example_skip_dag.py
[2026-06-11T22:41:53.083+0000] {processor.py:840} INFO - DAG(s) 'example_skip_dag' retrieved from /home/airflow/.local/lib/python3.12/site-packages/airflow/example_dags/example_skip_dag.py
[2026-06-11T22:41:53.109+0000] {logging_mixin.py:188} INFO - [2026-06-11T22:41:53.108+0000] {dag.py:3096} INFO - Sync 1 DAGs
[2026-06-11T22:41:53.137+0000] {logging_mixin.py:188} INFO - [2026-06-11T22:41:53.136+0000] {dag.py:3954} INFO - Setting next_dagrun for example_skip_dag to 2026-06-10 00:00:00+00:00, run_after=2026-06-11 00:00:00+00:00
[2026-06-11T22:41:53.164+0000] {processor.py:183} INFO - Processing /home/airflow/.local/lib/python3.12/site-packages/airflow/example_dags/example_skip_dag.py took 0.098 seconds
[2026-06-11T22:42:23.521+0000] {processor.py:161} INFO - Started process (PID=4216) to work on /home/airflow/.local/lib/python3.12/site-packages/airflow/example_dags/example_skip_dag.py
[2026-06-11T22:42:23.525+0000] {processor.py:830} INFO - Processing file /home/airflow/.local/lib/python3.12/site-packages/airflow/example_dags/example_skip_dag.py for tasks to queue
[2026-06-11T22:42:23.531+0000] {logging_mixin.py:188} INFO - [2026-06-11T22:42:23.530+0000] {dagbag.py:545} INFO - Filling up the DagBag from /home/airflow/.local/lib/python3.12/site-packages/airflow/example_dags/example_skip_dag.py
[2026-06-11T22:42:23.548+0000] {processor.py:840} INFO - DAG(s) 'example_skip_dag' retrieved from /home/airflow/.local/lib/python3.12/site-packages/airflow/example_dags/example_skip_dag.py
[2026-06-11T22:42:23.593+0000] {logging_mixin.py:188} INFO - [2026-06-11T22:42:23.593+0000] {dag.py:3096} INFO - Sync 1 DAGs
[2026-06-11T22:42:23.626+0000] {logging_mixin.py:188} INFO - [2026-06-11T22:42:23.626+0000] {dag.py:3954} INFO - Setting next_dagrun for example_skip_dag to 2026-06-10 00:00:00+00:00, run_after=2026-06-11 00:00:00+00:00
[2026-06-11T22:42:23.647+0000] {processor.py:183} INFO - Processing /home/airflow/.local/lib/python3.12/site-packages/airflow/example_dags/example_skip_dag.py took 0.159 seconds
[2026-06-11T22:42:53.942+0000] {processor.py:161} INFO - Started process (PID=4278) to work on /home/airflow/.local/lib/python3.12/site-packages/airflow/example_dags/example_skip_dag.py
[2026-06-11T22:42:53.943+0000] {processor.py:830} INFO - Processing file /home/airflow/.local/lib/python3.12/site-packages/airflow/example_dags/example_skip_dag.py for tasks to queue
[2026-06-11T22:42:53.945+0000] {logging_mixin.py:188} INFO - [2026-06-11T22:42:53.945+0000] {dagbag.py:545} INFO - Filling up the DagBag from /home/airflow/.local/lib/python3.12/site-packages/airflow/example_dags/example_skip_dag.py
[2026-06-11T22:42:53.953+0000] {processor.py:840} INFO - DAG(s) 'example_skip_dag' retrieved from /home/airflow/.local/lib/python3.12/site-packages/airflow/example_dags/example_skip_dag.py
[2026-06-11T22:42:53.980+0000] {logging_mixin.py:188} INFO - [2026-06-11T22:42:53.979+0000] {dag.py:3096} INFO - Sync 1 DAGs
[2026-06-11T22:42:54.007+0000] {logging_mixin.py:188} INFO - [2026-06-11T22:42:54.007+0000] {dag.py:3954} INFO - Setting next_dagrun for example_skip_dag to 2026-06-10 00:00:00+00:00, run_after=2026-06-11 00:00:00+00:00
[2026-06-11T22:42:54.036+0000] {processor.py:183} INFO - Processing /home/airflow/.local/lib/python3.12/site-packages/airflow/example_dags/example_skip_dag.py took 0.100 seconds
[2026-06-11T22:43:24.152+0000] {processor.py:161} INFO - Started process (PID=4340) to work on /home/airflow/.local/lib/python3.12/site-packages/airflow/example_dags/example_skip_dag.py
[2026-06-11T22:43:24.152+0000] {processor.py:830} INFO - Processing file /home/airflow/.local/lib/python3.12/site-packages/airflow/example_dags/example_skip_dag.py for tasks to queue
[2026-06-11T22:43:24.154+0000] {logging_mixin.py:188} INFO - [2026-06-11T22:43:24.154+0000] {dagbag.py:545} INFO - Filling up the DagBag from /home/airflow/.local/lib/python3.12/site-packages/airflow/example_dags/example_skip_dag.py
[2026-06-11T22:43:24.163+0000] {processor.py:840} INFO - DAG(s) 'example_skip_dag' retrieved from /home/airflow/.local/lib/python3.12/site-packages/airflow/example_dags/example_skip_dag.py
[2026-06-11T22:43:24.189+0000] {logging_mixin.py:188} INFO - [2026-06-11T22:43:24.189+0000] {dag.py:3096} INFO - Sync 1 DAGs
[2026-06-11T22:43:24.220+0000] {logging_mixin.py:188} INFO - [2026-06-11T22:43:24.220+0000] {dag.py:3954} INFO - Setting next_dagrun for example_skip_dag to 2026-06-10 00:00:00+00:00, run_after=2026-06-11 00:00:00+00:00
[2026-06-11T22:43:24.242+0000] {processor.py:183} INFO - Processing /home/airflow/.local/lib/python3.12/site-packages/airflow/example_dags/example_skip_dag.py took 0.096 seconds
[2026-06-11T22:43:54.486+0000] {processor.py:161} INFO - Started process (PID=4402) to work on /home/airflow/.local/lib/python3.12/site-packages/airflow/example_dags/example_skip_dag.py
[2026-06-11T22:43:54.487+0000] {processor.py:830} INFO - Processing file /home/airflow/.local/lib/python3.12/site-packages/airflow/example_dags/example_skip_dag.py for tasks to queue
[2026-06-11T22:43:54.489+0000] {logging_mixin.py:188} INFO - [2026-06-11T22:43:54.489+0000] {dagbag.py:545} INFO - Filling up the DagBag from /home/airflow/.local/lib/python3.12/site-packages/airflow/example_dags/example_skip_dag.py
[2026-06-11T22:43:54.497+0000] {processor.py:840} INFO - DAG(s) 'example_skip_dag' retrieved from /home/airflow/.local/lib/python3.12/site-packages/airflow/example_dags/example_skip_dag.py
[2026-06-11T22:43:54.524+0000] {logging_mixin.py:188} INFO - [2026-06-11T22:43:54.523+0000] {dag.py:3096} INFO - Sync 1 DAGs
[2026-06-11T22:43:54.551+0000] {logging_mixin.py:188} INFO - [2026-06-11T22:43:54.551+0000] {dag.py:3954} INFO - Setting next_dagrun for example_skip_dag to 2026-06-10 00:00:00+00:00, run_after=2026-06-11 00:00:00+00:00
[2026-06-11T22:43:54.578+0000] {processor.py:183} INFO - Processing /home/airflow/.local/lib/python3.12/site-packages/airflow/example_dags/example_skip_dag.py took 0.098 seconds
[2026-06-11T22:44:25.249+0000] {processor.py:161} INFO - Started process (PID=4464) to work on /home/airflow/.local/lib/python3.12/site-packages/airflow/example_dags/example_skip_dag.py
[2026-06-11T22:44:25.252+0000] {processor.py:830} INFO - Processing file /home/airflow/.local/lib/python3.12/site-packages/airflow/example_dags/example_skip_dag.py for tasks to queue
[2026-06-11T22:44:25.255+0000] {logging_mixin.py:188} INFO - [2026-06-11T22:44:25.255+0000] {dagbag.py:545} INFO - Filling up the DagBag from /home/airflow/.local/lib/python3.12/site-packages/airflow/example_dags/example_skip_dag.py
[2026-06-11T22:44:25.269+0000] {processor.py:840} INFO - DAG(s) 'example_skip_dag' retrieved from /home/airflow/.local/lib/python3.12/site-packages/airflow/example_dags/example_skip_dag.py
[2026-06-11T22:44:25.309+0000] {logging_mixin.py:188} INFO - [2026-06-11T22:44:25.309+0000] {dag.py:3096} INFO - Sync 1 DAGs
[2026-06-11T22:44:25.338+0000] {logging_mixin.py:188} INFO - [2026-06-11T22:44:25.338+0000] {dag.py:3954} INFO - Setting next_dagrun for example_skip_dag to 2026-06-10 00:00:00+00:00, run_after=2026-06-11 00:00:00+00:00
[2026-06-11T22:44:25.358+0000] {processor.py:183} INFO - Processing /home/airflow/.local/lib/python3.12/site-packages/airflow/example_dags/example_skip_dag.py took 0.135 seconds
[2026-06-11T22:44:55.785+0000] {processor.py:161} INFO - Started process (PID=4525) to work on /home/airflow/.local/lib/python3.12/site-packages/airflow/example_dags/example_skip_dag.py
[2026-06-11T22:44:55.786+0000] {processor.py:830} INFO - Processing file /home/airflow/.local/lib/python3.12/site-packages/airflow/example_dags/example_skip_dag.py for tasks to queue
[2026-06-11T22:44:55.788+0000] {logging_mixin.py:188} INFO - [2026-06-11T22:44:55.788+0000] {dagbag.py:545} INFO - Filling up the DagBag from /home/airflow/.local/lib/python3.12/site-packages/airflow/example_dags/example_skip_dag.py
[2026-06-11T22:44:55.798+0000] {processor.py:840} INFO - DAG(s) 'example_skip_dag' retrieved from /home/airflow/.local/lib/python3.12/site-packages/airflow/example_dags/example_skip_dag.py
[2026-06-11T22:44:55.828+0000] {logging_mixin.py:188} INFO - [2026-06-11T22:44:55.828+0000] {dag.py:3096} INFO - Sync 1 DAGs
[2026-06-11T22:44:55.856+0000] {logging_mixin.py:188} INFO - [2026-06-11T22:44:55.856+0000] {dag.py:3954} INFO - Setting next_dagrun for example_skip_dag to 2026-06-10 00:00:00+00:00, run_after=2026-06-11 00:00:00+00:00
[2026-06-11T22:44:55.880+0000] {processor.py:183} INFO - Processing /home/airflow/.local/lib/python3.12/site-packages/airflow/example_dags/example_skip_dag.py took 0.111 seconds
[2026-06-11T22:45:25.982+0000] {processor.py:161} INFO - Started process (PID=4585) to work on /home/airflow/.local/lib/python3.12/site-packages/airflow/example_dags/example_skip_dag.py
[2026-06-11T22:45:25.983+0000] {processor.py:830} INFO - Processing file /home/airflow/.local/lib/python3.12/site-packages/airflow/example_dags/example_skip_dag.py for tasks to queue
[2026-06-11T22:45:25.985+0000] {logging_mixin.py:188} INFO - [2026-06-11T22:45:25.984+0000] {dagbag.py:545} INFO - Filling up the DagBag from /home/airflow/.local/lib/python3.12/site-packages/airflow/example_dags/example_skip_dag.py
[2026-06-11T22:45:25.993+0000] {processor.py:840} INFO - DAG(s) 'example_skip_dag' retrieved from /home/airflow/.local/lib/python3.12/site-packages/airflow/example_dags/example_skip_dag.py
[2026-06-11T22:45:26.018+0000] {logging_mixin.py:188} INFO - [2026-06-11T22:45:26.018+0000] {dag.py:3096} INFO - Sync 1 DAGs
[2026-06-11T22:45:26.047+0000] {logging_mixin.py:188} INFO - [2026-06-11T22:45:26.047+0000] {dag.py:3954} INFO - Setting next_dagrun for example_skip_dag to 2026-06-10 00:00:00+00:00, run_after=2026-06-11 00:00:00+00:00
[2026-06-11T22:45:26.069+0000] {processor.py:183} INFO - Processing /home/airflow/.local/lib/python3.12/site-packages/airflow/example_dags/example_skip_dag.py took 0.094 seconds
[2026-06-11T22:45:56.546+0000] {processor.py:161} INFO - Started process (PID=4646) to work on /home/airflow/.local/lib/python3.12/site-packages/airflow/example_dags/example_skip_dag.py
[2026-06-11T22:45:56.550+0000] {processor.py:830} INFO - Processing file /home/airflow/.local/lib/python3.12/site-packages/airflow/example_dags/example_skip_dag.py for tasks to queue
[2026-06-11T22:45:56.555+0000] {logging_mixin.py:188} INFO - [2026-06-11T22:45:56.555+0000] {dagbag.py:545} INFO - Filling up the DagBag from /home/airflow/.local/lib/python3.12/site-packages/airflow/example_dags/example_skip_dag.py
[2026-06-11T22:45:56.563+0000] {processor.py:840} INFO - DAG(s) 'example_skip_dag' retrieved from /home/airflow/.local/lib/python3.12/site-packages/airflow/example_dags/example_skip_dag.py
[2026-06-11T22:45:56.590+0000] {logging_mixin.py:188} INFO - [2026-06-11T22:45:56.590+0000] {dag.py:3096} INFO - Sync 1 DAGs
[2026-06-11T22:45:56.619+0000] {logging_mixin.py:188} INFO - [2026-06-11T22:45:56.618+0000] {dag.py:3954} INFO - Setting next_dagrun for example_skip_dag to 2026-06-10 00:00:00+00:00, run_after=2026-06-11 00:00:00+00:00
[2026-06-11T22:45:56.638+0000] {processor.py:183} INFO - Processing /home/airflow/.local/lib/python3.12/site-packages/airflow/example_dags/example_skip_dag.py took 0.098 seconds
[2026-06-11T22:46:26.917+0000] {processor.py:161} INFO - Started process (PID=4708) to work on /home/airflow/.local/lib/python3.12/site-packages/airflow/example_dags/example_skip_dag.py
[2026-06-11T22:46:26.917+0000] {processor.py:830} INFO - Processing file /home/airflow/.local/lib/python3.12/site-packages/airflow/example_dags/example_skip_dag.py for tasks to queue
[2026-06-11T22:46:26.919+0000] {logging_mixin.py:188} INFO - [2026-06-11T22:46:26.919+0000] {dagbag.py:545} INFO - Filling up the DagBag from /home/airflow/.local/lib/python3.12/site-packages/airflow/example_dags/example_skip_dag.py
[2026-06-11T22:46:26.927+0000] {processor.py:840} INFO - DAG(s) 'example_skip_dag' retrieved from /home/airflow/.local/lib/python3.12/site-packages/airflow/example_dags/example_skip_dag.py
[2026-06-11T22:46:26.959+0000] {logging_mixin.py:188} INFO - [2026-06-11T22:46:26.959+0000] {dag.py:3096} INFO - Sync 1 DAGs
[2026-06-11T22:46:26.991+0000] {logging_mixin.py:188} INFO - [2026-06-11T22:46:26.991+0000] {dag.py:3954} INFO - Setting next_dagrun for example_skip_dag to 2026-06-10 00:00:00+00:00, run_after=2026-06-11 00:00:00+00:00
[2026-06-11T22:46:27.011+0000] {processor.py:183} INFO - Processing /home/airflow/.local/lib/python3.12/site-packages/airflow/example_dags/example_skip_dag.py took 0.101 seconds
[2026-06-11T22:46:57.166+0000] {processor.py:161} INFO - Started process (PID=4769) to work on /home/airflow/.local/lib/python3.12/site-packages/airflow/example_dags/example_skip_dag.py
[2026-06-11T22:46:57.169+0000] {processor.py:830} INFO - Processing file /home/airflow/.local/lib/python3.12/site-packages/airflow/example_dags/example_skip_dag.py for tasks to queue
[2026-06-11T22:46:57.173+0000] {logging_mixin.py:188} INFO - [2026-06-11T22:46:57.172+0000] {dagbag.py:545} INFO - Filling up the DagBag from /home/airflow/.local/lib/python3.12/site-packages/airflow/example_dags/example_skip_dag.py
[2026-06-11T22:46:57.187+0000] {processor.py:840} INFO - DAG(s) 'example_skip_dag' retrieved from /home/airflow/.local/lib/python3.12/site-packages/airflow/example_dags/example_skip_dag.py
[2026-06-11T22:46:57.252+0000] {logging_mixin.py:188} INFO - [2026-06-11T22:46:57.251+0000] {dag.py:3096} INFO - Sync 1 DAGs
[2026-06-11T22:46:57.297+0000] {logging_mixin.py:188} INFO - [2026-06-11T22:46:57.296+0000] {dag.py:3954} INFO - Setting next_dagrun for example_skip_dag to 2026-06-10 00:00:00+00:00, run_after=2026-06-11 00:00:00+00:00
[2026-06-11T22:46:57.337+0000] {processor.py:183} INFO - Processing /home/airflow/.local/lib/python3.12/site-packages/airflow/example_dags/example_skip_dag.py took 0.185 seconds
[2026-06-11T22:47:27.702+0000] {processor.py:161} INFO - Started process (PID=4831) to work on /home/airflow/.local/lib/python3.12/site-packages/airflow/example_dags/example_skip_dag.py
[2026-06-11T22:47:27.703+0000] {processor.py:830} INFO - Processing file /home/airflow/.local/lib/python3.12/site-packages/airflow/example_dags/example_skip_dag.py for tasks to queue
[2026-06-11T22:47:27.705+0000] {logging_mixin.py:188} INFO - [2026-06-11T22:47:27.704+0000] {dagbag.py:545} INFO - Filling up the DagBag from /home/airflow/.local/lib/python3.12/site-packages/airflow/example_dags/example_skip_dag.py
[2026-06-11T22:47:27.715+0000] {processor.py:840} INFO - DAG(s) 'example_skip_dag' retrieved from /home/airflow/.local/lib/python3.12/site-packages/airflow/example_dags/example_skip_dag.py
[2026-06-11T22:47:27.762+0000] {logging_mixin.py:188} INFO - [2026-06-11T22:47:27.762+0000] {dag.py:3096} INFO - Sync 1 DAGs
[2026-06-11T22:47:27.790+0000] {logging_mixin.py:188} INFO - [2026-06-11T22:47:27.790+0000] {dag.py:3954} INFO - Setting next_dagrun for example_skip_dag to 2026-06-10 00:00:00+00:00, run_after=2026-06-11 00:00:00+00:00
[2026-06-11T22:47:27.815+0000] {processor.py:183} INFO - Processing /home/airflow/.local/lib/python3.12/site-packages/airflow/example_dags/example_skip_dag.py took 0.120 seconds
[2026-06-11T22:47:58.173+0000] {processor.py:161} INFO - Started process (PID=4893) to work on /home/airflow/.local/lib/python3.12/site-packages/airflow/example_dags/example_skip_dag.py
[2026-06-11T22:47:58.175+0000] {processor.py:830} INFO - Processing file /home/airflow/.local/lib/python3.12/site-packages/airflow/example_dags/example_skip_dag.py for tasks to queue
[2026-06-11T22:47:58.177+0000] {logging_mixin.py:188} INFO - [2026-06-11T22:47:58.176+0000] {dagbag.py:545} INFO - Filling up the DagBag from /home/airflow/.local/lib/python3.12/site-packages/airflow/example_dags/example_skip_dag.py
[2026-06-11T22:47:58.185+0000] {processor.py:840} INFO - DAG(s) 'example_skip_dag' retrieved from /home/airflow/.local/lib/python3.12/site-packages/airflow/example_dags/example_skip_dag.py
[2026-06-11T22:47:58.212+0000] {logging_mixin.py:188} INFO - [2026-06-11T22:47:58.212+0000] {dag.py:3096} INFO - Sync 1 DAGs
[2026-06-11T22:47:58.240+0000] {logging_mixin.py:188} INFO - [2026-06-11T22:47:58.240+0000] {dag.py:3954} INFO - Setting next_dagrun for example_skip_dag to 2026-06-10 00:00:00+00:00, run_after=2026-06-11 00:00:00+00:00
[2026-06-11T22:47:58.259+0000] {processor.py:183} INFO - Processing /home/airflow/.local/lib/python3.12/site-packages/airflow/example_dags/example_skip_dag.py took 0.093 seconds
[2026-06-11T22:48:28.873+0000] {processor.py:161} INFO - Started process (PID=4955) to work on /home/airflow/.local/lib/python3.12/site-packages/airflow/example_dags/example_skip_dag.py
[2026-06-11T22:48:28.876+0000] {processor.py:830} INFO - Processing file /home/airflow/.local/lib/python3.12/site-packages/airflow/example_dags/example_skip_dag.py for tasks to queue
[2026-06-11T22:48:28.878+0000] {logging_mixin.py:188} INFO - [2026-06-11T22:48:28.878+0000] {dagbag.py:545} INFO - Filling up the DagBag from /home/airflow/.local/lib/python3.12/site-packages/airflow/example_dags/example_skip_dag.py
[2026-06-11T22:48:28.890+0000] {processor.py:840} INFO - DAG(s) 'example_skip_dag' retrieved from /home/airflow/.local/lib/python3.12/site-packages/airflow/example_dags/example_skip_dag.py
[2026-06-11T22:48:28.922+0000] {logging_mixin.py:188} INFO - [2026-06-11T22:48:28.921+0000] {dag.py:3096} INFO - Sync 1 DAGs
[2026-06-11T22:48:28.952+0000] {logging_mixin.py:188} INFO - [2026-06-11T22:48:28.951+0000] {dag.py:3954} INFO - Setting next_dagrun for example_skip_dag to 2026-06-10 00:00:00+00:00, run_after=2026-06-11 00:00:00+00:00
[2026-06-11T22:48:28.972+0000] {processor.py:183} INFO - Processing /home/airflow/.local/lib/python3.12/site-packages/airflow/example_dags/example_skip_dag.py took 0.106 seconds
[2026-06-11T22:48:59.762+0000] {processor.py:161} INFO - Started process (PID=5016) to work on /home/airflow/.local/lib/python3.12/site-packages/airflow/example_dags/example_skip_dag.py
[2026-06-11T22:48:59.763+0000] {processor.py:830} INFO - Processing file /home/airflow/.local/lib/python3.12/site-packages/airflow/example_dags/example_skip_dag.py for tasks to queue
[2026-06-11T22:48:59.765+0000] {logging_mixin.py:188} INFO - [2026-06-11T22:48:59.765+0000] {dagbag.py:545} INFO - Filling up the DagBag from /home/airflow/.local/lib/python3.12/site-packages/airflow/example_dags/example_skip_dag.py
[2026-06-11T22:48:59.773+0000] {processor.py:840} INFO - DAG(s) 'example_skip_dag' retrieved from /home/airflow/.local/lib/python3.12/site-packages/airflow/example_dags/example_skip_dag.py
[2026-06-11T22:48:59.802+0000] {logging_mixin.py:188} INFO - [2026-06-11T22:48:59.801+0000] {dag.py:3096} INFO - Sync 1 DAGs
[2026-06-11T22:48:59.830+0000] {logging_mixin.py:188} INFO - [2026-06-11T22:48:59.830+0000] {dag.py:3954} INFO - Setting next_dagrun for example_skip_dag to 2026-06-10 00:00:00+00:00, run_after=2026-06-11 00:00:00+00:00
[2026-06-11T22:48:59.851+0000] {processor.py:183} INFO - Processing /home/airflow/.local/lib/python3.12/site-packages/airflow/example_dags/example_skip_dag.py took 0.095 seconds
[2026-06-11T22:49:30.184+0000] {processor.py:161} INFO - Started process (PID=5078) to work on /home/airflow/.local/lib/python3.12/site-packages/airflow/example_dags/example_skip_dag.py
[2026-06-11T22:49:30.185+0000] {processor.py:830} INFO - Processing file /home/airflow/.local/lib/python3.12/site-packages/airflow/example_dags/example_skip_dag.py for tasks to queue
[2026-06-11T22:49:30.187+0000] {logging_mixin.py:188} INFO - [2026-06-11T22:49:30.186+0000] {dagbag.py:545} INFO - Filling up the DagBag from /home/airflow/.local/lib/python3.12/site-packages/airflow/example_dags/example_skip_dag.py
[2026-06-11T22:49:30.195+0000] {processor.py:840} INFO - DAG(s) 'example_skip_dag' retrieved from /home/airflow/.local/lib/python3.12/site-packages/airflow/example_dags/example_skip_dag.py
[2026-06-11T22:49:30.224+0000] {logging_mixin.py:188} INFO - [2026-06-11T22:49:30.224+0000] {dag.py:3096} INFO - Sync 1 DAGs
[2026-06-11T22:49:30.255+0000] {logging_mixin.py:188} INFO - [2026-06-11T22:49:30.255+0000] {dag.py:3954} INFO - Setting next_dagrun for example_skip_dag to 2026-06-10 00:00:00+00:00, run_after=2026-06-11 00:00:00+00:00
[2026-06-11T22:49:30.274+0000] {processor.py:183} INFO - Processing /home/airflow/.local/lib/python3.12/site-packages/airflow/example_dags/example_skip_dag.py took 0.097 seconds
[2026-06-11T22:50:00.569+0000] {processor.py:161} INFO - Started process (PID=5139) to work on /home/airflow/.local/lib/python3.12/site-packages/airflow/example_dags/example_skip_dag.py
[2026-06-11T22:50:00.574+0000] {processor.py:830} INFO - Processing file /home/airflow/.local/lib/python3.12/site-packages/airflow/example_dags/example_skip_dag.py for tasks to queue
[2026-06-11T22:50:00.579+0000] {logging_mixin.py:188} INFO - [2026-06-11T22:50:00.576+0000] {dagbag.py:545} INFO - Filling up the DagBag from /home/airflow/.local/lib/python3.12/site-packages/airflow/example_dags/example_skip_dag.py
[2026-06-11T22:50:00.587+0000] {processor.py:840} INFO - DAG(s) 'example_skip_dag' retrieved from /home/airflow/.local/lib/python3.12/site-packages/airflow/example_dags/example_skip_dag.py
[2026-06-11T22:50:00.617+0000] {logging_mixin.py:188} INFO - [2026-06-11T22:50:00.617+0000] {dag.py:3096} INFO - Sync 1 DAGs
[2026-06-11T22:50:00.649+0000] {logging_mixin.py:188} INFO - [2026-06-11T22:50:00.648+0000] {dag.py:3954} INFO - Setting next_dagrun for example_skip_dag to 2026-06-10 00:00:00+00:00, run_after=2026-06-11 00:00:00+00:00
[2026-06-11T22:50:00.671+0000] {processor.py:183} INFO - Processing /home/airflow/.local/lib/python3.12/site-packages/airflow/example_dags/example_skip_dag.py took 0.112 seconds
[2026-06-11T22:50:30.919+0000] {processor.py:161} INFO - Started process (PID=5201) to work on /home/airflow/.local/lib/python3.12/site-packages/airflow/example_dags/example_skip_dag.py
[2026-06-11T22:50:30.920+0000] {processor.py:830} INFO - Processing file /home/airflow/.local/lib/python3.12/site-packages/airflow/example_dags/example_skip_dag.py for tasks to queue
[2026-06-11T22:50:30.922+0000] {logging_mixin.py:188} INFO - [2026-06-11T22:50:30.922+0000] {dagbag.py:545} INFO - Filling up the DagBag from /home/airflow/.local/lib/python3.12/site-packages/airflow/example_dags/example_skip_dag.py
[2026-06-11T22:50:30.936+0000] {processor.py:840} INFO - DAG(s) 'example_skip_dag' retrieved from /home/airflow/.local/lib/python3.12/site-packages/airflow/example_dags/example_skip_dag.py
[2026-06-11T22:50:30.968+0000] {logging_mixin.py:188} INFO - [2026-06-11T22:50:30.968+0000] {dag.py:3096} INFO - Sync 1 DAGs
[2026-06-11T22:50:30.996+0000] {logging_mixin.py:188} INFO - [2026-06-11T22:50:30.996+0000] {dag.py:3954} INFO - Setting next_dagrun for example_skip_dag to 2026-06-10 00:00:00+00:00, run_after=2026-06-11 00:00:00+00:00
[2026-06-11T22:50:31.015+0000] {processor.py:183} INFO - Processing /home/airflow/.local/lib/python3.12/site-packages/airflow/example_dags/example_skip_dag.py took 0.107 seconds
[2026-06-11T22:51:01.387+0000] {processor.py:161} INFO - Started process (PID=5263) to work on /home/airflow/.local/lib/python3.12/site-packages/airflow/example_dags/example_skip_dag.py
[2026-06-11T22:51:01.388+0000] {processor.py:830} INFO - Processing file /home/airflow/.local/lib/python3.12/site-packages/airflow/example_dags/example_skip_dag.py for tasks to queue
[2026-06-11T22:51:01.398+0000] {logging_mixin.py:188} INFO - [2026-06-11T22:51:01.397+0000] {dagbag.py:545} INFO - Filling up the DagBag from /home/airflow/.local/lib/python3.12/site-packages/airflow/example_dags/example_skip_dag.py
[2026-06-11T22:51:01.422+0000] {processor.py:840} INFO - DAG(s) 'example_skip_dag' retrieved from /home/airflow/.local/lib/python3.12/site-packages/airflow/example_dags/example_skip_dag.py
[2026-06-11T22:51:01.489+0000] {logging_mixin.py:188} INFO - [2026-06-11T22:51:01.488+0000] {dag.py:3096} INFO - Sync 1 DAGs
[2026-06-11T22:51:01.563+0000] {logging_mixin.py:188} INFO - [2026-06-11T22:51:01.563+0000] {dag.py:3954} INFO - Setting next_dagrun for example_skip_dag to 2026-06-10 00:00:00+00:00, run_after=2026-06-11 00:00:00+00:00
[2026-06-11T22:51:01.620+0000] {processor.py:183} INFO - Processing /home/airflow/.local/lib/python3.12/site-packages/airflow/example_dags/example_skip_dag.py took 0.260 seconds
[2026-06-11T22:51:32.225+0000] {processor.py:161} INFO - Started process (PID=5325) to work on /home/airflow/.local/lib/python3.12/site-packages/airflow/example_dags/example_skip_dag.py
[2026-06-11T22:51:32.226+0000] {processor.py:830} INFO - Processing file /home/airflow/.local/lib/python3.12/site-packages/airflow/example_dags/example_skip_dag.py for tasks to queue
[2026-06-11T22:51:32.228+0000] {logging_mixin.py:188} INFO - [2026-06-11T22:51:32.227+0000] {dagbag.py:545} INFO - Filling up the DagBag from /home/airflow/.local/lib/python3.12/site-packages/airflow/example_dags/example_skip_dag.py
[2026-06-11T22:51:32.235+0000] {processor.py:840} INFO - DAG(s) 'example_skip_dag' retrieved from /home/airflow/.local/lib/python3.12/site-packages/airflow/example_dags/example_skip_dag.py
[2026-06-11T22:51:32.261+0000] {logging_mixin.py:188} INFO - [2026-06-11T22:51:32.261+0000] {dag.py:3096} INFO - Sync 1 DAGs
[2026-06-11T22:51:32.288+0000] {logging_mixin.py:188} INFO - [2026-06-11T22:51:32.288+0000] {dag.py:3954} INFO - Setting next_dagrun for example_skip_dag to 2026-06-10 00:00:00+00:00, run_after=2026-06-11 00:00:00+00:00
[2026-06-11T22:51:32.309+0000] {processor.py:183} INFO - Processing /home/airflow/.local/lib/python3.12/site-packages/airflow/example_dags/example_skip_dag.py took 0.091 seconds
[2026-06-11T22:52:02.454+0000] {processor.py:161} INFO - Started process (PID=5386) to work on /home/airflow/.local/lib/python3.12/site-packages/airflow/example_dags/example_skip_dag.py
[2026-06-11T22:52:02.455+0000] {processor.py:830} INFO - Processing file /home/airflow/.local/lib/python3.12/site-packages/airflow/example_dags/example_skip_dag.py for tasks to queue
[2026-06-11T22:52:02.457+0000] {logging_mixin.py:188} INFO - [2026-06-11T22:52:02.456+0000] {dagbag.py:545} INFO - Filling up the DagBag from /home/airflow/.local/lib/python3.12/site-packages/airflow/example_dags/example_skip_dag.py
[2026-06-11T22:52:02.464+0000] {processor.py:840} INFO - DAG(s) 'example_skip_dag' retrieved from /home/airflow/.local/lib/python3.12/site-packages/airflow/example_dags/example_skip_dag.py
[2026-06-11T22:52:02.490+0000] {logging_mixin.py:188} INFO - [2026-06-11T22:52:02.490+0000] {dag.py:3096} INFO - Sync 1 DAGs
[2026-06-11T22:52:02.519+0000] {logging_mixin.py:188} INFO - [2026-06-11T22:52:02.519+0000] {dag.py:3954} INFO - Setting next_dagrun for example_skip_dag to 2026-06-10 00:00:00+00:00, run_after=2026-06-11 00:00:00+00:00
[2026-06-11T22:52:02.540+0000] {processor.py:183} INFO - Processing /home/airflow/.local/lib/python3.12/site-packages/airflow/example_dags/example_skip_dag.py took 0.093 seconds
[2026-06-11T22:52:33.330+0000] {processor.py:161} INFO - Started process (PID=5448) to work on /home/airflow/.local/lib/python3.12/site-packages/airflow/example_dags/example_skip_dag.py
[2026-06-11T22:52:33.331+0000] {processor.py:830} INFO - Processing file /home/airflow/.local/lib/python3.12/site-packages/airflow/example_dags/example_skip_dag.py for tasks to queue
[2026-06-11T22:52:33.333+0000] {logging_mixin.py:188} INFO - [2026-06-11T22:52:33.333+0000] {dagbag.py:545} INFO - Filling up the DagBag from /home/airflow/.local/lib/python3.12/site-packages/airflow/example_dags/example_skip_dag.py
[2026-06-11T22:52:33.341+0000] {processor.py:840} INFO - DAG(s) 'example_skip_dag' retrieved from /home/airflow/.local/lib/python3.12/site-packages/airflow/example_dags/example_skip_dag.py
[2026-06-11T22:52:33.368+0000] {logging_mixin.py:188} INFO - [2026-06-11T22:52:33.368+0000] {dag.py:3096} INFO - Sync 1 DAGs
[2026-06-11T22:52:33.396+0000] {logging_mixin.py:188} INFO - [2026-06-11T22:52:33.396+0000] {dag.py:3954} INFO - Setting next_dagrun for example_skip_dag to 2026-06-10 00:00:00+00:00, run_after=2026-06-11 00:00:00+00:00
[2026-06-11T22:52:33.419+0000] {processor.py:183} INFO - Processing /home/airflow/.local/lib/python3.12/site-packages/airflow/example_dags/example_skip_dag.py took 0.098 seconds
[2026-06-11T22:53:03.670+0000] {processor.py:161} INFO - Started process (PID=5509) to work on /home/airflow/.local/lib/python3.12/site-packages/airflow/example_dags/example_skip_dag.py
[2026-06-11T22:53:03.672+0000] {processor.py:830} INFO - Processing file /home/airflow/.local/lib/python3.12/site-packages/airflow/example_dags/example_skip_dag.py for tasks to queue
[2026-06-11T22:53:03.675+0000] {logging_mixin.py:188} INFO - [2026-06-11T22:53:03.675+0000] {dagbag.py:545} INFO - Filling up the DagBag from /home/airflow/.local/lib/python3.12/site-packages/airflow/example_dags/example_skip_dag.py
[2026-06-11T22:53:03.687+0000] {processor.py:840} INFO - DAG(s) 'example_skip_dag' retrieved from /home/airflow/.local/lib/python3.12/site-packages/airflow/example_dags/example_skip_dag.py
[2026-06-11T22:53:03.754+0000] {logging_mixin.py:188} INFO - [2026-06-11T22:53:03.754+0000] {dag.py:3096} INFO - Sync 1 DAGs
[2026-06-11T22:53:03.819+0000] {logging_mixin.py:188} INFO - [2026-06-11T22:53:03.818+0000] {dag.py:3954} INFO - Setting next_dagrun for example_skip_dag to 2026-06-10 00:00:00+00:00, run_after=2026-06-11 00:00:00+00:00
[2026-06-11T22:53:03.856+0000] {processor.py:183} INFO - Processing /home/airflow/.local/lib/python3.12/site-packages/airflow/example_dags/example_skip_dag.py took 0.202 seconds
[2026-06-11T22:53:34.220+0000] {processor.py:161} INFO - Started process (PID=5571) to work on /home/airflow/.local/lib/python3.12/site-packages/airflow/example_dags/example_skip_dag.py
[2026-06-11T22:53:34.221+0000] {processor.py:830} INFO - Processing file /home/airflow/.local/lib/python3.12/site-packages/airflow/example_dags/example_skip_dag.py for tasks to queue
[2026-06-11T22:53:34.223+0000] {logging_mixin.py:188} INFO - [2026-06-11T22:53:34.223+0000] {dagbag.py:545} INFO - Filling up the DagBag from /home/airflow/.local/lib/python3.12/site-packages/airflow/example_dags/example_skip_dag.py
[2026-06-11T22:53:34.238+0000] {processor.py:840} INFO - DAG(s) 'example_skip_dag' retrieved from /home/airflow/.local/lib/python3.12/site-packages/airflow/example_dags/example_skip_dag.py
[2026-06-11T22:53:34.275+0000] {logging_mixin.py:188} INFO - [2026-06-11T22:53:34.274+0000] {dag.py:3096} INFO - Sync 1 DAGs
[2026-06-11T22:53:34.303+0000] {logging_mixin.py:188} INFO - [2026-06-11T22:53:34.303+0000] {dag.py:3954} INFO - Setting next_dagrun for example_skip_dag to 2026-06-10 00:00:00+00:00, run_after=2026-06-11 00:00:00+00:00
[2026-06-11T22:53:34.322+0000] {processor.py:183} INFO - Processing /home/airflow/.local/lib/python3.12/site-packages/airflow/example_dags/example_skip_dag.py took 0.109 seconds
[2026-06-11T22:54:04.515+0000] {processor.py:161} INFO - Started process (PID=5633) to work on /home/airflow/.local/lib/python3.12/site-packages/airflow/example_dags/example_skip_dag.py
[2026-06-11T22:54:04.516+0000] {processor.py:830} INFO - Processing file /home/airflow/.local/lib/python3.12/site-packages/airflow/example_dags/example_skip_dag.py for tasks to queue
[2026-06-11T22:54:04.518+0000] {logging_mixin.py:188} INFO - [2026-06-11T22:54:04.518+0000] {dagbag.py:545} INFO - Filling up the DagBag from /home/airflow/.local/lib/python3.12/site-packages/airflow/example_dags/example_skip_dag.py
[2026-06-11T22:54:04.527+0000] {processor.py:840} INFO - DAG(s) 'example_skip_dag' retrieved from /home/airflow/.local/lib/python3.12/site-packages/airflow/example_dags/example_skip_dag.py
[2026-06-11T22:54:04.553+0000] {logging_mixin.py:188} INFO - [2026-06-11T22:54:04.553+0000] {dag.py:3096} INFO - Sync 1 DAGs
[2026-06-11T22:54:04.583+0000] {logging_mixin.py:188} INFO - [2026-06-11T22:54:04.583+0000] {dag.py:3954} INFO - Setting next_dagrun for example_skip_dag to 2026-06-10 00:00:00+00:00, run_after=2026-06-11 00:00:00+00:00
[2026-06-11T22:54:04.603+0000] {processor.py:183} INFO - Processing /home/airflow/.local/lib/python3.12/site-packages/airflow/example_dags/example_skip_dag.py took 0.095 seconds
[2026-06-11T22:54:34.799+0000] {processor.py:161} INFO - Started process (PID=5696) to work on /home/airflow/.local/lib/python3.12/site-packages/airflow/example_dags/example_skip_dag.py
[2026-06-11T22:54:34.800+0000] {processor.py:830} INFO - Processing file /home/airflow/.local/lib/python3.12/site-packages/airflow/example_dags/example_skip_dag.py for tasks to queue
[2026-06-11T22:54:34.802+0000] {logging_mixin.py:188} INFO - [2026-06-11T22:54:34.801+0000] {dagbag.py:545} INFO - Filling up the DagBag from /home/airflow/.local/lib/python3.12/site-packages/airflow/example_dags/example_skip_dag.py
[2026-06-11T22:54:34.810+0000] {processor.py:840} INFO - DAG(s) 'example_skip_dag' retrieved from /home/airflow/.local/lib/python3.12/site-packages/airflow/example_dags/example_skip_dag.py
[2026-06-11T22:54:34.835+0000] {logging_mixin.py:188} INFO - [2026-06-11T22:54:34.835+0000] {dag.py:3096} INFO - Sync 1 DAGs
[2026-06-11T22:54:34.867+0000] {logging_mixin.py:188} INFO - [2026-06-11T22:54:34.867+0000] {dag.py:3954} INFO - Setting next_dagrun for example_skip_dag to 2026-06-10 00:00:00+00:00, run_after=2026-06-11 00:00:00+00:00
[2026-06-11T22:54:34.888+0000] {processor.py:183} INFO - Processing /home/airflow/.local/lib/python3.12/site-packages/airflow/example_dags/example_skip_dag.py took 0.096 seconds
[2026-06-11T22:55:05.171+0000] {processor.py:161} INFO - Started process (PID=5758) to work on /home/airflow/.local/lib/python3.12/site-packages/airflow/example_dags/example_skip_dag.py
[2026-06-11T22:55:05.172+0000] {processor.py:830} INFO - Processing file /home/airflow/.local/lib/python3.12/site-packages/airflow/example_dags/example_skip_dag.py for tasks to queue
[2026-06-11T22:55:05.174+0000] {logging_mixin.py:188} INFO - [2026-06-11T22:55:05.173+0000] {dagbag.py:545} INFO - Filling up the DagBag from /home/airflow/.local/lib/python3.12/site-packages/airflow/example_dags/example_skip_dag.py
[2026-06-11T22:55:05.181+0000] {processor.py:840} INFO - DAG(s) 'example_skip_dag' retrieved from /home/airflow/.local/lib/python3.12/site-packages/airflow/example_dags/example_skip_dag.py
[2026-06-11T22:55:05.209+0000] {logging_mixin.py:188} INFO - [2026-06-11T22:55:05.209+0000] {dag.py:3096} INFO - Sync 1 DAGs
[2026-06-11T22:55:05.237+0000] {logging_mixin.py:188} INFO - [2026-06-11T22:55:05.236+0000] {dag.py:3954} INFO - Setting next_dagrun for example_skip_dag to 2026-06-10 00:00:00+00:00, run_after=2026-06-11 00:00:00+00:00
[2026-06-11T22:55:05.255+0000] {processor.py:183} INFO - Processing /home/airflow/.local/lib/python3.12/site-packages/airflow/example_dags/example_skip_dag.py took 0.092 seconds
[2026-06-11T22:55:35.456+0000] {processor.py:161} INFO - Started process (PID=5820) to work on /home/airflow/.local/lib/python3.12/site-packages/airflow/example_dags/example_skip_dag.py
[2026-06-11T22:55:35.462+0000] {processor.py:830} INFO - Processing file /home/airflow/.local/lib/python3.12/site-packages/airflow/example_dags/example_skip_dag.py for tasks to queue
[2026-06-11T22:55:35.464+0000] {logging_mixin.py:188} INFO - [2026-06-11T22:55:35.463+0000] {dagbag.py:545} INFO - Filling up the DagBag from /home/airflow/.local/lib/python3.12/site-packages/airflow/example_dags/example_skip_dag.py
[2026-06-11T22:55:35.473+0000] {processor.py:840} INFO - DAG(s) 'example_skip_dag' retrieved from /home/airflow/.local/lib/python3.12/site-packages/airflow/example_dags/example_skip_dag.py
[2026-06-11T22:55:35.505+0000] {logging_mixin.py:188} INFO - [2026-06-11T22:55:35.504+0000] {dag.py:3096} INFO - Sync 1 DAGs
[2026-06-11T22:55:35.534+0000] {logging_mixin.py:188} INFO - [2026-06-11T22:55:35.534+0000] {dag.py:3954} INFO - Setting next_dagrun for example_skip_dag to 2026-06-10 00:00:00+00:00, run_after=2026-06-11 00:00:00+00:00
[2026-06-11T22:55:35.554+0000] {processor.py:183} INFO - Processing /home/airflow/.local/lib/python3.12/site-packages/airflow/example_dags/example_skip_dag.py took 0.116 seconds
[2026-06-11T22:56:05.623+0000] {processor.py:161} INFO - Started process (PID=5882) to work on /home/airflow/.local/lib/python3.12/site-packages/airflow/example_dags/example_skip_dag.py
[2026-06-11T22:56:05.625+0000] {processor.py:830} INFO - Processing file /home/airflow/.local/lib/python3.12/site-packages/airflow/example_dags/example_skip_dag.py for tasks to queue
[2026-06-11T22:56:05.627+0000] {logging_mixin.py:188} INFO - [2026-06-11T22:56:05.627+0000] {dagbag.py:545} INFO - Filling up the DagBag from /home/airflow/.local/lib/python3.12/site-packages/airflow/example_dags/example_skip_dag.py
[2026-06-11T22:56:05.654+0000] {processor.py:840} INFO - DAG(s) 'example_skip_dag' retrieved from /home/airflow/.local/lib/python3.12/site-packages/airflow/example_dags/example_skip_dag.py
[2026-06-11T22:56:05.710+0000] {logging_mixin.py:188} INFO - [2026-06-11T22:56:05.710+0000] {dag.py:3096} INFO - Sync 1 DAGs
[2026-06-11T22:56:05.746+0000] {logging_mixin.py:188} INFO - [2026-06-11T22:56:05.745+0000] {dag.py:3954} INFO - Setting next_dagrun for example_skip_dag to 2026-06-10 00:00:00+00:00, run_after=2026-06-11 00:00:00+00:00
[2026-06-11T22:56:05.787+0000] {processor.py:183} INFO - Processing /home/airflow/.local/lib/python3.12/site-packages/airflow/example_dags/example_skip_dag.py took 0.183 seconds
[2026-06-11T22:56:36.355+0000] {processor.py:161} INFO - Started process (PID=5944) to work on /home/airflow/.local/lib/python3.12/site-packages/airflow/example_dags/example_skip_dag.py
[2026-06-11T22:56:36.358+0000] {processor.py:830} INFO - Processing file /home/airflow/.local/lib/python3.12/site-packages/airflow/example_dags/example_skip_dag.py for tasks to queue
[2026-06-11T22:56:36.361+0000] {logging_mixin.py:188} INFO - [2026-06-11T22:56:36.361+0000] {dagbag.py:545} INFO - Filling up the DagBag from /home/airflow/.local/lib/python3.12/site-packages/airflow/example_dags/example_skip_dag.py
[2026-06-11T22:56:36.377+0000] {processor.py:840} INFO - DAG(s) 'example_skip_dag' retrieved from /home/airflow/.local/lib/python3.12/site-packages/airflow/example_dags/example_skip_dag.py
[2026-06-11T22:56:36.464+0000] {logging_mixin.py:188} INFO - [2026-06-11T22:56:36.464+0000] {dag.py:3096} INFO - Sync 1 DAGs
[2026-06-11T22:56:36.574+0000] {logging_mixin.py:188} INFO - [2026-06-11T22:56:36.574+0000] {dag.py:3954} INFO - Setting next_dagrun for example_skip_dag to 2026-06-10 00:00:00+00:00, run_after=2026-06-11 00:00:00+00:00
[2026-06-11T22:56:36.593+0000] {processor.py:183} INFO - Processing /home/airflow/.local/lib/python3.12/site-packages/airflow/example_dags/example_skip_dag.py took 0.251 seconds
