[2026-06-11T22:08:06.487+0000] {processor.py:161} INFO - Started process (PID=119) to work on /home/airflow/.local/lib/python3.12/site-packages/airflow/example_dags/example_external_task_marker_dag.py
[2026-06-11T22:08:06.488+0000] {processor.py:830} INFO - Processing file /home/airflow/.local/lib/python3.12/site-packages/airflow/example_dags/example_external_task_marker_dag.py for tasks to queue
[2026-06-11T22:08:06.490+0000] {logging_mixin.py:188} INFO - [2026-06-11T22:08:06.489+0000] {dagbag.py:545} INFO - Filling up the DagBag from /home/airflow/.local/lib/python3.12/site-packages/airflow/example_dags/example_external_task_marker_dag.py
[2026-06-11T22:08:06.496+0000] {processor.py:840} INFO - DAG(s) 'example_external_task_marker_child', 'example_external_task_marker_parent' retrieved from /home/airflow/.local/lib/python3.12/site-packages/airflow/example_dags/example_external_task_marker_dag.py
[2026-06-11T22:08:06.563+0000] {logging_mixin.py:188} INFO - [2026-06-11T22:08:06.563+0000] {dag.py:3096} INFO - Sync 2 DAGs
[2026-06-11T22:08:06.612+0000] {logging_mixin.py:188} INFO - [2026-06-11T22:08:06.611+0000] {dag.py:3954} INFO - Setting next_dagrun for example_external_task_marker_child to None, run_after=None
[2026-06-11T22:08:06.626+0000] {logging_mixin.py:188} INFO - [2026-06-11T22:08:06.625+0000] {dag.py:3954} INFO - Setting next_dagrun for example_external_task_marker_parent to None, run_after=None
[2026-06-11T22:08:06.688+0000] {processor.py:183} INFO - Processing /home/airflow/.local/lib/python3.12/site-packages/airflow/example_dags/example_external_task_marker_dag.py took 0.213 seconds
[2026-06-11T22:08:36.940+0000] {processor.py:161} INFO - Started process (PID=180) to work on /home/airflow/.local/lib/python3.12/site-packages/airflow/example_dags/example_external_task_marker_dag.py
[2026-06-11T22:08:36.941+0000] {processor.py:830} INFO - Processing file /home/airflow/.local/lib/python3.12/site-packages/airflow/example_dags/example_external_task_marker_dag.py for tasks to queue
[2026-06-11T22:08:36.943+0000] {logging_mixin.py:188} INFO - [2026-06-11T22:08:36.942+0000] {dagbag.py:545} INFO - Filling up the DagBag from /home/airflow/.local/lib/python3.12/site-packages/airflow/example_dags/example_external_task_marker_dag.py
[2026-06-11T22:08:36.949+0000] {processor.py:840} INFO - DAG(s) 'example_external_task_marker_child', 'example_external_task_marker_parent' retrieved from /home/airflow/.local/lib/python3.12/site-packages/airflow/example_dags/example_external_task_marker_dag.py
[2026-06-11T22:08:36.977+0000] {logging_mixin.py:188} INFO - [2026-06-11T22:08:36.977+0000] {dag.py:3096} INFO - Sync 2 DAGs
[2026-06-11T22:08:36.994+0000] {logging_mixin.py:188} INFO - [2026-06-11T22:08:36.994+0000] {dag.py:3954} INFO - Setting next_dagrun for example_external_task_marker_child to None, run_after=None
[2026-06-11T22:08:36.999+0000] {logging_mixin.py:188} INFO - [2026-06-11T22:08:36.998+0000] {dag.py:3954} INFO - Setting next_dagrun for example_external_task_marker_parent to None, run_after=None
[2026-06-11T22:08:37.016+0000] {processor.py:183} INFO - Processing /home/airflow/.local/lib/python3.12/site-packages/airflow/example_dags/example_external_task_marker_dag.py took 0.082 seconds
[2026-06-11T22:09:07.887+0000] {processor.py:161} INFO - Started process (PID=241) to work on /home/airflow/.local/lib/python3.12/site-packages/airflow/example_dags/example_external_task_marker_dag.py
[2026-06-11T22:09:07.888+0000] {processor.py:830} INFO - Processing file /home/airflow/.local/lib/python3.12/site-packages/airflow/example_dags/example_external_task_marker_dag.py for tasks to queue
[2026-06-11T22:09:07.891+0000] {logging_mixin.py:188} INFO - [2026-06-11T22:09:07.890+0000] {dagbag.py:545} INFO - Filling up the DagBag from /home/airflow/.local/lib/python3.12/site-packages/airflow/example_dags/example_external_task_marker_dag.py
[2026-06-11T22:09:07.897+0000] {processor.py:840} INFO - DAG(s) 'example_external_task_marker_child', 'example_external_task_marker_parent' retrieved from /home/airflow/.local/lib/python3.12/site-packages/airflow/example_dags/example_external_task_marker_dag.py
[2026-06-11T22:09:07.928+0000] {logging_mixin.py:188} INFO - [2026-06-11T22:09:07.927+0000] {dag.py:3096} INFO - Sync 2 DAGs
[2026-06-11T22:09:07.944+0000] {logging_mixin.py:188} INFO - [2026-06-11T22:09:07.944+0000] {dag.py:3954} INFO - Setting next_dagrun for example_external_task_marker_child to None, run_after=None
[2026-06-11T22:09:07.948+0000] {logging_mixin.py:188} INFO - [2026-06-11T22:09:07.948+0000] {dag.py:3954} INFO - Setting next_dagrun for example_external_task_marker_parent to None, run_after=None
[2026-06-11T22:09:07.965+0000] {processor.py:183} INFO - Processing /home/airflow/.local/lib/python3.12/site-packages/airflow/example_dags/example_external_task_marker_dag.py took 0.085 seconds
[2026-06-11T22:09:38.058+0000] {processor.py:161} INFO - Started process (PID=300) to work on /home/airflow/.local/lib/python3.12/site-packages/airflow/example_dags/example_external_task_marker_dag.py
[2026-06-11T22:09:38.059+0000] {processor.py:830} INFO - Processing file /home/airflow/.local/lib/python3.12/site-packages/airflow/example_dags/example_external_task_marker_dag.py for tasks to queue
[2026-06-11T22:09:38.061+0000] {logging_mixin.py:188} INFO - [2026-06-11T22:09:38.061+0000] {dagbag.py:545} INFO - Filling up the DagBag from /home/airflow/.local/lib/python3.12/site-packages/airflow/example_dags/example_external_task_marker_dag.py
[2026-06-11T22:09:38.068+0000] {processor.py:840} INFO - DAG(s) 'example_external_task_marker_child', 'example_external_task_marker_parent' retrieved from /home/airflow/.local/lib/python3.12/site-packages/airflow/example_dags/example_external_task_marker_dag.py
[2026-06-11T22:09:38.097+0000] {logging_mixin.py:188} INFO - [2026-06-11T22:09:38.096+0000] {dag.py:3096} INFO - Sync 2 DAGs
[2026-06-11T22:09:38.114+0000] {logging_mixin.py:188} INFO - [2026-06-11T22:09:38.113+0000] {dag.py:3954} INFO - Setting next_dagrun for example_external_task_marker_child to None, run_after=None
[2026-06-11T22:09:38.118+0000] {logging_mixin.py:188} INFO - [2026-06-11T22:09:38.118+0000] {dag.py:3954} INFO - Setting next_dagrun for example_external_task_marker_parent to None, run_after=None
[2026-06-11T22:09:38.135+0000] {processor.py:183} INFO - Processing /home/airflow/.local/lib/python3.12/site-packages/airflow/example_dags/example_external_task_marker_dag.py took 0.085 seconds
[2026-06-11T22:10:08.724+0000] {processor.py:161} INFO - Started process (PID=361) to work on /home/airflow/.local/lib/python3.12/site-packages/airflow/example_dags/example_external_task_marker_dag.py
[2026-06-11T22:10:08.725+0000] {processor.py:830} INFO - Processing file /home/airflow/.local/lib/python3.12/site-packages/airflow/example_dags/example_external_task_marker_dag.py for tasks to queue
[2026-06-11T22:10:08.727+0000] {logging_mixin.py:188} INFO - [2026-06-11T22:10:08.726+0000] {dagbag.py:545} INFO - Filling up the DagBag from /home/airflow/.local/lib/python3.12/site-packages/airflow/example_dags/example_external_task_marker_dag.py
[2026-06-11T22:10:08.734+0000] {processor.py:840} INFO - DAG(s) 'example_external_task_marker_child', 'example_external_task_marker_parent' retrieved from /home/airflow/.local/lib/python3.12/site-packages/airflow/example_dags/example_external_task_marker_dag.py
[2026-06-11T22:10:08.762+0000] {logging_mixin.py:188} INFO - [2026-06-11T22:10:08.762+0000] {dag.py:3096} INFO - Sync 2 DAGs
[2026-06-11T22:10:08.780+0000] {logging_mixin.py:188} INFO - [2026-06-11T22:10:08.780+0000] {dag.py:3954} INFO - Setting next_dagrun for example_external_task_marker_child to None, run_after=None
[2026-06-11T22:10:08.784+0000] {logging_mixin.py:188} INFO - [2026-06-11T22:10:08.784+0000] {dag.py:3954} INFO - Setting next_dagrun for example_external_task_marker_parent to None, run_after=None
[2026-06-11T22:10:08.801+0000] {processor.py:183} INFO - Processing /home/airflow/.local/lib/python3.12/site-packages/airflow/example_dags/example_external_task_marker_dag.py took 0.084 seconds
[2026-06-11T22:10:38.962+0000] {processor.py:161} INFO - Started process (PID=421) to work on /home/airflow/.local/lib/python3.12/site-packages/airflow/example_dags/example_external_task_marker_dag.py
[2026-06-11T22:10:38.965+0000] {processor.py:830} INFO - Processing file /home/airflow/.local/lib/python3.12/site-packages/airflow/example_dags/example_external_task_marker_dag.py for tasks to queue
[2026-06-11T22:10:38.969+0000] {logging_mixin.py:188} INFO - [2026-06-11T22:10:38.968+0000] {dagbag.py:545} INFO - Filling up the DagBag from /home/airflow/.local/lib/python3.12/site-packages/airflow/example_dags/example_external_task_marker_dag.py
[2026-06-11T22:10:38.991+0000] {processor.py:840} INFO - DAG(s) 'example_external_task_marker_child', 'example_external_task_marker_parent' retrieved from /home/airflow/.local/lib/python3.12/site-packages/airflow/example_dags/example_external_task_marker_dag.py
[2026-06-11T22:10:39.076+0000] {logging_mixin.py:188} INFO - [2026-06-11T22:10:39.076+0000] {dag.py:3096} INFO - Sync 2 DAGs
[2026-06-11T22:10:39.127+0000] {logging_mixin.py:188} INFO - [2026-06-11T22:10:39.127+0000] {dag.py:3954} INFO - Setting next_dagrun for example_external_task_marker_child to None, run_after=None
[2026-06-11T22:10:39.145+0000] {logging_mixin.py:188} INFO - [2026-06-11T22:10:39.145+0000] {dag.py:3954} INFO - Setting next_dagrun for example_external_task_marker_parent to None, run_after=None
[2026-06-11T22:10:39.213+0000] {processor.py:183} INFO - Processing /home/airflow/.local/lib/python3.12/site-packages/airflow/example_dags/example_external_task_marker_dag.py took 0.282 seconds
[2026-06-11T22:11:09.976+0000] {processor.py:161} INFO - Started process (PID=482) to work on /home/airflow/.local/lib/python3.12/site-packages/airflow/example_dags/example_external_task_marker_dag.py
[2026-06-11T22:11:09.977+0000] {processor.py:830} INFO - Processing file /home/airflow/.local/lib/python3.12/site-packages/airflow/example_dags/example_external_task_marker_dag.py for tasks to queue
[2026-06-11T22:11:09.978+0000] {logging_mixin.py:188} INFO - [2026-06-11T22:11:09.978+0000] {dagbag.py:545} INFO - Filling up the DagBag from /home/airflow/.local/lib/python3.12/site-packages/airflow/example_dags/example_external_task_marker_dag.py
[2026-06-11T22:11:09.987+0000] {processor.py:840} INFO - DAG(s) 'example_external_task_marker_child', 'example_external_task_marker_parent' retrieved from /home/airflow/.local/lib/python3.12/site-packages/airflow/example_dags/example_external_task_marker_dag.py
[2026-06-11T22:11:10.016+0000] {logging_mixin.py:188} INFO - [2026-06-11T22:11:10.016+0000] {dag.py:3096} INFO - Sync 2 DAGs
[2026-06-11T22:11:10.033+0000] {logging_mixin.py:188} INFO - [2026-06-11T22:11:10.033+0000] {dag.py:3954} INFO - Setting next_dagrun for example_external_task_marker_child to None, run_after=None
[2026-06-11T22:11:10.038+0000] {logging_mixin.py:188} INFO - [2026-06-11T22:11:10.038+0000] {dag.py:3954} INFO - Setting next_dagrun for example_external_task_marker_parent to None, run_after=None
[2026-06-11T22:11:10.057+0000] {processor.py:183} INFO - Processing /home/airflow/.local/lib/python3.12/site-packages/airflow/example_dags/example_external_task_marker_dag.py took 0.088 seconds
[2026-06-11T22:11:40.226+0000] {processor.py:161} INFO - Started process (PID=543) to work on /home/airflow/.local/lib/python3.12/site-packages/airflow/example_dags/example_external_task_marker_dag.py
[2026-06-11T22:11:40.227+0000] {processor.py:830} INFO - Processing file /home/airflow/.local/lib/python3.12/site-packages/airflow/example_dags/example_external_task_marker_dag.py for tasks to queue
[2026-06-11T22:11:40.229+0000] {logging_mixin.py:188} INFO - [2026-06-11T22:11:40.229+0000] {dagbag.py:545} INFO - Filling up the DagBag from /home/airflow/.local/lib/python3.12/site-packages/airflow/example_dags/example_external_task_marker_dag.py
[2026-06-11T22:11:40.238+0000] {processor.py:840} INFO - DAG(s) 'example_external_task_marker_parent', 'example_external_task_marker_child' retrieved from /home/airflow/.local/lib/python3.12/site-packages/airflow/example_dags/example_external_task_marker_dag.py
[2026-06-11T22:11:40.269+0000] {logging_mixin.py:188} INFO - [2026-06-11T22:11:40.269+0000] {dag.py:3096} INFO - Sync 2 DAGs
[2026-06-11T22:11:40.287+0000] {logging_mixin.py:188} INFO - [2026-06-11T22:11:40.286+0000] {dag.py:3954} INFO - Setting next_dagrun for example_external_task_marker_child to None, run_after=None
[2026-06-11T22:11:40.291+0000] {logging_mixin.py:188} INFO - [2026-06-11T22:11:40.291+0000] {dag.py:3954} INFO - Setting next_dagrun for example_external_task_marker_parent to None, run_after=None
[2026-06-11T22:11:40.309+0000] {processor.py:183} INFO - Processing /home/airflow/.local/lib/python3.12/site-packages/airflow/example_dags/example_external_task_marker_dag.py took 0.089 seconds
[2026-06-11T22:12:10.362+0000] {processor.py:161} INFO - Started process (PID=604) to work on /home/airflow/.local/lib/python3.12/site-packages/airflow/example_dags/example_external_task_marker_dag.py
[2026-06-11T22:12:10.363+0000] {processor.py:830} INFO - Processing file /home/airflow/.local/lib/python3.12/site-packages/airflow/example_dags/example_external_task_marker_dag.py for tasks to queue
[2026-06-11T22:12:10.365+0000] {logging_mixin.py:188} INFO - [2026-06-11T22:12:10.365+0000] {dagbag.py:545} INFO - Filling up the DagBag from /home/airflow/.local/lib/python3.12/site-packages/airflow/example_dags/example_external_task_marker_dag.py
[2026-06-11T22:12:10.372+0000] {processor.py:840} INFO - DAG(s) 'example_external_task_marker_child', 'example_external_task_marker_parent' retrieved from /home/airflow/.local/lib/python3.12/site-packages/airflow/example_dags/example_external_task_marker_dag.py
[2026-06-11T22:12:10.400+0000] {logging_mixin.py:188} INFO - [2026-06-11T22:12:10.400+0000] {dag.py:3096} INFO - Sync 2 DAGs
[2026-06-11T22:12:10.422+0000] {logging_mixin.py:188} INFO - [2026-06-11T22:12:10.422+0000] {dag.py:3954} INFO - Setting next_dagrun for example_external_task_marker_child to None, run_after=None
[2026-06-11T22:12:10.426+0000] {logging_mixin.py:188} INFO - [2026-06-11T22:12:10.426+0000] {dag.py:3954} INFO - Setting next_dagrun for example_external_task_marker_parent to None, run_after=None
[2026-06-11T22:12:10.445+0000] {processor.py:183} INFO - Processing /home/airflow/.local/lib/python3.12/site-packages/airflow/example_dags/example_external_task_marker_dag.py took 0.089 seconds
[2026-06-11T22:12:41.065+0000] {processor.py:161} INFO - Started process (PID=665) to work on /home/airflow/.local/lib/python3.12/site-packages/airflow/example_dags/example_external_task_marker_dag.py
[2026-06-11T22:12:41.068+0000] {processor.py:830} INFO - Processing file /home/airflow/.local/lib/python3.12/site-packages/airflow/example_dags/example_external_task_marker_dag.py for tasks to queue
[2026-06-11T22:12:41.071+0000] {logging_mixin.py:188} INFO - [2026-06-11T22:12:41.071+0000] {dagbag.py:545} INFO - Filling up the DagBag from /home/airflow/.local/lib/python3.12/site-packages/airflow/example_dags/example_external_task_marker_dag.py
[2026-06-11T22:12:41.080+0000] {processor.py:840} INFO - DAG(s) 'example_external_task_marker_parent', 'example_external_task_marker_child' retrieved from /home/airflow/.local/lib/python3.12/site-packages/airflow/example_dags/example_external_task_marker_dag.py
[2026-06-11T22:12:41.108+0000] {logging_mixin.py:188} INFO - [2026-06-11T22:12:41.108+0000] {dag.py:3096} INFO - Sync 2 DAGs
[2026-06-11T22:12:41.156+0000] {logging_mixin.py:188} INFO - [2026-06-11T22:12:41.156+0000] {dag.py:3954} INFO - Setting next_dagrun for example_external_task_marker_child to None, run_after=None
[2026-06-11T22:12:41.180+0000] {logging_mixin.py:188} INFO - [2026-06-11T22:12:41.179+0000] {dag.py:3954} INFO - Setting next_dagrun for example_external_task_marker_parent to None, run_after=None
[2026-06-11T22:12:41.222+0000] {processor.py:183} INFO - Processing /home/airflow/.local/lib/python3.12/site-packages/airflow/example_dags/example_external_task_marker_dag.py took 0.173 seconds
[2026-06-11T22:13:12.508+0000] {processor.py:161} INFO - Started process (PID=728) to work on /home/airflow/.local/lib/python3.12/site-packages/airflow/example_dags/example_external_task_marker_dag.py
[2026-06-11T22:13:12.509+0000] {processor.py:830} INFO - Processing file /home/airflow/.local/lib/python3.12/site-packages/airflow/example_dags/example_external_task_marker_dag.py for tasks to queue
[2026-06-11T22:13:12.511+0000] {logging_mixin.py:188} INFO - [2026-06-11T22:13:12.511+0000] {dagbag.py:545} INFO - Filling up the DagBag from /home/airflow/.local/lib/python3.12/site-packages/airflow/example_dags/example_external_task_marker_dag.py
[2026-06-11T22:13:12.520+0000] {processor.py:840} INFO - DAG(s) 'example_external_task_marker_child', 'example_external_task_marker_parent' retrieved from /home/airflow/.local/lib/python3.12/site-packages/airflow/example_dags/example_external_task_marker_dag.py
[2026-06-11T22:13:12.667+0000] {logging_mixin.py:188} INFO - [2026-06-11T22:13:12.667+0000] {dag.py:3096} INFO - Sync 2 DAGs
[2026-06-11T22:13:12.878+0000] {logging_mixin.py:188} INFO - [2026-06-11T22:13:12.878+0000] {dag.py:3954} INFO - Setting next_dagrun for example_external_task_marker_child to None, run_after=None
[2026-06-11T22:13:12.882+0000] {logging_mixin.py:188} INFO - [2026-06-11T22:13:12.882+0000] {dag.py:3954} INFO - Setting next_dagrun for example_external_task_marker_parent to None, run_after=None
[2026-06-11T22:13:12.901+0000] {processor.py:183} INFO - Processing /home/airflow/.local/lib/python3.12/site-packages/airflow/example_dags/example_external_task_marker_dag.py took 0.402 seconds
[2026-06-11T22:13:42.981+0000] {processor.py:161} INFO - Started process (PID=789) to work on /home/airflow/.local/lib/python3.12/site-packages/airflow/example_dags/example_external_task_marker_dag.py
[2026-06-11T22:13:42.982+0000] {processor.py:830} INFO - Processing file /home/airflow/.local/lib/python3.12/site-packages/airflow/example_dags/example_external_task_marker_dag.py for tasks to queue
[2026-06-11T22:13:42.984+0000] {logging_mixin.py:188} INFO - [2026-06-11T22:13:42.984+0000] {dagbag.py:545} INFO - Filling up the DagBag from /home/airflow/.local/lib/python3.12/site-packages/airflow/example_dags/example_external_task_marker_dag.py
[2026-06-11T22:13:42.992+0000] {processor.py:840} INFO - DAG(s) 'example_external_task_marker_child', 'example_external_task_marker_parent' retrieved from /home/airflow/.local/lib/python3.12/site-packages/airflow/example_dags/example_external_task_marker_dag.py
[2026-06-11T22:13:43.030+0000] {logging_mixin.py:188} INFO - [2026-06-11T22:13:43.030+0000] {dag.py:3096} INFO - Sync 2 DAGs
[2026-06-11T22:13:43.053+0000] {logging_mixin.py:188} INFO - [2026-06-11T22:13:43.052+0000] {dag.py:3954} INFO - Setting next_dagrun for example_external_task_marker_child to None, run_after=None
[2026-06-11T22:13:43.061+0000] {logging_mixin.py:188} INFO - [2026-06-11T22:13:43.060+0000] {dag.py:3954} INFO - Setting next_dagrun for example_external_task_marker_parent to None, run_after=None
[2026-06-11T22:13:43.089+0000] {processor.py:183} INFO - Processing /home/airflow/.local/lib/python3.12/site-packages/airflow/example_dags/example_external_task_marker_dag.py took 0.115 seconds
[2026-06-11T22:14:14.254+0000] {processor.py:161} INFO - Started process (PID=850) to work on /home/airflow/.local/lib/python3.12/site-packages/airflow/example_dags/example_external_task_marker_dag.py
[2026-06-11T22:14:14.266+0000] {processor.py:830} INFO - Processing file /home/airflow/.local/lib/python3.12/site-packages/airflow/example_dags/example_external_task_marker_dag.py for tasks to queue
[2026-06-11T22:14:14.272+0000] {logging_mixin.py:188} INFO - [2026-06-11T22:14:14.271+0000] {dagbag.py:545} INFO - Filling up the DagBag from /home/airflow/.local/lib/python3.12/site-packages/airflow/example_dags/example_external_task_marker_dag.py
[2026-06-11T22:14:14.306+0000] {processor.py:840} INFO - DAG(s) 'example_external_task_marker_child', 'example_external_task_marker_parent' retrieved from /home/airflow/.local/lib/python3.12/site-packages/airflow/example_dags/example_external_task_marker_dag.py
[2026-06-11T22:14:14.386+0000] {logging_mixin.py:188} INFO - [2026-06-11T22:14:14.385+0000] {dag.py:3096} INFO - Sync 2 DAGs
[2026-06-11T22:14:14.431+0000] {logging_mixin.py:188} INFO - [2026-06-11T22:14:14.431+0000] {dag.py:3954} INFO - Setting next_dagrun for example_external_task_marker_child to None, run_after=None
[2026-06-11T22:14:14.438+0000] {logging_mixin.py:188} INFO - [2026-06-11T22:14:14.438+0000] {dag.py:3954} INFO - Setting next_dagrun for example_external_task_marker_parent to None, run_after=None
[2026-06-11T22:14:14.460+0000] {processor.py:183} INFO - Processing /home/airflow/.local/lib/python3.12/site-packages/airflow/example_dags/example_external_task_marker_dag.py took 0.230 seconds
[2026-06-11T22:14:45.232+0000] {processor.py:161} INFO - Started process (PID=911) to work on /home/airflow/.local/lib/python3.12/site-packages/airflow/example_dags/example_external_task_marker_dag.py
[2026-06-11T22:14:45.233+0000] {processor.py:830} INFO - Processing file /home/airflow/.local/lib/python3.12/site-packages/airflow/example_dags/example_external_task_marker_dag.py for tasks to queue
[2026-06-11T22:14:45.235+0000] {logging_mixin.py:188} INFO - [2026-06-11T22:14:45.235+0000] {dagbag.py:545} INFO - Filling up the DagBag from /home/airflow/.local/lib/python3.12/site-packages/airflow/example_dags/example_external_task_marker_dag.py
[2026-06-11T22:14:45.242+0000] {processor.py:840} INFO - DAG(s) 'example_external_task_marker_child', 'example_external_task_marker_parent' retrieved from /home/airflow/.local/lib/python3.12/site-packages/airflow/example_dags/example_external_task_marker_dag.py
[2026-06-11T22:14:45.269+0000] {logging_mixin.py:188} INFO - [2026-06-11T22:14:45.269+0000] {dag.py:3096} INFO - Sync 2 DAGs
[2026-06-11T22:14:45.286+0000] {logging_mixin.py:188} INFO - [2026-06-11T22:14:45.286+0000] {dag.py:3954} INFO - Setting next_dagrun for example_external_task_marker_child to None, run_after=None
[2026-06-11T22:14:45.290+0000] {logging_mixin.py:188} INFO - [2026-06-11T22:14:45.290+0000] {dag.py:3954} INFO - Setting next_dagrun for example_external_task_marker_parent to None, run_after=None
[2026-06-11T22:14:45.309+0000] {processor.py:183} INFO - Processing /home/airflow/.local/lib/python3.12/site-packages/airflow/example_dags/example_external_task_marker_dag.py took 0.084 seconds
[2026-06-11T22:15:15.960+0000] {processor.py:161} INFO - Started process (PID=972) to work on /home/airflow/.local/lib/python3.12/site-packages/airflow/example_dags/example_external_task_marker_dag.py
[2026-06-11T22:15:15.960+0000] {processor.py:830} INFO - Processing file /home/airflow/.local/lib/python3.12/site-packages/airflow/example_dags/example_external_task_marker_dag.py for tasks to queue
[2026-06-11T22:15:15.962+0000] {logging_mixin.py:188} INFO - [2026-06-11T22:15:15.962+0000] {dagbag.py:545} INFO - Filling up the DagBag from /home/airflow/.local/lib/python3.12/site-packages/airflow/example_dags/example_external_task_marker_dag.py
[2026-06-11T22:15:15.973+0000] {processor.py:840} INFO - DAG(s) 'example_external_task_marker_parent', 'example_external_task_marker_child' retrieved from /home/airflow/.local/lib/python3.12/site-packages/airflow/example_dags/example_external_task_marker_dag.py
[2026-06-11T22:15:16.007+0000] {logging_mixin.py:188} INFO - [2026-06-11T22:15:16.006+0000] {dag.py:3096} INFO - Sync 2 DAGs
[2026-06-11T22:15:16.024+0000] {logging_mixin.py:188} INFO - [2026-06-11T22:15:16.024+0000] {dag.py:3954} INFO - Setting next_dagrun for example_external_task_marker_child to None, run_after=None
[2026-06-11T22:15:16.029+0000] {logging_mixin.py:188} INFO - [2026-06-11T22:15:16.029+0000] {dag.py:3954} INFO - Setting next_dagrun for example_external_task_marker_parent to None, run_after=None
[2026-06-11T22:15:16.050+0000] {processor.py:183} INFO - Processing /home/airflow/.local/lib/python3.12/site-packages/airflow/example_dags/example_external_task_marker_dag.py took 0.097 seconds
[2026-06-11T22:15:46.829+0000] {processor.py:161} INFO - Started process (PID=1033) to work on /home/airflow/.local/lib/python3.12/site-packages/airflow/example_dags/example_external_task_marker_dag.py
[2026-06-11T22:15:46.832+0000] {processor.py:830} INFO - Processing file /home/airflow/.local/lib/python3.12/site-packages/airflow/example_dags/example_external_task_marker_dag.py for tasks to queue
[2026-06-11T22:15:46.835+0000] {logging_mixin.py:188} INFO - [2026-06-11T22:15:46.834+0000] {dagbag.py:545} INFO - Filling up the DagBag from /home/airflow/.local/lib/python3.12/site-packages/airflow/example_dags/example_external_task_marker_dag.py
[2026-06-11T22:15:46.852+0000] {processor.py:840} INFO - DAG(s) 'example_external_task_marker_child', 'example_external_task_marker_parent' retrieved from /home/airflow/.local/lib/python3.12/site-packages/airflow/example_dags/example_external_task_marker_dag.py
[2026-06-11T22:15:46.896+0000] {logging_mixin.py:188} INFO - [2026-06-11T22:15:46.896+0000] {dag.py:3096} INFO - Sync 2 DAGs
[2026-06-11T22:15:46.914+0000] {logging_mixin.py:188} INFO - [2026-06-11T22:15:46.914+0000] {dag.py:3954} INFO - Setting next_dagrun for example_external_task_marker_child to None, run_after=None
[2026-06-11T22:15:46.919+0000] {logging_mixin.py:188} INFO - [2026-06-11T22:15:46.918+0000] {dag.py:3954} INFO - Setting next_dagrun for example_external_task_marker_parent to None, run_after=None
[2026-06-11T22:15:46.936+0000] {processor.py:183} INFO - Processing /home/airflow/.local/lib/python3.12/site-packages/airflow/example_dags/example_external_task_marker_dag.py took 0.117 seconds
[2026-06-11T22:16:17.630+0000] {processor.py:161} INFO - Started process (PID=1094) to work on /home/airflow/.local/lib/python3.12/site-packages/airflow/example_dags/example_external_task_marker_dag.py
[2026-06-11T22:16:17.631+0000] {processor.py:830} INFO - Processing file /home/airflow/.local/lib/python3.12/site-packages/airflow/example_dags/example_external_task_marker_dag.py for tasks to queue
[2026-06-11T22:16:17.633+0000] {logging_mixin.py:188} INFO - [2026-06-11T22:16:17.633+0000] {dagbag.py:545} INFO - Filling up the DagBag from /home/airflow/.local/lib/python3.12/site-packages/airflow/example_dags/example_external_task_marker_dag.py
[2026-06-11T22:16:17.640+0000] {processor.py:840} INFO - DAG(s) 'example_external_task_marker_parent', 'example_external_task_marker_child' retrieved from /home/airflow/.local/lib/python3.12/site-packages/airflow/example_dags/example_external_task_marker_dag.py
[2026-06-11T22:16:17.666+0000] {logging_mixin.py:188} INFO - [2026-06-11T22:16:17.666+0000] {dag.py:3096} INFO - Sync 2 DAGs
[2026-06-11T22:16:17.683+0000] {logging_mixin.py:188} INFO - [2026-06-11T22:16:17.683+0000] {dag.py:3954} INFO - Setting next_dagrun for example_external_task_marker_child to None, run_after=None
[2026-06-11T22:16:17.688+0000] {logging_mixin.py:188} INFO - [2026-06-11T22:16:17.688+0000] {dag.py:3954} INFO - Setting next_dagrun for example_external_task_marker_parent to None, run_after=None
[2026-06-11T22:16:17.715+0000] {processor.py:183} INFO - Processing /home/airflow/.local/lib/python3.12/site-packages/airflow/example_dags/example_external_task_marker_dag.py took 0.093 seconds
[2026-06-11T22:16:48.653+0000] {processor.py:161} INFO - Started process (PID=1155) to work on /home/airflow/.local/lib/python3.12/site-packages/airflow/example_dags/example_external_task_marker_dag.py
[2026-06-11T22:16:48.654+0000] {processor.py:830} INFO - Processing file /home/airflow/.local/lib/python3.12/site-packages/airflow/example_dags/example_external_task_marker_dag.py for tasks to queue
[2026-06-11T22:16:48.656+0000] {logging_mixin.py:188} INFO - [2026-06-11T22:16:48.656+0000] {dagbag.py:545} INFO - Filling up the DagBag from /home/airflow/.local/lib/python3.12/site-packages/airflow/example_dags/example_external_task_marker_dag.py
[2026-06-11T22:16:48.663+0000] {processor.py:840} INFO - DAG(s) 'example_external_task_marker_child', 'example_external_task_marker_parent' retrieved from /home/airflow/.local/lib/python3.12/site-packages/airflow/example_dags/example_external_task_marker_dag.py
[2026-06-11T22:16:48.691+0000] {logging_mixin.py:188} INFO - [2026-06-11T22:16:48.690+0000] {dag.py:3096} INFO - Sync 2 DAGs
[2026-06-11T22:16:48.708+0000] {logging_mixin.py:188} INFO - [2026-06-11T22:16:48.708+0000] {dag.py:3954} INFO - Setting next_dagrun for example_external_task_marker_child to None, run_after=None
[2026-06-11T22:16:48.713+0000] {logging_mixin.py:188} INFO - [2026-06-11T22:16:48.713+0000] {dag.py:3954} INFO - Setting next_dagrun for example_external_task_marker_parent to None, run_after=None
[2026-06-11T22:16:48.731+0000] {processor.py:183} INFO - Processing /home/airflow/.local/lib/python3.12/site-packages/airflow/example_dags/example_external_task_marker_dag.py took 0.092 seconds
[2026-06-11T22:17:19.062+0000] {processor.py:161} INFO - Started process (PID=1216) to work on /home/airflow/.local/lib/python3.12/site-packages/airflow/example_dags/example_external_task_marker_dag.py
[2026-06-11T22:17:19.062+0000] {processor.py:830} INFO - Processing file /home/airflow/.local/lib/python3.12/site-packages/airflow/example_dags/example_external_task_marker_dag.py for tasks to queue
[2026-06-11T22:17:19.064+0000] {logging_mixin.py:188} INFO - [2026-06-11T22:17:19.064+0000] {dagbag.py:545} INFO - Filling up the DagBag from /home/airflow/.local/lib/python3.12/site-packages/airflow/example_dags/example_external_task_marker_dag.py
[2026-06-11T22:17:19.072+0000] {processor.py:840} INFO - DAG(s) 'example_external_task_marker_child', 'example_external_task_marker_parent' retrieved from /home/airflow/.local/lib/python3.12/site-packages/airflow/example_dags/example_external_task_marker_dag.py
[2026-06-11T22:17:19.102+0000] {logging_mixin.py:188} INFO - [2026-06-11T22:17:19.102+0000] {dag.py:3096} INFO - Sync 2 DAGs
[2026-06-11T22:17:19.119+0000] {logging_mixin.py:188} INFO - [2026-06-11T22:17:19.119+0000] {dag.py:3954} INFO - Setting next_dagrun for example_external_task_marker_child to None, run_after=None
[2026-06-11T22:17:19.124+0000] {logging_mixin.py:188} INFO - [2026-06-11T22:17:19.124+0000] {dag.py:3954} INFO - Setting next_dagrun for example_external_task_marker_parent to None, run_after=None
[2026-06-11T22:17:19.141+0000] {processor.py:183} INFO - Processing /home/airflow/.local/lib/python3.12/site-packages/airflow/example_dags/example_external_task_marker_dag.py took 0.088 seconds
[2026-06-11T22:17:49.174+0000] {processor.py:161} INFO - Started process (PID=1276) to work on /home/airflow/.local/lib/python3.12/site-packages/airflow/example_dags/example_external_task_marker_dag.py
[2026-06-11T22:17:49.175+0000] {processor.py:830} INFO - Processing file /home/airflow/.local/lib/python3.12/site-packages/airflow/example_dags/example_external_task_marker_dag.py for tasks to queue
[2026-06-11T22:17:49.176+0000] {logging_mixin.py:188} INFO - [2026-06-11T22:17:49.176+0000] {dagbag.py:545} INFO - Filling up the DagBag from /home/airflow/.local/lib/python3.12/site-packages/airflow/example_dags/example_external_task_marker_dag.py
[2026-06-11T22:17:49.181+0000] {processor.py:840} INFO - DAG(s) 'example_external_task_marker_parent', 'example_external_task_marker_child' retrieved from /home/airflow/.local/lib/python3.12/site-packages/airflow/example_dags/example_external_task_marker_dag.py
[2026-06-11T22:17:49.203+0000] {logging_mixin.py:188} INFO - [2026-06-11T22:17:49.203+0000] {dag.py:3096} INFO - Sync 2 DAGs
[2026-06-11T22:17:49.214+0000] {logging_mixin.py:188} INFO - [2026-06-11T22:17:49.214+0000] {dag.py:3954} INFO - Setting next_dagrun for example_external_task_marker_child to None, run_after=None
[2026-06-11T22:17:49.217+0000] {logging_mixin.py:188} INFO - [2026-06-11T22:17:49.217+0000] {dag.py:3954} INFO - Setting next_dagrun for example_external_task_marker_parent to None, run_after=None
[2026-06-11T22:17:49.230+0000] {processor.py:183} INFO - Processing /home/airflow/.local/lib/python3.12/site-packages/airflow/example_dags/example_external_task_marker_dag.py took 0.062 seconds
[2026-06-11T22:18:19.742+0000] {processor.py:161} INFO - Started process (PID=1339) to work on /home/airflow/.local/lib/python3.12/site-packages/airflow/example_dags/example_external_task_marker_dag.py
[2026-06-11T22:18:19.743+0000] {processor.py:830} INFO - Processing file /home/airflow/.local/lib/python3.12/site-packages/airflow/example_dags/example_external_task_marker_dag.py for tasks to queue
[2026-06-11T22:18:19.745+0000] {logging_mixin.py:188} INFO - [2026-06-11T22:18:19.744+0000] {dagbag.py:545} INFO - Filling up the DagBag from /home/airflow/.local/lib/python3.12/site-packages/airflow/example_dags/example_external_task_marker_dag.py
[2026-06-11T22:18:19.752+0000] {processor.py:840} INFO - DAG(s) 'example_external_task_marker_parent', 'example_external_task_marker_child' retrieved from /home/airflow/.local/lib/python3.12/site-packages/airflow/example_dags/example_external_task_marker_dag.py
[2026-06-11T22:18:19.782+0000] {logging_mixin.py:188} INFO - [2026-06-11T22:18:19.781+0000] {dag.py:3096} INFO - Sync 2 DAGs
[2026-06-11T22:18:19.798+0000] {logging_mixin.py:188} INFO - [2026-06-11T22:18:19.798+0000] {dag.py:3954} INFO - Setting next_dagrun for example_external_task_marker_child to None, run_after=None
[2026-06-11T22:18:19.802+0000] {logging_mixin.py:188} INFO - [2026-06-11T22:18:19.802+0000] {dag.py:3954} INFO - Setting next_dagrun for example_external_task_marker_parent to None, run_after=None
[2026-06-11T22:18:19.820+0000] {processor.py:183} INFO - Processing /home/airflow/.local/lib/python3.12/site-packages/airflow/example_dags/example_external_task_marker_dag.py took 0.085 seconds
[2026-06-11T22:18:51.317+0000] {processor.py:161} INFO - Started process (PID=1399) to work on /home/airflow/.local/lib/python3.12/site-packages/airflow/example_dags/example_external_task_marker_dag.py
[2026-06-11T22:18:51.318+0000] {processor.py:830} INFO - Processing file /home/airflow/.local/lib/python3.12/site-packages/airflow/example_dags/example_external_task_marker_dag.py for tasks to queue
[2026-06-11T22:18:51.320+0000] {logging_mixin.py:188} INFO - [2026-06-11T22:18:51.320+0000] {dagbag.py:545} INFO - Filling up the DagBag from /home/airflow/.local/lib/python3.12/site-packages/airflow/example_dags/example_external_task_marker_dag.py
[2026-06-11T22:18:51.327+0000] {processor.py:840} INFO - DAG(s) 'example_external_task_marker_parent', 'example_external_task_marker_child' retrieved from /home/airflow/.local/lib/python3.12/site-packages/airflow/example_dags/example_external_task_marker_dag.py
[2026-06-11T22:18:51.355+0000] {logging_mixin.py:188} INFO - [2026-06-11T22:18:51.355+0000] {dag.py:3096} INFO - Sync 2 DAGs
[2026-06-11T22:18:51.372+0000] {logging_mixin.py:188} INFO - [2026-06-11T22:18:51.371+0000] {dag.py:3954} INFO - Setting next_dagrun for example_external_task_marker_child to None, run_after=None
[2026-06-11T22:18:51.376+0000] {logging_mixin.py:188} INFO - [2026-06-11T22:18:51.376+0000] {dag.py:3954} INFO - Setting next_dagrun for example_external_task_marker_parent to None, run_after=None
[2026-06-11T22:18:51.394+0000] {processor.py:183} INFO - Processing /home/airflow/.local/lib/python3.12/site-packages/airflow/example_dags/example_external_task_marker_dag.py took 0.083 seconds
[2026-06-11T22:19:24.791+0000] {processor.py:161} INFO - Started process (PID=1460) to work on /home/airflow/.local/lib/python3.12/site-packages/airflow/example_dags/example_external_task_marker_dag.py
[2026-06-11T22:19:24.793+0000] {processor.py:830} INFO - Processing file /home/airflow/.local/lib/python3.12/site-packages/airflow/example_dags/example_external_task_marker_dag.py for tasks to queue
[2026-06-11T22:19:24.794+0000] {logging_mixin.py:188} INFO - [2026-06-11T22:19:24.794+0000] {dagbag.py:545} INFO - Filling up the DagBag from /home/airflow/.local/lib/python3.12/site-packages/airflow/example_dags/example_external_task_marker_dag.py
[2026-06-11T22:19:24.801+0000] {processor.py:840} INFO - DAG(s) 'example_external_task_marker_parent', 'example_external_task_marker_child' retrieved from /home/airflow/.local/lib/python3.12/site-packages/airflow/example_dags/example_external_task_marker_dag.py
[2026-06-11T22:19:25.009+0000] {logging_mixin.py:188} INFO - [2026-06-11T22:19:25.009+0000] {dag.py:3096} INFO - Sync 2 DAGs
[2026-06-11T22:19:25.024+0000] {logging_mixin.py:188} INFO - [2026-06-11T22:19:25.024+0000] {dag.py:3954} INFO - Setting next_dagrun for example_external_task_marker_child to None, run_after=None
[2026-06-11T22:19:25.028+0000] {logging_mixin.py:188} INFO - [2026-06-11T22:19:25.028+0000] {dag.py:3954} INFO - Setting next_dagrun for example_external_task_marker_parent to None, run_after=None
[2026-06-11T22:19:25.045+0000] {processor.py:183} INFO - Processing /home/airflow/.local/lib/python3.12/site-packages/airflow/example_dags/example_external_task_marker_dag.py took 0.260 seconds
[2026-06-11T22:19:55.697+0000] {processor.py:161} INFO - Started process (PID=1520) to work on /home/airflow/.local/lib/python3.12/site-packages/airflow/example_dags/example_external_task_marker_dag.py
[2026-06-11T22:19:55.702+0000] {processor.py:830} INFO - Processing file /home/airflow/.local/lib/python3.12/site-packages/airflow/example_dags/example_external_task_marker_dag.py for tasks to queue
[2026-06-11T22:19:55.705+0000] {logging_mixin.py:188} INFO - [2026-06-11T22:19:55.704+0000] {dagbag.py:545} INFO - Filling up the DagBag from /home/airflow/.local/lib/python3.12/site-packages/airflow/example_dags/example_external_task_marker_dag.py
[2026-06-11T22:19:55.717+0000] {processor.py:840} INFO - DAG(s) 'example_external_task_marker_parent', 'example_external_task_marker_child' retrieved from /home/airflow/.local/lib/python3.12/site-packages/airflow/example_dags/example_external_task_marker_dag.py
[2026-06-11T22:19:55.782+0000] {logging_mixin.py:188} INFO - [2026-06-11T22:19:55.781+0000] {dag.py:3096} INFO - Sync 2 DAGs
[2026-06-11T22:19:55.806+0000] {logging_mixin.py:188} INFO - [2026-06-11T22:19:55.806+0000] {dag.py:3954} INFO - Setting next_dagrun for example_external_task_marker_child to None, run_after=None
[2026-06-11T22:19:55.811+0000] {logging_mixin.py:188} INFO - [2026-06-11T22:19:55.811+0000] {dag.py:3954} INFO - Setting next_dagrun for example_external_task_marker_parent to None, run_after=None
[2026-06-11T22:19:55.828+0000] {processor.py:183} INFO - Processing /home/airflow/.local/lib/python3.12/site-packages/airflow/example_dags/example_external_task_marker_dag.py took 0.170 seconds
[2026-06-11T22:20:25.986+0000] {processor.py:161} INFO - Started process (PID=1581) to work on /home/airflow/.local/lib/python3.12/site-packages/airflow/example_dags/example_external_task_marker_dag.py
[2026-06-11T22:20:25.987+0000] {processor.py:830} INFO - Processing file /home/airflow/.local/lib/python3.12/site-packages/airflow/example_dags/example_external_task_marker_dag.py for tasks to queue
[2026-06-11T22:20:25.989+0000] {logging_mixin.py:188} INFO - [2026-06-11T22:20:25.989+0000] {dagbag.py:545} INFO - Filling up the DagBag from /home/airflow/.local/lib/python3.12/site-packages/airflow/example_dags/example_external_task_marker_dag.py
[2026-06-11T22:20:25.996+0000] {processor.py:840} INFO - DAG(s) 'example_external_task_marker_parent', 'example_external_task_marker_child' retrieved from /home/airflow/.local/lib/python3.12/site-packages/airflow/example_dags/example_external_task_marker_dag.py
[2026-06-11T22:20:26.025+0000] {logging_mixin.py:188} INFO - [2026-06-11T22:20:26.024+0000] {dag.py:3096} INFO - Sync 2 DAGs
[2026-06-11T22:20:26.043+0000] {logging_mixin.py:188} INFO - [2026-06-11T22:20:26.043+0000] {dag.py:3954} INFO - Setting next_dagrun for example_external_task_marker_child to None, run_after=None
[2026-06-11T22:20:26.048+0000] {logging_mixin.py:188} INFO - [2026-06-11T22:20:26.047+0000] {dag.py:3954} INFO - Setting next_dagrun for example_external_task_marker_parent to None, run_after=None
[2026-06-11T22:20:26.077+0000] {processor.py:183} INFO - Processing /home/airflow/.local/lib/python3.12/site-packages/airflow/example_dags/example_external_task_marker_dag.py took 0.098 seconds
[2026-06-11T22:20:57.530+0000] {processor.py:161} INFO - Started process (PID=1642) to work on /home/airflow/.local/lib/python3.12/site-packages/airflow/example_dags/example_external_task_marker_dag.py
[2026-06-11T22:20:57.532+0000] {processor.py:830} INFO - Processing file /home/airflow/.local/lib/python3.12/site-packages/airflow/example_dags/example_external_task_marker_dag.py for tasks to queue
[2026-06-11T22:20:57.535+0000] {logging_mixin.py:188} INFO - [2026-06-11T22:20:57.535+0000] {dagbag.py:545} INFO - Filling up the DagBag from /home/airflow/.local/lib/python3.12/site-packages/airflow/example_dags/example_external_task_marker_dag.py
[2026-06-11T22:20:57.544+0000] {processor.py:840} INFO - DAG(s) 'example_external_task_marker_child', 'example_external_task_marker_parent' retrieved from /home/airflow/.local/lib/python3.12/site-packages/airflow/example_dags/example_external_task_marker_dag.py
[2026-06-11T22:20:57.590+0000] {logging_mixin.py:188} INFO - [2026-06-11T22:20:57.589+0000] {dag.py:3096} INFO - Sync 2 DAGs
[2026-06-11T22:20:57.607+0000] {logging_mixin.py:188} INFO - [2026-06-11T22:20:57.606+0000] {dag.py:3954} INFO - Setting next_dagrun for example_external_task_marker_child to None, run_after=None
[2026-06-11T22:20:57.620+0000] {logging_mixin.py:188} INFO - [2026-06-11T22:20:57.618+0000] {dag.py:3954} INFO - Setting next_dagrun for example_external_task_marker_parent to None, run_after=None
[2026-06-11T22:20:57.680+0000] {processor.py:183} INFO - Processing /home/airflow/.local/lib/python3.12/site-packages/airflow/example_dags/example_external_task_marker_dag.py took 0.169 seconds
[2026-06-11T22:21:28.639+0000] {processor.py:161} INFO - Started process (PID=1703) to work on /home/airflow/.local/lib/python3.12/site-packages/airflow/example_dags/example_external_task_marker_dag.py
[2026-06-11T22:21:28.641+0000] {processor.py:830} INFO - Processing file /home/airflow/.local/lib/python3.12/site-packages/airflow/example_dags/example_external_task_marker_dag.py for tasks to queue
[2026-06-11T22:21:28.644+0000] {logging_mixin.py:188} INFO - [2026-06-11T22:21:28.643+0000] {dagbag.py:545} INFO - Filling up the DagBag from /home/airflow/.local/lib/python3.12/site-packages/airflow/example_dags/example_external_task_marker_dag.py
[2026-06-11T22:21:28.653+0000] {processor.py:840} INFO - DAG(s) 'example_external_task_marker_parent', 'example_external_task_marker_child' retrieved from /home/airflow/.local/lib/python3.12/site-packages/airflow/example_dags/example_external_task_marker_dag.py
[2026-06-11T22:21:28.681+0000] {logging_mixin.py:188} INFO - [2026-06-11T22:21:28.681+0000] {dag.py:3096} INFO - Sync 2 DAGs
[2026-06-11T22:21:28.698+0000] {logging_mixin.py:188} INFO - [2026-06-11T22:21:28.697+0000] {dag.py:3954} INFO - Setting next_dagrun for example_external_task_marker_child to None, run_after=None
[2026-06-11T22:21:28.702+0000] {logging_mixin.py:188} INFO - [2026-06-11T22:21:28.702+0000] {dag.py:3954} INFO - Setting next_dagrun for example_external_task_marker_parent to None, run_after=None
[2026-06-11T22:21:28.720+0000] {processor.py:183} INFO - Processing /home/airflow/.local/lib/python3.12/site-packages/airflow/example_dags/example_external_task_marker_dag.py took 0.088 seconds
[2026-06-11T22:21:58.884+0000] {processor.py:161} INFO - Started process (PID=1763) to work on /home/airflow/.local/lib/python3.12/site-packages/airflow/example_dags/example_external_task_marker_dag.py
[2026-06-11T22:21:58.886+0000] {processor.py:830} INFO - Processing file /home/airflow/.local/lib/python3.12/site-packages/airflow/example_dags/example_external_task_marker_dag.py for tasks to queue
[2026-06-11T22:21:58.895+0000] {logging_mixin.py:188} INFO - [2026-06-11T22:21:58.892+0000] {dagbag.py:545} INFO - Filling up the DagBag from /home/airflow/.local/lib/python3.12/site-packages/airflow/example_dags/example_external_task_marker_dag.py
[2026-06-11T22:21:58.939+0000] {processor.py:840} INFO - DAG(s) 'example_external_task_marker_child', 'example_external_task_marker_parent' retrieved from /home/airflow/.local/lib/python3.12/site-packages/airflow/example_dags/example_external_task_marker_dag.py
[2026-06-11T22:21:59.005+0000] {logging_mixin.py:188} INFO - [2026-06-11T22:21:59.005+0000] {dag.py:3096} INFO - Sync 2 DAGs
[2026-06-11T22:21:59.048+0000] {logging_mixin.py:188} INFO - [2026-06-11T22:21:59.048+0000] {dag.py:3954} INFO - Setting next_dagrun for example_external_task_marker_child to None, run_after=None
[2026-06-11T22:21:59.059+0000] {logging_mixin.py:188} INFO - [2026-06-11T22:21:59.059+0000] {dag.py:3954} INFO - Setting next_dagrun for example_external_task_marker_parent to None, run_after=None
[2026-06-11T22:21:59.095+0000] {processor.py:183} INFO - Processing /home/airflow/.local/lib/python3.12/site-packages/airflow/example_dags/example_external_task_marker_dag.py took 0.221 seconds
[2026-06-11T22:22:29.691+0000] {processor.py:161} INFO - Started process (PID=1824) to work on /home/airflow/.local/lib/python3.12/site-packages/airflow/example_dags/example_external_task_marker_dag.py
[2026-06-11T22:22:29.692+0000] {processor.py:830} INFO - Processing file /home/airflow/.local/lib/python3.12/site-packages/airflow/example_dags/example_external_task_marker_dag.py for tasks to queue
[2026-06-11T22:22:29.695+0000] {logging_mixin.py:188} INFO - [2026-06-11T22:22:29.694+0000] {dagbag.py:545} INFO - Filling up the DagBag from /home/airflow/.local/lib/python3.12/site-packages/airflow/example_dags/example_external_task_marker_dag.py
[2026-06-11T22:22:29.702+0000] {processor.py:840} INFO - DAG(s) 'example_external_task_marker_child', 'example_external_task_marker_parent' retrieved from /home/airflow/.local/lib/python3.12/site-packages/airflow/example_dags/example_external_task_marker_dag.py
[2026-06-11T22:22:29.731+0000] {logging_mixin.py:188} INFO - [2026-06-11T22:22:29.731+0000] {dag.py:3096} INFO - Sync 2 DAGs
[2026-06-11T22:22:29.749+0000] {logging_mixin.py:188} INFO - [2026-06-11T22:22:29.748+0000] {dag.py:3954} INFO - Setting next_dagrun for example_external_task_marker_child to None, run_after=None
[2026-06-11T22:22:29.753+0000] {logging_mixin.py:188} INFO - [2026-06-11T22:22:29.753+0000] {dag.py:3954} INFO - Setting next_dagrun for example_external_task_marker_parent to None, run_after=None
[2026-06-11T22:22:29.770+0000] {processor.py:183} INFO - Processing /home/airflow/.local/lib/python3.12/site-packages/airflow/example_dags/example_external_task_marker_dag.py took 0.086 seconds
[2026-06-11T22:23:00.140+0000] {processor.py:161} INFO - Started process (PID=1885) to work on /home/airflow/.local/lib/python3.12/site-packages/airflow/example_dags/example_external_task_marker_dag.py
[2026-06-11T22:23:00.141+0000] {processor.py:830} INFO - Processing file /home/airflow/.local/lib/python3.12/site-packages/airflow/example_dags/example_external_task_marker_dag.py for tasks to queue
[2026-06-11T22:23:00.143+0000] {logging_mixin.py:188} INFO - [2026-06-11T22:23:00.143+0000] {dagbag.py:545} INFO - Filling up the DagBag from /home/airflow/.local/lib/python3.12/site-packages/airflow/example_dags/example_external_task_marker_dag.py
[2026-06-11T22:23:00.150+0000] {processor.py:840} INFO - DAG(s) 'example_external_task_marker_child', 'example_external_task_marker_parent' retrieved from /home/airflow/.local/lib/python3.12/site-packages/airflow/example_dags/example_external_task_marker_dag.py
[2026-06-11T22:23:00.181+0000] {logging_mixin.py:188} INFO - [2026-06-11T22:23:00.180+0000] {dag.py:3096} INFO - Sync 2 DAGs
[2026-06-11T22:23:00.209+0000] {logging_mixin.py:188} INFO - [2026-06-11T22:23:00.208+0000] {dag.py:3954} INFO - Setting next_dagrun for example_external_task_marker_child to None, run_after=None
[2026-06-11T22:23:00.216+0000] {logging_mixin.py:188} INFO - [2026-06-11T22:23:00.216+0000] {dag.py:3954} INFO - Setting next_dagrun for example_external_task_marker_parent to None, run_after=None
[2026-06-11T22:23:00.256+0000] {processor.py:183} INFO - Processing /home/airflow/.local/lib/python3.12/site-packages/airflow/example_dags/example_external_task_marker_dag.py took 0.122 seconds
[2026-06-11T22:23:30.323+0000] {processor.py:161} INFO - Started process (PID=1946) to work on /home/airflow/.local/lib/python3.12/site-packages/airflow/example_dags/example_external_task_marker_dag.py
[2026-06-11T22:23:30.323+0000] {processor.py:830} INFO - Processing file /home/airflow/.local/lib/python3.12/site-packages/airflow/example_dags/example_external_task_marker_dag.py for tasks to queue
[2026-06-11T22:23:30.325+0000] {logging_mixin.py:188} INFO - [2026-06-11T22:23:30.325+0000] {dagbag.py:545} INFO - Filling up the DagBag from /home/airflow/.local/lib/python3.12/site-packages/airflow/example_dags/example_external_task_marker_dag.py
[2026-06-11T22:23:30.330+0000] {processor.py:840} INFO - DAG(s) 'example_external_task_marker_parent', 'example_external_task_marker_child' retrieved from /home/airflow/.local/lib/python3.12/site-packages/airflow/example_dags/example_external_task_marker_dag.py
[2026-06-11T22:23:30.350+0000] {logging_mixin.py:188} INFO - [2026-06-11T22:23:30.349+0000] {dag.py:3096} INFO - Sync 2 DAGs
[2026-06-11T22:23:30.361+0000] {logging_mixin.py:188} INFO - [2026-06-11T22:23:30.361+0000] {dag.py:3954} INFO - Setting next_dagrun for example_external_task_marker_child to None, run_after=None
[2026-06-11T22:23:30.364+0000] {logging_mixin.py:188} INFO - [2026-06-11T22:23:30.364+0000] {dag.py:3954} INFO - Setting next_dagrun for example_external_task_marker_parent to None, run_after=None
[2026-06-11T22:23:30.379+0000] {processor.py:183} INFO - Processing /home/airflow/.local/lib/python3.12/site-packages/airflow/example_dags/example_external_task_marker_dag.py took 0.061 seconds
[2026-06-11T22:24:00.531+0000] {processor.py:161} INFO - Started process (PID=2007) to work on /home/airflow/.local/lib/python3.12/site-packages/airflow/example_dags/example_external_task_marker_dag.py
[2026-06-11T22:24:00.532+0000] {processor.py:830} INFO - Processing file /home/airflow/.local/lib/python3.12/site-packages/airflow/example_dags/example_external_task_marker_dag.py for tasks to queue
[2026-06-11T22:24:00.533+0000] {logging_mixin.py:188} INFO - [2026-06-11T22:24:00.533+0000] {dagbag.py:545} INFO - Filling up the DagBag from /home/airflow/.local/lib/python3.12/site-packages/airflow/example_dags/example_external_task_marker_dag.py
[2026-06-11T22:24:00.539+0000] {processor.py:840} INFO - DAG(s) 'example_external_task_marker_parent', 'example_external_task_marker_child' retrieved from /home/airflow/.local/lib/python3.12/site-packages/airflow/example_dags/example_external_task_marker_dag.py
[2026-06-11T22:24:00.562+0000] {logging_mixin.py:188} INFO - [2026-06-11T22:24:00.561+0000] {dag.py:3096} INFO - Sync 2 DAGs
[2026-06-11T22:24:00.575+0000] {logging_mixin.py:188} INFO - [2026-06-11T22:24:00.575+0000] {dag.py:3954} INFO - Setting next_dagrun for example_external_task_marker_child to None, run_after=None
[2026-06-11T22:24:00.579+0000] {logging_mixin.py:188} INFO - [2026-06-11T22:24:00.578+0000] {dag.py:3954} INFO - Setting next_dagrun for example_external_task_marker_parent to None, run_after=None
[2026-06-11T22:24:00.593+0000] {processor.py:183} INFO - Processing /home/airflow/.local/lib/python3.12/site-packages/airflow/example_dags/example_external_task_marker_dag.py took 0.068 seconds
[2026-06-11T22:24:31.086+0000] {processor.py:161} INFO - Started process (PID=2067) to work on /home/airflow/.local/lib/python3.12/site-packages/airflow/example_dags/example_external_task_marker_dag.py
[2026-06-11T22:24:31.087+0000] {processor.py:830} INFO - Processing file /home/airflow/.local/lib/python3.12/site-packages/airflow/example_dags/example_external_task_marker_dag.py for tasks to queue
[2026-06-11T22:24:31.088+0000] {logging_mixin.py:188} INFO - [2026-06-11T22:24:31.088+0000] {dagbag.py:545} INFO - Filling up the DagBag from /home/airflow/.local/lib/python3.12/site-packages/airflow/example_dags/example_external_task_marker_dag.py
[2026-06-11T22:24:31.093+0000] {processor.py:840} INFO - DAG(s) 'example_external_task_marker_child', 'example_external_task_marker_parent' retrieved from /home/airflow/.local/lib/python3.12/site-packages/airflow/example_dags/example_external_task_marker_dag.py
[2026-06-11T22:24:31.112+0000] {logging_mixin.py:188} INFO - [2026-06-11T22:24:31.112+0000] {dag.py:3096} INFO - Sync 2 DAGs
[2026-06-11T22:24:31.124+0000] {logging_mixin.py:188} INFO - [2026-06-11T22:24:31.124+0000] {dag.py:3954} INFO - Setting next_dagrun for example_external_task_marker_child to None, run_after=None
[2026-06-11T22:24:31.127+0000] {logging_mixin.py:188} INFO - [2026-06-11T22:24:31.127+0000] {dag.py:3954} INFO - Setting next_dagrun for example_external_task_marker_parent to None, run_after=None
[2026-06-11T22:24:31.141+0000] {processor.py:183} INFO - Processing /home/airflow/.local/lib/python3.12/site-packages/airflow/example_dags/example_external_task_marker_dag.py took 0.065 seconds
[2026-06-11T22:25:01.298+0000] {processor.py:161} INFO - Started process (PID=2128) to work on /home/airflow/.local/lib/python3.12/site-packages/airflow/example_dags/example_external_task_marker_dag.py
[2026-06-11T22:25:01.299+0000] {processor.py:830} INFO - Processing file /home/airflow/.local/lib/python3.12/site-packages/airflow/example_dags/example_external_task_marker_dag.py for tasks to queue
[2026-06-11T22:25:01.301+0000] {logging_mixin.py:188} INFO - [2026-06-11T22:25:01.300+0000] {dagbag.py:545} INFO - Filling up the DagBag from /home/airflow/.local/lib/python3.12/site-packages/airflow/example_dags/example_external_task_marker_dag.py
[2026-06-11T22:25:01.306+0000] {processor.py:840} INFO - DAG(s) 'example_external_task_marker_child', 'example_external_task_marker_parent' retrieved from /home/airflow/.local/lib/python3.12/site-packages/airflow/example_dags/example_external_task_marker_dag.py
[2026-06-11T22:25:01.327+0000] {logging_mixin.py:188} INFO - [2026-06-11T22:25:01.327+0000] {dag.py:3096} INFO - Sync 2 DAGs
[2026-06-11T22:25:01.339+0000] {logging_mixin.py:188} INFO - [2026-06-11T22:25:01.339+0000] {dag.py:3954} INFO - Setting next_dagrun for example_external_task_marker_child to None, run_after=None
[2026-06-11T22:25:01.342+0000] {logging_mixin.py:188} INFO - [2026-06-11T22:25:01.342+0000] {dag.py:3954} INFO - Setting next_dagrun for example_external_task_marker_parent to None, run_after=None
[2026-06-11T22:25:01.357+0000] {processor.py:183} INFO - Processing /home/airflow/.local/lib/python3.12/site-packages/airflow/example_dags/example_external_task_marker_dag.py took 0.065 seconds
[2026-06-11T22:25:31.489+0000] {processor.py:161} INFO - Started process (PID=2189) to work on /home/airflow/.local/lib/python3.12/site-packages/airflow/example_dags/example_external_task_marker_dag.py
[2026-06-11T22:25:31.492+0000] {processor.py:830} INFO - Processing file /home/airflow/.local/lib/python3.12/site-packages/airflow/example_dags/example_external_task_marker_dag.py for tasks to queue
[2026-06-11T22:25:31.496+0000] {logging_mixin.py:188} INFO - [2026-06-11T22:25:31.495+0000] {dagbag.py:545} INFO - Filling up the DagBag from /home/airflow/.local/lib/python3.12/site-packages/airflow/example_dags/example_external_task_marker_dag.py
[2026-06-11T22:25:31.505+0000] {processor.py:840} INFO - DAG(s) 'example_external_task_marker_child', 'example_external_task_marker_parent' retrieved from /home/airflow/.local/lib/python3.12/site-packages/airflow/example_dags/example_external_task_marker_dag.py
[2026-06-11T22:25:31.536+0000] {logging_mixin.py:188} INFO - [2026-06-11T22:25:31.536+0000] {dag.py:3096} INFO - Sync 2 DAGs
[2026-06-11T22:25:31.558+0000] {logging_mixin.py:188} INFO - [2026-06-11T22:25:31.557+0000] {dag.py:3954} INFO - Setting next_dagrun for example_external_task_marker_child to None, run_after=None
[2026-06-11T22:25:31.562+0000] {logging_mixin.py:188} INFO - [2026-06-11T22:25:31.562+0000] {dag.py:3954} INFO - Setting next_dagrun for example_external_task_marker_parent to None, run_after=None
[2026-06-11T22:25:31.582+0000] {processor.py:183} INFO - Processing /home/airflow/.local/lib/python3.12/site-packages/airflow/example_dags/example_external_task_marker_dag.py took 0.107 seconds
[2026-06-11T22:26:02.018+0000] {processor.py:161} INFO - Started process (PID=2250) to work on /home/airflow/.local/lib/python3.12/site-packages/airflow/example_dags/example_external_task_marker_dag.py
[2026-06-11T22:26:02.019+0000] {processor.py:830} INFO - Processing file /home/airflow/.local/lib/python3.12/site-packages/airflow/example_dags/example_external_task_marker_dag.py for tasks to queue
[2026-06-11T22:26:02.021+0000] {logging_mixin.py:188} INFO - [2026-06-11T22:26:02.021+0000] {dagbag.py:545} INFO - Filling up the DagBag from /home/airflow/.local/lib/python3.12/site-packages/airflow/example_dags/example_external_task_marker_dag.py
[2026-06-11T22:26:02.027+0000] {processor.py:840} INFO - DAG(s) 'example_external_task_marker_child', 'example_external_task_marker_parent' retrieved from /home/airflow/.local/lib/python3.12/site-packages/airflow/example_dags/example_external_task_marker_dag.py
[2026-06-11T22:26:02.048+0000] {logging_mixin.py:188} INFO - [2026-06-11T22:26:02.048+0000] {dag.py:3096} INFO - Sync 2 DAGs
[2026-06-11T22:26:02.060+0000] {logging_mixin.py:188} INFO - [2026-06-11T22:26:02.059+0000] {dag.py:3954} INFO - Setting next_dagrun for example_external_task_marker_child to None, run_after=None
[2026-06-11T22:26:02.063+0000] {logging_mixin.py:188} INFO - [2026-06-11T22:26:02.063+0000] {dag.py:3954} INFO - Setting next_dagrun for example_external_task_marker_parent to None, run_after=None
[2026-06-11T22:26:02.076+0000] {processor.py:183} INFO - Processing /home/airflow/.local/lib/python3.12/site-packages/airflow/example_dags/example_external_task_marker_dag.py took 0.064 seconds
[2026-06-11T22:26:32.941+0000] {processor.py:161} INFO - Started process (PID=2311) to work on /home/airflow/.local/lib/python3.12/site-packages/airflow/example_dags/example_external_task_marker_dag.py
[2026-06-11T22:26:32.942+0000] {processor.py:830} INFO - Processing file /home/airflow/.local/lib/python3.12/site-packages/airflow/example_dags/example_external_task_marker_dag.py for tasks to queue
[2026-06-11T22:26:32.943+0000] {logging_mixin.py:188} INFO - [2026-06-11T22:26:32.943+0000] {dagbag.py:545} INFO - Filling up the DagBag from /home/airflow/.local/lib/python3.12/site-packages/airflow/example_dags/example_external_task_marker_dag.py
[2026-06-11T22:26:32.948+0000] {processor.py:840} INFO - DAG(s) 'example_external_task_marker_child', 'example_external_task_marker_parent' retrieved from /home/airflow/.local/lib/python3.12/site-packages/airflow/example_dags/example_external_task_marker_dag.py
[2026-06-11T22:26:32.967+0000] {logging_mixin.py:188} INFO - [2026-06-11T22:26:32.967+0000] {dag.py:3096} INFO - Sync 2 DAGs
[2026-06-11T22:26:32.980+0000] {logging_mixin.py:188} INFO - [2026-06-11T22:26:32.980+0000] {dag.py:3954} INFO - Setting next_dagrun for example_external_task_marker_child to None, run_after=None
[2026-06-11T22:26:32.983+0000] {logging_mixin.py:188} INFO - [2026-06-11T22:26:32.983+0000] {dag.py:3954} INFO - Setting next_dagrun for example_external_task_marker_parent to None, run_after=None
[2026-06-11T22:26:32.997+0000] {processor.py:183} INFO - Processing /home/airflow/.local/lib/python3.12/site-packages/airflow/example_dags/example_external_task_marker_dag.py took 0.061 seconds
[2026-06-11T22:27:03.102+0000] {processor.py:161} INFO - Started process (PID=2371) to work on /home/airflow/.local/lib/python3.12/site-packages/airflow/example_dags/example_external_task_marker_dag.py
[2026-06-11T22:27:03.105+0000] {processor.py:830} INFO - Processing file /home/airflow/.local/lib/python3.12/site-packages/airflow/example_dags/example_external_task_marker_dag.py for tasks to queue
[2026-06-11T22:27:03.109+0000] {logging_mixin.py:188} INFO - [2026-06-11T22:27:03.108+0000] {dagbag.py:545} INFO - Filling up the DagBag from /home/airflow/.local/lib/python3.12/site-packages/airflow/example_dags/example_external_task_marker_dag.py
[2026-06-11T22:27:03.116+0000] {processor.py:840} INFO - DAG(s) 'example_external_task_marker_parent', 'example_external_task_marker_child' retrieved from /home/airflow/.local/lib/python3.12/site-packages/airflow/example_dags/example_external_task_marker_dag.py
[2026-06-11T22:27:03.207+0000] {logging_mixin.py:188} INFO - [2026-06-11T22:27:03.207+0000] {dag.py:3096} INFO - Sync 2 DAGs
[2026-06-11T22:27:03.295+0000] {logging_mixin.py:188} INFO - [2026-06-11T22:27:03.294+0000] {dag.py:3954} INFO - Setting next_dagrun for example_external_task_marker_child to None, run_after=None
[2026-06-11T22:27:03.321+0000] {logging_mixin.py:188} INFO - [2026-06-11T22:27:03.320+0000] {dag.py:3954} INFO - Setting next_dagrun for example_external_task_marker_parent to None, run_after=None
[2026-06-11T22:27:03.371+0000] {processor.py:183} INFO - Processing /home/airflow/.local/lib/python3.12/site-packages/airflow/example_dags/example_external_task_marker_dag.py took 0.297 seconds
[2026-06-11T22:27:33.698+0000] {processor.py:161} INFO - Started process (PID=2432) to work on /home/airflow/.local/lib/python3.12/site-packages/airflow/example_dags/example_external_task_marker_dag.py
[2026-06-11T22:27:33.699+0000] {processor.py:830} INFO - Processing file /home/airflow/.local/lib/python3.12/site-packages/airflow/example_dags/example_external_task_marker_dag.py for tasks to queue
[2026-06-11T22:27:33.701+0000] {logging_mixin.py:188} INFO - [2026-06-11T22:27:33.701+0000] {dagbag.py:545} INFO - Filling up the DagBag from /home/airflow/.local/lib/python3.12/site-packages/airflow/example_dags/example_external_task_marker_dag.py
[2026-06-11T22:27:33.712+0000] {processor.py:840} INFO - DAG(s) 'example_external_task_marker_child', 'example_external_task_marker_parent' retrieved from /home/airflow/.local/lib/python3.12/site-packages/airflow/example_dags/example_external_task_marker_dag.py
[2026-06-11T22:27:33.757+0000] {logging_mixin.py:188} INFO - [2026-06-11T22:27:33.756+0000] {dag.py:3096} INFO - Sync 2 DAGs
[2026-06-11T22:27:33.774+0000] {logging_mixin.py:188} INFO - [2026-06-11T22:27:33.774+0000] {dag.py:3954} INFO - Setting next_dagrun for example_external_task_marker_child to None, run_after=None
[2026-06-11T22:27:33.778+0000] {logging_mixin.py:188} INFO - [2026-06-11T22:27:33.778+0000] {dag.py:3954} INFO - Setting next_dagrun for example_external_task_marker_parent to None, run_after=None
[2026-06-11T22:27:33.791+0000] {processor.py:183} INFO - Processing /home/airflow/.local/lib/python3.12/site-packages/airflow/example_dags/example_external_task_marker_dag.py took 0.100 seconds
[2026-06-11T22:28:03.939+0000] {processor.py:161} INFO - Started process (PID=2493) to work on /home/airflow/.local/lib/python3.12/site-packages/airflow/example_dags/example_external_task_marker_dag.py
[2026-06-11T22:28:03.940+0000] {processor.py:830} INFO - Processing file /home/airflow/.local/lib/python3.12/site-packages/airflow/example_dags/example_external_task_marker_dag.py for tasks to queue
[2026-06-11T22:28:03.942+0000] {logging_mixin.py:188} INFO - [2026-06-11T22:28:03.942+0000] {dagbag.py:545} INFO - Filling up the DagBag from /home/airflow/.local/lib/python3.12/site-packages/airflow/example_dags/example_external_task_marker_dag.py
[2026-06-11T22:28:03.949+0000] {processor.py:840} INFO - DAG(s) 'example_external_task_marker_child', 'example_external_task_marker_parent' retrieved from /home/airflow/.local/lib/python3.12/site-packages/airflow/example_dags/example_external_task_marker_dag.py
[2026-06-11T22:28:03.971+0000] {logging_mixin.py:188} INFO - [2026-06-11T22:28:03.971+0000] {dag.py:3096} INFO - Sync 2 DAGs
[2026-06-11T22:28:03.983+0000] {logging_mixin.py:188} INFO - [2026-06-11T22:28:03.982+0000] {dag.py:3954} INFO - Setting next_dagrun for example_external_task_marker_child to None, run_after=None
[2026-06-11T22:28:03.986+0000] {logging_mixin.py:188} INFO - [2026-06-11T22:28:03.986+0000] {dag.py:3954} INFO - Setting next_dagrun for example_external_task_marker_parent to None, run_after=None
[2026-06-11T22:28:03.999+0000] {processor.py:183} INFO - Processing /home/airflow/.local/lib/python3.12/site-packages/airflow/example_dags/example_external_task_marker_dag.py took 0.066 seconds
[2026-06-11T22:28:34.415+0000] {processor.py:161} INFO - Started process (PID=2553) to work on /home/airflow/.local/lib/python3.12/site-packages/airflow/example_dags/example_external_task_marker_dag.py
[2026-06-11T22:28:34.416+0000] {processor.py:830} INFO - Processing file /home/airflow/.local/lib/python3.12/site-packages/airflow/example_dags/example_external_task_marker_dag.py for tasks to queue
[2026-06-11T22:28:34.418+0000] {logging_mixin.py:188} INFO - [2026-06-11T22:28:34.418+0000] {dagbag.py:545} INFO - Filling up the DagBag from /home/airflow/.local/lib/python3.12/site-packages/airflow/example_dags/example_external_task_marker_dag.py
[2026-06-11T22:28:34.426+0000] {processor.py:840} INFO - DAG(s) 'example_external_task_marker_parent', 'example_external_task_marker_child' retrieved from /home/airflow/.local/lib/python3.12/site-packages/airflow/example_dags/example_external_task_marker_dag.py
[2026-06-11T22:28:34.454+0000] {logging_mixin.py:188} INFO - [2026-06-11T22:28:34.454+0000] {dag.py:3096} INFO - Sync 2 DAGs
[2026-06-11T22:28:34.472+0000] {logging_mixin.py:188} INFO - [2026-06-11T22:28:34.472+0000] {dag.py:3954} INFO - Setting next_dagrun for example_external_task_marker_child to None, run_after=None
[2026-06-11T22:28:34.477+0000] {logging_mixin.py:188} INFO - [2026-06-11T22:28:34.477+0000] {dag.py:3954} INFO - Setting next_dagrun for example_external_task_marker_parent to None, run_after=None
[2026-06-11T22:28:34.493+0000] {processor.py:183} INFO - Processing /home/airflow/.local/lib/python3.12/site-packages/airflow/example_dags/example_external_task_marker_dag.py took 0.085 seconds
[2026-06-11T22:29:04.929+0000] {processor.py:161} INFO - Started process (PID=2614) to work on /home/airflow/.local/lib/python3.12/site-packages/airflow/example_dags/example_external_task_marker_dag.py
[2026-06-11T22:29:04.929+0000] {processor.py:830} INFO - Processing file /home/airflow/.local/lib/python3.12/site-packages/airflow/example_dags/example_external_task_marker_dag.py for tasks to queue
[2026-06-11T22:29:04.931+0000] {logging_mixin.py:188} INFO - [2026-06-11T22:29:04.930+0000] {dagbag.py:545} INFO - Filling up the DagBag from /home/airflow/.local/lib/python3.12/site-packages/airflow/example_dags/example_external_task_marker_dag.py
[2026-06-11T22:29:04.936+0000] {processor.py:840} INFO - DAG(s) 'example_external_task_marker_parent', 'example_external_task_marker_child' retrieved from /home/airflow/.local/lib/python3.12/site-packages/airflow/example_dags/example_external_task_marker_dag.py
[2026-06-11T22:29:04.955+0000] {logging_mixin.py:188} INFO - [2026-06-11T22:29:04.955+0000] {dag.py:3096} INFO - Sync 2 DAGs
[2026-06-11T22:29:04.966+0000] {logging_mixin.py:188} INFO - [2026-06-11T22:29:04.966+0000] {dag.py:3954} INFO - Setting next_dagrun for example_external_task_marker_child to None, run_after=None
[2026-06-11T22:29:04.969+0000] {logging_mixin.py:188} INFO - [2026-06-11T22:29:04.969+0000] {dag.py:3954} INFO - Setting next_dagrun for example_external_task_marker_parent to None, run_after=None
[2026-06-11T22:29:04.982+0000] {processor.py:183} INFO - Processing /home/airflow/.local/lib/python3.12/site-packages/airflow/example_dags/example_external_task_marker_dag.py took 0.059 seconds
[2026-06-11T22:29:35.769+0000] {processor.py:161} INFO - Started process (PID=2675) to work on /home/airflow/.local/lib/python3.12/site-packages/airflow/example_dags/example_external_task_marker_dag.py
[2026-06-11T22:29:35.769+0000] {processor.py:830} INFO - Processing file /home/airflow/.local/lib/python3.12/site-packages/airflow/example_dags/example_external_task_marker_dag.py for tasks to queue
[2026-06-11T22:29:35.771+0000] {logging_mixin.py:188} INFO - [2026-06-11T22:29:35.770+0000] {dagbag.py:545} INFO - Filling up the DagBag from /home/airflow/.local/lib/python3.12/site-packages/airflow/example_dags/example_external_task_marker_dag.py
[2026-06-11T22:29:35.776+0000] {processor.py:840} INFO - DAG(s) 'example_external_task_marker_child', 'example_external_task_marker_parent' retrieved from /home/airflow/.local/lib/python3.12/site-packages/airflow/example_dags/example_external_task_marker_dag.py
[2026-06-11T22:29:35.795+0000] {logging_mixin.py:188} INFO - [2026-06-11T22:29:35.795+0000] {dag.py:3096} INFO - Sync 2 DAGs
[2026-06-11T22:29:35.807+0000] {logging_mixin.py:188} INFO - [2026-06-11T22:29:35.807+0000] {dag.py:3954} INFO - Setting next_dagrun for example_external_task_marker_child to None, run_after=None
[2026-06-11T22:29:35.810+0000] {logging_mixin.py:188} INFO - [2026-06-11T22:29:35.810+0000] {dag.py:3954} INFO - Setting next_dagrun for example_external_task_marker_parent to None, run_after=None
[2026-06-11T22:29:35.827+0000] {processor.py:183} INFO - Processing /home/airflow/.local/lib/python3.12/site-packages/airflow/example_dags/example_external_task_marker_dag.py took 0.063 seconds
[2026-06-11T22:30:06.699+0000] {processor.py:161} INFO - Started process (PID=2736) to work on /home/airflow/.local/lib/python3.12/site-packages/airflow/example_dags/example_external_task_marker_dag.py
[2026-06-11T22:30:06.700+0000] {processor.py:830} INFO - Processing file /home/airflow/.local/lib/python3.12/site-packages/airflow/example_dags/example_external_task_marker_dag.py for tasks to queue
[2026-06-11T22:30:06.701+0000] {logging_mixin.py:188} INFO - [2026-06-11T22:30:06.701+0000] {dagbag.py:545} INFO - Filling up the DagBag from /home/airflow/.local/lib/python3.12/site-packages/airflow/example_dags/example_external_task_marker_dag.py
[2026-06-11T22:30:06.706+0000] {processor.py:840} INFO - DAG(s) 'example_external_task_marker_child', 'example_external_task_marker_parent' retrieved from /home/airflow/.local/lib/python3.12/site-packages/airflow/example_dags/example_external_task_marker_dag.py
[2026-06-11T22:30:06.725+0000] {logging_mixin.py:188} INFO - [2026-06-11T22:30:06.725+0000] {dag.py:3096} INFO - Sync 2 DAGs
[2026-06-11T22:30:06.736+0000] {logging_mixin.py:188} INFO - [2026-06-11T22:30:06.736+0000] {dag.py:3954} INFO - Setting next_dagrun for example_external_task_marker_child to None, run_after=None
[2026-06-11T22:30:06.740+0000] {logging_mixin.py:188} INFO - [2026-06-11T22:30:06.740+0000] {dag.py:3954} INFO - Setting next_dagrun for example_external_task_marker_parent to None, run_after=None
[2026-06-11T22:30:06.753+0000] {processor.py:183} INFO - Processing /home/airflow/.local/lib/python3.12/site-packages/airflow/example_dags/example_external_task_marker_dag.py took 0.060 seconds
[2026-06-11T22:30:37.627+0000] {processor.py:161} INFO - Started process (PID=2797) to work on /home/airflow/.local/lib/python3.12/site-packages/airflow/example_dags/example_external_task_marker_dag.py
[2026-06-11T22:30:37.627+0000] {processor.py:830} INFO - Processing file /home/airflow/.local/lib/python3.12/site-packages/airflow/example_dags/example_external_task_marker_dag.py for tasks to queue
[2026-06-11T22:30:37.629+0000] {logging_mixin.py:188} INFO - [2026-06-11T22:30:37.629+0000] {dagbag.py:545} INFO - Filling up the DagBag from /home/airflow/.local/lib/python3.12/site-packages/airflow/example_dags/example_external_task_marker_dag.py
[2026-06-11T22:30:37.634+0000] {processor.py:840} INFO - DAG(s) 'example_external_task_marker_parent', 'example_external_task_marker_child' retrieved from /home/airflow/.local/lib/python3.12/site-packages/airflow/example_dags/example_external_task_marker_dag.py
[2026-06-11T22:30:37.653+0000] {logging_mixin.py:188} INFO - [2026-06-11T22:30:37.653+0000] {dag.py:3096} INFO - Sync 2 DAGs
[2026-06-11T22:30:37.665+0000] {logging_mixin.py:188} INFO - [2026-06-11T22:30:37.664+0000] {dag.py:3954} INFO - Setting next_dagrun for example_external_task_marker_child to None, run_after=None
[2026-06-11T22:30:37.668+0000] {logging_mixin.py:188} INFO - [2026-06-11T22:30:37.667+0000] {dag.py:3954} INFO - Setting next_dagrun for example_external_task_marker_parent to None, run_after=None
[2026-06-11T22:30:37.681+0000] {processor.py:183} INFO - Processing /home/airflow/.local/lib/python3.12/site-packages/airflow/example_dags/example_external_task_marker_dag.py took 0.059 seconds
[2026-06-11T22:31:08.249+0000] {processor.py:161} INFO - Started process (PID=2858) to work on /home/airflow/.local/lib/python3.12/site-packages/airflow/example_dags/example_external_task_marker_dag.py
[2026-06-11T22:31:08.249+0000] {processor.py:830} INFO - Processing file /home/airflow/.local/lib/python3.12/site-packages/airflow/example_dags/example_external_task_marker_dag.py for tasks to queue
[2026-06-11T22:31:08.251+0000] {logging_mixin.py:188} INFO - [2026-06-11T22:31:08.251+0000] {dagbag.py:545} INFO - Filling up the DagBag from /home/airflow/.local/lib/python3.12/site-packages/airflow/example_dags/example_external_task_marker_dag.py
[2026-06-11T22:31:08.258+0000] {processor.py:840} INFO - DAG(s) 'example_external_task_marker_child', 'example_external_task_marker_parent' retrieved from /home/airflow/.local/lib/python3.12/site-packages/airflow/example_dags/example_external_task_marker_dag.py
[2026-06-11T22:31:08.286+0000] {logging_mixin.py:188} INFO - [2026-06-11T22:31:08.286+0000] {dag.py:3096} INFO - Sync 2 DAGs
[2026-06-11T22:31:08.302+0000] {logging_mixin.py:188} INFO - [2026-06-11T22:31:08.302+0000] {dag.py:3954} INFO - Setting next_dagrun for example_external_task_marker_child to None, run_after=None
[2026-06-11T22:31:08.306+0000] {logging_mixin.py:188} INFO - [2026-06-11T22:31:08.306+0000] {dag.py:3954} INFO - Setting next_dagrun for example_external_task_marker_parent to None, run_after=None
[2026-06-11T22:31:08.321+0000] {processor.py:183} INFO - Processing /home/airflow/.local/lib/python3.12/site-packages/airflow/example_dags/example_external_task_marker_dag.py took 0.079 seconds
[2026-06-11T22:31:39.221+0000] {processor.py:161} INFO - Started process (PID=2919) to work on /home/airflow/.local/lib/python3.12/site-packages/airflow/example_dags/example_external_task_marker_dag.py
[2026-06-11T22:31:39.222+0000] {processor.py:830} INFO - Processing file /home/airflow/.local/lib/python3.12/site-packages/airflow/example_dags/example_external_task_marker_dag.py for tasks to queue
[2026-06-11T22:31:39.224+0000] {logging_mixin.py:188} INFO - [2026-06-11T22:31:39.224+0000] {dagbag.py:545} INFO - Filling up the DagBag from /home/airflow/.local/lib/python3.12/site-packages/airflow/example_dags/example_external_task_marker_dag.py
[2026-06-11T22:31:39.231+0000] {processor.py:840} INFO - DAG(s) 'example_external_task_marker_parent', 'example_external_task_marker_child' retrieved from /home/airflow/.local/lib/python3.12/site-packages/airflow/example_dags/example_external_task_marker_dag.py
[2026-06-11T22:31:39.260+0000] {logging_mixin.py:188} INFO - [2026-06-11T22:31:39.259+0000] {dag.py:3096} INFO - Sync 2 DAGs
[2026-06-11T22:31:39.277+0000] {logging_mixin.py:188} INFO - [2026-06-11T22:31:39.277+0000] {dag.py:3954} INFO - Setting next_dagrun for example_external_task_marker_child to None, run_after=None
[2026-06-11T22:31:39.282+0000] {logging_mixin.py:188} INFO - [2026-06-11T22:31:39.282+0000] {dag.py:3954} INFO - Setting next_dagrun for example_external_task_marker_parent to None, run_after=None
[2026-06-11T22:31:39.306+0000] {processor.py:183} INFO - Processing /home/airflow/.local/lib/python3.12/site-packages/airflow/example_dags/example_external_task_marker_dag.py took 0.092 seconds
[2026-06-11T22:32:10.741+0000] {processor.py:161} INFO - Started process (PID=2986) to work on /home/airflow/.local/lib/python3.12/site-packages/airflow/example_dags/example_external_task_marker_dag.py
[2026-06-11T22:32:10.742+0000] {processor.py:830} INFO - Processing file /home/airflow/.local/lib/python3.12/site-packages/airflow/example_dags/example_external_task_marker_dag.py for tasks to queue
[2026-06-11T22:32:10.744+0000] {logging_mixin.py:188} INFO - [2026-06-11T22:32:10.743+0000] {dagbag.py:545} INFO - Filling up the DagBag from /home/airflow/.local/lib/python3.12/site-packages/airflow/example_dags/example_external_task_marker_dag.py
[2026-06-11T22:32:10.751+0000] {processor.py:840} INFO - DAG(s) 'example_external_task_marker_child', 'example_external_task_marker_parent' retrieved from /home/airflow/.local/lib/python3.12/site-packages/airflow/example_dags/example_external_task_marker_dag.py
[2026-06-11T22:32:10.783+0000] {logging_mixin.py:188} INFO - [2026-06-11T22:32:10.782+0000] {dag.py:3096} INFO - Sync 2 DAGs
[2026-06-11T22:32:10.800+0000] {logging_mixin.py:188} INFO - [2026-06-11T22:32:10.800+0000] {dag.py:3954} INFO - Setting next_dagrun for example_external_task_marker_child to None, run_after=None
[2026-06-11T22:32:10.805+0000] {logging_mixin.py:188} INFO - [2026-06-11T22:32:10.805+0000] {dag.py:3954} INFO - Setting next_dagrun for example_external_task_marker_parent to None, run_after=None
[2026-06-11T22:32:10.823+0000] {processor.py:183} INFO - Processing /home/airflow/.local/lib/python3.12/site-packages/airflow/example_dags/example_external_task_marker_dag.py took 0.090 seconds
[2026-06-11T22:32:41.764+0000] {processor.py:161} INFO - Started process (PID=3047) to work on /home/airflow/.local/lib/python3.12/site-packages/airflow/example_dags/example_external_task_marker_dag.py
[2026-06-11T22:32:41.764+0000] {processor.py:830} INFO - Processing file /home/airflow/.local/lib/python3.12/site-packages/airflow/example_dags/example_external_task_marker_dag.py for tasks to queue
[2026-06-11T22:32:41.766+0000] {logging_mixin.py:188} INFO - [2026-06-11T22:32:41.766+0000] {dagbag.py:545} INFO - Filling up the DagBag from /home/airflow/.local/lib/python3.12/site-packages/airflow/example_dags/example_external_task_marker_dag.py
[2026-06-11T22:32:41.773+0000] {processor.py:840} INFO - DAG(s) 'example_external_task_marker_child', 'example_external_task_marker_parent' retrieved from /home/airflow/.local/lib/python3.12/site-packages/airflow/example_dags/example_external_task_marker_dag.py
[2026-06-11T22:32:41.802+0000] {logging_mixin.py:188} INFO - [2026-06-11T22:32:41.802+0000] {dag.py:3096} INFO - Sync 2 DAGs
[2026-06-11T22:32:41.820+0000] {logging_mixin.py:188} INFO - [2026-06-11T22:32:41.820+0000] {dag.py:3954} INFO - Setting next_dagrun for example_external_task_marker_child to None, run_after=None
[2026-06-11T22:32:41.825+0000] {logging_mixin.py:188} INFO - [2026-06-11T22:32:41.825+0000] {dag.py:3954} INFO - Setting next_dagrun for example_external_task_marker_parent to None, run_after=None
[2026-06-11T22:32:41.848+0000] {processor.py:183} INFO - Processing /home/airflow/.local/lib/python3.12/site-packages/airflow/example_dags/example_external_task_marker_dag.py took 0.091 seconds
[2026-06-11T22:33:12.450+0000] {processor.py:161} INFO - Started process (PID=3108) to work on /home/airflow/.local/lib/python3.12/site-packages/airflow/example_dags/example_external_task_marker_dag.py
[2026-06-11T22:33:12.451+0000] {processor.py:830} INFO - Processing file /home/airflow/.local/lib/python3.12/site-packages/airflow/example_dags/example_external_task_marker_dag.py for tasks to queue
[2026-06-11T22:33:12.454+0000] {logging_mixin.py:188} INFO - [2026-06-11T22:33:12.453+0000] {dagbag.py:545} INFO - Filling up the DagBag from /home/airflow/.local/lib/python3.12/site-packages/airflow/example_dags/example_external_task_marker_dag.py
[2026-06-11T22:33:12.461+0000] {processor.py:840} INFO - DAG(s) 'example_external_task_marker_parent', 'example_external_task_marker_child' retrieved from /home/airflow/.local/lib/python3.12/site-packages/airflow/example_dags/example_external_task_marker_dag.py
[2026-06-11T22:33:12.496+0000] {logging_mixin.py:188} INFO - [2026-06-11T22:33:12.496+0000] {dag.py:3096} INFO - Sync 2 DAGs
[2026-06-11T22:33:12.514+0000] {logging_mixin.py:188} INFO - [2026-06-11T22:33:12.514+0000] {dag.py:3954} INFO - Setting next_dagrun for example_external_task_marker_child to None, run_after=None
[2026-06-11T22:33:12.519+0000] {logging_mixin.py:188} INFO - [2026-06-11T22:33:12.519+0000] {dag.py:3954} INFO - Setting next_dagrun for example_external_task_marker_parent to None, run_after=None
[2026-06-11T22:33:12.540+0000] {processor.py:183} INFO - Processing /home/airflow/.local/lib/python3.12/site-packages/airflow/example_dags/example_external_task_marker_dag.py took 0.096 seconds
[2026-06-11T22:33:42.601+0000] {processor.py:161} INFO - Started process (PID=3169) to work on /home/airflow/.local/lib/python3.12/site-packages/airflow/example_dags/example_external_task_marker_dag.py
[2026-06-11T22:33:42.601+0000] {processor.py:830} INFO - Processing file /home/airflow/.local/lib/python3.12/site-packages/airflow/example_dags/example_external_task_marker_dag.py for tasks to queue
[2026-06-11T22:33:42.603+0000] {logging_mixin.py:188} INFO - [2026-06-11T22:33:42.603+0000] {dagbag.py:545} INFO - Filling up the DagBag from /home/airflow/.local/lib/python3.12/site-packages/airflow/example_dags/example_external_task_marker_dag.py
[2026-06-11T22:33:42.610+0000] {processor.py:840} INFO - DAG(s) 'example_external_task_marker_parent', 'example_external_task_marker_child' retrieved from /home/airflow/.local/lib/python3.12/site-packages/airflow/example_dags/example_external_task_marker_dag.py
[2026-06-11T22:33:42.639+0000] {logging_mixin.py:188} INFO - [2026-06-11T22:33:42.638+0000] {dag.py:3096} INFO - Sync 2 DAGs
[2026-06-11T22:33:42.657+0000] {logging_mixin.py:188} INFO - [2026-06-11T22:33:42.657+0000] {dag.py:3954} INFO - Setting next_dagrun for example_external_task_marker_child to None, run_after=None
[2026-06-11T22:33:42.662+0000] {logging_mixin.py:188} INFO - [2026-06-11T22:33:42.661+0000] {dag.py:3954} INFO - Setting next_dagrun for example_external_task_marker_parent to None, run_after=None
[2026-06-11T22:33:42.679+0000] {processor.py:183} INFO - Processing /home/airflow/.local/lib/python3.12/site-packages/airflow/example_dags/example_external_task_marker_dag.py took 0.085 seconds
[2026-06-11T22:34:13.963+0000] {processor.py:161} INFO - Started process (PID=3230) to work on /home/airflow/.local/lib/python3.12/site-packages/airflow/example_dags/example_external_task_marker_dag.py
[2026-06-11T22:34:13.963+0000] {processor.py:830} INFO - Processing file /home/airflow/.local/lib/python3.12/site-packages/airflow/example_dags/example_external_task_marker_dag.py for tasks to queue
[2026-06-11T22:34:13.966+0000] {logging_mixin.py:188} INFO - [2026-06-11T22:34:13.966+0000] {dagbag.py:545} INFO - Filling up the DagBag from /home/airflow/.local/lib/python3.12/site-packages/airflow/example_dags/example_external_task_marker_dag.py
[2026-06-11T22:34:13.974+0000] {processor.py:840} INFO - DAG(s) 'example_external_task_marker_child', 'example_external_task_marker_parent' retrieved from /home/airflow/.local/lib/python3.12/site-packages/airflow/example_dags/example_external_task_marker_dag.py
[2026-06-11T22:34:14.016+0000] {logging_mixin.py:188} INFO - [2026-06-11T22:34:14.015+0000] {dag.py:3096} INFO - Sync 2 DAGs
[2026-06-11T22:34:14.035+0000] {logging_mixin.py:188} INFO - [2026-06-11T22:34:14.034+0000] {dag.py:3954} INFO - Setting next_dagrun for example_external_task_marker_child to None, run_after=None
[2026-06-11T22:34:14.056+0000] {logging_mixin.py:188} INFO - [2026-06-11T22:34:14.055+0000] {dag.py:3954} INFO - Setting next_dagrun for example_external_task_marker_parent to None, run_after=None
[2026-06-11T22:34:14.088+0000] {processor.py:183} INFO - Processing /home/airflow/.local/lib/python3.12/site-packages/airflow/example_dags/example_external_task_marker_dag.py took 0.137 seconds
[2026-06-11T22:34:44.373+0000] {processor.py:161} INFO - Started process (PID=3291) to work on /home/airflow/.local/lib/python3.12/site-packages/airflow/example_dags/example_external_task_marker_dag.py
[2026-06-11T22:34:44.374+0000] {processor.py:830} INFO - Processing file /home/airflow/.local/lib/python3.12/site-packages/airflow/example_dags/example_external_task_marker_dag.py for tasks to queue
[2026-06-11T22:34:44.376+0000] {logging_mixin.py:188} INFO - [2026-06-11T22:34:44.376+0000] {dagbag.py:545} INFO - Filling up the DagBag from /home/airflow/.local/lib/python3.12/site-packages/airflow/example_dags/example_external_task_marker_dag.py
[2026-06-11T22:34:44.383+0000] {processor.py:840} INFO - DAG(s) 'example_external_task_marker_child', 'example_external_task_marker_parent' retrieved from /home/airflow/.local/lib/python3.12/site-packages/airflow/example_dags/example_external_task_marker_dag.py
[2026-06-11T22:34:44.413+0000] {logging_mixin.py:188} INFO - [2026-06-11T22:34:44.413+0000] {dag.py:3096} INFO - Sync 2 DAGs
[2026-06-11T22:34:44.431+0000] {logging_mixin.py:188} INFO - [2026-06-11T22:34:44.431+0000] {dag.py:3954} INFO - Setting next_dagrun for example_external_task_marker_child to None, run_after=None
[2026-06-11T22:34:44.436+0000] {logging_mixin.py:188} INFO - [2026-06-11T22:34:44.436+0000] {dag.py:3954} INFO - Setting next_dagrun for example_external_task_marker_parent to None, run_after=None
[2026-06-11T22:34:44.454+0000] {processor.py:183} INFO - Processing /home/airflow/.local/lib/python3.12/site-packages/airflow/example_dags/example_external_task_marker_dag.py took 0.087 seconds
[2026-06-11T22:35:14.531+0000] {processor.py:161} INFO - Started process (PID=3352) to work on /home/airflow/.local/lib/python3.12/site-packages/airflow/example_dags/example_external_task_marker_dag.py
[2026-06-11T22:35:14.532+0000] {processor.py:830} INFO - Processing file /home/airflow/.local/lib/python3.12/site-packages/airflow/example_dags/example_external_task_marker_dag.py for tasks to queue
[2026-06-11T22:35:14.534+0000] {logging_mixin.py:188} INFO - [2026-06-11T22:35:14.533+0000] {dagbag.py:545} INFO - Filling up the DagBag from /home/airflow/.local/lib/python3.12/site-packages/airflow/example_dags/example_external_task_marker_dag.py
[2026-06-11T22:35:14.541+0000] {processor.py:840} INFO - DAG(s) 'example_external_task_marker_child', 'example_external_task_marker_parent' retrieved from /home/airflow/.local/lib/python3.12/site-packages/airflow/example_dags/example_external_task_marker_dag.py
[2026-06-11T22:35:14.570+0000] {logging_mixin.py:188} INFO - [2026-06-11T22:35:14.569+0000] {dag.py:3096} INFO - Sync 2 DAGs
[2026-06-11T22:35:14.610+0000] {logging_mixin.py:188} INFO - [2026-06-11T22:35:14.610+0000] {dag.py:3954} INFO - Setting next_dagrun for example_external_task_marker_child to None, run_after=None
[2026-06-11T22:35:14.617+0000] {logging_mixin.py:188} INFO - [2026-06-11T22:35:14.617+0000] {dag.py:3954} INFO - Setting next_dagrun for example_external_task_marker_parent to None, run_after=None
[2026-06-11T22:35:14.659+0000] {processor.py:183} INFO - Processing /home/airflow/.local/lib/python3.12/site-packages/airflow/example_dags/example_external_task_marker_dag.py took 0.136 seconds
[2026-06-11T22:35:45.091+0000] {processor.py:161} INFO - Started process (PID=3414) to work on /home/airflow/.local/lib/python3.12/site-packages/airflow/example_dags/example_external_task_marker_dag.py
[2026-06-11T22:35:45.092+0000] {processor.py:830} INFO - Processing file /home/airflow/.local/lib/python3.12/site-packages/airflow/example_dags/example_external_task_marker_dag.py for tasks to queue
[2026-06-11T22:35:45.094+0000] {logging_mixin.py:188} INFO - [2026-06-11T22:35:45.094+0000] {dagbag.py:545} INFO - Filling up the DagBag from /home/airflow/.local/lib/python3.12/site-packages/airflow/example_dags/example_external_task_marker_dag.py
[2026-06-11T22:35:45.101+0000] {processor.py:840} INFO - DAG(s) 'example_external_task_marker_parent', 'example_external_task_marker_child' retrieved from /home/airflow/.local/lib/python3.12/site-packages/airflow/example_dags/example_external_task_marker_dag.py
[2026-06-11T22:35:45.139+0000] {logging_mixin.py:188} INFO - [2026-06-11T22:35:45.138+0000] {dag.py:3096} INFO - Sync 2 DAGs
[2026-06-11T22:35:45.156+0000] {logging_mixin.py:188} INFO - [2026-06-11T22:35:45.156+0000] {dag.py:3954} INFO - Setting next_dagrun for example_external_task_marker_child to None, run_after=None
[2026-06-11T22:35:45.160+0000] {logging_mixin.py:188} INFO - [2026-06-11T22:35:45.160+0000] {dag.py:3954} INFO - Setting next_dagrun for example_external_task_marker_parent to None, run_after=None
[2026-06-11T22:35:45.176+0000] {processor.py:183} INFO - Processing /home/airflow/.local/lib/python3.12/site-packages/airflow/example_dags/example_external_task_marker_dag.py took 0.092 seconds
[2026-06-11T22:36:16.545+0000] {processor.py:161} INFO - Started process (PID=3476) to work on /home/airflow/.local/lib/python3.12/site-packages/airflow/example_dags/example_external_task_marker_dag.py
[2026-06-11T22:36:16.547+0000] {processor.py:830} INFO - Processing file /home/airflow/.local/lib/python3.12/site-packages/airflow/example_dags/example_external_task_marker_dag.py for tasks to queue
[2026-06-11T22:36:16.549+0000] {logging_mixin.py:188} INFO - [2026-06-11T22:36:16.549+0000] {dagbag.py:545} INFO - Filling up the DagBag from /home/airflow/.local/lib/python3.12/site-packages/airflow/example_dags/example_external_task_marker_dag.py
[2026-06-11T22:36:16.556+0000] {processor.py:840} INFO - DAG(s) 'example_external_task_marker_parent', 'example_external_task_marker_child' retrieved from /home/airflow/.local/lib/python3.12/site-packages/airflow/example_dags/example_external_task_marker_dag.py
[2026-06-11T22:36:16.584+0000] {logging_mixin.py:188} INFO - [2026-06-11T22:36:16.584+0000] {dag.py:3096} INFO - Sync 2 DAGs
[2026-06-11T22:36:16.602+0000] {logging_mixin.py:188} INFO - [2026-06-11T22:36:16.601+0000] {dag.py:3954} INFO - Setting next_dagrun for example_external_task_marker_child to None, run_after=None
[2026-06-11T22:36:16.606+0000] {logging_mixin.py:188} INFO - [2026-06-11T22:36:16.606+0000] {dag.py:3954} INFO - Setting next_dagrun for example_external_task_marker_parent to None, run_after=None
[2026-06-11T22:36:16.623+0000] {processor.py:183} INFO - Processing /home/airflow/.local/lib/python3.12/site-packages/airflow/example_dags/example_external_task_marker_dag.py took 0.088 seconds
[2026-06-11T22:36:46.758+0000] {processor.py:161} INFO - Started process (PID=3537) to work on /home/airflow/.local/lib/python3.12/site-packages/airflow/example_dags/example_external_task_marker_dag.py
[2026-06-11T22:36:46.759+0000] {processor.py:830} INFO - Processing file /home/airflow/.local/lib/python3.12/site-packages/airflow/example_dags/example_external_task_marker_dag.py for tasks to queue
[2026-06-11T22:36:46.761+0000] {logging_mixin.py:188} INFO - [2026-06-11T22:36:46.761+0000] {dagbag.py:545} INFO - Filling up the DagBag from /home/airflow/.local/lib/python3.12/site-packages/airflow/example_dags/example_external_task_marker_dag.py
[2026-06-11T22:36:46.776+0000] {processor.py:840} INFO - DAG(s) 'example_external_task_marker_parent', 'example_external_task_marker_child' retrieved from /home/airflow/.local/lib/python3.12/site-packages/airflow/example_dags/example_external_task_marker_dag.py
[2026-06-11T22:36:46.816+0000] {logging_mixin.py:188} INFO - [2026-06-11T22:36:46.816+0000] {dag.py:3096} INFO - Sync 2 DAGs
[2026-06-11T22:36:46.834+0000] {logging_mixin.py:188} INFO - [2026-06-11T22:36:46.834+0000] {dag.py:3954} INFO - Setting next_dagrun for example_external_task_marker_child to None, run_after=None
[2026-06-11T22:36:46.839+0000] {logging_mixin.py:188} INFO - [2026-06-11T22:36:46.838+0000] {dag.py:3954} INFO - Setting next_dagrun for example_external_task_marker_parent to None, run_after=None
[2026-06-11T22:36:46.858+0000] {processor.py:183} INFO - Processing /home/airflow/.local/lib/python3.12/site-packages/airflow/example_dags/example_external_task_marker_dag.py took 0.107 seconds
[2026-06-11T22:37:16.950+0000] {processor.py:161} INFO - Started process (PID=3600) to work on /home/airflow/.local/lib/python3.12/site-packages/airflow/example_dags/example_external_task_marker_dag.py
[2026-06-11T22:37:16.951+0000] {processor.py:830} INFO - Processing file /home/airflow/.local/lib/python3.12/site-packages/airflow/example_dags/example_external_task_marker_dag.py for tasks to queue
[2026-06-11T22:37:16.953+0000] {logging_mixin.py:188} INFO - [2026-06-11T22:37:16.952+0000] {dagbag.py:545} INFO - Filling up the DagBag from /home/airflow/.local/lib/python3.12/site-packages/airflow/example_dags/example_external_task_marker_dag.py
[2026-06-11T22:37:16.966+0000] {processor.py:840} INFO - DAG(s) 'example_external_task_marker_parent', 'example_external_task_marker_child' retrieved from /home/airflow/.local/lib/python3.12/site-packages/airflow/example_dags/example_external_task_marker_dag.py
[2026-06-11T22:37:17.014+0000] {logging_mixin.py:188} INFO - [2026-06-11T22:37:17.014+0000] {dag.py:3096} INFO - Sync 2 DAGs
[2026-06-11T22:37:17.046+0000] {logging_mixin.py:188} INFO - [2026-06-11T22:37:17.045+0000] {dag.py:3954} INFO - Setting next_dagrun for example_external_task_marker_child to None, run_after=None
[2026-06-11T22:37:17.052+0000] {logging_mixin.py:188} INFO - [2026-06-11T22:37:17.052+0000] {dag.py:3954} INFO - Setting next_dagrun for example_external_task_marker_parent to None, run_after=None
[2026-06-11T22:37:17.070+0000] {processor.py:183} INFO - Processing /home/airflow/.local/lib/python3.12/site-packages/airflow/example_dags/example_external_task_marker_dag.py took 0.130 seconds
[2026-06-11T22:37:47.732+0000] {processor.py:161} INFO - Started process (PID=3662) to work on /home/airflow/.local/lib/python3.12/site-packages/airflow/example_dags/example_external_task_marker_dag.py
[2026-06-11T22:37:47.733+0000] {processor.py:830} INFO - Processing file /home/airflow/.local/lib/python3.12/site-packages/airflow/example_dags/example_external_task_marker_dag.py for tasks to queue
[2026-06-11T22:37:47.735+0000] {logging_mixin.py:188} INFO - [2026-06-11T22:37:47.735+0000] {dagbag.py:545} INFO - Filling up the DagBag from /home/airflow/.local/lib/python3.12/site-packages/airflow/example_dags/example_external_task_marker_dag.py
[2026-06-11T22:37:47.743+0000] {processor.py:840} INFO - DAG(s) 'example_external_task_marker_parent', 'example_external_task_marker_child' retrieved from /home/airflow/.local/lib/python3.12/site-packages/airflow/example_dags/example_external_task_marker_dag.py
[2026-06-11T22:37:47.802+0000] {logging_mixin.py:188} INFO - [2026-06-11T22:37:47.802+0000] {dag.py:3096} INFO - Sync 2 DAGs
[2026-06-11T22:37:47.834+0000] {logging_mixin.py:188} INFO - [2026-06-11T22:37:47.829+0000] {dag.py:3954} INFO - Setting next_dagrun for example_external_task_marker_child to None, run_after=None
[2026-06-11T22:37:47.843+0000] {logging_mixin.py:188} INFO - [2026-06-11T22:37:47.842+0000] {dag.py:3954} INFO - Setting next_dagrun for example_external_task_marker_parent to None, run_after=None
[2026-06-11T22:37:47.886+0000] {processor.py:183} INFO - Processing /home/airflow/.local/lib/python3.12/site-packages/airflow/example_dags/example_external_task_marker_dag.py took 0.162 seconds
[2026-06-11T22:38:18.746+0000] {processor.py:161} INFO - Started process (PID=3724) to work on /home/airflow/.local/lib/python3.12/site-packages/airflow/example_dags/example_external_task_marker_dag.py
[2026-06-11T22:38:18.748+0000] {processor.py:830} INFO - Processing file /home/airflow/.local/lib/python3.12/site-packages/airflow/example_dags/example_external_task_marker_dag.py for tasks to queue
[2026-06-11T22:38:18.750+0000] {logging_mixin.py:188} INFO - [2026-06-11T22:38:18.749+0000] {dagbag.py:545} INFO - Filling up the DagBag from /home/airflow/.local/lib/python3.12/site-packages/airflow/example_dags/example_external_task_marker_dag.py
[2026-06-11T22:38:18.757+0000] {processor.py:840} INFO - DAG(s) 'example_external_task_marker_child', 'example_external_task_marker_parent' retrieved from /home/airflow/.local/lib/python3.12/site-packages/airflow/example_dags/example_external_task_marker_dag.py
[2026-06-11T22:38:18.803+0000] {logging_mixin.py:188} INFO - [2026-06-11T22:38:18.803+0000] {dag.py:3096} INFO - Sync 2 DAGs
[2026-06-11T22:38:18.840+0000] {logging_mixin.py:188} INFO - [2026-06-11T22:38:18.839+0000] {dag.py:3954} INFO - Setting next_dagrun for example_external_task_marker_child to None, run_after=None
[2026-06-11T22:38:18.845+0000] {logging_mixin.py:188} INFO - [2026-06-11T22:38:18.845+0000] {dag.py:3954} INFO - Setting next_dagrun for example_external_task_marker_parent to None, run_after=None
[2026-06-11T22:38:18.864+0000] {processor.py:183} INFO - Processing /home/airflow/.local/lib/python3.12/site-packages/airflow/example_dags/example_external_task_marker_dag.py took 0.131 seconds
[2026-06-11T22:38:49.467+0000] {processor.py:161} INFO - Started process (PID=3786) to work on /home/airflow/.local/lib/python3.12/site-packages/airflow/example_dags/example_external_task_marker_dag.py
[2026-06-11T22:38:49.468+0000] {processor.py:830} INFO - Processing file /home/airflow/.local/lib/python3.12/site-packages/airflow/example_dags/example_external_task_marker_dag.py for tasks to queue
[2026-06-11T22:38:49.470+0000] {logging_mixin.py:188} INFO - [2026-06-11T22:38:49.469+0000] {dagbag.py:545} INFO - Filling up the DagBag from /home/airflow/.local/lib/python3.12/site-packages/airflow/example_dags/example_external_task_marker_dag.py
[2026-06-11T22:38:49.477+0000] {processor.py:840} INFO - DAG(s) 'example_external_task_marker_child', 'example_external_task_marker_parent' retrieved from /home/airflow/.local/lib/python3.12/site-packages/airflow/example_dags/example_external_task_marker_dag.py
[2026-06-11T22:38:49.506+0000] {logging_mixin.py:188} INFO - [2026-06-11T22:38:49.505+0000] {dag.py:3096} INFO - Sync 2 DAGs
[2026-06-11T22:38:49.522+0000] {logging_mixin.py:188} INFO - [2026-06-11T22:38:49.522+0000] {dag.py:3954} INFO - Setting next_dagrun for example_external_task_marker_child to None, run_after=None
[2026-06-11T22:38:49.528+0000] {logging_mixin.py:188} INFO - [2026-06-11T22:38:49.527+0000] {dag.py:3954} INFO - Setting next_dagrun for example_external_task_marker_parent to None, run_after=None
[2026-06-11T22:38:49.545+0000] {processor.py:183} INFO - Processing /home/airflow/.local/lib/python3.12/site-packages/airflow/example_dags/example_external_task_marker_dag.py took 0.085 seconds
[2026-06-11T22:39:19.702+0000] {processor.py:161} INFO - Started process (PID=3847) to work on /home/airflow/.local/lib/python3.12/site-packages/airflow/example_dags/example_external_task_marker_dag.py
[2026-06-11T22:39:19.703+0000] {processor.py:830} INFO - Processing file /home/airflow/.local/lib/python3.12/site-packages/airflow/example_dags/example_external_task_marker_dag.py for tasks to queue
[2026-06-11T22:39:19.705+0000] {logging_mixin.py:188} INFO - [2026-06-11T22:39:19.705+0000] {dagbag.py:545} INFO - Filling up the DagBag from /home/airflow/.local/lib/python3.12/site-packages/airflow/example_dags/example_external_task_marker_dag.py
[2026-06-11T22:39:19.712+0000] {processor.py:840} INFO - DAG(s) 'example_external_task_marker_parent', 'example_external_task_marker_child' retrieved from /home/airflow/.local/lib/python3.12/site-packages/airflow/example_dags/example_external_task_marker_dag.py
[2026-06-11T22:39:19.741+0000] {logging_mixin.py:188} INFO - [2026-06-11T22:39:19.740+0000] {dag.py:3096} INFO - Sync 2 DAGs
[2026-06-11T22:39:19.757+0000] {logging_mixin.py:188} INFO - [2026-06-11T22:39:19.757+0000] {dag.py:3954} INFO - Setting next_dagrun for example_external_task_marker_child to None, run_after=None
[2026-06-11T22:39:19.762+0000] {logging_mixin.py:188} INFO - [2026-06-11T22:39:19.762+0000] {dag.py:3954} INFO - Setting next_dagrun for example_external_task_marker_parent to None, run_after=None
[2026-06-11T22:39:19.780+0000] {processor.py:183} INFO - Processing /home/airflow/.local/lib/python3.12/site-packages/airflow/example_dags/example_external_task_marker_dag.py took 0.084 seconds
[2026-06-11T22:39:50.104+0000] {processor.py:161} INFO - Started process (PID=3909) to work on /home/airflow/.local/lib/python3.12/site-packages/airflow/example_dags/example_external_task_marker_dag.py
[2026-06-11T22:39:50.105+0000] {processor.py:830} INFO - Processing file /home/airflow/.local/lib/python3.12/site-packages/airflow/example_dags/example_external_task_marker_dag.py for tasks to queue
[2026-06-11T22:39:50.106+0000] {logging_mixin.py:188} INFO - [2026-06-11T22:39:50.106+0000] {dagbag.py:545} INFO - Filling up the DagBag from /home/airflow/.local/lib/python3.12/site-packages/airflow/example_dags/example_external_task_marker_dag.py
[2026-06-11T22:39:50.111+0000] {processor.py:840} INFO - DAG(s) 'example_external_task_marker_parent', 'example_external_task_marker_child' retrieved from /home/airflow/.local/lib/python3.12/site-packages/airflow/example_dags/example_external_task_marker_dag.py
[2026-06-11T22:39:50.133+0000] {logging_mixin.py:188} INFO - [2026-06-11T22:39:50.132+0000] {dag.py:3096} INFO - Sync 2 DAGs
[2026-06-11T22:39:50.172+0000] {logging_mixin.py:188} INFO - [2026-06-11T22:39:50.172+0000] {dag.py:3954} INFO - Setting next_dagrun for example_external_task_marker_child to None, run_after=None
[2026-06-11T22:39:50.181+0000] {logging_mixin.py:188} INFO - [2026-06-11T22:39:50.180+0000] {dag.py:3954} INFO - Setting next_dagrun for example_external_task_marker_parent to None, run_after=None
[2026-06-11T22:39:50.205+0000] {processor.py:183} INFO - Processing /home/airflow/.local/lib/python3.12/site-packages/airflow/example_dags/example_external_task_marker_dag.py took 0.106 seconds
[2026-06-11T22:40:21.259+0000] {processor.py:161} INFO - Started process (PID=3971) to work on /home/airflow/.local/lib/python3.12/site-packages/airflow/example_dags/example_external_task_marker_dag.py
[2026-06-11T22:40:21.260+0000] {processor.py:830} INFO - Processing file /home/airflow/.local/lib/python3.12/site-packages/airflow/example_dags/example_external_task_marker_dag.py for tasks to queue
[2026-06-11T22:40:21.264+0000] {logging_mixin.py:188} INFO - [2026-06-11T22:40:21.264+0000] {dagbag.py:545} INFO - Filling up the DagBag from /home/airflow/.local/lib/python3.12/site-packages/airflow/example_dags/example_external_task_marker_dag.py
[2026-06-11T22:40:21.280+0000] {processor.py:840} INFO - DAG(s) 'example_external_task_marker_child', 'example_external_task_marker_parent' retrieved from /home/airflow/.local/lib/python3.12/site-packages/airflow/example_dags/example_external_task_marker_dag.py
[2026-06-11T22:40:21.326+0000] {logging_mixin.py:188} INFO - [2026-06-11T22:40:21.326+0000] {dag.py:3096} INFO - Sync 2 DAGs
[2026-06-11T22:40:21.344+0000] {logging_mixin.py:188} INFO - [2026-06-11T22:40:21.344+0000] {dag.py:3954} INFO - Setting next_dagrun for example_external_task_marker_child to None, run_after=None
[2026-06-11T22:40:21.349+0000] {logging_mixin.py:188} INFO - [2026-06-11T22:40:21.348+0000] {dag.py:3954} INFO - Setting next_dagrun for example_external_task_marker_parent to None, run_after=None
[2026-06-11T22:40:21.379+0000] {processor.py:183} INFO - Processing /home/airflow/.local/lib/python3.12/site-packages/airflow/example_dags/example_external_task_marker_dag.py took 0.144 seconds
[2026-06-11T22:40:51.992+0000] {processor.py:161} INFO - Started process (PID=4033) to work on /home/airflow/.local/lib/python3.12/site-packages/airflow/example_dags/example_external_task_marker_dag.py
[2026-06-11T22:40:51.993+0000] {processor.py:830} INFO - Processing file /home/airflow/.local/lib/python3.12/site-packages/airflow/example_dags/example_external_task_marker_dag.py for tasks to queue
[2026-06-11T22:40:51.994+0000] {logging_mixin.py:188} INFO - [2026-06-11T22:40:51.994+0000] {dagbag.py:545} INFO - Filling up the DagBag from /home/airflow/.local/lib/python3.12/site-packages/airflow/example_dags/example_external_task_marker_dag.py
[2026-06-11T22:40:52.002+0000] {processor.py:840} INFO - DAG(s) 'example_external_task_marker_parent', 'example_external_task_marker_child' retrieved from /home/airflow/.local/lib/python3.12/site-packages/airflow/example_dags/example_external_task_marker_dag.py
[2026-06-11T22:40:52.029+0000] {logging_mixin.py:188} INFO - [2026-06-11T22:40:52.029+0000] {dag.py:3096} INFO - Sync 2 DAGs
[2026-06-11T22:40:52.046+0000] {logging_mixin.py:188} INFO - [2026-06-11T22:40:52.046+0000] {dag.py:3954} INFO - Setting next_dagrun for example_external_task_marker_child to None, run_after=None
[2026-06-11T22:40:52.051+0000] {logging_mixin.py:188} INFO - [2026-06-11T22:40:52.051+0000] {dag.py:3954} INFO - Setting next_dagrun for example_external_task_marker_parent to None, run_after=None
[2026-06-11T22:40:52.068+0000] {processor.py:183} INFO - Processing /home/airflow/.local/lib/python3.12/site-packages/airflow/example_dags/example_external_task_marker_dag.py took 0.083 seconds
[2026-06-11T22:41:22.859+0000] {processor.py:161} INFO - Started process (PID=4095) to work on /home/airflow/.local/lib/python3.12/site-packages/airflow/example_dags/example_external_task_marker_dag.py
[2026-06-11T22:41:22.861+0000] {processor.py:830} INFO - Processing file /home/airflow/.local/lib/python3.12/site-packages/airflow/example_dags/example_external_task_marker_dag.py for tasks to queue
[2026-06-11T22:41:22.866+0000] {logging_mixin.py:188} INFO - [2026-06-11T22:41:22.865+0000] {dagbag.py:545} INFO - Filling up the DagBag from /home/airflow/.local/lib/python3.12/site-packages/airflow/example_dags/example_external_task_marker_dag.py
[2026-06-11T22:41:22.887+0000] {processor.py:840} INFO - DAG(s) 'example_external_task_marker_child', 'example_external_task_marker_parent' retrieved from /home/airflow/.local/lib/python3.12/site-packages/airflow/example_dags/example_external_task_marker_dag.py
[2026-06-11T22:41:22.937+0000] {logging_mixin.py:188} INFO - [2026-06-11T22:41:22.936+0000] {dag.py:3096} INFO - Sync 2 DAGs
[2026-06-11T22:41:22.983+0000] {logging_mixin.py:188} INFO - [2026-06-11T22:41:22.982+0000] {dag.py:3954} INFO - Setting next_dagrun for example_external_task_marker_child to None, run_after=None
[2026-06-11T22:41:22.998+0000] {logging_mixin.py:188} INFO - [2026-06-11T22:41:22.998+0000] {dag.py:3954} INFO - Setting next_dagrun for example_external_task_marker_parent to None, run_after=None
[2026-06-11T22:41:23.023+0000] {processor.py:183} INFO - Processing /home/airflow/.local/lib/python3.12/site-packages/airflow/example_dags/example_external_task_marker_dag.py took 0.191 seconds
[2026-06-11T22:41:53.210+0000] {processor.py:161} INFO - Started process (PID=4157) to work on /home/airflow/.local/lib/python3.12/site-packages/airflow/example_dags/example_external_task_marker_dag.py
[2026-06-11T22:41:53.212+0000] {processor.py:830} INFO - Processing file /home/airflow/.local/lib/python3.12/site-packages/airflow/example_dags/example_external_task_marker_dag.py for tasks to queue
[2026-06-11T22:41:53.215+0000] {logging_mixin.py:188} INFO - [2026-06-11T22:41:53.215+0000] {dagbag.py:545} INFO - Filling up the DagBag from /home/airflow/.local/lib/python3.12/site-packages/airflow/example_dags/example_external_task_marker_dag.py
[2026-06-11T22:41:53.226+0000] {processor.py:840} INFO - DAG(s) 'example_external_task_marker_parent', 'example_external_task_marker_child' retrieved from /home/airflow/.local/lib/python3.12/site-packages/airflow/example_dags/example_external_task_marker_dag.py
[2026-06-11T22:41:53.254+0000] {logging_mixin.py:188} INFO - [2026-06-11T22:41:53.254+0000] {dag.py:3096} INFO - Sync 2 DAGs
[2026-06-11T22:41:53.271+0000] {logging_mixin.py:188} INFO - [2026-06-11T22:41:53.271+0000] {dag.py:3954} INFO - Setting next_dagrun for example_external_task_marker_child to None, run_after=None
[2026-06-11T22:41:53.276+0000] {logging_mixin.py:188} INFO - [2026-06-11T22:41:53.276+0000] {dag.py:3954} INFO - Setting next_dagrun for example_external_task_marker_parent to None, run_after=None
[2026-06-11T22:41:53.305+0000] {processor.py:183} INFO - Processing /home/airflow/.local/lib/python3.12/site-packages/airflow/example_dags/example_external_task_marker_dag.py took 0.104 seconds
[2026-06-11T22:42:23.683+0000] {processor.py:161} INFO - Started process (PID=4219) to work on /home/airflow/.local/lib/python3.12/site-packages/airflow/example_dags/example_external_task_marker_dag.py
[2026-06-11T22:42:23.684+0000] {processor.py:830} INFO - Processing file /home/airflow/.local/lib/python3.12/site-packages/airflow/example_dags/example_external_task_marker_dag.py for tasks to queue
[2026-06-11T22:42:23.686+0000] {logging_mixin.py:188} INFO - [2026-06-11T22:42:23.686+0000] {dagbag.py:545} INFO - Filling up the DagBag from /home/airflow/.local/lib/python3.12/site-packages/airflow/example_dags/example_external_task_marker_dag.py
[2026-06-11T22:42:23.694+0000] {processor.py:840} INFO - DAG(s) 'example_external_task_marker_child', 'example_external_task_marker_parent' retrieved from /home/airflow/.local/lib/python3.12/site-packages/airflow/example_dags/example_external_task_marker_dag.py
[2026-06-11T22:42:23.723+0000] {logging_mixin.py:188} INFO - [2026-06-11T22:42:23.723+0000] {dag.py:3096} INFO - Sync 2 DAGs
[2026-06-11T22:42:23.755+0000] {logging_mixin.py:188} INFO - [2026-06-11T22:42:23.755+0000] {dag.py:3954} INFO - Setting next_dagrun for example_external_task_marker_child to None, run_after=None
[2026-06-11T22:42:23.771+0000] {logging_mixin.py:188} INFO - [2026-06-11T22:42:23.770+0000] {dag.py:3954} INFO - Setting next_dagrun for example_external_task_marker_parent to None, run_after=None
[2026-06-11T22:42:23.821+0000] {processor.py:183} INFO - Processing /home/airflow/.local/lib/python3.12/site-packages/airflow/example_dags/example_external_task_marker_dag.py took 0.146 seconds
[2026-06-11T22:42:54.146+0000] {processor.py:161} INFO - Started process (PID=4281) to work on /home/airflow/.local/lib/python3.12/site-packages/airflow/example_dags/example_external_task_marker_dag.py
[2026-06-11T22:42:54.147+0000] {processor.py:830} INFO - Processing file /home/airflow/.local/lib/python3.12/site-packages/airflow/example_dags/example_external_task_marker_dag.py for tasks to queue
[2026-06-11T22:42:54.151+0000] {logging_mixin.py:188} INFO - [2026-06-11T22:42:54.150+0000] {dagbag.py:545} INFO - Filling up the DagBag from /home/airflow/.local/lib/python3.12/site-packages/airflow/example_dags/example_external_task_marker_dag.py
[2026-06-11T22:42:54.159+0000] {processor.py:840} INFO - DAG(s) 'example_external_task_marker_child', 'example_external_task_marker_parent' retrieved from /home/airflow/.local/lib/python3.12/site-packages/airflow/example_dags/example_external_task_marker_dag.py
[2026-06-11T22:42:54.189+0000] {logging_mixin.py:188} INFO - [2026-06-11T22:42:54.188+0000] {dag.py:3096} INFO - Sync 2 DAGs
[2026-06-11T22:42:54.208+0000] {logging_mixin.py:188} INFO - [2026-06-11T22:42:54.208+0000] {dag.py:3954} INFO - Setting next_dagrun for example_external_task_marker_child to None, run_after=None
[2026-06-11T22:42:54.213+0000] {logging_mixin.py:188} INFO - [2026-06-11T22:42:54.213+0000] {dag.py:3954} INFO - Setting next_dagrun for example_external_task_marker_parent to None, run_after=None
[2026-06-11T22:42:54.231+0000] {processor.py:183} INFO - Processing /home/airflow/.local/lib/python3.12/site-packages/airflow/example_dags/example_external_task_marker_dag.py took 0.102 seconds
[2026-06-11T22:43:24.275+0000] {processor.py:161} INFO - Started process (PID=4343) to work on /home/airflow/.local/lib/python3.12/site-packages/airflow/example_dags/example_external_task_marker_dag.py
[2026-06-11T22:43:24.276+0000] {processor.py:830} INFO - Processing file /home/airflow/.local/lib/python3.12/site-packages/airflow/example_dags/example_external_task_marker_dag.py for tasks to queue
[2026-06-11T22:43:24.278+0000] {logging_mixin.py:188} INFO - [2026-06-11T22:43:24.278+0000] {dagbag.py:545} INFO - Filling up the DagBag from /home/airflow/.local/lib/python3.12/site-packages/airflow/example_dags/example_external_task_marker_dag.py
[2026-06-11T22:43:24.286+0000] {processor.py:840} INFO - DAG(s) 'example_external_task_marker_child', 'example_external_task_marker_parent' retrieved from /home/airflow/.local/lib/python3.12/site-packages/airflow/example_dags/example_external_task_marker_dag.py
[2026-06-11T22:43:24.313+0000] {logging_mixin.py:188} INFO - [2026-06-11T22:43:24.313+0000] {dag.py:3096} INFO - Sync 2 DAGs
[2026-06-11T22:43:24.330+0000] {logging_mixin.py:188} INFO - [2026-06-11T22:43:24.330+0000] {dag.py:3954} INFO - Setting next_dagrun for example_external_task_marker_child to None, run_after=None
[2026-06-11T22:43:24.334+0000] {logging_mixin.py:188} INFO - [2026-06-11T22:43:24.334+0000] {dag.py:3954} INFO - Setting next_dagrun for example_external_task_marker_parent to None, run_after=None
[2026-06-11T22:43:24.351+0000] {processor.py:183} INFO - Processing /home/airflow/.local/lib/python3.12/site-packages/airflow/example_dags/example_external_task_marker_dag.py took 0.083 seconds
[2026-06-11T22:43:54.678+0000] {processor.py:161} INFO - Started process (PID=4405) to work on /home/airflow/.local/lib/python3.12/site-packages/airflow/example_dags/example_external_task_marker_dag.py
[2026-06-11T22:43:54.678+0000] {processor.py:830} INFO - Processing file /home/airflow/.local/lib/python3.12/site-packages/airflow/example_dags/example_external_task_marker_dag.py for tasks to queue
[2026-06-11T22:43:54.680+0000] {logging_mixin.py:188} INFO - [2026-06-11T22:43:54.680+0000] {dagbag.py:545} INFO - Filling up the DagBag from /home/airflow/.local/lib/python3.12/site-packages/airflow/example_dags/example_external_task_marker_dag.py
[2026-06-11T22:43:54.685+0000] {processor.py:840} INFO - DAG(s) 'example_external_task_marker_parent', 'example_external_task_marker_child' retrieved from /home/airflow/.local/lib/python3.12/site-packages/airflow/example_dags/example_external_task_marker_dag.py
[2026-06-11T22:43:54.706+0000] {logging_mixin.py:188} INFO - [2026-06-11T22:43:54.705+0000] {dag.py:3096} INFO - Sync 2 DAGs
[2026-06-11T22:43:54.717+0000] {logging_mixin.py:188} INFO - [2026-06-11T22:43:54.717+0000] {dag.py:3954} INFO - Setting next_dagrun for example_external_task_marker_child to None, run_after=None
[2026-06-11T22:43:54.720+0000] {logging_mixin.py:188} INFO - [2026-06-11T22:43:54.720+0000] {dag.py:3954} INFO - Setting next_dagrun for example_external_task_marker_parent to None, run_after=None
[2026-06-11T22:43:54.735+0000] {processor.py:183} INFO - Processing /home/airflow/.local/lib/python3.12/site-packages/airflow/example_dags/example_external_task_marker_dag.py took 0.063 seconds
[2026-06-11T22:44:25.476+0000] {processor.py:161} INFO - Started process (PID=4467) to work on /home/airflow/.local/lib/python3.12/site-packages/airflow/example_dags/example_external_task_marker_dag.py
[2026-06-11T22:44:25.477+0000] {processor.py:830} INFO - Processing file /home/airflow/.local/lib/python3.12/site-packages/airflow/example_dags/example_external_task_marker_dag.py for tasks to queue
[2026-06-11T22:44:25.479+0000] {logging_mixin.py:188} INFO - [2026-06-11T22:44:25.479+0000] {dagbag.py:545} INFO - Filling up the DagBag from /home/airflow/.local/lib/python3.12/site-packages/airflow/example_dags/example_external_task_marker_dag.py
[2026-06-11T22:44:25.486+0000] {processor.py:840} INFO - DAG(s) 'example_external_task_marker_child', 'example_external_task_marker_parent' retrieved from /home/airflow/.local/lib/python3.12/site-packages/airflow/example_dags/example_external_task_marker_dag.py
[2026-06-11T22:44:25.515+0000] {logging_mixin.py:188} INFO - [2026-06-11T22:44:25.515+0000] {dag.py:3096} INFO - Sync 2 DAGs
[2026-06-11T22:44:25.543+0000] {logging_mixin.py:188} INFO - [2026-06-11T22:44:25.542+0000] {dag.py:3954} INFO - Setting next_dagrun for example_external_task_marker_child to None, run_after=None
[2026-06-11T22:44:25.552+0000] {logging_mixin.py:188} INFO - [2026-06-11T22:44:25.552+0000] {dag.py:3954} INFO - Setting next_dagrun for example_external_task_marker_parent to None, run_after=None
[2026-06-11T22:44:25.583+0000] {processor.py:183} INFO - Processing /home/airflow/.local/lib/python3.12/site-packages/airflow/example_dags/example_external_task_marker_dag.py took 0.114 seconds
[2026-06-11T22:44:56.053+0000] {processor.py:161} INFO - Started process (PID=4528) to work on /home/airflow/.local/lib/python3.12/site-packages/airflow/example_dags/example_external_task_marker_dag.py
[2026-06-11T22:44:56.054+0000] {processor.py:830} INFO - Processing file /home/airflow/.local/lib/python3.12/site-packages/airflow/example_dags/example_external_task_marker_dag.py for tasks to queue
[2026-06-11T22:44:56.056+0000] {logging_mixin.py:188} INFO - [2026-06-11T22:44:56.056+0000] {dagbag.py:545} INFO - Filling up the DagBag from /home/airflow/.local/lib/python3.12/site-packages/airflow/example_dags/example_external_task_marker_dag.py
[2026-06-11T22:44:56.064+0000] {processor.py:840} INFO - DAG(s) 'example_external_task_marker_parent', 'example_external_task_marker_child' retrieved from /home/airflow/.local/lib/python3.12/site-packages/airflow/example_dags/example_external_task_marker_dag.py
[2026-06-11T22:44:56.093+0000] {logging_mixin.py:188} INFO - [2026-06-11T22:44:56.093+0000] {dag.py:3096} INFO - Sync 2 DAGs
[2026-06-11T22:44:56.111+0000] {logging_mixin.py:188} INFO - [2026-06-11T22:44:56.111+0000] {dag.py:3954} INFO - Setting next_dagrun for example_external_task_marker_child to None, run_after=None
[2026-06-11T22:44:56.116+0000] {logging_mixin.py:188} INFO - [2026-06-11T22:44:56.116+0000] {dag.py:3954} INFO - Setting next_dagrun for example_external_task_marker_parent to None, run_after=None
[2026-06-11T22:44:56.134+0000] {processor.py:183} INFO - Processing /home/airflow/.local/lib/python3.12/site-packages/airflow/example_dags/example_external_task_marker_dag.py took 0.088 seconds
[2026-06-11T22:45:26.392+0000] {processor.py:161} INFO - Started process (PID=4590) to work on /home/airflow/.local/lib/python3.12/site-packages/airflow/example_dags/example_external_task_marker_dag.py
[2026-06-11T22:45:26.393+0000] {processor.py:830} INFO - Processing file /home/airflow/.local/lib/python3.12/site-packages/airflow/example_dags/example_external_task_marker_dag.py for tasks to queue
[2026-06-11T22:45:26.395+0000] {logging_mixin.py:188} INFO - [2026-06-11T22:45:26.395+0000] {dagbag.py:545} INFO - Filling up the DagBag from /home/airflow/.local/lib/python3.12/site-packages/airflow/example_dags/example_external_task_marker_dag.py
[2026-06-11T22:45:26.411+0000] {processor.py:840} INFO - DAG(s) 'example_external_task_marker_parent', 'example_external_task_marker_child' retrieved from /home/airflow/.local/lib/python3.12/site-packages/airflow/example_dags/example_external_task_marker_dag.py
[2026-06-11T22:45:26.476+0000] {logging_mixin.py:188} INFO - [2026-06-11T22:45:26.476+0000] {dag.py:3096} INFO - Sync 2 DAGs
[2026-06-11T22:45:26.491+0000] {logging_mixin.py:188} INFO - [2026-06-11T22:45:26.491+0000] {dag.py:3954} INFO - Setting next_dagrun for example_external_task_marker_child to None, run_after=None
[2026-06-11T22:45:26.495+0000] {logging_mixin.py:188} INFO - [2026-06-11T22:45:26.495+0000] {dag.py:3954} INFO - Setting next_dagrun for example_external_task_marker_parent to None, run_after=None
[2026-06-11T22:45:26.511+0000] {processor.py:183} INFO - Processing /home/airflow/.local/lib/python3.12/site-packages/airflow/example_dags/example_external_task_marker_dag.py took 0.126 seconds
[2026-06-11T22:45:56.777+0000] {processor.py:161} INFO - Started process (PID=4649) to work on /home/airflow/.local/lib/python3.12/site-packages/airflow/example_dags/example_external_task_marker_dag.py
[2026-06-11T22:45:56.778+0000] {processor.py:830} INFO - Processing file /home/airflow/.local/lib/python3.12/site-packages/airflow/example_dags/example_external_task_marker_dag.py for tasks to queue
[2026-06-11T22:45:56.779+0000] {logging_mixin.py:188} INFO - [2026-06-11T22:45:56.779+0000] {dagbag.py:545} INFO - Filling up the DagBag from /home/airflow/.local/lib/python3.12/site-packages/airflow/example_dags/example_external_task_marker_dag.py
[2026-06-11T22:45:56.786+0000] {processor.py:840} INFO - DAG(s) 'example_external_task_marker_parent', 'example_external_task_marker_child' retrieved from /home/airflow/.local/lib/python3.12/site-packages/airflow/example_dags/example_external_task_marker_dag.py
[2026-06-11T22:45:56.813+0000] {logging_mixin.py:188} INFO - [2026-06-11T22:45:56.813+0000] {dag.py:3096} INFO - Sync 2 DAGs
[2026-06-11T22:45:56.831+0000] {logging_mixin.py:188} INFO - [2026-06-11T22:45:56.831+0000] {dag.py:3954} INFO - Setting next_dagrun for example_external_task_marker_child to None, run_after=None
[2026-06-11T22:45:56.836+0000] {logging_mixin.py:188} INFO - [2026-06-11T22:45:56.836+0000] {dag.py:3954} INFO - Setting next_dagrun for example_external_task_marker_parent to None, run_after=None
[2026-06-11T22:45:56.854+0000] {processor.py:183} INFO - Processing /home/airflow/.local/lib/python3.12/site-packages/airflow/example_dags/example_external_task_marker_dag.py took 0.083 seconds
[2026-06-11T22:46:27.158+0000] {processor.py:161} INFO - Started process (PID=4711) to work on /home/airflow/.local/lib/python3.12/site-packages/airflow/example_dags/example_external_task_marker_dag.py
[2026-06-11T22:46:27.159+0000] {processor.py:830} INFO - Processing file /home/airflow/.local/lib/python3.12/site-packages/airflow/example_dags/example_external_task_marker_dag.py for tasks to queue
[2026-06-11T22:46:27.161+0000] {logging_mixin.py:188} INFO - [2026-06-11T22:46:27.160+0000] {dagbag.py:545} INFO - Filling up the DagBag from /home/airflow/.local/lib/python3.12/site-packages/airflow/example_dags/example_external_task_marker_dag.py
[2026-06-11T22:46:27.167+0000] {processor.py:840} INFO - DAG(s) 'example_external_task_marker_child', 'example_external_task_marker_parent' retrieved from /home/airflow/.local/lib/python3.12/site-packages/airflow/example_dags/example_external_task_marker_dag.py
[2026-06-11T22:46:27.197+0000] {logging_mixin.py:188} INFO - [2026-06-11T22:46:27.196+0000] {dag.py:3096} INFO - Sync 2 DAGs
[2026-06-11T22:46:27.215+0000] {logging_mixin.py:188} INFO - [2026-06-11T22:46:27.215+0000] {dag.py:3954} INFO - Setting next_dagrun for example_external_task_marker_child to None, run_after=None
[2026-06-11T22:46:27.219+0000] {logging_mixin.py:188} INFO - [2026-06-11T22:46:27.219+0000] {dag.py:3954} INFO - Setting next_dagrun for example_external_task_marker_parent to None, run_after=None
[2026-06-11T22:46:27.237+0000] {processor.py:183} INFO - Processing /home/airflow/.local/lib/python3.12/site-packages/airflow/example_dags/example_external_task_marker_dag.py took 0.087 seconds
[2026-06-11T22:46:57.599+0000] {processor.py:161} INFO - Started process (PID=4772) to work on /home/airflow/.local/lib/python3.12/site-packages/airflow/example_dags/example_external_task_marker_dag.py
[2026-06-11T22:46:57.602+0000] {processor.py:830} INFO - Processing file /home/airflow/.local/lib/python3.12/site-packages/airflow/example_dags/example_external_task_marker_dag.py for tasks to queue
[2026-06-11T22:46:57.604+0000] {logging_mixin.py:188} INFO - [2026-06-11T22:46:57.604+0000] {dagbag.py:545} INFO - Filling up the DagBag from /home/airflow/.local/lib/python3.12/site-packages/airflow/example_dags/example_external_task_marker_dag.py
[2026-06-11T22:46:57.617+0000] {processor.py:840} INFO - DAG(s) 'example_external_task_marker_child', 'example_external_task_marker_parent' retrieved from /home/airflow/.local/lib/python3.12/site-packages/airflow/example_dags/example_external_task_marker_dag.py
[2026-06-11T22:46:57.650+0000] {logging_mixin.py:188} INFO - [2026-06-11T22:46:57.649+0000] {dag.py:3096} INFO - Sync 2 DAGs
[2026-06-11T22:46:57.671+0000] {logging_mixin.py:188} INFO - [2026-06-11T22:46:57.670+0000] {dag.py:3954} INFO - Setting next_dagrun for example_external_task_marker_child to None, run_after=None
[2026-06-11T22:46:57.683+0000] {logging_mixin.py:188} INFO - [2026-06-11T22:46:57.683+0000] {dag.py:3954} INFO - Setting next_dagrun for example_external_task_marker_parent to None, run_after=None
[2026-06-11T22:46:57.701+0000] {processor.py:183} INFO - Processing /home/airflow/.local/lib/python3.12/site-packages/airflow/example_dags/example_external_task_marker_dag.py took 0.118 seconds
[2026-06-11T22:47:27.942+0000] {processor.py:161} INFO - Started process (PID=4834) to work on /home/airflow/.local/lib/python3.12/site-packages/airflow/example_dags/example_external_task_marker_dag.py
[2026-06-11T22:47:27.943+0000] {processor.py:830} INFO - Processing file /home/airflow/.local/lib/python3.12/site-packages/airflow/example_dags/example_external_task_marker_dag.py for tasks to queue
[2026-06-11T22:47:27.945+0000] {logging_mixin.py:188} INFO - [2026-06-11T22:47:27.944+0000] {dagbag.py:545} INFO - Filling up the DagBag from /home/airflow/.local/lib/python3.12/site-packages/airflow/example_dags/example_external_task_marker_dag.py
[2026-06-11T22:47:27.952+0000] {processor.py:840} INFO - DAG(s) 'example_external_task_marker_child', 'example_external_task_marker_parent' retrieved from /home/airflow/.local/lib/python3.12/site-packages/airflow/example_dags/example_external_task_marker_dag.py
[2026-06-11T22:47:27.979+0000] {logging_mixin.py:188} INFO - [2026-06-11T22:47:27.978+0000] {dag.py:3096} INFO - Sync 2 DAGs
[2026-06-11T22:47:27.994+0000] {logging_mixin.py:188} INFO - [2026-06-11T22:47:27.994+0000] {dag.py:3954} INFO - Setting next_dagrun for example_external_task_marker_child to None, run_after=None
[2026-06-11T22:47:27.999+0000] {logging_mixin.py:188} INFO - [2026-06-11T22:47:27.999+0000] {dag.py:3954} INFO - Setting next_dagrun for example_external_task_marker_parent to None, run_after=None
[2026-06-11T22:47:28.074+0000] {processor.py:183} INFO - Processing /home/airflow/.local/lib/python3.12/site-packages/airflow/example_dags/example_external_task_marker_dag.py took 0.140 seconds
[2026-06-11T22:47:58.388+0000] {processor.py:161} INFO - Started process (PID=4896) to work on /home/airflow/.local/lib/python3.12/site-packages/airflow/example_dags/example_external_task_marker_dag.py
[2026-06-11T22:47:58.389+0000] {processor.py:830} INFO - Processing file /home/airflow/.local/lib/python3.12/site-packages/airflow/example_dags/example_external_task_marker_dag.py for tasks to queue
[2026-06-11T22:47:58.392+0000] {logging_mixin.py:188} INFO - [2026-06-11T22:47:58.392+0000] {dagbag.py:545} INFO - Filling up the DagBag from /home/airflow/.local/lib/python3.12/site-packages/airflow/example_dags/example_external_task_marker_dag.py
[2026-06-11T22:47:58.400+0000] {processor.py:840} INFO - DAG(s) 'example_external_task_marker_child', 'example_external_task_marker_parent' retrieved from /home/airflow/.local/lib/python3.12/site-packages/airflow/example_dags/example_external_task_marker_dag.py
[2026-06-11T22:47:58.428+0000] {logging_mixin.py:188} INFO - [2026-06-11T22:47:58.428+0000] {dag.py:3096} INFO - Sync 2 DAGs
[2026-06-11T22:47:58.446+0000] {logging_mixin.py:188} INFO - [2026-06-11T22:47:58.445+0000] {dag.py:3954} INFO - Setting next_dagrun for example_external_task_marker_child to None, run_after=None
[2026-06-11T22:47:58.451+0000] {logging_mixin.py:188} INFO - [2026-06-11T22:47:58.451+0000] {dag.py:3954} INFO - Setting next_dagrun for example_external_task_marker_parent to None, run_after=None
[2026-06-11T22:47:58.470+0000] {processor.py:183} INFO - Processing /home/airflow/.local/lib/python3.12/site-packages/airflow/example_dags/example_external_task_marker_dag.py took 0.089 seconds
[2026-06-11T22:48:29.155+0000] {processor.py:161} INFO - Started process (PID=4958) to work on /home/airflow/.local/lib/python3.12/site-packages/airflow/example_dags/example_external_task_marker_dag.py
[2026-06-11T22:48:29.156+0000] {processor.py:830} INFO - Processing file /home/airflow/.local/lib/python3.12/site-packages/airflow/example_dags/example_external_task_marker_dag.py for tasks to queue
[2026-06-11T22:48:29.159+0000] {logging_mixin.py:188} INFO - [2026-06-11T22:48:29.158+0000] {dagbag.py:545} INFO - Filling up the DagBag from /home/airflow/.local/lib/python3.12/site-packages/airflow/example_dags/example_external_task_marker_dag.py
[2026-06-11T22:48:29.167+0000] {processor.py:840} INFO - DAG(s) 'example_external_task_marker_child', 'example_external_task_marker_parent' retrieved from /home/airflow/.local/lib/python3.12/site-packages/airflow/example_dags/example_external_task_marker_dag.py
[2026-06-11T22:48:29.206+0000] {logging_mixin.py:188} INFO - [2026-06-11T22:48:29.206+0000] {dag.py:3096} INFO - Sync 2 DAGs
[2026-06-11T22:48:29.223+0000] {logging_mixin.py:188} INFO - [2026-06-11T22:48:29.223+0000] {dag.py:3954} INFO - Setting next_dagrun for example_external_task_marker_child to None, run_after=None
[2026-06-11T22:48:29.228+0000] {logging_mixin.py:188} INFO - [2026-06-11T22:48:29.228+0000] {dag.py:3954} INFO - Setting next_dagrun for example_external_task_marker_parent to None, run_after=None
[2026-06-11T22:48:29.245+0000] {processor.py:183} INFO - Processing /home/airflow/.local/lib/python3.12/site-packages/airflow/example_dags/example_external_task_marker_dag.py took 0.100 seconds
[2026-06-11T22:48:59.962+0000] {processor.py:161} INFO - Started process (PID=5019) to work on /home/airflow/.local/lib/python3.12/site-packages/airflow/example_dags/example_external_task_marker_dag.py
[2026-06-11T22:48:59.963+0000] {processor.py:830} INFO - Processing file /home/airflow/.local/lib/python3.12/site-packages/airflow/example_dags/example_external_task_marker_dag.py for tasks to queue
[2026-06-11T22:48:59.965+0000] {logging_mixin.py:188} INFO - [2026-06-11T22:48:59.964+0000] {dagbag.py:545} INFO - Filling up the DagBag from /home/airflow/.local/lib/python3.12/site-packages/airflow/example_dags/example_external_task_marker_dag.py
[2026-06-11T22:48:59.972+0000] {processor.py:840} INFO - DAG(s) 'example_external_task_marker_parent', 'example_external_task_marker_child' retrieved from /home/airflow/.local/lib/python3.12/site-packages/airflow/example_dags/example_external_task_marker_dag.py
[2026-06-11T22:49:00.000+0000] {logging_mixin.py:188} INFO - [2026-06-11T22:48:59.999+0000] {dag.py:3096} INFO - Sync 2 DAGs
[2026-06-11T22:49:00.026+0000] {logging_mixin.py:188} INFO - [2026-06-11T22:49:00.026+0000] {dag.py:3954} INFO - Setting next_dagrun for example_external_task_marker_child to None, run_after=None
[2026-06-11T22:49:00.036+0000] {logging_mixin.py:188} INFO - [2026-06-11T22:49:00.036+0000] {dag.py:3954} INFO - Setting next_dagrun for example_external_task_marker_parent to None, run_after=None
[2026-06-11T22:49:00.057+0000] {processor.py:183} INFO - Processing /home/airflow/.local/lib/python3.12/site-packages/airflow/example_dags/example_external_task_marker_dag.py took 0.104 seconds
[2026-06-11T22:49:30.398+0000] {processor.py:161} INFO - Started process (PID=5081) to work on /home/airflow/.local/lib/python3.12/site-packages/airflow/example_dags/example_external_task_marker_dag.py
[2026-06-11T22:49:30.399+0000] {processor.py:830} INFO - Processing file /home/airflow/.local/lib/python3.12/site-packages/airflow/example_dags/example_external_task_marker_dag.py for tasks to queue
[2026-06-11T22:49:30.401+0000] {logging_mixin.py:188} INFO - [2026-06-11T22:49:30.400+0000] {dagbag.py:545} INFO - Filling up the DagBag from /home/airflow/.local/lib/python3.12/site-packages/airflow/example_dags/example_external_task_marker_dag.py
[2026-06-11T22:49:30.408+0000] {processor.py:840} INFO - DAG(s) 'example_external_task_marker_parent', 'example_external_task_marker_child' retrieved from /home/airflow/.local/lib/python3.12/site-packages/airflow/example_dags/example_external_task_marker_dag.py
[2026-06-11T22:49:30.438+0000] {logging_mixin.py:188} INFO - [2026-06-11T22:49:30.438+0000] {dag.py:3096} INFO - Sync 2 DAGs
[2026-06-11T22:49:30.457+0000] {logging_mixin.py:188} INFO - [2026-06-11T22:49:30.457+0000] {dag.py:3954} INFO - Setting next_dagrun for example_external_task_marker_child to None, run_after=None
[2026-06-11T22:49:30.464+0000] {logging_mixin.py:188} INFO - [2026-06-11T22:49:30.463+0000] {dag.py:3954} INFO - Setting next_dagrun for example_external_task_marker_parent to None, run_after=None
[2026-06-11T22:49:30.483+0000] {processor.py:183} INFO - Processing /home/airflow/.local/lib/python3.12/site-packages/airflow/example_dags/example_external_task_marker_dag.py took 0.092 seconds
[2026-06-11T22:50:00.767+0000] {processor.py:161} INFO - Started process (PID=5142) to work on /home/airflow/.local/lib/python3.12/site-packages/airflow/example_dags/example_external_task_marker_dag.py
[2026-06-11T22:50:00.768+0000] {processor.py:830} INFO - Processing file /home/airflow/.local/lib/python3.12/site-packages/airflow/example_dags/example_external_task_marker_dag.py for tasks to queue
[2026-06-11T22:50:00.770+0000] {logging_mixin.py:188} INFO - [2026-06-11T22:50:00.769+0000] {dagbag.py:545} INFO - Filling up the DagBag from /home/airflow/.local/lib/python3.12/site-packages/airflow/example_dags/example_external_task_marker_dag.py
[2026-06-11T22:50:00.777+0000] {processor.py:840} INFO - DAG(s) 'example_external_task_marker_parent', 'example_external_task_marker_child' retrieved from /home/airflow/.local/lib/python3.12/site-packages/airflow/example_dags/example_external_task_marker_dag.py
[2026-06-11T22:50:00.805+0000] {logging_mixin.py:188} INFO - [2026-06-11T22:50:00.805+0000] {dag.py:3096} INFO - Sync 2 DAGs
[2026-06-11T22:50:00.822+0000] {logging_mixin.py:188} INFO - [2026-06-11T22:50:00.822+0000] {dag.py:3954} INFO - Setting next_dagrun for example_external_task_marker_child to None, run_after=None
[2026-06-11T22:50:00.832+0000] {logging_mixin.py:188} INFO - [2026-06-11T22:50:00.832+0000] {dag.py:3954} INFO - Setting next_dagrun for example_external_task_marker_parent to None, run_after=None
[2026-06-11T22:50:00.860+0000] {processor.py:183} INFO - Processing /home/airflow/.local/lib/python3.12/site-packages/airflow/example_dags/example_external_task_marker_dag.py took 0.101 seconds
[2026-06-11T22:50:31.125+0000] {processor.py:161} INFO - Started process (PID=5204) to work on /home/airflow/.local/lib/python3.12/site-packages/airflow/example_dags/example_external_task_marker_dag.py
[2026-06-11T22:50:31.126+0000] {processor.py:830} INFO - Processing file /home/airflow/.local/lib/python3.12/site-packages/airflow/example_dags/example_external_task_marker_dag.py for tasks to queue
[2026-06-11T22:50:31.128+0000] {logging_mixin.py:188} INFO - [2026-06-11T22:50:31.128+0000] {dagbag.py:545} INFO - Filling up the DagBag from /home/airflow/.local/lib/python3.12/site-packages/airflow/example_dags/example_external_task_marker_dag.py
[2026-06-11T22:50:31.135+0000] {processor.py:840} INFO - DAG(s) 'example_external_task_marker_parent', 'example_external_task_marker_child' retrieved from /home/airflow/.local/lib/python3.12/site-packages/airflow/example_dags/example_external_task_marker_dag.py
[2026-06-11T22:50:31.162+0000] {logging_mixin.py:188} INFO - [2026-06-11T22:50:31.161+0000] {dag.py:3096} INFO - Sync 2 DAGs
[2026-06-11T22:50:31.180+0000] {logging_mixin.py:188} INFO - [2026-06-11T22:50:31.179+0000] {dag.py:3954} INFO - Setting next_dagrun for example_external_task_marker_child to None, run_after=None
[2026-06-11T22:50:31.185+0000] {logging_mixin.py:188} INFO - [2026-06-11T22:50:31.185+0000] {dag.py:3954} INFO - Setting next_dagrun for example_external_task_marker_parent to None, run_after=None
[2026-06-11T22:50:31.207+0000] {processor.py:183} INFO - Processing /home/airflow/.local/lib/python3.12/site-packages/airflow/example_dags/example_external_task_marker_dag.py took 0.089 seconds
[2026-06-11T22:51:01.685+0000] {processor.py:161} INFO - Started process (PID=5266) to work on /home/airflow/.local/lib/python3.12/site-packages/airflow/example_dags/example_external_task_marker_dag.py
[2026-06-11T22:51:01.688+0000] {processor.py:830} INFO - Processing file /home/airflow/.local/lib/python3.12/site-packages/airflow/example_dags/example_external_task_marker_dag.py for tasks to queue
[2026-06-11T22:51:01.692+0000] {logging_mixin.py:188} INFO - [2026-06-11T22:51:01.692+0000] {dagbag.py:545} INFO - Filling up the DagBag from /home/airflow/.local/lib/python3.12/site-packages/airflow/example_dags/example_external_task_marker_dag.py
[2026-06-11T22:51:01.708+0000] {processor.py:840} INFO - DAG(s) 'example_external_task_marker_child', 'example_external_task_marker_parent' retrieved from /home/airflow/.local/lib/python3.12/site-packages/airflow/example_dags/example_external_task_marker_dag.py
[2026-06-11T22:51:01.762+0000] {logging_mixin.py:188} INFO - [2026-06-11T22:51:01.762+0000] {dag.py:3096} INFO - Sync 2 DAGs
[2026-06-11T22:51:01.797+0000] {logging_mixin.py:188} INFO - [2026-06-11T22:51:01.794+0000] {dag.py:3954} INFO - Setting next_dagrun for example_external_task_marker_child to None, run_after=None
[2026-06-11T22:51:01.807+0000] {logging_mixin.py:188} INFO - [2026-06-11T22:51:01.806+0000] {dag.py:3954} INFO - Setting next_dagrun for example_external_task_marker_parent to None, run_after=None
[2026-06-11T22:51:01.843+0000] {processor.py:183} INFO - Processing /home/airflow/.local/lib/python3.12/site-packages/airflow/example_dags/example_external_task_marker_dag.py took 0.172 seconds
[2026-06-11T22:51:32.425+0000] {processor.py:161} INFO - Started process (PID=5328) to work on /home/airflow/.local/lib/python3.12/site-packages/airflow/example_dags/example_external_task_marker_dag.py
[2026-06-11T22:51:32.426+0000] {processor.py:830} INFO - Processing file /home/airflow/.local/lib/python3.12/site-packages/airflow/example_dags/example_external_task_marker_dag.py for tasks to queue
[2026-06-11T22:51:32.428+0000] {logging_mixin.py:188} INFO - [2026-06-11T22:51:32.428+0000] {dagbag.py:545} INFO - Filling up the DagBag from /home/airflow/.local/lib/python3.12/site-packages/airflow/example_dags/example_external_task_marker_dag.py
[2026-06-11T22:51:32.435+0000] {processor.py:840} INFO - DAG(s) 'example_external_task_marker_parent', 'example_external_task_marker_child' retrieved from /home/airflow/.local/lib/python3.12/site-packages/airflow/example_dags/example_external_task_marker_dag.py
[2026-06-11T22:51:32.468+0000] {logging_mixin.py:188} INFO - [2026-06-11T22:51:32.467+0000] {dag.py:3096} INFO - Sync 2 DAGs
[2026-06-11T22:51:32.489+0000] {logging_mixin.py:188} INFO - [2026-06-11T22:51:32.489+0000] {dag.py:3954} INFO - Setting next_dagrun for example_external_task_marker_child to None, run_after=None
[2026-06-11T22:51:32.498+0000] {logging_mixin.py:188} INFO - [2026-06-11T22:51:32.497+0000] {dag.py:3954} INFO - Setting next_dagrun for example_external_task_marker_parent to None, run_after=None
[2026-06-11T22:51:32.539+0000] {processor.py:183} INFO - Processing /home/airflow/.local/lib/python3.12/site-packages/airflow/example_dags/example_external_task_marker_dag.py took 0.121 seconds
[2026-06-11T22:52:02.832+0000] {processor.py:161} INFO - Started process (PID=5390) to work on /home/airflow/.local/lib/python3.12/site-packages/airflow/example_dags/example_external_task_marker_dag.py
[2026-06-11T22:52:02.835+0000] {processor.py:830} INFO - Processing file /home/airflow/.local/lib/python3.12/site-packages/airflow/example_dags/example_external_task_marker_dag.py for tasks to queue
[2026-06-11T22:52:02.840+0000] {logging_mixin.py:188} INFO - [2026-06-11T22:52:02.837+0000] {dagbag.py:545} INFO - Filling up the DagBag from /home/airflow/.local/lib/python3.12/site-packages/airflow/example_dags/example_external_task_marker_dag.py
[2026-06-11T22:52:02.847+0000] {processor.py:840} INFO - DAG(s) 'example_external_task_marker_parent', 'example_external_task_marker_child' retrieved from /home/airflow/.local/lib/python3.12/site-packages/airflow/example_dags/example_external_task_marker_dag.py
[2026-06-11T22:52:02.875+0000] {logging_mixin.py:188} INFO - [2026-06-11T22:52:02.875+0000] {dag.py:3096} INFO - Sync 2 DAGs
[2026-06-11T22:52:02.896+0000] {logging_mixin.py:188} INFO - [2026-06-11T22:52:02.896+0000] {dag.py:3954} INFO - Setting next_dagrun for example_external_task_marker_child to None, run_after=None
[2026-06-11T22:52:02.902+0000] {logging_mixin.py:188} INFO - [2026-06-11T22:52:02.902+0000] {dag.py:3954} INFO - Setting next_dagrun for example_external_task_marker_parent to None, run_after=None
[2026-06-11T22:52:02.919+0000] {processor.py:183} INFO - Processing /home/airflow/.local/lib/python3.12/site-packages/airflow/example_dags/example_external_task_marker_dag.py took 0.104 seconds
[2026-06-11T22:52:33.678+0000] {processor.py:161} INFO - Started process (PID=5452) to work on /home/airflow/.local/lib/python3.12/site-packages/airflow/example_dags/example_external_task_marker_dag.py
[2026-06-11T22:52:33.679+0000] {processor.py:830} INFO - Processing file /home/airflow/.local/lib/python3.12/site-packages/airflow/example_dags/example_external_task_marker_dag.py for tasks to queue
[2026-06-11T22:52:33.681+0000] {logging_mixin.py:188} INFO - [2026-06-11T22:52:33.681+0000] {dagbag.py:545} INFO - Filling up the DagBag from /home/airflow/.local/lib/python3.12/site-packages/airflow/example_dags/example_external_task_marker_dag.py
[2026-06-11T22:52:33.689+0000] {processor.py:840} INFO - DAG(s) 'example_external_task_marker_parent', 'example_external_task_marker_child' retrieved from /home/airflow/.local/lib/python3.12/site-packages/airflow/example_dags/example_external_task_marker_dag.py
[2026-06-11T22:52:33.720+0000] {logging_mixin.py:188} INFO - [2026-06-11T22:52:33.719+0000] {dag.py:3096} INFO - Sync 2 DAGs
[2026-06-11T22:52:33.737+0000] {logging_mixin.py:188} INFO - [2026-06-11T22:52:33.736+0000] {dag.py:3954} INFO - Setting next_dagrun for example_external_task_marker_child to None, run_after=None
[2026-06-11T22:52:33.741+0000] {logging_mixin.py:188} INFO - [2026-06-11T22:52:33.741+0000] {dag.py:3954} INFO - Setting next_dagrun for example_external_task_marker_parent to None, run_after=None
[2026-06-11T22:52:33.758+0000] {processor.py:183} INFO - Processing /home/airflow/.local/lib/python3.12/site-packages/airflow/example_dags/example_external_task_marker_dag.py took 0.087 seconds
[2026-06-11T22:53:04.339+0000] {processor.py:161} INFO - Started process (PID=5514) to work on /home/airflow/.local/lib/python3.12/site-packages/airflow/example_dags/example_external_task_marker_dag.py
[2026-06-11T22:53:04.342+0000] {processor.py:830} INFO - Processing file /home/airflow/.local/lib/python3.12/site-packages/airflow/example_dags/example_external_task_marker_dag.py for tasks to queue
[2026-06-11T22:53:04.345+0000] {logging_mixin.py:188} INFO - [2026-06-11T22:53:04.345+0000] {dagbag.py:545} INFO - Filling up the DagBag from /home/airflow/.local/lib/python3.12/site-packages/airflow/example_dags/example_external_task_marker_dag.py
[2026-06-11T22:53:04.361+0000] {processor.py:840} INFO - DAG(s) 'example_external_task_marker_child', 'example_external_task_marker_parent' retrieved from /home/airflow/.local/lib/python3.12/site-packages/airflow/example_dags/example_external_task_marker_dag.py
[2026-06-11T22:53:04.427+0000] {logging_mixin.py:188} INFO - [2026-06-11T22:53:04.426+0000] {dag.py:3096} INFO - Sync 2 DAGs
[2026-06-11T22:53:04.485+0000] {logging_mixin.py:188} INFO - [2026-06-11T22:53:04.485+0000] {dag.py:3954} INFO - Setting next_dagrun for example_external_task_marker_child to None, run_after=None
[2026-06-11T22:53:04.537+0000] {logging_mixin.py:188} INFO - [2026-06-11T22:53:04.537+0000] {dag.py:3954} INFO - Setting next_dagrun for example_external_task_marker_parent to None, run_after=None
[2026-06-11T22:53:04.677+0000] {processor.py:183} INFO - Processing /home/airflow/.local/lib/python3.12/site-packages/airflow/example_dags/example_external_task_marker_dag.py took 0.357 seconds
[2026-06-11T22:53:35.481+0000] {processor.py:161} INFO - Started process (PID=5575) to work on /home/airflow/.local/lib/python3.12/site-packages/airflow/example_dags/example_external_task_marker_dag.py
[2026-06-11T22:53:35.483+0000] {processor.py:830} INFO - Processing file /home/airflow/.local/lib/python3.12/site-packages/airflow/example_dags/example_external_task_marker_dag.py for tasks to queue
[2026-06-11T22:53:35.487+0000] {logging_mixin.py:188} INFO - [2026-06-11T22:53:35.486+0000] {dagbag.py:545} INFO - Filling up the DagBag from /home/airflow/.local/lib/python3.12/site-packages/airflow/example_dags/example_external_task_marker_dag.py
[2026-06-11T22:53:35.501+0000] {processor.py:840} INFO - DAG(s) 'example_external_task_marker_child', 'example_external_task_marker_parent' retrieved from /home/airflow/.local/lib/python3.12/site-packages/airflow/example_dags/example_external_task_marker_dag.py
[2026-06-11T22:53:35.541+0000] {logging_mixin.py:188} INFO - [2026-06-11T22:53:35.541+0000] {dag.py:3096} INFO - Sync 2 DAGs
[2026-06-11T22:53:35.559+0000] {logging_mixin.py:188} INFO - [2026-06-11T22:53:35.559+0000] {dag.py:3954} INFO - Setting next_dagrun for example_external_task_marker_child to None, run_after=None
[2026-06-11T22:53:35.564+0000] {logging_mixin.py:188} INFO - [2026-06-11T22:53:35.563+0000] {dag.py:3954} INFO - Setting next_dagrun for example_external_task_marker_parent to None, run_after=None
[2026-06-11T22:53:35.582+0000] {processor.py:183} INFO - Processing /home/airflow/.local/lib/python3.12/site-packages/airflow/example_dags/example_external_task_marker_dag.py took 0.128 seconds
[2026-06-11T22:54:05.746+0000] {processor.py:161} INFO - Started process (PID=5636) to work on /home/airflow/.local/lib/python3.12/site-packages/airflow/example_dags/example_external_task_marker_dag.py
[2026-06-11T22:54:05.751+0000] {processor.py:830} INFO - Processing file /home/airflow/.local/lib/python3.12/site-packages/airflow/example_dags/example_external_task_marker_dag.py for tasks to queue
[2026-06-11T22:54:05.754+0000] {logging_mixin.py:188} INFO - [2026-06-11T22:54:05.753+0000] {dagbag.py:545} INFO - Filling up the DagBag from /home/airflow/.local/lib/python3.12/site-packages/airflow/example_dags/example_external_task_marker_dag.py
[2026-06-11T22:54:05.778+0000] {processor.py:840} INFO - DAG(s) 'example_external_task_marker_child', 'example_external_task_marker_parent' retrieved from /home/airflow/.local/lib/python3.12/site-packages/airflow/example_dags/example_external_task_marker_dag.py
[2026-06-11T22:54:05.915+0000] {logging_mixin.py:188} INFO - [2026-06-11T22:54:05.915+0000] {dag.py:3096} INFO - Sync 2 DAGs
[2026-06-11T22:54:05.967+0000] {logging_mixin.py:188} INFO - [2026-06-11T22:54:05.966+0000] {dag.py:3954} INFO - Setting next_dagrun for example_external_task_marker_child to None, run_after=None
[2026-06-11T22:54:05.981+0000] {logging_mixin.py:188} INFO - [2026-06-11T22:54:05.980+0000] {dag.py:3954} INFO - Setting next_dagrun for example_external_task_marker_parent to None, run_after=None
[2026-06-11T22:54:06.071+0000] {processor.py:183} INFO - Processing /home/airflow/.local/lib/python3.12/site-packages/airflow/example_dags/example_external_task_marker_dag.py took 0.342 seconds
[2026-06-11T22:54:37.058+0000] {processor.py:161} INFO - Started process (PID=5699) to work on /home/airflow/.local/lib/python3.12/site-packages/airflow/example_dags/example_external_task_marker_dag.py
[2026-06-11T22:54:37.059+0000] {processor.py:830} INFO - Processing file /home/airflow/.local/lib/python3.12/site-packages/airflow/example_dags/example_external_task_marker_dag.py for tasks to queue
[2026-06-11T22:54:37.061+0000] {logging_mixin.py:188} INFO - [2026-06-11T22:54:37.061+0000] {dagbag.py:545} INFO - Filling up the DagBag from /home/airflow/.local/lib/python3.12/site-packages/airflow/example_dags/example_external_task_marker_dag.py
[2026-06-11T22:54:37.074+0000] {processor.py:840} INFO - DAG(s) 'example_external_task_marker_child', 'example_external_task_marker_parent' retrieved from /home/airflow/.local/lib/python3.12/site-packages/airflow/example_dags/example_external_task_marker_dag.py
[2026-06-11T22:54:37.250+0000] {logging_mixin.py:188} INFO - [2026-06-11T22:54:37.249+0000] {dag.py:3096} INFO - Sync 2 DAGs
[2026-06-11T22:54:37.298+0000] {logging_mixin.py:188} INFO - [2026-06-11T22:54:37.297+0000] {dag.py:3954} INFO - Setting next_dagrun for example_external_task_marker_child to None, run_after=None
[2026-06-11T22:54:37.309+0000] {logging_mixin.py:188} INFO - [2026-06-11T22:54:37.309+0000] {dag.py:3954} INFO - Setting next_dagrun for example_external_task_marker_parent to None, run_after=None
[2026-06-11T22:54:37.376+0000] {processor.py:183} INFO - Processing /home/airflow/.local/lib/python3.12/site-packages/airflow/example_dags/example_external_task_marker_dag.py took 0.335 seconds
[2026-06-11T22:55:08.377+0000] {processor.py:161} INFO - Started process (PID=5761) to work on /home/airflow/.local/lib/python3.12/site-packages/airflow/example_dags/example_external_task_marker_dag.py
[2026-06-11T22:55:08.378+0000] {processor.py:830} INFO - Processing file /home/airflow/.local/lib/python3.12/site-packages/airflow/example_dags/example_external_task_marker_dag.py for tasks to queue
[2026-06-11T22:55:08.380+0000] {logging_mixin.py:188} INFO - [2026-06-11T22:55:08.380+0000] {dagbag.py:545} INFO - Filling up the DagBag from /home/airflow/.local/lib/python3.12/site-packages/airflow/example_dags/example_external_task_marker_dag.py
[2026-06-11T22:55:08.387+0000] {processor.py:840} INFO - DAG(s) 'example_external_task_marker_child', 'example_external_task_marker_parent' retrieved from /home/airflow/.local/lib/python3.12/site-packages/airflow/example_dags/example_external_task_marker_dag.py
[2026-06-11T22:55:08.417+0000] {logging_mixin.py:188} INFO - [2026-06-11T22:55:08.416+0000] {dag.py:3096} INFO - Sync 2 DAGs
[2026-06-11T22:55:08.435+0000] {logging_mixin.py:188} INFO - [2026-06-11T22:55:08.434+0000] {dag.py:3954} INFO - Setting next_dagrun for example_external_task_marker_child to None, run_after=None
[2026-06-11T22:55:08.439+0000] {logging_mixin.py:188} INFO - [2026-06-11T22:55:08.439+0000] {dag.py:3954} INFO - Setting next_dagrun for example_external_task_marker_parent to None, run_after=None
[2026-06-11T22:55:08.457+0000] {processor.py:183} INFO - Processing /home/airflow/.local/lib/python3.12/site-packages/airflow/example_dags/example_external_task_marker_dag.py took 0.086 seconds
[2026-06-11T22:55:38.723+0000] {processor.py:161} INFO - Started process (PID=5823) to work on /home/airflow/.local/lib/python3.12/site-packages/airflow/example_dags/example_external_task_marker_dag.py
[2026-06-11T22:55:38.724+0000] {processor.py:830} INFO - Processing file /home/airflow/.local/lib/python3.12/site-packages/airflow/example_dags/example_external_task_marker_dag.py for tasks to queue
[2026-06-11T22:55:38.725+0000] {logging_mixin.py:188} INFO - [2026-06-11T22:55:38.725+0000] {dagbag.py:545} INFO - Filling up the DagBag from /home/airflow/.local/lib/python3.12/site-packages/airflow/example_dags/example_external_task_marker_dag.py
[2026-06-11T22:55:38.733+0000] {processor.py:840} INFO - DAG(s) 'example_external_task_marker_parent', 'example_external_task_marker_child' retrieved from /home/airflow/.local/lib/python3.12/site-packages/airflow/example_dags/example_external_task_marker_dag.py
[2026-06-11T22:55:38.761+0000] {logging_mixin.py:188} INFO - [2026-06-11T22:55:38.760+0000] {dag.py:3096} INFO - Sync 2 DAGs
[2026-06-11T22:55:38.778+0000] {logging_mixin.py:188} INFO - [2026-06-11T22:55:38.778+0000] {dag.py:3954} INFO - Setting next_dagrun for example_external_task_marker_child to None, run_after=None
[2026-06-11T22:55:38.783+0000] {logging_mixin.py:188} INFO - [2026-06-11T22:55:38.783+0000] {dag.py:3954} INFO - Setting next_dagrun for example_external_task_marker_parent to None, run_after=None
[2026-06-11T22:55:38.801+0000] {processor.py:183} INFO - Processing /home/airflow/.local/lib/python3.12/site-packages/airflow/example_dags/example_external_task_marker_dag.py took 0.084 seconds
[2026-06-11T22:56:08.919+0000] {processor.py:161} INFO - Started process (PID=5885) to work on /home/airflow/.local/lib/python3.12/site-packages/airflow/example_dags/example_external_task_marker_dag.py
[2026-06-11T22:56:08.919+0000] {processor.py:830} INFO - Processing file /home/airflow/.local/lib/python3.12/site-packages/airflow/example_dags/example_external_task_marker_dag.py for tasks to queue
[2026-06-11T22:56:08.921+0000] {logging_mixin.py:188} INFO - [2026-06-11T22:56:08.921+0000] {dagbag.py:545} INFO - Filling up the DagBag from /home/airflow/.local/lib/python3.12/site-packages/airflow/example_dags/example_external_task_marker_dag.py
[2026-06-11T22:56:08.928+0000] {processor.py:840} INFO - DAG(s) 'example_external_task_marker_child', 'example_external_task_marker_parent' retrieved from /home/airflow/.local/lib/python3.12/site-packages/airflow/example_dags/example_external_task_marker_dag.py
[2026-06-11T22:56:08.966+0000] {logging_mixin.py:188} INFO - [2026-06-11T22:56:08.966+0000] {dag.py:3096} INFO - Sync 2 DAGs
[2026-06-11T22:56:09.003+0000] {logging_mixin.py:188} INFO - [2026-06-11T22:56:09.002+0000] {dag.py:3954} INFO - Setting next_dagrun for example_external_task_marker_child to None, run_after=None
[2026-06-11T22:56:09.008+0000] {logging_mixin.py:188} INFO - [2026-06-11T22:56:09.008+0000] {dag.py:3954} INFO - Setting next_dagrun for example_external_task_marker_parent to None, run_after=None
[2026-06-11T22:56:09.033+0000] {processor.py:183} INFO - Processing /home/airflow/.local/lib/python3.12/site-packages/airflow/example_dags/example_external_task_marker_dag.py took 0.121 seconds
[2026-06-11T22:56:39.726+0000] {processor.py:161} INFO - Started process (PID=5947) to work on /home/airflow/.local/lib/python3.12/site-packages/airflow/example_dags/example_external_task_marker_dag.py
[2026-06-11T22:56:39.727+0000] {processor.py:830} INFO - Processing file /home/airflow/.local/lib/python3.12/site-packages/airflow/example_dags/example_external_task_marker_dag.py for tasks to queue
[2026-06-11T22:56:39.731+0000] {logging_mixin.py:188} INFO - [2026-06-11T22:56:39.730+0000] {dagbag.py:545} INFO - Filling up the DagBag from /home/airflow/.local/lib/python3.12/site-packages/airflow/example_dags/example_external_task_marker_dag.py
[2026-06-11T22:56:39.745+0000] {processor.py:840} INFO - DAG(s) 'example_external_task_marker_child', 'example_external_task_marker_parent' retrieved from /home/airflow/.local/lib/python3.12/site-packages/airflow/example_dags/example_external_task_marker_dag.py
[2026-06-11T22:56:39.782+0000] {logging_mixin.py:188} INFO - [2026-06-11T22:56:39.782+0000] {dag.py:3096} INFO - Sync 2 DAGs
[2026-06-11T22:56:39.799+0000] {logging_mixin.py:188} INFO - [2026-06-11T22:56:39.799+0000] {dag.py:3954} INFO - Setting next_dagrun for example_external_task_marker_child to None, run_after=None
[2026-06-11T22:56:39.804+0000] {logging_mixin.py:188} INFO - [2026-06-11T22:56:39.804+0000] {dag.py:3954} INFO - Setting next_dagrun for example_external_task_marker_parent to None, run_after=None
[2026-06-11T22:56:39.822+0000] {processor.py:183} INFO - Processing /home/airflow/.local/lib/python3.12/site-packages/airflow/example_dags/example_external_task_marker_dag.py took 0.102 seconds
