[2026-06-11T22:08:02.925+0000] {processor.py:161} INFO - Started process (PID=105) to work on /home/airflow/.local/lib/python3.12/site-packages/airflow/example_dags/example_params_trigger_ui.py
[2026-06-11T22:08:02.929+0000] {processor.py:830} INFO - Processing file /home/airflow/.local/lib/python3.12/site-packages/airflow/example_dags/example_params_trigger_ui.py for tasks to queue
[2026-06-11T22:08:02.934+0000] {logging_mixin.py:188} INFO - [2026-06-11T22:08:02.933+0000] {dagbag.py:545} INFO - Filling up the DagBag from /home/airflow/.local/lib/python3.12/site-packages/airflow/example_dags/example_params_trigger_ui.py
[2026-06-11T22:08:02.999+0000] {processor.py:840} INFO - DAG(s) 'example_params_trigger_ui' retrieved from /home/airflow/.local/lib/python3.12/site-packages/airflow/example_dags/example_params_trigger_ui.py
[2026-06-11T22:08:03.163+0000] {logging_mixin.py:188} INFO - [2026-06-11T22:08:03.163+0000] {dag.py:3096} INFO - Sync 1 DAGs
[2026-06-11T22:08:03.182+0000] {logging_mixin.py:188} INFO - [2026-06-11T22:08:03.181+0000] {dag.py:3954} INFO - Setting next_dagrun for example_params_trigger_ui to None, run_after=None
[2026-06-11T22:08:03.230+0000] {processor.py:183} INFO - Processing /home/airflow/.local/lib/python3.12/site-packages/airflow/example_dags/example_params_trigger_ui.py took 0.345 seconds
[2026-06-11T22:08:33.569+0000] {processor.py:161} INFO - Started process (PID=164) to work on /home/airflow/.local/lib/python3.12/site-packages/airflow/example_dags/example_params_trigger_ui.py
[2026-06-11T22:08:33.572+0000] {processor.py:830} INFO - Processing file /home/airflow/.local/lib/python3.12/site-packages/airflow/example_dags/example_params_trigger_ui.py for tasks to queue
[2026-06-11T22:08:33.575+0000] {logging_mixin.py:188} INFO - [2026-06-11T22:08:33.574+0000] {dagbag.py:545} INFO - Filling up the DagBag from /home/airflow/.local/lib/python3.12/site-packages/airflow/example_dags/example_params_trigger_ui.py
[2026-06-11T22:08:33.618+0000] {processor.py:840} INFO - DAG(s) 'example_params_trigger_ui' retrieved from /home/airflow/.local/lib/python3.12/site-packages/airflow/example_dags/example_params_trigger_ui.py
[2026-06-11T22:08:33.729+0000] {logging_mixin.py:188} INFO - [2026-06-11T22:08:33.729+0000] {dag.py:3096} INFO - Sync 1 DAGs
[2026-06-11T22:08:33.752+0000] {logging_mixin.py:188} INFO - [2026-06-11T22:08:33.752+0000] {dag.py:3954} INFO - Setting next_dagrun for example_params_trigger_ui to None, run_after=None
[2026-06-11T22:08:33.802+0000] {processor.py:183} INFO - Processing /home/airflow/.local/lib/python3.12/site-packages/airflow/example_dags/example_params_trigger_ui.py took 0.241 seconds
[2026-06-11T22:09:03.886+0000] {processor.py:161} INFO - Started process (PID=225) to work on /home/airflow/.local/lib/python3.12/site-packages/airflow/example_dags/example_params_trigger_ui.py
[2026-06-11T22:09:03.887+0000] {processor.py:830} INFO - Processing file /home/airflow/.local/lib/python3.12/site-packages/airflow/example_dags/example_params_trigger_ui.py for tasks to queue
[2026-06-11T22:09:03.889+0000] {logging_mixin.py:188} INFO - [2026-06-11T22:09:03.888+0000] {dagbag.py:545} INFO - Filling up the DagBag from /home/airflow/.local/lib/python3.12/site-packages/airflow/example_dags/example_params_trigger_ui.py
[2026-06-11T22:09:03.906+0000] {processor.py:840} INFO - DAG(s) 'example_params_trigger_ui' retrieved from /home/airflow/.local/lib/python3.12/site-packages/airflow/example_dags/example_params_trigger_ui.py
[2026-06-11T22:09:03.973+0000] {logging_mixin.py:188} INFO - [2026-06-11T22:09:03.973+0000] {dag.py:3096} INFO - Sync 1 DAGs
[2026-06-11T22:09:03.988+0000] {logging_mixin.py:188} INFO - [2026-06-11T22:09:03.988+0000] {dag.py:3954} INFO - Setting next_dagrun for example_params_trigger_ui to None, run_after=None
[2026-06-11T22:09:04.004+0000] {processor.py:183} INFO - Processing /home/airflow/.local/lib/python3.12/site-packages/airflow/example_dags/example_params_trigger_ui.py took 0.125 seconds
[2026-06-11T22:09:34.660+0000] {processor.py:161} INFO - Started process (PID=286) to work on /home/airflow/.local/lib/python3.12/site-packages/airflow/example_dags/example_params_trigger_ui.py
[2026-06-11T22:09:34.661+0000] {processor.py:830} INFO - Processing file /home/airflow/.local/lib/python3.12/site-packages/airflow/example_dags/example_params_trigger_ui.py for tasks to queue
[2026-06-11T22:09:34.662+0000] {logging_mixin.py:188} INFO - [2026-06-11T22:09:34.662+0000] {dagbag.py:545} INFO - Filling up the DagBag from /home/airflow/.local/lib/python3.12/site-packages/airflow/example_dags/example_params_trigger_ui.py
[2026-06-11T22:09:34.673+0000] {processor.py:840} INFO - DAG(s) 'example_params_trigger_ui' retrieved from /home/airflow/.local/lib/python3.12/site-packages/airflow/example_dags/example_params_trigger_ui.py
[2026-06-11T22:09:34.713+0000] {logging_mixin.py:188} INFO - [2026-06-11T22:09:34.713+0000] {dag.py:3096} INFO - Sync 1 DAGs
[2026-06-11T22:09:34.724+0000] {logging_mixin.py:188} INFO - [2026-06-11T22:09:34.724+0000] {dag.py:3954} INFO - Setting next_dagrun for example_params_trigger_ui to None, run_after=None
[2026-06-11T22:09:34.749+0000] {processor.py:183} INFO - Processing /home/airflow/.local/lib/python3.12/site-packages/airflow/example_dags/example_params_trigger_ui.py took 0.097 seconds
[2026-06-11T22:10:06.468+0000] {processor.py:161} INFO - Started process (PID=353) to work on /home/airflow/.local/lib/python3.12/site-packages/airflow/example_dags/example_params_trigger_ui.py
[2026-06-11T22:10:06.473+0000] {processor.py:830} INFO - Processing file /home/airflow/.local/lib/python3.12/site-packages/airflow/example_dags/example_params_trigger_ui.py for tasks to queue
[2026-06-11T22:10:06.477+0000] {logging_mixin.py:188} INFO - [2026-06-11T22:10:06.476+0000] {dagbag.py:545} INFO - Filling up the DagBag from /home/airflow/.local/lib/python3.12/site-packages/airflow/example_dags/example_params_trigger_ui.py
[2026-06-11T22:10:06.547+0000] {processor.py:840} INFO - DAG(s) 'example_params_trigger_ui' retrieved from /home/airflow/.local/lib/python3.12/site-packages/airflow/example_dags/example_params_trigger_ui.py
[2026-06-11T22:10:06.811+0000] {logging_mixin.py:188} INFO - [2026-06-11T22:10:06.810+0000] {dag.py:3096} INFO - Sync 1 DAGs
[2026-06-11T22:10:06.898+0000] {logging_mixin.py:188} INFO - [2026-06-11T22:10:06.897+0000] {dag.py:3954} INFO - Setting next_dagrun for example_params_trigger_ui to None, run_after=None
[2026-06-11T22:10:07.002+0000] {processor.py:183} INFO - Processing /home/airflow/.local/lib/python3.12/site-packages/airflow/example_dags/example_params_trigger_ui.py took 0.547 seconds
[2026-06-11T22:10:37.218+0000] {processor.py:161} INFO - Started process (PID=415) to work on /home/airflow/.local/lib/python3.12/site-packages/airflow/example_dags/example_params_trigger_ui.py
[2026-06-11T22:10:37.219+0000] {processor.py:830} INFO - Processing file /home/airflow/.local/lib/python3.12/site-packages/airflow/example_dags/example_params_trigger_ui.py for tasks to queue
[2026-06-11T22:10:37.220+0000] {logging_mixin.py:188} INFO - [2026-06-11T22:10:37.220+0000] {dagbag.py:545} INFO - Filling up the DagBag from /home/airflow/.local/lib/python3.12/site-packages/airflow/example_dags/example_params_trigger_ui.py
[2026-06-11T22:10:37.232+0000] {processor.py:840} INFO - DAG(s) 'example_params_trigger_ui' retrieved from /home/airflow/.local/lib/python3.12/site-packages/airflow/example_dags/example_params_trigger_ui.py
[2026-06-11T22:10:37.291+0000] {logging_mixin.py:188} INFO - [2026-06-11T22:10:37.291+0000] {dag.py:3096} INFO - Sync 1 DAGs
[2026-06-11T22:10:37.306+0000] {logging_mixin.py:188} INFO - [2026-06-11T22:10:37.306+0000] {dag.py:3954} INFO - Setting next_dagrun for example_params_trigger_ui to None, run_after=None
[2026-06-11T22:10:37.332+0000] {processor.py:183} INFO - Processing /home/airflow/.local/lib/python3.12/site-packages/airflow/example_dags/example_params_trigger_ui.py took 0.118 seconds
[2026-06-11T22:11:07.580+0000] {processor.py:161} INFO - Started process (PID=475) to work on /home/airflow/.local/lib/python3.12/site-packages/airflow/example_dags/example_params_trigger_ui.py
[2026-06-11T22:11:07.584+0000] {processor.py:830} INFO - Processing file /home/airflow/.local/lib/python3.12/site-packages/airflow/example_dags/example_params_trigger_ui.py for tasks to queue
[2026-06-11T22:11:07.585+0000] {logging_mixin.py:188} INFO - [2026-06-11T22:11:07.585+0000] {dagbag.py:545} INFO - Filling up the DagBag from /home/airflow/.local/lib/python3.12/site-packages/airflow/example_dags/example_params_trigger_ui.py
[2026-06-11T22:11:07.601+0000] {processor.py:840} INFO - DAG(s) 'example_params_trigger_ui' retrieved from /home/airflow/.local/lib/python3.12/site-packages/airflow/example_dags/example_params_trigger_ui.py
[2026-06-11T22:11:07.668+0000] {logging_mixin.py:188} INFO - [2026-06-11T22:11:07.668+0000] {dag.py:3096} INFO - Sync 1 DAGs
[2026-06-11T22:11:07.685+0000] {logging_mixin.py:188} INFO - [2026-06-11T22:11:07.685+0000] {dag.py:3954} INFO - Setting next_dagrun for example_params_trigger_ui to None, run_after=None
[2026-06-11T22:11:07.704+0000] {processor.py:183} INFO - Processing /home/airflow/.local/lib/python3.12/site-packages/airflow/example_dags/example_params_trigger_ui.py took 0.132 seconds
[2026-06-11T22:11:37.775+0000] {processor.py:161} INFO - Started process (PID=536) to work on /home/airflow/.local/lib/python3.12/site-packages/airflow/example_dags/example_params_trigger_ui.py
[2026-06-11T22:11:37.775+0000] {processor.py:830} INFO - Processing file /home/airflow/.local/lib/python3.12/site-packages/airflow/example_dags/example_params_trigger_ui.py for tasks to queue
[2026-06-11T22:11:37.777+0000] {logging_mixin.py:188} INFO - [2026-06-11T22:11:37.777+0000] {dagbag.py:545} INFO - Filling up the DagBag from /home/airflow/.local/lib/python3.12/site-packages/airflow/example_dags/example_params_trigger_ui.py
[2026-06-11T22:11:37.788+0000] {processor.py:840} INFO - DAG(s) 'example_params_trigger_ui' retrieved from /home/airflow/.local/lib/python3.12/site-packages/airflow/example_dags/example_params_trigger_ui.py
[2026-06-11T22:11:37.830+0000] {logging_mixin.py:188} INFO - [2026-06-11T22:11:37.830+0000] {dag.py:3096} INFO - Sync 1 DAGs
[2026-06-11T22:11:37.842+0000] {logging_mixin.py:188} INFO - [2026-06-11T22:11:37.841+0000] {dag.py:3954} INFO - Setting next_dagrun for example_params_trigger_ui to None, run_after=None
[2026-06-11T22:11:37.857+0000] {processor.py:183} INFO - Processing /home/airflow/.local/lib/python3.12/site-packages/airflow/example_dags/example_params_trigger_ui.py took 0.087 seconds
[2026-06-11T22:12:08.941+0000] {processor.py:161} INFO - Started process (PID=597) to work on /home/airflow/.local/lib/python3.12/site-packages/airflow/example_dags/example_params_trigger_ui.py
[2026-06-11T22:12:08.942+0000] {processor.py:830} INFO - Processing file /home/airflow/.local/lib/python3.12/site-packages/airflow/example_dags/example_params_trigger_ui.py for tasks to queue
[2026-06-11T22:12:08.944+0000] {logging_mixin.py:188} INFO - [2026-06-11T22:12:08.944+0000] {dagbag.py:545} INFO - Filling up the DagBag from /home/airflow/.local/lib/python3.12/site-packages/airflow/example_dags/example_params_trigger_ui.py
[2026-06-11T22:12:08.962+0000] {processor.py:840} INFO - DAG(s) 'example_params_trigger_ui' retrieved from /home/airflow/.local/lib/python3.12/site-packages/airflow/example_dags/example_params_trigger_ui.py
[2026-06-11T22:12:09.045+0000] {logging_mixin.py:188} INFO - [2026-06-11T22:12:09.044+0000] {dag.py:3096} INFO - Sync 1 DAGs
[2026-06-11T22:12:09.063+0000] {logging_mixin.py:188} INFO - [2026-06-11T22:12:09.062+0000] {dag.py:3954} INFO - Setting next_dagrun for example_params_trigger_ui to None, run_after=None
[2026-06-11T22:12:09.082+0000] {processor.py:183} INFO - Processing /home/airflow/.local/lib/python3.12/site-packages/airflow/example_dags/example_params_trigger_ui.py took 0.156 seconds
[2026-06-11T22:12:39.424+0000] {processor.py:161} INFO - Started process (PID=658) to work on /home/airflow/.local/lib/python3.12/site-packages/airflow/example_dags/example_params_trigger_ui.py
[2026-06-11T22:12:39.426+0000] {processor.py:830} INFO - Processing file /home/airflow/.local/lib/python3.12/site-packages/airflow/example_dags/example_params_trigger_ui.py for tasks to queue
[2026-06-11T22:12:39.431+0000] {logging_mixin.py:188} INFO - [2026-06-11T22:12:39.430+0000] {dagbag.py:545} INFO - Filling up the DagBag from /home/airflow/.local/lib/python3.12/site-packages/airflow/example_dags/example_params_trigger_ui.py
[2026-06-11T22:12:39.473+0000] {processor.py:840} INFO - DAG(s) 'example_params_trigger_ui' retrieved from /home/airflow/.local/lib/python3.12/site-packages/airflow/example_dags/example_params_trigger_ui.py
[2026-06-11T22:12:39.490+0000] {logging_mixin.py:188} INFO - [2026-06-11T22:12:39.489+0000] {dag.py:3096} INFO - Sync 1 DAGs
[2026-06-11T22:12:39.509+0000] {logging_mixin.py:188} INFO - [2026-06-11T22:12:39.509+0000] {dag.py:3954} INFO - Setting next_dagrun for example_params_trigger_ui to None, run_after=None
[2026-06-11T22:12:39.538+0000] {processor.py:183} INFO - Processing /home/airflow/.local/lib/python3.12/site-packages/airflow/example_dags/example_params_trigger_ui.py took 0.149 seconds
[2026-06-11T22:13:10.762+0000] {processor.py:161} INFO - Started process (PID=721) to work on /home/airflow/.local/lib/python3.12/site-packages/airflow/example_dags/example_params_trigger_ui.py
[2026-06-11T22:13:10.763+0000] {processor.py:830} INFO - Processing file /home/airflow/.local/lib/python3.12/site-packages/airflow/example_dags/example_params_trigger_ui.py for tasks to queue
[2026-06-11T22:13:10.765+0000] {logging_mixin.py:188} INFO - [2026-06-11T22:13:10.765+0000] {dagbag.py:545} INFO - Filling up the DagBag from /home/airflow/.local/lib/python3.12/site-packages/airflow/example_dags/example_params_trigger_ui.py
[2026-06-11T22:13:10.781+0000] {processor.py:840} INFO - DAG(s) 'example_params_trigger_ui' retrieved from /home/airflow/.local/lib/python3.12/site-packages/airflow/example_dags/example_params_trigger_ui.py
[2026-06-11T22:13:10.981+0000] {logging_mixin.py:188} INFO - [2026-06-11T22:13:10.980+0000] {dag.py:3096} INFO - Sync 1 DAGs
[2026-06-11T22:13:11.174+0000] {logging_mixin.py:188} INFO - [2026-06-11T22:13:11.173+0000] {dag.py:3954} INFO - Setting next_dagrun for example_params_trigger_ui to None, run_after=None
[2026-06-11T22:13:11.212+0000] {processor.py:183} INFO - Processing /home/airflow/.local/lib/python3.12/site-packages/airflow/example_dags/example_params_trigger_ui.py took 0.457 seconds
[2026-06-11T22:13:41.687+0000] {processor.py:161} INFO - Started process (PID=782) to work on /home/airflow/.local/lib/python3.12/site-packages/airflow/example_dags/example_params_trigger_ui.py
[2026-06-11T22:13:41.688+0000] {processor.py:830} INFO - Processing file /home/airflow/.local/lib/python3.12/site-packages/airflow/example_dags/example_params_trigger_ui.py for tasks to queue
[2026-06-11T22:13:41.694+0000] {logging_mixin.py:188} INFO - [2026-06-11T22:13:41.691+0000] {dagbag.py:545} INFO - Filling up the DagBag from /home/airflow/.local/lib/python3.12/site-packages/airflow/example_dags/example_params_trigger_ui.py
[2026-06-11T22:13:41.731+0000] {processor.py:840} INFO - DAG(s) 'example_params_trigger_ui' retrieved from /home/airflow/.local/lib/python3.12/site-packages/airflow/example_dags/example_params_trigger_ui.py
[2026-06-11T22:13:41.864+0000] {logging_mixin.py:188} INFO - [2026-06-11T22:13:41.863+0000] {dag.py:3096} INFO - Sync 1 DAGs
[2026-06-11T22:13:41.893+0000] {logging_mixin.py:188} INFO - [2026-06-11T22:13:41.893+0000] {dag.py:3954} INFO - Setting next_dagrun for example_params_trigger_ui to None, run_after=None
[2026-06-11T22:13:41.956+0000] {processor.py:183} INFO - Processing /home/airflow/.local/lib/python3.12/site-packages/airflow/example_dags/example_params_trigger_ui.py took 0.284 seconds
[2026-06-11T22:14:12.906+0000] {processor.py:161} INFO - Started process (PID=843) to work on /home/airflow/.local/lib/python3.12/site-packages/airflow/example_dags/example_params_trigger_ui.py
[2026-06-11T22:14:12.911+0000] {processor.py:830} INFO - Processing file /home/airflow/.local/lib/python3.12/site-packages/airflow/example_dags/example_params_trigger_ui.py for tasks to queue
[2026-06-11T22:14:12.917+0000] {logging_mixin.py:188} INFO - [2026-06-11T22:14:12.917+0000] {dagbag.py:545} INFO - Filling up the DagBag from /home/airflow/.local/lib/python3.12/site-packages/airflow/example_dags/example_params_trigger_ui.py
[2026-06-11T22:14:12.972+0000] {processor.py:840} INFO - DAG(s) 'example_params_trigger_ui' retrieved from /home/airflow/.local/lib/python3.12/site-packages/airflow/example_dags/example_params_trigger_ui.py
[2026-06-11T22:14:13.108+0000] {logging_mixin.py:188} INFO - [2026-06-11T22:14:13.108+0000] {dag.py:3096} INFO - Sync 1 DAGs
[2026-06-11T22:14:13.135+0000] {logging_mixin.py:188} INFO - [2026-06-11T22:14:13.135+0000] {dag.py:3954} INFO - Setting next_dagrun for example_params_trigger_ui to None, run_after=None
[2026-06-11T22:14:13.179+0000] {processor.py:183} INFO - Processing /home/airflow/.local/lib/python3.12/site-packages/airflow/example_dags/example_params_trigger_ui.py took 0.290 seconds
[2026-06-11T22:14:43.623+0000] {processor.py:161} INFO - Started process (PID=904) to work on /home/airflow/.local/lib/python3.12/site-packages/airflow/example_dags/example_params_trigger_ui.py
[2026-06-11T22:14:43.624+0000] {processor.py:830} INFO - Processing file /home/airflow/.local/lib/python3.12/site-packages/airflow/example_dags/example_params_trigger_ui.py for tasks to queue
[2026-06-11T22:14:43.629+0000] {logging_mixin.py:188} INFO - [2026-06-11T22:14:43.629+0000] {dagbag.py:545} INFO - Filling up the DagBag from /home/airflow/.local/lib/python3.12/site-packages/airflow/example_dags/example_params_trigger_ui.py
[2026-06-11T22:14:43.684+0000] {processor.py:840} INFO - DAG(s) 'example_params_trigger_ui' retrieved from /home/airflow/.local/lib/python3.12/site-packages/airflow/example_dags/example_params_trigger_ui.py
[2026-06-11T22:14:43.766+0000] {logging_mixin.py:188} INFO - [2026-06-11T22:14:43.765+0000] {dag.py:3096} INFO - Sync 1 DAGs
[2026-06-11T22:14:43.785+0000] {logging_mixin.py:188} INFO - [2026-06-11T22:14:43.784+0000] {dag.py:3954} INFO - Setting next_dagrun for example_params_trigger_ui to None, run_after=None
[2026-06-11T22:14:43.804+0000] {processor.py:183} INFO - Processing /home/airflow/.local/lib/python3.12/site-packages/airflow/example_dags/example_params_trigger_ui.py took 0.189 seconds
[2026-06-11T22:15:14.464+0000] {processor.py:161} INFO - Started process (PID=965) to work on /home/airflow/.local/lib/python3.12/site-packages/airflow/example_dags/example_params_trigger_ui.py
[2026-06-11T22:15:14.465+0000] {processor.py:830} INFO - Processing file /home/airflow/.local/lib/python3.12/site-packages/airflow/example_dags/example_params_trigger_ui.py for tasks to queue
[2026-06-11T22:15:14.467+0000] {logging_mixin.py:188} INFO - [2026-06-11T22:15:14.466+0000] {dagbag.py:545} INFO - Filling up the DagBag from /home/airflow/.local/lib/python3.12/site-packages/airflow/example_dags/example_params_trigger_ui.py
[2026-06-11T22:15:14.483+0000] {processor.py:840} INFO - DAG(s) 'example_params_trigger_ui' retrieved from /home/airflow/.local/lib/python3.12/site-packages/airflow/example_dags/example_params_trigger_ui.py
[2026-06-11T22:15:14.550+0000] {logging_mixin.py:188} INFO - [2026-06-11T22:15:14.549+0000] {dag.py:3096} INFO - Sync 1 DAGs
[2026-06-11T22:15:14.567+0000] {logging_mixin.py:188} INFO - [2026-06-11T22:15:14.566+0000] {dag.py:3954} INFO - Setting next_dagrun for example_params_trigger_ui to None, run_after=None
[2026-06-11T22:15:14.606+0000] {processor.py:183} INFO - Processing /home/airflow/.local/lib/python3.12/site-packages/airflow/example_dags/example_params_trigger_ui.py took 0.149 seconds
[2026-06-11T22:15:45.379+0000] {processor.py:161} INFO - Started process (PID=1026) to work on /home/airflow/.local/lib/python3.12/site-packages/airflow/example_dags/example_params_trigger_ui.py
[2026-06-11T22:15:45.381+0000] {processor.py:830} INFO - Processing file /home/airflow/.local/lib/python3.12/site-packages/airflow/example_dags/example_params_trigger_ui.py for tasks to queue
[2026-06-11T22:15:45.383+0000] {logging_mixin.py:188} INFO - [2026-06-11T22:15:45.383+0000] {dagbag.py:545} INFO - Filling up the DagBag from /home/airflow/.local/lib/python3.12/site-packages/airflow/example_dags/example_params_trigger_ui.py
[2026-06-11T22:15:45.411+0000] {processor.py:840} INFO - DAG(s) 'example_params_trigger_ui' retrieved from /home/airflow/.local/lib/python3.12/site-packages/airflow/example_dags/example_params_trigger_ui.py
[2026-06-11T22:15:45.501+0000] {logging_mixin.py:188} INFO - [2026-06-11T22:15:45.501+0000] {dag.py:3096} INFO - Sync 1 DAGs
[2026-06-11T22:15:45.519+0000] {logging_mixin.py:188} INFO - [2026-06-11T22:15:45.519+0000] {dag.py:3954} INFO - Setting next_dagrun for example_params_trigger_ui to None, run_after=None
[2026-06-11T22:15:45.544+0000] {processor.py:183} INFO - Processing /home/airflow/.local/lib/python3.12/site-packages/airflow/example_dags/example_params_trigger_ui.py took 0.187 seconds
[2026-06-11T22:16:16.224+0000] {processor.py:161} INFO - Started process (PID=1087) to work on /home/airflow/.local/lib/python3.12/site-packages/airflow/example_dags/example_params_trigger_ui.py
[2026-06-11T22:16:16.225+0000] {processor.py:830} INFO - Processing file /home/airflow/.local/lib/python3.12/site-packages/airflow/example_dags/example_params_trigger_ui.py for tasks to queue
[2026-06-11T22:16:16.228+0000] {logging_mixin.py:188} INFO - [2026-06-11T22:16:16.227+0000] {dagbag.py:545} INFO - Filling up the DagBag from /home/airflow/.local/lib/python3.12/site-packages/airflow/example_dags/example_params_trigger_ui.py
[2026-06-11T22:16:16.246+0000] {processor.py:840} INFO - DAG(s) 'example_params_trigger_ui' retrieved from /home/airflow/.local/lib/python3.12/site-packages/airflow/example_dags/example_params_trigger_ui.py
[2026-06-11T22:16:16.318+0000] {logging_mixin.py:188} INFO - [2026-06-11T22:16:16.317+0000] {dag.py:3096} INFO - Sync 1 DAGs
[2026-06-11T22:16:16.334+0000] {logging_mixin.py:188} INFO - [2026-06-11T22:16:16.334+0000] {dag.py:3954} INFO - Setting next_dagrun for example_params_trigger_ui to None, run_after=None
[2026-06-11T22:16:16.354+0000] {processor.py:183} INFO - Processing /home/airflow/.local/lib/python3.12/site-packages/airflow/example_dags/example_params_trigger_ui.py took 0.141 seconds
[2026-06-11T22:16:47.192+0000] {processor.py:161} INFO - Started process (PID=1148) to work on /home/airflow/.local/lib/python3.12/site-packages/airflow/example_dags/example_params_trigger_ui.py
[2026-06-11T22:16:47.192+0000] {processor.py:830} INFO - Processing file /home/airflow/.local/lib/python3.12/site-packages/airflow/example_dags/example_params_trigger_ui.py for tasks to queue
[2026-06-11T22:16:47.194+0000] {logging_mixin.py:188} INFO - [2026-06-11T22:16:47.193+0000] {dagbag.py:545} INFO - Filling up the DagBag from /home/airflow/.local/lib/python3.12/site-packages/airflow/example_dags/example_params_trigger_ui.py
[2026-06-11T22:16:47.206+0000] {processor.py:840} INFO - DAG(s) 'example_params_trigger_ui' retrieved from /home/airflow/.local/lib/python3.12/site-packages/airflow/example_dags/example_params_trigger_ui.py
[2026-06-11T22:16:47.252+0000] {logging_mixin.py:188} INFO - [2026-06-11T22:16:47.251+0000] {dag.py:3096} INFO - Sync 1 DAGs
[2026-06-11T22:16:47.265+0000] {logging_mixin.py:188} INFO - [2026-06-11T22:16:47.264+0000] {dag.py:3954} INFO - Setting next_dagrun for example_params_trigger_ui to None, run_after=None
[2026-06-11T22:16:47.280+0000] {processor.py:183} INFO - Processing /home/airflow/.local/lib/python3.12/site-packages/airflow/example_dags/example_params_trigger_ui.py took 0.093 seconds
[2026-06-11T22:17:17.614+0000] {processor.py:161} INFO - Started process (PID=1209) to work on /home/airflow/.local/lib/python3.12/site-packages/airflow/example_dags/example_params_trigger_ui.py
[2026-06-11T22:17:17.614+0000] {processor.py:830} INFO - Processing file /home/airflow/.local/lib/python3.12/site-packages/airflow/example_dags/example_params_trigger_ui.py for tasks to queue
[2026-06-11T22:17:17.616+0000] {logging_mixin.py:188} INFO - [2026-06-11T22:17:17.615+0000] {dagbag.py:545} INFO - Filling up the DagBag from /home/airflow/.local/lib/python3.12/site-packages/airflow/example_dags/example_params_trigger_ui.py
[2026-06-11T22:17:17.630+0000] {processor.py:840} INFO - DAG(s) 'example_params_trigger_ui' retrieved from /home/airflow/.local/lib/python3.12/site-packages/airflow/example_dags/example_params_trigger_ui.py
[2026-06-11T22:17:17.670+0000] {logging_mixin.py:188} INFO - [2026-06-11T22:17:17.670+0000] {dag.py:3096} INFO - Sync 1 DAGs
[2026-06-11T22:17:17.684+0000] {logging_mixin.py:188} INFO - [2026-06-11T22:17:17.684+0000] {dag.py:3954} INFO - Setting next_dagrun for example_params_trigger_ui to None, run_after=None
[2026-06-11T22:17:17.699+0000] {processor.py:183} INFO - Processing /home/airflow/.local/lib/python3.12/site-packages/airflow/example_dags/example_params_trigger_ui.py took 0.093 seconds
[2026-06-11T22:17:48.700+0000] {processor.py:161} INFO - Started process (PID=1270) to work on /home/airflow/.local/lib/python3.12/site-packages/airflow/example_dags/example_params_trigger_ui.py
[2026-06-11T22:17:48.701+0000] {processor.py:830} INFO - Processing file /home/airflow/.local/lib/python3.12/site-packages/airflow/example_dags/example_params_trigger_ui.py for tasks to queue
[2026-06-11T22:17:48.703+0000] {logging_mixin.py:188} INFO - [2026-06-11T22:17:48.703+0000] {dagbag.py:545} INFO - Filling up the DagBag from /home/airflow/.local/lib/python3.12/site-packages/airflow/example_dags/example_params_trigger_ui.py
[2026-06-11T22:17:48.719+0000] {processor.py:840} INFO - DAG(s) 'example_params_trigger_ui' retrieved from /home/airflow/.local/lib/python3.12/site-packages/airflow/example_dags/example_params_trigger_ui.py
[2026-06-11T22:17:48.794+0000] {logging_mixin.py:188} INFO - [2026-06-11T22:17:48.793+0000] {dag.py:3096} INFO - Sync 1 DAGs
[2026-06-11T22:17:48.819+0000] {logging_mixin.py:188} INFO - [2026-06-11T22:17:48.819+0000] {dag.py:3954} INFO - Setting next_dagrun for example_params_trigger_ui to None, run_after=None
[2026-06-11T22:17:48.853+0000] {processor.py:183} INFO - Processing /home/airflow/.local/lib/python3.12/site-packages/airflow/example_dags/example_params_trigger_ui.py took 0.160 seconds
[2026-06-11T22:18:19.261+0000] {processor.py:161} INFO - Started process (PID=1332) to work on /home/airflow/.local/lib/python3.12/site-packages/airflow/example_dags/example_params_trigger_ui.py
[2026-06-11T22:18:19.263+0000] {processor.py:830} INFO - Processing file /home/airflow/.local/lib/python3.12/site-packages/airflow/example_dags/example_params_trigger_ui.py for tasks to queue
[2026-06-11T22:18:19.266+0000] {logging_mixin.py:188} INFO - [2026-06-11T22:18:19.266+0000] {dagbag.py:545} INFO - Filling up the DagBag from /home/airflow/.local/lib/python3.12/site-packages/airflow/example_dags/example_params_trigger_ui.py
[2026-06-11T22:18:19.286+0000] {processor.py:840} INFO - DAG(s) 'example_params_trigger_ui' retrieved from /home/airflow/.local/lib/python3.12/site-packages/airflow/example_dags/example_params_trigger_ui.py
[2026-06-11T22:18:19.353+0000] {logging_mixin.py:188} INFO - [2026-06-11T22:18:19.353+0000] {dag.py:3096} INFO - Sync 1 DAGs
[2026-06-11T22:18:19.369+0000] {logging_mixin.py:188} INFO - [2026-06-11T22:18:19.368+0000] {dag.py:3954} INFO - Setting next_dagrun for example_params_trigger_ui to None, run_after=None
[2026-06-11T22:18:19.388+0000] {processor.py:183} INFO - Processing /home/airflow/.local/lib/python3.12/site-packages/airflow/example_dags/example_params_trigger_ui.py took 0.147 seconds
[2026-06-11T22:18:50.561+0000] {processor.py:161} INFO - Started process (PID=1392) to work on /home/airflow/.local/lib/python3.12/site-packages/airflow/example_dags/example_params_trigger_ui.py
[2026-06-11T22:18:50.562+0000] {processor.py:830} INFO - Processing file /home/airflow/.local/lib/python3.12/site-packages/airflow/example_dags/example_params_trigger_ui.py for tasks to queue
[2026-06-11T22:18:50.564+0000] {logging_mixin.py:188} INFO - [2026-06-11T22:18:50.564+0000] {dagbag.py:545} INFO - Filling up the DagBag from /home/airflow/.local/lib/python3.12/site-packages/airflow/example_dags/example_params_trigger_ui.py
[2026-06-11T22:18:50.580+0000] {processor.py:840} INFO - DAG(s) 'example_params_trigger_ui' retrieved from /home/airflow/.local/lib/python3.12/site-packages/airflow/example_dags/example_params_trigger_ui.py
[2026-06-11T22:18:50.799+0000] {logging_mixin.py:188} INFO - [2026-06-11T22:18:50.799+0000] {dag.py:3096} INFO - Sync 1 DAGs
[2026-06-11T22:18:50.814+0000] {logging_mixin.py:188} INFO - [2026-06-11T22:18:50.813+0000] {dag.py:3954} INFO - Setting next_dagrun for example_params_trigger_ui to None, run_after=None
[2026-06-11T22:18:50.834+0000] {processor.py:183} INFO - Processing /home/airflow/.local/lib/python3.12/site-packages/airflow/example_dags/example_params_trigger_ui.py took 0.280 seconds
[2026-06-11T22:19:22.634+0000] {processor.py:161} INFO - Started process (PID=1453) to work on /home/airflow/.local/lib/python3.12/site-packages/airflow/example_dags/example_params_trigger_ui.py
[2026-06-11T22:19:22.637+0000] {processor.py:830} INFO - Processing file /home/airflow/.local/lib/python3.12/site-packages/airflow/example_dags/example_params_trigger_ui.py for tasks to queue
[2026-06-11T22:19:22.639+0000] {logging_mixin.py:188} INFO - [2026-06-11T22:19:22.639+0000] {dagbag.py:545} INFO - Filling up the DagBag from /home/airflow/.local/lib/python3.12/site-packages/airflow/example_dags/example_params_trigger_ui.py
[2026-06-11T22:19:22.671+0000] {processor.py:840} INFO - DAG(s) 'example_params_trigger_ui' retrieved from /home/airflow/.local/lib/python3.12/site-packages/airflow/example_dags/example_params_trigger_ui.py
[2026-06-11T22:19:23.200+0000] {logging_mixin.py:188} INFO - [2026-06-11T22:19:23.200+0000] {dag.py:3096} INFO - Sync 1 DAGs
[2026-06-11T22:19:23.231+0000] {logging_mixin.py:188} INFO - [2026-06-11T22:19:23.231+0000] {dag.py:3954} INFO - Setting next_dagrun for example_params_trigger_ui to None, run_after=None
[2026-06-11T22:19:23.272+0000] {processor.py:183} INFO - Processing /home/airflow/.local/lib/python3.12/site-packages/airflow/example_dags/example_params_trigger_ui.py took 0.663 seconds
[2026-06-11T22:19:53.758+0000] {processor.py:161} INFO - Started process (PID=1513) to work on /home/airflow/.local/lib/python3.12/site-packages/airflow/example_dags/example_params_trigger_ui.py
[2026-06-11T22:19:53.759+0000] {processor.py:830} INFO - Processing file /home/airflow/.local/lib/python3.12/site-packages/airflow/example_dags/example_params_trigger_ui.py for tasks to queue
[2026-06-11T22:19:53.760+0000] {logging_mixin.py:188} INFO - [2026-06-11T22:19:53.760+0000] {dagbag.py:545} INFO - Filling up the DagBag from /home/airflow/.local/lib/python3.12/site-packages/airflow/example_dags/example_params_trigger_ui.py
[2026-06-11T22:19:53.777+0000] {processor.py:840} INFO - DAG(s) 'example_params_trigger_ui' retrieved from /home/airflow/.local/lib/python3.12/site-packages/airflow/example_dags/example_params_trigger_ui.py
[2026-06-11T22:19:53.844+0000] {logging_mixin.py:188} INFO - [2026-06-11T22:19:53.843+0000] {dag.py:3096} INFO - Sync 1 DAGs
[2026-06-11T22:19:53.861+0000] {logging_mixin.py:188} INFO - [2026-06-11T22:19:53.860+0000] {dag.py:3954} INFO - Setting next_dagrun for example_params_trigger_ui to None, run_after=None
[2026-06-11T22:19:53.883+0000] {processor.py:183} INFO - Processing /home/airflow/.local/lib/python3.12/site-packages/airflow/example_dags/example_params_trigger_ui.py took 0.132 seconds
[2026-06-11T22:20:24.374+0000] {processor.py:161} INFO - Started process (PID=1574) to work on /home/airflow/.local/lib/python3.12/site-packages/airflow/example_dags/example_params_trigger_ui.py
[2026-06-11T22:20:24.378+0000] {processor.py:830} INFO - Processing file /home/airflow/.local/lib/python3.12/site-packages/airflow/example_dags/example_params_trigger_ui.py for tasks to queue
[2026-06-11T22:20:24.383+0000] {logging_mixin.py:188} INFO - [2026-06-11T22:20:24.383+0000] {dagbag.py:545} INFO - Filling up the DagBag from /home/airflow/.local/lib/python3.12/site-packages/airflow/example_dags/example_params_trigger_ui.py
[2026-06-11T22:20:24.442+0000] {processor.py:840} INFO - DAG(s) 'example_params_trigger_ui' retrieved from /home/airflow/.local/lib/python3.12/site-packages/airflow/example_dags/example_params_trigger_ui.py
[2026-06-11T22:20:24.566+0000] {logging_mixin.py:188} INFO - [2026-06-11T22:20:24.565+0000] {dag.py:3096} INFO - Sync 1 DAGs
[2026-06-11T22:20:24.616+0000] {logging_mixin.py:188} INFO - [2026-06-11T22:20:24.615+0000] {dag.py:3954} INFO - Setting next_dagrun for example_params_trigger_ui to None, run_after=None
[2026-06-11T22:20:24.704+0000] {processor.py:183} INFO - Processing /home/airflow/.local/lib/python3.12/site-packages/airflow/example_dags/example_params_trigger_ui.py took 0.357 seconds
[2026-06-11T22:20:54.906+0000] {processor.py:161} INFO - Started process (PID=1635) to work on /home/airflow/.local/lib/python3.12/site-packages/airflow/example_dags/example_params_trigger_ui.py
[2026-06-11T22:20:54.911+0000] {processor.py:830} INFO - Processing file /home/airflow/.local/lib/python3.12/site-packages/airflow/example_dags/example_params_trigger_ui.py for tasks to queue
[2026-06-11T22:20:54.915+0000] {logging_mixin.py:188} INFO - [2026-06-11T22:20:54.915+0000] {dagbag.py:545} INFO - Filling up the DagBag from /home/airflow/.local/lib/python3.12/site-packages/airflow/example_dags/example_params_trigger_ui.py
[2026-06-11T22:20:54.978+0000] {processor.py:840} INFO - DAG(s) 'example_params_trigger_ui' retrieved from /home/airflow/.local/lib/python3.12/site-packages/airflow/example_dags/example_params_trigger_ui.py
[2026-06-11T22:20:55.177+0000] {logging_mixin.py:188} INFO - [2026-06-11T22:20:55.177+0000] {dag.py:3096} INFO - Sync 1 DAGs
[2026-06-11T22:20:55.217+0000] {logging_mixin.py:188} INFO - [2026-06-11T22:20:55.216+0000] {dag.py:3954} INFO - Setting next_dagrun for example_params_trigger_ui to None, run_after=None
[2026-06-11T22:20:55.265+0000] {processor.py:183} INFO - Processing /home/airflow/.local/lib/python3.12/site-packages/airflow/example_dags/example_params_trigger_ui.py took 0.371 seconds
[2026-06-11T22:21:26.090+0000] {processor.py:161} INFO - Started process (PID=1696) to work on /home/airflow/.local/lib/python3.12/site-packages/airflow/example_dags/example_params_trigger_ui.py
[2026-06-11T22:21:26.091+0000] {processor.py:830} INFO - Processing file /home/airflow/.local/lib/python3.12/site-packages/airflow/example_dags/example_params_trigger_ui.py for tasks to queue
[2026-06-11T22:21:26.093+0000] {logging_mixin.py:188} INFO - [2026-06-11T22:21:26.093+0000] {dagbag.py:545} INFO - Filling up the DagBag from /home/airflow/.local/lib/python3.12/site-packages/airflow/example_dags/example_params_trigger_ui.py
[2026-06-11T22:21:26.110+0000] {processor.py:840} INFO - DAG(s) 'example_params_trigger_ui' retrieved from /home/airflow/.local/lib/python3.12/site-packages/airflow/example_dags/example_params_trigger_ui.py
[2026-06-11T22:21:26.209+0000] {logging_mixin.py:188} INFO - [2026-06-11T22:21:26.209+0000] {dag.py:3096} INFO - Sync 1 DAGs
[2026-06-11T22:21:26.250+0000] {logging_mixin.py:188} INFO - [2026-06-11T22:21:26.250+0000] {dag.py:3954} INFO - Setting next_dagrun for example_params_trigger_ui to None, run_after=None
[2026-06-11T22:21:26.273+0000] {processor.py:183} INFO - Processing /home/airflow/.local/lib/python3.12/site-packages/airflow/example_dags/example_params_trigger_ui.py took 0.190 seconds
[2026-06-11T22:21:56.421+0000] {processor.py:161} INFO - Started process (PID=1756) to work on /home/airflow/.local/lib/python3.12/site-packages/airflow/example_dags/example_params_trigger_ui.py
[2026-06-11T22:21:56.422+0000] {processor.py:830} INFO - Processing file /home/airflow/.local/lib/python3.12/site-packages/airflow/example_dags/example_params_trigger_ui.py for tasks to queue
[2026-06-11T22:21:56.424+0000] {logging_mixin.py:188} INFO - [2026-06-11T22:21:56.423+0000] {dagbag.py:545} INFO - Filling up the DagBag from /home/airflow/.local/lib/python3.12/site-packages/airflow/example_dags/example_params_trigger_ui.py
[2026-06-11T22:21:56.441+0000] {processor.py:840} INFO - DAG(s) 'example_params_trigger_ui' retrieved from /home/airflow/.local/lib/python3.12/site-packages/airflow/example_dags/example_params_trigger_ui.py
[2026-06-11T22:21:56.510+0000] {logging_mixin.py:188} INFO - [2026-06-11T22:21:56.509+0000] {dag.py:3096} INFO - Sync 1 DAGs
[2026-06-11T22:21:56.526+0000] {logging_mixin.py:188} INFO - [2026-06-11T22:21:56.526+0000] {dag.py:3954} INFO - Setting next_dagrun for example_params_trigger_ui to None, run_after=None
[2026-06-11T22:21:56.546+0000] {processor.py:183} INFO - Processing /home/airflow/.local/lib/python3.12/site-packages/airflow/example_dags/example_params_trigger_ui.py took 0.131 seconds
[2026-06-11T22:22:27.286+0000] {processor.py:161} INFO - Started process (PID=1817) to work on /home/airflow/.local/lib/python3.12/site-packages/airflow/example_dags/example_params_trigger_ui.py
[2026-06-11T22:22:27.287+0000] {processor.py:830} INFO - Processing file /home/airflow/.local/lib/python3.12/site-packages/airflow/example_dags/example_params_trigger_ui.py for tasks to queue
[2026-06-11T22:22:27.289+0000] {logging_mixin.py:188} INFO - [2026-06-11T22:22:27.289+0000] {dagbag.py:545} INFO - Filling up the DagBag from /home/airflow/.local/lib/python3.12/site-packages/airflow/example_dags/example_params_trigger_ui.py
[2026-06-11T22:22:27.305+0000] {processor.py:840} INFO - DAG(s) 'example_params_trigger_ui' retrieved from /home/airflow/.local/lib/python3.12/site-packages/airflow/example_dags/example_params_trigger_ui.py
[2026-06-11T22:22:27.375+0000] {logging_mixin.py:188} INFO - [2026-06-11T22:22:27.375+0000] {dag.py:3096} INFO - Sync 1 DAGs
[2026-06-11T22:22:27.393+0000] {logging_mixin.py:188} INFO - [2026-06-11T22:22:27.392+0000] {dag.py:3954} INFO - Setting next_dagrun for example_params_trigger_ui to None, run_after=None
[2026-06-11T22:22:27.415+0000] {processor.py:183} INFO - Processing /home/airflow/.local/lib/python3.12/site-packages/airflow/example_dags/example_params_trigger_ui.py took 0.143 seconds
[2026-06-11T22:22:57.597+0000] {processor.py:161} INFO - Started process (PID=1878) to work on /home/airflow/.local/lib/python3.12/site-packages/airflow/example_dags/example_params_trigger_ui.py
[2026-06-11T22:22:57.600+0000] {processor.py:830} INFO - Processing file /home/airflow/.local/lib/python3.12/site-packages/airflow/example_dags/example_params_trigger_ui.py for tasks to queue
[2026-06-11T22:22:57.604+0000] {logging_mixin.py:188} INFO - [2026-06-11T22:22:57.602+0000] {dagbag.py:545} INFO - Filling up the DagBag from /home/airflow/.local/lib/python3.12/site-packages/airflow/example_dags/example_params_trigger_ui.py
[2026-06-11T22:22:57.625+0000] {processor.py:840} INFO - DAG(s) 'example_params_trigger_ui' retrieved from /home/airflow/.local/lib/python3.12/site-packages/airflow/example_dags/example_params_trigger_ui.py
[2026-06-11T22:22:57.697+0000] {logging_mixin.py:188} INFO - [2026-06-11T22:22:57.697+0000] {dag.py:3096} INFO - Sync 1 DAGs
[2026-06-11T22:22:57.714+0000] {logging_mixin.py:188} INFO - [2026-06-11T22:22:57.714+0000] {dag.py:3954} INFO - Setting next_dagrun for example_params_trigger_ui to None, run_after=None
[2026-06-11T22:22:57.734+0000] {processor.py:183} INFO - Processing /home/airflow/.local/lib/python3.12/site-packages/airflow/example_dags/example_params_trigger_ui.py took 0.144 seconds
[2026-06-11T22:23:27.961+0000] {processor.py:161} INFO - Started process (PID=1939) to work on /home/airflow/.local/lib/python3.12/site-packages/airflow/example_dags/example_params_trigger_ui.py
[2026-06-11T22:23:27.963+0000] {processor.py:830} INFO - Processing file /home/airflow/.local/lib/python3.12/site-packages/airflow/example_dags/example_params_trigger_ui.py for tasks to queue
[2026-06-11T22:23:27.965+0000] {logging_mixin.py:188} INFO - [2026-06-11T22:23:27.965+0000] {dagbag.py:545} INFO - Filling up the DagBag from /home/airflow/.local/lib/python3.12/site-packages/airflow/example_dags/example_params_trigger_ui.py
[2026-06-11T22:23:27.982+0000] {processor.py:840} INFO - DAG(s) 'example_params_trigger_ui' retrieved from /home/airflow/.local/lib/python3.12/site-packages/airflow/example_dags/example_params_trigger_ui.py
[2026-06-11T22:23:28.048+0000] {logging_mixin.py:188} INFO - [2026-06-11T22:23:28.048+0000] {dag.py:3096} INFO - Sync 1 DAGs
[2026-06-11T22:23:28.066+0000] {logging_mixin.py:188} INFO - [2026-06-11T22:23:28.065+0000] {dag.py:3954} INFO - Setting next_dagrun for example_params_trigger_ui to None, run_after=None
[2026-06-11T22:23:28.086+0000] {processor.py:183} INFO - Processing /home/airflow/.local/lib/python3.12/site-packages/airflow/example_dags/example_params_trigger_ui.py took 0.135 seconds
[2026-06-11T22:23:58.119+0000] {processor.py:161} INFO - Started process (PID=2000) to work on /home/airflow/.local/lib/python3.12/site-packages/airflow/example_dags/example_params_trigger_ui.py
[2026-06-11T22:23:58.120+0000] {processor.py:830} INFO - Processing file /home/airflow/.local/lib/python3.12/site-packages/airflow/example_dags/example_params_trigger_ui.py for tasks to queue
[2026-06-11T22:23:58.122+0000] {logging_mixin.py:188} INFO - [2026-06-11T22:23:58.121+0000] {dagbag.py:545} INFO - Filling up the DagBag from /home/airflow/.local/lib/python3.12/site-packages/airflow/example_dags/example_params_trigger_ui.py
[2026-06-11T22:23:58.133+0000] {processor.py:840} INFO - DAG(s) 'example_params_trigger_ui' retrieved from /home/airflow/.local/lib/python3.12/site-packages/airflow/example_dags/example_params_trigger_ui.py
[2026-06-11T22:23:58.175+0000] {logging_mixin.py:188} INFO - [2026-06-11T22:23:58.175+0000] {dag.py:3096} INFO - Sync 1 DAGs
[2026-06-11T22:23:58.187+0000] {logging_mixin.py:188} INFO - [2026-06-11T22:23:58.186+0000] {dag.py:3954} INFO - Setting next_dagrun for example_params_trigger_ui to None, run_after=None
[2026-06-11T22:23:58.204+0000] {processor.py:183} INFO - Processing /home/airflow/.local/lib/python3.12/site-packages/airflow/example_dags/example_params_trigger_ui.py took 0.090 seconds
[2026-06-11T22:24:28.613+0000] {processor.py:161} INFO - Started process (PID=2060) to work on /home/airflow/.local/lib/python3.12/site-packages/airflow/example_dags/example_params_trigger_ui.py
[2026-06-11T22:24:28.614+0000] {processor.py:830} INFO - Processing file /home/airflow/.local/lib/python3.12/site-packages/airflow/example_dags/example_params_trigger_ui.py for tasks to queue
[2026-06-11T22:24:28.616+0000] {logging_mixin.py:188} INFO - [2026-06-11T22:24:28.616+0000] {dagbag.py:545} INFO - Filling up the DagBag from /home/airflow/.local/lib/python3.12/site-packages/airflow/example_dags/example_params_trigger_ui.py
[2026-06-11T22:24:28.632+0000] {processor.py:840} INFO - DAG(s) 'example_params_trigger_ui' retrieved from /home/airflow/.local/lib/python3.12/site-packages/airflow/example_dags/example_params_trigger_ui.py
[2026-06-11T22:24:28.702+0000] {logging_mixin.py:188} INFO - [2026-06-11T22:24:28.701+0000] {dag.py:3096} INFO - Sync 1 DAGs
[2026-06-11T22:24:28.796+0000] {logging_mixin.py:188} INFO - [2026-06-11T22:24:28.795+0000] {dag.py:3954} INFO - Setting next_dagrun for example_params_trigger_ui to None, run_after=None
[2026-06-11T22:24:28.875+0000] {processor.py:183} INFO - Processing /home/airflow/.local/lib/python3.12/site-packages/airflow/example_dags/example_params_trigger_ui.py took 0.268 seconds
[2026-06-11T22:24:59.408+0000] {processor.py:161} INFO - Started process (PID=2121) to work on /home/airflow/.local/lib/python3.12/site-packages/airflow/example_dags/example_params_trigger_ui.py
[2026-06-11T22:24:59.411+0000] {processor.py:830} INFO - Processing file /home/airflow/.local/lib/python3.12/site-packages/airflow/example_dags/example_params_trigger_ui.py for tasks to queue
[2026-06-11T22:24:59.415+0000] {logging_mixin.py:188} INFO - [2026-06-11T22:24:59.414+0000] {dagbag.py:545} INFO - Filling up the DagBag from /home/airflow/.local/lib/python3.12/site-packages/airflow/example_dags/example_params_trigger_ui.py
[2026-06-11T22:24:59.443+0000] {processor.py:840} INFO - DAG(s) 'example_params_trigger_ui' retrieved from /home/airflow/.local/lib/python3.12/site-packages/airflow/example_dags/example_params_trigger_ui.py
[2026-06-11T22:24:59.610+0000] {logging_mixin.py:188} INFO - [2026-06-11T22:24:59.609+0000] {dag.py:3096} INFO - Sync 1 DAGs
[2026-06-11T22:24:59.651+0000] {logging_mixin.py:188} INFO - [2026-06-11T22:24:59.650+0000] {dag.py:3954} INFO - Setting next_dagrun for example_params_trigger_ui to None, run_after=None
[2026-06-11T22:24:59.694+0000] {processor.py:183} INFO - Processing /home/airflow/.local/lib/python3.12/site-packages/airflow/example_dags/example_params_trigger_ui.py took 0.301 seconds
[2026-06-11T22:25:30.027+0000] {processor.py:161} INFO - Started process (PID=2182) to work on /home/airflow/.local/lib/python3.12/site-packages/airflow/example_dags/example_params_trigger_ui.py
[2026-06-11T22:25:30.028+0000] {processor.py:830} INFO - Processing file /home/airflow/.local/lib/python3.12/site-packages/airflow/example_dags/example_params_trigger_ui.py for tasks to queue
[2026-06-11T22:25:30.030+0000] {logging_mixin.py:188} INFO - [2026-06-11T22:25:30.030+0000] {dagbag.py:545} INFO - Filling up the DagBag from /home/airflow/.local/lib/python3.12/site-packages/airflow/example_dags/example_params_trigger_ui.py
[2026-06-11T22:25:30.046+0000] {processor.py:840} INFO - DAG(s) 'example_params_trigger_ui' retrieved from /home/airflow/.local/lib/python3.12/site-packages/airflow/example_dags/example_params_trigger_ui.py
[2026-06-11T22:25:30.114+0000] {logging_mixin.py:188} INFO - [2026-06-11T22:25:30.114+0000] {dag.py:3096} INFO - Sync 1 DAGs
[2026-06-11T22:25:30.131+0000] {logging_mixin.py:188} INFO - [2026-06-11T22:25:30.131+0000] {dag.py:3954} INFO - Setting next_dagrun for example_params_trigger_ui to None, run_after=None
[2026-06-11T22:25:30.159+0000] {processor.py:183} INFO - Processing /home/airflow/.local/lib/python3.12/site-packages/airflow/example_dags/example_params_trigger_ui.py took 0.138 seconds
[2026-06-11T22:26:00.472+0000] {processor.py:161} INFO - Started process (PID=2243) to work on /home/airflow/.local/lib/python3.12/site-packages/airflow/example_dags/example_params_trigger_ui.py
[2026-06-11T22:26:00.473+0000] {processor.py:830} INFO - Processing file /home/airflow/.local/lib/python3.12/site-packages/airflow/example_dags/example_params_trigger_ui.py for tasks to queue
[2026-06-11T22:26:00.475+0000] {logging_mixin.py:188} INFO - [2026-06-11T22:26:00.475+0000] {dagbag.py:545} INFO - Filling up the DagBag from /home/airflow/.local/lib/python3.12/site-packages/airflow/example_dags/example_params_trigger_ui.py
[2026-06-11T22:26:00.492+0000] {processor.py:840} INFO - DAG(s) 'example_params_trigger_ui' retrieved from /home/airflow/.local/lib/python3.12/site-packages/airflow/example_dags/example_params_trigger_ui.py
[2026-06-11T22:26:00.574+0000] {logging_mixin.py:188} INFO - [2026-06-11T22:26:00.574+0000] {dag.py:3096} INFO - Sync 1 DAGs
[2026-06-11T22:26:00.592+0000] {logging_mixin.py:188} INFO - [2026-06-11T22:26:00.591+0000] {dag.py:3954} INFO - Setting next_dagrun for example_params_trigger_ui to None, run_after=None
[2026-06-11T22:26:00.613+0000] {processor.py:183} INFO - Processing /home/airflow/.local/lib/python3.12/site-packages/airflow/example_dags/example_params_trigger_ui.py took 0.151 seconds
[2026-06-11T22:26:31.266+0000] {processor.py:161} INFO - Started process (PID=2304) to work on /home/airflow/.local/lib/python3.12/site-packages/airflow/example_dags/example_params_trigger_ui.py
[2026-06-11T22:26:31.271+0000] {processor.py:830} INFO - Processing file /home/airflow/.local/lib/python3.12/site-packages/airflow/example_dags/example_params_trigger_ui.py for tasks to queue
[2026-06-11T22:26:31.277+0000] {logging_mixin.py:188} INFO - [2026-06-11T22:26:31.277+0000] {dagbag.py:545} INFO - Filling up the DagBag from /home/airflow/.local/lib/python3.12/site-packages/airflow/example_dags/example_params_trigger_ui.py
[2026-06-11T22:26:31.352+0000] {processor.py:840} INFO - DAG(s) 'example_params_trigger_ui' retrieved from /home/airflow/.local/lib/python3.12/site-packages/airflow/example_dags/example_params_trigger_ui.py
[2026-06-11T22:26:31.436+0000] {logging_mixin.py:188} INFO - [2026-06-11T22:26:31.436+0000] {dag.py:3096} INFO - Sync 1 DAGs
[2026-06-11T22:26:31.454+0000] {logging_mixin.py:188} INFO - [2026-06-11T22:26:31.454+0000] {dag.py:3954} INFO - Setting next_dagrun for example_params_trigger_ui to None, run_after=None
[2026-06-11T22:26:31.527+0000] {processor.py:183} INFO - Processing /home/airflow/.local/lib/python3.12/site-packages/airflow/example_dags/example_params_trigger_ui.py took 0.287 seconds
[2026-06-11T22:27:02.279+0000] {processor.py:161} INFO - Started process (PID=2364) to work on /home/airflow/.local/lib/python3.12/site-packages/airflow/example_dags/example_params_trigger_ui.py
[2026-06-11T22:27:02.283+0000] {processor.py:830} INFO - Processing file /home/airflow/.local/lib/python3.12/site-packages/airflow/example_dags/example_params_trigger_ui.py for tasks to queue
[2026-06-11T22:27:02.285+0000] {logging_mixin.py:188} INFO - [2026-06-11T22:27:02.284+0000] {dagbag.py:545} INFO - Filling up the DagBag from /home/airflow/.local/lib/python3.12/site-packages/airflow/example_dags/example_params_trigger_ui.py
[2026-06-11T22:27:02.302+0000] {processor.py:840} INFO - DAG(s) 'example_params_trigger_ui' retrieved from /home/airflow/.local/lib/python3.12/site-packages/airflow/example_dags/example_params_trigger_ui.py
[2026-06-11T22:27:02.375+0000] {logging_mixin.py:188} INFO - [2026-06-11T22:27:02.374+0000] {dag.py:3096} INFO - Sync 1 DAGs
[2026-06-11T22:27:02.398+0000] {logging_mixin.py:188} INFO - [2026-06-11T22:27:02.398+0000] {dag.py:3954} INFO - Setting next_dagrun for example_params_trigger_ui to None, run_after=None
[2026-06-11T22:27:02.424+0000] {processor.py:183} INFO - Processing /home/airflow/.local/lib/python3.12/site-packages/airflow/example_dags/example_params_trigger_ui.py took 0.158 seconds
[2026-06-11T22:27:33.287+0000] {processor.py:161} INFO - Started process (PID=2425) to work on /home/airflow/.local/lib/python3.12/site-packages/airflow/example_dags/example_params_trigger_ui.py
[2026-06-11T22:27:33.288+0000] {processor.py:830} INFO - Processing file /home/airflow/.local/lib/python3.12/site-packages/airflow/example_dags/example_params_trigger_ui.py for tasks to queue
[2026-06-11T22:27:33.290+0000] {logging_mixin.py:188} INFO - [2026-06-11T22:27:33.290+0000] {dagbag.py:545} INFO - Filling up the DagBag from /home/airflow/.local/lib/python3.12/site-packages/airflow/example_dags/example_params_trigger_ui.py
[2026-06-11T22:27:33.307+0000] {processor.py:840} INFO - DAG(s) 'example_params_trigger_ui' retrieved from /home/airflow/.local/lib/python3.12/site-packages/airflow/example_dags/example_params_trigger_ui.py
[2026-06-11T22:27:33.378+0000] {logging_mixin.py:188} INFO - [2026-06-11T22:27:33.378+0000] {dag.py:3096} INFO - Sync 1 DAGs
[2026-06-11T22:27:33.396+0000] {logging_mixin.py:188} INFO - [2026-06-11T22:27:33.395+0000] {dag.py:3954} INFO - Setting next_dagrun for example_params_trigger_ui to None, run_after=None
[2026-06-11T22:27:33.416+0000] {processor.py:183} INFO - Processing /home/airflow/.local/lib/python3.12/site-packages/airflow/example_dags/example_params_trigger_ui.py took 0.135 seconds
[2026-06-11T22:28:03.475+0000] {processor.py:161} INFO - Started process (PID=2486) to work on /home/airflow/.local/lib/python3.12/site-packages/airflow/example_dags/example_params_trigger_ui.py
[2026-06-11T22:28:03.476+0000] {processor.py:830} INFO - Processing file /home/airflow/.local/lib/python3.12/site-packages/airflow/example_dags/example_params_trigger_ui.py for tasks to queue
[2026-06-11T22:28:03.478+0000] {logging_mixin.py:188} INFO - [2026-06-11T22:28:03.478+0000] {dagbag.py:545} INFO - Filling up the DagBag from /home/airflow/.local/lib/python3.12/site-packages/airflow/example_dags/example_params_trigger_ui.py
[2026-06-11T22:28:03.494+0000] {processor.py:840} INFO - DAG(s) 'example_params_trigger_ui' retrieved from /home/airflow/.local/lib/python3.12/site-packages/airflow/example_dags/example_params_trigger_ui.py
[2026-06-11T22:28:03.564+0000] {logging_mixin.py:188} INFO - [2026-06-11T22:28:03.564+0000] {dag.py:3096} INFO - Sync 1 DAGs
[2026-06-11T22:28:03.580+0000] {logging_mixin.py:188} INFO - [2026-06-11T22:28:03.580+0000] {dag.py:3954} INFO - Setting next_dagrun for example_params_trigger_ui to None, run_after=None
[2026-06-11T22:28:03.602+0000] {processor.py:183} INFO - Processing /home/airflow/.local/lib/python3.12/site-packages/airflow/example_dags/example_params_trigger_ui.py took 0.133 seconds
[2026-06-11T22:28:33.997+0000] {processor.py:161} INFO - Started process (PID=2546) to work on /home/airflow/.local/lib/python3.12/site-packages/airflow/example_dags/example_params_trigger_ui.py
[2026-06-11T22:28:33.997+0000] {processor.py:830} INFO - Processing file /home/airflow/.local/lib/python3.12/site-packages/airflow/example_dags/example_params_trigger_ui.py for tasks to queue
[2026-06-11T22:28:34.000+0000] {logging_mixin.py:188} INFO - [2026-06-11T22:28:33.999+0000] {dagbag.py:545} INFO - Filling up the DagBag from /home/airflow/.local/lib/python3.12/site-packages/airflow/example_dags/example_params_trigger_ui.py
[2026-06-11T22:28:34.016+0000] {processor.py:840} INFO - DAG(s) 'example_params_trigger_ui' retrieved from /home/airflow/.local/lib/python3.12/site-packages/airflow/example_dags/example_params_trigger_ui.py
[2026-06-11T22:28:34.090+0000] {logging_mixin.py:188} INFO - [2026-06-11T22:28:34.090+0000] {dag.py:3096} INFO - Sync 1 DAGs
[2026-06-11T22:28:34.107+0000] {logging_mixin.py:188} INFO - [2026-06-11T22:28:34.107+0000] {dag.py:3954} INFO - Setting next_dagrun for example_params_trigger_ui to None, run_after=None
[2026-06-11T22:28:34.127+0000] {processor.py:183} INFO - Processing /home/airflow/.local/lib/python3.12/site-packages/airflow/example_dags/example_params_trigger_ui.py took 0.137 seconds
[2026-06-11T22:29:04.465+0000] {processor.py:161} INFO - Started process (PID=2607) to work on /home/airflow/.local/lib/python3.12/site-packages/airflow/example_dags/example_params_trigger_ui.py
[2026-06-11T22:29:04.467+0000] {processor.py:830} INFO - Processing file /home/airflow/.local/lib/python3.12/site-packages/airflow/example_dags/example_params_trigger_ui.py for tasks to queue
[2026-06-11T22:29:04.471+0000] {logging_mixin.py:188} INFO - [2026-06-11T22:29:04.469+0000] {dagbag.py:545} INFO - Filling up the DagBag from /home/airflow/.local/lib/python3.12/site-packages/airflow/example_dags/example_params_trigger_ui.py
[2026-06-11T22:29:04.492+0000] {processor.py:840} INFO - DAG(s) 'example_params_trigger_ui' retrieved from /home/airflow/.local/lib/python3.12/site-packages/airflow/example_dags/example_params_trigger_ui.py
[2026-06-11T22:29:04.565+0000] {logging_mixin.py:188} INFO - [2026-06-11T22:29:04.565+0000] {dag.py:3096} INFO - Sync 1 DAGs
[2026-06-11T22:29:04.582+0000] {logging_mixin.py:188} INFO - [2026-06-11T22:29:04.582+0000] {dag.py:3954} INFO - Setting next_dagrun for example_params_trigger_ui to None, run_after=None
[2026-06-11T22:29:04.603+0000] {processor.py:183} INFO - Processing /home/airflow/.local/lib/python3.12/site-packages/airflow/example_dags/example_params_trigger_ui.py took 0.145 seconds
[2026-06-11T22:29:35.303+0000] {processor.py:161} INFO - Started process (PID=2668) to work on /home/airflow/.local/lib/python3.12/site-packages/airflow/example_dags/example_params_trigger_ui.py
[2026-06-11T22:29:35.304+0000] {processor.py:830} INFO - Processing file /home/airflow/.local/lib/python3.12/site-packages/airflow/example_dags/example_params_trigger_ui.py for tasks to queue
[2026-06-11T22:29:35.306+0000] {logging_mixin.py:188} INFO - [2026-06-11T22:29:35.306+0000] {dagbag.py:545} INFO - Filling up the DagBag from /home/airflow/.local/lib/python3.12/site-packages/airflow/example_dags/example_params_trigger_ui.py
[2026-06-11T22:29:35.322+0000] {processor.py:840} INFO - DAG(s) 'example_params_trigger_ui' retrieved from /home/airflow/.local/lib/python3.12/site-packages/airflow/example_dags/example_params_trigger_ui.py
[2026-06-11T22:29:35.392+0000] {logging_mixin.py:188} INFO - [2026-06-11T22:29:35.391+0000] {dag.py:3096} INFO - Sync 1 DAGs
[2026-06-11T22:29:35.408+0000] {logging_mixin.py:188} INFO - [2026-06-11T22:29:35.408+0000] {dag.py:3954} INFO - Setting next_dagrun for example_params_trigger_ui to None, run_after=None
[2026-06-11T22:29:35.428+0000] {processor.py:183} INFO - Processing /home/airflow/.local/lib/python3.12/site-packages/airflow/example_dags/example_params_trigger_ui.py took 0.131 seconds
[2026-06-11T22:30:05.991+0000] {processor.py:161} INFO - Started process (PID=2729) to work on /home/airflow/.local/lib/python3.12/site-packages/airflow/example_dags/example_params_trigger_ui.py
[2026-06-11T22:30:05.992+0000] {processor.py:830} INFO - Processing file /home/airflow/.local/lib/python3.12/site-packages/airflow/example_dags/example_params_trigger_ui.py for tasks to queue
[2026-06-11T22:30:05.994+0000] {logging_mixin.py:188} INFO - [2026-06-11T22:30:05.994+0000] {dagbag.py:545} INFO - Filling up the DagBag from /home/airflow/.local/lib/python3.12/site-packages/airflow/example_dags/example_params_trigger_ui.py
[2026-06-11T22:30:06.010+0000] {processor.py:840} INFO - DAG(s) 'example_params_trigger_ui' retrieved from /home/airflow/.local/lib/python3.12/site-packages/airflow/example_dags/example_params_trigger_ui.py
[2026-06-11T22:30:06.103+0000] {logging_mixin.py:188} INFO - [2026-06-11T22:30:06.103+0000] {dag.py:3096} INFO - Sync 1 DAGs
[2026-06-11T22:30:06.168+0000] {logging_mixin.py:188} INFO - [2026-06-11T22:30:06.163+0000] {dag.py:3954} INFO - Setting next_dagrun for example_params_trigger_ui to None, run_after=None
[2026-06-11T22:30:06.296+0000] {processor.py:183} INFO - Processing /home/airflow/.local/lib/python3.12/site-packages/airflow/example_dags/example_params_trigger_ui.py took 0.312 seconds
[2026-06-11T22:30:37.155+0000] {processor.py:161} INFO - Started process (PID=2790) to work on /home/airflow/.local/lib/python3.12/site-packages/airflow/example_dags/example_params_trigger_ui.py
[2026-06-11T22:30:37.156+0000] {processor.py:830} INFO - Processing file /home/airflow/.local/lib/python3.12/site-packages/airflow/example_dags/example_params_trigger_ui.py for tasks to queue
[2026-06-11T22:30:37.157+0000] {logging_mixin.py:188} INFO - [2026-06-11T22:30:37.157+0000] {dagbag.py:545} INFO - Filling up the DagBag from /home/airflow/.local/lib/python3.12/site-packages/airflow/example_dags/example_params_trigger_ui.py
[2026-06-11T22:30:37.173+0000] {processor.py:840} INFO - DAG(s) 'example_params_trigger_ui' retrieved from /home/airflow/.local/lib/python3.12/site-packages/airflow/example_dags/example_params_trigger_ui.py
[2026-06-11T22:30:37.246+0000] {logging_mixin.py:188} INFO - [2026-06-11T22:30:37.246+0000] {dag.py:3096} INFO - Sync 1 DAGs
[2026-06-11T22:30:37.263+0000] {logging_mixin.py:188} INFO - [2026-06-11T22:30:37.263+0000] {dag.py:3954} INFO - Setting next_dagrun for example_params_trigger_ui to None, run_after=None
[2026-06-11T22:30:37.283+0000] {processor.py:183} INFO - Processing /home/airflow/.local/lib/python3.12/site-packages/airflow/example_dags/example_params_trigger_ui.py took 0.135 seconds
[2026-06-11T22:31:07.785+0000] {processor.py:161} INFO - Started process (PID=2851) to work on /home/airflow/.local/lib/python3.12/site-packages/airflow/example_dags/example_params_trigger_ui.py
[2026-06-11T22:31:07.786+0000] {processor.py:830} INFO - Processing file /home/airflow/.local/lib/python3.12/site-packages/airflow/example_dags/example_params_trigger_ui.py for tasks to queue
[2026-06-11T22:31:07.788+0000] {logging_mixin.py:188} INFO - [2026-06-11T22:31:07.788+0000] {dagbag.py:545} INFO - Filling up the DagBag from /home/airflow/.local/lib/python3.12/site-packages/airflow/example_dags/example_params_trigger_ui.py
[2026-06-11T22:31:07.804+0000] {processor.py:840} INFO - DAG(s) 'example_params_trigger_ui' retrieved from /home/airflow/.local/lib/python3.12/site-packages/airflow/example_dags/example_params_trigger_ui.py
[2026-06-11T22:31:07.884+0000] {logging_mixin.py:188} INFO - [2026-06-11T22:31:07.884+0000] {dag.py:3096} INFO - Sync 1 DAGs
[2026-06-11T22:31:07.927+0000] {logging_mixin.py:188} INFO - [2026-06-11T22:31:07.927+0000] {dag.py:3954} INFO - Setting next_dagrun for example_params_trigger_ui to None, run_after=None
[2026-06-11T22:31:07.952+0000] {processor.py:183} INFO - Processing /home/airflow/.local/lib/python3.12/site-packages/airflow/example_dags/example_params_trigger_ui.py took 0.173 seconds
[2026-06-11T22:31:38.727+0000] {processor.py:161} INFO - Started process (PID=2912) to work on /home/airflow/.local/lib/python3.12/site-packages/airflow/example_dags/example_params_trigger_ui.py
[2026-06-11T22:31:38.728+0000] {processor.py:830} INFO - Processing file /home/airflow/.local/lib/python3.12/site-packages/airflow/example_dags/example_params_trigger_ui.py for tasks to queue
[2026-06-11T22:31:38.730+0000] {logging_mixin.py:188} INFO - [2026-06-11T22:31:38.730+0000] {dagbag.py:545} INFO - Filling up the DagBag from /home/airflow/.local/lib/python3.12/site-packages/airflow/example_dags/example_params_trigger_ui.py
[2026-06-11T22:31:38.747+0000] {processor.py:840} INFO - DAG(s) 'example_params_trigger_ui' retrieved from /home/airflow/.local/lib/python3.12/site-packages/airflow/example_dags/example_params_trigger_ui.py
[2026-06-11T22:31:38.816+0000] {logging_mixin.py:188} INFO - [2026-06-11T22:31:38.815+0000] {dag.py:3096} INFO - Sync 1 DAGs
[2026-06-11T22:31:38.832+0000] {logging_mixin.py:188} INFO - [2026-06-11T22:31:38.832+0000] {dag.py:3954} INFO - Setting next_dagrun for example_params_trigger_ui to None, run_after=None
[2026-06-11T22:31:38.853+0000] {processor.py:183} INFO - Processing /home/airflow/.local/lib/python3.12/site-packages/airflow/example_dags/example_params_trigger_ui.py took 0.132 seconds
[2026-06-11T22:32:09.676+0000] {processor.py:161} INFO - Started process (PID=2973) to work on /home/airflow/.local/lib/python3.12/site-packages/airflow/example_dags/example_params_trigger_ui.py
[2026-06-11T22:32:09.677+0000] {processor.py:830} INFO - Processing file /home/airflow/.local/lib/python3.12/site-packages/airflow/example_dags/example_params_trigger_ui.py for tasks to queue
[2026-06-11T22:32:09.679+0000] {logging_mixin.py:188} INFO - [2026-06-11T22:32:09.678+0000] {dagbag.py:545} INFO - Filling up the DagBag from /home/airflow/.local/lib/python3.12/site-packages/airflow/example_dags/example_params_trigger_ui.py
[2026-06-11T22:32:09.703+0000] {processor.py:840} INFO - DAG(s) 'example_params_trigger_ui' retrieved from /home/airflow/.local/lib/python3.12/site-packages/airflow/example_dags/example_params_trigger_ui.py
[2026-06-11T22:32:09.933+0000] {logging_mixin.py:188} INFO - [2026-06-11T22:32:09.932+0000] {dag.py:3096} INFO - Sync 1 DAGs
[2026-06-11T22:32:10.003+0000] {logging_mixin.py:188} INFO - [2026-06-11T22:32:10.002+0000] {dag.py:3954} INFO - Setting next_dagrun for example_params_trigger_ui to None, run_after=None
[2026-06-11T22:32:10.068+0000] {processor.py:183} INFO - Processing /home/airflow/.local/lib/python3.12/site-packages/airflow/example_dags/example_params_trigger_ui.py took 0.404 seconds
[2026-06-11T22:32:40.283+0000] {processor.py:161} INFO - Started process (PID=3040) to work on /home/airflow/.local/lib/python3.12/site-packages/airflow/example_dags/example_params_trigger_ui.py
[2026-06-11T22:32:40.284+0000] {processor.py:830} INFO - Processing file /home/airflow/.local/lib/python3.12/site-packages/airflow/example_dags/example_params_trigger_ui.py for tasks to queue
[2026-06-11T22:32:40.286+0000] {logging_mixin.py:188} INFO - [2026-06-11T22:32:40.285+0000] {dagbag.py:545} INFO - Filling up the DagBag from /home/airflow/.local/lib/python3.12/site-packages/airflow/example_dags/example_params_trigger_ui.py
[2026-06-11T22:32:40.302+0000] {processor.py:840} INFO - DAG(s) 'example_params_trigger_ui' retrieved from /home/airflow/.local/lib/python3.12/site-packages/airflow/example_dags/example_params_trigger_ui.py
[2026-06-11T22:32:40.391+0000] {logging_mixin.py:188} INFO - [2026-06-11T22:32:40.391+0000] {dag.py:3096} INFO - Sync 1 DAGs
[2026-06-11T22:32:40.411+0000] {logging_mixin.py:188} INFO - [2026-06-11T22:32:40.411+0000] {dag.py:3954} INFO - Setting next_dagrun for example_params_trigger_ui to None, run_after=None
[2026-06-11T22:32:40.436+0000] {processor.py:183} INFO - Processing /home/airflow/.local/lib/python3.12/site-packages/airflow/example_dags/example_params_trigger_ui.py took 0.160 seconds
[2026-06-11T22:33:10.891+0000] {processor.py:161} INFO - Started process (PID=3101) to work on /home/airflow/.local/lib/python3.12/site-packages/airflow/example_dags/example_params_trigger_ui.py
[2026-06-11T22:33:10.895+0000] {processor.py:830} INFO - Processing file /home/airflow/.local/lib/python3.12/site-packages/airflow/example_dags/example_params_trigger_ui.py for tasks to queue
[2026-06-11T22:33:10.897+0000] {logging_mixin.py:188} INFO - [2026-06-11T22:33:10.897+0000] {dagbag.py:545} INFO - Filling up the DagBag from /home/airflow/.local/lib/python3.12/site-packages/airflow/example_dags/example_params_trigger_ui.py
[2026-06-11T22:33:10.919+0000] {processor.py:840} INFO - DAG(s) 'example_params_trigger_ui' retrieved from /home/airflow/.local/lib/python3.12/site-packages/airflow/example_dags/example_params_trigger_ui.py
[2026-06-11T22:33:11.074+0000] {logging_mixin.py:188} INFO - [2026-06-11T22:33:11.073+0000] {dag.py:3096} INFO - Sync 1 DAGs
[2026-06-11T22:33:11.089+0000] {logging_mixin.py:188} INFO - [2026-06-11T22:33:11.089+0000] {dag.py:3954} INFO - Setting next_dagrun for example_params_trigger_ui to None, run_after=None
[2026-06-11T22:33:11.111+0000] {processor.py:183} INFO - Processing /home/airflow/.local/lib/python3.12/site-packages/airflow/example_dags/example_params_trigger_ui.py took 0.226 seconds
[2026-06-11T22:33:42.062+0000] {processor.py:161} INFO - Started process (PID=3162) to work on /home/airflow/.local/lib/python3.12/site-packages/airflow/example_dags/example_params_trigger_ui.py
[2026-06-11T22:33:42.068+0000] {processor.py:830} INFO - Processing file /home/airflow/.local/lib/python3.12/site-packages/airflow/example_dags/example_params_trigger_ui.py for tasks to queue
[2026-06-11T22:33:42.078+0000] {logging_mixin.py:188} INFO - [2026-06-11T22:33:42.075+0000] {dagbag.py:545} INFO - Filling up the DagBag from /home/airflow/.local/lib/python3.12/site-packages/airflow/example_dags/example_params_trigger_ui.py
[2026-06-11T22:33:42.104+0000] {processor.py:840} INFO - DAG(s) 'example_params_trigger_ui' retrieved from /home/airflow/.local/lib/python3.12/site-packages/airflow/example_dags/example_params_trigger_ui.py
[2026-06-11T22:33:42.169+0000] {logging_mixin.py:188} INFO - [2026-06-11T22:33:42.168+0000] {dag.py:3096} INFO - Sync 1 DAGs
[2026-06-11T22:33:42.204+0000] {logging_mixin.py:188} INFO - [2026-06-11T22:33:42.203+0000] {dag.py:3954} INFO - Setting next_dagrun for example_params_trigger_ui to None, run_after=None
[2026-06-11T22:33:42.245+0000] {processor.py:183} INFO - Processing /home/airflow/.local/lib/python3.12/site-packages/airflow/example_dags/example_params_trigger_ui.py took 0.189 seconds
[2026-06-11T22:34:13.212+0000] {processor.py:161} INFO - Started process (PID=3223) to work on /home/airflow/.local/lib/python3.12/site-packages/airflow/example_dags/example_params_trigger_ui.py
[2026-06-11T22:34:13.216+0000] {processor.py:830} INFO - Processing file /home/airflow/.local/lib/python3.12/site-packages/airflow/example_dags/example_params_trigger_ui.py for tasks to queue
[2026-06-11T22:34:13.220+0000] {logging_mixin.py:188} INFO - [2026-06-11T22:34:13.220+0000] {dagbag.py:545} INFO - Filling up the DagBag from /home/airflow/.local/lib/python3.12/site-packages/airflow/example_dags/example_params_trigger_ui.py
[2026-06-11T22:34:13.243+0000] {processor.py:840} INFO - DAG(s) 'example_params_trigger_ui' retrieved from /home/airflow/.local/lib/python3.12/site-packages/airflow/example_dags/example_params_trigger_ui.py
[2026-06-11T22:34:13.317+0000] {logging_mixin.py:188} INFO - [2026-06-11T22:34:13.317+0000] {dag.py:3096} INFO - Sync 1 DAGs
[2026-06-11T22:34:13.352+0000] {logging_mixin.py:188} INFO - [2026-06-11T22:34:13.351+0000] {dag.py:3954} INFO - Setting next_dagrun for example_params_trigger_ui to None, run_after=None
[2026-06-11T22:34:13.415+0000] {processor.py:183} INFO - Processing /home/airflow/.local/lib/python3.12/site-packages/airflow/example_dags/example_params_trigger_ui.py took 0.217 seconds
[2026-06-11T22:34:43.515+0000] {processor.py:161} INFO - Started process (PID=3284) to work on /home/airflow/.local/lib/python3.12/site-packages/airflow/example_dags/example_params_trigger_ui.py
[2026-06-11T22:34:43.516+0000] {processor.py:830} INFO - Processing file /home/airflow/.local/lib/python3.12/site-packages/airflow/example_dags/example_params_trigger_ui.py for tasks to queue
[2026-06-11T22:34:43.518+0000] {logging_mixin.py:188} INFO - [2026-06-11T22:34:43.518+0000] {dagbag.py:545} INFO - Filling up the DagBag from /home/airflow/.local/lib/python3.12/site-packages/airflow/example_dags/example_params_trigger_ui.py
[2026-06-11T22:34:43.544+0000] {processor.py:840} INFO - DAG(s) 'example_params_trigger_ui' retrieved from /home/airflow/.local/lib/python3.12/site-packages/airflow/example_dags/example_params_trigger_ui.py
[2026-06-11T22:34:43.594+0000] {logging_mixin.py:188} INFO - [2026-06-11T22:34:43.594+0000] {dag.py:3096} INFO - Sync 1 DAGs
[2026-06-11T22:34:43.606+0000] {logging_mixin.py:188} INFO - [2026-06-11T22:34:43.605+0000] {dag.py:3954} INFO - Setting next_dagrun for example_params_trigger_ui to None, run_after=None
[2026-06-11T22:34:43.622+0000] {processor.py:183} INFO - Processing /home/airflow/.local/lib/python3.12/site-packages/airflow/example_dags/example_params_trigger_ui.py took 0.114 seconds
[2026-06-11T22:35:14.018+0000] {processor.py:161} INFO - Started process (PID=3345) to work on /home/airflow/.local/lib/python3.12/site-packages/airflow/example_dags/example_params_trigger_ui.py
[2026-06-11T22:35:14.023+0000] {processor.py:830} INFO - Processing file /home/airflow/.local/lib/python3.12/site-packages/airflow/example_dags/example_params_trigger_ui.py for tasks to queue
[2026-06-11T22:35:14.025+0000] {logging_mixin.py:188} INFO - [2026-06-11T22:35:14.025+0000] {dagbag.py:545} INFO - Filling up the DagBag from /home/airflow/.local/lib/python3.12/site-packages/airflow/example_dags/example_params_trigger_ui.py
[2026-06-11T22:35:14.042+0000] {processor.py:840} INFO - DAG(s) 'example_params_trigger_ui' retrieved from /home/airflow/.local/lib/python3.12/site-packages/airflow/example_dags/example_params_trigger_ui.py
[2026-06-11T22:35:14.143+0000] {logging_mixin.py:188} INFO - [2026-06-11T22:35:14.143+0000] {dag.py:3096} INFO - Sync 1 DAGs
[2026-06-11T22:35:14.161+0000] {logging_mixin.py:188} INFO - [2026-06-11T22:35:14.161+0000] {dag.py:3954} INFO - Setting next_dagrun for example_params_trigger_ui to None, run_after=None
[2026-06-11T22:35:14.181+0000] {processor.py:183} INFO - Processing /home/airflow/.local/lib/python3.12/site-packages/airflow/example_dags/example_params_trigger_ui.py took 0.176 seconds
[2026-06-11T22:35:44.606+0000] {processor.py:161} INFO - Started process (PID=3407) to work on /home/airflow/.local/lib/python3.12/site-packages/airflow/example_dags/example_params_trigger_ui.py
[2026-06-11T22:35:44.607+0000] {processor.py:830} INFO - Processing file /home/airflow/.local/lib/python3.12/site-packages/airflow/example_dags/example_params_trigger_ui.py for tasks to queue
[2026-06-11T22:35:44.609+0000] {logging_mixin.py:188} INFO - [2026-06-11T22:35:44.608+0000] {dagbag.py:545} INFO - Filling up the DagBag from /home/airflow/.local/lib/python3.12/site-packages/airflow/example_dags/example_params_trigger_ui.py
[2026-06-11T22:35:44.625+0000] {processor.py:840} INFO - DAG(s) 'example_params_trigger_ui' retrieved from /home/airflow/.local/lib/python3.12/site-packages/airflow/example_dags/example_params_trigger_ui.py
[2026-06-11T22:35:44.718+0000] {logging_mixin.py:188} INFO - [2026-06-11T22:35:44.717+0000] {dag.py:3096} INFO - Sync 1 DAGs
[2026-06-11T22:35:44.753+0000] {logging_mixin.py:188} INFO - [2026-06-11T22:35:44.753+0000] {dag.py:3954} INFO - Setting next_dagrun for example_params_trigger_ui to None, run_after=None
[2026-06-11T22:35:44.819+0000] {processor.py:183} INFO - Processing /home/airflow/.local/lib/python3.12/site-packages/airflow/example_dags/example_params_trigger_ui.py took 0.220 seconds
[2026-06-11T22:36:15.345+0000] {processor.py:161} INFO - Started process (PID=3469) to work on /home/airflow/.local/lib/python3.12/site-packages/airflow/example_dags/example_params_trigger_ui.py
[2026-06-11T22:36:15.346+0000] {processor.py:830} INFO - Processing file /home/airflow/.local/lib/python3.12/site-packages/airflow/example_dags/example_params_trigger_ui.py for tasks to queue
[2026-06-11T22:36:15.347+0000] {logging_mixin.py:188} INFO - [2026-06-11T22:36:15.347+0000] {dagbag.py:545} INFO - Filling up the DagBag from /home/airflow/.local/lib/python3.12/site-packages/airflow/example_dags/example_params_trigger_ui.py
[2026-06-11T22:36:15.363+0000] {processor.py:840} INFO - DAG(s) 'example_params_trigger_ui' retrieved from /home/airflow/.local/lib/python3.12/site-packages/airflow/example_dags/example_params_trigger_ui.py
[2026-06-11T22:36:15.603+0000] {logging_mixin.py:188} INFO - [2026-06-11T22:36:15.602+0000] {dag.py:3096} INFO - Sync 1 DAGs
[2026-06-11T22:36:15.709+0000] {logging_mixin.py:188} INFO - [2026-06-11T22:36:15.708+0000] {dag.py:3954} INFO - Setting next_dagrun for example_params_trigger_ui to None, run_after=None
[2026-06-11T22:36:15.805+0000] {processor.py:183} INFO - Processing /home/airflow/.local/lib/python3.12/site-packages/airflow/example_dags/example_params_trigger_ui.py took 0.467 seconds
[2026-06-11T22:36:46.240+0000] {processor.py:161} INFO - Started process (PID=3530) to work on /home/airflow/.local/lib/python3.12/site-packages/airflow/example_dags/example_params_trigger_ui.py
[2026-06-11T22:36:46.241+0000] {processor.py:830} INFO - Processing file /home/airflow/.local/lib/python3.12/site-packages/airflow/example_dags/example_params_trigger_ui.py for tasks to queue
[2026-06-11T22:36:46.244+0000] {logging_mixin.py:188} INFO - [2026-06-11T22:36:46.243+0000] {dagbag.py:545} INFO - Filling up the DagBag from /home/airflow/.local/lib/python3.12/site-packages/airflow/example_dags/example_params_trigger_ui.py
[2026-06-11T22:36:46.271+0000] {processor.py:840} INFO - DAG(s) 'example_params_trigger_ui' retrieved from /home/airflow/.local/lib/python3.12/site-packages/airflow/example_dags/example_params_trigger_ui.py
[2026-06-11T22:36:46.358+0000] {logging_mixin.py:188} INFO - [2026-06-11T22:36:46.358+0000] {dag.py:3096} INFO - Sync 1 DAGs
[2026-06-11T22:36:46.379+0000] {logging_mixin.py:188} INFO - [2026-06-11T22:36:46.378+0000] {dag.py:3954} INFO - Setting next_dagrun for example_params_trigger_ui to None, run_after=None
[2026-06-11T22:36:46.431+0000] {processor.py:183} INFO - Processing /home/airflow/.local/lib/python3.12/site-packages/airflow/example_dags/example_params_trigger_ui.py took 0.198 seconds
[2026-06-11T22:37:16.480+0000] {processor.py:161} INFO - Started process (PID=3593) to work on /home/airflow/.local/lib/python3.12/site-packages/airflow/example_dags/example_params_trigger_ui.py
[2026-06-11T22:37:16.481+0000] {processor.py:830} INFO - Processing file /home/airflow/.local/lib/python3.12/site-packages/airflow/example_dags/example_params_trigger_ui.py for tasks to queue
[2026-06-11T22:37:16.482+0000] {logging_mixin.py:188} INFO - [2026-06-11T22:37:16.482+0000] {dagbag.py:545} INFO - Filling up the DagBag from /home/airflow/.local/lib/python3.12/site-packages/airflow/example_dags/example_params_trigger_ui.py
[2026-06-11T22:37:16.493+0000] {processor.py:840} INFO - DAG(s) 'example_params_trigger_ui' retrieved from /home/airflow/.local/lib/python3.12/site-packages/airflow/example_dags/example_params_trigger_ui.py
[2026-06-11T22:37:16.533+0000] {logging_mixin.py:188} INFO - [2026-06-11T22:37:16.533+0000] {dag.py:3096} INFO - Sync 1 DAGs
[2026-06-11T22:37:16.544+0000] {logging_mixin.py:188} INFO - [2026-06-11T22:37:16.544+0000] {dag.py:3954} INFO - Setting next_dagrun for example_params_trigger_ui to None, run_after=None
[2026-06-11T22:37:16.560+0000] {processor.py:183} INFO - Processing /home/airflow/.local/lib/python3.12/site-packages/airflow/example_dags/example_params_trigger_ui.py took 0.085 seconds
[2026-06-11T22:37:47.214+0000] {processor.py:161} INFO - Started process (PID=3655) to work on /home/airflow/.local/lib/python3.12/site-packages/airflow/example_dags/example_params_trigger_ui.py
[2026-06-11T22:37:47.216+0000] {processor.py:830} INFO - Processing file /home/airflow/.local/lib/python3.12/site-packages/airflow/example_dags/example_params_trigger_ui.py for tasks to queue
[2026-06-11T22:37:47.218+0000] {logging_mixin.py:188} INFO - [2026-06-11T22:37:47.217+0000] {dagbag.py:545} INFO - Filling up the DagBag from /home/airflow/.local/lib/python3.12/site-packages/airflow/example_dags/example_params_trigger_ui.py
[2026-06-11T22:37:47.234+0000] {processor.py:840} INFO - DAG(s) 'example_params_trigger_ui' retrieved from /home/airflow/.local/lib/python3.12/site-packages/airflow/example_dags/example_params_trigger_ui.py
[2026-06-11T22:37:47.300+0000] {logging_mixin.py:188} INFO - [2026-06-11T22:37:47.300+0000] {dag.py:3096} INFO - Sync 1 DAGs
[2026-06-11T22:37:47.317+0000] {logging_mixin.py:188} INFO - [2026-06-11T22:37:47.317+0000] {dag.py:3954} INFO - Setting next_dagrun for example_params_trigger_ui to None, run_after=None
[2026-06-11T22:37:47.350+0000] {processor.py:183} INFO - Processing /home/airflow/.local/lib/python3.12/site-packages/airflow/example_dags/example_params_trigger_ui.py took 0.143 seconds
[2026-06-11T22:38:17.800+0000] {processor.py:161} INFO - Started process (PID=3717) to work on /home/airflow/.local/lib/python3.12/site-packages/airflow/example_dags/example_params_trigger_ui.py
[2026-06-11T22:38:17.805+0000] {processor.py:830} INFO - Processing file /home/airflow/.local/lib/python3.12/site-packages/airflow/example_dags/example_params_trigger_ui.py for tasks to queue
[2026-06-11T22:38:17.809+0000] {logging_mixin.py:188} INFO - [2026-06-11T22:38:17.808+0000] {dagbag.py:545} INFO - Filling up the DagBag from /home/airflow/.local/lib/python3.12/site-packages/airflow/example_dags/example_params_trigger_ui.py
[2026-06-11T22:38:17.843+0000] {processor.py:840} INFO - DAG(s) 'example_params_trigger_ui' retrieved from /home/airflow/.local/lib/python3.12/site-packages/airflow/example_dags/example_params_trigger_ui.py
[2026-06-11T22:38:18.023+0000] {logging_mixin.py:188} INFO - [2026-06-11T22:38:18.022+0000] {dag.py:3096} INFO - Sync 1 DAGs
[2026-06-11T22:38:18.046+0000] {logging_mixin.py:188} INFO - [2026-06-11T22:38:18.046+0000] {dag.py:3954} INFO - Setting next_dagrun for example_params_trigger_ui to None, run_after=None
[2026-06-11T22:38:18.083+0000] {processor.py:183} INFO - Processing /home/airflow/.local/lib/python3.12/site-packages/airflow/example_dags/example_params_trigger_ui.py took 0.299 seconds
[2026-06-11T22:38:48.155+0000] {processor.py:161} INFO - Started process (PID=3780) to work on /home/airflow/.local/lib/python3.12/site-packages/airflow/example_dags/example_params_trigger_ui.py
[2026-06-11T22:38:48.155+0000] {processor.py:830} INFO - Processing file /home/airflow/.local/lib/python3.12/site-packages/airflow/example_dags/example_params_trigger_ui.py for tasks to queue
[2026-06-11T22:38:48.157+0000] {logging_mixin.py:188} INFO - [2026-06-11T22:38:48.157+0000] {dagbag.py:545} INFO - Filling up the DagBag from /home/airflow/.local/lib/python3.12/site-packages/airflow/example_dags/example_params_trigger_ui.py
[2026-06-11T22:38:48.168+0000] {processor.py:840} INFO - DAG(s) 'example_params_trigger_ui' retrieved from /home/airflow/.local/lib/python3.12/site-packages/airflow/example_dags/example_params_trigger_ui.py
[2026-06-11T22:38:48.210+0000] {logging_mixin.py:188} INFO - [2026-06-11T22:38:48.210+0000] {dag.py:3096} INFO - Sync 1 DAGs
[2026-06-11T22:38:48.221+0000] {logging_mixin.py:188} INFO - [2026-06-11T22:38:48.221+0000] {dag.py:3954} INFO - Setting next_dagrun for example_params_trigger_ui to None, run_after=None
[2026-06-11T22:38:48.237+0000] {processor.py:183} INFO - Processing /home/airflow/.local/lib/python3.12/site-packages/airflow/example_dags/example_params_trigger_ui.py took 0.088 seconds
[2026-06-11T22:39:18.325+0000] {processor.py:161} INFO - Started process (PID=3841) to work on /home/airflow/.local/lib/python3.12/site-packages/airflow/example_dags/example_params_trigger_ui.py
[2026-06-11T22:39:18.326+0000] {processor.py:830} INFO - Processing file /home/airflow/.local/lib/python3.12/site-packages/airflow/example_dags/example_params_trigger_ui.py for tasks to queue
[2026-06-11T22:39:18.327+0000] {logging_mixin.py:188} INFO - [2026-06-11T22:39:18.327+0000] {dagbag.py:545} INFO - Filling up the DagBag from /home/airflow/.local/lib/python3.12/site-packages/airflow/example_dags/example_params_trigger_ui.py
[2026-06-11T22:39:18.338+0000] {processor.py:840} INFO - DAG(s) 'example_params_trigger_ui' retrieved from /home/airflow/.local/lib/python3.12/site-packages/airflow/example_dags/example_params_trigger_ui.py
[2026-06-11T22:39:18.379+0000] {logging_mixin.py:188} INFO - [2026-06-11T22:39:18.379+0000] {dag.py:3096} INFO - Sync 1 DAGs
[2026-06-11T22:39:18.391+0000] {logging_mixin.py:188} INFO - [2026-06-11T22:39:18.391+0000] {dag.py:3954} INFO - Setting next_dagrun for example_params_trigger_ui to None, run_after=None
[2026-06-11T22:39:18.407+0000] {processor.py:183} INFO - Processing /home/airflow/.local/lib/python3.12/site-packages/airflow/example_dags/example_params_trigger_ui.py took 0.087 seconds
[2026-06-11T22:39:48.741+0000] {processor.py:161} INFO - Started process (PID=3902) to work on /home/airflow/.local/lib/python3.12/site-packages/airflow/example_dags/example_params_trigger_ui.py
[2026-06-11T22:39:48.746+0000] {processor.py:830} INFO - Processing file /home/airflow/.local/lib/python3.12/site-packages/airflow/example_dags/example_params_trigger_ui.py for tasks to queue
[2026-06-11T22:39:48.751+0000] {logging_mixin.py:188} INFO - [2026-06-11T22:39:48.750+0000] {dagbag.py:545} INFO - Filling up the DagBag from /home/airflow/.local/lib/python3.12/site-packages/airflow/example_dags/example_params_trigger_ui.py
[2026-06-11T22:39:48.787+0000] {processor.py:840} INFO - DAG(s) 'example_params_trigger_ui' retrieved from /home/airflow/.local/lib/python3.12/site-packages/airflow/example_dags/example_params_trigger_ui.py
[2026-06-11T22:39:48.905+0000] {logging_mixin.py:188} INFO - [2026-06-11T22:39:48.905+0000] {dag.py:3096} INFO - Sync 1 DAGs
[2026-06-11T22:39:48.936+0000] {logging_mixin.py:188} INFO - [2026-06-11T22:39:48.936+0000] {dag.py:3954} INFO - Setting next_dagrun for example_params_trigger_ui to None, run_after=None
[2026-06-11T22:39:48.956+0000] {processor.py:183} INFO - Processing /home/airflow/.local/lib/python3.12/site-packages/airflow/example_dags/example_params_trigger_ui.py took 0.234 seconds
[2026-06-11T22:40:19.289+0000] {processor.py:161} INFO - Started process (PID=3964) to work on /home/airflow/.local/lib/python3.12/site-packages/airflow/example_dags/example_params_trigger_ui.py
[2026-06-11T22:40:19.292+0000] {processor.py:830} INFO - Processing file /home/airflow/.local/lib/python3.12/site-packages/airflow/example_dags/example_params_trigger_ui.py for tasks to queue
[2026-06-11T22:40:19.296+0000] {logging_mixin.py:188} INFO - [2026-06-11T22:40:19.295+0000] {dagbag.py:545} INFO - Filling up the DagBag from /home/airflow/.local/lib/python3.12/site-packages/airflow/example_dags/example_params_trigger_ui.py
[2026-06-11T22:40:19.316+0000] {processor.py:840} INFO - DAG(s) 'example_params_trigger_ui' retrieved from /home/airflow/.local/lib/python3.12/site-packages/airflow/example_dags/example_params_trigger_ui.py
[2026-06-11T22:40:19.514+0000] {logging_mixin.py:188} INFO - [2026-06-11T22:40:19.513+0000] {dag.py:3096} INFO - Sync 1 DAGs
[2026-06-11T22:40:19.531+0000] {logging_mixin.py:188} INFO - [2026-06-11T22:40:19.531+0000] {dag.py:3954} INFO - Setting next_dagrun for example_params_trigger_ui to None, run_after=None
[2026-06-11T22:40:19.551+0000] {processor.py:183} INFO - Processing /home/airflow/.local/lib/python3.12/site-packages/airflow/example_dags/example_params_trigger_ui.py took 0.278 seconds
[2026-06-11T22:40:49.681+0000] {processor.py:161} INFO - Started process (PID=4027) to work on /home/airflow/.local/lib/python3.12/site-packages/airflow/example_dags/example_params_trigger_ui.py
[2026-06-11T22:40:49.682+0000] {processor.py:830} INFO - Processing file /home/airflow/.local/lib/python3.12/site-packages/airflow/example_dags/example_params_trigger_ui.py for tasks to queue
[2026-06-11T22:40:49.683+0000] {logging_mixin.py:188} INFO - [2026-06-11T22:40:49.683+0000] {dagbag.py:545} INFO - Filling up the DagBag from /home/airflow/.local/lib/python3.12/site-packages/airflow/example_dags/example_params_trigger_ui.py
[2026-06-11T22:40:49.694+0000] {processor.py:840} INFO - DAG(s) 'example_params_trigger_ui' retrieved from /home/airflow/.local/lib/python3.12/site-packages/airflow/example_dags/example_params_trigger_ui.py
[2026-06-11T22:40:49.735+0000] {logging_mixin.py:188} INFO - [2026-06-11T22:40:49.735+0000] {dag.py:3096} INFO - Sync 1 DAGs
[2026-06-11T22:40:49.746+0000] {logging_mixin.py:188} INFO - [2026-06-11T22:40:49.746+0000] {dag.py:3954} INFO - Setting next_dagrun for example_params_trigger_ui to None, run_after=None
[2026-06-11T22:40:49.761+0000] {processor.py:183} INFO - Processing /home/airflow/.local/lib/python3.12/site-packages/airflow/example_dags/example_params_trigger_ui.py took 0.085 seconds
[2026-06-11T22:41:20.237+0000] {processor.py:161} INFO - Started process (PID=4088) to work on /home/airflow/.local/lib/python3.12/site-packages/airflow/example_dags/example_params_trigger_ui.py
[2026-06-11T22:41:20.238+0000] {processor.py:830} INFO - Processing file /home/airflow/.local/lib/python3.12/site-packages/airflow/example_dags/example_params_trigger_ui.py for tasks to queue
[2026-06-11T22:41:20.240+0000] {logging_mixin.py:188} INFO - [2026-06-11T22:41:20.239+0000] {dagbag.py:545} INFO - Filling up the DagBag from /home/airflow/.local/lib/python3.12/site-packages/airflow/example_dags/example_params_trigger_ui.py
[2026-06-11T22:41:20.255+0000] {processor.py:840} INFO - DAG(s) 'example_params_trigger_ui' retrieved from /home/airflow/.local/lib/python3.12/site-packages/airflow/example_dags/example_params_trigger_ui.py
[2026-06-11T22:41:20.338+0000] {logging_mixin.py:188} INFO - [2026-06-11T22:41:20.338+0000] {dag.py:3096} INFO - Sync 1 DAGs
[2026-06-11T22:41:20.355+0000] {logging_mixin.py:188} INFO - [2026-06-11T22:41:20.355+0000] {dag.py:3954} INFO - Setting next_dagrun for example_params_trigger_ui to None, run_after=None
[2026-06-11T22:41:20.376+0000] {processor.py:183} INFO - Processing /home/airflow/.local/lib/python3.12/site-packages/airflow/example_dags/example_params_trigger_ui.py took 0.148 seconds
[2026-06-11T22:41:50.764+0000] {processor.py:161} INFO - Started process (PID=4150) to work on /home/airflow/.local/lib/python3.12/site-packages/airflow/example_dags/example_params_trigger_ui.py
[2026-06-11T22:41:50.766+0000] {processor.py:830} INFO - Processing file /home/airflow/.local/lib/python3.12/site-packages/airflow/example_dags/example_params_trigger_ui.py for tasks to queue
[2026-06-11T22:41:50.768+0000] {logging_mixin.py:188} INFO - [2026-06-11T22:41:50.768+0000] {dagbag.py:545} INFO - Filling up the DagBag from /home/airflow/.local/lib/python3.12/site-packages/airflow/example_dags/example_params_trigger_ui.py
[2026-06-11T22:41:50.785+0000] {processor.py:840} INFO - DAG(s) 'example_params_trigger_ui' retrieved from /home/airflow/.local/lib/python3.12/site-packages/airflow/example_dags/example_params_trigger_ui.py
[2026-06-11T22:41:50.851+0000] {logging_mixin.py:188} INFO - [2026-06-11T22:41:50.851+0000] {dag.py:3096} INFO - Sync 1 DAGs
[2026-06-11T22:41:50.869+0000] {logging_mixin.py:188} INFO - [2026-06-11T22:41:50.869+0000] {dag.py:3954} INFO - Setting next_dagrun for example_params_trigger_ui to None, run_after=None
[2026-06-11T22:41:50.891+0000] {processor.py:183} INFO - Processing /home/airflow/.local/lib/python3.12/site-packages/airflow/example_dags/example_params_trigger_ui.py took 0.133 seconds
[2026-06-11T22:42:21.339+0000] {processor.py:161} INFO - Started process (PID=4212) to work on /home/airflow/.local/lib/python3.12/site-packages/airflow/example_dags/example_params_trigger_ui.py
[2026-06-11T22:42:21.340+0000] {processor.py:830} INFO - Processing file /home/airflow/.local/lib/python3.12/site-packages/airflow/example_dags/example_params_trigger_ui.py for tasks to queue
[2026-06-11T22:42:21.342+0000] {logging_mixin.py:188} INFO - [2026-06-11T22:42:21.342+0000] {dagbag.py:545} INFO - Filling up the DagBag from /home/airflow/.local/lib/python3.12/site-packages/airflow/example_dags/example_params_trigger_ui.py
[2026-06-11T22:42:21.359+0000] {processor.py:840} INFO - DAG(s) 'example_params_trigger_ui' retrieved from /home/airflow/.local/lib/python3.12/site-packages/airflow/example_dags/example_params_trigger_ui.py
[2026-06-11T22:42:21.427+0000] {logging_mixin.py:188} INFO - [2026-06-11T22:42:21.426+0000] {dag.py:3096} INFO - Sync 1 DAGs
[2026-06-11T22:42:21.444+0000] {logging_mixin.py:188} INFO - [2026-06-11T22:42:21.443+0000] {dag.py:3954} INFO - Setting next_dagrun for example_params_trigger_ui to None, run_after=None
[2026-06-11T22:42:21.464+0000] {processor.py:183} INFO - Processing /home/airflow/.local/lib/python3.12/site-packages/airflow/example_dags/example_params_trigger_ui.py took 0.131 seconds
[2026-06-11T22:42:51.562+0000] {processor.py:161} INFO - Started process (PID=4274) to work on /home/airflow/.local/lib/python3.12/site-packages/airflow/example_dags/example_params_trigger_ui.py
[2026-06-11T22:42:51.566+0000] {processor.py:830} INFO - Processing file /home/airflow/.local/lib/python3.12/site-packages/airflow/example_dags/example_params_trigger_ui.py for tasks to queue
[2026-06-11T22:42:51.570+0000] {logging_mixin.py:188} INFO - [2026-06-11T22:42:51.569+0000] {dagbag.py:545} INFO - Filling up the DagBag from /home/airflow/.local/lib/python3.12/site-packages/airflow/example_dags/example_params_trigger_ui.py
[2026-06-11T22:42:51.605+0000] {processor.py:840} INFO - DAG(s) 'example_params_trigger_ui' retrieved from /home/airflow/.local/lib/python3.12/site-packages/airflow/example_dags/example_params_trigger_ui.py
[2026-06-11T22:42:51.723+0000] {logging_mixin.py:188} INFO - [2026-06-11T22:42:51.722+0000] {dag.py:3096} INFO - Sync 1 DAGs
[2026-06-11T22:42:51.756+0000] {logging_mixin.py:188} INFO - [2026-06-11T22:42:51.756+0000] {dag.py:3954} INFO - Setting next_dagrun for example_params_trigger_ui to None, run_after=None
[2026-06-11T22:42:51.788+0000] {processor.py:183} INFO - Processing /home/airflow/.local/lib/python3.12/site-packages/airflow/example_dags/example_params_trigger_ui.py took 0.242 seconds
[2026-06-11T22:43:21.844+0000] {processor.py:161} INFO - Started process (PID=4336) to work on /home/airflow/.local/lib/python3.12/site-packages/airflow/example_dags/example_params_trigger_ui.py
[2026-06-11T22:43:21.845+0000] {processor.py:830} INFO - Processing file /home/airflow/.local/lib/python3.12/site-packages/airflow/example_dags/example_params_trigger_ui.py for tasks to queue
[2026-06-11T22:43:21.847+0000] {logging_mixin.py:188} INFO - [2026-06-11T22:43:21.847+0000] {dagbag.py:545} INFO - Filling up the DagBag from /home/airflow/.local/lib/python3.12/site-packages/airflow/example_dags/example_params_trigger_ui.py
[2026-06-11T22:43:21.885+0000] {processor.py:840} INFO - DAG(s) 'example_params_trigger_ui' retrieved from /home/airflow/.local/lib/python3.12/site-packages/airflow/example_dags/example_params_trigger_ui.py
[2026-06-11T22:43:21.963+0000] {logging_mixin.py:188} INFO - [2026-06-11T22:43:21.962+0000] {dag.py:3096} INFO - Sync 1 DAGs
[2026-06-11T22:43:21.980+0000] {logging_mixin.py:188} INFO - [2026-06-11T22:43:21.979+0000] {dag.py:3954} INFO - Setting next_dagrun for example_params_trigger_ui to None, run_after=None
[2026-06-11T22:43:21.999+0000] {processor.py:183} INFO - Processing /home/airflow/.local/lib/python3.12/site-packages/airflow/example_dags/example_params_trigger_ui.py took 0.162 seconds
[2026-06-11T22:43:52.253+0000] {processor.py:161} INFO - Started process (PID=4396) to work on /home/airflow/.local/lib/python3.12/site-packages/airflow/example_dags/example_params_trigger_ui.py
[2026-06-11T22:43:52.258+0000] {processor.py:830} INFO - Processing file /home/airflow/.local/lib/python3.12/site-packages/airflow/example_dags/example_params_trigger_ui.py for tasks to queue
[2026-06-11T22:43:52.262+0000] {logging_mixin.py:188} INFO - [2026-06-11T22:43:52.262+0000] {dagbag.py:545} INFO - Filling up the DagBag from /home/airflow/.local/lib/python3.12/site-packages/airflow/example_dags/example_params_trigger_ui.py
[2026-06-11T22:43:52.303+0000] {processor.py:840} INFO - DAG(s) 'example_params_trigger_ui' retrieved from /home/airflow/.local/lib/python3.12/site-packages/airflow/example_dags/example_params_trigger_ui.py
[2026-06-11T22:43:52.369+0000] {logging_mixin.py:188} INFO - [2026-06-11T22:43:52.369+0000] {dag.py:3096} INFO - Sync 1 DAGs
[2026-06-11T22:43:52.386+0000] {logging_mixin.py:188} INFO - [2026-06-11T22:43:52.386+0000] {dag.py:3954} INFO - Setting next_dagrun for example_params_trigger_ui to None, run_after=None
[2026-06-11T22:43:52.428+0000] {processor.py:183} INFO - Processing /home/airflow/.local/lib/python3.12/site-packages/airflow/example_dags/example_params_trigger_ui.py took 0.189 seconds
[2026-06-11T22:44:23.369+0000] {processor.py:161} INFO - Started process (PID=4458) to work on /home/airflow/.local/lib/python3.12/site-packages/airflow/example_dags/example_params_trigger_ui.py
[2026-06-11T22:44:23.378+0000] {processor.py:830} INFO - Processing file /home/airflow/.local/lib/python3.12/site-packages/airflow/example_dags/example_params_trigger_ui.py for tasks to queue
[2026-06-11T22:44:23.385+0000] {logging_mixin.py:188} INFO - [2026-06-11T22:44:23.385+0000] {dagbag.py:545} INFO - Filling up the DagBag from /home/airflow/.local/lib/python3.12/site-packages/airflow/example_dags/example_params_trigger_ui.py
[2026-06-11T22:44:23.457+0000] {processor.py:840} INFO - DAG(s) 'example_params_trigger_ui' retrieved from /home/airflow/.local/lib/python3.12/site-packages/airflow/example_dags/example_params_trigger_ui.py
[2026-06-11T22:44:23.560+0000] {logging_mixin.py:188} INFO - [2026-06-11T22:44:23.560+0000] {dag.py:3096} INFO - Sync 1 DAGs
[2026-06-11T22:44:23.590+0000] {logging_mixin.py:188} INFO - [2026-06-11T22:44:23.589+0000] {dag.py:3954} INFO - Setting next_dagrun for example_params_trigger_ui to None, run_after=None
[2026-06-11T22:44:23.634+0000] {processor.py:183} INFO - Processing /home/airflow/.local/lib/python3.12/site-packages/airflow/example_dags/example_params_trigger_ui.py took 0.282 seconds
[2026-06-11T22:44:53.825+0000] {processor.py:161} INFO - Started process (PID=4519) to work on /home/airflow/.local/lib/python3.12/site-packages/airflow/example_dags/example_params_trigger_ui.py
[2026-06-11T22:44:53.827+0000] {processor.py:830} INFO - Processing file /home/airflow/.local/lib/python3.12/site-packages/airflow/example_dags/example_params_trigger_ui.py for tasks to queue
[2026-06-11T22:44:53.830+0000] {logging_mixin.py:188} INFO - [2026-06-11T22:44:53.830+0000] {dagbag.py:545} INFO - Filling up the DagBag from /home/airflow/.local/lib/python3.12/site-packages/airflow/example_dags/example_params_trigger_ui.py
[2026-06-11T22:44:53.850+0000] {processor.py:840} INFO - DAG(s) 'example_params_trigger_ui' retrieved from /home/airflow/.local/lib/python3.12/site-packages/airflow/example_dags/example_params_trigger_ui.py
[2026-06-11T22:44:53.917+0000] {logging_mixin.py:188} INFO - [2026-06-11T22:44:53.916+0000] {dag.py:3096} INFO - Sync 1 DAGs
[2026-06-11T22:44:53.933+0000] {logging_mixin.py:188} INFO - [2026-06-11T22:44:53.933+0000] {dag.py:3954} INFO - Setting next_dagrun for example_params_trigger_ui to None, run_after=None
[2026-06-11T22:44:53.954+0000] {processor.py:183} INFO - Processing /home/airflow/.local/lib/python3.12/site-packages/airflow/example_dags/example_params_trigger_ui.py took 0.140 seconds
[2026-06-11T22:45:24.788+0000] {processor.py:161} INFO - Started process (PID=4581) to work on /home/airflow/.local/lib/python3.12/site-packages/airflow/example_dags/example_params_trigger_ui.py
[2026-06-11T22:45:24.789+0000] {processor.py:830} INFO - Processing file /home/airflow/.local/lib/python3.12/site-packages/airflow/example_dags/example_params_trigger_ui.py for tasks to queue
[2026-06-11T22:45:24.791+0000] {logging_mixin.py:188} INFO - [2026-06-11T22:45:24.790+0000] {dagbag.py:545} INFO - Filling up the DagBag from /home/airflow/.local/lib/python3.12/site-packages/airflow/example_dags/example_params_trigger_ui.py
[2026-06-11T22:45:24.818+0000] {processor.py:840} INFO - DAG(s) 'example_params_trigger_ui' retrieved from /home/airflow/.local/lib/python3.12/site-packages/airflow/example_dags/example_params_trigger_ui.py
[2026-06-11T22:45:24.896+0000] {logging_mixin.py:188} INFO - [2026-06-11T22:45:24.896+0000] {dag.py:3096} INFO - Sync 1 DAGs
[2026-06-11T22:45:24.913+0000] {logging_mixin.py:188} INFO - [2026-06-11T22:45:24.913+0000] {dag.py:3954} INFO - Setting next_dagrun for example_params_trigger_ui to None, run_after=None
[2026-06-11T22:45:24.933+0000] {processor.py:183} INFO - Processing /home/airflow/.local/lib/python3.12/site-packages/airflow/example_dags/example_params_trigger_ui.py took 0.151 seconds
[2026-06-11T22:45:55.347+0000] {processor.py:161} INFO - Started process (PID=4642) to work on /home/airflow/.local/lib/python3.12/site-packages/airflow/example_dags/example_params_trigger_ui.py
[2026-06-11T22:45:55.350+0000] {processor.py:830} INFO - Processing file /home/airflow/.local/lib/python3.12/site-packages/airflow/example_dags/example_params_trigger_ui.py for tasks to queue
[2026-06-11T22:45:55.354+0000] {logging_mixin.py:188} INFO - [2026-06-11T22:45:55.354+0000] {dagbag.py:545} INFO - Filling up the DagBag from /home/airflow/.local/lib/python3.12/site-packages/airflow/example_dags/example_params_trigger_ui.py
[2026-06-11T22:45:55.373+0000] {processor.py:840} INFO - DAG(s) 'example_params_trigger_ui' retrieved from /home/airflow/.local/lib/python3.12/site-packages/airflow/example_dags/example_params_trigger_ui.py
[2026-06-11T22:45:55.438+0000] {logging_mixin.py:188} INFO - [2026-06-11T22:45:55.438+0000] {dag.py:3096} INFO - Sync 1 DAGs
[2026-06-11T22:45:55.455+0000] {logging_mixin.py:188} INFO - [2026-06-11T22:45:55.455+0000] {dag.py:3954} INFO - Setting next_dagrun for example_params_trigger_ui to None, run_after=None
[2026-06-11T22:45:55.475+0000] {processor.py:183} INFO - Processing /home/airflow/.local/lib/python3.12/site-packages/airflow/example_dags/example_params_trigger_ui.py took 0.134 seconds
[2026-06-11T22:46:25.574+0000] {processor.py:161} INFO - Started process (PID=4704) to work on /home/airflow/.local/lib/python3.12/site-packages/airflow/example_dags/example_params_trigger_ui.py
[2026-06-11T22:46:25.579+0000] {processor.py:830} INFO - Processing file /home/airflow/.local/lib/python3.12/site-packages/airflow/example_dags/example_params_trigger_ui.py for tasks to queue
[2026-06-11T22:46:25.582+0000] {logging_mixin.py:188} INFO - [2026-06-11T22:46:25.581+0000] {dagbag.py:545} INFO - Filling up the DagBag from /home/airflow/.local/lib/python3.12/site-packages/airflow/example_dags/example_params_trigger_ui.py
[2026-06-11T22:46:25.623+0000] {processor.py:840} INFO - DAG(s) 'example_params_trigger_ui' retrieved from /home/airflow/.local/lib/python3.12/site-packages/airflow/example_dags/example_params_trigger_ui.py
[2026-06-11T22:46:25.769+0000] {logging_mixin.py:188} INFO - [2026-06-11T22:46:25.769+0000] {dag.py:3096} INFO - Sync 1 DAGs
[2026-06-11T22:46:25.807+0000] {logging_mixin.py:188} INFO - [2026-06-11T22:46:25.806+0000] {dag.py:3954} INFO - Setting next_dagrun for example_params_trigger_ui to None, run_after=None
[2026-06-11T22:46:25.851+0000] {processor.py:183} INFO - Processing /home/airflow/.local/lib/python3.12/site-packages/airflow/example_dags/example_params_trigger_ui.py took 0.292 seconds
[2026-06-11T22:46:55.964+0000] {processor.py:161} INFO - Started process (PID=4765) to work on /home/airflow/.local/lib/python3.12/site-packages/airflow/example_dags/example_params_trigger_ui.py
[2026-06-11T22:46:55.966+0000] {processor.py:830} INFO - Processing file /home/airflow/.local/lib/python3.12/site-packages/airflow/example_dags/example_params_trigger_ui.py for tasks to queue
[2026-06-11T22:46:55.968+0000] {logging_mixin.py:188} INFO - [2026-06-11T22:46:55.967+0000] {dagbag.py:545} INFO - Filling up the DagBag from /home/airflow/.local/lib/python3.12/site-packages/airflow/example_dags/example_params_trigger_ui.py
[2026-06-11T22:46:55.984+0000] {processor.py:840} INFO - DAG(s) 'example_params_trigger_ui' retrieved from /home/airflow/.local/lib/python3.12/site-packages/airflow/example_dags/example_params_trigger_ui.py
[2026-06-11T22:46:56.051+0000] {logging_mixin.py:188} INFO - [2026-06-11T22:46:56.051+0000] {dag.py:3096} INFO - Sync 1 DAGs
[2026-06-11T22:46:56.068+0000] {logging_mixin.py:188} INFO - [2026-06-11T22:46:56.068+0000] {dag.py:3954} INFO - Setting next_dagrun for example_params_trigger_ui to None, run_after=None
[2026-06-11T22:46:56.088+0000] {processor.py:183} INFO - Processing /home/airflow/.local/lib/python3.12/site-packages/airflow/example_dags/example_params_trigger_ui.py took 0.131 seconds
[2026-06-11T22:47:26.512+0000] {processor.py:161} INFO - Started process (PID=4827) to work on /home/airflow/.local/lib/python3.12/site-packages/airflow/example_dags/example_params_trigger_ui.py
[2026-06-11T22:47:26.513+0000] {processor.py:830} INFO - Processing file /home/airflow/.local/lib/python3.12/site-packages/airflow/example_dags/example_params_trigger_ui.py for tasks to queue
[2026-06-11T22:47:26.515+0000] {logging_mixin.py:188} INFO - [2026-06-11T22:47:26.515+0000] {dagbag.py:545} INFO - Filling up the DagBag from /home/airflow/.local/lib/python3.12/site-packages/airflow/example_dags/example_params_trigger_ui.py
[2026-06-11T22:47:26.532+0000] {processor.py:840} INFO - DAG(s) 'example_params_trigger_ui' retrieved from /home/airflow/.local/lib/python3.12/site-packages/airflow/example_dags/example_params_trigger_ui.py
[2026-06-11T22:47:26.597+0000] {logging_mixin.py:188} INFO - [2026-06-11T22:47:26.597+0000] {dag.py:3096} INFO - Sync 1 DAGs
[2026-06-11T22:47:26.614+0000] {logging_mixin.py:188} INFO - [2026-06-11T22:47:26.614+0000] {dag.py:3954} INFO - Setting next_dagrun for example_params_trigger_ui to None, run_after=None
[2026-06-11T22:47:26.635+0000] {processor.py:183} INFO - Processing /home/airflow/.local/lib/python3.12/site-packages/airflow/example_dags/example_params_trigger_ui.py took 0.129 seconds
[2026-06-11T22:47:56.964+0000] {processor.py:161} INFO - Started process (PID=4889) to work on /home/airflow/.local/lib/python3.12/site-packages/airflow/example_dags/example_params_trigger_ui.py
[2026-06-11T22:47:56.967+0000] {processor.py:830} INFO - Processing file /home/airflow/.local/lib/python3.12/site-packages/airflow/example_dags/example_params_trigger_ui.py for tasks to queue
[2026-06-11T22:47:56.971+0000] {logging_mixin.py:188} INFO - [2026-06-11T22:47:56.971+0000] {dagbag.py:545} INFO - Filling up the DagBag from /home/airflow/.local/lib/python3.12/site-packages/airflow/example_dags/example_params_trigger_ui.py
[2026-06-11T22:47:56.991+0000] {processor.py:840} INFO - DAG(s) 'example_params_trigger_ui' retrieved from /home/airflow/.local/lib/python3.12/site-packages/airflow/example_dags/example_params_trigger_ui.py
[2026-06-11T22:47:57.056+0000] {logging_mixin.py:188} INFO - [2026-06-11T22:47:57.056+0000] {dag.py:3096} INFO - Sync 1 DAGs
[2026-06-11T22:47:57.073+0000] {logging_mixin.py:188} INFO - [2026-06-11T22:47:57.073+0000] {dag.py:3954} INFO - Setting next_dagrun for example_params_trigger_ui to None, run_after=None
[2026-06-11T22:47:57.094+0000] {processor.py:183} INFO - Processing /home/airflow/.local/lib/python3.12/site-packages/airflow/example_dags/example_params_trigger_ui.py took 0.144 seconds
[2026-06-11T22:48:27.653+0000] {processor.py:161} INFO - Started process (PID=4951) to work on /home/airflow/.local/lib/python3.12/site-packages/airflow/example_dags/example_params_trigger_ui.py
[2026-06-11T22:48:27.654+0000] {processor.py:830} INFO - Processing file /home/airflow/.local/lib/python3.12/site-packages/airflow/example_dags/example_params_trigger_ui.py for tasks to queue
[2026-06-11T22:48:27.656+0000] {logging_mixin.py:188} INFO - [2026-06-11T22:48:27.656+0000] {dagbag.py:545} INFO - Filling up the DagBag from /home/airflow/.local/lib/python3.12/site-packages/airflow/example_dags/example_params_trigger_ui.py
[2026-06-11T22:48:27.674+0000] {processor.py:840} INFO - DAG(s) 'example_params_trigger_ui' retrieved from /home/airflow/.local/lib/python3.12/site-packages/airflow/example_dags/example_params_trigger_ui.py
[2026-06-11T22:48:27.741+0000] {logging_mixin.py:188} INFO - [2026-06-11T22:48:27.741+0000] {dag.py:3096} INFO - Sync 1 DAGs
[2026-06-11T22:48:27.757+0000] {logging_mixin.py:188} INFO - [2026-06-11T22:48:27.757+0000] {dag.py:3954} INFO - Setting next_dagrun for example_params_trigger_ui to None, run_after=None
[2026-06-11T22:48:27.777+0000] {processor.py:183} INFO - Processing /home/airflow/.local/lib/python3.12/site-packages/airflow/example_dags/example_params_trigger_ui.py took 0.130 seconds
[2026-06-11T22:48:58.565+0000] {processor.py:161} INFO - Started process (PID=5012) to work on /home/airflow/.local/lib/python3.12/site-packages/airflow/example_dags/example_params_trigger_ui.py
[2026-06-11T22:48:58.566+0000] {processor.py:830} INFO - Processing file /home/airflow/.local/lib/python3.12/site-packages/airflow/example_dags/example_params_trigger_ui.py for tasks to queue
[2026-06-11T22:48:58.568+0000] {logging_mixin.py:188} INFO - [2026-06-11T22:48:58.568+0000] {dagbag.py:545} INFO - Filling up the DagBag from /home/airflow/.local/lib/python3.12/site-packages/airflow/example_dags/example_params_trigger_ui.py
[2026-06-11T22:48:58.585+0000] {processor.py:840} INFO - DAG(s) 'example_params_trigger_ui' retrieved from /home/airflow/.local/lib/python3.12/site-packages/airflow/example_dags/example_params_trigger_ui.py
[2026-06-11T22:48:58.653+0000] {logging_mixin.py:188} INFO - [2026-06-11T22:48:58.652+0000] {dag.py:3096} INFO - Sync 1 DAGs
[2026-06-11T22:48:58.670+0000] {logging_mixin.py:188} INFO - [2026-06-11T22:48:58.669+0000] {dag.py:3954} INFO - Setting next_dagrun for example_params_trigger_ui to None, run_after=None
[2026-06-11T22:48:58.690+0000] {processor.py:183} INFO - Processing /home/airflow/.local/lib/python3.12/site-packages/airflow/example_dags/example_params_trigger_ui.py took 0.131 seconds
[2026-06-11T22:49:28.984+0000] {processor.py:161} INFO - Started process (PID=5074) to work on /home/airflow/.local/lib/python3.12/site-packages/airflow/example_dags/example_params_trigger_ui.py
[2026-06-11T22:49:28.985+0000] {processor.py:830} INFO - Processing file /home/airflow/.local/lib/python3.12/site-packages/airflow/example_dags/example_params_trigger_ui.py for tasks to queue
[2026-06-11T22:49:28.986+0000] {logging_mixin.py:188} INFO - [2026-06-11T22:49:28.986+0000] {dagbag.py:545} INFO - Filling up the DagBag from /home/airflow/.local/lib/python3.12/site-packages/airflow/example_dags/example_params_trigger_ui.py
[2026-06-11T22:49:29.004+0000] {processor.py:840} INFO - DAG(s) 'example_params_trigger_ui' retrieved from /home/airflow/.local/lib/python3.12/site-packages/airflow/example_dags/example_params_trigger_ui.py
[2026-06-11T22:49:29.070+0000] {logging_mixin.py:188} INFO - [2026-06-11T22:49:29.070+0000] {dag.py:3096} INFO - Sync 1 DAGs
[2026-06-11T22:49:29.087+0000] {logging_mixin.py:188} INFO - [2026-06-11T22:49:29.086+0000] {dag.py:3954} INFO - Setting next_dagrun for example_params_trigger_ui to None, run_after=None
[2026-06-11T22:49:29.108+0000] {processor.py:183} INFO - Processing /home/airflow/.local/lib/python3.12/site-packages/airflow/example_dags/example_params_trigger_ui.py took 0.130 seconds
[2026-06-11T22:49:59.366+0000] {processor.py:161} INFO - Started process (PID=5135) to work on /home/airflow/.local/lib/python3.12/site-packages/airflow/example_dags/example_params_trigger_ui.py
[2026-06-11T22:49:59.367+0000] {processor.py:830} INFO - Processing file /home/airflow/.local/lib/python3.12/site-packages/airflow/example_dags/example_params_trigger_ui.py for tasks to queue
[2026-06-11T22:49:59.369+0000] {logging_mixin.py:188} INFO - [2026-06-11T22:49:59.369+0000] {dagbag.py:545} INFO - Filling up the DagBag from /home/airflow/.local/lib/python3.12/site-packages/airflow/example_dags/example_params_trigger_ui.py
[2026-06-11T22:49:59.385+0000] {processor.py:840} INFO - DAG(s) 'example_params_trigger_ui' retrieved from /home/airflow/.local/lib/python3.12/site-packages/airflow/example_dags/example_params_trigger_ui.py
[2026-06-11T22:49:59.452+0000] {logging_mixin.py:188} INFO - [2026-06-11T22:49:59.451+0000] {dag.py:3096} INFO - Sync 1 DAGs
[2026-06-11T22:49:59.469+0000] {logging_mixin.py:188} INFO - [2026-06-11T22:49:59.469+0000] {dag.py:3954} INFO - Setting next_dagrun for example_params_trigger_ui to None, run_after=None
[2026-06-11T22:49:59.489+0000] {processor.py:183} INFO - Processing /home/airflow/.local/lib/python3.12/site-packages/airflow/example_dags/example_params_trigger_ui.py took 0.129 seconds
[2026-06-11T22:50:29.722+0000] {processor.py:161} INFO - Started process (PID=5197) to work on /home/airflow/.local/lib/python3.12/site-packages/airflow/example_dags/example_params_trigger_ui.py
[2026-06-11T22:50:29.724+0000] {processor.py:830} INFO - Processing file /home/airflow/.local/lib/python3.12/site-packages/airflow/example_dags/example_params_trigger_ui.py for tasks to queue
[2026-06-11T22:50:29.726+0000] {logging_mixin.py:188} INFO - [2026-06-11T22:50:29.726+0000] {dagbag.py:545} INFO - Filling up the DagBag from /home/airflow/.local/lib/python3.12/site-packages/airflow/example_dags/example_params_trigger_ui.py
[2026-06-11T22:50:29.743+0000] {processor.py:840} INFO - DAG(s) 'example_params_trigger_ui' retrieved from /home/airflow/.local/lib/python3.12/site-packages/airflow/example_dags/example_params_trigger_ui.py
[2026-06-11T22:50:29.809+0000] {logging_mixin.py:188} INFO - [2026-06-11T22:50:29.809+0000] {dag.py:3096} INFO - Sync 1 DAGs
[2026-06-11T22:50:29.826+0000] {logging_mixin.py:188} INFO - [2026-06-11T22:50:29.825+0000] {dag.py:3954} INFO - Setting next_dagrun for example_params_trigger_ui to None, run_after=None
[2026-06-11T22:50:29.845+0000] {processor.py:183} INFO - Processing /home/airflow/.local/lib/python3.12/site-packages/airflow/example_dags/example_params_trigger_ui.py took 0.129 seconds
[2026-06-11T22:50:59.894+0000] {processor.py:161} INFO - Started process (PID=5259) to work on /home/airflow/.local/lib/python3.12/site-packages/airflow/example_dags/example_params_trigger_ui.py
[2026-06-11T22:50:59.895+0000] {processor.py:830} INFO - Processing file /home/airflow/.local/lib/python3.12/site-packages/airflow/example_dags/example_params_trigger_ui.py for tasks to queue
[2026-06-11T22:50:59.897+0000] {logging_mixin.py:188} INFO - [2026-06-11T22:50:59.897+0000] {dagbag.py:545} INFO - Filling up the DagBag from /home/airflow/.local/lib/python3.12/site-packages/airflow/example_dags/example_params_trigger_ui.py
[2026-06-11T22:50:59.914+0000] {processor.py:840} INFO - DAG(s) 'example_params_trigger_ui' retrieved from /home/airflow/.local/lib/python3.12/site-packages/airflow/example_dags/example_params_trigger_ui.py
[2026-06-11T22:50:59.983+0000] {logging_mixin.py:188} INFO - [2026-06-11T22:50:59.983+0000] {dag.py:3096} INFO - Sync 1 DAGs
[2026-06-11T22:51:00.001+0000] {logging_mixin.py:188} INFO - [2026-06-11T22:51:00.001+0000] {dag.py:3954} INFO - Setting next_dagrun for example_params_trigger_ui to None, run_after=None
[2026-06-11T22:51:00.024+0000] {processor.py:183} INFO - Processing /home/airflow/.local/lib/python3.12/site-packages/airflow/example_dags/example_params_trigger_ui.py took 0.137 seconds
[2026-06-11T22:51:30.707+0000] {processor.py:161} INFO - Started process (PID=5320) to work on /home/airflow/.local/lib/python3.12/site-packages/airflow/example_dags/example_params_trigger_ui.py
[2026-06-11T22:51:30.707+0000] {processor.py:830} INFO - Processing file /home/airflow/.local/lib/python3.12/site-packages/airflow/example_dags/example_params_trigger_ui.py for tasks to queue
[2026-06-11T22:51:30.709+0000] {logging_mixin.py:188} INFO - [2026-06-11T22:51:30.709+0000] {dagbag.py:545} INFO - Filling up the DagBag from /home/airflow/.local/lib/python3.12/site-packages/airflow/example_dags/example_params_trigger_ui.py
[2026-06-11T22:51:30.726+0000] {processor.py:840} INFO - DAG(s) 'example_params_trigger_ui' retrieved from /home/airflow/.local/lib/python3.12/site-packages/airflow/example_dags/example_params_trigger_ui.py
[2026-06-11T22:51:30.812+0000] {logging_mixin.py:188} INFO - [2026-06-11T22:51:30.812+0000] {dag.py:3096} INFO - Sync 1 DAGs
[2026-06-11T22:51:30.835+0000] {logging_mixin.py:188} INFO - [2026-06-11T22:51:30.835+0000] {dag.py:3954} INFO - Setting next_dagrun for example_params_trigger_ui to None, run_after=None
[2026-06-11T22:51:30.858+0000] {processor.py:183} INFO - Processing /home/airflow/.local/lib/python3.12/site-packages/airflow/example_dags/example_params_trigger_ui.py took 0.158 seconds
[2026-06-11T22:52:00.958+0000] {processor.py:161} INFO - Started process (PID=5381) to work on /home/airflow/.local/lib/python3.12/site-packages/airflow/example_dags/example_params_trigger_ui.py
[2026-06-11T22:52:00.959+0000] {processor.py:830} INFO - Processing file /home/airflow/.local/lib/python3.12/site-packages/airflow/example_dags/example_params_trigger_ui.py for tasks to queue
[2026-06-11T22:52:00.960+0000] {logging_mixin.py:188} INFO - [2026-06-11T22:52:00.960+0000] {dagbag.py:545} INFO - Filling up the DagBag from /home/airflow/.local/lib/python3.12/site-packages/airflow/example_dags/example_params_trigger_ui.py
[2026-06-11T22:52:00.973+0000] {processor.py:840} INFO - DAG(s) 'example_params_trigger_ui' retrieved from /home/airflow/.local/lib/python3.12/site-packages/airflow/example_dags/example_params_trigger_ui.py
[2026-06-11T22:52:01.133+0000] {logging_mixin.py:188} INFO - [2026-06-11T22:52:01.132+0000] {dag.py:3096} INFO - Sync 1 DAGs
[2026-06-11T22:52:01.171+0000] {logging_mixin.py:188} INFO - [2026-06-11T22:52:01.170+0000] {dag.py:3954} INFO - Setting next_dagrun for example_params_trigger_ui to None, run_after=None
[2026-06-11T22:52:01.188+0000] {processor.py:183} INFO - Processing /home/airflow/.local/lib/python3.12/site-packages/airflow/example_dags/example_params_trigger_ui.py took 0.235 seconds
[2026-06-11T22:52:31.998+0000] {processor.py:161} INFO - Started process (PID=5443) to work on /home/airflow/.local/lib/python3.12/site-packages/airflow/example_dags/example_params_trigger_ui.py
[2026-06-11T22:52:31.998+0000] {processor.py:830} INFO - Processing file /home/airflow/.local/lib/python3.12/site-packages/airflow/example_dags/example_params_trigger_ui.py for tasks to queue
[2026-06-11T22:52:32.000+0000] {logging_mixin.py:188} INFO - [2026-06-11T22:52:32.000+0000] {dagbag.py:545} INFO - Filling up the DagBag from /home/airflow/.local/lib/python3.12/site-packages/airflow/example_dags/example_params_trigger_ui.py
[2026-06-11T22:52:32.017+0000] {processor.py:840} INFO - DAG(s) 'example_params_trigger_ui' retrieved from /home/airflow/.local/lib/python3.12/site-packages/airflow/example_dags/example_params_trigger_ui.py
[2026-06-11T22:52:32.084+0000] {logging_mixin.py:188} INFO - [2026-06-11T22:52:32.084+0000] {dag.py:3096} INFO - Sync 1 DAGs
[2026-06-11T22:52:32.104+0000] {logging_mixin.py:188} INFO - [2026-06-11T22:52:32.104+0000] {dag.py:3954} INFO - Setting next_dagrun for example_params_trigger_ui to None, run_after=None
[2026-06-11T22:52:32.124+0000] {processor.py:183} INFO - Processing /home/airflow/.local/lib/python3.12/site-packages/airflow/example_dags/example_params_trigger_ui.py took 0.133 seconds
[2026-06-11T22:53:02.280+0000] {processor.py:161} INFO - Started process (PID=5505) to work on /home/airflow/.local/lib/python3.12/site-packages/airflow/example_dags/example_params_trigger_ui.py
[2026-06-11T22:53:02.281+0000] {processor.py:830} INFO - Processing file /home/airflow/.local/lib/python3.12/site-packages/airflow/example_dags/example_params_trigger_ui.py for tasks to queue
[2026-06-11T22:53:02.284+0000] {logging_mixin.py:188} INFO - [2026-06-11T22:53:02.283+0000] {dagbag.py:545} INFO - Filling up the DagBag from /home/airflow/.local/lib/python3.12/site-packages/airflow/example_dags/example_params_trigger_ui.py
[2026-06-11T22:53:02.300+0000] {processor.py:840} INFO - DAG(s) 'example_params_trigger_ui' retrieved from /home/airflow/.local/lib/python3.12/site-packages/airflow/example_dags/example_params_trigger_ui.py
[2026-06-11T22:53:02.477+0000] {logging_mixin.py:188} INFO - [2026-06-11T22:53:02.476+0000] {dag.py:3096} INFO - Sync 1 DAGs
[2026-06-11T22:53:02.512+0000] {logging_mixin.py:188} INFO - [2026-06-11T22:53:02.512+0000] {dag.py:3954} INFO - Setting next_dagrun for example_params_trigger_ui to None, run_after=None
[2026-06-11T22:53:02.564+0000] {processor.py:183} INFO - Processing /home/airflow/.local/lib/python3.12/site-packages/airflow/example_dags/example_params_trigger_ui.py took 0.299 seconds
[2026-06-11T22:53:32.978+0000] {processor.py:161} INFO - Started process (PID=5567) to work on /home/airflow/.local/lib/python3.12/site-packages/airflow/example_dags/example_params_trigger_ui.py
[2026-06-11T22:53:32.980+0000] {processor.py:830} INFO - Processing file /home/airflow/.local/lib/python3.12/site-packages/airflow/example_dags/example_params_trigger_ui.py for tasks to queue
[2026-06-11T22:53:32.982+0000] {logging_mixin.py:188} INFO - [2026-06-11T22:53:32.982+0000] {dagbag.py:545} INFO - Filling up the DagBag from /home/airflow/.local/lib/python3.12/site-packages/airflow/example_dags/example_params_trigger_ui.py
[2026-06-11T22:53:32.999+0000] {processor.py:840} INFO - DAG(s) 'example_params_trigger_ui' retrieved from /home/airflow/.local/lib/python3.12/site-packages/airflow/example_dags/example_params_trigger_ui.py
[2026-06-11T22:53:33.135+0000] {logging_mixin.py:188} INFO - [2026-06-11T22:53:33.135+0000] {dag.py:3096} INFO - Sync 1 DAGs
[2026-06-11T22:53:33.154+0000] {logging_mixin.py:188} INFO - [2026-06-11T22:53:33.153+0000] {dag.py:3954} INFO - Setting next_dagrun for example_params_trigger_ui to None, run_after=None
[2026-06-11T22:53:33.173+0000] {processor.py:183} INFO - Processing /home/airflow/.local/lib/python3.12/site-packages/airflow/example_dags/example_params_trigger_ui.py took 0.201 seconds
[2026-06-11T22:54:03.282+0000] {processor.py:161} INFO - Started process (PID=5629) to work on /home/airflow/.local/lib/python3.12/site-packages/airflow/example_dags/example_params_trigger_ui.py
[2026-06-11T22:54:03.285+0000] {processor.py:830} INFO - Processing file /home/airflow/.local/lib/python3.12/site-packages/airflow/example_dags/example_params_trigger_ui.py for tasks to queue
[2026-06-11T22:54:03.287+0000] {logging_mixin.py:188} INFO - [2026-06-11T22:54:03.286+0000] {dagbag.py:545} INFO - Filling up the DagBag from /home/airflow/.local/lib/python3.12/site-packages/airflow/example_dags/example_params_trigger_ui.py
[2026-06-11T22:54:03.304+0000] {processor.py:840} INFO - DAG(s) 'example_params_trigger_ui' retrieved from /home/airflow/.local/lib/python3.12/site-packages/airflow/example_dags/example_params_trigger_ui.py
[2026-06-11T22:54:03.373+0000] {logging_mixin.py:188} INFO - [2026-06-11T22:54:03.373+0000] {dag.py:3096} INFO - Sync 1 DAGs
[2026-06-11T22:54:03.390+0000] {logging_mixin.py:188} INFO - [2026-06-11T22:54:03.389+0000] {dag.py:3954} INFO - Setting next_dagrun for example_params_trigger_ui to None, run_after=None
[2026-06-11T22:54:03.414+0000] {processor.py:183} INFO - Processing /home/airflow/.local/lib/python3.12/site-packages/airflow/example_dags/example_params_trigger_ui.py took 0.138 seconds
[2026-06-11T22:54:33.606+0000] {processor.py:161} INFO - Started process (PID=5692) to work on /home/airflow/.local/lib/python3.12/site-packages/airflow/example_dags/example_params_trigger_ui.py
[2026-06-11T22:54:33.607+0000] {processor.py:830} INFO - Processing file /home/airflow/.local/lib/python3.12/site-packages/airflow/example_dags/example_params_trigger_ui.py for tasks to queue
[2026-06-11T22:54:33.608+0000] {logging_mixin.py:188} INFO - [2026-06-11T22:54:33.608+0000] {dagbag.py:545} INFO - Filling up the DagBag from /home/airflow/.local/lib/python3.12/site-packages/airflow/example_dags/example_params_trigger_ui.py
[2026-06-11T22:54:33.625+0000] {processor.py:840} INFO - DAG(s) 'example_params_trigger_ui' retrieved from /home/airflow/.local/lib/python3.12/site-packages/airflow/example_dags/example_params_trigger_ui.py
[2026-06-11T22:54:33.706+0000] {logging_mixin.py:188} INFO - [2026-06-11T22:54:33.706+0000] {dag.py:3096} INFO - Sync 1 DAGs
[2026-06-11T22:54:33.726+0000] {logging_mixin.py:188} INFO - [2026-06-11T22:54:33.725+0000] {dag.py:3954} INFO - Setting next_dagrun for example_params_trigger_ui to None, run_after=None
[2026-06-11T22:54:33.747+0000] {processor.py:183} INFO - Processing /home/airflow/.local/lib/python3.12/site-packages/airflow/example_dags/example_params_trigger_ui.py took 0.149 seconds
[2026-06-11T22:55:03.921+0000] {processor.py:161} INFO - Started process (PID=5754) to work on /home/airflow/.local/lib/python3.12/site-packages/airflow/example_dags/example_params_trigger_ui.py
[2026-06-11T22:55:03.922+0000] {processor.py:830} INFO - Processing file /home/airflow/.local/lib/python3.12/site-packages/airflow/example_dags/example_params_trigger_ui.py for tasks to queue
[2026-06-11T22:55:03.925+0000] {logging_mixin.py:188} INFO - [2026-06-11T22:55:03.924+0000] {dagbag.py:545} INFO - Filling up the DagBag from /home/airflow/.local/lib/python3.12/site-packages/airflow/example_dags/example_params_trigger_ui.py
[2026-06-11T22:55:03.941+0000] {processor.py:840} INFO - DAG(s) 'example_params_trigger_ui' retrieved from /home/airflow/.local/lib/python3.12/site-packages/airflow/example_dags/example_params_trigger_ui.py
[2026-06-11T22:55:04.008+0000] {logging_mixin.py:188} INFO - [2026-06-11T22:55:04.008+0000] {dag.py:3096} INFO - Sync 1 DAGs
[2026-06-11T22:55:04.025+0000] {logging_mixin.py:188} INFO - [2026-06-11T22:55:04.025+0000] {dag.py:3954} INFO - Setting next_dagrun for example_params_trigger_ui to None, run_after=None
[2026-06-11T22:55:04.066+0000] {processor.py:183} INFO - Processing /home/airflow/.local/lib/python3.12/site-packages/airflow/example_dags/example_params_trigger_ui.py took 0.151 seconds
[2026-06-11T22:55:34.213+0000] {processor.py:161} INFO - Started process (PID=5816) to work on /home/airflow/.local/lib/python3.12/site-packages/airflow/example_dags/example_params_trigger_ui.py
[2026-06-11T22:55:34.214+0000] {processor.py:830} INFO - Processing file /home/airflow/.local/lib/python3.12/site-packages/airflow/example_dags/example_params_trigger_ui.py for tasks to queue
[2026-06-11T22:55:34.216+0000] {logging_mixin.py:188} INFO - [2026-06-11T22:55:34.215+0000] {dagbag.py:545} INFO - Filling up the DagBag from /home/airflow/.local/lib/python3.12/site-packages/airflow/example_dags/example_params_trigger_ui.py
[2026-06-11T22:55:34.232+0000] {processor.py:840} INFO - DAG(s) 'example_params_trigger_ui' retrieved from /home/airflow/.local/lib/python3.12/site-packages/airflow/example_dags/example_params_trigger_ui.py
[2026-06-11T22:55:34.297+0000] {logging_mixin.py:188} INFO - [2026-06-11T22:55:34.297+0000] {dag.py:3096} INFO - Sync 1 DAGs
[2026-06-11T22:55:34.313+0000] {logging_mixin.py:188} INFO - [2026-06-11T22:55:34.313+0000] {dag.py:3954} INFO - Setting next_dagrun for example_params_trigger_ui to None, run_after=None
[2026-06-11T22:55:34.334+0000] {processor.py:183} INFO - Processing /home/airflow/.local/lib/python3.12/site-packages/airflow/example_dags/example_params_trigger_ui.py took 0.128 seconds
[2026-06-11T22:56:04.405+0000] {processor.py:161} INFO - Started process (PID=5878) to work on /home/airflow/.local/lib/python3.12/site-packages/airflow/example_dags/example_params_trigger_ui.py
[2026-06-11T22:56:04.406+0000] {processor.py:830} INFO - Processing file /home/airflow/.local/lib/python3.12/site-packages/airflow/example_dags/example_params_trigger_ui.py for tasks to queue
[2026-06-11T22:56:04.408+0000] {logging_mixin.py:188} INFO - [2026-06-11T22:56:04.408+0000] {dagbag.py:545} INFO - Filling up the DagBag from /home/airflow/.local/lib/python3.12/site-packages/airflow/example_dags/example_params_trigger_ui.py
[2026-06-11T22:56:04.424+0000] {processor.py:840} INFO - DAG(s) 'example_params_trigger_ui' retrieved from /home/airflow/.local/lib/python3.12/site-packages/airflow/example_dags/example_params_trigger_ui.py
[2026-06-11T22:56:04.499+0000] {logging_mixin.py:188} INFO - [2026-06-11T22:56:04.499+0000] {dag.py:3096} INFO - Sync 1 DAGs
[2026-06-11T22:56:04.515+0000] {logging_mixin.py:188} INFO - [2026-06-11T22:56:04.515+0000] {dag.py:3954} INFO - Setting next_dagrun for example_params_trigger_ui to None, run_after=None
[2026-06-11T22:56:04.535+0000] {processor.py:183} INFO - Processing /home/airflow/.local/lib/python3.12/site-packages/airflow/example_dags/example_params_trigger_ui.py took 0.136 seconds
[2026-06-11T22:56:35.144+0000] {processor.py:161} INFO - Started process (PID=5940) to work on /home/airflow/.local/lib/python3.12/site-packages/airflow/example_dags/example_params_trigger_ui.py
[2026-06-11T22:56:35.146+0000] {processor.py:830} INFO - Processing file /home/airflow/.local/lib/python3.12/site-packages/airflow/example_dags/example_params_trigger_ui.py for tasks to queue
[2026-06-11T22:56:35.149+0000] {logging_mixin.py:188} INFO - [2026-06-11T22:56:35.148+0000] {dagbag.py:545} INFO - Filling up the DagBag from /home/airflow/.local/lib/python3.12/site-packages/airflow/example_dags/example_params_trigger_ui.py
[2026-06-11T22:56:35.168+0000] {processor.py:840} INFO - DAG(s) 'example_params_trigger_ui' retrieved from /home/airflow/.local/lib/python3.12/site-packages/airflow/example_dags/example_params_trigger_ui.py
[2026-06-11T22:56:35.234+0000] {logging_mixin.py:188} INFO - [2026-06-11T22:56:35.234+0000] {dag.py:3096} INFO - Sync 1 DAGs
[2026-06-11T22:56:35.251+0000] {logging_mixin.py:188} INFO - [2026-06-11T22:56:35.250+0000] {dag.py:3954} INFO - Setting next_dagrun for example_params_trigger_ui to None, run_after=None
[2026-06-11T22:56:35.271+0000] {processor.py:183} INFO - Processing /home/airflow/.local/lib/python3.12/site-packages/airflow/example_dags/example_params_trigger_ui.py took 0.134 seconds
