[2026-06-11T22:08:01.904+0000] {processor.py:161} INFO - Started process (PID=101) to work on /home/airflow/.local/lib/python3.12/site-packages/airflow/example_dags/tutorial.py
[2026-06-11T22:08:01.905+0000] {processor.py:830} INFO - Processing file /home/airflow/.local/lib/python3.12/site-packages/airflow/example_dags/tutorial.py for tasks to queue
[2026-06-11T22:08:01.906+0000] {logging_mixin.py:188} INFO - [2026-06-11T22:08:01.906+0000] {dagbag.py:545} INFO - Filling up the DagBag from /home/airflow/.local/lib/python3.12/site-packages/airflow/example_dags/tutorial.py
[2026-06-11T22:08:01.919+0000] {processor.py:840} INFO - DAG(s) 'tutorial' retrieved from /home/airflow/.local/lib/python3.12/site-packages/airflow/example_dags/tutorial.py
[2026-06-11T22:08:02.036+0000] {logging_mixin.py:188} INFO - [2026-06-11T22:08:02.035+0000] {dag.py:3096} INFO - Sync 1 DAGs
[2026-06-11T22:08:02.079+0000] {logging_mixin.py:188} INFO - [2026-06-11T22:08:02.079+0000] {dag.py:3954} INFO - Setting next_dagrun for tutorial to 2026-06-10 00:00:00+00:00, run_after=2026-06-11 00:00:00+00:00
[2026-06-11T22:08:02.133+0000] {processor.py:183} INFO - Processing /home/airflow/.local/lib/python3.12/site-packages/airflow/example_dags/tutorial.py took 0.235 seconds
[2026-06-11T22:08:32.331+0000] {processor.py:161} INFO - Started process (PID=160) to work on /home/airflow/.local/lib/python3.12/site-packages/airflow/example_dags/tutorial.py
[2026-06-11T22:08:32.332+0000] {processor.py:830} INFO - Processing file /home/airflow/.local/lib/python3.12/site-packages/airflow/example_dags/tutorial.py for tasks to queue
[2026-06-11T22:08:32.334+0000] {logging_mixin.py:188} INFO - [2026-06-11T22:08:32.333+0000] {dagbag.py:545} INFO - Filling up the DagBag from /home/airflow/.local/lib/python3.12/site-packages/airflow/example_dags/tutorial.py
[2026-06-11T22:08:32.338+0000] {processor.py:840} INFO - DAG(s) 'tutorial' retrieved from /home/airflow/.local/lib/python3.12/site-packages/airflow/example_dags/tutorial.py
[2026-06-11T22:08:32.354+0000] {logging_mixin.py:188} INFO - [2026-06-11T22:08:32.354+0000] {dag.py:3096} INFO - Sync 1 DAGs
[2026-06-11T22:08:32.373+0000] {logging_mixin.py:188} INFO - [2026-06-11T22:08:32.373+0000] {dag.py:3954} INFO - Setting next_dagrun for tutorial to 2026-06-10 00:00:00+00:00, run_after=2026-06-11 00:00:00+00:00
[2026-06-11T22:08:32.387+0000] {processor.py:183} INFO - Processing /home/airflow/.local/lib/python3.12/site-packages/airflow/example_dags/tutorial.py took 0.064 seconds
[2026-06-11T22:09:02.672+0000] {processor.py:161} INFO - Started process (PID=221) to work on /home/airflow/.local/lib/python3.12/site-packages/airflow/example_dags/tutorial.py
[2026-06-11T22:09:02.673+0000] {processor.py:830} INFO - Processing file /home/airflow/.local/lib/python3.12/site-packages/airflow/example_dags/tutorial.py for tasks to queue
[2026-06-11T22:09:02.675+0000] {logging_mixin.py:188} INFO - [2026-06-11T22:09:02.675+0000] {dagbag.py:545} INFO - Filling up the DagBag from /home/airflow/.local/lib/python3.12/site-packages/airflow/example_dags/tutorial.py
[2026-06-11T22:09:02.681+0000] {processor.py:840} INFO - DAG(s) 'tutorial' retrieved from /home/airflow/.local/lib/python3.12/site-packages/airflow/example_dags/tutorial.py
[2026-06-11T22:09:02.704+0000] {logging_mixin.py:188} INFO - [2026-06-11T22:09:02.704+0000] {dag.py:3096} INFO - Sync 1 DAGs
[2026-06-11T22:09:02.732+0000] {logging_mixin.py:188} INFO - [2026-06-11T22:09:02.732+0000] {dag.py:3954} INFO - Setting next_dagrun for tutorial to 2026-06-10 00:00:00+00:00, run_after=2026-06-11 00:00:00+00:00
[2026-06-11T22:09:02.752+0000] {processor.py:183} INFO - Processing /home/airflow/.local/lib/python3.12/site-packages/airflow/example_dags/tutorial.py took 0.087 seconds
[2026-06-11T22:09:33.447+0000] {processor.py:161} INFO - Started process (PID=282) to work on /home/airflow/.local/lib/python3.12/site-packages/airflow/example_dags/tutorial.py
[2026-06-11T22:09:33.447+0000] {processor.py:830} INFO - Processing file /home/airflow/.local/lib/python3.12/site-packages/airflow/example_dags/tutorial.py for tasks to queue
[2026-06-11T22:09:33.449+0000] {logging_mixin.py:188} INFO - [2026-06-11T22:09:33.449+0000] {dagbag.py:545} INFO - Filling up the DagBag from /home/airflow/.local/lib/python3.12/site-packages/airflow/example_dags/tutorial.py
[2026-06-11T22:09:33.454+0000] {processor.py:840} INFO - DAG(s) 'tutorial' retrieved from /home/airflow/.local/lib/python3.12/site-packages/airflow/example_dags/tutorial.py
[2026-06-11T22:09:33.470+0000] {logging_mixin.py:188} INFO - [2026-06-11T22:09:33.470+0000] {dag.py:3096} INFO - Sync 1 DAGs
[2026-06-11T22:09:33.489+0000] {logging_mixin.py:188} INFO - [2026-06-11T22:09:33.489+0000] {dag.py:3954} INFO - Setting next_dagrun for tutorial to 2026-06-10 00:00:00+00:00, run_after=2026-06-11 00:00:00+00:00
[2026-06-11T22:09:33.504+0000] {processor.py:183} INFO - Processing /home/airflow/.local/lib/python3.12/site-packages/airflow/example_dags/tutorial.py took 0.062 seconds
[2026-06-11T22:10:05.810+0000] {processor.py:161} INFO - Started process (PID=349) to work on /home/airflow/.local/lib/python3.12/site-packages/airflow/example_dags/tutorial.py
[2026-06-11T22:10:05.818+0000] {processor.py:830} INFO - Processing file /home/airflow/.local/lib/python3.12/site-packages/airflow/example_dags/tutorial.py for tasks to queue
[2026-06-11T22:10:05.827+0000] {logging_mixin.py:188} INFO - [2026-06-11T22:10:05.824+0000] {dagbag.py:545} INFO - Filling up the DagBag from /home/airflow/.local/lib/python3.12/site-packages/airflow/example_dags/tutorial.py
[2026-06-11T22:10:05.848+0000] {processor.py:840} INFO - DAG(s) 'tutorial' retrieved from /home/airflow/.local/lib/python3.12/site-packages/airflow/example_dags/tutorial.py
[2026-06-11T22:10:05.938+0000] {logging_mixin.py:188} INFO - [2026-06-11T22:10:05.938+0000] {dag.py:3096} INFO - Sync 1 DAGs
[2026-06-11T22:10:06.040+0000] {logging_mixin.py:188} INFO - [2026-06-11T22:10:06.040+0000] {dag.py:3954} INFO - Setting next_dagrun for tutorial to 2026-06-10 00:00:00+00:00, run_after=2026-06-11 00:00:00+00:00
[2026-06-11T22:10:06.127+0000] {processor.py:183} INFO - Processing /home/airflow/.local/lib/python3.12/site-packages/airflow/example_dags/tutorial.py took 0.342 seconds
[2026-06-11T22:10:36.851+0000] {processor.py:161} INFO - Started process (PID=410) to work on /home/airflow/.local/lib/python3.12/site-packages/airflow/example_dags/tutorial.py
[2026-06-11T22:10:36.852+0000] {processor.py:830} INFO - Processing file /home/airflow/.local/lib/python3.12/site-packages/airflow/example_dags/tutorial.py for tasks to queue
[2026-06-11T22:10:36.854+0000] {logging_mixin.py:188} INFO - [2026-06-11T22:10:36.853+0000] {dagbag.py:545} INFO - Filling up the DagBag from /home/airflow/.local/lib/python3.12/site-packages/airflow/example_dags/tutorial.py
[2026-06-11T22:10:36.858+0000] {processor.py:840} INFO - DAG(s) 'tutorial' retrieved from /home/airflow/.local/lib/python3.12/site-packages/airflow/example_dags/tutorial.py
[2026-06-11T22:10:36.875+0000] {logging_mixin.py:188} INFO - [2026-06-11T22:10:36.875+0000] {dag.py:3096} INFO - Sync 1 DAGs
[2026-06-11T22:10:36.895+0000] {logging_mixin.py:188} INFO - [2026-06-11T22:10:36.894+0000] {dag.py:3954} INFO - Setting next_dagrun for tutorial to 2026-06-10 00:00:00+00:00, run_after=2026-06-11 00:00:00+00:00
[2026-06-11T22:10:36.910+0000] {processor.py:183} INFO - Processing /home/airflow/.local/lib/python3.12/site-packages/airflow/example_dags/tutorial.py took 0.063 seconds
[2026-06-11T22:11:07.292+0000] {processor.py:161} INFO - Started process (PID=471) to work on /home/airflow/.local/lib/python3.12/site-packages/airflow/example_dags/tutorial.py
[2026-06-11T22:11:07.293+0000] {processor.py:830} INFO - Processing file /home/airflow/.local/lib/python3.12/site-packages/airflow/example_dags/tutorial.py for tasks to queue
[2026-06-11T22:11:07.295+0000] {logging_mixin.py:188} INFO - [2026-06-11T22:11:07.294+0000] {dagbag.py:545} INFO - Filling up the DagBag from /home/airflow/.local/lib/python3.12/site-packages/airflow/example_dags/tutorial.py
[2026-06-11T22:11:07.301+0000] {processor.py:840} INFO - DAG(s) 'tutorial' retrieved from /home/airflow/.local/lib/python3.12/site-packages/airflow/example_dags/tutorial.py
[2026-06-11T22:11:07.343+0000] {logging_mixin.py:188} INFO - [2026-06-11T22:11:07.343+0000] {dag.py:3096} INFO - Sync 1 DAGs
[2026-06-11T22:11:07.392+0000] {logging_mixin.py:188} INFO - [2026-06-11T22:11:07.391+0000] {dag.py:3954} INFO - Setting next_dagrun for tutorial to 2026-06-10 00:00:00+00:00, run_after=2026-06-11 00:00:00+00:00
[2026-06-11T22:11:07.412+0000] {processor.py:183} INFO - Processing /home/airflow/.local/lib/python3.12/site-packages/airflow/example_dags/tutorial.py took 0.128 seconds
[2026-06-11T22:11:37.459+0000] {processor.py:161} INFO - Started process (PID=532) to work on /home/airflow/.local/lib/python3.12/site-packages/airflow/example_dags/tutorial.py
[2026-06-11T22:11:37.460+0000] {processor.py:830} INFO - Processing file /home/airflow/.local/lib/python3.12/site-packages/airflow/example_dags/tutorial.py for tasks to queue
[2026-06-11T22:11:37.461+0000] {logging_mixin.py:188} INFO - [2026-06-11T22:11:37.461+0000] {dagbag.py:545} INFO - Filling up the DagBag from /home/airflow/.local/lib/python3.12/site-packages/airflow/example_dags/tutorial.py
[2026-06-11T22:11:37.466+0000] {processor.py:840} INFO - DAG(s) 'tutorial' retrieved from /home/airflow/.local/lib/python3.12/site-packages/airflow/example_dags/tutorial.py
[2026-06-11T22:11:37.483+0000] {logging_mixin.py:188} INFO - [2026-06-11T22:11:37.482+0000] {dag.py:3096} INFO - Sync 1 DAGs
[2026-06-11T22:11:37.501+0000] {logging_mixin.py:188} INFO - [2026-06-11T22:11:37.501+0000] {dag.py:3954} INFO - Setting next_dagrun for tutorial to 2026-06-10 00:00:00+00:00, run_after=2026-06-11 00:00:00+00:00
[2026-06-11T22:11:37.516+0000] {processor.py:183} INFO - Processing /home/airflow/.local/lib/python3.12/site-packages/airflow/example_dags/tutorial.py took 0.062 seconds
[2026-06-11T22:12:08.207+0000] {processor.py:161} INFO - Started process (PID=593) to work on /home/airflow/.local/lib/python3.12/site-packages/airflow/example_dags/tutorial.py
[2026-06-11T22:12:08.211+0000] {processor.py:830} INFO - Processing file /home/airflow/.local/lib/python3.12/site-packages/airflow/example_dags/tutorial.py for tasks to queue
[2026-06-11T22:12:08.213+0000] {logging_mixin.py:188} INFO - [2026-06-11T22:12:08.213+0000] {dagbag.py:545} INFO - Filling up the DagBag from /home/airflow/.local/lib/python3.12/site-packages/airflow/example_dags/tutorial.py
[2026-06-11T22:12:08.226+0000] {processor.py:840} INFO - DAG(s) 'tutorial' retrieved from /home/airflow/.local/lib/python3.12/site-packages/airflow/example_dags/tutorial.py
[2026-06-11T22:12:08.285+0000] {logging_mixin.py:188} INFO - [2026-06-11T22:12:08.285+0000] {dag.py:3096} INFO - Sync 1 DAGs
[2026-06-11T22:12:08.338+0000] {logging_mixin.py:188} INFO - [2026-06-11T22:12:08.337+0000] {dag.py:3954} INFO - Setting next_dagrun for tutorial to 2026-06-10 00:00:00+00:00, run_after=2026-06-11 00:00:00+00:00
[2026-06-11T22:12:08.382+0000] {processor.py:183} INFO - Processing /home/airflow/.local/lib/python3.12/site-packages/airflow/example_dags/tutorial.py took 0.197 seconds
[2026-06-11T22:12:38.936+0000] {processor.py:161} INFO - Started process (PID=654) to work on /home/airflow/.local/lib/python3.12/site-packages/airflow/example_dags/tutorial.py
[2026-06-11T22:12:38.939+0000] {processor.py:830} INFO - Processing file /home/airflow/.local/lib/python3.12/site-packages/airflow/example_dags/tutorial.py for tasks to queue
[2026-06-11T22:12:38.941+0000] {logging_mixin.py:188} INFO - [2026-06-11T22:12:38.941+0000] {dagbag.py:545} INFO - Filling up the DagBag from /home/airflow/.local/lib/python3.12/site-packages/airflow/example_dags/tutorial.py
[2026-06-11T22:12:38.948+0000] {processor.py:840} INFO - DAG(s) 'tutorial' retrieved from /home/airflow/.local/lib/python3.12/site-packages/airflow/example_dags/tutorial.py
[2026-06-11T22:12:38.966+0000] {logging_mixin.py:188} INFO - [2026-06-11T22:12:38.966+0000] {dag.py:3096} INFO - Sync 1 DAGs
[2026-06-11T22:12:39.024+0000] {logging_mixin.py:188} INFO - [2026-06-11T22:12:39.023+0000] {dag.py:3954} INFO - Setting next_dagrun for tutorial to 2026-06-10 00:00:00+00:00, run_after=2026-06-11 00:00:00+00:00
[2026-06-11T22:12:39.057+0000] {processor.py:183} INFO - Processing /home/airflow/.local/lib/python3.12/site-packages/airflow/example_dags/tutorial.py took 0.128 seconds
[2026-06-11T22:13:10.121+0000] {processor.py:161} INFO - Started process (PID=717) to work on /home/airflow/.local/lib/python3.12/site-packages/airflow/example_dags/tutorial.py
[2026-06-11T22:13:10.121+0000] {processor.py:830} INFO - Processing file /home/airflow/.local/lib/python3.12/site-packages/airflow/example_dags/tutorial.py for tasks to queue
[2026-06-11T22:13:10.123+0000] {logging_mixin.py:188} INFO - [2026-06-11T22:13:10.123+0000] {dagbag.py:545} INFO - Filling up the DagBag from /home/airflow/.local/lib/python3.12/site-packages/airflow/example_dags/tutorial.py
[2026-06-11T22:13:10.130+0000] {processor.py:840} INFO - DAG(s) 'tutorial' retrieved from /home/airflow/.local/lib/python3.12/site-packages/airflow/example_dags/tutorial.py
[2026-06-11T22:13:10.263+0000] {logging_mixin.py:188} INFO - [2026-06-11T22:13:10.263+0000] {dag.py:3096} INFO - Sync 1 DAGs
[2026-06-11T22:13:10.288+0000] {logging_mixin.py:188} INFO - [2026-06-11T22:13:10.288+0000] {dag.py:3954} INFO - Setting next_dagrun for tutorial to 2026-06-10 00:00:00+00:00, run_after=2026-06-11 00:00:00+00:00
[2026-06-11T22:13:10.486+0000] {processor.py:183} INFO - Processing /home/airflow/.local/lib/python3.12/site-packages/airflow/example_dags/tutorial.py took 0.372 seconds
[2026-06-11T22:13:41.354+0000] {processor.py:161} INFO - Started process (PID=778) to work on /home/airflow/.local/lib/python3.12/site-packages/airflow/example_dags/tutorial.py
[2026-06-11T22:13:41.361+0000] {processor.py:830} INFO - Processing file /home/airflow/.local/lib/python3.12/site-packages/airflow/example_dags/tutorial.py for tasks to queue
[2026-06-11T22:13:41.366+0000] {logging_mixin.py:188} INFO - [2026-06-11T22:13:41.366+0000] {dagbag.py:545} INFO - Filling up the DagBag from /home/airflow/.local/lib/python3.12/site-packages/airflow/example_dags/tutorial.py
[2026-06-11T22:13:41.393+0000] {processor.py:840} INFO - DAG(s) 'tutorial' retrieved from /home/airflow/.local/lib/python3.12/site-packages/airflow/example_dags/tutorial.py
[2026-06-11T22:13:41.458+0000] {logging_mixin.py:188} INFO - [2026-06-11T22:13:41.458+0000] {dag.py:3096} INFO - Sync 1 DAGs
[2026-06-11T22:13:41.543+0000] {logging_mixin.py:188} INFO - [2026-06-11T22:13:41.543+0000] {dag.py:3954} INFO - Setting next_dagrun for tutorial to 2026-06-10 00:00:00+00:00, run_after=2026-06-11 00:00:00+00:00
[2026-06-11T22:13:41.610+0000] {processor.py:183} INFO - Processing /home/airflow/.local/lib/python3.12/site-packages/airflow/example_dags/tutorial.py took 0.272 seconds
[2026-06-11T22:14:12.627+0000] {processor.py:161} INFO - Started process (PID=840) to work on /home/airflow/.local/lib/python3.12/site-packages/airflow/example_dags/tutorial.py
[2026-06-11T22:14:12.628+0000] {processor.py:830} INFO - Processing file /home/airflow/.local/lib/python3.12/site-packages/airflow/example_dags/tutorial.py for tasks to queue
[2026-06-11T22:14:12.632+0000] {logging_mixin.py:188} INFO - [2026-06-11T22:14:12.631+0000] {dagbag.py:545} INFO - Filling up the DagBag from /home/airflow/.local/lib/python3.12/site-packages/airflow/example_dags/tutorial.py
[2026-06-11T22:14:12.648+0000] {processor.py:840} INFO - DAG(s) 'tutorial' retrieved from /home/airflow/.local/lib/python3.12/site-packages/airflow/example_dags/tutorial.py
[2026-06-11T22:14:12.718+0000] {logging_mixin.py:188} INFO - [2026-06-11T22:14:12.718+0000] {dag.py:3096} INFO - Sync 1 DAGs
[2026-06-11T22:14:12.789+0000] {logging_mixin.py:188} INFO - [2026-06-11T22:14:12.788+0000] {dag.py:3954} INFO - Setting next_dagrun for tutorial to 2026-06-10 00:00:00+00:00, run_after=2026-06-11 00:00:00+00:00
[2026-06-11T22:14:12.827+0000] {processor.py:183} INFO - Processing /home/airflow/.local/lib/python3.12/site-packages/airflow/example_dags/tutorial.py took 0.221 seconds
[2026-06-11T22:14:43.416+0000] {processor.py:161} INFO - Started process (PID=900) to work on /home/airflow/.local/lib/python3.12/site-packages/airflow/example_dags/tutorial.py
[2026-06-11T22:14:43.417+0000] {processor.py:830} INFO - Processing file /home/airflow/.local/lib/python3.12/site-packages/airflow/example_dags/tutorial.py for tasks to queue
[2026-06-11T22:14:43.419+0000] {logging_mixin.py:188} INFO - [2026-06-11T22:14:43.418+0000] {dagbag.py:545} INFO - Filling up the DagBag from /home/airflow/.local/lib/python3.12/site-packages/airflow/example_dags/tutorial.py
[2026-06-11T22:14:43.426+0000] {processor.py:840} INFO - DAG(s) 'tutorial' retrieved from /home/airflow/.local/lib/python3.12/site-packages/airflow/example_dags/tutorial.py
[2026-06-11T22:14:43.452+0000] {logging_mixin.py:188} INFO - [2026-06-11T22:14:43.451+0000] {dag.py:3096} INFO - Sync 1 DAGs
[2026-06-11T22:14:43.479+0000] {logging_mixin.py:188} INFO - [2026-06-11T22:14:43.479+0000] {dag.py:3954} INFO - Setting next_dagrun for tutorial to 2026-06-10 00:00:00+00:00, run_after=2026-06-11 00:00:00+00:00
[2026-06-11T22:14:43.500+0000] {processor.py:183} INFO - Processing /home/airflow/.local/lib/python3.12/site-packages/airflow/example_dags/tutorial.py took 0.091 seconds
[2026-06-11T22:15:14.205+0000] {processor.py:161} INFO - Started process (PID=961) to work on /home/airflow/.local/lib/python3.12/site-packages/airflow/example_dags/tutorial.py
[2026-06-11T22:15:14.206+0000] {processor.py:830} INFO - Processing file /home/airflow/.local/lib/python3.12/site-packages/airflow/example_dags/tutorial.py for tasks to queue
[2026-06-11T22:15:14.208+0000] {logging_mixin.py:188} INFO - [2026-06-11T22:15:14.207+0000] {dagbag.py:545} INFO - Filling up the DagBag from /home/airflow/.local/lib/python3.12/site-packages/airflow/example_dags/tutorial.py
[2026-06-11T22:15:14.217+0000] {processor.py:840} INFO - DAG(s) 'tutorial' retrieved from /home/airflow/.local/lib/python3.12/site-packages/airflow/example_dags/tutorial.py
[2026-06-11T22:15:14.250+0000] {logging_mixin.py:188} INFO - [2026-06-11T22:15:14.250+0000] {dag.py:3096} INFO - Sync 1 DAGs
[2026-06-11T22:15:14.279+0000] {logging_mixin.py:188} INFO - [2026-06-11T22:15:14.278+0000] {dag.py:3954} INFO - Setting next_dagrun for tutorial to 2026-06-10 00:00:00+00:00, run_after=2026-06-11 00:00:00+00:00
[2026-06-11T22:15:14.298+0000] {processor.py:183} INFO - Processing /home/airflow/.local/lib/python3.12/site-packages/airflow/example_dags/tutorial.py took 0.102 seconds
[2026-06-11T22:15:45.083+0000] {processor.py:161} INFO - Started process (PID=1022) to work on /home/airflow/.local/lib/python3.12/site-packages/airflow/example_dags/tutorial.py
[2026-06-11T22:15:45.084+0000] {processor.py:830} INFO - Processing file /home/airflow/.local/lib/python3.12/site-packages/airflow/example_dags/tutorial.py for tasks to queue
[2026-06-11T22:15:45.086+0000] {logging_mixin.py:188} INFO - [2026-06-11T22:15:45.086+0000] {dagbag.py:545} INFO - Filling up the DagBag from /home/airflow/.local/lib/python3.12/site-packages/airflow/example_dags/tutorial.py
[2026-06-11T22:15:45.093+0000] {processor.py:840} INFO - DAG(s) 'tutorial' retrieved from /home/airflow/.local/lib/python3.12/site-packages/airflow/example_dags/tutorial.py
[2026-06-11T22:15:45.117+0000] {logging_mixin.py:188} INFO - [2026-06-11T22:15:45.117+0000] {dag.py:3096} INFO - Sync 1 DAGs
[2026-06-11T22:15:45.143+0000] {logging_mixin.py:188} INFO - [2026-06-11T22:15:45.143+0000] {dag.py:3954} INFO - Setting next_dagrun for tutorial to 2026-06-10 00:00:00+00:00, run_after=2026-06-11 00:00:00+00:00
[2026-06-11T22:15:45.165+0000] {processor.py:183} INFO - Processing /home/airflow/.local/lib/python3.12/site-packages/airflow/example_dags/tutorial.py took 0.089 seconds
[2026-06-11T22:16:15.802+0000] {processor.py:161} INFO - Started process (PID=1083) to work on /home/airflow/.local/lib/python3.12/site-packages/airflow/example_dags/tutorial.py
[2026-06-11T22:16:15.803+0000] {processor.py:830} INFO - Processing file /home/airflow/.local/lib/python3.12/site-packages/airflow/example_dags/tutorial.py for tasks to queue
[2026-06-11T22:16:15.805+0000] {logging_mixin.py:188} INFO - [2026-06-11T22:16:15.804+0000] {dagbag.py:545} INFO - Filling up the DagBag from /home/airflow/.local/lib/python3.12/site-packages/airflow/example_dags/tutorial.py
[2026-06-11T22:16:15.812+0000] {processor.py:840} INFO - DAG(s) 'tutorial' retrieved from /home/airflow/.local/lib/python3.12/site-packages/airflow/example_dags/tutorial.py
[2026-06-11T22:16:15.839+0000] {logging_mixin.py:188} INFO - [2026-06-11T22:16:15.838+0000] {dag.py:3096} INFO - Sync 1 DAGs
[2026-06-11T22:16:15.866+0000] {logging_mixin.py:188} INFO - [2026-06-11T22:16:15.866+0000] {dag.py:3954} INFO - Setting next_dagrun for tutorial to 2026-06-10 00:00:00+00:00, run_after=2026-06-11 00:00:00+00:00
[2026-06-11T22:16:15.887+0000] {processor.py:183} INFO - Processing /home/airflow/.local/lib/python3.12/site-packages/airflow/example_dags/tutorial.py took 0.093 seconds
[2026-06-11T22:16:45.953+0000] {processor.py:161} INFO - Started process (PID=1144) to work on /home/airflow/.local/lib/python3.12/site-packages/airflow/example_dags/tutorial.py
[2026-06-11T22:16:45.954+0000] {processor.py:830} INFO - Processing file /home/airflow/.local/lib/python3.12/site-packages/airflow/example_dags/tutorial.py for tasks to queue
[2026-06-11T22:16:45.956+0000] {logging_mixin.py:188} INFO - [2026-06-11T22:16:45.955+0000] {dagbag.py:545} INFO - Filling up the DagBag from /home/airflow/.local/lib/python3.12/site-packages/airflow/example_dags/tutorial.py
[2026-06-11T22:16:45.962+0000] {processor.py:840} INFO - DAG(s) 'tutorial' retrieved from /home/airflow/.local/lib/python3.12/site-packages/airflow/example_dags/tutorial.py
[2026-06-11T22:16:45.986+0000] {logging_mixin.py:188} INFO - [2026-06-11T22:16:45.986+0000] {dag.py:3096} INFO - Sync 1 DAGs
[2026-06-11T22:16:46.013+0000] {logging_mixin.py:188} INFO - [2026-06-11T22:16:46.013+0000] {dag.py:3954} INFO - Setting next_dagrun for tutorial to 2026-06-10 00:00:00+00:00, run_after=2026-06-11 00:00:00+00:00
[2026-06-11T22:16:46.038+0000] {processor.py:183} INFO - Processing /home/airflow/.local/lib/python3.12/site-packages/airflow/example_dags/tutorial.py took 0.092 seconds
[2026-06-11T22:17:16.372+0000] {processor.py:161} INFO - Started process (PID=1205) to work on /home/airflow/.local/lib/python3.12/site-packages/airflow/example_dags/tutorial.py
[2026-06-11T22:17:16.374+0000] {processor.py:830} INFO - Processing file /home/airflow/.local/lib/python3.12/site-packages/airflow/example_dags/tutorial.py for tasks to queue
[2026-06-11T22:17:16.376+0000] {logging_mixin.py:188} INFO - [2026-06-11T22:17:16.376+0000] {dagbag.py:545} INFO - Filling up the DagBag from /home/airflow/.local/lib/python3.12/site-packages/airflow/example_dags/tutorial.py
[2026-06-11T22:17:16.383+0000] {processor.py:840} INFO - DAG(s) 'tutorial' retrieved from /home/airflow/.local/lib/python3.12/site-packages/airflow/example_dags/tutorial.py
[2026-06-11T22:17:16.407+0000] {logging_mixin.py:188} INFO - [2026-06-11T22:17:16.407+0000] {dag.py:3096} INFO - Sync 1 DAGs
[2026-06-11T22:17:16.436+0000] {logging_mixin.py:188} INFO - [2026-06-11T22:17:16.436+0000] {dag.py:3954} INFO - Setting next_dagrun for tutorial to 2026-06-10 00:00:00+00:00, run_after=2026-06-11 00:00:00+00:00
[2026-06-11T22:17:16.455+0000] {processor.py:183} INFO - Processing /home/airflow/.local/lib/python3.12/site-packages/airflow/example_dags/tutorial.py took 0.093 seconds
[2026-06-11T22:17:47.443+0000] {processor.py:161} INFO - Started process (PID=1266) to work on /home/airflow/.local/lib/python3.12/site-packages/airflow/example_dags/tutorial.py
[2026-06-11T22:17:47.444+0000] {processor.py:830} INFO - Processing file /home/airflow/.local/lib/python3.12/site-packages/airflow/example_dags/tutorial.py for tasks to queue
[2026-06-11T22:17:47.446+0000] {logging_mixin.py:188} INFO - [2026-06-11T22:17:47.446+0000] {dagbag.py:545} INFO - Filling up the DagBag from /home/airflow/.local/lib/python3.12/site-packages/airflow/example_dags/tutorial.py
[2026-06-11T22:17:47.453+0000] {processor.py:840} INFO - DAG(s) 'tutorial' retrieved from /home/airflow/.local/lib/python3.12/site-packages/airflow/example_dags/tutorial.py
[2026-06-11T22:17:47.477+0000] {logging_mixin.py:188} INFO - [2026-06-11T22:17:47.477+0000] {dag.py:3096} INFO - Sync 1 DAGs
[2026-06-11T22:17:47.510+0000] {logging_mixin.py:188} INFO - [2026-06-11T22:17:47.510+0000] {dag.py:3954} INFO - Setting next_dagrun for tutorial to 2026-06-10 00:00:00+00:00, run_after=2026-06-11 00:00:00+00:00
[2026-06-11T22:17:47.531+0000] {processor.py:183} INFO - Processing /home/airflow/.local/lib/python3.12/site-packages/airflow/example_dags/tutorial.py took 0.095 seconds
[2026-06-11T22:18:17.882+0000] {processor.py:161} INFO - Started process (PID=1327) to work on /home/airflow/.local/lib/python3.12/site-packages/airflow/example_dags/tutorial.py
[2026-06-11T22:18:17.883+0000] {processor.py:830} INFO - Processing file /home/airflow/.local/lib/python3.12/site-packages/airflow/example_dags/tutorial.py for tasks to queue
[2026-06-11T22:18:17.885+0000] {logging_mixin.py:188} INFO - [2026-06-11T22:18:17.885+0000] {dagbag.py:545} INFO - Filling up the DagBag from /home/airflow/.local/lib/python3.12/site-packages/airflow/example_dags/tutorial.py
[2026-06-11T22:18:17.891+0000] {processor.py:840} INFO - DAG(s) 'tutorial' retrieved from /home/airflow/.local/lib/python3.12/site-packages/airflow/example_dags/tutorial.py
[2026-06-11T22:18:17.915+0000] {logging_mixin.py:188} INFO - [2026-06-11T22:18:17.915+0000] {dag.py:3096} INFO - Sync 1 DAGs
[2026-06-11T22:18:17.943+0000] {logging_mixin.py:188} INFO - [2026-06-11T22:18:17.943+0000] {dag.py:3954} INFO - Setting next_dagrun for tutorial to 2026-06-10 00:00:00+00:00, run_after=2026-06-11 00:00:00+00:00
[2026-06-11T22:18:17.962+0000] {processor.py:183} INFO - Processing /home/airflow/.local/lib/python3.12/site-packages/airflow/example_dags/tutorial.py took 0.087 seconds
[2026-06-11T22:18:49.814+0000] {processor.py:161} INFO - Started process (PID=1388) to work on /home/airflow/.local/lib/python3.12/site-packages/airflow/example_dags/tutorial.py
[2026-06-11T22:18:49.815+0000] {processor.py:830} INFO - Processing file /home/airflow/.local/lib/python3.12/site-packages/airflow/example_dags/tutorial.py for tasks to queue
[2026-06-11T22:18:49.821+0000] {logging_mixin.py:188} INFO - [2026-06-11T22:18:49.820+0000] {dagbag.py:545} INFO - Filling up the DagBag from /home/airflow/.local/lib/python3.12/site-packages/airflow/example_dags/tutorial.py
[2026-06-11T22:18:49.839+0000] {processor.py:840} INFO - DAG(s) 'tutorial' retrieved from /home/airflow/.local/lib/python3.12/site-packages/airflow/example_dags/tutorial.py
[2026-06-11T22:18:49.863+0000] {logging_mixin.py:188} INFO - [2026-06-11T22:18:49.863+0000] {dag.py:3096} INFO - Sync 1 DAGs
[2026-06-11T22:18:50.132+0000] {logging_mixin.py:188} INFO - [2026-06-11T22:18:50.132+0000] {dag.py:3954} INFO - Setting next_dagrun for tutorial to 2026-06-10 00:00:00+00:00, run_after=2026-06-11 00:00:00+00:00
[2026-06-11T22:18:50.171+0000] {processor.py:183} INFO - Processing /home/airflow/.local/lib/python3.12/site-packages/airflow/example_dags/tutorial.py took 0.365 seconds
[2026-06-11T22:19:21.314+0000] {processor.py:161} INFO - Started process (PID=1449) to work on /home/airflow/.local/lib/python3.12/site-packages/airflow/example_dags/tutorial.py
[2026-06-11T22:19:21.316+0000] {processor.py:830} INFO - Processing file /home/airflow/.local/lib/python3.12/site-packages/airflow/example_dags/tutorial.py for tasks to queue
[2026-06-11T22:19:21.321+0000] {logging_mixin.py:188} INFO - [2026-06-11T22:19:21.320+0000] {dagbag.py:545} INFO - Filling up the DagBag from /home/airflow/.local/lib/python3.12/site-packages/airflow/example_dags/tutorial.py
[2026-06-11T22:19:21.333+0000] {processor.py:840} INFO - DAG(s) 'tutorial' retrieved from /home/airflow/.local/lib/python3.12/site-packages/airflow/example_dags/tutorial.py
[2026-06-11T22:19:21.384+0000] {logging_mixin.py:188} INFO - [2026-06-11T22:19:21.384+0000] {dag.py:3096} INFO - Sync 1 DAGs
[2026-06-11T22:19:21.861+0000] {logging_mixin.py:188} INFO - [2026-06-11T22:19:21.860+0000] {dag.py:3954} INFO - Setting next_dagrun for tutorial to 2026-06-10 00:00:00+00:00, run_after=2026-06-11 00:00:00+00:00
[2026-06-11T22:19:21.913+0000] {processor.py:183} INFO - Processing /home/airflow/.local/lib/python3.12/site-packages/airflow/example_dags/tutorial.py took 0.615 seconds
[2026-06-11T22:19:52.531+0000] {processor.py:161} INFO - Started process (PID=1509) to work on /home/airflow/.local/lib/python3.12/site-packages/airflow/example_dags/tutorial.py
[2026-06-11T22:19:52.532+0000] {processor.py:830} INFO - Processing file /home/airflow/.local/lib/python3.12/site-packages/airflow/example_dags/tutorial.py for tasks to queue
[2026-06-11T22:19:52.534+0000] {logging_mixin.py:188} INFO - [2026-06-11T22:19:52.533+0000] {dagbag.py:545} INFO - Filling up the DagBag from /home/airflow/.local/lib/python3.12/site-packages/airflow/example_dags/tutorial.py
[2026-06-11T22:19:52.542+0000] {processor.py:840} INFO - DAG(s) 'tutorial' retrieved from /home/airflow/.local/lib/python3.12/site-packages/airflow/example_dags/tutorial.py
[2026-06-11T22:19:52.567+0000] {logging_mixin.py:188} INFO - [2026-06-11T22:19:52.567+0000] {dag.py:3096} INFO - Sync 1 DAGs
[2026-06-11T22:19:52.596+0000] {logging_mixin.py:188} INFO - [2026-06-11T22:19:52.596+0000] {dag.py:3954} INFO - Setting next_dagrun for tutorial to 2026-06-10 00:00:00+00:00, run_after=2026-06-11 00:00:00+00:00
[2026-06-11T22:19:52.625+0000] {processor.py:183} INFO - Processing /home/airflow/.local/lib/python3.12/site-packages/airflow/example_dags/tutorial.py took 0.102 seconds
[2026-06-11T22:20:22.887+0000] {processor.py:161} INFO - Started process (PID=1570) to work on /home/airflow/.local/lib/python3.12/site-packages/airflow/example_dags/tutorial.py
[2026-06-11T22:20:22.888+0000] {processor.py:830} INFO - Processing file /home/airflow/.local/lib/python3.12/site-packages/airflow/example_dags/tutorial.py for tasks to queue
[2026-06-11T22:20:22.892+0000] {logging_mixin.py:188} INFO - [2026-06-11T22:20:22.891+0000] {dagbag.py:545} INFO - Filling up the DagBag from /home/airflow/.local/lib/python3.12/site-packages/airflow/example_dags/tutorial.py
[2026-06-11T22:20:22.903+0000] {processor.py:840} INFO - DAG(s) 'tutorial' retrieved from /home/airflow/.local/lib/python3.12/site-packages/airflow/example_dags/tutorial.py
[2026-06-11T22:20:22.991+0000] {logging_mixin.py:188} INFO - [2026-06-11T22:20:22.990+0000] {dag.py:3096} INFO - Sync 1 DAGs
[2026-06-11T22:20:23.045+0000] {logging_mixin.py:188} INFO - [2026-06-11T22:20:23.045+0000] {dag.py:3954} INFO - Setting next_dagrun for tutorial to 2026-06-10 00:00:00+00:00, run_after=2026-06-11 00:00:00+00:00
[2026-06-11T22:20:23.088+0000] {processor.py:183} INFO - Processing /home/airflow/.local/lib/python3.12/site-packages/airflow/example_dags/tutorial.py took 0.216 seconds
[2026-06-11T22:20:53.362+0000] {processor.py:161} INFO - Started process (PID=1631) to work on /home/airflow/.local/lib/python3.12/site-packages/airflow/example_dags/tutorial.py
[2026-06-11T22:20:53.363+0000] {processor.py:830} INFO - Processing file /home/airflow/.local/lib/python3.12/site-packages/airflow/example_dags/tutorial.py for tasks to queue
[2026-06-11T22:20:53.365+0000] {logging_mixin.py:188} INFO - [2026-06-11T22:20:53.365+0000] {dagbag.py:545} INFO - Filling up the DagBag from /home/airflow/.local/lib/python3.12/site-packages/airflow/example_dags/tutorial.py
[2026-06-11T22:20:53.371+0000] {processor.py:840} INFO - DAG(s) 'tutorial' retrieved from /home/airflow/.local/lib/python3.12/site-packages/airflow/example_dags/tutorial.py
[2026-06-11T22:20:53.396+0000] {logging_mixin.py:188} INFO - [2026-06-11T22:20:53.396+0000] {dag.py:3096} INFO - Sync 1 DAGs
[2026-06-11T22:20:53.428+0000] {logging_mixin.py:188} INFO - [2026-06-11T22:20:53.427+0000] {dag.py:3954} INFO - Setting next_dagrun for tutorial to 2026-06-10 00:00:00+00:00, run_after=2026-06-11 00:00:00+00:00
[2026-06-11T22:20:53.488+0000] {processor.py:183} INFO - Processing /home/airflow/.local/lib/python3.12/site-packages/airflow/example_dags/tutorial.py took 0.133 seconds
[2026-06-11T22:21:23.770+0000] {processor.py:161} INFO - Started process (PID=1692) to work on /home/airflow/.local/lib/python3.12/site-packages/airflow/example_dags/tutorial.py
[2026-06-11T22:21:23.770+0000] {processor.py:830} INFO - Processing file /home/airflow/.local/lib/python3.12/site-packages/airflow/example_dags/tutorial.py for tasks to queue
[2026-06-11T22:21:23.772+0000] {logging_mixin.py:188} INFO - [2026-06-11T22:21:23.771+0000] {dagbag.py:545} INFO - Filling up the DagBag from /home/airflow/.local/lib/python3.12/site-packages/airflow/example_dags/tutorial.py
[2026-06-11T22:21:23.776+0000] {processor.py:840} INFO - DAG(s) 'tutorial' retrieved from /home/airflow/.local/lib/python3.12/site-packages/airflow/example_dags/tutorial.py
[2026-06-11T22:21:23.794+0000] {logging_mixin.py:188} INFO - [2026-06-11T22:21:23.794+0000] {dag.py:3096} INFO - Sync 1 DAGs
[2026-06-11T22:21:23.820+0000] {logging_mixin.py:188} INFO - [2026-06-11T22:21:23.820+0000] {dag.py:3954} INFO - Setting next_dagrun for tutorial to 2026-06-10 00:00:00+00:00, run_after=2026-06-11 00:00:00+00:00
[2026-06-11T22:21:23.835+0000] {processor.py:183} INFO - Processing /home/airflow/.local/lib/python3.12/site-packages/airflow/example_dags/tutorial.py took 0.070 seconds
[2026-06-11T22:21:54.081+0000] {processor.py:161} INFO - Started process (PID=1752) to work on /home/airflow/.local/lib/python3.12/site-packages/airflow/example_dags/tutorial.py
[2026-06-11T22:21:54.082+0000] {processor.py:830} INFO - Processing file /home/airflow/.local/lib/python3.12/site-packages/airflow/example_dags/tutorial.py for tasks to queue
[2026-06-11T22:21:54.084+0000] {logging_mixin.py:188} INFO - [2026-06-11T22:21:54.084+0000] {dagbag.py:545} INFO - Filling up the DagBag from /home/airflow/.local/lib/python3.12/site-packages/airflow/example_dags/tutorial.py
[2026-06-11T22:21:54.100+0000] {processor.py:840} INFO - DAG(s) 'tutorial' retrieved from /home/airflow/.local/lib/python3.12/site-packages/airflow/example_dags/tutorial.py
[2026-06-11T22:21:54.163+0000] {logging_mixin.py:188} INFO - [2026-06-11T22:21:54.162+0000] {dag.py:3096} INFO - Sync 1 DAGs
[2026-06-11T22:21:54.204+0000] {logging_mixin.py:188} INFO - [2026-06-11T22:21:54.204+0000] {dag.py:3954} INFO - Setting next_dagrun for tutorial to 2026-06-10 00:00:00+00:00, run_after=2026-06-11 00:00:00+00:00
[2026-06-11T22:21:54.227+0000] {processor.py:183} INFO - Processing /home/airflow/.local/lib/python3.12/site-packages/airflow/example_dags/tutorial.py took 0.153 seconds
[2026-06-11T22:22:25.015+0000] {processor.py:161} INFO - Started process (PID=1813) to work on /home/airflow/.local/lib/python3.12/site-packages/airflow/example_dags/tutorial.py
[2026-06-11T22:22:25.016+0000] {processor.py:830} INFO - Processing file /home/airflow/.local/lib/python3.12/site-packages/airflow/example_dags/tutorial.py for tasks to queue
[2026-06-11T22:22:25.018+0000] {logging_mixin.py:188} INFO - [2026-06-11T22:22:25.018+0000] {dagbag.py:545} INFO - Filling up the DagBag from /home/airflow/.local/lib/python3.12/site-packages/airflow/example_dags/tutorial.py
[2026-06-11T22:22:25.024+0000] {processor.py:840} INFO - DAG(s) 'tutorial' retrieved from /home/airflow/.local/lib/python3.12/site-packages/airflow/example_dags/tutorial.py
[2026-06-11T22:22:25.050+0000] {logging_mixin.py:188} INFO - [2026-06-11T22:22:25.050+0000] {dag.py:3096} INFO - Sync 1 DAGs
[2026-06-11T22:22:25.078+0000] {logging_mixin.py:188} INFO - [2026-06-11T22:22:25.078+0000] {dag.py:3954} INFO - Setting next_dagrun for tutorial to 2026-06-10 00:00:00+00:00, run_after=2026-06-11 00:00:00+00:00
[2026-06-11T22:22:25.098+0000] {processor.py:183} INFO - Processing /home/airflow/.local/lib/python3.12/site-packages/airflow/example_dags/tutorial.py took 0.090 seconds
[2026-06-11T22:22:55.302+0000] {processor.py:161} INFO - Started process (PID=1874) to work on /home/airflow/.local/lib/python3.12/site-packages/airflow/example_dags/tutorial.py
[2026-06-11T22:22:55.302+0000] {processor.py:830} INFO - Processing file /home/airflow/.local/lib/python3.12/site-packages/airflow/example_dags/tutorial.py for tasks to queue
[2026-06-11T22:22:55.304+0000] {logging_mixin.py:188} INFO - [2026-06-11T22:22:55.303+0000] {dagbag.py:545} INFO - Filling up the DagBag from /home/airflow/.local/lib/python3.12/site-packages/airflow/example_dags/tutorial.py
[2026-06-11T22:22:55.308+0000] {processor.py:840} INFO - DAG(s) 'tutorial' retrieved from /home/airflow/.local/lib/python3.12/site-packages/airflow/example_dags/tutorial.py
[2026-06-11T22:22:55.325+0000] {logging_mixin.py:188} INFO - [2026-06-11T22:22:55.325+0000] {dag.py:3096} INFO - Sync 1 DAGs
[2026-06-11T22:22:55.345+0000] {logging_mixin.py:188} INFO - [2026-06-11T22:22:55.344+0000] {dag.py:3954} INFO - Setting next_dagrun for tutorial to 2026-06-10 00:00:00+00:00, run_after=2026-06-11 00:00:00+00:00
[2026-06-11T22:22:55.359+0000] {processor.py:183} INFO - Processing /home/airflow/.local/lib/python3.12/site-packages/airflow/example_dags/tutorial.py took 0.063 seconds
[2026-06-11T22:23:25.690+0000] {processor.py:161} INFO - Started process (PID=1935) to work on /home/airflow/.local/lib/python3.12/site-packages/airflow/example_dags/tutorial.py
[2026-06-11T22:23:25.691+0000] {processor.py:830} INFO - Processing file /home/airflow/.local/lib/python3.12/site-packages/airflow/example_dags/tutorial.py for tasks to queue
[2026-06-11T22:23:25.693+0000] {logging_mixin.py:188} INFO - [2026-06-11T22:23:25.692+0000] {dagbag.py:545} INFO - Filling up the DagBag from /home/airflow/.local/lib/python3.12/site-packages/airflow/example_dags/tutorial.py
[2026-06-11T22:23:25.699+0000] {processor.py:840} INFO - DAG(s) 'tutorial' retrieved from /home/airflow/.local/lib/python3.12/site-packages/airflow/example_dags/tutorial.py
[2026-06-11T22:23:25.723+0000] {logging_mixin.py:188} INFO - [2026-06-11T22:23:25.723+0000] {dag.py:3096} INFO - Sync 1 DAGs
[2026-06-11T22:23:25.752+0000] {logging_mixin.py:188} INFO - [2026-06-11T22:23:25.751+0000] {dag.py:3954} INFO - Setting next_dagrun for tutorial to 2026-06-10 00:00:00+00:00, run_after=2026-06-11 00:00:00+00:00
[2026-06-11T22:23:25.771+0000] {processor.py:183} INFO - Processing /home/airflow/.local/lib/python3.12/site-packages/airflow/example_dags/tutorial.py took 0.088 seconds
[2026-06-11T22:23:56.824+0000] {processor.py:161} INFO - Started process (PID=1996) to work on /home/airflow/.local/lib/python3.12/site-packages/airflow/example_dags/tutorial.py
[2026-06-11T22:23:56.825+0000] {processor.py:830} INFO - Processing file /home/airflow/.local/lib/python3.12/site-packages/airflow/example_dags/tutorial.py for tasks to queue
[2026-06-11T22:23:56.827+0000] {logging_mixin.py:188} INFO - [2026-06-11T22:23:56.826+0000] {dagbag.py:545} INFO - Filling up the DagBag from /home/airflow/.local/lib/python3.12/site-packages/airflow/example_dags/tutorial.py
[2026-06-11T22:23:56.833+0000] {processor.py:840} INFO - DAG(s) 'tutorial' retrieved from /home/airflow/.local/lib/python3.12/site-packages/airflow/example_dags/tutorial.py
[2026-06-11T22:23:56.858+0000] {logging_mixin.py:188} INFO - [2026-06-11T22:23:56.858+0000] {dag.py:3096} INFO - Sync 1 DAGs
[2026-06-11T22:23:56.886+0000] {logging_mixin.py:188} INFO - [2026-06-11T22:23:56.886+0000] {dag.py:3954} INFO - Setting next_dagrun for tutorial to 2026-06-10 00:00:00+00:00, run_after=2026-06-11 00:00:00+00:00
[2026-06-11T22:23:56.907+0000] {processor.py:183} INFO - Processing /home/airflow/.local/lib/python3.12/site-packages/airflow/example_dags/tutorial.py took 0.090 seconds
[2026-06-11T22:24:27.353+0000] {processor.py:161} INFO - Started process (PID=2056) to work on /home/airflow/.local/lib/python3.12/site-packages/airflow/example_dags/tutorial.py
[2026-06-11T22:24:27.354+0000] {processor.py:830} INFO - Processing file /home/airflow/.local/lib/python3.12/site-packages/airflow/example_dags/tutorial.py for tasks to queue
[2026-06-11T22:24:27.356+0000] {logging_mixin.py:188} INFO - [2026-06-11T22:24:27.356+0000] {dagbag.py:545} INFO - Filling up the DagBag from /home/airflow/.local/lib/python3.12/site-packages/airflow/example_dags/tutorial.py
[2026-06-11T22:24:27.363+0000] {processor.py:840} INFO - DAG(s) 'tutorial' retrieved from /home/airflow/.local/lib/python3.12/site-packages/airflow/example_dags/tutorial.py
[2026-06-11T22:24:27.385+0000] {logging_mixin.py:188} INFO - [2026-06-11T22:24:27.385+0000] {dag.py:3096} INFO - Sync 1 DAGs
[2026-06-11T22:24:27.413+0000] {logging_mixin.py:188} INFO - [2026-06-11T22:24:27.413+0000] {dag.py:3954} INFO - Setting next_dagrun for tutorial to 2026-06-10 00:00:00+00:00, run_after=2026-06-11 00:00:00+00:00
[2026-06-11T22:24:27.434+0000] {processor.py:183} INFO - Processing /home/airflow/.local/lib/python3.12/site-packages/airflow/example_dags/tutorial.py took 0.088 seconds
[2026-06-11T22:24:57.942+0000] {processor.py:161} INFO - Started process (PID=2117) to work on /home/airflow/.local/lib/python3.12/site-packages/airflow/example_dags/tutorial.py
[2026-06-11T22:24:57.944+0000] {processor.py:830} INFO - Processing file /home/airflow/.local/lib/python3.12/site-packages/airflow/example_dags/tutorial.py for tasks to queue
[2026-06-11T22:24:57.948+0000] {logging_mixin.py:188} INFO - [2026-06-11T22:24:57.948+0000] {dagbag.py:545} INFO - Filling up the DagBag from /home/airflow/.local/lib/python3.12/site-packages/airflow/example_dags/tutorial.py
[2026-06-11T22:24:57.967+0000] {processor.py:840} INFO - DAG(s) 'tutorial' retrieved from /home/airflow/.local/lib/python3.12/site-packages/airflow/example_dags/tutorial.py
[2026-06-11T22:24:58.016+0000] {logging_mixin.py:188} INFO - [2026-06-11T22:24:58.015+0000] {dag.py:3096} INFO - Sync 1 DAGs
[2026-06-11T22:24:58.064+0000] {logging_mixin.py:188} INFO - [2026-06-11T22:24:58.063+0000] {dag.py:3954} INFO - Setting next_dagrun for tutorial to 2026-06-10 00:00:00+00:00, run_after=2026-06-11 00:00:00+00:00
[2026-06-11T22:24:58.085+0000] {processor.py:183} INFO - Processing /home/airflow/.local/lib/python3.12/site-packages/airflow/example_dags/tutorial.py took 0.172 seconds
[2026-06-11T22:25:28.787+0000] {processor.py:161} INFO - Started process (PID=2178) to work on /home/airflow/.local/lib/python3.12/site-packages/airflow/example_dags/tutorial.py
[2026-06-11T22:25:28.788+0000] {processor.py:830} INFO - Processing file /home/airflow/.local/lib/python3.12/site-packages/airflow/example_dags/tutorial.py for tasks to queue
[2026-06-11T22:25:28.789+0000] {logging_mixin.py:188} INFO - [2026-06-11T22:25:28.789+0000] {dagbag.py:545} INFO - Filling up the DagBag from /home/airflow/.local/lib/python3.12/site-packages/airflow/example_dags/tutorial.py
[2026-06-11T22:25:28.796+0000] {processor.py:840} INFO - DAG(s) 'tutorial' retrieved from /home/airflow/.local/lib/python3.12/site-packages/airflow/example_dags/tutorial.py
[2026-06-11T22:25:28.820+0000] {logging_mixin.py:188} INFO - [2026-06-11T22:25:28.820+0000] {dag.py:3096} INFO - Sync 1 DAGs
[2026-06-11T22:25:28.848+0000] {logging_mixin.py:188} INFO - [2026-06-11T22:25:28.848+0000] {dag.py:3954} INFO - Setting next_dagrun for tutorial to 2026-06-10 00:00:00+00:00, run_after=2026-06-11 00:00:00+00:00
[2026-06-11T22:25:28.868+0000] {processor.py:183} INFO - Processing /home/airflow/.local/lib/python3.12/site-packages/airflow/example_dags/tutorial.py took 0.089 seconds
[2026-06-11T22:25:59.264+0000] {processor.py:161} INFO - Started process (PID=2239) to work on /home/airflow/.local/lib/python3.12/site-packages/airflow/example_dags/tutorial.py
[2026-06-11T22:25:59.265+0000] {processor.py:830} INFO - Processing file /home/airflow/.local/lib/python3.12/site-packages/airflow/example_dags/tutorial.py for tasks to queue
[2026-06-11T22:25:59.267+0000] {logging_mixin.py:188} INFO - [2026-06-11T22:25:59.266+0000] {dagbag.py:545} INFO - Filling up the DagBag from /home/airflow/.local/lib/python3.12/site-packages/airflow/example_dags/tutorial.py
[2026-06-11T22:25:59.273+0000] {processor.py:840} INFO - DAG(s) 'tutorial' retrieved from /home/airflow/.local/lib/python3.12/site-packages/airflow/example_dags/tutorial.py
[2026-06-11T22:25:59.297+0000] {logging_mixin.py:188} INFO - [2026-06-11T22:25:59.296+0000] {dag.py:3096} INFO - Sync 1 DAGs
[2026-06-11T22:25:59.324+0000] {logging_mixin.py:188} INFO - [2026-06-11T22:25:59.324+0000] {dag.py:3954} INFO - Setting next_dagrun for tutorial to 2026-06-10 00:00:00+00:00, run_after=2026-06-11 00:00:00+00:00
[2026-06-11T22:25:59.343+0000] {processor.py:183} INFO - Processing /home/airflow/.local/lib/python3.12/site-packages/airflow/example_dags/tutorial.py took 0.086 seconds
[2026-06-11T22:26:29.742+0000] {processor.py:161} INFO - Started process (PID=2300) to work on /home/airflow/.local/lib/python3.12/site-packages/airflow/example_dags/tutorial.py
[2026-06-11T22:26:29.747+0000] {processor.py:830} INFO - Processing file /home/airflow/.local/lib/python3.12/site-packages/airflow/example_dags/tutorial.py for tasks to queue
[2026-06-11T22:26:29.755+0000] {logging_mixin.py:188} INFO - [2026-06-11T22:26:29.755+0000] {dagbag.py:545} INFO - Filling up the DagBag from /home/airflow/.local/lib/python3.12/site-packages/airflow/example_dags/tutorial.py
[2026-06-11T22:26:29.774+0000] {processor.py:840} INFO - DAG(s) 'tutorial' retrieved from /home/airflow/.local/lib/python3.12/site-packages/airflow/example_dags/tutorial.py
[2026-06-11T22:26:29.845+0000] {logging_mixin.py:188} INFO - [2026-06-11T22:26:29.845+0000] {dag.py:3096} INFO - Sync 1 DAGs
[2026-06-11T22:26:29.883+0000] {logging_mixin.py:188} INFO - [2026-06-11T22:26:29.882+0000] {dag.py:3954} INFO - Setting next_dagrun for tutorial to 2026-06-10 00:00:00+00:00, run_after=2026-06-11 00:00:00+00:00
[2026-06-11T22:26:29.924+0000] {processor.py:183} INFO - Processing /home/airflow/.local/lib/python3.12/site-packages/airflow/example_dags/tutorial.py took 0.203 seconds
[2026-06-11T22:27:00.894+0000] {processor.py:161} INFO - Started process (PID=2360) to work on /home/airflow/.local/lib/python3.12/site-packages/airflow/example_dags/tutorial.py
[2026-06-11T22:27:00.897+0000] {processor.py:830} INFO - Processing file /home/airflow/.local/lib/python3.12/site-packages/airflow/example_dags/tutorial.py for tasks to queue
[2026-06-11T22:27:00.901+0000] {logging_mixin.py:188} INFO - [2026-06-11T22:27:00.901+0000] {dagbag.py:545} INFO - Filling up the DagBag from /home/airflow/.local/lib/python3.12/site-packages/airflow/example_dags/tutorial.py
[2026-06-11T22:27:00.915+0000] {processor.py:840} INFO - DAG(s) 'tutorial' retrieved from /home/airflow/.local/lib/python3.12/site-packages/airflow/example_dags/tutorial.py
[2026-06-11T22:27:00.966+0000] {logging_mixin.py:188} INFO - [2026-06-11T22:27:00.966+0000] {dag.py:3096} INFO - Sync 1 DAGs
[2026-06-11T22:27:01.033+0000] {logging_mixin.py:188} INFO - [2026-06-11T22:27:01.032+0000] {dag.py:3954} INFO - Setting next_dagrun for tutorial to 2026-06-10 00:00:00+00:00, run_after=2026-06-11 00:00:00+00:00
[2026-06-11T22:27:01.081+0000] {processor.py:183} INFO - Processing /home/airflow/.local/lib/python3.12/site-packages/airflow/example_dags/tutorial.py took 0.202 seconds
[2026-06-11T22:27:31.183+0000] {processor.py:161} INFO - Started process (PID=2422) to work on /home/airflow/.local/lib/python3.12/site-packages/airflow/example_dags/tutorial.py
[2026-06-11T22:27:31.184+0000] {processor.py:830} INFO - Processing file /home/airflow/.local/lib/python3.12/site-packages/airflow/example_dags/tutorial.py for tasks to queue
[2026-06-11T22:27:31.186+0000] {logging_mixin.py:188} INFO - [2026-06-11T22:27:31.185+0000] {dagbag.py:545} INFO - Filling up the DagBag from /home/airflow/.local/lib/python3.12/site-packages/airflow/example_dags/tutorial.py
[2026-06-11T22:27:31.190+0000] {processor.py:840} INFO - DAG(s) 'tutorial' retrieved from /home/airflow/.local/lib/python3.12/site-packages/airflow/example_dags/tutorial.py
[2026-06-11T22:27:31.208+0000] {logging_mixin.py:188} INFO - [2026-06-11T22:27:31.208+0000] {dag.py:3096} INFO - Sync 1 DAGs
[2026-06-11T22:27:31.227+0000] {logging_mixin.py:188} INFO - [2026-06-11T22:27:31.227+0000] {dag.py:3954} INFO - Setting next_dagrun for tutorial to 2026-06-10 00:00:00+00:00, run_after=2026-06-11 00:00:00+00:00
[2026-06-11T22:27:31.242+0000] {processor.py:183} INFO - Processing /home/airflow/.local/lib/python3.12/site-packages/airflow/example_dags/tutorial.py took 0.065 seconds
[2026-06-11T22:28:01.317+0000] {processor.py:161} INFO - Started process (PID=2482) to work on /home/airflow/.local/lib/python3.12/site-packages/airflow/example_dags/tutorial.py
[2026-06-11T22:28:01.318+0000] {processor.py:830} INFO - Processing file /home/airflow/.local/lib/python3.12/site-packages/airflow/example_dags/tutorial.py for tasks to queue
[2026-06-11T22:28:01.320+0000] {logging_mixin.py:188} INFO - [2026-06-11T22:28:01.319+0000] {dagbag.py:545} INFO - Filling up the DagBag from /home/airflow/.local/lib/python3.12/site-packages/airflow/example_dags/tutorial.py
[2026-06-11T22:28:01.326+0000] {processor.py:840} INFO - DAG(s) 'tutorial' retrieved from /home/airflow/.local/lib/python3.12/site-packages/airflow/example_dags/tutorial.py
[2026-06-11T22:28:01.356+0000] {logging_mixin.py:188} INFO - [2026-06-11T22:28:01.356+0000] {dag.py:3096} INFO - Sync 1 DAGs
[2026-06-11T22:28:01.386+0000] {logging_mixin.py:188} INFO - [2026-06-11T22:28:01.386+0000] {dag.py:3954} INFO - Setting next_dagrun for tutorial to 2026-06-10 00:00:00+00:00, run_after=2026-06-11 00:00:00+00:00
[2026-06-11T22:28:01.412+0000] {processor.py:183} INFO - Processing /home/airflow/.local/lib/python3.12/site-packages/airflow/example_dags/tutorial.py took 0.102 seconds
[2026-06-11T22:28:31.767+0000] {processor.py:161} INFO - Started process (PID=2542) to work on /home/airflow/.local/lib/python3.12/site-packages/airflow/example_dags/tutorial.py
[2026-06-11T22:28:31.768+0000] {processor.py:830} INFO - Processing file /home/airflow/.local/lib/python3.12/site-packages/airflow/example_dags/tutorial.py for tasks to queue
[2026-06-11T22:28:31.771+0000] {logging_mixin.py:188} INFO - [2026-06-11T22:28:31.770+0000] {dagbag.py:545} INFO - Filling up the DagBag from /home/airflow/.local/lib/python3.12/site-packages/airflow/example_dags/tutorial.py
[2026-06-11T22:28:31.777+0000] {processor.py:840} INFO - DAG(s) 'tutorial' retrieved from /home/airflow/.local/lib/python3.12/site-packages/airflow/example_dags/tutorial.py
[2026-06-11T22:28:31.802+0000] {logging_mixin.py:188} INFO - [2026-06-11T22:28:31.801+0000] {dag.py:3096} INFO - Sync 1 DAGs
[2026-06-11T22:28:31.832+0000] {logging_mixin.py:188} INFO - [2026-06-11T22:28:31.832+0000] {dag.py:3954} INFO - Setting next_dagrun for tutorial to 2026-06-10 00:00:00+00:00, run_after=2026-06-11 00:00:00+00:00
[2026-06-11T22:28:31.854+0000] {processor.py:183} INFO - Processing /home/airflow/.local/lib/python3.12/site-packages/airflow/example_dags/tutorial.py took 0.094 seconds
[2026-06-11T22:29:02.235+0000] {processor.py:161} INFO - Started process (PID=2603) to work on /home/airflow/.local/lib/python3.12/site-packages/airflow/example_dags/tutorial.py
[2026-06-11T22:29:02.236+0000] {processor.py:830} INFO - Processing file /home/airflow/.local/lib/python3.12/site-packages/airflow/example_dags/tutorial.py for tasks to queue
[2026-06-11T22:29:02.238+0000] {logging_mixin.py:188} INFO - [2026-06-11T22:29:02.237+0000] {dagbag.py:545} INFO - Filling up the DagBag from /home/airflow/.local/lib/python3.12/site-packages/airflow/example_dags/tutorial.py
[2026-06-11T22:29:02.244+0000] {processor.py:840} INFO - DAG(s) 'tutorial' retrieved from /home/airflow/.local/lib/python3.12/site-packages/airflow/example_dags/tutorial.py
[2026-06-11T22:29:02.271+0000] {logging_mixin.py:188} INFO - [2026-06-11T22:29:02.271+0000] {dag.py:3096} INFO - Sync 1 DAGs
[2026-06-11T22:29:02.300+0000] {logging_mixin.py:188} INFO - [2026-06-11T22:29:02.299+0000] {dag.py:3954} INFO - Setting next_dagrun for tutorial to 2026-06-10 00:00:00+00:00, run_after=2026-06-11 00:00:00+00:00
[2026-06-11T22:29:02.322+0000] {processor.py:183} INFO - Processing /home/airflow/.local/lib/python3.12/site-packages/airflow/example_dags/tutorial.py took 0.094 seconds
[2026-06-11T22:29:33.167+0000] {processor.py:161} INFO - Started process (PID=2664) to work on /home/airflow/.local/lib/python3.12/site-packages/airflow/example_dags/tutorial.py
[2026-06-11T22:29:33.167+0000] {processor.py:830} INFO - Processing file /home/airflow/.local/lib/python3.12/site-packages/airflow/example_dags/tutorial.py for tasks to queue
[2026-06-11T22:29:33.170+0000] {logging_mixin.py:188} INFO - [2026-06-11T22:29:33.169+0000] {dagbag.py:545} INFO - Filling up the DagBag from /home/airflow/.local/lib/python3.12/site-packages/airflow/example_dags/tutorial.py
[2026-06-11T22:29:33.176+0000] {processor.py:840} INFO - DAG(s) 'tutorial' retrieved from /home/airflow/.local/lib/python3.12/site-packages/airflow/example_dags/tutorial.py
[2026-06-11T22:29:33.201+0000] {logging_mixin.py:188} INFO - [2026-06-11T22:29:33.200+0000] {dag.py:3096} INFO - Sync 1 DAGs
[2026-06-11T22:29:33.230+0000] {logging_mixin.py:188} INFO - [2026-06-11T22:29:33.229+0000] {dag.py:3954} INFO - Setting next_dagrun for tutorial to 2026-06-10 00:00:00+00:00, run_after=2026-06-11 00:00:00+00:00
[2026-06-11T22:29:33.251+0000] {processor.py:183} INFO - Processing /home/airflow/.local/lib/python3.12/site-packages/airflow/example_dags/tutorial.py took 0.091 seconds
[2026-06-11T22:30:03.819+0000] {processor.py:161} INFO - Started process (PID=2725) to work on /home/airflow/.local/lib/python3.12/site-packages/airflow/example_dags/tutorial.py
[2026-06-11T22:30:03.820+0000] {processor.py:830} INFO - Processing file /home/airflow/.local/lib/python3.12/site-packages/airflow/example_dags/tutorial.py for tasks to queue
[2026-06-11T22:30:03.822+0000] {logging_mixin.py:188} INFO - [2026-06-11T22:30:03.821+0000] {dagbag.py:545} INFO - Filling up the DagBag from /home/airflow/.local/lib/python3.12/site-packages/airflow/example_dags/tutorial.py
[2026-06-11T22:30:03.829+0000] {processor.py:840} INFO - DAG(s) 'tutorial' retrieved from /home/airflow/.local/lib/python3.12/site-packages/airflow/example_dags/tutorial.py
[2026-06-11T22:30:03.854+0000] {logging_mixin.py:188} INFO - [2026-06-11T22:30:03.854+0000] {dag.py:3096} INFO - Sync 1 DAGs
[2026-06-11T22:30:03.886+0000] {logging_mixin.py:188} INFO - [2026-06-11T22:30:03.885+0000] {dag.py:3954} INFO - Setting next_dagrun for tutorial to 2026-06-10 00:00:00+00:00, run_after=2026-06-11 00:00:00+00:00
[2026-06-11T22:30:03.907+0000] {processor.py:183} INFO - Processing /home/airflow/.local/lib/python3.12/site-packages/airflow/example_dags/tutorial.py took 0.095 seconds
[2026-06-11T22:30:33.941+0000] {processor.py:161} INFO - Started process (PID=2786) to work on /home/airflow/.local/lib/python3.12/site-packages/airflow/example_dags/tutorial.py
[2026-06-11T22:30:33.942+0000] {processor.py:830} INFO - Processing file /home/airflow/.local/lib/python3.12/site-packages/airflow/example_dags/tutorial.py for tasks to queue
[2026-06-11T22:30:33.946+0000] {logging_mixin.py:188} INFO - [2026-06-11T22:30:33.945+0000] {dagbag.py:545} INFO - Filling up the DagBag from /home/airflow/.local/lib/python3.12/site-packages/airflow/example_dags/tutorial.py
[2026-06-11T22:30:33.951+0000] {processor.py:840} INFO - DAG(s) 'tutorial' retrieved from /home/airflow/.local/lib/python3.12/site-packages/airflow/example_dags/tutorial.py
[2026-06-11T22:30:33.969+0000] {logging_mixin.py:188} INFO - [2026-06-11T22:30:33.969+0000] {dag.py:3096} INFO - Sync 1 DAGs
[2026-06-11T22:30:33.987+0000] {logging_mixin.py:188} INFO - [2026-06-11T22:30:33.987+0000] {dag.py:3954} INFO - Setting next_dagrun for tutorial to 2026-06-10 00:00:00+00:00, run_after=2026-06-11 00:00:00+00:00
[2026-06-11T22:30:34.003+0000] {processor.py:183} INFO - Processing /home/airflow/.local/lib/python3.12/site-packages/airflow/example_dags/tutorial.py took 0.069 seconds
[2026-06-11T22:31:04.360+0000] {processor.py:161} INFO - Started process (PID=2847) to work on /home/airflow/.local/lib/python3.12/site-packages/airflow/example_dags/tutorial.py
[2026-06-11T22:31:04.361+0000] {processor.py:830} INFO - Processing file /home/airflow/.local/lib/python3.12/site-packages/airflow/example_dags/tutorial.py for tasks to queue
[2026-06-11T22:31:04.365+0000] {logging_mixin.py:188} INFO - [2026-06-11T22:31:04.365+0000] {dagbag.py:545} INFO - Filling up the DagBag from /home/airflow/.local/lib/python3.12/site-packages/airflow/example_dags/tutorial.py
[2026-06-11T22:31:04.382+0000] {processor.py:840} INFO - DAG(s) 'tutorial' retrieved from /home/airflow/.local/lib/python3.12/site-packages/airflow/example_dags/tutorial.py
[2026-06-11T22:31:04.435+0000] {logging_mixin.py:188} INFO - [2026-06-11T22:31:04.435+0000] {dag.py:3096} INFO - Sync 1 DAGs
[2026-06-11T22:31:04.561+0000] {logging_mixin.py:188} INFO - [2026-06-11T22:31:04.561+0000] {dag.py:3954} INFO - Setting next_dagrun for tutorial to 2026-06-10 00:00:00+00:00, run_after=2026-06-11 00:00:00+00:00
[2026-06-11T22:31:04.618+0000] {processor.py:183} INFO - Processing /home/airflow/.local/lib/python3.12/site-packages/airflow/example_dags/tutorial.py took 0.279 seconds
[2026-06-11T22:31:35.497+0000] {processor.py:161} INFO - Started process (PID=2908) to work on /home/airflow/.local/lib/python3.12/site-packages/airflow/example_dags/tutorial.py
[2026-06-11T22:31:35.497+0000] {processor.py:830} INFO - Processing file /home/airflow/.local/lib/python3.12/site-packages/airflow/example_dags/tutorial.py for tasks to queue
[2026-06-11T22:31:35.500+0000] {logging_mixin.py:188} INFO - [2026-06-11T22:31:35.499+0000] {dagbag.py:545} INFO - Filling up the DagBag from /home/airflow/.local/lib/python3.12/site-packages/airflow/example_dags/tutorial.py
[2026-06-11T22:31:35.506+0000] {processor.py:840} INFO - DAG(s) 'tutorial' retrieved from /home/airflow/.local/lib/python3.12/site-packages/airflow/example_dags/tutorial.py
[2026-06-11T22:31:35.531+0000] {logging_mixin.py:188} INFO - [2026-06-11T22:31:35.530+0000] {dag.py:3096} INFO - Sync 1 DAGs
[2026-06-11T22:31:35.564+0000] {logging_mixin.py:188} INFO - [2026-06-11T22:31:35.564+0000] {dag.py:3954} INFO - Setting next_dagrun for tutorial to 2026-06-10 00:00:00+00:00, run_after=2026-06-11 00:00:00+00:00
[2026-06-11T22:31:35.585+0000] {processor.py:183} INFO - Processing /home/airflow/.local/lib/python3.12/site-packages/airflow/example_dags/tutorial.py took 0.095 seconds
[2026-06-11T22:32:06.518+0000] {processor.py:161} INFO - Started process (PID=2969) to work on /home/airflow/.local/lib/python3.12/site-packages/airflow/example_dags/tutorial.py
[2026-06-11T22:32:06.519+0000] {processor.py:830} INFO - Processing file /home/airflow/.local/lib/python3.12/site-packages/airflow/example_dags/tutorial.py for tasks to queue
[2026-06-11T22:32:06.521+0000] {logging_mixin.py:188} INFO - [2026-06-11T22:32:06.521+0000] {dagbag.py:545} INFO - Filling up the DagBag from /home/airflow/.local/lib/python3.12/site-packages/airflow/example_dags/tutorial.py
[2026-06-11T22:32:06.528+0000] {processor.py:840} INFO - DAG(s) 'tutorial' retrieved from /home/airflow/.local/lib/python3.12/site-packages/airflow/example_dags/tutorial.py
[2026-06-11T22:32:06.552+0000] {logging_mixin.py:188} INFO - [2026-06-11T22:32:06.552+0000] {dag.py:3096} INFO - Sync 1 DAGs
[2026-06-11T22:32:06.581+0000] {logging_mixin.py:188} INFO - [2026-06-11T22:32:06.580+0000] {dag.py:3954} INFO - Setting next_dagrun for tutorial to 2026-06-10 00:00:00+00:00, run_after=2026-06-11 00:00:00+00:00
[2026-06-11T22:32:06.606+0000] {processor.py:183} INFO - Processing /home/airflow/.local/lib/python3.12/site-packages/airflow/example_dags/tutorial.py took 0.094 seconds
[2026-06-11T22:32:37.099+0000] {processor.py:161} INFO - Started process (PID=3030) to work on /home/airflow/.local/lib/python3.12/site-packages/airflow/example_dags/tutorial.py
[2026-06-11T22:32:37.100+0000] {processor.py:830} INFO - Processing file /home/airflow/.local/lib/python3.12/site-packages/airflow/example_dags/tutorial.py for tasks to queue
[2026-06-11T22:32:37.102+0000] {logging_mixin.py:188} INFO - [2026-06-11T22:32:37.102+0000] {dagbag.py:545} INFO - Filling up the DagBag from /home/airflow/.local/lib/python3.12/site-packages/airflow/example_dags/tutorial.py
[2026-06-11T22:32:37.109+0000] {processor.py:840} INFO - DAG(s) 'tutorial' retrieved from /home/airflow/.local/lib/python3.12/site-packages/airflow/example_dags/tutorial.py
[2026-06-11T22:32:37.134+0000] {logging_mixin.py:188} INFO - [2026-06-11T22:32:37.134+0000] {dag.py:3096} INFO - Sync 1 DAGs
[2026-06-11T22:32:37.167+0000] {logging_mixin.py:188} INFO - [2026-06-11T22:32:37.167+0000] {dag.py:3954} INFO - Setting next_dagrun for tutorial to 2026-06-10 00:00:00+00:00, run_after=2026-06-11 00:00:00+00:00
[2026-06-11T22:32:37.231+0000] {processor.py:183} INFO - Processing /home/airflow/.local/lib/python3.12/site-packages/airflow/example_dags/tutorial.py took 0.139 seconds
[2026-06-11T22:33:07.442+0000] {processor.py:161} INFO - Started process (PID=3091) to work on /home/airflow/.local/lib/python3.12/site-packages/airflow/example_dags/tutorial.py
[2026-06-11T22:33:07.444+0000] {processor.py:830} INFO - Processing file /home/airflow/.local/lib/python3.12/site-packages/airflow/example_dags/tutorial.py for tasks to queue
[2026-06-11T22:33:07.449+0000] {logging_mixin.py:188} INFO - [2026-06-11T22:33:07.448+0000] {dagbag.py:545} INFO - Filling up the DagBag from /home/airflow/.local/lib/python3.12/site-packages/airflow/example_dags/tutorial.py
[2026-06-11T22:33:07.470+0000] {processor.py:840} INFO - DAG(s) 'tutorial' retrieved from /home/airflow/.local/lib/python3.12/site-packages/airflow/example_dags/tutorial.py
[2026-06-11T22:33:07.520+0000] {logging_mixin.py:188} INFO - [2026-06-11T22:33:07.520+0000] {dag.py:3096} INFO - Sync 1 DAGs
[2026-06-11T22:33:07.594+0000] {logging_mixin.py:188} INFO - [2026-06-11T22:33:07.587+0000] {dag.py:3954} INFO - Setting next_dagrun for tutorial to 2026-06-10 00:00:00+00:00, run_after=2026-06-11 00:00:00+00:00
[2026-06-11T22:33:07.657+0000] {processor.py:183} INFO - Processing /home/airflow/.local/lib/python3.12/site-packages/airflow/example_dags/tutorial.py took 0.230 seconds
[2026-06-11T22:33:37.748+0000] {processor.py:161} INFO - Started process (PID=3152) to work on /home/airflow/.local/lib/python3.12/site-packages/airflow/example_dags/tutorial.py
[2026-06-11T22:33:37.749+0000] {processor.py:830} INFO - Processing file /home/airflow/.local/lib/python3.12/site-packages/airflow/example_dags/tutorial.py for tasks to queue
[2026-06-11T22:33:37.752+0000] {logging_mixin.py:188} INFO - [2026-06-11T22:33:37.751+0000] {dagbag.py:545} INFO - Filling up the DagBag from /home/airflow/.local/lib/python3.12/site-packages/airflow/example_dags/tutorial.py
[2026-06-11T22:33:37.759+0000] {processor.py:840} INFO - DAG(s) 'tutorial' retrieved from /home/airflow/.local/lib/python3.12/site-packages/airflow/example_dags/tutorial.py
[2026-06-11T22:33:37.780+0000] {logging_mixin.py:188} INFO - [2026-06-11T22:33:37.779+0000] {dag.py:3096} INFO - Sync 1 DAGs
[2026-06-11T22:33:37.804+0000] {logging_mixin.py:188} INFO - [2026-06-11T22:33:37.804+0000] {dag.py:3954} INFO - Setting next_dagrun for tutorial to 2026-06-10 00:00:00+00:00, run_after=2026-06-11 00:00:00+00:00
[2026-06-11T22:33:37.820+0000] {processor.py:183} INFO - Processing /home/airflow/.local/lib/python3.12/site-packages/airflow/example_dags/tutorial.py took 0.083 seconds
[2026-06-11T22:34:07.908+0000] {processor.py:161} INFO - Started process (PID=3213) to work on /home/airflow/.local/lib/python3.12/site-packages/airflow/example_dags/tutorial.py
[2026-06-11T22:34:07.909+0000] {processor.py:830} INFO - Processing file /home/airflow/.local/lib/python3.12/site-packages/airflow/example_dags/tutorial.py for tasks to queue
[2026-06-11T22:34:07.911+0000] {logging_mixin.py:188} INFO - [2026-06-11T22:34:07.911+0000] {dagbag.py:545} INFO - Filling up the DagBag from /home/airflow/.local/lib/python3.12/site-packages/airflow/example_dags/tutorial.py
[2026-06-11T22:34:07.919+0000] {processor.py:840} INFO - DAG(s) 'tutorial' retrieved from /home/airflow/.local/lib/python3.12/site-packages/airflow/example_dags/tutorial.py
[2026-06-11T22:34:07.936+0000] {logging_mixin.py:188} INFO - [2026-06-11T22:34:07.936+0000] {dag.py:3096} INFO - Sync 1 DAGs
[2026-06-11T22:34:07.954+0000] {logging_mixin.py:188} INFO - [2026-06-11T22:34:07.954+0000] {dag.py:3954} INFO - Setting next_dagrun for tutorial to 2026-06-10 00:00:00+00:00, run_after=2026-06-11 00:00:00+00:00
[2026-06-11T22:34:07.970+0000] {processor.py:183} INFO - Processing /home/airflow/.local/lib/python3.12/site-packages/airflow/example_dags/tutorial.py took 0.075 seconds
[2026-06-11T22:34:38.249+0000] {processor.py:161} INFO - Started process (PID=3274) to work on /home/airflow/.local/lib/python3.12/site-packages/airflow/example_dags/tutorial.py
[2026-06-11T22:34:38.250+0000] {processor.py:830} INFO - Processing file /home/airflow/.local/lib/python3.12/site-packages/airflow/example_dags/tutorial.py for tasks to queue
[2026-06-11T22:34:38.252+0000] {logging_mixin.py:188} INFO - [2026-06-11T22:34:38.252+0000] {dagbag.py:545} INFO - Filling up the DagBag from /home/airflow/.local/lib/python3.12/site-packages/airflow/example_dags/tutorial.py
[2026-06-11T22:34:38.259+0000] {processor.py:840} INFO - DAG(s) 'tutorial' retrieved from /home/airflow/.local/lib/python3.12/site-packages/airflow/example_dags/tutorial.py
[2026-06-11T22:34:38.284+0000] {logging_mixin.py:188} INFO - [2026-06-11T22:34:38.283+0000] {dag.py:3096} INFO - Sync 1 DAGs
[2026-06-11T22:34:38.318+0000] {logging_mixin.py:188} INFO - [2026-06-11T22:34:38.317+0000] {dag.py:3954} INFO - Setting next_dagrun for tutorial to 2026-06-10 00:00:00+00:00, run_after=2026-06-11 00:00:00+00:00
[2026-06-11T22:34:38.354+0000] {processor.py:183} INFO - Processing /home/airflow/.local/lib/python3.12/site-packages/airflow/example_dags/tutorial.py took 0.111 seconds
[2026-06-11T22:35:08.571+0000] {processor.py:161} INFO - Started process (PID=3336) to work on /home/airflow/.local/lib/python3.12/site-packages/airflow/example_dags/tutorial.py
[2026-06-11T22:35:08.575+0000] {processor.py:830} INFO - Processing file /home/airflow/.local/lib/python3.12/site-packages/airflow/example_dags/tutorial.py for tasks to queue
[2026-06-11T22:35:08.577+0000] {logging_mixin.py:188} INFO - [2026-06-11T22:35:08.577+0000] {dagbag.py:545} INFO - Filling up the DagBag from /home/airflow/.local/lib/python3.12/site-packages/airflow/example_dags/tutorial.py
[2026-06-11T22:35:08.586+0000] {processor.py:840} INFO - DAG(s) 'tutorial' retrieved from /home/airflow/.local/lib/python3.12/site-packages/airflow/example_dags/tutorial.py
[2026-06-11T22:35:08.701+0000] {logging_mixin.py:188} INFO - [2026-06-11T22:35:08.701+0000] {dag.py:3096} INFO - Sync 1 DAGs
[2026-06-11T22:35:08.791+0000] {logging_mixin.py:188} INFO - [2026-06-11T22:35:08.791+0000] {dag.py:3954} INFO - Setting next_dagrun for tutorial to 2026-06-10 00:00:00+00:00, run_after=2026-06-11 00:00:00+00:00
[2026-06-11T22:35:08.888+0000] {processor.py:183} INFO - Processing /home/airflow/.local/lib/python3.12/site-packages/airflow/example_dags/tutorial.py took 0.328 seconds
[2026-06-11T22:35:39.258+0000] {processor.py:161} INFO - Started process (PID=3397) to work on /home/airflow/.local/lib/python3.12/site-packages/airflow/example_dags/tutorial.py
[2026-06-11T22:35:39.259+0000] {processor.py:830} INFO - Processing file /home/airflow/.local/lib/python3.12/site-packages/airflow/example_dags/tutorial.py for tasks to queue
[2026-06-11T22:35:39.261+0000] {logging_mixin.py:188} INFO - [2026-06-11T22:35:39.261+0000] {dagbag.py:545} INFO - Filling up the DagBag from /home/airflow/.local/lib/python3.12/site-packages/airflow/example_dags/tutorial.py
[2026-06-11T22:35:39.268+0000] {processor.py:840} INFO - DAG(s) 'tutorial' retrieved from /home/airflow/.local/lib/python3.12/site-packages/airflow/example_dags/tutorial.py
[2026-06-11T22:35:39.292+0000] {logging_mixin.py:188} INFO - [2026-06-11T22:35:39.292+0000] {dag.py:3096} INFO - Sync 1 DAGs
[2026-06-11T22:35:39.320+0000] {logging_mixin.py:188} INFO - [2026-06-11T22:35:39.320+0000] {dag.py:3954} INFO - Setting next_dagrun for tutorial to 2026-06-10 00:00:00+00:00, run_after=2026-06-11 00:00:00+00:00
[2026-06-11T22:35:39.339+0000] {processor.py:183} INFO - Processing /home/airflow/.local/lib/python3.12/site-packages/airflow/example_dags/tutorial.py took 0.088 seconds
[2026-06-11T22:36:10.037+0000] {processor.py:161} INFO - Started process (PID=3459) to work on /home/airflow/.local/lib/python3.12/site-packages/airflow/example_dags/tutorial.py
[2026-06-11T22:36:10.038+0000] {processor.py:830} INFO - Processing file /home/airflow/.local/lib/python3.12/site-packages/airflow/example_dags/tutorial.py for tasks to queue
[2026-06-11T22:36:10.040+0000] {logging_mixin.py:188} INFO - [2026-06-11T22:36:10.039+0000] {dagbag.py:545} INFO - Filling up the DagBag from /home/airflow/.local/lib/python3.12/site-packages/airflow/example_dags/tutorial.py
[2026-06-11T22:36:10.046+0000] {processor.py:840} INFO - DAG(s) 'tutorial' retrieved from /home/airflow/.local/lib/python3.12/site-packages/airflow/example_dags/tutorial.py
[2026-06-11T22:36:10.071+0000] {logging_mixin.py:188} INFO - [2026-06-11T22:36:10.071+0000] {dag.py:3096} INFO - Sync 1 DAGs
[2026-06-11T22:36:10.100+0000] {logging_mixin.py:188} INFO - [2026-06-11T22:36:10.100+0000] {dag.py:3954} INFO - Setting next_dagrun for tutorial to 2026-06-10 00:00:00+00:00, run_after=2026-06-11 00:00:00+00:00
[2026-06-11T22:36:10.121+0000] {processor.py:183} INFO - Processing /home/airflow/.local/lib/python3.12/site-packages/airflow/example_dags/tutorial.py took 0.092 seconds
[2026-06-11T22:36:40.971+0000] {processor.py:161} INFO - Started process (PID=3526) to work on /home/airflow/.local/lib/python3.12/site-packages/airflow/example_dags/tutorial.py
[2026-06-11T22:36:40.971+0000] {processor.py:830} INFO - Processing file /home/airflow/.local/lib/python3.12/site-packages/airflow/example_dags/tutorial.py for tasks to queue
[2026-06-11T22:36:40.973+0000] {logging_mixin.py:188} INFO - [2026-06-11T22:36:40.973+0000] {dagbag.py:545} INFO - Filling up the DagBag from /home/airflow/.local/lib/python3.12/site-packages/airflow/example_dags/tutorial.py
[2026-06-11T22:36:40.978+0000] {processor.py:840} INFO - DAG(s) 'tutorial' retrieved from /home/airflow/.local/lib/python3.12/site-packages/airflow/example_dags/tutorial.py
[2026-06-11T22:36:40.995+0000] {logging_mixin.py:188} INFO - [2026-06-11T22:36:40.995+0000] {dag.py:3096} INFO - Sync 1 DAGs
[2026-06-11T22:36:41.014+0000] {logging_mixin.py:188} INFO - [2026-06-11T22:36:41.014+0000] {dag.py:3954} INFO - Setting next_dagrun for tutorial to 2026-06-10 00:00:00+00:00, run_after=2026-06-11 00:00:00+00:00
[2026-06-11T22:36:41.029+0000] {processor.py:183} INFO - Processing /home/airflow/.local/lib/python3.12/site-packages/airflow/example_dags/tutorial.py took 0.063 seconds
[2026-06-11T22:37:12.085+0000] {processor.py:161} INFO - Started process (PID=3589) to work on /home/airflow/.local/lib/python3.12/site-packages/airflow/example_dags/tutorial.py
[2026-06-11T22:37:12.086+0000] {processor.py:830} INFO - Processing file /home/airflow/.local/lib/python3.12/site-packages/airflow/example_dags/tutorial.py for tasks to queue
[2026-06-11T22:37:12.091+0000] {logging_mixin.py:188} INFO - [2026-06-11T22:37:12.090+0000] {dagbag.py:545} INFO - Filling up the DagBag from /home/airflow/.local/lib/python3.12/site-packages/airflow/example_dags/tutorial.py
[2026-06-11T22:37:12.102+0000] {processor.py:840} INFO - DAG(s) 'tutorial' retrieved from /home/airflow/.local/lib/python3.12/site-packages/airflow/example_dags/tutorial.py
[2026-06-11T22:37:12.152+0000] {logging_mixin.py:188} INFO - [2026-06-11T22:37:12.152+0000] {dag.py:3096} INFO - Sync 1 DAGs
[2026-06-11T22:37:12.234+0000] {logging_mixin.py:188} INFO - [2026-06-11T22:37:12.234+0000] {dag.py:3954} INFO - Setting next_dagrun for tutorial to 2026-06-10 00:00:00+00:00, run_after=2026-06-11 00:00:00+00:00
[2026-06-11T22:37:12.278+0000] {processor.py:183} INFO - Processing /home/airflow/.local/lib/python3.12/site-packages/airflow/example_dags/tutorial.py took 0.212 seconds
[2026-06-11T22:37:42.998+0000] {processor.py:161} INFO - Started process (PID=3651) to work on /home/airflow/.local/lib/python3.12/site-packages/airflow/example_dags/tutorial.py
[2026-06-11T22:37:42.999+0000] {processor.py:830} INFO - Processing file /home/airflow/.local/lib/python3.12/site-packages/airflow/example_dags/tutorial.py for tasks to queue
[2026-06-11T22:37:43.001+0000] {logging_mixin.py:188} INFO - [2026-06-11T22:37:43.001+0000] {dagbag.py:545} INFO - Filling up the DagBag from /home/airflow/.local/lib/python3.12/site-packages/airflow/example_dags/tutorial.py
[2026-06-11T22:37:43.007+0000] {processor.py:840} INFO - DAG(s) 'tutorial' retrieved from /home/airflow/.local/lib/python3.12/site-packages/airflow/example_dags/tutorial.py
[2026-06-11T22:37:43.031+0000] {logging_mixin.py:188} INFO - [2026-06-11T22:37:43.031+0000] {dag.py:3096} INFO - Sync 1 DAGs
[2026-06-11T22:37:43.058+0000] {logging_mixin.py:188} INFO - [2026-06-11T22:37:43.058+0000] {dag.py:3954} INFO - Setting next_dagrun for tutorial to 2026-06-10 00:00:00+00:00, run_after=2026-06-11 00:00:00+00:00
[2026-06-11T22:37:43.078+0000] {processor.py:183} INFO - Processing /home/airflow/.local/lib/python3.12/site-packages/airflow/example_dags/tutorial.py took 0.088 seconds
[2026-06-11T22:38:13.511+0000] {processor.py:161} INFO - Started process (PID=3713) to work on /home/airflow/.local/lib/python3.12/site-packages/airflow/example_dags/tutorial.py
[2026-06-11T22:38:13.512+0000] {processor.py:830} INFO - Processing file /home/airflow/.local/lib/python3.12/site-packages/airflow/example_dags/tutorial.py for tasks to queue
[2026-06-11T22:38:13.514+0000] {logging_mixin.py:188} INFO - [2026-06-11T22:38:13.513+0000] {dagbag.py:545} INFO - Filling up the DagBag from /home/airflow/.local/lib/python3.12/site-packages/airflow/example_dags/tutorial.py
[2026-06-11T22:38:13.521+0000] {processor.py:840} INFO - DAG(s) 'tutorial' retrieved from /home/airflow/.local/lib/python3.12/site-packages/airflow/example_dags/tutorial.py
[2026-06-11T22:38:13.545+0000] {logging_mixin.py:188} INFO - [2026-06-11T22:38:13.545+0000] {dag.py:3096} INFO - Sync 1 DAGs
[2026-06-11T22:38:13.572+0000] {logging_mixin.py:188} INFO - [2026-06-11T22:38:13.572+0000] {dag.py:3954} INFO - Setting next_dagrun for tutorial to 2026-06-10 00:00:00+00:00, run_after=2026-06-11 00:00:00+00:00
[2026-06-11T22:38:13.593+0000] {processor.py:183} INFO - Processing /home/airflow/.local/lib/python3.12/site-packages/airflow/example_dags/tutorial.py took 0.090 seconds
[2026-06-11T22:38:43.741+0000] {processor.py:161} INFO - Started process (PID=3775) to work on /home/airflow/.local/lib/python3.12/site-packages/airflow/example_dags/tutorial.py
[2026-06-11T22:38:43.742+0000] {processor.py:830} INFO - Processing file /home/airflow/.local/lib/python3.12/site-packages/airflow/example_dags/tutorial.py for tasks to queue
[2026-06-11T22:38:43.743+0000] {logging_mixin.py:188} INFO - [2026-06-11T22:38:43.743+0000] {dagbag.py:545} INFO - Filling up the DagBag from /home/airflow/.local/lib/python3.12/site-packages/airflow/example_dags/tutorial.py
[2026-06-11T22:38:43.748+0000] {processor.py:840} INFO - DAG(s) 'tutorial' retrieved from /home/airflow/.local/lib/python3.12/site-packages/airflow/example_dags/tutorial.py
[2026-06-11T22:38:43.771+0000] {logging_mixin.py:188} INFO - [2026-06-11T22:38:43.771+0000] {dag.py:3096} INFO - Sync 1 DAGs
[2026-06-11T22:38:43.800+0000] {logging_mixin.py:188} INFO - [2026-06-11T22:38:43.800+0000] {dag.py:3954} INFO - Setting next_dagrun for tutorial to 2026-06-10 00:00:00+00:00, run_after=2026-06-11 00:00:00+00:00
[2026-06-11T22:38:43.821+0000] {processor.py:183} INFO - Processing /home/airflow/.local/lib/python3.12/site-packages/airflow/example_dags/tutorial.py took 0.085 seconds
[2026-06-11T22:39:14.694+0000] {processor.py:161} INFO - Started process (PID=3836) to work on /home/airflow/.local/lib/python3.12/site-packages/airflow/example_dags/tutorial.py
[2026-06-11T22:39:14.696+0000] {processor.py:830} INFO - Processing file /home/airflow/.local/lib/python3.12/site-packages/airflow/example_dags/tutorial.py for tasks to queue
[2026-06-11T22:39:14.702+0000] {logging_mixin.py:188} INFO - [2026-06-11T22:39:14.701+0000] {dagbag.py:545} INFO - Filling up the DagBag from /home/airflow/.local/lib/python3.12/site-packages/airflow/example_dags/tutorial.py
[2026-06-11T22:39:14.713+0000] {processor.py:840} INFO - DAG(s) 'tutorial' retrieved from /home/airflow/.local/lib/python3.12/site-packages/airflow/example_dags/tutorial.py
[2026-06-11T22:39:14.758+0000] {logging_mixin.py:188} INFO - [2026-06-11T22:39:14.758+0000] {dag.py:3096} INFO - Sync 1 DAGs
[2026-06-11T22:39:14.813+0000] {logging_mixin.py:188} INFO - [2026-06-11T22:39:14.810+0000] {dag.py:3954} INFO - Setting next_dagrun for tutorial to 2026-06-10 00:00:00+00:00, run_after=2026-06-11 00:00:00+00:00
[2026-06-11T22:39:14.857+0000] {processor.py:183} INFO - Processing /home/airflow/.local/lib/python3.12/site-packages/airflow/example_dags/tutorial.py took 0.178 seconds
[2026-06-11T22:39:45.351+0000] {processor.py:161} INFO - Started process (PID=3898) to work on /home/airflow/.local/lib/python3.12/site-packages/airflow/example_dags/tutorial.py
[2026-06-11T22:39:45.352+0000] {processor.py:830} INFO - Processing file /home/airflow/.local/lib/python3.12/site-packages/airflow/example_dags/tutorial.py for tasks to queue
[2026-06-11T22:39:45.353+0000] {logging_mixin.py:188} INFO - [2026-06-11T22:39:45.353+0000] {dagbag.py:545} INFO - Filling up the DagBag from /home/airflow/.local/lib/python3.12/site-packages/airflow/example_dags/tutorial.py
[2026-06-11T22:39:45.358+0000] {processor.py:840} INFO - DAG(s) 'tutorial' retrieved from /home/airflow/.local/lib/python3.12/site-packages/airflow/example_dags/tutorial.py
[2026-06-11T22:39:45.375+0000] {logging_mixin.py:188} INFO - [2026-06-11T22:39:45.374+0000] {dag.py:3096} INFO - Sync 1 DAGs
[2026-06-11T22:39:45.393+0000] {logging_mixin.py:188} INFO - [2026-06-11T22:39:45.393+0000] {dag.py:3954} INFO - Setting next_dagrun for tutorial to 2026-06-10 00:00:00+00:00, run_after=2026-06-11 00:00:00+00:00
[2026-06-11T22:39:45.408+0000] {processor.py:183} INFO - Processing /home/airflow/.local/lib/python3.12/site-packages/airflow/example_dags/tutorial.py took 0.061 seconds
[2026-06-11T22:40:15.915+0000] {processor.py:161} INFO - Started process (PID=3960) to work on /home/airflow/.local/lib/python3.12/site-packages/airflow/example_dags/tutorial.py
[2026-06-11T22:40:15.917+0000] {processor.py:830} INFO - Processing file /home/airflow/.local/lib/python3.12/site-packages/airflow/example_dags/tutorial.py for tasks to queue
[2026-06-11T22:40:15.930+0000] {logging_mixin.py:188} INFO - [2026-06-11T22:40:15.927+0000] {dagbag.py:545} INFO - Filling up the DagBag from /home/airflow/.local/lib/python3.12/site-packages/airflow/example_dags/tutorial.py
[2026-06-11T22:40:15.947+0000] {processor.py:840} INFO - DAG(s) 'tutorial' retrieved from /home/airflow/.local/lib/python3.12/site-packages/airflow/example_dags/tutorial.py
[2026-06-11T22:40:16.005+0000] {logging_mixin.py:188} INFO - [2026-06-11T22:40:16.005+0000] {dag.py:3096} INFO - Sync 1 DAGs
[2026-06-11T22:40:16.033+0000] {logging_mixin.py:188} INFO - [2026-06-11T22:40:16.033+0000] {dag.py:3954} INFO - Setting next_dagrun for tutorial to 2026-06-10 00:00:00+00:00, run_after=2026-06-11 00:00:00+00:00
[2026-06-11T22:40:16.055+0000] {processor.py:183} INFO - Processing /home/airflow/.local/lib/python3.12/site-packages/airflow/example_dags/tutorial.py took 0.167 seconds
[2026-06-11T22:40:46.821+0000] {processor.py:161} INFO - Started process (PID=4020) to work on /home/airflow/.local/lib/python3.12/site-packages/airflow/example_dags/tutorial.py
[2026-06-11T22:40:46.822+0000] {processor.py:830} INFO - Processing file /home/airflow/.local/lib/python3.12/site-packages/airflow/example_dags/tutorial.py for tasks to queue
[2026-06-11T22:40:46.824+0000] {logging_mixin.py:188} INFO - [2026-06-11T22:40:46.824+0000] {dagbag.py:545} INFO - Filling up the DagBag from /home/airflow/.local/lib/python3.12/site-packages/airflow/example_dags/tutorial.py
[2026-06-11T22:40:46.830+0000] {processor.py:840} INFO - DAG(s) 'tutorial' retrieved from /home/airflow/.local/lib/python3.12/site-packages/airflow/example_dags/tutorial.py
[2026-06-11T22:40:46.856+0000] {logging_mixin.py:188} INFO - [2026-06-11T22:40:46.856+0000] {dag.py:3096} INFO - Sync 1 DAGs
[2026-06-11T22:40:46.884+0000] {logging_mixin.py:188} INFO - [2026-06-11T22:40:46.884+0000] {dag.py:3954} INFO - Setting next_dagrun for tutorial to 2026-06-10 00:00:00+00:00, run_after=2026-06-11 00:00:00+00:00
[2026-06-11T22:40:46.905+0000] {processor.py:183} INFO - Processing /home/airflow/.local/lib/python3.12/site-packages/airflow/example_dags/tutorial.py took 0.091 seconds
[2026-06-11T22:41:17.311+0000] {processor.py:161} INFO - Started process (PID=4082) to work on /home/airflow/.local/lib/python3.12/site-packages/airflow/example_dags/tutorial.py
[2026-06-11T22:41:17.314+0000] {processor.py:830} INFO - Processing file /home/airflow/.local/lib/python3.12/site-packages/airflow/example_dags/tutorial.py for tasks to queue
[2026-06-11T22:41:17.318+0000] {logging_mixin.py:188} INFO - [2026-06-11T22:41:17.317+0000] {dagbag.py:545} INFO - Filling up the DagBag from /home/airflow/.local/lib/python3.12/site-packages/airflow/example_dags/tutorial.py
[2026-06-11T22:41:17.324+0000] {processor.py:840} INFO - DAG(s) 'tutorial' retrieved from /home/airflow/.local/lib/python3.12/site-packages/airflow/example_dags/tutorial.py
[2026-06-11T22:41:17.351+0000] {logging_mixin.py:188} INFO - [2026-06-11T22:41:17.350+0000] {dag.py:3096} INFO - Sync 1 DAGs
[2026-06-11T22:41:17.377+0000] {logging_mixin.py:188} INFO - [2026-06-11T22:41:17.376+0000] {dag.py:3954} INFO - Setting next_dagrun for tutorial to 2026-06-10 00:00:00+00:00, run_after=2026-06-11 00:00:00+00:00
[2026-06-11T22:41:17.399+0000] {processor.py:183} INFO - Processing /home/airflow/.local/lib/python3.12/site-packages/airflow/example_dags/tutorial.py took 0.107 seconds
[2026-06-11T22:41:47.454+0000] {processor.py:161} INFO - Started process (PID=4144) to work on /home/airflow/.local/lib/python3.12/site-packages/airflow/example_dags/tutorial.py
[2026-06-11T22:41:47.455+0000] {processor.py:830} INFO - Processing file /home/airflow/.local/lib/python3.12/site-packages/airflow/example_dags/tutorial.py for tasks to queue
[2026-06-11T22:41:47.457+0000] {logging_mixin.py:188} INFO - [2026-06-11T22:41:47.457+0000] {dagbag.py:545} INFO - Filling up the DagBag from /home/airflow/.local/lib/python3.12/site-packages/airflow/example_dags/tutorial.py
[2026-06-11T22:41:47.464+0000] {processor.py:840} INFO - DAG(s) 'tutorial' retrieved from /home/airflow/.local/lib/python3.12/site-packages/airflow/example_dags/tutorial.py
[2026-06-11T22:41:47.490+0000] {logging_mixin.py:188} INFO - [2026-06-11T22:41:47.489+0000] {dag.py:3096} INFO - Sync 1 DAGs
[2026-06-11T22:41:47.518+0000] {logging_mixin.py:188} INFO - [2026-06-11T22:41:47.517+0000] {dag.py:3954} INFO - Setting next_dagrun for tutorial to 2026-06-10 00:00:00+00:00, run_after=2026-06-11 00:00:00+00:00
[2026-06-11T22:41:47.541+0000] {processor.py:183} INFO - Processing /home/airflow/.local/lib/python3.12/site-packages/airflow/example_dags/tutorial.py took 0.094 seconds
[2026-06-11T22:42:17.785+0000] {processor.py:161} INFO - Started process (PID=4206) to work on /home/airflow/.local/lib/python3.12/site-packages/airflow/example_dags/tutorial.py
[2026-06-11T22:42:17.786+0000] {processor.py:830} INFO - Processing file /home/airflow/.local/lib/python3.12/site-packages/airflow/example_dags/tutorial.py for tasks to queue
[2026-06-11T22:42:17.788+0000] {logging_mixin.py:188} INFO - [2026-06-11T22:42:17.788+0000] {dagbag.py:545} INFO - Filling up the DagBag from /home/airflow/.local/lib/python3.12/site-packages/airflow/example_dags/tutorial.py
[2026-06-11T22:42:17.794+0000] {processor.py:840} INFO - DAG(s) 'tutorial' retrieved from /home/airflow/.local/lib/python3.12/site-packages/airflow/example_dags/tutorial.py
[2026-06-11T22:42:17.827+0000] {logging_mixin.py:188} INFO - [2026-06-11T22:42:17.827+0000] {dag.py:3096} INFO - Sync 1 DAGs
[2026-06-11T22:42:17.886+0000] {logging_mixin.py:188} INFO - [2026-06-11T22:42:17.886+0000] {dag.py:3954} INFO - Setting next_dagrun for tutorial to 2026-06-10 00:00:00+00:00, run_after=2026-06-11 00:00:00+00:00
[2026-06-11T22:42:17.944+0000] {processor.py:183} INFO - Processing /home/airflow/.local/lib/python3.12/site-packages/airflow/example_dags/tutorial.py took 0.166 seconds
[2026-06-11T22:42:48.226+0000] {processor.py:161} INFO - Started process (PID=4268) to work on /home/airflow/.local/lib/python3.12/site-packages/airflow/example_dags/tutorial.py
[2026-06-11T22:42:48.227+0000] {processor.py:830} INFO - Processing file /home/airflow/.local/lib/python3.12/site-packages/airflow/example_dags/tutorial.py for tasks to queue
[2026-06-11T22:42:48.229+0000] {logging_mixin.py:188} INFO - [2026-06-11T22:42:48.229+0000] {dagbag.py:545} INFO - Filling up the DagBag from /home/airflow/.local/lib/python3.12/site-packages/airflow/example_dags/tutorial.py
[2026-06-11T22:42:48.236+0000] {processor.py:840} INFO - DAG(s) 'tutorial' retrieved from /home/airflow/.local/lib/python3.12/site-packages/airflow/example_dags/tutorial.py
[2026-06-11T22:42:48.272+0000] {logging_mixin.py:188} INFO - [2026-06-11T22:42:48.272+0000] {dag.py:3096} INFO - Sync 1 DAGs
[2026-06-11T22:42:48.301+0000] {logging_mixin.py:188} INFO - [2026-06-11T22:42:48.301+0000] {dag.py:3954} INFO - Setting next_dagrun for tutorial to 2026-06-10 00:00:00+00:00, run_after=2026-06-11 00:00:00+00:00
[2026-06-11T22:42:48.320+0000] {processor.py:183} INFO - Processing /home/airflow/.local/lib/python3.12/site-packages/airflow/example_dags/tutorial.py took 0.101 seconds
[2026-06-11T22:43:19.111+0000] {processor.py:161} INFO - Started process (PID=4330) to work on /home/airflow/.local/lib/python3.12/site-packages/airflow/example_dags/tutorial.py
[2026-06-11T22:43:19.112+0000] {processor.py:830} INFO - Processing file /home/airflow/.local/lib/python3.12/site-packages/airflow/example_dags/tutorial.py for tasks to queue
[2026-06-11T22:43:19.113+0000] {logging_mixin.py:188} INFO - [2026-06-11T22:43:19.113+0000] {dagbag.py:545} INFO - Filling up the DagBag from /home/airflow/.local/lib/python3.12/site-packages/airflow/example_dags/tutorial.py
[2026-06-11T22:43:19.120+0000] {processor.py:840} INFO - DAG(s) 'tutorial' retrieved from /home/airflow/.local/lib/python3.12/site-packages/airflow/example_dags/tutorial.py
[2026-06-11T22:43:19.147+0000] {logging_mixin.py:188} INFO - [2026-06-11T22:43:19.147+0000] {dag.py:3096} INFO - Sync 1 DAGs
[2026-06-11T22:43:19.173+0000] {logging_mixin.py:188} INFO - [2026-06-11T22:43:19.172+0000] {dag.py:3954} INFO - Setting next_dagrun for tutorial to 2026-06-10 00:00:00+00:00, run_after=2026-06-11 00:00:00+00:00
[2026-06-11T22:43:19.193+0000] {processor.py:183} INFO - Processing /home/airflow/.local/lib/python3.12/site-packages/airflow/example_dags/tutorial.py took 0.089 seconds
[2026-06-11T22:43:49.758+0000] {processor.py:161} INFO - Started process (PID=4392) to work on /home/airflow/.local/lib/python3.12/site-packages/airflow/example_dags/tutorial.py
[2026-06-11T22:43:49.762+0000] {processor.py:830} INFO - Processing file /home/airflow/.local/lib/python3.12/site-packages/airflow/example_dags/tutorial.py for tasks to queue
[2026-06-11T22:43:49.767+0000] {logging_mixin.py:188} INFO - [2026-06-11T22:43:49.767+0000] {dagbag.py:545} INFO - Filling up the DagBag from /home/airflow/.local/lib/python3.12/site-packages/airflow/example_dags/tutorial.py
[2026-06-11T22:43:49.788+0000] {processor.py:840} INFO - DAG(s) 'tutorial' retrieved from /home/airflow/.local/lib/python3.12/site-packages/airflow/example_dags/tutorial.py
[2026-06-11T22:43:49.853+0000] {logging_mixin.py:188} INFO - [2026-06-11T22:43:49.852+0000] {dag.py:3096} INFO - Sync 1 DAGs
[2026-06-11T22:43:49.934+0000] {logging_mixin.py:188} INFO - [2026-06-11T22:43:49.933+0000] {dag.py:3954} INFO - Setting next_dagrun for tutorial to 2026-06-10 00:00:00+00:00, run_after=2026-06-11 00:00:00+00:00
[2026-06-11T22:43:49.981+0000] {processor.py:183} INFO - Processing /home/airflow/.local/lib/python3.12/site-packages/airflow/example_dags/tutorial.py took 0.246 seconds
[2026-06-11T22:44:20.039+0000] {processor.py:161} INFO - Started process (PID=4454) to work on /home/airflow/.local/lib/python3.12/site-packages/airflow/example_dags/tutorial.py
[2026-06-11T22:44:20.040+0000] {processor.py:830} INFO - Processing file /home/airflow/.local/lib/python3.12/site-packages/airflow/example_dags/tutorial.py for tasks to queue
[2026-06-11T22:44:20.043+0000] {logging_mixin.py:188} INFO - [2026-06-11T22:44:20.042+0000] {dagbag.py:545} INFO - Filling up the DagBag from /home/airflow/.local/lib/python3.12/site-packages/airflow/example_dags/tutorial.py
[2026-06-11T22:44:20.049+0000] {processor.py:840} INFO - DAG(s) 'tutorial' retrieved from /home/airflow/.local/lib/python3.12/site-packages/airflow/example_dags/tutorial.py
[2026-06-11T22:44:20.075+0000] {logging_mixin.py:188} INFO - [2026-06-11T22:44:20.075+0000] {dag.py:3096} INFO - Sync 1 DAGs
[2026-06-11T22:44:20.104+0000] {logging_mixin.py:188} INFO - [2026-06-11T22:44:20.104+0000] {dag.py:3954} INFO - Setting next_dagrun for tutorial to 2026-06-10 00:00:00+00:00, run_after=2026-06-11 00:00:00+00:00
[2026-06-11T22:44:20.128+0000] {processor.py:183} INFO - Processing /home/airflow/.local/lib/python3.12/site-packages/airflow/example_dags/tutorial.py took 0.097 seconds
[2026-06-11T22:44:50.551+0000] {processor.py:161} INFO - Started process (PID=4515) to work on /home/airflow/.local/lib/python3.12/site-packages/airflow/example_dags/tutorial.py
[2026-06-11T22:44:50.552+0000] {processor.py:830} INFO - Processing file /home/airflow/.local/lib/python3.12/site-packages/airflow/example_dags/tutorial.py for tasks to queue
[2026-06-11T22:44:50.554+0000] {logging_mixin.py:188} INFO - [2026-06-11T22:44:50.554+0000] {dagbag.py:545} INFO - Filling up the DagBag from /home/airflow/.local/lib/python3.12/site-packages/airflow/example_dags/tutorial.py
[2026-06-11T22:44:50.560+0000] {processor.py:840} INFO - DAG(s) 'tutorial' retrieved from /home/airflow/.local/lib/python3.12/site-packages/airflow/example_dags/tutorial.py
[2026-06-11T22:44:50.585+0000] {logging_mixin.py:188} INFO - [2026-06-11T22:44:50.585+0000] {dag.py:3096} INFO - Sync 1 DAGs
[2026-06-11T22:44:50.622+0000] {logging_mixin.py:188} INFO - [2026-06-11T22:44:50.622+0000] {dag.py:3954} INFO - Setting next_dagrun for tutorial to 2026-06-10 00:00:00+00:00, run_after=2026-06-11 00:00:00+00:00
[2026-06-11T22:44:50.641+0000] {processor.py:183} INFO - Processing /home/airflow/.local/lib/python3.12/site-packages/airflow/example_dags/tutorial.py took 0.097 seconds
[2026-06-11T22:45:21.514+0000] {processor.py:161} INFO - Started process (PID=4577) to work on /home/airflow/.local/lib/python3.12/site-packages/airflow/example_dags/tutorial.py
[2026-06-11T22:45:21.515+0000] {processor.py:830} INFO - Processing file /home/airflow/.local/lib/python3.12/site-packages/airflow/example_dags/tutorial.py for tasks to queue
[2026-06-11T22:45:21.517+0000] {logging_mixin.py:188} INFO - [2026-06-11T22:45:21.517+0000] {dagbag.py:545} INFO - Filling up the DagBag from /home/airflow/.local/lib/python3.12/site-packages/airflow/example_dags/tutorial.py
[2026-06-11T22:45:21.524+0000] {processor.py:840} INFO - DAG(s) 'tutorial' retrieved from /home/airflow/.local/lib/python3.12/site-packages/airflow/example_dags/tutorial.py
[2026-06-11T22:45:21.547+0000] {logging_mixin.py:188} INFO - [2026-06-11T22:45:21.547+0000] {dag.py:3096} INFO - Sync 1 DAGs
[2026-06-11T22:45:21.574+0000] {logging_mixin.py:188} INFO - [2026-06-11T22:45:21.574+0000] {dag.py:3954} INFO - Setting next_dagrun for tutorial to 2026-06-10 00:00:00+00:00, run_after=2026-06-11 00:00:00+00:00
[2026-06-11T22:45:21.594+0000] {processor.py:183} INFO - Processing /home/airflow/.local/lib/python3.12/site-packages/airflow/example_dags/tutorial.py took 0.086 seconds
[2026-06-11T22:45:51.898+0000] {processor.py:161} INFO - Started process (PID=4638) to work on /home/airflow/.local/lib/python3.12/site-packages/airflow/example_dags/tutorial.py
[2026-06-11T22:45:51.899+0000] {processor.py:830} INFO - Processing file /home/airflow/.local/lib/python3.12/site-packages/airflow/example_dags/tutorial.py for tasks to queue
[2026-06-11T22:45:51.904+0000] {logging_mixin.py:188} INFO - [2026-06-11T22:45:51.904+0000] {dagbag.py:545} INFO - Filling up the DagBag from /home/airflow/.local/lib/python3.12/site-packages/airflow/example_dags/tutorial.py
[2026-06-11T22:45:51.933+0000] {processor.py:840} INFO - DAG(s) 'tutorial' retrieved from /home/airflow/.local/lib/python3.12/site-packages/airflow/example_dags/tutorial.py
[2026-06-11T22:45:52.021+0000] {logging_mixin.py:188} INFO - [2026-06-11T22:45:52.021+0000] {dag.py:3096} INFO - Sync 1 DAGs
[2026-06-11T22:45:52.066+0000] {logging_mixin.py:188} INFO - [2026-06-11T22:45:52.066+0000] {dag.py:3954} INFO - Setting next_dagrun for tutorial to 2026-06-10 00:00:00+00:00, run_after=2026-06-11 00:00:00+00:00
[2026-06-11T22:45:52.116+0000] {processor.py:183} INFO - Processing /home/airflow/.local/lib/python3.12/site-packages/airflow/example_dags/tutorial.py took 0.235 seconds
[2026-06-11T22:46:22.362+0000] {processor.py:161} INFO - Started process (PID=4700) to work on /home/airflow/.local/lib/python3.12/site-packages/airflow/example_dags/tutorial.py
[2026-06-11T22:46:22.363+0000] {processor.py:830} INFO - Processing file /home/airflow/.local/lib/python3.12/site-packages/airflow/example_dags/tutorial.py for tasks to queue
[2026-06-11T22:46:22.364+0000] {logging_mixin.py:188} INFO - [2026-06-11T22:46:22.364+0000] {dagbag.py:545} INFO - Filling up the DagBag from /home/airflow/.local/lib/python3.12/site-packages/airflow/example_dags/tutorial.py
[2026-06-11T22:46:22.369+0000] {processor.py:840} INFO - DAG(s) 'tutorial' retrieved from /home/airflow/.local/lib/python3.12/site-packages/airflow/example_dags/tutorial.py
[2026-06-11T22:46:22.386+0000] {logging_mixin.py:188} INFO - [2026-06-11T22:46:22.386+0000] {dag.py:3096} INFO - Sync 1 DAGs
[2026-06-11T22:46:22.405+0000] {logging_mixin.py:188} INFO - [2026-06-11T22:46:22.405+0000] {dag.py:3954} INFO - Setting next_dagrun for tutorial to 2026-06-10 00:00:00+00:00, run_after=2026-06-11 00:00:00+00:00
[2026-06-11T22:46:22.421+0000] {processor.py:183} INFO - Processing /home/airflow/.local/lib/python3.12/site-packages/airflow/example_dags/tutorial.py took 0.064 seconds
[2026-06-11T22:46:52.702+0000] {processor.py:161} INFO - Started process (PID=4761) to work on /home/airflow/.local/lib/python3.12/site-packages/airflow/example_dags/tutorial.py
[2026-06-11T22:46:52.703+0000] {processor.py:830} INFO - Processing file /home/airflow/.local/lib/python3.12/site-packages/airflow/example_dags/tutorial.py for tasks to queue
[2026-06-11T22:46:52.705+0000] {logging_mixin.py:188} INFO - [2026-06-11T22:46:52.704+0000] {dagbag.py:545} INFO - Filling up the DagBag from /home/airflow/.local/lib/python3.12/site-packages/airflow/example_dags/tutorial.py
[2026-06-11T22:46:52.711+0000] {processor.py:840} INFO - DAG(s) 'tutorial' retrieved from /home/airflow/.local/lib/python3.12/site-packages/airflow/example_dags/tutorial.py
[2026-06-11T22:46:52.739+0000] {logging_mixin.py:188} INFO - [2026-06-11T22:46:52.739+0000] {dag.py:3096} INFO - Sync 1 DAGs
[2026-06-11T22:46:52.786+0000] {logging_mixin.py:188} INFO - [2026-06-11T22:46:52.786+0000] {dag.py:3954} INFO - Setting next_dagrun for tutorial to 2026-06-10 00:00:00+00:00, run_after=2026-06-11 00:00:00+00:00
[2026-06-11T22:46:52.810+0000] {processor.py:183} INFO - Processing /home/airflow/.local/lib/python3.12/site-packages/airflow/example_dags/tutorial.py took 0.115 seconds
[2026-06-11T22:47:23.263+0000] {processor.py:161} INFO - Started process (PID=4823) to work on /home/airflow/.local/lib/python3.12/site-packages/airflow/example_dags/tutorial.py
[2026-06-11T22:47:23.264+0000] {processor.py:830} INFO - Processing file /home/airflow/.local/lib/python3.12/site-packages/airflow/example_dags/tutorial.py for tasks to queue
[2026-06-11T22:47:23.266+0000] {logging_mixin.py:188} INFO - [2026-06-11T22:47:23.265+0000] {dagbag.py:545} INFO - Filling up the DagBag from /home/airflow/.local/lib/python3.12/site-packages/airflow/example_dags/tutorial.py
[2026-06-11T22:47:23.274+0000] {processor.py:840} INFO - DAG(s) 'tutorial' retrieved from /home/airflow/.local/lib/python3.12/site-packages/airflow/example_dags/tutorial.py
[2026-06-11T22:47:23.321+0000] {logging_mixin.py:188} INFO - [2026-06-11T22:47:23.320+0000] {dag.py:3096} INFO - Sync 1 DAGs
[2026-06-11T22:47:23.376+0000] {logging_mixin.py:188} INFO - [2026-06-11T22:47:23.376+0000] {dag.py:3954} INFO - Setting next_dagrun for tutorial to 2026-06-10 00:00:00+00:00, run_after=2026-06-11 00:00:00+00:00
[2026-06-11T22:47:23.395+0000] {processor.py:183} INFO - Processing /home/airflow/.local/lib/python3.12/site-packages/airflow/example_dags/tutorial.py took 0.140 seconds
[2026-06-11T22:47:53.708+0000] {processor.py:161} INFO - Started process (PID=4885) to work on /home/airflow/.local/lib/python3.12/site-packages/airflow/example_dags/tutorial.py
[2026-06-11T22:47:53.710+0000] {processor.py:830} INFO - Processing file /home/airflow/.local/lib/python3.12/site-packages/airflow/example_dags/tutorial.py for tasks to queue
[2026-06-11T22:47:53.712+0000] {logging_mixin.py:188} INFO - [2026-06-11T22:47:53.711+0000] {dagbag.py:545} INFO - Filling up the DagBag from /home/airflow/.local/lib/python3.12/site-packages/airflow/example_dags/tutorial.py
[2026-06-11T22:47:53.718+0000] {processor.py:840} INFO - DAG(s) 'tutorial' retrieved from /home/airflow/.local/lib/python3.12/site-packages/airflow/example_dags/tutorial.py
[2026-06-11T22:47:53.742+0000] {logging_mixin.py:188} INFO - [2026-06-11T22:47:53.742+0000] {dag.py:3096} INFO - Sync 1 DAGs
[2026-06-11T22:47:53.769+0000] {logging_mixin.py:188} INFO - [2026-06-11T22:47:53.768+0000] {dag.py:3954} INFO - Setting next_dagrun for tutorial to 2026-06-10 00:00:00+00:00, run_after=2026-06-11 00:00:00+00:00
[2026-06-11T22:47:53.790+0000] {processor.py:183} INFO - Processing /home/airflow/.local/lib/python3.12/site-packages/airflow/example_dags/tutorial.py took 0.088 seconds
[2026-06-11T22:48:24.361+0000] {processor.py:161} INFO - Started process (PID=4947) to work on /home/airflow/.local/lib/python3.12/site-packages/airflow/example_dags/tutorial.py
[2026-06-11T22:48:24.362+0000] {processor.py:830} INFO - Processing file /home/airflow/.local/lib/python3.12/site-packages/airflow/example_dags/tutorial.py for tasks to queue
[2026-06-11T22:48:24.364+0000] {logging_mixin.py:188} INFO - [2026-06-11T22:48:24.364+0000] {dagbag.py:545} INFO - Filling up the DagBag from /home/airflow/.local/lib/python3.12/site-packages/airflow/example_dags/tutorial.py
[2026-06-11T22:48:24.371+0000] {processor.py:840} INFO - DAG(s) 'tutorial' retrieved from /home/airflow/.local/lib/python3.12/site-packages/airflow/example_dags/tutorial.py
[2026-06-11T22:48:24.395+0000] {logging_mixin.py:188} INFO - [2026-06-11T22:48:24.395+0000] {dag.py:3096} INFO - Sync 1 DAGs
[2026-06-11T22:48:24.422+0000] {logging_mixin.py:188} INFO - [2026-06-11T22:48:24.422+0000] {dag.py:3954} INFO - Setting next_dagrun for tutorial to 2026-06-10 00:00:00+00:00, run_after=2026-06-11 00:00:00+00:00
[2026-06-11T22:48:24.454+0000] {processor.py:183} INFO - Processing /home/airflow/.local/lib/python3.12/site-packages/airflow/example_dags/tutorial.py took 0.100 seconds
[2026-06-11T22:48:55.161+0000] {processor.py:161} INFO - Started process (PID=5008) to work on /home/airflow/.local/lib/python3.12/site-packages/airflow/example_dags/tutorial.py
[2026-06-11T22:48:55.163+0000] {processor.py:830} INFO - Processing file /home/airflow/.local/lib/python3.12/site-packages/airflow/example_dags/tutorial.py for tasks to queue
[2026-06-11T22:48:55.168+0000] {logging_mixin.py:188} INFO - [2026-06-11T22:48:55.167+0000] {dagbag.py:545} INFO - Filling up the DagBag from /home/airflow/.local/lib/python3.12/site-packages/airflow/example_dags/tutorial.py
[2026-06-11T22:48:55.181+0000] {processor.py:840} INFO - DAG(s) 'tutorial' retrieved from /home/airflow/.local/lib/python3.12/site-packages/airflow/example_dags/tutorial.py
[2026-06-11T22:48:55.205+0000] {logging_mixin.py:188} INFO - [2026-06-11T22:48:55.205+0000] {dag.py:3096} INFO - Sync 1 DAGs
[2026-06-11T22:48:55.233+0000] {logging_mixin.py:188} INFO - [2026-06-11T22:48:55.232+0000] {dag.py:3954} INFO - Setting next_dagrun for tutorial to 2026-06-10 00:00:00+00:00, run_after=2026-06-11 00:00:00+00:00
[2026-06-11T22:48:55.252+0000] {processor.py:183} INFO - Processing /home/airflow/.local/lib/python3.12/site-packages/airflow/example_dags/tutorial.py took 0.099 seconds
[2026-06-11T22:49:25.498+0000] {processor.py:161} INFO - Started process (PID=5068) to work on /home/airflow/.local/lib/python3.12/site-packages/airflow/example_dags/tutorial.py
[2026-06-11T22:49:25.499+0000] {processor.py:830} INFO - Processing file /home/airflow/.local/lib/python3.12/site-packages/airflow/example_dags/tutorial.py for tasks to queue
[2026-06-11T22:49:25.501+0000] {logging_mixin.py:188} INFO - [2026-06-11T22:49:25.501+0000] {dagbag.py:545} INFO - Filling up the DagBag from /home/airflow/.local/lib/python3.12/site-packages/airflow/example_dags/tutorial.py
[2026-06-11T22:49:25.508+0000] {processor.py:840} INFO - DAG(s) 'tutorial' retrieved from /home/airflow/.local/lib/python3.12/site-packages/airflow/example_dags/tutorial.py
[2026-06-11T22:49:25.535+0000] {logging_mixin.py:188} INFO - [2026-06-11T22:49:25.535+0000] {dag.py:3096} INFO - Sync 1 DAGs
[2026-06-11T22:49:25.574+0000] {logging_mixin.py:188} INFO - [2026-06-11T22:49:25.574+0000] {dag.py:3954} INFO - Setting next_dagrun for tutorial to 2026-06-10 00:00:00+00:00, run_after=2026-06-11 00:00:00+00:00
[2026-06-11T22:49:25.601+0000] {processor.py:183} INFO - Processing /home/airflow/.local/lib/python3.12/site-packages/airflow/example_dags/tutorial.py took 0.111 seconds
[2026-06-11T22:49:55.774+0000] {processor.py:161} INFO - Started process (PID=5128) to work on /home/airflow/.local/lib/python3.12/site-packages/airflow/example_dags/tutorial.py
[2026-06-11T22:49:55.775+0000] {processor.py:830} INFO - Processing file /home/airflow/.local/lib/python3.12/site-packages/airflow/example_dags/tutorial.py for tasks to queue
[2026-06-11T22:49:55.777+0000] {logging_mixin.py:188} INFO - [2026-06-11T22:49:55.776+0000] {dagbag.py:545} INFO - Filling up the DagBag from /home/airflow/.local/lib/python3.12/site-packages/airflow/example_dags/tutorial.py
[2026-06-11T22:49:55.783+0000] {processor.py:840} INFO - DAG(s) 'tutorial' retrieved from /home/airflow/.local/lib/python3.12/site-packages/airflow/example_dags/tutorial.py
[2026-06-11T22:49:55.806+0000] {logging_mixin.py:188} INFO - [2026-06-11T22:49:55.806+0000] {dag.py:3096} INFO - Sync 1 DAGs
[2026-06-11T22:49:55.835+0000] {logging_mixin.py:188} INFO - [2026-06-11T22:49:55.835+0000] {dag.py:3954} INFO - Setting next_dagrun for tutorial to 2026-06-10 00:00:00+00:00, run_after=2026-06-11 00:00:00+00:00
[2026-06-11T22:49:55.855+0000] {processor.py:183} INFO - Processing /home/airflow/.local/lib/python3.12/site-packages/airflow/example_dags/tutorial.py took 0.088 seconds
[2026-06-11T22:50:26.469+0000] {processor.py:161} INFO - Started process (PID=5191) to work on /home/airflow/.local/lib/python3.12/site-packages/airflow/example_dags/tutorial.py
[2026-06-11T22:50:26.473+0000] {processor.py:830} INFO - Processing file /home/airflow/.local/lib/python3.12/site-packages/airflow/example_dags/tutorial.py for tasks to queue
[2026-06-11T22:50:26.475+0000] {logging_mixin.py:188} INFO - [2026-06-11T22:50:26.475+0000] {dagbag.py:545} INFO - Filling up the DagBag from /home/airflow/.local/lib/python3.12/site-packages/airflow/example_dags/tutorial.py
[2026-06-11T22:50:26.489+0000] {processor.py:840} INFO - DAG(s) 'tutorial' retrieved from /home/airflow/.local/lib/python3.12/site-packages/airflow/example_dags/tutorial.py
[2026-06-11T22:50:26.549+0000] {logging_mixin.py:188} INFO - [2026-06-11T22:50:26.549+0000] {dag.py:3096} INFO - Sync 1 DAGs
[2026-06-11T22:50:26.627+0000] {logging_mixin.py:188} INFO - [2026-06-11T22:50:26.625+0000] {dag.py:3954} INFO - Setting next_dagrun for tutorial to 2026-06-10 00:00:00+00:00, run_after=2026-06-11 00:00:00+00:00
[2026-06-11T22:50:26.675+0000] {processor.py:183} INFO - Processing /home/airflow/.local/lib/python3.12/site-packages/airflow/example_dags/tutorial.py took 0.214 seconds
[2026-06-11T22:50:57.897+0000] {processor.py:161} INFO - Started process (PID=5253) to work on /home/airflow/.local/lib/python3.12/site-packages/airflow/example_dags/tutorial.py
[2026-06-11T22:50:57.899+0000] {processor.py:830} INFO - Processing file /home/airflow/.local/lib/python3.12/site-packages/airflow/example_dags/tutorial.py for tasks to queue
[2026-06-11T22:50:57.901+0000] {logging_mixin.py:188} INFO - [2026-06-11T22:50:57.900+0000] {dagbag.py:545} INFO - Filling up the DagBag from /home/airflow/.local/lib/python3.12/site-packages/airflow/example_dags/tutorial.py
[2026-06-11T22:50:57.936+0000] {processor.py:840} INFO - DAG(s) 'tutorial' retrieved from /home/airflow/.local/lib/python3.12/site-packages/airflow/example_dags/tutorial.py
[2026-06-11T22:50:58.023+0000] {logging_mixin.py:188} INFO - [2026-06-11T22:50:58.022+0000] {dag.py:3096} INFO - Sync 1 DAGs
[2026-06-11T22:50:58.050+0000] {logging_mixin.py:188} INFO - [2026-06-11T22:50:58.050+0000] {dag.py:3954} INFO - Setting next_dagrun for tutorial to 2026-06-10 00:00:00+00:00, run_after=2026-06-11 00:00:00+00:00
[2026-06-11T22:50:58.071+0000] {processor.py:183} INFO - Processing /home/airflow/.local/lib/python3.12/site-packages/airflow/example_dags/tutorial.py took 0.204 seconds
[2026-06-11T22:51:28.340+0000] {processor.py:161} INFO - Started process (PID=5315) to work on /home/airflow/.local/lib/python3.12/site-packages/airflow/example_dags/tutorial.py
[2026-06-11T22:51:28.341+0000] {processor.py:830} INFO - Processing file /home/airflow/.local/lib/python3.12/site-packages/airflow/example_dags/tutorial.py for tasks to queue
[2026-06-11T22:51:28.343+0000] {logging_mixin.py:188} INFO - [2026-06-11T22:51:28.342+0000] {dagbag.py:545} INFO - Filling up the DagBag from /home/airflow/.local/lib/python3.12/site-packages/airflow/example_dags/tutorial.py
[2026-06-11T22:51:28.357+0000] {processor.py:840} INFO - DAG(s) 'tutorial' retrieved from /home/airflow/.local/lib/python3.12/site-packages/airflow/example_dags/tutorial.py
[2026-06-11T22:51:28.406+0000] {logging_mixin.py:188} INFO - [2026-06-11T22:51:28.405+0000] {dag.py:3096} INFO - Sync 1 DAGs
[2026-06-11T22:51:28.460+0000] {logging_mixin.py:188} INFO - [2026-06-11T22:51:28.459+0000] {dag.py:3954} INFO - Setting next_dagrun for tutorial to 2026-06-10 00:00:00+00:00, run_after=2026-06-11 00:00:00+00:00
[2026-06-11T22:51:28.506+0000] {processor.py:183} INFO - Processing /home/airflow/.local/lib/python3.12/site-packages/airflow/example_dags/tutorial.py took 0.173 seconds
[2026-06-11T22:51:59.669+0000] {processor.py:161} INFO - Started process (PID=5377) to work on /home/airflow/.local/lib/python3.12/site-packages/airflow/example_dags/tutorial.py
[2026-06-11T22:51:59.670+0000] {processor.py:830} INFO - Processing file /home/airflow/.local/lib/python3.12/site-packages/airflow/example_dags/tutorial.py for tasks to queue
[2026-06-11T22:51:59.672+0000] {logging_mixin.py:188} INFO - [2026-06-11T22:51:59.671+0000] {dagbag.py:545} INFO - Filling up the DagBag from /home/airflow/.local/lib/python3.12/site-packages/airflow/example_dags/tutorial.py
[2026-06-11T22:51:59.678+0000] {processor.py:840} INFO - DAG(s) 'tutorial' retrieved from /home/airflow/.local/lib/python3.12/site-packages/airflow/example_dags/tutorial.py
[2026-06-11T22:51:59.704+0000] {logging_mixin.py:188} INFO - [2026-06-11T22:51:59.704+0000] {dag.py:3096} INFO - Sync 1 DAGs
[2026-06-11T22:51:59.736+0000] {logging_mixin.py:188} INFO - [2026-06-11T22:51:59.736+0000] {dag.py:3954} INFO - Setting next_dagrun for tutorial to 2026-06-10 00:00:00+00:00, run_after=2026-06-11 00:00:00+00:00
[2026-06-11T22:51:59.757+0000] {processor.py:183} INFO - Processing /home/airflow/.local/lib/python3.12/site-packages/airflow/example_dags/tutorial.py took 0.095 seconds
[2026-06-11T22:52:30.642+0000] {processor.py:161} INFO - Started process (PID=5439) to work on /home/airflow/.local/lib/python3.12/site-packages/airflow/example_dags/tutorial.py
[2026-06-11T22:52:30.643+0000] {processor.py:830} INFO - Processing file /home/airflow/.local/lib/python3.12/site-packages/airflow/example_dags/tutorial.py for tasks to queue
[2026-06-11T22:52:30.644+0000] {logging_mixin.py:188} INFO - [2026-06-11T22:52:30.644+0000] {dagbag.py:545} INFO - Filling up the DagBag from /home/airflow/.local/lib/python3.12/site-packages/airflow/example_dags/tutorial.py
[2026-06-11T22:52:30.651+0000] {processor.py:840} INFO - DAG(s) 'tutorial' retrieved from /home/airflow/.local/lib/python3.12/site-packages/airflow/example_dags/tutorial.py
[2026-06-11T22:52:30.676+0000] {logging_mixin.py:188} INFO - [2026-06-11T22:52:30.675+0000] {dag.py:3096} INFO - Sync 1 DAGs
[2026-06-11T22:52:30.704+0000] {logging_mixin.py:188} INFO - [2026-06-11T22:52:30.704+0000] {dag.py:3954} INFO - Setting next_dagrun for tutorial to 2026-06-10 00:00:00+00:00, run_after=2026-06-11 00:00:00+00:00
[2026-06-11T22:52:30.726+0000] {processor.py:183} INFO - Processing /home/airflow/.local/lib/python3.12/site-packages/airflow/example_dags/tutorial.py took 0.092 seconds
[2026-06-11T22:53:01.022+0000] {processor.py:161} INFO - Started process (PID=5501) to work on /home/airflow/.local/lib/python3.12/site-packages/airflow/example_dags/tutorial.py
[2026-06-11T22:53:01.023+0000] {processor.py:830} INFO - Processing file /home/airflow/.local/lib/python3.12/site-packages/airflow/example_dags/tutorial.py for tasks to queue
[2026-06-11T22:53:01.025+0000] {logging_mixin.py:188} INFO - [2026-06-11T22:53:01.024+0000] {dagbag.py:545} INFO - Filling up the DagBag from /home/airflow/.local/lib/python3.12/site-packages/airflow/example_dags/tutorial.py
[2026-06-11T22:53:01.032+0000] {processor.py:840} INFO - DAG(s) 'tutorial' retrieved from /home/airflow/.local/lib/python3.12/site-packages/airflow/example_dags/tutorial.py
[2026-06-11T22:53:01.058+0000] {logging_mixin.py:188} INFO - [2026-06-11T22:53:01.057+0000] {dag.py:3096} INFO - Sync 1 DAGs
[2026-06-11T22:53:01.085+0000] {logging_mixin.py:188} INFO - [2026-06-11T22:53:01.085+0000] {dag.py:3954} INFO - Setting next_dagrun for tutorial to 2026-06-10 00:00:00+00:00, run_after=2026-06-11 00:00:00+00:00
[2026-06-11T22:53:01.104+0000] {processor.py:183} INFO - Processing /home/airflow/.local/lib/python3.12/site-packages/airflow/example_dags/tutorial.py took 0.090 seconds
[2026-06-11T22:53:31.554+0000] {processor.py:161} INFO - Started process (PID=5563) to work on /home/airflow/.local/lib/python3.12/site-packages/airflow/example_dags/tutorial.py
[2026-06-11T22:53:31.556+0000] {processor.py:830} INFO - Processing file /home/airflow/.local/lib/python3.12/site-packages/airflow/example_dags/tutorial.py for tasks to queue
[2026-06-11T22:53:31.559+0000] {logging_mixin.py:188} INFO - [2026-06-11T22:53:31.558+0000] {dagbag.py:545} INFO - Filling up the DagBag from /home/airflow/.local/lib/python3.12/site-packages/airflow/example_dags/tutorial.py
[2026-06-11T22:53:31.582+0000] {processor.py:840} INFO - DAG(s) 'tutorial' retrieved from /home/airflow/.local/lib/python3.12/site-packages/airflow/example_dags/tutorial.py
[2026-06-11T22:53:31.611+0000] {logging_mixin.py:188} INFO - [2026-06-11T22:53:31.611+0000] {dag.py:3096} INFO - Sync 1 DAGs
[2026-06-11T22:53:31.640+0000] {logging_mixin.py:188} INFO - [2026-06-11T22:53:31.640+0000] {dag.py:3954} INFO - Setting next_dagrun for tutorial to 2026-06-10 00:00:00+00:00, run_after=2026-06-11 00:00:00+00:00
[2026-06-11T22:53:31.660+0000] {processor.py:183} INFO - Processing /home/airflow/.local/lib/python3.12/site-packages/airflow/example_dags/tutorial.py took 0.114 seconds
[2026-06-11T22:54:01.914+0000] {processor.py:161} INFO - Started process (PID=5625) to work on /home/airflow/.local/lib/python3.12/site-packages/airflow/example_dags/tutorial.py
[2026-06-11T22:54:01.915+0000] {processor.py:830} INFO - Processing file /home/airflow/.local/lib/python3.12/site-packages/airflow/example_dags/tutorial.py for tasks to queue
[2026-06-11T22:54:01.917+0000] {logging_mixin.py:188} INFO - [2026-06-11T22:54:01.917+0000] {dagbag.py:545} INFO - Filling up the DagBag from /home/airflow/.local/lib/python3.12/site-packages/airflow/example_dags/tutorial.py
[2026-06-11T22:54:01.924+0000] {processor.py:840} INFO - DAG(s) 'tutorial' retrieved from /home/airflow/.local/lib/python3.12/site-packages/airflow/example_dags/tutorial.py
[2026-06-11T22:54:01.949+0000] {logging_mixin.py:188} INFO - [2026-06-11T22:54:01.948+0000] {dag.py:3096} INFO - Sync 1 DAGs
[2026-06-11T22:54:01.977+0000] {logging_mixin.py:188} INFO - [2026-06-11T22:54:01.976+0000] {dag.py:3954} INFO - Setting next_dagrun for tutorial to 2026-06-10 00:00:00+00:00, run_after=2026-06-11 00:00:00+00:00
[2026-06-11T22:54:01.997+0000] {processor.py:183} INFO - Processing /home/airflow/.local/lib/python3.12/site-packages/airflow/example_dags/tutorial.py took 0.090 seconds
[2026-06-11T22:54:32.359+0000] {processor.py:161} INFO - Started process (PID=5688) to work on /home/airflow/.local/lib/python3.12/site-packages/airflow/example_dags/tutorial.py
[2026-06-11T22:54:32.360+0000] {processor.py:830} INFO - Processing file /home/airflow/.local/lib/python3.12/site-packages/airflow/example_dags/tutorial.py for tasks to queue
[2026-06-11T22:54:32.362+0000] {logging_mixin.py:188} INFO - [2026-06-11T22:54:32.362+0000] {dagbag.py:545} INFO - Filling up the DagBag from /home/airflow/.local/lib/python3.12/site-packages/airflow/example_dags/tutorial.py
[2026-06-11T22:54:32.369+0000] {processor.py:840} INFO - DAG(s) 'tutorial' retrieved from /home/airflow/.local/lib/python3.12/site-packages/airflow/example_dags/tutorial.py
[2026-06-11T22:54:32.396+0000] {logging_mixin.py:188} INFO - [2026-06-11T22:54:32.396+0000] {dag.py:3096} INFO - Sync 1 DAGs
[2026-06-11T22:54:32.424+0000] {logging_mixin.py:188} INFO - [2026-06-11T22:54:32.423+0000] {dag.py:3954} INFO - Setting next_dagrun for tutorial to 2026-06-10 00:00:00+00:00, run_after=2026-06-11 00:00:00+00:00
[2026-06-11T22:54:32.445+0000] {processor.py:183} INFO - Processing /home/airflow/.local/lib/python3.12/site-packages/airflow/example_dags/tutorial.py took 0.093 seconds
[2026-06-11T22:55:02.698+0000] {processor.py:161} INFO - Started process (PID=5750) to work on /home/airflow/.local/lib/python3.12/site-packages/airflow/example_dags/tutorial.py
[2026-06-11T22:55:02.699+0000] {processor.py:830} INFO - Processing file /home/airflow/.local/lib/python3.12/site-packages/airflow/example_dags/tutorial.py for tasks to queue
[2026-06-11T22:55:02.701+0000] {logging_mixin.py:188} INFO - [2026-06-11T22:55:02.700+0000] {dagbag.py:545} INFO - Filling up the DagBag from /home/airflow/.local/lib/python3.12/site-packages/airflow/example_dags/tutorial.py
[2026-06-11T22:55:02.707+0000] {processor.py:840} INFO - DAG(s) 'tutorial' retrieved from /home/airflow/.local/lib/python3.12/site-packages/airflow/example_dags/tutorial.py
[2026-06-11T22:55:02.734+0000] {logging_mixin.py:188} INFO - [2026-06-11T22:55:02.734+0000] {dag.py:3096} INFO - Sync 1 DAGs
[2026-06-11T22:55:02.764+0000] {logging_mixin.py:188} INFO - [2026-06-11T22:55:02.764+0000] {dag.py:3954} INFO - Setting next_dagrun for tutorial to 2026-06-10 00:00:00+00:00, run_after=2026-06-11 00:00:00+00:00
[2026-06-11T22:55:02.783+0000] {processor.py:183} INFO - Processing /home/airflow/.local/lib/python3.12/site-packages/airflow/example_dags/tutorial.py took 0.093 seconds
[2026-06-11T22:55:32.924+0000] {processor.py:161} INFO - Started process (PID=5812) to work on /home/airflow/.local/lib/python3.12/site-packages/airflow/example_dags/tutorial.py
[2026-06-11T22:55:32.925+0000] {processor.py:830} INFO - Processing file /home/airflow/.local/lib/python3.12/site-packages/airflow/example_dags/tutorial.py for tasks to queue
[2026-06-11T22:55:32.926+0000] {logging_mixin.py:188} INFO - [2026-06-11T22:55:32.926+0000] {dagbag.py:545} INFO - Filling up the DagBag from /home/airflow/.local/lib/python3.12/site-packages/airflow/example_dags/tutorial.py
[2026-06-11T22:55:32.931+0000] {processor.py:840} INFO - DAG(s) 'tutorial' retrieved from /home/airflow/.local/lib/python3.12/site-packages/airflow/example_dags/tutorial.py
[2026-06-11T22:55:32.947+0000] {logging_mixin.py:188} INFO - [2026-06-11T22:55:32.947+0000] {dag.py:3096} INFO - Sync 1 DAGs
[2026-06-11T22:55:32.965+0000] {logging_mixin.py:188} INFO - [2026-06-11T22:55:32.965+0000] {dag.py:3954} INFO - Setting next_dagrun for tutorial to 2026-06-10 00:00:00+00:00, run_after=2026-06-11 00:00:00+00:00
[2026-06-11T22:55:32.980+0000] {processor.py:183} INFO - Processing /home/airflow/.local/lib/python3.12/site-packages/airflow/example_dags/tutorial.py took 0.061 seconds
[2026-06-11T22:56:03.152+0000] {processor.py:161} INFO - Started process (PID=5874) to work on /home/airflow/.local/lib/python3.12/site-packages/airflow/example_dags/tutorial.py
[2026-06-11T22:56:03.153+0000] {processor.py:830} INFO - Processing file /home/airflow/.local/lib/python3.12/site-packages/airflow/example_dags/tutorial.py for tasks to queue
[2026-06-11T22:56:03.155+0000] {logging_mixin.py:188} INFO - [2026-06-11T22:56:03.155+0000] {dagbag.py:545} INFO - Filling up the DagBag from /home/airflow/.local/lib/python3.12/site-packages/airflow/example_dags/tutorial.py
[2026-06-11T22:56:03.161+0000] {processor.py:840} INFO - DAG(s) 'tutorial' retrieved from /home/airflow/.local/lib/python3.12/site-packages/airflow/example_dags/tutorial.py
[2026-06-11T22:56:03.186+0000] {logging_mixin.py:188} INFO - [2026-06-11T22:56:03.186+0000] {dag.py:3096} INFO - Sync 1 DAGs
[2026-06-11T22:56:03.213+0000] {logging_mixin.py:188} INFO - [2026-06-11T22:56:03.213+0000] {dag.py:3954} INFO - Setting next_dagrun for tutorial to 2026-06-10 00:00:00+00:00, run_after=2026-06-11 00:00:00+00:00
[2026-06-11T22:56:03.233+0000] {processor.py:183} INFO - Processing /home/airflow/.local/lib/python3.12/site-packages/airflow/example_dags/tutorial.py took 0.090 seconds
[2026-06-11T22:56:33.617+0000] {processor.py:161} INFO - Started process (PID=5936) to work on /home/airflow/.local/lib/python3.12/site-packages/airflow/example_dags/tutorial.py
[2026-06-11T22:56:33.619+0000] {processor.py:830} INFO - Processing file /home/airflow/.local/lib/python3.12/site-packages/airflow/example_dags/tutorial.py for tasks to queue
[2026-06-11T22:56:33.623+0000] {logging_mixin.py:188} INFO - [2026-06-11T22:56:33.621+0000] {dagbag.py:545} INFO - Filling up the DagBag from /home/airflow/.local/lib/python3.12/site-packages/airflow/example_dags/tutorial.py
[2026-06-11T22:56:33.635+0000] {processor.py:840} INFO - DAG(s) 'tutorial' retrieved from /home/airflow/.local/lib/python3.12/site-packages/airflow/example_dags/tutorial.py
[2026-06-11T22:56:33.680+0000] {logging_mixin.py:188} INFO - [2026-06-11T22:56:33.679+0000] {dag.py:3096} INFO - Sync 1 DAGs
[2026-06-11T22:56:33.709+0000] {logging_mixin.py:188} INFO - [2026-06-11T22:56:33.709+0000] {dag.py:3954} INFO - Setting next_dagrun for tutorial to 2026-06-10 00:00:00+00:00, run_after=2026-06-11 00:00:00+00:00
[2026-06-11T22:56:33.751+0000] {processor.py:183} INFO - Processing /home/airflow/.local/lib/python3.12/site-packages/airflow/example_dags/tutorial.py took 0.144 seconds
