[2026-06-10T21:51:17.053+0000] {processor.py:161} INFO - Started process (PID=93) to work on /home/airflow/.local/lib/python3.12/site-packages/airflow/example_dags/example_python_decorator.py
[2026-06-10T21:51:17.054+0000] {processor.py:830} INFO - Processing file /home/airflow/.local/lib/python3.12/site-packages/airflow/example_dags/example_python_decorator.py for tasks to queue
[2026-06-10T21:51:17.058+0000] {logging_mixin.py:188} INFO - [2026-06-10T21:51:17.058+0000] {dagbag.py:545} INFO - Filling up the DagBag from /home/airflow/.local/lib/python3.12/site-packages/airflow/example_dags/example_python_decorator.py
[2026-06-10T21:51:17.126+0000] {processor.py:840} INFO - DAG(s) 'example_python_decorator' retrieved from /home/airflow/.local/lib/python3.12/site-packages/airflow/example_dags/example_python_decorator.py
[2026-06-10T21:51:17.823+0000] {logging_mixin.py:188} INFO - [2026-06-10T21:51:17.823+0000] {override.py:1829} INFO - Created Permission View: can edit on DAG:example_python_decorator
[2026-06-10T21:51:17.934+0000] {logging_mixin.py:188} INFO - [2026-06-10T21:51:17.933+0000] {override.py:1829} INFO - Created Permission View: can read on DAG:example_python_decorator
[2026-06-10T21:51:17.959+0000] {logging_mixin.py:188} INFO - [2026-06-10T21:51:17.959+0000] {override.py:1829} INFO - Created Permission View: can delete on DAG:example_python_decorator
[2026-06-10T21:51:17.963+0000] {logging_mixin.py:188} INFO - [2026-06-10T21:51:17.963+0000] {dag.py:3096} INFO - Sync 1 DAGs
[2026-06-10T21:51:18.006+0000] {logging_mixin.py:188} INFO - [2026-06-10T21:51:18.006+0000] {dag.py:3118} INFO - Creating ORM DAG for example_python_decorator
[2026-06-10T21:51:18.009+0000] {logging_mixin.py:188} INFO - [2026-06-10T21:51:18.009+0000] {dag.py:3954} INFO - Setting next_dagrun for example_python_decorator to None, run_after=None
[2026-06-10T21:51:18.085+0000] {processor.py:183} INFO - Processing /home/airflow/.local/lib/python3.12/site-packages/airflow/example_dags/example_python_decorator.py took 1.051 seconds
[2026-06-10T21:51:48.556+0000] {processor.py:161} INFO - Started process (PID=152) to work on /home/airflow/.local/lib/python3.12/site-packages/airflow/example_dags/example_python_decorator.py
[2026-06-10T21:51:48.561+0000] {processor.py:830} INFO - Processing file /home/airflow/.local/lib/python3.12/site-packages/airflow/example_dags/example_python_decorator.py for tasks to queue
[2026-06-10T21:51:48.569+0000] {logging_mixin.py:188} INFO - [2026-06-10T21:51:48.568+0000] {dagbag.py:545} INFO - Filling up the DagBag from /home/airflow/.local/lib/python3.12/site-packages/airflow/example_dags/example_python_decorator.py
[2026-06-10T21:51:48.631+0000] {processor.py:840} INFO - DAG(s) 'example_python_decorator' retrieved from /home/airflow/.local/lib/python3.12/site-packages/airflow/example_dags/example_python_decorator.py
[2026-06-10T21:51:48.737+0000] {logging_mixin.py:188} INFO - [2026-06-10T21:51:48.737+0000] {dag.py:3096} INFO - Sync 1 DAGs
[2026-06-10T21:51:48.776+0000] {logging_mixin.py:188} INFO - [2026-06-10T21:51:48.775+0000] {dag.py:3954} INFO - Setting next_dagrun for example_python_decorator to None, run_after=None
[2026-06-10T21:51:48.886+0000] {processor.py:183} INFO - Processing /home/airflow/.local/lib/python3.12/site-packages/airflow/example_dags/example_python_decorator.py took 0.371 seconds
[2026-06-10T21:52:19.518+0000] {processor.py:161} INFO - Started process (PID=210) to work on /home/airflow/.local/lib/python3.12/site-packages/airflow/example_dags/example_python_decorator.py
[2026-06-10T21:52:19.520+0000] {processor.py:830} INFO - Processing file /home/airflow/.local/lib/python3.12/site-packages/airflow/example_dags/example_python_decorator.py for tasks to queue
[2026-06-10T21:52:19.525+0000] {logging_mixin.py:188} INFO - [2026-06-10T21:52:19.524+0000] {dagbag.py:545} INFO - Filling up the DagBag from /home/airflow/.local/lib/python3.12/site-packages/airflow/example_dags/example_python_decorator.py
[2026-06-10T21:52:19.628+0000] {processor.py:840} INFO - DAG(s) 'example_python_decorator' retrieved from /home/airflow/.local/lib/python3.12/site-packages/airflow/example_dags/example_python_decorator.py
[2026-06-10T21:52:19.683+0000] {logging_mixin.py:188} INFO - [2026-06-10T21:52:19.683+0000] {dag.py:3096} INFO - Sync 1 DAGs
[2026-06-10T21:52:19.749+0000] {logging_mixin.py:188} INFO - [2026-06-10T21:52:19.749+0000] {dag.py:3954} INFO - Setting next_dagrun for example_python_decorator to None, run_after=None
[2026-06-10T21:52:19.805+0000] {processor.py:183} INFO - Processing /home/airflow/.local/lib/python3.12/site-packages/airflow/example_dags/example_python_decorator.py took 0.396 seconds
[2026-06-10T21:52:49.972+0000] {processor.py:161} INFO - Started process (PID=269) to work on /home/airflow/.local/lib/python3.12/site-packages/airflow/example_dags/example_python_decorator.py
[2026-06-10T21:52:49.973+0000] {processor.py:830} INFO - Processing file /home/airflow/.local/lib/python3.12/site-packages/airflow/example_dags/example_python_decorator.py for tasks to queue
[2026-06-10T21:52:49.975+0000] {logging_mixin.py:188} INFO - [2026-06-10T21:52:49.975+0000] {dagbag.py:545} INFO - Filling up the DagBag from /home/airflow/.local/lib/python3.12/site-packages/airflow/example_dags/example_python_decorator.py
[2026-06-10T21:52:49.995+0000] {processor.py:840} INFO - DAG(s) 'example_python_decorator' retrieved from /home/airflow/.local/lib/python3.12/site-packages/airflow/example_dags/example_python_decorator.py
[2026-06-10T21:52:50.025+0000] {logging_mixin.py:188} INFO - [2026-06-10T21:52:50.024+0000] {dag.py:3096} INFO - Sync 1 DAGs
[2026-06-10T21:52:50.043+0000] {logging_mixin.py:188} INFO - [2026-06-10T21:52:50.042+0000] {dag.py:3954} INFO - Setting next_dagrun for example_python_decorator to None, run_after=None
[2026-06-10T21:52:50.065+0000] {processor.py:183} INFO - Processing /home/airflow/.local/lib/python3.12/site-packages/airflow/example_dags/example_python_decorator.py took 0.100 seconds
[2026-06-10T21:53:21.028+0000] {processor.py:161} INFO - Started process (PID=328) to work on /home/airflow/.local/lib/python3.12/site-packages/airflow/example_dags/example_python_decorator.py
[2026-06-10T21:53:21.034+0000] {processor.py:830} INFO - Processing file /home/airflow/.local/lib/python3.12/site-packages/airflow/example_dags/example_python_decorator.py for tasks to queue
[2026-06-10T21:53:21.060+0000] {logging_mixin.py:188} INFO - [2026-06-10T21:53:21.060+0000] {dagbag.py:545} INFO - Filling up the DagBag from /home/airflow/.local/lib/python3.12/site-packages/airflow/example_dags/example_python_decorator.py
[2026-06-10T21:53:21.144+0000] {processor.py:840} INFO - DAG(s) 'example_python_decorator' retrieved from /home/airflow/.local/lib/python3.12/site-packages/airflow/example_dags/example_python_decorator.py
[2026-06-10T21:53:21.319+0000] {logging_mixin.py:188} INFO - [2026-06-10T21:53:21.319+0000] {dag.py:3096} INFO - Sync 1 DAGs
[2026-06-10T21:53:21.405+0000] {logging_mixin.py:188} INFO - [2026-06-10T21:53:21.405+0000] {dag.py:3954} INFO - Setting next_dagrun for example_python_decorator to None, run_after=None
[2026-06-10T21:53:21.484+0000] {processor.py:183} INFO - Processing /home/airflow/.local/lib/python3.12/site-packages/airflow/example_dags/example_python_decorator.py took 0.484 seconds
[2026-06-10T21:53:51.715+0000] {processor.py:161} INFO - Started process (PID=389) to work on /home/airflow/.local/lib/python3.12/site-packages/airflow/example_dags/example_python_decorator.py
[2026-06-10T21:53:51.716+0000] {processor.py:830} INFO - Processing file /home/airflow/.local/lib/python3.12/site-packages/airflow/example_dags/example_python_decorator.py for tasks to queue
[2026-06-10T21:53:51.718+0000] {logging_mixin.py:188} INFO - [2026-06-10T21:53:51.718+0000] {dagbag.py:545} INFO - Filling up the DagBag from /home/airflow/.local/lib/python3.12/site-packages/airflow/example_dags/example_python_decorator.py
[2026-06-10T21:53:51.730+0000] {processor.py:840} INFO - DAG(s) 'example_python_decorator' retrieved from /home/airflow/.local/lib/python3.12/site-packages/airflow/example_dags/example_python_decorator.py
[2026-06-10T21:53:51.749+0000] {logging_mixin.py:188} INFO - [2026-06-10T21:53:51.749+0000] {dag.py:3096} INFO - Sync 1 DAGs
[2026-06-10T21:53:51.760+0000] {logging_mixin.py:188} INFO - [2026-06-10T21:53:51.760+0000] {dag.py:3954} INFO - Setting next_dagrun for example_python_decorator to None, run_after=None
[2026-06-10T21:53:51.775+0000] {processor.py:183} INFO - Processing /home/airflow/.local/lib/python3.12/site-packages/airflow/example_dags/example_python_decorator.py took 0.066 seconds
[2026-06-10T21:54:22.130+0000] {processor.py:161} INFO - Started process (PID=445) to work on /home/airflow/.local/lib/python3.12/site-packages/airflow/example_dags/example_python_decorator.py
[2026-06-10T21:54:22.131+0000] {processor.py:830} INFO - Processing file /home/airflow/.local/lib/python3.12/site-packages/airflow/example_dags/example_python_decorator.py for tasks to queue
[2026-06-10T21:54:22.135+0000] {logging_mixin.py:188} INFO - [2026-06-10T21:54:22.134+0000] {dagbag.py:545} INFO - Filling up the DagBag from /home/airflow/.local/lib/python3.12/site-packages/airflow/example_dags/example_python_decorator.py
[2026-06-10T21:54:22.153+0000] {processor.py:840} INFO - DAG(s) 'example_python_decorator' retrieved from /home/airflow/.local/lib/python3.12/site-packages/airflow/example_dags/example_python_decorator.py
[2026-06-10T21:54:22.187+0000] {logging_mixin.py:188} INFO - [2026-06-10T21:54:22.186+0000] {dag.py:3096} INFO - Sync 1 DAGs
[2026-06-10T21:54:22.203+0000] {logging_mixin.py:188} INFO - [2026-06-10T21:54:22.203+0000] {dag.py:3954} INFO - Setting next_dagrun for example_python_decorator to None, run_after=None
[2026-06-10T21:54:22.252+0000] {processor.py:183} INFO - Processing /home/airflow/.local/lib/python3.12/site-packages/airflow/example_dags/example_python_decorator.py took 0.129 seconds
[2026-06-10T21:54:52.522+0000] {processor.py:161} INFO - Started process (PID=506) to work on /home/airflow/.local/lib/python3.12/site-packages/airflow/example_dags/example_python_decorator.py
[2026-06-10T21:54:52.523+0000] {processor.py:830} INFO - Processing file /home/airflow/.local/lib/python3.12/site-packages/airflow/example_dags/example_python_decorator.py for tasks to queue
[2026-06-10T21:54:52.525+0000] {logging_mixin.py:188} INFO - [2026-06-10T21:54:52.525+0000] {dagbag.py:545} INFO - Filling up the DagBag from /home/airflow/.local/lib/python3.12/site-packages/airflow/example_dags/example_python_decorator.py
[2026-06-10T21:54:52.544+0000] {processor.py:840} INFO - DAG(s) 'example_python_decorator' retrieved from /home/airflow/.local/lib/python3.12/site-packages/airflow/example_dags/example_python_decorator.py
[2026-06-10T21:54:52.604+0000] {logging_mixin.py:188} INFO - [2026-06-10T21:54:52.604+0000] {dag.py:3096} INFO - Sync 1 DAGs
[2026-06-10T21:54:52.663+0000] {logging_mixin.py:188} INFO - [2026-06-10T21:54:52.663+0000] {dag.py:3954} INFO - Setting next_dagrun for example_python_decorator to None, run_after=None
[2026-06-10T21:54:52.709+0000] {processor.py:183} INFO - Processing /home/airflow/.local/lib/python3.12/site-packages/airflow/example_dags/example_python_decorator.py took 0.195 seconds
[2026-06-10T21:55:23.003+0000] {processor.py:161} INFO - Started process (PID=562) to work on /home/airflow/.local/lib/python3.12/site-packages/airflow/example_dags/example_python_decorator.py
[2026-06-10T21:55:23.004+0000] {processor.py:830} INFO - Processing file /home/airflow/.local/lib/python3.12/site-packages/airflow/example_dags/example_python_decorator.py for tasks to queue
[2026-06-10T21:55:23.007+0000] {logging_mixin.py:188} INFO - [2026-06-10T21:55:23.006+0000] {dagbag.py:545} INFO - Filling up the DagBag from /home/airflow/.local/lib/python3.12/site-packages/airflow/example_dags/example_python_decorator.py
[2026-06-10T21:55:23.023+0000] {processor.py:840} INFO - DAG(s) 'example_python_decorator' retrieved from /home/airflow/.local/lib/python3.12/site-packages/airflow/example_dags/example_python_decorator.py
[2026-06-10T21:55:23.054+0000] {logging_mixin.py:188} INFO - [2026-06-10T21:55:23.054+0000] {dag.py:3096} INFO - Sync 1 DAGs
[2026-06-10T21:55:23.069+0000] {logging_mixin.py:188} INFO - [2026-06-10T21:55:23.069+0000] {dag.py:3954} INFO - Setting next_dagrun for example_python_decorator to None, run_after=None
[2026-06-10T21:55:23.100+0000] {processor.py:183} INFO - Processing /home/airflow/.local/lib/python3.12/site-packages/airflow/example_dags/example_python_decorator.py took 0.103 seconds
[2026-06-10T21:55:53.495+0000] {processor.py:161} INFO - Started process (PID=622) to work on /home/airflow/.local/lib/python3.12/site-packages/airflow/example_dags/example_python_decorator.py
[2026-06-10T21:55:53.496+0000] {processor.py:830} INFO - Processing file /home/airflow/.local/lib/python3.12/site-packages/airflow/example_dags/example_python_decorator.py for tasks to queue
[2026-06-10T21:55:53.499+0000] {logging_mixin.py:188} INFO - [2026-06-10T21:55:53.498+0000] {dagbag.py:545} INFO - Filling up the DagBag from /home/airflow/.local/lib/python3.12/site-packages/airflow/example_dags/example_python_decorator.py
[2026-06-10T21:55:53.539+0000] {processor.py:840} INFO - DAG(s) 'example_python_decorator' retrieved from /home/airflow/.local/lib/python3.12/site-packages/airflow/example_dags/example_python_decorator.py
[2026-06-10T21:55:53.604+0000] {logging_mixin.py:188} INFO - [2026-06-10T21:55:53.604+0000] {dag.py:3096} INFO - Sync 1 DAGs
[2026-06-10T21:55:53.652+0000] {logging_mixin.py:188} INFO - [2026-06-10T21:55:53.652+0000] {dag.py:3954} INFO - Setting next_dagrun for example_python_decorator to None, run_after=None
[2026-06-10T21:55:53.759+0000] {processor.py:183} INFO - Processing /home/airflow/.local/lib/python3.12/site-packages/airflow/example_dags/example_python_decorator.py took 0.272 seconds
[2026-06-10T21:56:23.841+0000] {processor.py:161} INFO - Started process (PID=682) to work on /home/airflow/.local/lib/python3.12/site-packages/airflow/example_dags/example_python_decorator.py
[2026-06-10T21:56:23.842+0000] {processor.py:830} INFO - Processing file /home/airflow/.local/lib/python3.12/site-packages/airflow/example_dags/example_python_decorator.py for tasks to queue
[2026-06-10T21:56:23.844+0000] {logging_mixin.py:188} INFO - [2026-06-10T21:56:23.843+0000] {dagbag.py:545} INFO - Filling up the DagBag from /home/airflow/.local/lib/python3.12/site-packages/airflow/example_dags/example_python_decorator.py
[2026-06-10T21:56:23.855+0000] {processor.py:840} INFO - DAG(s) 'example_python_decorator' retrieved from /home/airflow/.local/lib/python3.12/site-packages/airflow/example_dags/example_python_decorator.py
[2026-06-10T21:56:23.874+0000] {logging_mixin.py:188} INFO - [2026-06-10T21:56:23.874+0000] {dag.py:3096} INFO - Sync 1 DAGs
[2026-06-10T21:56:23.886+0000] {logging_mixin.py:188} INFO - [2026-06-10T21:56:23.885+0000] {dag.py:3954} INFO - Setting next_dagrun for example_python_decorator to None, run_after=None
[2026-06-10T21:56:23.901+0000] {processor.py:183} INFO - Processing /home/airflow/.local/lib/python3.12/site-packages/airflow/example_dags/example_python_decorator.py took 0.066 seconds
[2026-06-10T21:56:53.989+0000] {processor.py:161} INFO - Started process (PID=741) to work on /home/airflow/.local/lib/python3.12/site-packages/airflow/example_dags/example_python_decorator.py
[2026-06-10T21:56:53.990+0000] {processor.py:830} INFO - Processing file /home/airflow/.local/lib/python3.12/site-packages/airflow/example_dags/example_python_decorator.py for tasks to queue
[2026-06-10T21:56:53.991+0000] {logging_mixin.py:188} INFO - [2026-06-10T21:56:53.991+0000] {dagbag.py:545} INFO - Filling up the DagBag from /home/airflow/.local/lib/python3.12/site-packages/airflow/example_dags/example_python_decorator.py
[2026-06-10T21:56:54.002+0000] {processor.py:840} INFO - DAG(s) 'example_python_decorator' retrieved from /home/airflow/.local/lib/python3.12/site-packages/airflow/example_dags/example_python_decorator.py
[2026-06-10T21:56:54.022+0000] {logging_mixin.py:188} INFO - [2026-06-10T21:56:54.022+0000] {dag.py:3096} INFO - Sync 1 DAGs
[2026-06-10T21:56:54.040+0000] {logging_mixin.py:188} INFO - [2026-06-10T21:56:54.040+0000] {dag.py:3954} INFO - Setting next_dagrun for example_python_decorator to None, run_after=None
[2026-06-10T21:56:54.059+0000] {processor.py:183} INFO - Processing /home/airflow/.local/lib/python3.12/site-packages/airflow/example_dags/example_python_decorator.py took 0.075 seconds
[2026-06-10T21:57:24.673+0000] {processor.py:161} INFO - Started process (PID=800) to work on /home/airflow/.local/lib/python3.12/site-packages/airflow/example_dags/example_python_decorator.py
[2026-06-10T21:57:24.676+0000] {processor.py:830} INFO - Processing file /home/airflow/.local/lib/python3.12/site-packages/airflow/example_dags/example_python_decorator.py for tasks to queue
[2026-06-10T21:57:24.680+0000] {logging_mixin.py:188} INFO - [2026-06-10T21:57:24.680+0000] {dagbag.py:545} INFO - Filling up the DagBag from /home/airflow/.local/lib/python3.12/site-packages/airflow/example_dags/example_python_decorator.py
[2026-06-10T21:57:24.726+0000] {processor.py:840} INFO - DAG(s) 'example_python_decorator' retrieved from /home/airflow/.local/lib/python3.12/site-packages/airflow/example_dags/example_python_decorator.py
[2026-06-10T21:57:24.818+0000] {logging_mixin.py:188} INFO - [2026-06-10T21:57:24.818+0000] {dag.py:3096} INFO - Sync 1 DAGs
[2026-06-10T21:57:24.872+0000] {logging_mixin.py:188} INFO - [2026-06-10T21:57:24.872+0000] {dag.py:3954} INFO - Setting next_dagrun for example_python_decorator to None, run_after=None
[2026-06-10T21:57:24.944+0000] {processor.py:183} INFO - Processing /home/airflow/.local/lib/python3.12/site-packages/airflow/example_dags/example_python_decorator.py took 0.327 seconds
[2026-06-10T21:57:55.202+0000] {processor.py:161} INFO - Started process (PID=859) to work on /home/airflow/.local/lib/python3.12/site-packages/airflow/example_dags/example_python_decorator.py
[2026-06-10T21:57:55.203+0000] {processor.py:830} INFO - Processing file /home/airflow/.local/lib/python3.12/site-packages/airflow/example_dags/example_python_decorator.py for tasks to queue
[2026-06-10T21:57:55.205+0000] {logging_mixin.py:188} INFO - [2026-06-10T21:57:55.204+0000] {dagbag.py:545} INFO - Filling up the DagBag from /home/airflow/.local/lib/python3.12/site-packages/airflow/example_dags/example_python_decorator.py
[2026-06-10T21:57:55.221+0000] {processor.py:840} INFO - DAG(s) 'example_python_decorator' retrieved from /home/airflow/.local/lib/python3.12/site-packages/airflow/example_dags/example_python_decorator.py
[2026-06-10T21:57:55.250+0000] {logging_mixin.py:188} INFO - [2026-06-10T21:57:55.250+0000] {dag.py:3096} INFO - Sync 1 DAGs
[2026-06-10T21:57:55.267+0000] {logging_mixin.py:188} INFO - [2026-06-10T21:57:55.266+0000] {dag.py:3954} INFO - Setting next_dagrun for example_python_decorator to None, run_after=None
[2026-06-10T21:57:55.297+0000] {processor.py:183} INFO - Processing /home/airflow/.local/lib/python3.12/site-packages/airflow/example_dags/example_python_decorator.py took 0.102 seconds
[2026-06-10T21:58:25.358+0000] {processor.py:161} INFO - Started process (PID=918) to work on /home/airflow/.local/lib/python3.12/site-packages/airflow/example_dags/example_python_decorator.py
[2026-06-10T21:58:25.359+0000] {processor.py:830} INFO - Processing file /home/airflow/.local/lib/python3.12/site-packages/airflow/example_dags/example_python_decorator.py for tasks to queue
[2026-06-10T21:58:25.361+0000] {logging_mixin.py:188} INFO - [2026-06-10T21:58:25.361+0000] {dagbag.py:545} INFO - Filling up the DagBag from /home/airflow/.local/lib/python3.12/site-packages/airflow/example_dags/example_python_decorator.py
[2026-06-10T21:58:25.377+0000] {processor.py:840} INFO - DAG(s) 'example_python_decorator' retrieved from /home/airflow/.local/lib/python3.12/site-packages/airflow/example_dags/example_python_decorator.py
[2026-06-10T21:58:25.412+0000] {logging_mixin.py:188} INFO - [2026-06-10T21:58:25.412+0000] {dag.py:3096} INFO - Sync 1 DAGs
[2026-06-10T21:58:25.431+0000] {logging_mixin.py:188} INFO - [2026-06-10T21:58:25.431+0000] {dag.py:3954} INFO - Setting next_dagrun for example_python_decorator to None, run_after=None
[2026-06-10T21:58:25.448+0000] {processor.py:183} INFO - Processing /home/airflow/.local/lib/python3.12/site-packages/airflow/example_dags/example_python_decorator.py took 0.100 seconds
[2026-06-10T21:58:55.620+0000] {processor.py:161} INFO - Started process (PID=977) to work on /home/airflow/.local/lib/python3.12/site-packages/airflow/example_dags/example_python_decorator.py
[2026-06-10T21:58:55.622+0000] {processor.py:830} INFO - Processing file /home/airflow/.local/lib/python3.12/site-packages/airflow/example_dags/example_python_decorator.py for tasks to queue
[2026-06-10T21:58:55.626+0000] {logging_mixin.py:188} INFO - [2026-06-10T21:58:55.625+0000] {dagbag.py:545} INFO - Filling up the DagBag from /home/airflow/.local/lib/python3.12/site-packages/airflow/example_dags/example_python_decorator.py
[2026-06-10T21:58:55.719+0000] {processor.py:840} INFO - DAG(s) 'example_python_decorator' retrieved from /home/airflow/.local/lib/python3.12/site-packages/airflow/example_dags/example_python_decorator.py
[2026-06-10T21:58:55.841+0000] {logging_mixin.py:188} INFO - [2026-06-10T21:58:55.841+0000] {dag.py:3096} INFO - Sync 1 DAGs
[2026-06-10T21:58:55.919+0000] {logging_mixin.py:188} INFO - [2026-06-10T21:58:55.916+0000] {dag.py:3954} INFO - Setting next_dagrun for example_python_decorator to None, run_after=None
[2026-06-10T21:58:55.953+0000] {processor.py:183} INFO - Processing /home/airflow/.local/lib/python3.12/site-packages/airflow/example_dags/example_python_decorator.py took 0.369 seconds
[2026-06-10T21:59:26.214+0000] {processor.py:161} INFO - Started process (PID=1036) to work on /home/airflow/.local/lib/python3.12/site-packages/airflow/example_dags/example_python_decorator.py
[2026-06-10T21:59:26.214+0000] {processor.py:830} INFO - Processing file /home/airflow/.local/lib/python3.12/site-packages/airflow/example_dags/example_python_decorator.py for tasks to queue
[2026-06-10T21:59:26.217+0000] {logging_mixin.py:188} INFO - [2026-06-10T21:59:26.216+0000] {dagbag.py:545} INFO - Filling up the DagBag from /home/airflow/.local/lib/python3.12/site-packages/airflow/example_dags/example_python_decorator.py
[2026-06-10T21:59:26.243+0000] {processor.py:840} INFO - DAG(s) 'example_python_decorator' retrieved from /home/airflow/.local/lib/python3.12/site-packages/airflow/example_dags/example_python_decorator.py
[2026-06-10T21:59:26.311+0000] {logging_mixin.py:188} INFO - [2026-06-10T21:59:26.310+0000] {dag.py:3096} INFO - Sync 1 DAGs
[2026-06-10T21:59:26.325+0000] {logging_mixin.py:188} INFO - [2026-06-10T21:59:26.325+0000] {dag.py:3954} INFO - Setting next_dagrun for example_python_decorator to None, run_after=None
[2026-06-10T21:59:26.343+0000] {processor.py:183} INFO - Processing /home/airflow/.local/lib/python3.12/site-packages/airflow/example_dags/example_python_decorator.py took 0.140 seconds
[2026-06-10T21:59:56.421+0000] {processor.py:161} INFO - Started process (PID=1095) to work on /home/airflow/.local/lib/python3.12/site-packages/airflow/example_dags/example_python_decorator.py
[2026-06-10T21:59:56.423+0000] {processor.py:830} INFO - Processing file /home/airflow/.local/lib/python3.12/site-packages/airflow/example_dags/example_python_decorator.py for tasks to queue
[2026-06-10T21:59:56.433+0000] {logging_mixin.py:188} INFO - [2026-06-10T21:59:56.430+0000] {dagbag.py:545} INFO - Filling up the DagBag from /home/airflow/.local/lib/python3.12/site-packages/airflow/example_dags/example_python_decorator.py
[2026-06-10T21:59:56.540+0000] {processor.py:840} INFO - DAG(s) 'example_python_decorator' retrieved from /home/airflow/.local/lib/python3.12/site-packages/airflow/example_dags/example_python_decorator.py
[2026-06-10T21:59:56.612+0000] {logging_mixin.py:188} INFO - [2026-06-10T21:59:56.612+0000] {dag.py:3096} INFO - Sync 1 DAGs
[2026-06-10T21:59:56.631+0000] {logging_mixin.py:188} INFO - [2026-06-10T21:59:56.631+0000] {dag.py:3954} INFO - Setting next_dagrun for example_python_decorator to None, run_after=None
[2026-06-10T21:59:56.645+0000] {processor.py:183} INFO - Processing /home/airflow/.local/lib/python3.12/site-packages/airflow/example_dags/example_python_decorator.py took 0.241 seconds
[2026-06-10T22:00:26.749+0000] {processor.py:161} INFO - Started process (PID=1154) to work on /home/airflow/.local/lib/python3.12/site-packages/airflow/example_dags/example_python_decorator.py
[2026-06-10T22:00:26.750+0000] {processor.py:830} INFO - Processing file /home/airflow/.local/lib/python3.12/site-packages/airflow/example_dags/example_python_decorator.py for tasks to queue
[2026-06-10T22:00:26.752+0000] {logging_mixin.py:188} INFO - [2026-06-10T22:00:26.752+0000] {dagbag.py:545} INFO - Filling up the DagBag from /home/airflow/.local/lib/python3.12/site-packages/airflow/example_dags/example_python_decorator.py
[2026-06-10T22:00:26.769+0000] {processor.py:840} INFO - DAG(s) 'example_python_decorator' retrieved from /home/airflow/.local/lib/python3.12/site-packages/airflow/example_dags/example_python_decorator.py
[2026-06-10T22:00:26.792+0000] {logging_mixin.py:188} INFO - [2026-06-10T22:00:26.792+0000] {dag.py:3096} INFO - Sync 1 DAGs
[2026-06-10T22:00:26.803+0000] {logging_mixin.py:188} INFO - [2026-06-10T22:00:26.803+0000] {dag.py:3954} INFO - Setting next_dagrun for example_python_decorator to None, run_after=None
[2026-06-10T22:00:26.817+0000] {processor.py:183} INFO - Processing /home/airflow/.local/lib/python3.12/site-packages/airflow/example_dags/example_python_decorator.py took 0.076 seconds
[2026-06-10T22:00:57.082+0000] {processor.py:161} INFO - Started process (PID=1213) to work on /home/airflow/.local/lib/python3.12/site-packages/airflow/example_dags/example_python_decorator.py
[2026-06-10T22:00:57.085+0000] {processor.py:830} INFO - Processing file /home/airflow/.local/lib/python3.12/site-packages/airflow/example_dags/example_python_decorator.py for tasks to queue
[2026-06-10T22:00:57.089+0000] {logging_mixin.py:188} INFO - [2026-06-10T22:00:57.088+0000] {dagbag.py:545} INFO - Filling up the DagBag from /home/airflow/.local/lib/python3.12/site-packages/airflow/example_dags/example_python_decorator.py
[2026-06-10T22:00:57.127+0000] {processor.py:840} INFO - DAG(s) 'example_python_decorator' retrieved from /home/airflow/.local/lib/python3.12/site-packages/airflow/example_dags/example_python_decorator.py
[2026-06-10T22:00:57.158+0000] {logging_mixin.py:188} INFO - [2026-06-10T22:00:57.158+0000] {dag.py:3096} INFO - Sync 1 DAGs
[2026-06-10T22:00:57.174+0000] {logging_mixin.py:188} INFO - [2026-06-10T22:00:57.173+0000] {dag.py:3954} INFO - Setting next_dagrun for example_python_decorator to None, run_after=None
[2026-06-10T22:00:57.190+0000] {processor.py:183} INFO - Processing /home/airflow/.local/lib/python3.12/site-packages/airflow/example_dags/example_python_decorator.py took 0.136 seconds
[2026-06-10T22:01:27.316+0000] {processor.py:161} INFO - Started process (PID=1273) to work on /home/airflow/.local/lib/python3.12/site-packages/airflow/example_dags/example_python_decorator.py
[2026-06-10T22:01:27.317+0000] {processor.py:830} INFO - Processing file /home/airflow/.local/lib/python3.12/site-packages/airflow/example_dags/example_python_decorator.py for tasks to queue
[2026-06-10T22:01:27.319+0000] {logging_mixin.py:188} INFO - [2026-06-10T22:01:27.319+0000] {dagbag.py:545} INFO - Filling up the DagBag from /home/airflow/.local/lib/python3.12/site-packages/airflow/example_dags/example_python_decorator.py
[2026-06-10T22:01:27.335+0000] {processor.py:840} INFO - DAG(s) 'example_python_decorator' retrieved from /home/airflow/.local/lib/python3.12/site-packages/airflow/example_dags/example_python_decorator.py
[2026-06-10T22:01:27.365+0000] {logging_mixin.py:188} INFO - [2026-06-10T22:01:27.364+0000] {dag.py:3096} INFO - Sync 1 DAGs
[2026-06-10T22:01:27.383+0000] {logging_mixin.py:188} INFO - [2026-06-10T22:01:27.383+0000] {dag.py:3954} INFO - Setting next_dagrun for example_python_decorator to None, run_after=None
[2026-06-10T22:01:27.412+0000] {processor.py:183} INFO - Processing /home/airflow/.local/lib/python3.12/site-packages/airflow/example_dags/example_python_decorator.py took 0.103 seconds
[2026-06-10T22:01:57.571+0000] {processor.py:161} INFO - Started process (PID=1333) to work on /home/airflow/.local/lib/python3.12/site-packages/airflow/example_dags/example_python_decorator.py
[2026-06-10T22:01:57.572+0000] {processor.py:830} INFO - Processing file /home/airflow/.local/lib/python3.12/site-packages/airflow/example_dags/example_python_decorator.py for tasks to queue
[2026-06-10T22:01:57.574+0000] {logging_mixin.py:188} INFO - [2026-06-10T22:01:57.574+0000] {dagbag.py:545} INFO - Filling up the DagBag from /home/airflow/.local/lib/python3.12/site-packages/airflow/example_dags/example_python_decorator.py
[2026-06-10T22:01:57.591+0000] {processor.py:840} INFO - DAG(s) 'example_python_decorator' retrieved from /home/airflow/.local/lib/python3.12/site-packages/airflow/example_dags/example_python_decorator.py
[2026-06-10T22:01:57.620+0000] {logging_mixin.py:188} INFO - [2026-06-10T22:01:57.620+0000] {dag.py:3096} INFO - Sync 1 DAGs
[2026-06-10T22:01:57.636+0000] {logging_mixin.py:188} INFO - [2026-06-10T22:01:57.636+0000] {dag.py:3954} INFO - Setting next_dagrun for example_python_decorator to None, run_after=None
[2026-06-10T22:01:57.657+0000] {processor.py:183} INFO - Processing /home/airflow/.local/lib/python3.12/site-packages/airflow/example_dags/example_python_decorator.py took 0.094 seconds
[2026-06-10T22:02:28.114+0000] {processor.py:161} INFO - Started process (PID=1393) to work on /home/airflow/.local/lib/python3.12/site-packages/airflow/example_dags/example_python_decorator.py
[2026-06-10T22:02:28.117+0000] {processor.py:830} INFO - Processing file /home/airflow/.local/lib/python3.12/site-packages/airflow/example_dags/example_python_decorator.py for tasks to queue
[2026-06-10T22:02:28.120+0000] {logging_mixin.py:188} INFO - [2026-06-10T22:02:28.119+0000] {dagbag.py:545} INFO - Filling up the DagBag from /home/airflow/.local/lib/python3.12/site-packages/airflow/example_dags/example_python_decorator.py
[2026-06-10T22:02:28.150+0000] {processor.py:840} INFO - DAG(s) 'example_python_decorator' retrieved from /home/airflow/.local/lib/python3.12/site-packages/airflow/example_dags/example_python_decorator.py
[2026-06-10T22:02:28.225+0000] {logging_mixin.py:188} INFO - [2026-06-10T22:02:28.225+0000] {dag.py:3096} INFO - Sync 1 DAGs
[2026-06-10T22:02:28.269+0000] {logging_mixin.py:188} INFO - [2026-06-10T22:02:28.269+0000] {dag.py:3954} INFO - Setting next_dagrun for example_python_decorator to None, run_after=None
[2026-06-10T22:02:28.304+0000] {processor.py:183} INFO - Processing /home/airflow/.local/lib/python3.12/site-packages/airflow/example_dags/example_python_decorator.py took 0.206 seconds
[2026-06-10T22:02:58.558+0000] {processor.py:161} INFO - Started process (PID=1451) to work on /home/airflow/.local/lib/python3.12/site-packages/airflow/example_dags/example_python_decorator.py
[2026-06-10T22:02:58.561+0000] {processor.py:830} INFO - Processing file /home/airflow/.local/lib/python3.12/site-packages/airflow/example_dags/example_python_decorator.py for tasks to queue
[2026-06-10T22:02:58.565+0000] {logging_mixin.py:188} INFO - [2026-06-10T22:02:58.564+0000] {dagbag.py:545} INFO - Filling up the DagBag from /home/airflow/.local/lib/python3.12/site-packages/airflow/example_dags/example_python_decorator.py
[2026-06-10T22:02:58.629+0000] {processor.py:840} INFO - DAG(s) 'example_python_decorator' retrieved from /home/airflow/.local/lib/python3.12/site-packages/airflow/example_dags/example_python_decorator.py
[2026-06-10T22:02:58.712+0000] {logging_mixin.py:188} INFO - [2026-06-10T22:02:58.712+0000] {dag.py:3096} INFO - Sync 1 DAGs
[2026-06-10T22:02:58.772+0000] {logging_mixin.py:188} INFO - [2026-06-10T22:02:58.772+0000] {dag.py:3954} INFO - Setting next_dagrun for example_python_decorator to None, run_after=None
[2026-06-10T22:02:58.795+0000] {processor.py:183} INFO - Processing /home/airflow/.local/lib/python3.12/site-packages/airflow/example_dags/example_python_decorator.py took 0.259 seconds
[2026-06-10T22:03:29.320+0000] {processor.py:161} INFO - Started process (PID=1511) to work on /home/airflow/.local/lib/python3.12/site-packages/airflow/example_dags/example_python_decorator.py
[2026-06-10T22:03:29.325+0000] {processor.py:830} INFO - Processing file /home/airflow/.local/lib/python3.12/site-packages/airflow/example_dags/example_python_decorator.py for tasks to queue
[2026-06-10T22:03:29.331+0000] {logging_mixin.py:188} INFO - [2026-06-10T22:03:29.331+0000] {dagbag.py:545} INFO - Filling up the DagBag from /home/airflow/.local/lib/python3.12/site-packages/airflow/example_dags/example_python_decorator.py
[2026-06-10T22:03:29.380+0000] {processor.py:840} INFO - DAG(s) 'example_python_decorator' retrieved from /home/airflow/.local/lib/python3.12/site-packages/airflow/example_dags/example_python_decorator.py
[2026-06-10T22:03:29.445+0000] {logging_mixin.py:188} INFO - [2026-06-10T22:03:29.445+0000] {dag.py:3096} INFO - Sync 1 DAGs
[2026-06-10T22:03:29.465+0000] {logging_mixin.py:188} INFO - [2026-06-10T22:03:29.464+0000] {dag.py:3954} INFO - Setting next_dagrun for example_python_decorator to None, run_after=None
[2026-06-10T22:03:29.530+0000] {processor.py:183} INFO - Processing /home/airflow/.local/lib/python3.12/site-packages/airflow/example_dags/example_python_decorator.py took 0.227 seconds
[2026-06-10T22:04:00.223+0000] {processor.py:161} INFO - Started process (PID=1571) to work on /home/airflow/.local/lib/python3.12/site-packages/airflow/example_dags/example_python_decorator.py
[2026-06-10T22:04:00.224+0000] {processor.py:830} INFO - Processing file /home/airflow/.local/lib/python3.12/site-packages/airflow/example_dags/example_python_decorator.py for tasks to queue
[2026-06-10T22:04:00.226+0000] {logging_mixin.py:188} INFO - [2026-06-10T22:04:00.226+0000] {dagbag.py:545} INFO - Filling up the DagBag from /home/airflow/.local/lib/python3.12/site-packages/airflow/example_dags/example_python_decorator.py
[2026-06-10T22:04:00.243+0000] {processor.py:840} INFO - DAG(s) 'example_python_decorator' retrieved from /home/airflow/.local/lib/python3.12/site-packages/airflow/example_dags/example_python_decorator.py
[2026-06-10T22:04:00.272+0000] {logging_mixin.py:188} INFO - [2026-06-10T22:04:00.271+0000] {dag.py:3096} INFO - Sync 1 DAGs
[2026-06-10T22:04:00.291+0000] {logging_mixin.py:188} INFO - [2026-06-10T22:04:00.291+0000] {dag.py:3954} INFO - Setting next_dagrun for example_python_decorator to None, run_after=None
[2026-06-10T22:04:00.311+0000] {processor.py:183} INFO - Processing /home/airflow/.local/lib/python3.12/site-packages/airflow/example_dags/example_python_decorator.py took 0.096 seconds
[2026-06-10T22:04:30.832+0000] {processor.py:161} INFO - Started process (PID=1632) to work on /home/airflow/.local/lib/python3.12/site-packages/airflow/example_dags/example_python_decorator.py
[2026-06-10T22:04:30.833+0000] {processor.py:830} INFO - Processing file /home/airflow/.local/lib/python3.12/site-packages/airflow/example_dags/example_python_decorator.py for tasks to queue
[2026-06-10T22:04:30.835+0000] {logging_mixin.py:188} INFO - [2026-06-10T22:04:30.834+0000] {dagbag.py:545} INFO - Filling up the DagBag from /home/airflow/.local/lib/python3.12/site-packages/airflow/example_dags/example_python_decorator.py
[2026-06-10T22:04:30.851+0000] {processor.py:840} INFO - DAG(s) 'example_python_decorator' retrieved from /home/airflow/.local/lib/python3.12/site-packages/airflow/example_dags/example_python_decorator.py
[2026-06-10T22:04:30.881+0000] {logging_mixin.py:188} INFO - [2026-06-10T22:04:30.881+0000] {dag.py:3096} INFO - Sync 1 DAGs
[2026-06-10T22:04:30.899+0000] {logging_mixin.py:188} INFO - [2026-06-10T22:04:30.899+0000] {dag.py:3954} INFO - Setting next_dagrun for example_python_decorator to None, run_after=None
[2026-06-10T22:04:30.919+0000] {processor.py:183} INFO - Processing /home/airflow/.local/lib/python3.12/site-packages/airflow/example_dags/example_python_decorator.py took 0.094 seconds
[2026-06-10T22:05:01.197+0000] {processor.py:161} INFO - Started process (PID=1691) to work on /home/airflow/.local/lib/python3.12/site-packages/airflow/example_dags/example_python_decorator.py
[2026-06-10T22:05:01.203+0000] {processor.py:830} INFO - Processing file /home/airflow/.local/lib/python3.12/site-packages/airflow/example_dags/example_python_decorator.py for tasks to queue
[2026-06-10T22:05:01.210+0000] {logging_mixin.py:188} INFO - [2026-06-10T22:05:01.210+0000] {dagbag.py:545} INFO - Filling up the DagBag from /home/airflow/.local/lib/python3.12/site-packages/airflow/example_dags/example_python_decorator.py
[2026-06-10T22:05:01.265+0000] {processor.py:840} INFO - DAG(s) 'example_python_decorator' retrieved from /home/airflow/.local/lib/python3.12/site-packages/airflow/example_dags/example_python_decorator.py
[2026-06-10T22:05:01.294+0000] {logging_mixin.py:188} INFO - [2026-06-10T22:05:01.294+0000] {dag.py:3096} INFO - Sync 1 DAGs
[2026-06-10T22:05:01.310+0000] {logging_mixin.py:188} INFO - [2026-06-10T22:05:01.310+0000] {dag.py:3954} INFO - Setting next_dagrun for example_python_decorator to None, run_after=None
[2026-06-10T22:05:01.329+0000] {processor.py:183} INFO - Processing /home/airflow/.local/lib/python3.12/site-packages/airflow/example_dags/example_python_decorator.py took 0.161 seconds
[2026-06-10T22:05:31.556+0000] {processor.py:161} INFO - Started process (PID=1751) to work on /home/airflow/.local/lib/python3.12/site-packages/airflow/example_dags/example_python_decorator.py
[2026-06-10T22:05:31.559+0000] {processor.py:830} INFO - Processing file /home/airflow/.local/lib/python3.12/site-packages/airflow/example_dags/example_python_decorator.py for tasks to queue
[2026-06-10T22:05:31.564+0000] {logging_mixin.py:188} INFO - [2026-06-10T22:05:31.563+0000] {dagbag.py:545} INFO - Filling up the DagBag from /home/airflow/.local/lib/python3.12/site-packages/airflow/example_dags/example_python_decorator.py
[2026-06-10T22:05:31.583+0000] {processor.py:840} INFO - DAG(s) 'example_python_decorator' retrieved from /home/airflow/.local/lib/python3.12/site-packages/airflow/example_dags/example_python_decorator.py
[2026-06-10T22:05:31.610+0000] {logging_mixin.py:188} INFO - [2026-06-10T22:05:31.610+0000] {dag.py:3096} INFO - Sync 1 DAGs
[2026-06-10T22:05:31.626+0000] {logging_mixin.py:188} INFO - [2026-06-10T22:05:31.626+0000] {dag.py:3954} INFO - Setting next_dagrun for example_python_decorator to None, run_after=None
[2026-06-10T22:05:31.644+0000] {processor.py:183} INFO - Processing /home/airflow/.local/lib/python3.12/site-packages/airflow/example_dags/example_python_decorator.py took 0.095 seconds
[2026-06-10T22:06:02.511+0000] {processor.py:161} INFO - Started process (PID=1811) to work on /home/airflow/.local/lib/python3.12/site-packages/airflow/example_dags/example_python_decorator.py
[2026-06-10T22:06:02.512+0000] {processor.py:830} INFO - Processing file /home/airflow/.local/lib/python3.12/site-packages/airflow/example_dags/example_python_decorator.py for tasks to queue
[2026-06-10T22:06:02.514+0000] {logging_mixin.py:188} INFO - [2026-06-10T22:06:02.513+0000] {dagbag.py:545} INFO - Filling up the DagBag from /home/airflow/.local/lib/python3.12/site-packages/airflow/example_dags/example_python_decorator.py
[2026-06-10T22:06:02.545+0000] {processor.py:840} INFO - DAG(s) 'example_python_decorator' retrieved from /home/airflow/.local/lib/python3.12/site-packages/airflow/example_dags/example_python_decorator.py
[2026-06-10T22:06:02.578+0000] {logging_mixin.py:188} INFO - [2026-06-10T22:06:02.578+0000] {dag.py:3096} INFO - Sync 1 DAGs
[2026-06-10T22:06:02.593+0000] {logging_mixin.py:188} INFO - [2026-06-10T22:06:02.592+0000] {dag.py:3954} INFO - Setting next_dagrun for example_python_decorator to None, run_after=None
[2026-06-10T22:06:02.610+0000] {processor.py:183} INFO - Processing /home/airflow/.local/lib/python3.12/site-packages/airflow/example_dags/example_python_decorator.py took 0.106 seconds
[2026-06-10T22:06:33.044+0000] {processor.py:161} INFO - Started process (PID=1871) to work on /home/airflow/.local/lib/python3.12/site-packages/airflow/example_dags/example_python_decorator.py
[2026-06-10T22:06:33.044+0000] {processor.py:830} INFO - Processing file /home/airflow/.local/lib/python3.12/site-packages/airflow/example_dags/example_python_decorator.py for tasks to queue
[2026-06-10T22:06:33.047+0000] {logging_mixin.py:188} INFO - [2026-06-10T22:06:33.046+0000] {dagbag.py:545} INFO - Filling up the DagBag from /home/airflow/.local/lib/python3.12/site-packages/airflow/example_dags/example_python_decorator.py
[2026-06-10T22:06:33.063+0000] {processor.py:840} INFO - DAG(s) 'example_python_decorator' retrieved from /home/airflow/.local/lib/python3.12/site-packages/airflow/example_dags/example_python_decorator.py
[2026-06-10T22:06:33.258+0000] {logging_mixin.py:188} INFO - [2026-06-10T22:06:33.258+0000] {dag.py:3096} INFO - Sync 1 DAGs
[2026-06-10T22:06:33.272+0000] {logging_mixin.py:188} INFO - [2026-06-10T22:06:33.271+0000] {dag.py:3954} INFO - Setting next_dagrun for example_python_decorator to None, run_after=None
[2026-06-10T22:06:33.289+0000] {processor.py:183} INFO - Processing /home/airflow/.local/lib/python3.12/site-packages/airflow/example_dags/example_python_decorator.py took 0.253 seconds
[2026-06-10T22:07:04.070+0000] {processor.py:161} INFO - Started process (PID=1930) to work on /home/airflow/.local/lib/python3.12/site-packages/airflow/example_dags/example_python_decorator.py
[2026-06-10T22:07:04.071+0000] {processor.py:830} INFO - Processing file /home/airflow/.local/lib/python3.12/site-packages/airflow/example_dags/example_python_decorator.py for tasks to queue
[2026-06-10T22:07:04.073+0000] {logging_mixin.py:188} INFO - [2026-06-10T22:07:04.073+0000] {dagbag.py:545} INFO - Filling up the DagBag from /home/airflow/.local/lib/python3.12/site-packages/airflow/example_dags/example_python_decorator.py
[2026-06-10T22:07:04.094+0000] {processor.py:840} INFO - DAG(s) 'example_python_decorator' retrieved from /home/airflow/.local/lib/python3.12/site-packages/airflow/example_dags/example_python_decorator.py
[2026-06-10T22:07:04.136+0000] {logging_mixin.py:188} INFO - [2026-06-10T22:07:04.136+0000] {dag.py:3096} INFO - Sync 1 DAGs
[2026-06-10T22:07:04.153+0000] {logging_mixin.py:188} INFO - [2026-06-10T22:07:04.153+0000] {dag.py:3954} INFO - Setting next_dagrun for example_python_decorator to None, run_after=None
[2026-06-10T22:07:04.173+0000] {processor.py:183} INFO - Processing /home/airflow/.local/lib/python3.12/site-packages/airflow/example_dags/example_python_decorator.py took 0.112 seconds
[2026-06-10T22:07:34.428+0000] {processor.py:161} INFO - Started process (PID=1990) to work on /home/airflow/.local/lib/python3.12/site-packages/airflow/example_dags/example_python_decorator.py
[2026-06-10T22:07:34.429+0000] {processor.py:830} INFO - Processing file /home/airflow/.local/lib/python3.12/site-packages/airflow/example_dags/example_python_decorator.py for tasks to queue
[2026-06-10T22:07:34.432+0000] {logging_mixin.py:188} INFO - [2026-06-10T22:07:34.431+0000] {dagbag.py:545} INFO - Filling up the DagBag from /home/airflow/.local/lib/python3.12/site-packages/airflow/example_dags/example_python_decorator.py
[2026-06-10T22:07:34.450+0000] {processor.py:840} INFO - DAG(s) 'example_python_decorator' retrieved from /home/airflow/.local/lib/python3.12/site-packages/airflow/example_dags/example_python_decorator.py
[2026-06-10T22:07:34.478+0000] {logging_mixin.py:188} INFO - [2026-06-10T22:07:34.478+0000] {dag.py:3096} INFO - Sync 1 DAGs
[2026-06-10T22:07:34.494+0000] {logging_mixin.py:188} INFO - [2026-06-10T22:07:34.494+0000] {dag.py:3954} INFO - Setting next_dagrun for example_python_decorator to None, run_after=None
[2026-06-10T22:07:34.515+0000] {processor.py:183} INFO - Processing /home/airflow/.local/lib/python3.12/site-packages/airflow/example_dags/example_python_decorator.py took 0.094 seconds
[2026-06-10T22:08:04.824+0000] {processor.py:161} INFO - Started process (PID=2050) to work on /home/airflow/.local/lib/python3.12/site-packages/airflow/example_dags/example_python_decorator.py
[2026-06-10T22:08:04.825+0000] {processor.py:830} INFO - Processing file /home/airflow/.local/lib/python3.12/site-packages/airflow/example_dags/example_python_decorator.py for tasks to queue
[2026-06-10T22:08:04.827+0000] {logging_mixin.py:188} INFO - [2026-06-10T22:08:04.827+0000] {dagbag.py:545} INFO - Filling up the DagBag from /home/airflow/.local/lib/python3.12/site-packages/airflow/example_dags/example_python_decorator.py
[2026-06-10T22:08:04.845+0000] {processor.py:840} INFO - DAG(s) 'example_python_decorator' retrieved from /home/airflow/.local/lib/python3.12/site-packages/airflow/example_dags/example_python_decorator.py
[2026-06-10T22:08:04.874+0000] {logging_mixin.py:188} INFO - [2026-06-10T22:08:04.874+0000] {dag.py:3096} INFO - Sync 1 DAGs
[2026-06-10T22:08:04.891+0000] {logging_mixin.py:188} INFO - [2026-06-10T22:08:04.891+0000] {dag.py:3954} INFO - Setting next_dagrun for example_python_decorator to None, run_after=None
[2026-06-10T22:08:04.911+0000] {processor.py:183} INFO - Processing /home/airflow/.local/lib/python3.12/site-packages/airflow/example_dags/example_python_decorator.py took 0.095 seconds
[2026-06-10T22:08:35.235+0000] {processor.py:161} INFO - Started process (PID=2110) to work on /home/airflow/.local/lib/python3.12/site-packages/airflow/example_dags/example_python_decorator.py
[2026-06-10T22:08:35.236+0000] {processor.py:830} INFO - Processing file /home/airflow/.local/lib/python3.12/site-packages/airflow/example_dags/example_python_decorator.py for tasks to queue
[2026-06-10T22:08:35.238+0000] {logging_mixin.py:188} INFO - [2026-06-10T22:08:35.238+0000] {dagbag.py:545} INFO - Filling up the DagBag from /home/airflow/.local/lib/python3.12/site-packages/airflow/example_dags/example_python_decorator.py
[2026-06-10T22:08:35.256+0000] {processor.py:840} INFO - DAG(s) 'example_python_decorator' retrieved from /home/airflow/.local/lib/python3.12/site-packages/airflow/example_dags/example_python_decorator.py
[2026-06-10T22:08:35.285+0000] {logging_mixin.py:188} INFO - [2026-06-10T22:08:35.285+0000] {dag.py:3096} INFO - Sync 1 DAGs
[2026-06-10T22:08:35.301+0000] {logging_mixin.py:188} INFO - [2026-06-10T22:08:35.300+0000] {dag.py:3954} INFO - Setting next_dagrun for example_python_decorator to None, run_after=None
[2026-06-10T22:08:35.320+0000] {processor.py:183} INFO - Processing /home/airflow/.local/lib/python3.12/site-packages/airflow/example_dags/example_python_decorator.py took 0.093 seconds
[2026-06-10T22:09:05.997+0000] {processor.py:161} INFO - Started process (PID=2169) to work on /home/airflow/.local/lib/python3.12/site-packages/airflow/example_dags/example_python_decorator.py
[2026-06-10T22:09:05.998+0000] {processor.py:830} INFO - Processing file /home/airflow/.local/lib/python3.12/site-packages/airflow/example_dags/example_python_decorator.py for tasks to queue
[2026-06-10T22:09:06.000+0000] {logging_mixin.py:188} INFO - [2026-06-10T22:09:06.000+0000] {dagbag.py:545} INFO - Filling up the DagBag from /home/airflow/.local/lib/python3.12/site-packages/airflow/example_dags/example_python_decorator.py
[2026-06-10T22:09:06.017+0000] {processor.py:840} INFO - DAG(s) 'example_python_decorator' retrieved from /home/airflow/.local/lib/python3.12/site-packages/airflow/example_dags/example_python_decorator.py
[2026-06-10T22:09:06.044+0000] {logging_mixin.py:188} INFO - [2026-06-10T22:09:06.044+0000] {dag.py:3096} INFO - Sync 1 DAGs
[2026-06-10T22:09:06.060+0000] {logging_mixin.py:188} INFO - [2026-06-10T22:09:06.059+0000] {dag.py:3954} INFO - Setting next_dagrun for example_python_decorator to None, run_after=None
[2026-06-10T22:09:06.080+0000] {processor.py:183} INFO - Processing /home/airflow/.local/lib/python3.12/site-packages/airflow/example_dags/example_python_decorator.py took 0.091 seconds
[2026-06-10T22:09:36.594+0000] {processor.py:161} INFO - Started process (PID=2229) to work on /home/airflow/.local/lib/python3.12/site-packages/airflow/example_dags/example_python_decorator.py
[2026-06-10T22:09:36.595+0000] {processor.py:830} INFO - Processing file /home/airflow/.local/lib/python3.12/site-packages/airflow/example_dags/example_python_decorator.py for tasks to queue
[2026-06-10T22:09:36.597+0000] {logging_mixin.py:188} INFO - [2026-06-10T22:09:36.597+0000] {dagbag.py:545} INFO - Filling up the DagBag from /home/airflow/.local/lib/python3.12/site-packages/airflow/example_dags/example_python_decorator.py
[2026-06-10T22:09:36.619+0000] {processor.py:840} INFO - DAG(s) 'example_python_decorator' retrieved from /home/airflow/.local/lib/python3.12/site-packages/airflow/example_dags/example_python_decorator.py
[2026-06-10T22:09:36.648+0000] {logging_mixin.py:188} INFO - [2026-06-10T22:09:36.648+0000] {dag.py:3096} INFO - Sync 1 DAGs
[2026-06-10T22:09:36.665+0000] {logging_mixin.py:188} INFO - [2026-06-10T22:09:36.664+0000] {dag.py:3954} INFO - Setting next_dagrun for example_python_decorator to None, run_after=None
[2026-06-10T22:09:36.683+0000] {processor.py:183} INFO - Processing /home/airflow/.local/lib/python3.12/site-packages/airflow/example_dags/example_python_decorator.py took 0.096 seconds
[2026-06-10T22:10:07.801+0000] {processor.py:161} INFO - Started process (PID=2288) to work on /home/airflow/.local/lib/python3.12/site-packages/airflow/example_dags/example_python_decorator.py
[2026-06-10T22:10:07.803+0000] {processor.py:830} INFO - Processing file /home/airflow/.local/lib/python3.12/site-packages/airflow/example_dags/example_python_decorator.py for tasks to queue
[2026-06-10T22:10:07.809+0000] {logging_mixin.py:188} INFO - [2026-06-10T22:10:07.807+0000] {dagbag.py:545} INFO - Filling up the DagBag from /home/airflow/.local/lib/python3.12/site-packages/airflow/example_dags/example_python_decorator.py
[2026-06-10T22:10:07.847+0000] {processor.py:840} INFO - DAG(s) 'example_python_decorator' retrieved from /home/airflow/.local/lib/python3.12/site-packages/airflow/example_dags/example_python_decorator.py
[2026-06-10T22:10:07.941+0000] {logging_mixin.py:188} INFO - [2026-06-10T22:10:07.941+0000] {dag.py:3096} INFO - Sync 1 DAGs
[2026-06-10T22:10:08.023+0000] {logging_mixin.py:188} INFO - [2026-06-10T22:10:08.022+0000] {dag.py:3954} INFO - Setting next_dagrun for example_python_decorator to None, run_after=None
[2026-06-10T22:10:08.128+0000] {processor.py:183} INFO - Processing /home/airflow/.local/lib/python3.12/site-packages/airflow/example_dags/example_python_decorator.py took 0.342 seconds
[2026-06-10T22:10:38.331+0000] {processor.py:161} INFO - Started process (PID=2348) to work on /home/airflow/.local/lib/python3.12/site-packages/airflow/example_dags/example_python_decorator.py
[2026-06-10T22:10:38.332+0000] {processor.py:830} INFO - Processing file /home/airflow/.local/lib/python3.12/site-packages/airflow/example_dags/example_python_decorator.py for tasks to queue
[2026-06-10T22:10:38.334+0000] {logging_mixin.py:188} INFO - [2026-06-10T22:10:38.333+0000] {dagbag.py:545} INFO - Filling up the DagBag from /home/airflow/.local/lib/python3.12/site-packages/airflow/example_dags/example_python_decorator.py
[2026-06-10T22:10:38.353+0000] {processor.py:840} INFO - DAG(s) 'example_python_decorator' retrieved from /home/airflow/.local/lib/python3.12/site-packages/airflow/example_dags/example_python_decorator.py
[2026-06-10T22:10:38.392+0000] {logging_mixin.py:188} INFO - [2026-06-10T22:10:38.392+0000] {dag.py:3096} INFO - Sync 1 DAGs
[2026-06-10T22:10:38.407+0000] {logging_mixin.py:188} INFO - [2026-06-10T22:10:38.407+0000] {dag.py:3954} INFO - Setting next_dagrun for example_python_decorator to None, run_after=None
[2026-06-10T22:10:38.426+0000] {processor.py:183} INFO - Processing /home/airflow/.local/lib/python3.12/site-packages/airflow/example_dags/example_python_decorator.py took 0.103 seconds
[2026-06-10T22:11:08.486+0000] {processor.py:161} INFO - Started process (PID=2408) to work on /home/airflow/.local/lib/python3.12/site-packages/airflow/example_dags/example_python_decorator.py
[2026-06-10T22:11:08.487+0000] {processor.py:830} INFO - Processing file /home/airflow/.local/lib/python3.12/site-packages/airflow/example_dags/example_python_decorator.py for tasks to queue
[2026-06-10T22:11:08.489+0000] {logging_mixin.py:188} INFO - [2026-06-10T22:11:08.489+0000] {dagbag.py:545} INFO - Filling up the DagBag from /home/airflow/.local/lib/python3.12/site-packages/airflow/example_dags/example_python_decorator.py
[2026-06-10T22:11:08.508+0000] {processor.py:840} INFO - DAG(s) 'example_python_decorator' retrieved from /home/airflow/.local/lib/python3.12/site-packages/airflow/example_dags/example_python_decorator.py
[2026-06-10T22:11:08.539+0000] {logging_mixin.py:188} INFO - [2026-06-10T22:11:08.539+0000] {dag.py:3096} INFO - Sync 1 DAGs
[2026-06-10T22:11:08.556+0000] {logging_mixin.py:188} INFO - [2026-06-10T22:11:08.555+0000] {dag.py:3954} INFO - Setting next_dagrun for example_python_decorator to None, run_after=None
[2026-06-10T22:11:08.606+0000] {processor.py:183} INFO - Processing /home/airflow/.local/lib/python3.12/site-packages/airflow/example_dags/example_python_decorator.py took 0.127 seconds
[2026-06-10T22:11:39.165+0000] {processor.py:161} INFO - Started process (PID=2468) to work on /home/airflow/.local/lib/python3.12/site-packages/airflow/example_dags/example_python_decorator.py
[2026-06-10T22:11:39.166+0000] {processor.py:830} INFO - Processing file /home/airflow/.local/lib/python3.12/site-packages/airflow/example_dags/example_python_decorator.py for tasks to queue
[2026-06-10T22:11:39.168+0000] {logging_mixin.py:188} INFO - [2026-06-10T22:11:39.167+0000] {dagbag.py:545} INFO - Filling up the DagBag from /home/airflow/.local/lib/python3.12/site-packages/airflow/example_dags/example_python_decorator.py
[2026-06-10T22:11:39.185+0000] {processor.py:840} INFO - DAG(s) 'example_python_decorator' retrieved from /home/airflow/.local/lib/python3.12/site-packages/airflow/example_dags/example_python_decorator.py
[2026-06-10T22:11:39.211+0000] {logging_mixin.py:188} INFO - [2026-06-10T22:11:39.211+0000] {dag.py:3096} INFO - Sync 1 DAGs
[2026-06-10T22:11:39.227+0000] {logging_mixin.py:188} INFO - [2026-06-10T22:11:39.227+0000] {dag.py:3954} INFO - Setting next_dagrun for example_python_decorator to None, run_after=None
[2026-06-10T22:11:39.247+0000] {processor.py:183} INFO - Processing /home/airflow/.local/lib/python3.12/site-packages/airflow/example_dags/example_python_decorator.py took 0.090 seconds
[2026-06-10T22:12:09.457+0000] {processor.py:161} INFO - Started process (PID=2528) to work on /home/airflow/.local/lib/python3.12/site-packages/airflow/example_dags/example_python_decorator.py
[2026-06-10T22:12:09.458+0000] {processor.py:830} INFO - Processing file /home/airflow/.local/lib/python3.12/site-packages/airflow/example_dags/example_python_decorator.py for tasks to queue
[2026-06-10T22:12:09.460+0000] {logging_mixin.py:188} INFO - [2026-06-10T22:12:09.460+0000] {dagbag.py:545} INFO - Filling up the DagBag from /home/airflow/.local/lib/python3.12/site-packages/airflow/example_dags/example_python_decorator.py
[2026-06-10T22:12:09.484+0000] {processor.py:840} INFO - DAG(s) 'example_python_decorator' retrieved from /home/airflow/.local/lib/python3.12/site-packages/airflow/example_dags/example_python_decorator.py
[2026-06-10T22:12:09.513+0000] {logging_mixin.py:188} INFO - [2026-06-10T22:12:09.513+0000] {dag.py:3096} INFO - Sync 1 DAGs
[2026-06-10T22:12:09.533+0000] {logging_mixin.py:188} INFO - [2026-06-10T22:12:09.533+0000] {dag.py:3954} INFO - Setting next_dagrun for example_python_decorator to None, run_after=None
[2026-06-10T22:12:09.553+0000] {processor.py:183} INFO - Processing /home/airflow/.local/lib/python3.12/site-packages/airflow/example_dags/example_python_decorator.py took 0.103 seconds
[2026-06-10T22:12:39.808+0000] {processor.py:161} INFO - Started process (PID=2586) to work on /home/airflow/.local/lib/python3.12/site-packages/airflow/example_dags/example_python_decorator.py
[2026-06-10T22:12:39.809+0000] {processor.py:830} INFO - Processing file /home/airflow/.local/lib/python3.12/site-packages/airflow/example_dags/example_python_decorator.py for tasks to queue
[2026-06-10T22:12:39.811+0000] {logging_mixin.py:188} INFO - [2026-06-10T22:12:39.811+0000] {dagbag.py:545} INFO - Filling up the DagBag from /home/airflow/.local/lib/python3.12/site-packages/airflow/example_dags/example_python_decorator.py
[2026-06-10T22:12:39.827+0000] {processor.py:840} INFO - DAG(s) 'example_python_decorator' retrieved from /home/airflow/.local/lib/python3.12/site-packages/airflow/example_dags/example_python_decorator.py
[2026-06-10T22:12:39.856+0000] {logging_mixin.py:188} INFO - [2026-06-10T22:12:39.856+0000] {dag.py:3096} INFO - Sync 1 DAGs
[2026-06-10T22:12:39.875+0000] {logging_mixin.py:188} INFO - [2026-06-10T22:12:39.875+0000] {dag.py:3954} INFO - Setting next_dagrun for example_python_decorator to None, run_after=None
[2026-06-10T22:12:39.895+0000] {processor.py:183} INFO - Processing /home/airflow/.local/lib/python3.12/site-packages/airflow/example_dags/example_python_decorator.py took 0.094 seconds
[2026-06-10T22:13:10.257+0000] {processor.py:161} INFO - Started process (PID=2646) to work on /home/airflow/.local/lib/python3.12/site-packages/airflow/example_dags/example_python_decorator.py
[2026-06-10T22:13:10.265+0000] {processor.py:830} INFO - Processing file /home/airflow/.local/lib/python3.12/site-packages/airflow/example_dags/example_python_decorator.py for tasks to queue
[2026-06-10T22:13:10.276+0000] {logging_mixin.py:188} INFO - [2026-06-10T22:13:10.272+0000] {dagbag.py:545} INFO - Filling up the DagBag from /home/airflow/.local/lib/python3.12/site-packages/airflow/example_dags/example_python_decorator.py
[2026-06-10T22:13:10.366+0000] {processor.py:840} INFO - DAG(s) 'example_python_decorator' retrieved from /home/airflow/.local/lib/python3.12/site-packages/airflow/example_dags/example_python_decorator.py
[2026-06-10T22:13:10.451+0000] {logging_mixin.py:188} INFO - [2026-06-10T22:13:10.450+0000] {dag.py:3096} INFO - Sync 1 DAGs
[2026-06-10T22:13:10.501+0000] {logging_mixin.py:188} INFO - [2026-06-10T22:13:10.501+0000] {dag.py:3954} INFO - Setting next_dagrun for example_python_decorator to None, run_after=None
[2026-06-10T22:13:10.545+0000] {processor.py:183} INFO - Processing /home/airflow/.local/lib/python3.12/site-packages/airflow/example_dags/example_python_decorator.py took 0.362 seconds
[2026-06-10T22:15:32.144+0000] {processor.py:161} INFO - Started process (PID=90) to work on /home/airflow/.local/lib/python3.12/site-packages/airflow/example_dags/example_python_decorator.py
[2026-06-10T22:15:32.148+0000] {processor.py:830} INFO - Processing file /home/airflow/.local/lib/python3.12/site-packages/airflow/example_dags/example_python_decorator.py for tasks to queue
[2026-06-10T22:15:32.153+0000] {logging_mixin.py:188} INFO - [2026-06-10T22:15:32.152+0000] {dagbag.py:545} INFO - Filling up the DagBag from /home/airflow/.local/lib/python3.12/site-packages/airflow/example_dags/example_python_decorator.py
[2026-06-10T22:15:32.288+0000] {processor.py:840} INFO - DAG(s) 'example_python_decorator' retrieved from /home/airflow/.local/lib/python3.12/site-packages/airflow/example_dags/example_python_decorator.py
[2026-06-10T22:15:33.059+0000] {logging_mixin.py:188} INFO - [2026-06-10T22:15:33.058+0000] {dag.py:3096} INFO - Sync 1 DAGs
[2026-06-10T22:15:33.114+0000] {logging_mixin.py:188} INFO - [2026-06-10T22:15:33.114+0000] {dag.py:3954} INFO - Setting next_dagrun for example_python_decorator to None, run_after=None
[2026-06-10T22:15:33.264+0000] {processor.py:183} INFO - Processing /home/airflow/.local/lib/python3.12/site-packages/airflow/example_dags/example_python_decorator.py took 1.156 seconds
[2026-06-10T22:16:14.417+0000] {processor.py:161} INFO - Started process (PID=156) to work on /home/airflow/.local/lib/python3.12/site-packages/airflow/example_dags/example_python_decorator.py
[2026-06-10T22:16:14.428+0000] {processor.py:830} INFO - Processing file /home/airflow/.local/lib/python3.12/site-packages/airflow/example_dags/example_python_decorator.py for tasks to queue
[2026-06-10T22:16:14.433+0000] {logging_mixin.py:188} INFO - [2026-06-10T22:16:14.433+0000] {dagbag.py:545} INFO - Filling up the DagBag from /home/airflow/.local/lib/python3.12/site-packages/airflow/example_dags/example_python_decorator.py
[2026-06-10T22:16:14.499+0000] {processor.py:840} INFO - DAG(s) 'example_python_decorator' retrieved from /home/airflow/.local/lib/python3.12/site-packages/airflow/example_dags/example_python_decorator.py
[2026-06-10T22:16:14.697+0000] {logging_mixin.py:188} INFO - [2026-06-10T22:16:14.697+0000] {dag.py:3096} INFO - Sync 1 DAGs
[2026-06-10T22:16:14.815+0000] {logging_mixin.py:188} INFO - [2026-06-10T22:16:14.815+0000] {dag.py:3954} INFO - Setting next_dagrun for example_python_decorator to None, run_after=None
[2026-06-10T22:16:14.921+0000] {processor.py:183} INFO - Processing /home/airflow/.local/lib/python3.12/site-packages/airflow/example_dags/example_python_decorator.py took 0.555 seconds
[2026-06-10T22:16:45.058+0000] {processor.py:161} INFO - Started process (PID=214) to work on /home/airflow/.local/lib/python3.12/site-packages/airflow/example_dags/example_python_decorator.py
[2026-06-10T22:16:45.060+0000] {processor.py:830} INFO - Processing file /home/airflow/.local/lib/python3.12/site-packages/airflow/example_dags/example_python_decorator.py for tasks to queue
[2026-06-10T22:16:45.062+0000] {logging_mixin.py:188} INFO - [2026-06-10T22:16:45.062+0000] {dagbag.py:545} INFO - Filling up the DagBag from /home/airflow/.local/lib/python3.12/site-packages/airflow/example_dags/example_python_decorator.py
[2026-06-10T22:16:45.087+0000] {processor.py:840} INFO - DAG(s) 'example_python_decorator' retrieved from /home/airflow/.local/lib/python3.12/site-packages/airflow/example_dags/example_python_decorator.py
[2026-06-10T22:16:45.129+0000] {logging_mixin.py:188} INFO - [2026-06-10T22:16:45.128+0000] {dag.py:3096} INFO - Sync 1 DAGs
[2026-06-10T22:16:45.184+0000] {logging_mixin.py:188} INFO - [2026-06-10T22:16:45.184+0000] {dag.py:3954} INFO - Setting next_dagrun for example_python_decorator to None, run_after=None
[2026-06-10T22:16:45.239+0000] {processor.py:183} INFO - Processing /home/airflow/.local/lib/python3.12/site-packages/airflow/example_dags/example_python_decorator.py took 0.202 seconds
[2026-06-10T22:17:15.738+0000] {processor.py:161} INFO - Started process (PID=273) to work on /home/airflow/.local/lib/python3.12/site-packages/airflow/example_dags/example_python_decorator.py
[2026-06-10T22:17:15.739+0000] {processor.py:830} INFO - Processing file /home/airflow/.local/lib/python3.12/site-packages/airflow/example_dags/example_python_decorator.py for tasks to queue
[2026-06-10T22:17:15.741+0000] {logging_mixin.py:188} INFO - [2026-06-10T22:17:15.741+0000] {dagbag.py:545} INFO - Filling up the DagBag from /home/airflow/.local/lib/python3.12/site-packages/airflow/example_dags/example_python_decorator.py
[2026-06-10T22:17:15.758+0000] {processor.py:840} INFO - DAG(s) 'example_python_decorator' retrieved from /home/airflow/.local/lib/python3.12/site-packages/airflow/example_dags/example_python_decorator.py
[2026-06-10T22:17:15.926+0000] {logging_mixin.py:188} INFO - [2026-06-10T22:17:15.926+0000] {dag.py:3096} INFO - Sync 1 DAGs
[2026-06-10T22:17:15.939+0000] {logging_mixin.py:188} INFO - [2026-06-10T22:17:15.939+0000] {dag.py:3954} INFO - Setting next_dagrun for example_python_decorator to None, run_after=None
[2026-06-10T22:17:15.958+0000] {processor.py:183} INFO - Processing /home/airflow/.local/lib/python3.12/site-packages/airflow/example_dags/example_python_decorator.py took 0.227 seconds
[2026-06-10T22:17:46.282+0000] {processor.py:161} INFO - Started process (PID=333) to work on /home/airflow/.local/lib/python3.12/site-packages/airflow/example_dags/example_python_decorator.py
[2026-06-10T22:17:46.283+0000] {processor.py:830} INFO - Processing file /home/airflow/.local/lib/python3.12/site-packages/airflow/example_dags/example_python_decorator.py for tasks to queue
[2026-06-10T22:17:46.295+0000] {logging_mixin.py:188} INFO - [2026-06-10T22:17:46.295+0000] {dagbag.py:545} INFO - Filling up the DagBag from /home/airflow/.local/lib/python3.12/site-packages/airflow/example_dags/example_python_decorator.py
[2026-06-10T22:17:46.348+0000] {processor.py:840} INFO - DAG(s) 'example_python_decorator' retrieved from /home/airflow/.local/lib/python3.12/site-packages/airflow/example_dags/example_python_decorator.py
[2026-06-10T22:17:46.492+0000] {logging_mixin.py:188} INFO - [2026-06-10T22:17:46.492+0000] {dag.py:3096} INFO - Sync 1 DAGs
[2026-06-10T22:17:46.572+0000] {logging_mixin.py:188} INFO - [2026-06-10T22:17:46.572+0000] {dag.py:3954} INFO - Setting next_dagrun for example_python_decorator to None, run_after=None
[2026-06-10T22:17:46.635+0000] {processor.py:183} INFO - Processing /home/airflow/.local/lib/python3.12/site-packages/airflow/example_dags/example_python_decorator.py took 0.372 seconds
[2026-06-10T22:18:17.454+0000] {processor.py:161} INFO - Started process (PID=393) to work on /home/airflow/.local/lib/python3.12/site-packages/airflow/example_dags/example_python_decorator.py
[2026-06-10T22:18:17.454+0000] {processor.py:830} INFO - Processing file /home/airflow/.local/lib/python3.12/site-packages/airflow/example_dags/example_python_decorator.py for tasks to queue
[2026-06-10T22:18:17.456+0000] {logging_mixin.py:188} INFO - [2026-06-10T22:18:17.456+0000] {dagbag.py:545} INFO - Filling up the DagBag from /home/airflow/.local/lib/python3.12/site-packages/airflow/example_dags/example_python_decorator.py
[2026-06-10T22:18:17.474+0000] {processor.py:840} INFO - DAG(s) 'example_python_decorator' retrieved from /home/airflow/.local/lib/python3.12/site-packages/airflow/example_dags/example_python_decorator.py
[2026-06-10T22:18:17.511+0000] {logging_mixin.py:188} INFO - [2026-06-10T22:18:17.510+0000] {dag.py:3096} INFO - Sync 1 DAGs
[2026-06-10T22:18:17.531+0000] {logging_mixin.py:188} INFO - [2026-06-10T22:18:17.531+0000] {dag.py:3954} INFO - Setting next_dagrun for example_python_decorator to None, run_after=None
[2026-06-10T22:18:17.554+0000] {processor.py:183} INFO - Processing /home/airflow/.local/lib/python3.12/site-packages/airflow/example_dags/example_python_decorator.py took 0.108 seconds
[2026-06-10T22:18:47.821+0000] {processor.py:161} INFO - Started process (PID=453) to work on /home/airflow/.local/lib/python3.12/site-packages/airflow/example_dags/example_python_decorator.py
[2026-06-10T22:18:47.822+0000] {processor.py:830} INFO - Processing file /home/airflow/.local/lib/python3.12/site-packages/airflow/example_dags/example_python_decorator.py for tasks to queue
[2026-06-10T22:18:47.824+0000] {logging_mixin.py:188} INFO - [2026-06-10T22:18:47.823+0000] {dagbag.py:545} INFO - Filling up the DagBag from /home/airflow/.local/lib/python3.12/site-packages/airflow/example_dags/example_python_decorator.py
[2026-06-10T22:18:47.840+0000] {processor.py:840} INFO - DAG(s) 'example_python_decorator' retrieved from /home/airflow/.local/lib/python3.12/site-packages/airflow/example_dags/example_python_decorator.py
[2026-06-10T22:18:47.901+0000] {logging_mixin.py:188} INFO - [2026-06-10T22:18:47.900+0000] {dag.py:3096} INFO - Sync 1 DAGs
[2026-06-10T22:18:47.965+0000] {logging_mixin.py:188} INFO - [2026-06-10T22:18:47.965+0000] {dag.py:3954} INFO - Setting next_dagrun for example_python_decorator to None, run_after=None
[2026-06-10T22:18:48.031+0000] {processor.py:183} INFO - Processing /home/airflow/.local/lib/python3.12/site-packages/airflow/example_dags/example_python_decorator.py took 0.217 seconds
[2026-06-10T22:19:18.143+0000] {processor.py:161} INFO - Started process (PID=512) to work on /home/airflow/.local/lib/python3.12/site-packages/airflow/example_dags/example_python_decorator.py
[2026-06-10T22:19:18.144+0000] {processor.py:830} INFO - Processing file /home/airflow/.local/lib/python3.12/site-packages/airflow/example_dags/example_python_decorator.py for tasks to queue
[2026-06-10T22:19:18.145+0000] {logging_mixin.py:188} INFO - [2026-06-10T22:19:18.145+0000] {dagbag.py:545} INFO - Filling up the DagBag from /home/airflow/.local/lib/python3.12/site-packages/airflow/example_dags/example_python_decorator.py
[2026-06-10T22:19:18.156+0000] {processor.py:840} INFO - DAG(s) 'example_python_decorator' retrieved from /home/airflow/.local/lib/python3.12/site-packages/airflow/example_dags/example_python_decorator.py
[2026-06-10T22:19:18.175+0000] {logging_mixin.py:188} INFO - [2026-06-10T22:19:18.175+0000] {dag.py:3096} INFO - Sync 1 DAGs
[2026-06-10T22:19:18.187+0000] {logging_mixin.py:188} INFO - [2026-06-10T22:19:18.186+0000] {dag.py:3954} INFO - Setting next_dagrun for example_python_decorator to None, run_after=None
[2026-06-10T22:19:18.202+0000] {processor.py:183} INFO - Processing /home/airflow/.local/lib/python3.12/site-packages/airflow/example_dags/example_python_decorator.py took 0.064 seconds
[2026-06-10T22:19:48.668+0000] {processor.py:161} INFO - Started process (PID=573) to work on /home/airflow/.local/lib/python3.12/site-packages/airflow/example_dags/example_python_decorator.py
[2026-06-10T22:19:48.669+0000] {processor.py:830} INFO - Processing file /home/airflow/.local/lib/python3.12/site-packages/airflow/example_dags/example_python_decorator.py for tasks to queue
[2026-06-10T22:19:48.674+0000] {logging_mixin.py:188} INFO - [2026-06-10T22:19:48.673+0000] {dagbag.py:545} INFO - Filling up the DagBag from /home/airflow/.local/lib/python3.12/site-packages/airflow/example_dags/example_python_decorator.py
[2026-06-10T22:19:48.691+0000] {processor.py:840} INFO - DAG(s) 'example_python_decorator' retrieved from /home/airflow/.local/lib/python3.12/site-packages/airflow/example_dags/example_python_decorator.py
[2026-06-10T22:19:48.723+0000] {logging_mixin.py:188} INFO - [2026-06-10T22:19:48.722+0000] {dag.py:3096} INFO - Sync 1 DAGs
[2026-06-10T22:19:48.741+0000] {logging_mixin.py:188} INFO - [2026-06-10T22:19:48.740+0000] {dag.py:3954} INFO - Setting next_dagrun for example_python_decorator to None, run_after=None
[2026-06-10T22:19:48.762+0000] {processor.py:183} INFO - Processing /home/airflow/.local/lib/python3.12/site-packages/airflow/example_dags/example_python_decorator.py took 0.101 seconds
[2026-06-10T22:20:18.931+0000] {processor.py:161} INFO - Started process (PID=633) to work on /home/airflow/.local/lib/python3.12/site-packages/airflow/example_dags/example_python_decorator.py
[2026-06-10T22:20:18.933+0000] {processor.py:830} INFO - Processing file /home/airflow/.local/lib/python3.12/site-packages/airflow/example_dags/example_python_decorator.py for tasks to queue
[2026-06-10T22:20:18.937+0000] {logging_mixin.py:188} INFO - [2026-06-10T22:20:18.937+0000] {dagbag.py:545} INFO - Filling up the DagBag from /home/airflow/.local/lib/python3.12/site-packages/airflow/example_dags/example_python_decorator.py
[2026-06-10T22:20:18.954+0000] {processor.py:840} INFO - DAG(s) 'example_python_decorator' retrieved from /home/airflow/.local/lib/python3.12/site-packages/airflow/example_dags/example_python_decorator.py
[2026-06-10T22:20:18.991+0000] {logging_mixin.py:188} INFO - [2026-06-10T22:20:18.990+0000] {dag.py:3096} INFO - Sync 1 DAGs
[2026-06-10T22:20:19.012+0000] {logging_mixin.py:188} INFO - [2026-06-10T22:20:19.011+0000] {dag.py:3954} INFO - Setting next_dagrun for example_python_decorator to None, run_after=None
[2026-06-10T22:20:19.034+0000] {processor.py:183} INFO - Processing /home/airflow/.local/lib/python3.12/site-packages/airflow/example_dags/example_python_decorator.py took 0.112 seconds
[2026-06-10T22:20:49.438+0000] {processor.py:161} INFO - Started process (PID=693) to work on /home/airflow/.local/lib/python3.12/site-packages/airflow/example_dags/example_python_decorator.py
[2026-06-10T22:20:49.439+0000] {processor.py:830} INFO - Processing file /home/airflow/.local/lib/python3.12/site-packages/airflow/example_dags/example_python_decorator.py for tasks to queue
[2026-06-10T22:20:49.441+0000] {logging_mixin.py:188} INFO - [2026-06-10T22:20:49.440+0000] {dagbag.py:545} INFO - Filling up the DagBag from /home/airflow/.local/lib/python3.12/site-packages/airflow/example_dags/example_python_decorator.py
[2026-06-10T22:20:49.458+0000] {processor.py:840} INFO - DAG(s) 'example_python_decorator' retrieved from /home/airflow/.local/lib/python3.12/site-packages/airflow/example_dags/example_python_decorator.py
[2026-06-10T22:20:49.489+0000] {logging_mixin.py:188} INFO - [2026-06-10T22:20:49.489+0000] {dag.py:3096} INFO - Sync 1 DAGs
[2026-06-10T22:20:49.512+0000] {logging_mixin.py:188} INFO - [2026-06-10T22:20:49.512+0000] {dag.py:3954} INFO - Setting next_dagrun for example_python_decorator to None, run_after=None
[2026-06-10T22:20:49.534+0000] {processor.py:183} INFO - Processing /home/airflow/.local/lib/python3.12/site-packages/airflow/example_dags/example_python_decorator.py took 0.105 seconds
[2026-06-10T22:21:19.686+0000] {processor.py:161} INFO - Started process (PID=753) to work on /home/airflow/.local/lib/python3.12/site-packages/airflow/example_dags/example_python_decorator.py
[2026-06-10T22:21:19.687+0000] {processor.py:830} INFO - Processing file /home/airflow/.local/lib/python3.12/site-packages/airflow/example_dags/example_python_decorator.py for tasks to queue
[2026-06-10T22:21:19.688+0000] {logging_mixin.py:188} INFO - [2026-06-10T22:21:19.688+0000] {dagbag.py:545} INFO - Filling up the DagBag from /home/airflow/.local/lib/python3.12/site-packages/airflow/example_dags/example_python_decorator.py
[2026-06-10T22:21:19.720+0000] {processor.py:840} INFO - DAG(s) 'example_python_decorator' retrieved from /home/airflow/.local/lib/python3.12/site-packages/airflow/example_dags/example_python_decorator.py
[2026-06-10T22:21:19.749+0000] {logging_mixin.py:188} INFO - [2026-06-10T22:21:19.749+0000] {dag.py:3096} INFO - Sync 1 DAGs
[2026-06-10T22:21:19.767+0000] {logging_mixin.py:188} INFO - [2026-06-10T22:21:19.767+0000] {dag.py:3954} INFO - Setting next_dagrun for example_python_decorator to None, run_after=None
[2026-06-10T22:21:19.788+0000] {processor.py:183} INFO - Processing /home/airflow/.local/lib/python3.12/site-packages/airflow/example_dags/example_python_decorator.py took 0.109 seconds
[2026-06-10T22:21:50.156+0000] {processor.py:161} INFO - Started process (PID=813) to work on /home/airflow/.local/lib/python3.12/site-packages/airflow/example_dags/example_python_decorator.py
[2026-06-10T22:21:50.157+0000] {processor.py:830} INFO - Processing file /home/airflow/.local/lib/python3.12/site-packages/airflow/example_dags/example_python_decorator.py for tasks to queue
[2026-06-10T22:21:50.159+0000] {logging_mixin.py:188} INFO - [2026-06-10T22:21:50.159+0000] {dagbag.py:545} INFO - Filling up the DagBag from /home/airflow/.local/lib/python3.12/site-packages/airflow/example_dags/example_python_decorator.py
[2026-06-10T22:21:50.175+0000] {processor.py:840} INFO - DAG(s) 'example_python_decorator' retrieved from /home/airflow/.local/lib/python3.12/site-packages/airflow/example_dags/example_python_decorator.py
[2026-06-10T22:21:50.207+0000] {logging_mixin.py:188} INFO - [2026-06-10T22:21:50.207+0000] {dag.py:3096} INFO - Sync 1 DAGs
[2026-06-10T22:21:50.228+0000] {logging_mixin.py:188} INFO - [2026-06-10T22:21:50.227+0000] {dag.py:3954} INFO - Setting next_dagrun for example_python_decorator to None, run_after=None
[2026-06-10T22:21:50.250+0000] {processor.py:183} INFO - Processing /home/airflow/.local/lib/python3.12/site-packages/airflow/example_dags/example_python_decorator.py took 0.101 seconds
[2026-06-10T22:22:21.243+0000] {processor.py:161} INFO - Started process (PID=872) to work on /home/airflow/.local/lib/python3.12/site-packages/airflow/example_dags/example_python_decorator.py
[2026-06-10T22:22:21.245+0000] {processor.py:830} INFO - Processing file /home/airflow/.local/lib/python3.12/site-packages/airflow/example_dags/example_python_decorator.py for tasks to queue
[2026-06-10T22:22:21.250+0000] {logging_mixin.py:188} INFO - [2026-06-10T22:22:21.249+0000] {dagbag.py:545} INFO - Filling up the DagBag from /home/airflow/.local/lib/python3.12/site-packages/airflow/example_dags/example_python_decorator.py
[2026-06-10T22:22:21.312+0000] {processor.py:840} INFO - DAG(s) 'example_python_decorator' retrieved from /home/airflow/.local/lib/python3.12/site-packages/airflow/example_dags/example_python_decorator.py
[2026-06-10T22:22:21.363+0000] {logging_mixin.py:188} INFO - [2026-06-10T22:22:21.362+0000] {dag.py:3096} INFO - Sync 1 DAGs
[2026-06-10T22:22:21.409+0000] {logging_mixin.py:188} INFO - [2026-06-10T22:22:21.409+0000] {dag.py:3954} INFO - Setting next_dagrun for example_python_decorator to None, run_after=None
[2026-06-10T22:22:21.456+0000] {processor.py:183} INFO - Processing /home/airflow/.local/lib/python3.12/site-packages/airflow/example_dags/example_python_decorator.py took 0.223 seconds
[2026-06-10T22:22:52.019+0000] {processor.py:161} INFO - Started process (PID=932) to work on /home/airflow/.local/lib/python3.12/site-packages/airflow/example_dags/example_python_decorator.py
[2026-06-10T22:22:52.027+0000] {processor.py:830} INFO - Processing file /home/airflow/.local/lib/python3.12/site-packages/airflow/example_dags/example_python_decorator.py for tasks to queue
[2026-06-10T22:22:52.033+0000] {logging_mixin.py:188} INFO - [2026-06-10T22:22:52.033+0000] {dagbag.py:545} INFO - Filling up the DagBag from /home/airflow/.local/lib/python3.12/site-packages/airflow/example_dags/example_python_decorator.py
[2026-06-10T22:22:52.094+0000] {processor.py:840} INFO - DAG(s) 'example_python_decorator' retrieved from /home/airflow/.local/lib/python3.12/site-packages/airflow/example_dags/example_python_decorator.py
[2026-06-10T22:22:52.173+0000] {logging_mixin.py:188} INFO - [2026-06-10T22:22:52.173+0000] {dag.py:3096} INFO - Sync 1 DAGs
[2026-06-10T22:22:52.209+0000] {logging_mixin.py:188} INFO - [2026-06-10T22:22:52.209+0000] {dag.py:3954} INFO - Setting next_dagrun for example_python_decorator to None, run_after=None
[2026-06-10T22:22:52.291+0000] {processor.py:183} INFO - Processing /home/airflow/.local/lib/python3.12/site-packages/airflow/example_dags/example_python_decorator.py took 0.299 seconds
[2026-06-10T22:23:22.926+0000] {processor.py:161} INFO - Started process (PID=991) to work on /home/airflow/.local/lib/python3.12/site-packages/airflow/example_dags/example_python_decorator.py
[2026-06-10T22:23:22.931+0000] {processor.py:830} INFO - Processing file /home/airflow/.local/lib/python3.12/site-packages/airflow/example_dags/example_python_decorator.py for tasks to queue
[2026-06-10T22:23:22.933+0000] {logging_mixin.py:188} INFO - [2026-06-10T22:23:22.933+0000] {dagbag.py:545} INFO - Filling up the DagBag from /home/airflow/.local/lib/python3.12/site-packages/airflow/example_dags/example_python_decorator.py
[2026-06-10T22:23:22.951+0000] {processor.py:840} INFO - DAG(s) 'example_python_decorator' retrieved from /home/airflow/.local/lib/python3.12/site-packages/airflow/example_dags/example_python_decorator.py
[2026-06-10T22:23:22.980+0000] {logging_mixin.py:188} INFO - [2026-06-10T22:23:22.980+0000] {dag.py:3096} INFO - Sync 1 DAGs
[2026-06-10T22:23:22.998+0000] {logging_mixin.py:188} INFO - [2026-06-10T22:23:22.998+0000] {dag.py:3954} INFO - Setting next_dagrun for example_python_decorator to None, run_after=None
[2026-06-10T22:23:23.020+0000] {processor.py:183} INFO - Processing /home/airflow/.local/lib/python3.12/site-packages/airflow/example_dags/example_python_decorator.py took 0.102 seconds
[2026-06-10T22:23:53.899+0000] {processor.py:161} INFO - Started process (PID=1051) to work on /home/airflow/.local/lib/python3.12/site-packages/airflow/example_dags/example_python_decorator.py
[2026-06-10T22:23:53.903+0000] {processor.py:830} INFO - Processing file /home/airflow/.local/lib/python3.12/site-packages/airflow/example_dags/example_python_decorator.py for tasks to queue
[2026-06-10T22:23:53.918+0000] {logging_mixin.py:188} INFO - [2026-06-10T22:23:53.913+0000] {dagbag.py:545} INFO - Filling up the DagBag from /home/airflow/.local/lib/python3.12/site-packages/airflow/example_dags/example_python_decorator.py
[2026-06-10T22:23:53.990+0000] {processor.py:840} INFO - DAG(s) 'example_python_decorator' retrieved from /home/airflow/.local/lib/python3.12/site-packages/airflow/example_dags/example_python_decorator.py
[2026-06-10T22:23:54.132+0000] {logging_mixin.py:188} INFO - [2026-06-10T22:23:54.128+0000] {dag.py:3096} INFO - Sync 1 DAGs
[2026-06-10T22:23:54.189+0000] {logging_mixin.py:188} INFO - [2026-06-10T22:23:54.189+0000] {dag.py:3954} INFO - Setting next_dagrun for example_python_decorator to None, run_after=None
[2026-06-10T22:23:54.257+0000] {processor.py:183} INFO - Processing /home/airflow/.local/lib/python3.12/site-packages/airflow/example_dags/example_python_decorator.py took 0.429 seconds
[2026-06-10T22:24:24.749+0000] {processor.py:161} INFO - Started process (PID=1111) to work on /home/airflow/.local/lib/python3.12/site-packages/airflow/example_dags/example_python_decorator.py
[2026-06-10T22:24:24.750+0000] {processor.py:830} INFO - Processing file /home/airflow/.local/lib/python3.12/site-packages/airflow/example_dags/example_python_decorator.py for tasks to queue
[2026-06-10T22:24:24.752+0000] {logging_mixin.py:188} INFO - [2026-06-10T22:24:24.751+0000] {dagbag.py:545} INFO - Filling up the DagBag from /home/airflow/.local/lib/python3.12/site-packages/airflow/example_dags/example_python_decorator.py
[2026-06-10T22:24:24.768+0000] {processor.py:840} INFO - DAG(s) 'example_python_decorator' retrieved from /home/airflow/.local/lib/python3.12/site-packages/airflow/example_dags/example_python_decorator.py
[2026-06-10T22:24:24.800+0000] {logging_mixin.py:188} INFO - [2026-06-10T22:24:24.800+0000] {dag.py:3096} INFO - Sync 1 DAGs
[2026-06-10T22:24:24.818+0000] {logging_mixin.py:188} INFO - [2026-06-10T22:24:24.818+0000] {dag.py:3954} INFO - Setting next_dagrun for example_python_decorator to None, run_after=None
[2026-06-10T22:24:24.842+0000] {processor.py:183} INFO - Processing /home/airflow/.local/lib/python3.12/site-packages/airflow/example_dags/example_python_decorator.py took 0.100 seconds
[2026-06-10T22:24:56.630+0000] {processor.py:161} INFO - Started process (PID=1171) to work on /home/airflow/.local/lib/python3.12/site-packages/airflow/example_dags/example_python_decorator.py
[2026-06-10T22:24:56.632+0000] {processor.py:830} INFO - Processing file /home/airflow/.local/lib/python3.12/site-packages/airflow/example_dags/example_python_decorator.py for tasks to queue
[2026-06-10T22:24:56.634+0000] {logging_mixin.py:188} INFO - [2026-06-10T22:24:56.633+0000] {dagbag.py:545} INFO - Filling up the DagBag from /home/airflow/.local/lib/python3.12/site-packages/airflow/example_dags/example_python_decorator.py
[2026-06-10T22:24:56.651+0000] {processor.py:840} INFO - DAG(s) 'example_python_decorator' retrieved from /home/airflow/.local/lib/python3.12/site-packages/airflow/example_dags/example_python_decorator.py
[2026-06-10T22:24:56.680+0000] {logging_mixin.py:188} INFO - [2026-06-10T22:24:56.680+0000] {dag.py:3096} INFO - Sync 1 DAGs
[2026-06-10T22:24:56.701+0000] {logging_mixin.py:188} INFO - [2026-06-10T22:24:56.701+0000] {dag.py:3954} INFO - Setting next_dagrun for example_python_decorator to None, run_after=None
[2026-06-10T22:24:56.720+0000] {processor.py:183} INFO - Processing /home/airflow/.local/lib/python3.12/site-packages/airflow/example_dags/example_python_decorator.py took 0.097 seconds
[2026-06-10T22:25:27.673+0000] {processor.py:161} INFO - Started process (PID=1231) to work on /home/airflow/.local/lib/python3.12/site-packages/airflow/example_dags/example_python_decorator.py
[2026-06-10T22:25:27.674+0000] {processor.py:830} INFO - Processing file /home/airflow/.local/lib/python3.12/site-packages/airflow/example_dags/example_python_decorator.py for tasks to queue
[2026-06-10T22:25:27.676+0000] {logging_mixin.py:188} INFO - [2026-06-10T22:25:27.675+0000] {dagbag.py:545} INFO - Filling up the DagBag from /home/airflow/.local/lib/python3.12/site-packages/airflow/example_dags/example_python_decorator.py
[2026-06-10T22:25:27.692+0000] {processor.py:840} INFO - DAG(s) 'example_python_decorator' retrieved from /home/airflow/.local/lib/python3.12/site-packages/airflow/example_dags/example_python_decorator.py
[2026-06-10T22:25:27.722+0000] {logging_mixin.py:188} INFO - [2026-06-10T22:25:27.721+0000] {dag.py:3096} INFO - Sync 1 DAGs
[2026-06-10T22:25:27.739+0000] {logging_mixin.py:188} INFO - [2026-06-10T22:25:27.739+0000] {dag.py:3954} INFO - Setting next_dagrun for example_python_decorator to None, run_after=None
[2026-06-10T22:25:27.760+0000] {processor.py:183} INFO - Processing /home/airflow/.local/lib/python3.12/site-packages/airflow/example_dags/example_python_decorator.py took 0.104 seconds
[2026-06-10T22:25:58.413+0000] {processor.py:161} INFO - Started process (PID=1292) to work on /home/airflow/.local/lib/python3.12/site-packages/airflow/example_dags/example_python_decorator.py
[2026-06-10T22:25:58.414+0000] {processor.py:830} INFO - Processing file /home/airflow/.local/lib/python3.12/site-packages/airflow/example_dags/example_python_decorator.py for tasks to queue
[2026-06-10T22:25:58.416+0000] {logging_mixin.py:188} INFO - [2026-06-10T22:25:58.416+0000] {dagbag.py:545} INFO - Filling up the DagBag from /home/airflow/.local/lib/python3.12/site-packages/airflow/example_dags/example_python_decorator.py
[2026-06-10T22:25:58.433+0000] {processor.py:840} INFO - DAG(s) 'example_python_decorator' retrieved from /home/airflow/.local/lib/python3.12/site-packages/airflow/example_dags/example_python_decorator.py
[2026-06-10T22:25:58.461+0000] {logging_mixin.py:188} INFO - [2026-06-10T22:25:58.460+0000] {dag.py:3096} INFO - Sync 1 DAGs
[2026-06-10T22:25:58.477+0000] {logging_mixin.py:188} INFO - [2026-06-10T22:25:58.476+0000] {dag.py:3954} INFO - Setting next_dagrun for example_python_decorator to None, run_after=None
[2026-06-10T22:25:58.497+0000] {processor.py:183} INFO - Processing /home/airflow/.local/lib/python3.12/site-packages/airflow/example_dags/example_python_decorator.py took 0.092 seconds
[2026-06-10T22:26:29.086+0000] {processor.py:161} INFO - Started process (PID=1353) to work on /home/airflow/.local/lib/python3.12/site-packages/airflow/example_dags/example_python_decorator.py
[2026-06-10T22:26:29.087+0000] {processor.py:830} INFO - Processing file /home/airflow/.local/lib/python3.12/site-packages/airflow/example_dags/example_python_decorator.py for tasks to queue
[2026-06-10T22:26:29.089+0000] {logging_mixin.py:188} INFO - [2026-06-10T22:26:29.089+0000] {dagbag.py:545} INFO - Filling up the DagBag from /home/airflow/.local/lib/python3.12/site-packages/airflow/example_dags/example_python_decorator.py
[2026-06-10T22:26:29.104+0000] {processor.py:840} INFO - DAG(s) 'example_python_decorator' retrieved from /home/airflow/.local/lib/python3.12/site-packages/airflow/example_dags/example_python_decorator.py
[2026-06-10T22:26:29.132+0000] {logging_mixin.py:188} INFO - [2026-06-10T22:26:29.131+0000] {dag.py:3096} INFO - Sync 1 DAGs
[2026-06-10T22:26:29.165+0000] {logging_mixin.py:188} INFO - [2026-06-10T22:26:29.165+0000] {dag.py:3954} INFO - Setting next_dagrun for example_python_decorator to None, run_after=None
[2026-06-10T22:26:29.254+0000] {processor.py:183} INFO - Processing /home/airflow/.local/lib/python3.12/site-packages/airflow/example_dags/example_python_decorator.py took 0.174 seconds
[2026-06-10T22:26:59.928+0000] {processor.py:161} INFO - Started process (PID=1414) to work on /home/airflow/.local/lib/python3.12/site-packages/airflow/example_dags/example_python_decorator.py
[2026-06-10T22:26:59.929+0000] {processor.py:830} INFO - Processing file /home/airflow/.local/lib/python3.12/site-packages/airflow/example_dags/example_python_decorator.py for tasks to queue
[2026-06-10T22:26:59.931+0000] {logging_mixin.py:188} INFO - [2026-06-10T22:26:59.930+0000] {dagbag.py:545} INFO - Filling up the DagBag from /home/airflow/.local/lib/python3.12/site-packages/airflow/example_dags/example_python_decorator.py
[2026-06-10T22:26:59.942+0000] {processor.py:840} INFO - DAG(s) 'example_python_decorator' retrieved from /home/airflow/.local/lib/python3.12/site-packages/airflow/example_dags/example_python_decorator.py
[2026-06-10T22:26:59.970+0000] {logging_mixin.py:188} INFO - [2026-06-10T22:26:59.970+0000] {dag.py:3096} INFO - Sync 1 DAGs
[2026-06-10T22:26:59.982+0000] {logging_mixin.py:188} INFO - [2026-06-10T22:26:59.982+0000] {dag.py:3954} INFO - Setting next_dagrun for example_python_decorator to None, run_after=None
[2026-06-10T22:26:59.999+0000] {processor.py:183} INFO - Processing /home/airflow/.local/lib/python3.12/site-packages/airflow/example_dags/example_python_decorator.py took 0.076 seconds
[2026-06-10T22:27:31.062+0000] {processor.py:161} INFO - Started process (PID=1475) to work on /home/airflow/.local/lib/python3.12/site-packages/airflow/example_dags/example_python_decorator.py
[2026-06-10T22:27:31.063+0000] {processor.py:830} INFO - Processing file /home/airflow/.local/lib/python3.12/site-packages/airflow/example_dags/example_python_decorator.py for tasks to queue
[2026-06-10T22:27:31.065+0000] {logging_mixin.py:188} INFO - [2026-06-10T22:27:31.065+0000] {dagbag.py:545} INFO - Filling up the DagBag from /home/airflow/.local/lib/python3.12/site-packages/airflow/example_dags/example_python_decorator.py
[2026-06-10T22:27:31.080+0000] {processor.py:840} INFO - DAG(s) 'example_python_decorator' retrieved from /home/airflow/.local/lib/python3.12/site-packages/airflow/example_dags/example_python_decorator.py
[2026-06-10T22:27:31.108+0000] {logging_mixin.py:188} INFO - [2026-06-10T22:27:31.108+0000] {dag.py:3096} INFO - Sync 1 DAGs
[2026-06-10T22:27:31.124+0000] {logging_mixin.py:188} INFO - [2026-06-10T22:27:31.124+0000] {dag.py:3954} INFO - Setting next_dagrun for example_python_decorator to None, run_after=None
[2026-06-10T22:27:31.143+0000] {processor.py:183} INFO - Processing /home/airflow/.local/lib/python3.12/site-packages/airflow/example_dags/example_python_decorator.py took 0.088 seconds
[2026-06-10T22:28:01.380+0000] {processor.py:161} INFO - Started process (PID=1536) to work on /home/airflow/.local/lib/python3.12/site-packages/airflow/example_dags/example_python_decorator.py
[2026-06-10T22:28:01.381+0000] {processor.py:830} INFO - Processing file /home/airflow/.local/lib/python3.12/site-packages/airflow/example_dags/example_python_decorator.py for tasks to queue
[2026-06-10T22:28:01.386+0000] {logging_mixin.py:188} INFO - [2026-06-10T22:28:01.384+0000] {dagbag.py:545} INFO - Filling up the DagBag from /home/airflow/.local/lib/python3.12/site-packages/airflow/example_dags/example_python_decorator.py
[2026-06-10T22:28:01.403+0000] {processor.py:840} INFO - DAG(s) 'example_python_decorator' retrieved from /home/airflow/.local/lib/python3.12/site-packages/airflow/example_dags/example_python_decorator.py
[2026-06-10T22:28:01.434+0000] {logging_mixin.py:188} INFO - [2026-06-10T22:28:01.434+0000] {dag.py:3096} INFO - Sync 1 DAGs
[2026-06-10T22:28:01.455+0000] {logging_mixin.py:188} INFO - [2026-06-10T22:28:01.455+0000] {dag.py:3954} INFO - Setting next_dagrun for example_python_decorator to None, run_after=None
[2026-06-10T22:28:01.772+0000] {processor.py:183} INFO - Processing /home/airflow/.local/lib/python3.12/site-packages/airflow/example_dags/example_python_decorator.py took 0.400 seconds
[2026-06-10T22:28:31.895+0000] {processor.py:161} INFO - Started process (PID=1596) to work on /home/airflow/.local/lib/python3.12/site-packages/airflow/example_dags/example_python_decorator.py
[2026-06-10T22:28:31.896+0000] {processor.py:830} INFO - Processing file /home/airflow/.local/lib/python3.12/site-packages/airflow/example_dags/example_python_decorator.py for tasks to queue
[2026-06-10T22:28:31.898+0000] {logging_mixin.py:188} INFO - [2026-06-10T22:28:31.898+0000] {dagbag.py:545} INFO - Filling up the DagBag from /home/airflow/.local/lib/python3.12/site-packages/airflow/example_dags/example_python_decorator.py
[2026-06-10T22:28:31.914+0000] {processor.py:840} INFO - DAG(s) 'example_python_decorator' retrieved from /home/airflow/.local/lib/python3.12/site-packages/airflow/example_dags/example_python_decorator.py
[2026-06-10T22:28:31.962+0000] {logging_mixin.py:188} INFO - [2026-06-10T22:28:31.962+0000] {dag.py:3096} INFO - Sync 1 DAGs
[2026-06-10T22:28:31.994+0000] {logging_mixin.py:188} INFO - [2026-06-10T22:28:31.993+0000] {dag.py:3954} INFO - Setting next_dagrun for example_python_decorator to None, run_after=None
[2026-06-10T22:28:32.015+0000] {processor.py:183} INFO - Processing /home/airflow/.local/lib/python3.12/site-packages/airflow/example_dags/example_python_decorator.py took 0.127 seconds
[2026-06-10T22:29:02.092+0000] {processor.py:161} INFO - Started process (PID=1657) to work on /home/airflow/.local/lib/python3.12/site-packages/airflow/example_dags/example_python_decorator.py
[2026-06-10T22:29:02.093+0000] {processor.py:830} INFO - Processing file /home/airflow/.local/lib/python3.12/site-packages/airflow/example_dags/example_python_decorator.py for tasks to queue
[2026-06-10T22:29:02.095+0000] {logging_mixin.py:188} INFO - [2026-06-10T22:29:02.094+0000] {dagbag.py:545} INFO - Filling up the DagBag from /home/airflow/.local/lib/python3.12/site-packages/airflow/example_dags/example_python_decorator.py
[2026-06-10T22:29:02.118+0000] {processor.py:840} INFO - DAG(s) 'example_python_decorator' retrieved from /home/airflow/.local/lib/python3.12/site-packages/airflow/example_dags/example_python_decorator.py
[2026-06-10T22:29:02.213+0000] {logging_mixin.py:188} INFO - [2026-06-10T22:29:02.213+0000] {dag.py:3096} INFO - Sync 1 DAGs
[2026-06-10T22:29:02.254+0000] {logging_mixin.py:188} INFO - [2026-06-10T22:29:02.254+0000] {dag.py:3954} INFO - Setting next_dagrun for example_python_decorator to None, run_after=None
[2026-06-10T22:29:02.325+0000] {processor.py:183} INFO - Processing /home/airflow/.local/lib/python3.12/site-packages/airflow/example_dags/example_python_decorator.py took 0.241 seconds
[2026-06-10T22:29:32.759+0000] {processor.py:161} INFO - Started process (PID=1718) to work on /home/airflow/.local/lib/python3.12/site-packages/airflow/example_dags/example_python_decorator.py
[2026-06-10T22:29:32.759+0000] {processor.py:830} INFO - Processing file /home/airflow/.local/lib/python3.12/site-packages/airflow/example_dags/example_python_decorator.py for tasks to queue
[2026-06-10T22:29:32.761+0000] {logging_mixin.py:188} INFO - [2026-06-10T22:29:32.761+0000] {dagbag.py:545} INFO - Filling up the DagBag from /home/airflow/.local/lib/python3.12/site-packages/airflow/example_dags/example_python_decorator.py
[2026-06-10T22:29:32.772+0000] {processor.py:840} INFO - DAG(s) 'example_python_decorator' retrieved from /home/airflow/.local/lib/python3.12/site-packages/airflow/example_dags/example_python_decorator.py
[2026-06-10T22:29:32.808+0000] {logging_mixin.py:188} INFO - [2026-06-10T22:29:32.807+0000] {dag.py:3096} INFO - Sync 1 DAGs
[2026-06-10T22:29:32.834+0000] {logging_mixin.py:188} INFO - [2026-06-10T22:29:32.833+0000] {dag.py:3954} INFO - Setting next_dagrun for example_python_decorator to None, run_after=None
[2026-06-10T22:29:32.945+0000] {processor.py:183} INFO - Processing /home/airflow/.local/lib/python3.12/site-packages/airflow/example_dags/example_python_decorator.py took 0.191 seconds
[2026-06-10T22:30:03.660+0000] {processor.py:161} INFO - Started process (PID=1780) to work on /home/airflow/.local/lib/python3.12/site-packages/airflow/example_dags/example_python_decorator.py
[2026-06-10T22:30:03.662+0000] {processor.py:830} INFO - Processing file /home/airflow/.local/lib/python3.12/site-packages/airflow/example_dags/example_python_decorator.py for tasks to queue
[2026-06-10T22:30:03.667+0000] {logging_mixin.py:188} INFO - [2026-06-10T22:30:03.665+0000] {dagbag.py:545} INFO - Filling up the DagBag from /home/airflow/.local/lib/python3.12/site-packages/airflow/example_dags/example_python_decorator.py
[2026-06-10T22:30:03.701+0000] {processor.py:840} INFO - DAG(s) 'example_python_decorator' retrieved from /home/airflow/.local/lib/python3.12/site-packages/airflow/example_dags/example_python_decorator.py
[2026-06-10T22:30:03.799+0000] {logging_mixin.py:188} INFO - [2026-06-10T22:30:03.799+0000] {dag.py:3096} INFO - Sync 1 DAGs
[2026-06-10T22:30:03.872+0000] {logging_mixin.py:188} INFO - [2026-06-10T22:30:03.872+0000] {dag.py:3954} INFO - Setting next_dagrun for example_python_decorator to None, run_after=None
[2026-06-10T22:30:03.976+0000] {processor.py:183} INFO - Processing /home/airflow/.local/lib/python3.12/site-packages/airflow/example_dags/example_python_decorator.py took 0.337 seconds
[2026-06-10T22:30:34.166+0000] {processor.py:161} INFO - Started process (PID=1841) to work on /home/airflow/.local/lib/python3.12/site-packages/airflow/example_dags/example_python_decorator.py
[2026-06-10T22:30:34.167+0000] {processor.py:830} INFO - Processing file /home/airflow/.local/lib/python3.12/site-packages/airflow/example_dags/example_python_decorator.py for tasks to queue
[2026-06-10T22:30:34.168+0000] {logging_mixin.py:188} INFO - [2026-06-10T22:30:34.168+0000] {dagbag.py:545} INFO - Filling up the DagBag from /home/airflow/.local/lib/python3.12/site-packages/airflow/example_dags/example_python_decorator.py
[2026-06-10T22:30:34.179+0000] {processor.py:840} INFO - DAG(s) 'example_python_decorator' retrieved from /home/airflow/.local/lib/python3.12/site-packages/airflow/example_dags/example_python_decorator.py
[2026-06-10T22:30:34.199+0000] {logging_mixin.py:188} INFO - [2026-06-10T22:30:34.199+0000] {dag.py:3096} INFO - Sync 1 DAGs
[2026-06-10T22:30:34.210+0000] {logging_mixin.py:188} INFO - [2026-06-10T22:30:34.210+0000] {dag.py:3954} INFO - Setting next_dagrun for example_python_decorator to None, run_after=None
[2026-06-10T22:30:34.226+0000] {processor.py:183} INFO - Processing /home/airflow/.local/lib/python3.12/site-packages/airflow/example_dags/example_python_decorator.py took 0.065 seconds
[2026-06-10T22:31:04.840+0000] {processor.py:161} INFO - Started process (PID=1903) to work on /home/airflow/.local/lib/python3.12/site-packages/airflow/example_dags/example_python_decorator.py
[2026-06-10T22:31:04.841+0000] {processor.py:830} INFO - Processing file /home/airflow/.local/lib/python3.12/site-packages/airflow/example_dags/example_python_decorator.py for tasks to queue
[2026-06-10T22:31:04.843+0000] {logging_mixin.py:188} INFO - [2026-06-10T22:31:04.842+0000] {dagbag.py:545} INFO - Filling up the DagBag from /home/airflow/.local/lib/python3.12/site-packages/airflow/example_dags/example_python_decorator.py
[2026-06-10T22:31:04.859+0000] {processor.py:840} INFO - DAG(s) 'example_python_decorator' retrieved from /home/airflow/.local/lib/python3.12/site-packages/airflow/example_dags/example_python_decorator.py
[2026-06-10T22:31:04.887+0000] {logging_mixin.py:188} INFO - [2026-06-10T22:31:04.887+0000] {dag.py:3096} INFO - Sync 1 DAGs
[2026-06-10T22:31:04.904+0000] {logging_mixin.py:188} INFO - [2026-06-10T22:31:04.904+0000] {dag.py:3954} INFO - Setting next_dagrun for example_python_decorator to None, run_after=None
[2026-06-10T22:31:04.925+0000] {processor.py:183} INFO - Processing /home/airflow/.local/lib/python3.12/site-packages/airflow/example_dags/example_python_decorator.py took 0.093 seconds
[2026-06-10T22:31:35.054+0000] {processor.py:161} INFO - Started process (PID=1964) to work on /home/airflow/.local/lib/python3.12/site-packages/airflow/example_dags/example_python_decorator.py
[2026-06-10T22:31:35.055+0000] {processor.py:830} INFO - Processing file /home/airflow/.local/lib/python3.12/site-packages/airflow/example_dags/example_python_decorator.py for tasks to queue
[2026-06-10T22:31:35.057+0000] {logging_mixin.py:188} INFO - [2026-06-10T22:31:35.057+0000] {dagbag.py:545} INFO - Filling up the DagBag from /home/airflow/.local/lib/python3.12/site-packages/airflow/example_dags/example_python_decorator.py
[2026-06-10T22:31:35.094+0000] {processor.py:840} INFO - DAG(s) 'example_python_decorator' retrieved from /home/airflow/.local/lib/python3.12/site-packages/airflow/example_dags/example_python_decorator.py
[2026-06-10T22:31:35.201+0000] {logging_mixin.py:188} INFO - [2026-06-10T22:31:35.200+0000] {dag.py:3096} INFO - Sync 1 DAGs
[2026-06-10T22:31:35.218+0000] {logging_mixin.py:188} INFO - [2026-06-10T22:31:35.217+0000] {dag.py:3954} INFO - Setting next_dagrun for example_python_decorator to None, run_after=None
[2026-06-10T22:31:35.238+0000] {processor.py:183} INFO - Processing /home/airflow/.local/lib/python3.12/site-packages/airflow/example_dags/example_python_decorator.py took 0.191 seconds
[2026-06-10T22:32:05.309+0000] {processor.py:161} INFO - Started process (PID=2025) to work on /home/airflow/.local/lib/python3.12/site-packages/airflow/example_dags/example_python_decorator.py
[2026-06-10T22:32:05.310+0000] {processor.py:830} INFO - Processing file /home/airflow/.local/lib/python3.12/site-packages/airflow/example_dags/example_python_decorator.py for tasks to queue
[2026-06-10T22:32:05.312+0000] {logging_mixin.py:188} INFO - [2026-06-10T22:32:05.311+0000] {dagbag.py:545} INFO - Filling up the DagBag from /home/airflow/.local/lib/python3.12/site-packages/airflow/example_dags/example_python_decorator.py
[2026-06-10T22:32:05.328+0000] {processor.py:840} INFO - DAG(s) 'example_python_decorator' retrieved from /home/airflow/.local/lib/python3.12/site-packages/airflow/example_dags/example_python_decorator.py
[2026-06-10T22:32:05.370+0000] {logging_mixin.py:188} INFO - [2026-06-10T22:32:05.370+0000] {dag.py:3096} INFO - Sync 1 DAGs
[2026-06-10T22:32:05.397+0000] {logging_mixin.py:188} INFO - [2026-06-10T22:32:05.396+0000] {dag.py:3954} INFO - Setting next_dagrun for example_python_decorator to None, run_after=None
[2026-06-10T22:32:05.425+0000] {processor.py:183} INFO - Processing /home/airflow/.local/lib/python3.12/site-packages/airflow/example_dags/example_python_decorator.py took 0.123 seconds
[2026-06-10T22:32:35.819+0000] {processor.py:161} INFO - Started process (PID=2086) to work on /home/airflow/.local/lib/python3.12/site-packages/airflow/example_dags/example_python_decorator.py
[2026-06-10T22:32:35.820+0000] {processor.py:830} INFO - Processing file /home/airflow/.local/lib/python3.12/site-packages/airflow/example_dags/example_python_decorator.py for tasks to queue
[2026-06-10T22:32:35.822+0000] {logging_mixin.py:188} INFO - [2026-06-10T22:32:35.822+0000] {dagbag.py:545} INFO - Filling up the DagBag from /home/airflow/.local/lib/python3.12/site-packages/airflow/example_dags/example_python_decorator.py
[2026-06-10T22:32:35.839+0000] {processor.py:840} INFO - DAG(s) 'example_python_decorator' retrieved from /home/airflow/.local/lib/python3.12/site-packages/airflow/example_dags/example_python_decorator.py
[2026-06-10T22:32:35.869+0000] {logging_mixin.py:188} INFO - [2026-06-10T22:32:35.869+0000] {dag.py:3096} INFO - Sync 1 DAGs
[2026-06-10T22:32:35.886+0000] {logging_mixin.py:188} INFO - [2026-06-10T22:32:35.886+0000] {dag.py:3954} INFO - Setting next_dagrun for example_python_decorator to None, run_after=None
[2026-06-10T22:32:35.906+0000] {processor.py:183} INFO - Processing /home/airflow/.local/lib/python3.12/site-packages/airflow/example_dags/example_python_decorator.py took 0.095 seconds
[2026-06-10T22:33:05.967+0000] {processor.py:161} INFO - Started process (PID=2144) to work on /home/airflow/.local/lib/python3.12/site-packages/airflow/example_dags/example_python_decorator.py
[2026-06-10T22:33:05.970+0000] {processor.py:830} INFO - Processing file /home/airflow/.local/lib/python3.12/site-packages/airflow/example_dags/example_python_decorator.py for tasks to queue
[2026-06-10T22:33:05.972+0000] {logging_mixin.py:188} INFO - [2026-06-10T22:33:05.971+0000] {dagbag.py:545} INFO - Filling up the DagBag from /home/airflow/.local/lib/python3.12/site-packages/airflow/example_dags/example_python_decorator.py
[2026-06-10T22:33:05.991+0000] {processor.py:840} INFO - DAG(s) 'example_python_decorator' retrieved from /home/airflow/.local/lib/python3.12/site-packages/airflow/example_dags/example_python_decorator.py
[2026-06-10T22:33:06.020+0000] {logging_mixin.py:188} INFO - [2026-06-10T22:33:06.020+0000] {dag.py:3096} INFO - Sync 1 DAGs
[2026-06-10T22:33:06.038+0000] {logging_mixin.py:188} INFO - [2026-06-10T22:33:06.038+0000] {dag.py:3954} INFO - Setting next_dagrun for example_python_decorator to None, run_after=None
[2026-06-10T22:33:06.064+0000] {processor.py:183} INFO - Processing /home/airflow/.local/lib/python3.12/site-packages/airflow/example_dags/example_python_decorator.py took 0.105 seconds
[2026-06-10T22:33:37.215+0000] {processor.py:161} INFO - Started process (PID=2207) to work on /home/airflow/.local/lib/python3.12/site-packages/airflow/example_dags/example_python_decorator.py
[2026-06-10T22:33:37.216+0000] {processor.py:830} INFO - Processing file /home/airflow/.local/lib/python3.12/site-packages/airflow/example_dags/example_python_decorator.py for tasks to queue
[2026-06-10T22:33:37.218+0000] {logging_mixin.py:188} INFO - [2026-06-10T22:33:37.218+0000] {dagbag.py:545} INFO - Filling up the DagBag from /home/airflow/.local/lib/python3.12/site-packages/airflow/example_dags/example_python_decorator.py
[2026-06-10T22:33:37.236+0000] {processor.py:840} INFO - DAG(s) 'example_python_decorator' retrieved from /home/airflow/.local/lib/python3.12/site-packages/airflow/example_dags/example_python_decorator.py
[2026-06-10T22:33:37.267+0000] {logging_mixin.py:188} INFO - [2026-06-10T22:33:37.267+0000] {dag.py:3096} INFO - Sync 1 DAGs
[2026-06-10T22:33:37.290+0000] {logging_mixin.py:188} INFO - [2026-06-10T22:33:37.290+0000] {dag.py:3954} INFO - Setting next_dagrun for example_python_decorator to None, run_after=None
[2026-06-10T22:33:37.311+0000] {processor.py:183} INFO - Processing /home/airflow/.local/lib/python3.12/site-packages/airflow/example_dags/example_python_decorator.py took 0.104 seconds
[2026-06-10T22:34:07.557+0000] {processor.py:161} INFO - Started process (PID=2266) to work on /home/airflow/.local/lib/python3.12/site-packages/airflow/example_dags/example_python_decorator.py
[2026-06-10T22:34:07.558+0000] {processor.py:830} INFO - Processing file /home/airflow/.local/lib/python3.12/site-packages/airflow/example_dags/example_python_decorator.py for tasks to queue
[2026-06-10T22:34:07.560+0000] {logging_mixin.py:188} INFO - [2026-06-10T22:34:07.560+0000] {dagbag.py:545} INFO - Filling up the DagBag from /home/airflow/.local/lib/python3.12/site-packages/airflow/example_dags/example_python_decorator.py
[2026-06-10T22:34:07.584+0000] {processor.py:840} INFO - DAG(s) 'example_python_decorator' retrieved from /home/airflow/.local/lib/python3.12/site-packages/airflow/example_dags/example_python_decorator.py
[2026-06-10T22:34:07.623+0000] {logging_mixin.py:188} INFO - [2026-06-10T22:34:07.623+0000] {dag.py:3096} INFO - Sync 1 DAGs
[2026-06-10T22:34:07.640+0000] {logging_mixin.py:188} INFO - [2026-06-10T22:34:07.640+0000] {dag.py:3954} INFO - Setting next_dagrun for example_python_decorator to None, run_after=None
[2026-06-10T22:34:07.660+0000] {processor.py:183} INFO - Processing /home/airflow/.local/lib/python3.12/site-packages/airflow/example_dags/example_python_decorator.py took 0.112 seconds
[2026-06-10T22:34:38.286+0000] {processor.py:161} INFO - Started process (PID=2327) to work on /home/airflow/.local/lib/python3.12/site-packages/airflow/example_dags/example_python_decorator.py
[2026-06-10T22:34:38.294+0000] {processor.py:830} INFO - Processing file /home/airflow/.local/lib/python3.12/site-packages/airflow/example_dags/example_python_decorator.py for tasks to queue
[2026-06-10T22:34:38.305+0000] {logging_mixin.py:188} INFO - [2026-06-10T22:34:38.304+0000] {dagbag.py:545} INFO - Filling up the DagBag from /home/airflow/.local/lib/python3.12/site-packages/airflow/example_dags/example_python_decorator.py
[2026-06-10T22:34:38.350+0000] {processor.py:840} INFO - DAG(s) 'example_python_decorator' retrieved from /home/airflow/.local/lib/python3.12/site-packages/airflow/example_dags/example_python_decorator.py
[2026-06-10T22:34:38.414+0000] {logging_mixin.py:188} INFO - [2026-06-10T22:34:38.414+0000] {dag.py:3096} INFO - Sync 1 DAGs
[2026-06-10T22:34:38.444+0000] {logging_mixin.py:188} INFO - [2026-06-10T22:34:38.444+0000] {dag.py:3954} INFO - Setting next_dagrun for example_python_decorator to None, run_after=None
[2026-06-10T22:34:38.489+0000] {processor.py:183} INFO - Processing /home/airflow/.local/lib/python3.12/site-packages/airflow/example_dags/example_python_decorator.py took 0.287 seconds
[2026-06-10T22:35:08.832+0000] {processor.py:161} INFO - Started process (PID=2388) to work on /home/airflow/.local/lib/python3.12/site-packages/airflow/example_dags/example_python_decorator.py
[2026-06-10T22:35:08.833+0000] {processor.py:830} INFO - Processing file /home/airflow/.local/lib/python3.12/site-packages/airflow/example_dags/example_python_decorator.py for tasks to queue
[2026-06-10T22:35:08.835+0000] {logging_mixin.py:188} INFO - [2026-06-10T22:35:08.834+0000] {dagbag.py:545} INFO - Filling up the DagBag from /home/airflow/.local/lib/python3.12/site-packages/airflow/example_dags/example_python_decorator.py
[2026-06-10T22:35:08.851+0000] {processor.py:840} INFO - DAG(s) 'example_python_decorator' retrieved from /home/airflow/.local/lib/python3.12/site-packages/airflow/example_dags/example_python_decorator.py
[2026-06-10T22:35:08.878+0000] {logging_mixin.py:188} INFO - [2026-06-10T22:35:08.878+0000] {dag.py:3096} INFO - Sync 1 DAGs
[2026-06-10T22:35:08.897+0000] {logging_mixin.py:188} INFO - [2026-06-10T22:35:08.896+0000] {dag.py:3954} INFO - Setting next_dagrun for example_python_decorator to None, run_after=None
[2026-06-10T22:35:08.918+0000] {processor.py:183} INFO - Processing /home/airflow/.local/lib/python3.12/site-packages/airflow/example_dags/example_python_decorator.py took 0.094 seconds
[2026-06-10T22:35:39.388+0000] {processor.py:161} INFO - Started process (PID=2448) to work on /home/airflow/.local/lib/python3.12/site-packages/airflow/example_dags/example_python_decorator.py
[2026-06-10T22:35:39.389+0000] {processor.py:830} INFO - Processing file /home/airflow/.local/lib/python3.12/site-packages/airflow/example_dags/example_python_decorator.py for tasks to queue
[2026-06-10T22:35:39.393+0000] {logging_mixin.py:188} INFO - [2026-06-10T22:35:39.392+0000] {dagbag.py:545} INFO - Filling up the DagBag from /home/airflow/.local/lib/python3.12/site-packages/airflow/example_dags/example_python_decorator.py
[2026-06-10T22:35:39.518+0000] {processor.py:840} INFO - DAG(s) 'example_python_decorator' retrieved from /home/airflow/.local/lib/python3.12/site-packages/airflow/example_dags/example_python_decorator.py
[2026-06-10T22:35:39.659+0000] {logging_mixin.py:188} INFO - [2026-06-10T22:35:39.657+0000] {dag.py:3096} INFO - Sync 1 DAGs
[2026-06-10T22:35:39.755+0000] {logging_mixin.py:188} INFO - [2026-06-10T22:35:39.754+0000] {dag.py:3954} INFO - Setting next_dagrun for example_python_decorator to None, run_after=None
[2026-06-10T22:35:39.783+0000] {processor.py:183} INFO - Processing /home/airflow/.local/lib/python3.12/site-packages/airflow/example_dags/example_python_decorator.py took 0.412 seconds
[2026-06-10T22:36:10.598+0000] {processor.py:161} INFO - Started process (PID=2509) to work on /home/airflow/.local/lib/python3.12/site-packages/airflow/example_dags/example_python_decorator.py
[2026-06-10T22:36:10.604+0000] {processor.py:830} INFO - Processing file /home/airflow/.local/lib/python3.12/site-packages/airflow/example_dags/example_python_decorator.py for tasks to queue
[2026-06-10T22:36:10.608+0000] {logging_mixin.py:188} INFO - [2026-06-10T22:36:10.608+0000] {dagbag.py:545} INFO - Filling up the DagBag from /home/airflow/.local/lib/python3.12/site-packages/airflow/example_dags/example_python_decorator.py
[2026-06-10T22:36:10.659+0000] {processor.py:840} INFO - DAG(s) 'example_python_decorator' retrieved from /home/airflow/.local/lib/python3.12/site-packages/airflow/example_dags/example_python_decorator.py
[2026-06-10T22:36:10.751+0000] {logging_mixin.py:188} INFO - [2026-06-10T22:36:10.751+0000] {dag.py:3096} INFO - Sync 1 DAGs
[2026-06-10T22:36:10.794+0000] {logging_mixin.py:188} INFO - [2026-06-10T22:36:10.790+0000] {dag.py:3954} INFO - Setting next_dagrun for example_python_decorator to None, run_after=None
[2026-06-10T22:36:10.902+0000] {processor.py:183} INFO - Processing /home/airflow/.local/lib/python3.12/site-packages/airflow/example_dags/example_python_decorator.py took 0.336 seconds
[2026-06-10T22:36:41.863+0000] {processor.py:161} INFO - Started process (PID=2575) to work on /home/airflow/.local/lib/python3.12/site-packages/airflow/example_dags/example_python_decorator.py
[2026-06-10T22:36:41.863+0000] {processor.py:830} INFO - Processing file /home/airflow/.local/lib/python3.12/site-packages/airflow/example_dags/example_python_decorator.py for tasks to queue
[2026-06-10T22:36:41.866+0000] {logging_mixin.py:188} INFO - [2026-06-10T22:36:41.865+0000] {dagbag.py:545} INFO - Filling up the DagBag from /home/airflow/.local/lib/python3.12/site-packages/airflow/example_dags/example_python_decorator.py
[2026-06-10T22:36:41.883+0000] {processor.py:840} INFO - DAG(s) 'example_python_decorator' retrieved from /home/airflow/.local/lib/python3.12/site-packages/airflow/example_dags/example_python_decorator.py
[2026-06-10T22:36:41.915+0000] {logging_mixin.py:188} INFO - [2026-06-10T22:36:41.914+0000] {dag.py:3096} INFO - Sync 1 DAGs
[2026-06-10T22:36:41.932+0000] {logging_mixin.py:188} INFO - [2026-06-10T22:36:41.932+0000] {dag.py:3954} INFO - Setting next_dagrun for example_python_decorator to None, run_after=None
[2026-06-10T22:36:41.969+0000] {processor.py:183} INFO - Processing /home/airflow/.local/lib/python3.12/site-packages/airflow/example_dags/example_python_decorator.py took 0.118 seconds
[2026-06-10T22:37:12.065+0000] {processor.py:161} INFO - Started process (PID=2634) to work on /home/airflow/.local/lib/python3.12/site-packages/airflow/example_dags/example_python_decorator.py
[2026-06-10T22:37:12.066+0000] {processor.py:830} INFO - Processing file /home/airflow/.local/lib/python3.12/site-packages/airflow/example_dags/example_python_decorator.py for tasks to queue
[2026-06-10T22:37:12.068+0000] {logging_mixin.py:188} INFO - [2026-06-10T22:37:12.067+0000] {dagbag.py:545} INFO - Filling up the DagBag from /home/airflow/.local/lib/python3.12/site-packages/airflow/example_dags/example_python_decorator.py
[2026-06-10T22:37:12.083+0000] {processor.py:840} INFO - DAG(s) 'example_python_decorator' retrieved from /home/airflow/.local/lib/python3.12/site-packages/airflow/example_dags/example_python_decorator.py
[2026-06-10T22:37:12.103+0000] {logging_mixin.py:188} INFO - [2026-06-10T22:37:12.103+0000] {dag.py:3096} INFO - Sync 1 DAGs
[2026-06-10T22:37:12.115+0000] {logging_mixin.py:188} INFO - [2026-06-10T22:37:12.114+0000] {dag.py:3954} INFO - Setting next_dagrun for example_python_decorator to None, run_after=None
[2026-06-10T22:37:12.130+0000] {processor.py:183} INFO - Processing /home/airflow/.local/lib/python3.12/site-packages/airflow/example_dags/example_python_decorator.py took 0.070 seconds
[2026-06-10T22:37:42.732+0000] {processor.py:161} INFO - Started process (PID=2695) to work on /home/airflow/.local/lib/python3.12/site-packages/airflow/example_dags/example_python_decorator.py
[2026-06-10T22:37:42.733+0000] {processor.py:830} INFO - Processing file /home/airflow/.local/lib/python3.12/site-packages/airflow/example_dags/example_python_decorator.py for tasks to queue
[2026-06-10T22:37:42.734+0000] {logging_mixin.py:188} INFO - [2026-06-10T22:37:42.734+0000] {dagbag.py:545} INFO - Filling up the DagBag from /home/airflow/.local/lib/python3.12/site-packages/airflow/example_dags/example_python_decorator.py
[2026-06-10T22:37:42.749+0000] {processor.py:840} INFO - DAG(s) 'example_python_decorator' retrieved from /home/airflow/.local/lib/python3.12/site-packages/airflow/example_dags/example_python_decorator.py
[2026-06-10T22:37:42.770+0000] {logging_mixin.py:188} INFO - [2026-06-10T22:37:42.770+0000] {dag.py:3096} INFO - Sync 1 DAGs
[2026-06-10T22:37:42.782+0000] {logging_mixin.py:188} INFO - [2026-06-10T22:37:42.782+0000] {dag.py:3954} INFO - Setting next_dagrun for example_python_decorator to None, run_after=None
[2026-06-10T22:37:42.806+0000] {processor.py:183} INFO - Processing /home/airflow/.local/lib/python3.12/site-packages/airflow/example_dags/example_python_decorator.py took 0.080 seconds
[2026-06-10T22:38:13.595+0000] {processor.py:161} INFO - Started process (PID=2756) to work on /home/airflow/.local/lib/python3.12/site-packages/airflow/example_dags/example_python_decorator.py
[2026-06-10T22:38:13.596+0000] {processor.py:830} INFO - Processing file /home/airflow/.local/lib/python3.12/site-packages/airflow/example_dags/example_python_decorator.py for tasks to queue
[2026-06-10T22:38:13.598+0000] {logging_mixin.py:188} INFO - [2026-06-10T22:38:13.597+0000] {dagbag.py:545} INFO - Filling up the DagBag from /home/airflow/.local/lib/python3.12/site-packages/airflow/example_dags/example_python_decorator.py
[2026-06-10T22:38:13.613+0000] {processor.py:840} INFO - DAG(s) 'example_python_decorator' retrieved from /home/airflow/.local/lib/python3.12/site-packages/airflow/example_dags/example_python_decorator.py
[2026-06-10T22:38:13.635+0000] {logging_mixin.py:188} INFO - [2026-06-10T22:38:13.635+0000] {dag.py:3096} INFO - Sync 1 DAGs
[2026-06-10T22:38:13.647+0000] {logging_mixin.py:188} INFO - [2026-06-10T22:38:13.647+0000] {dag.py:3954} INFO - Setting next_dagrun for example_python_decorator to None, run_after=None
[2026-06-10T22:38:13.676+0000] {processor.py:183} INFO - Processing /home/airflow/.local/lib/python3.12/site-packages/airflow/example_dags/example_python_decorator.py took 0.088 seconds
[2026-06-10T22:38:44.162+0000] {processor.py:161} INFO - Started process (PID=2817) to work on /home/airflow/.local/lib/python3.12/site-packages/airflow/example_dags/example_python_decorator.py
[2026-06-10T22:38:44.163+0000] {processor.py:830} INFO - Processing file /home/airflow/.local/lib/python3.12/site-packages/airflow/example_dags/example_python_decorator.py for tasks to queue
[2026-06-10T22:38:44.165+0000] {logging_mixin.py:188} INFO - [2026-06-10T22:38:44.164+0000] {dagbag.py:545} INFO - Filling up the DagBag from /home/airflow/.local/lib/python3.12/site-packages/airflow/example_dags/example_python_decorator.py
[2026-06-10T22:38:44.182+0000] {processor.py:840} INFO - DAG(s) 'example_python_decorator' retrieved from /home/airflow/.local/lib/python3.12/site-packages/airflow/example_dags/example_python_decorator.py
[2026-06-10T22:38:44.209+0000] {logging_mixin.py:188} INFO - [2026-06-10T22:38:44.209+0000] {dag.py:3096} INFO - Sync 1 DAGs
[2026-06-10T22:38:44.220+0000] {logging_mixin.py:188} INFO - [2026-06-10T22:38:44.220+0000] {dag.py:3954} INFO - Setting next_dagrun for example_python_decorator to None, run_after=None
[2026-06-10T22:38:44.309+0000] {processor.py:183} INFO - Processing /home/airflow/.local/lib/python3.12/site-packages/airflow/example_dags/example_python_decorator.py took 0.153 seconds
[2026-06-10T22:39:14.700+0000] {processor.py:161} INFO - Started process (PID=2878) to work on /home/airflow/.local/lib/python3.12/site-packages/airflow/example_dags/example_python_decorator.py
[2026-06-10T22:39:14.704+0000] {processor.py:830} INFO - Processing file /home/airflow/.local/lib/python3.12/site-packages/airflow/example_dags/example_python_decorator.py for tasks to queue
[2026-06-10T22:39:14.706+0000] {logging_mixin.py:188} INFO - [2026-06-10T22:39:14.706+0000] {dagbag.py:545} INFO - Filling up the DagBag from /home/airflow/.local/lib/python3.12/site-packages/airflow/example_dags/example_python_decorator.py
[2026-06-10T22:39:14.722+0000] {processor.py:840} INFO - DAG(s) 'example_python_decorator' retrieved from /home/airflow/.local/lib/python3.12/site-packages/airflow/example_dags/example_python_decorator.py
[2026-06-10T22:39:14.762+0000] {logging_mixin.py:188} INFO - [2026-06-10T22:39:14.762+0000] {dag.py:3096} INFO - Sync 1 DAGs
[2026-06-10T22:39:14.779+0000] {logging_mixin.py:188} INFO - [2026-06-10T22:39:14.778+0000] {dag.py:3954} INFO - Setting next_dagrun for example_python_decorator to None, run_after=None
[2026-06-10T22:39:14.813+0000] {processor.py:183} INFO - Processing /home/airflow/.local/lib/python3.12/site-packages/airflow/example_dags/example_python_decorator.py took 0.119 seconds
[2026-06-10T22:39:45.542+0000] {processor.py:161} INFO - Started process (PID=2939) to work on /home/airflow/.local/lib/python3.12/site-packages/airflow/example_dags/example_python_decorator.py
[2026-06-10T22:39:45.543+0000] {processor.py:830} INFO - Processing file /home/airflow/.local/lib/python3.12/site-packages/airflow/example_dags/example_python_decorator.py for tasks to queue
[2026-06-10T22:39:45.545+0000] {logging_mixin.py:188} INFO - [2026-06-10T22:39:45.545+0000] {dagbag.py:545} INFO - Filling up the DagBag from /home/airflow/.local/lib/python3.12/site-packages/airflow/example_dags/example_python_decorator.py
[2026-06-10T22:39:45.564+0000] {processor.py:840} INFO - DAG(s) 'example_python_decorator' retrieved from /home/airflow/.local/lib/python3.12/site-packages/airflow/example_dags/example_python_decorator.py
[2026-06-10T22:39:45.611+0000] {logging_mixin.py:188} INFO - [2026-06-10T22:39:45.611+0000] {dag.py:3096} INFO - Sync 1 DAGs
[2026-06-10T22:39:45.630+0000] {logging_mixin.py:188} INFO - [2026-06-10T22:39:45.630+0000] {dag.py:3954} INFO - Setting next_dagrun for example_python_decorator to None, run_after=None
[2026-06-10T22:39:45.657+0000] {processor.py:183} INFO - Processing /home/airflow/.local/lib/python3.12/site-packages/airflow/example_dags/example_python_decorator.py took 0.123 seconds
[2026-06-10T22:40:15.997+0000] {processor.py:161} INFO - Started process (PID=3000) to work on /home/airflow/.local/lib/python3.12/site-packages/airflow/example_dags/example_python_decorator.py
[2026-06-10T22:40:15.998+0000] {processor.py:830} INFO - Processing file /home/airflow/.local/lib/python3.12/site-packages/airflow/example_dags/example_python_decorator.py for tasks to queue
[2026-06-10T22:40:16.000+0000] {logging_mixin.py:188} INFO - [2026-06-10T22:40:15.999+0000] {dagbag.py:545} INFO - Filling up the DagBag from /home/airflow/.local/lib/python3.12/site-packages/airflow/example_dags/example_python_decorator.py
[2026-06-10T22:40:16.011+0000] {processor.py:840} INFO - DAG(s) 'example_python_decorator' retrieved from /home/airflow/.local/lib/python3.12/site-packages/airflow/example_dags/example_python_decorator.py
[2026-06-10T22:40:16.031+0000] {logging_mixin.py:188} INFO - [2026-06-10T22:40:16.031+0000] {dag.py:3096} INFO - Sync 1 DAGs
[2026-06-10T22:40:16.046+0000] {logging_mixin.py:188} INFO - [2026-06-10T22:40:16.046+0000] {dag.py:3954} INFO - Setting next_dagrun for example_python_decorator to None, run_after=None
[2026-06-10T22:40:16.067+0000] {processor.py:183} INFO - Processing /home/airflow/.local/lib/python3.12/site-packages/airflow/example_dags/example_python_decorator.py took 0.076 seconds
[2026-06-10T22:40:46.192+0000] {processor.py:161} INFO - Started process (PID=3061) to work on /home/airflow/.local/lib/python3.12/site-packages/airflow/example_dags/example_python_decorator.py
[2026-06-10T22:40:46.193+0000] {processor.py:830} INFO - Processing file /home/airflow/.local/lib/python3.12/site-packages/airflow/example_dags/example_python_decorator.py for tasks to queue
[2026-06-10T22:40:46.195+0000] {logging_mixin.py:188} INFO - [2026-06-10T22:40:46.195+0000] {dagbag.py:545} INFO - Filling up the DagBag from /home/airflow/.local/lib/python3.12/site-packages/airflow/example_dags/example_python_decorator.py
[2026-06-10T22:40:46.208+0000] {processor.py:840} INFO - DAG(s) 'example_python_decorator' retrieved from /home/airflow/.local/lib/python3.12/site-packages/airflow/example_dags/example_python_decorator.py
[2026-06-10T22:40:46.231+0000] {logging_mixin.py:188} INFO - [2026-06-10T22:40:46.231+0000] {dag.py:3096} INFO - Sync 1 DAGs
[2026-06-10T22:40:46.244+0000] {logging_mixin.py:188} INFO - [2026-06-10T22:40:46.244+0000] {dag.py:3954} INFO - Setting next_dagrun for example_python_decorator to None, run_after=None
[2026-06-10T22:40:46.262+0000] {processor.py:183} INFO - Processing /home/airflow/.local/lib/python3.12/site-packages/airflow/example_dags/example_python_decorator.py took 0.076 seconds
[2026-06-10T22:41:16.340+0000] {processor.py:161} INFO - Started process (PID=3122) to work on /home/airflow/.local/lib/python3.12/site-packages/airflow/example_dags/example_python_decorator.py
[2026-06-10T22:41:16.341+0000] {processor.py:830} INFO - Processing file /home/airflow/.local/lib/python3.12/site-packages/airflow/example_dags/example_python_decorator.py for tasks to queue
[2026-06-10T22:41:16.343+0000] {logging_mixin.py:188} INFO - [2026-06-10T22:41:16.343+0000] {dagbag.py:545} INFO - Filling up the DagBag from /home/airflow/.local/lib/python3.12/site-packages/airflow/example_dags/example_python_decorator.py
[2026-06-10T22:41:16.362+0000] {processor.py:840} INFO - DAG(s) 'example_python_decorator' retrieved from /home/airflow/.local/lib/python3.12/site-packages/airflow/example_dags/example_python_decorator.py
[2026-06-10T22:41:16.396+0000] {logging_mixin.py:188} INFO - [2026-06-10T22:41:16.396+0000] {dag.py:3096} INFO - Sync 1 DAGs
[2026-06-10T22:41:16.414+0000] {logging_mixin.py:188} INFO - [2026-06-10T22:41:16.414+0000] {dag.py:3954} INFO - Setting next_dagrun for example_python_decorator to None, run_after=None
[2026-06-10T22:41:16.437+0000] {processor.py:183} INFO - Processing /home/airflow/.local/lib/python3.12/site-packages/airflow/example_dags/example_python_decorator.py took 0.106 seconds
[2026-06-10T22:41:47.232+0000] {processor.py:161} INFO - Started process (PID=3183) to work on /home/airflow/.local/lib/python3.12/site-packages/airflow/example_dags/example_python_decorator.py
[2026-06-10T22:41:47.234+0000] {processor.py:830} INFO - Processing file /home/airflow/.local/lib/python3.12/site-packages/airflow/example_dags/example_python_decorator.py for tasks to queue
[2026-06-10T22:41:47.235+0000] {logging_mixin.py:188} INFO - [2026-06-10T22:41:47.235+0000] {dagbag.py:545} INFO - Filling up the DagBag from /home/airflow/.local/lib/python3.12/site-packages/airflow/example_dags/example_python_decorator.py
[2026-06-10T22:41:47.246+0000] {processor.py:840} INFO - DAG(s) 'example_python_decorator' retrieved from /home/airflow/.local/lib/python3.12/site-packages/airflow/example_dags/example_python_decorator.py
[2026-06-10T22:41:47.266+0000] {logging_mixin.py:188} INFO - [2026-06-10T22:41:47.266+0000] {dag.py:3096} INFO - Sync 1 DAGs
[2026-06-10T22:41:47.285+0000] {logging_mixin.py:188} INFO - [2026-06-10T22:41:47.284+0000] {dag.py:3954} INFO - Setting next_dagrun for example_python_decorator to None, run_after=None
[2026-06-10T22:41:47.301+0000] {processor.py:183} INFO - Processing /home/airflow/.local/lib/python3.12/site-packages/airflow/example_dags/example_python_decorator.py took 0.074 seconds
[2026-06-10T22:42:17.658+0000] {processor.py:161} INFO - Started process (PID=3244) to work on /home/airflow/.local/lib/python3.12/site-packages/airflow/example_dags/example_python_decorator.py
[2026-06-10T22:42:17.659+0000] {processor.py:830} INFO - Processing file /home/airflow/.local/lib/python3.12/site-packages/airflow/example_dags/example_python_decorator.py for tasks to queue
[2026-06-10T22:42:17.661+0000] {logging_mixin.py:188} INFO - [2026-06-10T22:42:17.660+0000] {dagbag.py:545} INFO - Filling up the DagBag from /home/airflow/.local/lib/python3.12/site-packages/airflow/example_dags/example_python_decorator.py
[2026-06-10T22:42:17.675+0000] {processor.py:840} INFO - DAG(s) 'example_python_decorator' retrieved from /home/airflow/.local/lib/python3.12/site-packages/airflow/example_dags/example_python_decorator.py
[2026-06-10T22:42:17.698+0000] {logging_mixin.py:188} INFO - [2026-06-10T22:42:17.698+0000] {dag.py:3096} INFO - Sync 1 DAGs
[2026-06-10T22:42:17.709+0000] {logging_mixin.py:188} INFO - [2026-06-10T22:42:17.709+0000] {dag.py:3954} INFO - Setting next_dagrun for example_python_decorator to None, run_after=None
[2026-06-10T22:42:17.724+0000] {processor.py:183} INFO - Processing /home/airflow/.local/lib/python3.12/site-packages/airflow/example_dags/example_python_decorator.py took 0.072 seconds
[2026-06-10T22:42:47.994+0000] {processor.py:161} INFO - Started process (PID=3304) to work on /home/airflow/.local/lib/python3.12/site-packages/airflow/example_dags/example_python_decorator.py
[2026-06-10T22:42:47.995+0000] {processor.py:830} INFO - Processing file /home/airflow/.local/lib/python3.12/site-packages/airflow/example_dags/example_python_decorator.py for tasks to queue
[2026-06-10T22:42:47.997+0000] {logging_mixin.py:188} INFO - [2026-06-10T22:42:47.997+0000] {dagbag.py:545} INFO - Filling up the DagBag from /home/airflow/.local/lib/python3.12/site-packages/airflow/example_dags/example_python_decorator.py
[2026-06-10T22:42:48.011+0000] {processor.py:840} INFO - DAG(s) 'example_python_decorator' retrieved from /home/airflow/.local/lib/python3.12/site-packages/airflow/example_dags/example_python_decorator.py
[2026-06-10T22:42:48.032+0000] {logging_mixin.py:188} INFO - [2026-06-10T22:42:48.032+0000] {dag.py:3096} INFO - Sync 1 DAGs
[2026-06-10T22:42:48.044+0000] {logging_mixin.py:188} INFO - [2026-06-10T22:42:48.044+0000] {dag.py:3954} INFO - Setting next_dagrun for example_python_decorator to None, run_after=None
[2026-06-10T22:42:48.060+0000] {processor.py:183} INFO - Processing /home/airflow/.local/lib/python3.12/site-packages/airflow/example_dags/example_python_decorator.py took 0.074 seconds
[2026-06-10T22:43:18.172+0000] {processor.py:161} INFO - Started process (PID=3365) to work on /home/airflow/.local/lib/python3.12/site-packages/airflow/example_dags/example_python_decorator.py
[2026-06-10T22:43:18.175+0000] {processor.py:830} INFO - Processing file /home/airflow/.local/lib/python3.12/site-packages/airflow/example_dags/example_python_decorator.py for tasks to queue
[2026-06-10T22:43:18.177+0000] {logging_mixin.py:188} INFO - [2026-06-10T22:43:18.177+0000] {dagbag.py:545} INFO - Filling up the DagBag from /home/airflow/.local/lib/python3.12/site-packages/airflow/example_dags/example_python_decorator.py
[2026-06-10T22:43:18.194+0000] {processor.py:840} INFO - DAG(s) 'example_python_decorator' retrieved from /home/airflow/.local/lib/python3.12/site-packages/airflow/example_dags/example_python_decorator.py
[2026-06-10T22:43:18.226+0000] {logging_mixin.py:188} INFO - [2026-06-10T22:43:18.225+0000] {dag.py:3096} INFO - Sync 1 DAGs
[2026-06-10T22:43:18.243+0000] {logging_mixin.py:188} INFO - [2026-06-10T22:43:18.243+0000] {dag.py:3954} INFO - Setting next_dagrun for example_python_decorator to None, run_after=None
[2026-06-10T22:43:18.266+0000] {processor.py:183} INFO - Processing /home/airflow/.local/lib/python3.12/site-packages/airflow/example_dags/example_python_decorator.py took 0.103 seconds
[2026-06-10T22:43:48.808+0000] {processor.py:161} INFO - Started process (PID=3423) to work on /home/airflow/.local/lib/python3.12/site-packages/airflow/example_dags/example_python_decorator.py
[2026-06-10T22:43:48.810+0000] {processor.py:830} INFO - Processing file /home/airflow/.local/lib/python3.12/site-packages/airflow/example_dags/example_python_decorator.py for tasks to queue
[2026-06-10T22:43:48.813+0000] {logging_mixin.py:188} INFO - [2026-06-10T22:43:48.812+0000] {dagbag.py:545} INFO - Filling up the DagBag from /home/airflow/.local/lib/python3.12/site-packages/airflow/example_dags/example_python_decorator.py
[2026-06-10T22:43:48.839+0000] {processor.py:840} INFO - DAG(s) 'example_python_decorator' retrieved from /home/airflow/.local/lib/python3.12/site-packages/airflow/example_dags/example_python_decorator.py
[2026-06-10T22:43:48.880+0000] {logging_mixin.py:188} INFO - [2026-06-10T22:43:48.880+0000] {dag.py:3096} INFO - Sync 1 DAGs
[2026-06-10T22:43:48.897+0000] {logging_mixin.py:188} INFO - [2026-06-10T22:43:48.897+0000] {dag.py:3954} INFO - Setting next_dagrun for example_python_decorator to None, run_after=None
[2026-06-10T22:43:48.929+0000] {processor.py:183} INFO - Processing /home/airflow/.local/lib/python3.12/site-packages/airflow/example_dags/example_python_decorator.py took 0.134 seconds
[2026-06-10T22:44:19.827+0000] {processor.py:161} INFO - Started process (PID=3484) to work on /home/airflow/.local/lib/python3.12/site-packages/airflow/example_dags/example_python_decorator.py
[2026-06-10T22:44:19.828+0000] {processor.py:830} INFO - Processing file /home/airflow/.local/lib/python3.12/site-packages/airflow/example_dags/example_python_decorator.py for tasks to queue
[2026-06-10T22:44:19.830+0000] {logging_mixin.py:188} INFO - [2026-06-10T22:44:19.830+0000] {dagbag.py:545} INFO - Filling up the DagBag from /home/airflow/.local/lib/python3.12/site-packages/airflow/example_dags/example_python_decorator.py
[2026-06-10T22:44:19.846+0000] {processor.py:840} INFO - DAG(s) 'example_python_decorator' retrieved from /home/airflow/.local/lib/python3.12/site-packages/airflow/example_dags/example_python_decorator.py
[2026-06-10T22:44:19.879+0000] {logging_mixin.py:188} INFO - [2026-06-10T22:44:19.879+0000] {dag.py:3096} INFO - Sync 1 DAGs
[2026-06-10T22:44:19.897+0000] {logging_mixin.py:188} INFO - [2026-06-10T22:44:19.897+0000] {dag.py:3954} INFO - Setting next_dagrun for example_python_decorator to None, run_after=None
[2026-06-10T22:44:19.927+0000] {processor.py:183} INFO - Processing /home/airflow/.local/lib/python3.12/site-packages/airflow/example_dags/example_python_decorator.py took 0.107 seconds
[2026-06-10T22:44:49.980+0000] {processor.py:161} INFO - Started process (PID=3545) to work on /home/airflow/.local/lib/python3.12/site-packages/airflow/example_dags/example_python_decorator.py
[2026-06-10T22:44:49.981+0000] {processor.py:830} INFO - Processing file /home/airflow/.local/lib/python3.12/site-packages/airflow/example_dags/example_python_decorator.py for tasks to queue
[2026-06-10T22:44:49.983+0000] {logging_mixin.py:188} INFO - [2026-06-10T22:44:49.982+0000] {dagbag.py:545} INFO - Filling up the DagBag from /home/airflow/.local/lib/python3.12/site-packages/airflow/example_dags/example_python_decorator.py
[2026-06-10T22:44:49.996+0000] {processor.py:840} INFO - DAG(s) 'example_python_decorator' retrieved from /home/airflow/.local/lib/python3.12/site-packages/airflow/example_dags/example_python_decorator.py
[2026-06-10T22:44:50.018+0000] {logging_mixin.py:188} INFO - [2026-06-10T22:44:50.018+0000] {dag.py:3096} INFO - Sync 1 DAGs
[2026-06-10T22:44:50.031+0000] {logging_mixin.py:188} INFO - [2026-06-10T22:44:50.031+0000] {dag.py:3954} INFO - Setting next_dagrun for example_python_decorator to None, run_after=None
[2026-06-10T22:44:50.054+0000] {processor.py:183} INFO - Processing /home/airflow/.local/lib/python3.12/site-packages/airflow/example_dags/example_python_decorator.py took 0.080 seconds
[2026-06-10T22:45:20.750+0000] {processor.py:161} INFO - Started process (PID=3605) to work on /home/airflow/.local/lib/python3.12/site-packages/airflow/example_dags/example_python_decorator.py
[2026-06-10T22:45:20.751+0000] {processor.py:830} INFO - Processing file /home/airflow/.local/lib/python3.12/site-packages/airflow/example_dags/example_python_decorator.py for tasks to queue
[2026-06-10T22:45:20.753+0000] {logging_mixin.py:188} INFO - [2026-06-10T22:45:20.752+0000] {dagbag.py:545} INFO - Filling up the DagBag from /home/airflow/.local/lib/python3.12/site-packages/airflow/example_dags/example_python_decorator.py
[2026-06-10T22:45:20.764+0000] {processor.py:840} INFO - DAG(s) 'example_python_decorator' retrieved from /home/airflow/.local/lib/python3.12/site-packages/airflow/example_dags/example_python_decorator.py
[2026-06-10T22:45:20.791+0000] {logging_mixin.py:188} INFO - [2026-06-10T22:45:20.791+0000] {dag.py:3096} INFO - Sync 1 DAGs
[2026-06-10T22:45:20.805+0000] {logging_mixin.py:188} INFO - [2026-06-10T22:45:20.804+0000] {dag.py:3954} INFO - Setting next_dagrun for example_python_decorator to None, run_after=None
[2026-06-10T22:45:20.820+0000] {processor.py:183} INFO - Processing /home/airflow/.local/lib/python3.12/site-packages/airflow/example_dags/example_python_decorator.py took 0.075 seconds
[2026-06-10T22:45:51.409+0000] {processor.py:161} INFO - Started process (PID=3666) to work on /home/airflow/.local/lib/python3.12/site-packages/airflow/example_dags/example_python_decorator.py
[2026-06-10T22:45:51.410+0000] {processor.py:830} INFO - Processing file /home/airflow/.local/lib/python3.12/site-packages/airflow/example_dags/example_python_decorator.py for tasks to queue
[2026-06-10T22:45:51.412+0000] {logging_mixin.py:188} INFO - [2026-06-10T22:45:51.411+0000] {dagbag.py:545} INFO - Filling up the DagBag from /home/airflow/.local/lib/python3.12/site-packages/airflow/example_dags/example_python_decorator.py
[2026-06-10T22:45:51.423+0000] {processor.py:840} INFO - DAG(s) 'example_python_decorator' retrieved from /home/airflow/.local/lib/python3.12/site-packages/airflow/example_dags/example_python_decorator.py
[2026-06-10T22:45:51.443+0000] {logging_mixin.py:188} INFO - [2026-06-10T22:45:51.443+0000] {dag.py:3096} INFO - Sync 1 DAGs
[2026-06-10T22:45:51.455+0000] {logging_mixin.py:188} INFO - [2026-06-10T22:45:51.455+0000] {dag.py:3954} INFO - Setting next_dagrun for example_python_decorator to None, run_after=None
[2026-06-10T22:45:51.474+0000] {processor.py:183} INFO - Processing /home/airflow/.local/lib/python3.12/site-packages/airflow/example_dags/example_python_decorator.py took 0.070 seconds
[2026-06-10T22:46:21.856+0000] {processor.py:161} INFO - Started process (PID=3727) to work on /home/airflow/.local/lib/python3.12/site-packages/airflow/example_dags/example_python_decorator.py
[2026-06-10T22:46:21.858+0000] {processor.py:830} INFO - Processing file /home/airflow/.local/lib/python3.12/site-packages/airflow/example_dags/example_python_decorator.py for tasks to queue
[2026-06-10T22:46:21.860+0000] {logging_mixin.py:188} INFO - [2026-06-10T22:46:21.860+0000] {dagbag.py:545} INFO - Filling up the DagBag from /home/airflow/.local/lib/python3.12/site-packages/airflow/example_dags/example_python_decorator.py
[2026-06-10T22:46:21.877+0000] {processor.py:840} INFO - DAG(s) 'example_python_decorator' retrieved from /home/airflow/.local/lib/python3.12/site-packages/airflow/example_dags/example_python_decorator.py
[2026-06-10T22:46:21.906+0000] {logging_mixin.py:188} INFO - [2026-06-10T22:46:21.905+0000] {dag.py:3096} INFO - Sync 1 DAGs
[2026-06-10T22:46:21.924+0000] {logging_mixin.py:188} INFO - [2026-06-10T22:46:21.923+0000] {dag.py:3954} INFO - Setting next_dagrun for example_python_decorator to None, run_after=None
[2026-06-10T22:46:21.949+0000] {processor.py:183} INFO - Processing /home/airflow/.local/lib/python3.12/site-packages/airflow/example_dags/example_python_decorator.py took 0.100 seconds
[2026-06-10T22:46:52.482+0000] {processor.py:161} INFO - Started process (PID=3788) to work on /home/airflow/.local/lib/python3.12/site-packages/airflow/example_dags/example_python_decorator.py
[2026-06-10T22:46:52.483+0000] {processor.py:830} INFO - Processing file /home/airflow/.local/lib/python3.12/site-packages/airflow/example_dags/example_python_decorator.py for tasks to queue
[2026-06-10T22:46:52.484+0000] {logging_mixin.py:188} INFO - [2026-06-10T22:46:52.484+0000] {dagbag.py:545} INFO - Filling up the DagBag from /home/airflow/.local/lib/python3.12/site-packages/airflow/example_dags/example_python_decorator.py
[2026-06-10T22:46:52.496+0000] {processor.py:840} INFO - DAG(s) 'example_python_decorator' retrieved from /home/airflow/.local/lib/python3.12/site-packages/airflow/example_dags/example_python_decorator.py
[2026-06-10T22:46:52.515+0000] {logging_mixin.py:188} INFO - [2026-06-10T22:46:52.515+0000] {dag.py:3096} INFO - Sync 1 DAGs
[2026-06-10T22:46:52.526+0000] {logging_mixin.py:188} INFO - [2026-06-10T22:46:52.526+0000] {dag.py:3954} INFO - Setting next_dagrun for example_python_decorator to None, run_after=None
[2026-06-10T22:46:52.541+0000] {processor.py:183} INFO - Processing /home/airflow/.local/lib/python3.12/site-packages/airflow/example_dags/example_python_decorator.py took 0.066 seconds
[2026-06-10T22:47:22.639+0000] {processor.py:161} INFO - Started process (PID=3849) to work on /home/airflow/.local/lib/python3.12/site-packages/airflow/example_dags/example_python_decorator.py
[2026-06-10T22:47:22.639+0000] {processor.py:830} INFO - Processing file /home/airflow/.local/lib/python3.12/site-packages/airflow/example_dags/example_python_decorator.py for tasks to queue
[2026-06-10T22:47:22.641+0000] {logging_mixin.py:188} INFO - [2026-06-10T22:47:22.641+0000] {dagbag.py:545} INFO - Filling up the DagBag from /home/airflow/.local/lib/python3.12/site-packages/airflow/example_dags/example_python_decorator.py
[2026-06-10T22:47:22.653+0000] {processor.py:840} INFO - DAG(s) 'example_python_decorator' retrieved from /home/airflow/.local/lib/python3.12/site-packages/airflow/example_dags/example_python_decorator.py
[2026-06-10T22:47:22.682+0000] {logging_mixin.py:188} INFO - [2026-06-10T22:47:22.681+0000] {dag.py:3096} INFO - Sync 1 DAGs
[2026-06-10T22:47:22.699+0000] {logging_mixin.py:188} INFO - [2026-06-10T22:47:22.699+0000] {dag.py:3954} INFO - Setting next_dagrun for example_python_decorator to None, run_after=None
[2026-06-10T22:47:22.715+0000] {processor.py:183} INFO - Processing /home/airflow/.local/lib/python3.12/site-packages/airflow/example_dags/example_python_decorator.py took 0.082 seconds
[2026-06-10T22:47:53.580+0000] {processor.py:161} INFO - Started process (PID=3910) to work on /home/airflow/.local/lib/python3.12/site-packages/airflow/example_dags/example_python_decorator.py
[2026-06-10T22:47:53.581+0000] {processor.py:830} INFO - Processing file /home/airflow/.local/lib/python3.12/site-packages/airflow/example_dags/example_python_decorator.py for tasks to queue
[2026-06-10T22:47:53.584+0000] {logging_mixin.py:188} INFO - [2026-06-10T22:47:53.584+0000] {dagbag.py:545} INFO - Filling up the DagBag from /home/airflow/.local/lib/python3.12/site-packages/airflow/example_dags/example_python_decorator.py
[2026-06-10T22:47:53.606+0000] {processor.py:840} INFO - DAG(s) 'example_python_decorator' retrieved from /home/airflow/.local/lib/python3.12/site-packages/airflow/example_dags/example_python_decorator.py
[2026-06-10T22:47:53.635+0000] {logging_mixin.py:188} INFO - [2026-06-10T22:47:53.635+0000] {dag.py:3096} INFO - Sync 1 DAGs
[2026-06-10T22:47:53.652+0000] {logging_mixin.py:188} INFO - [2026-06-10T22:47:53.651+0000] {dag.py:3954} INFO - Setting next_dagrun for example_python_decorator to None, run_after=None
[2026-06-10T22:47:53.680+0000] {processor.py:183} INFO - Processing /home/airflow/.local/lib/python3.12/site-packages/airflow/example_dags/example_python_decorator.py took 0.116 seconds
[2026-06-10T22:48:24.573+0000] {processor.py:161} INFO - Started process (PID=3970) to work on /home/airflow/.local/lib/python3.12/site-packages/airflow/example_dags/example_python_decorator.py
[2026-06-10T22:48:24.574+0000] {processor.py:830} INFO - Processing file /home/airflow/.local/lib/python3.12/site-packages/airflow/example_dags/example_python_decorator.py for tasks to queue
[2026-06-10T22:48:24.576+0000] {logging_mixin.py:188} INFO - [2026-06-10T22:48:24.575+0000] {dagbag.py:545} INFO - Filling up the DagBag from /home/airflow/.local/lib/python3.12/site-packages/airflow/example_dags/example_python_decorator.py
[2026-06-10T22:48:24.594+0000] {processor.py:840} INFO - DAG(s) 'example_python_decorator' retrieved from /home/airflow/.local/lib/python3.12/site-packages/airflow/example_dags/example_python_decorator.py
[2026-06-10T22:48:24.628+0000] {logging_mixin.py:188} INFO - [2026-06-10T22:48:24.627+0000] {dag.py:3096} INFO - Sync 1 DAGs
[2026-06-10T22:48:24.647+0000] {logging_mixin.py:188} INFO - [2026-06-10T22:48:24.647+0000] {dag.py:3954} INFO - Setting next_dagrun for example_python_decorator to None, run_after=None
[2026-06-10T22:48:24.673+0000] {processor.py:183} INFO - Processing /home/airflow/.local/lib/python3.12/site-packages/airflow/example_dags/example_python_decorator.py took 0.126 seconds
[2026-06-10T22:48:55.566+0000] {processor.py:161} INFO - Started process (PID=4031) to work on /home/airflow/.local/lib/python3.12/site-packages/airflow/example_dags/example_python_decorator.py
[2026-06-10T22:48:55.570+0000] {processor.py:830} INFO - Processing file /home/airflow/.local/lib/python3.12/site-packages/airflow/example_dags/example_python_decorator.py for tasks to queue
[2026-06-10T22:48:55.600+0000] {logging_mixin.py:188} INFO - [2026-06-10T22:48:55.594+0000] {dagbag.py:545} INFO - Filling up the DagBag from /home/airflow/.local/lib/python3.12/site-packages/airflow/example_dags/example_python_decorator.py
[2026-06-10T22:48:55.670+0000] {processor.py:840} INFO - DAG(s) 'example_python_decorator' retrieved from /home/airflow/.local/lib/python3.12/site-packages/airflow/example_dags/example_python_decorator.py
[2026-06-10T22:48:55.765+0000] {logging_mixin.py:188} INFO - [2026-06-10T22:48:55.764+0000] {dag.py:3096} INFO - Sync 1 DAGs
[2026-06-10T22:48:55.802+0000] {logging_mixin.py:188} INFO - [2026-06-10T22:48:55.802+0000] {dag.py:3954} INFO - Setting next_dagrun for example_python_decorator to None, run_after=None
[2026-06-10T22:48:55.888+0000] {processor.py:183} INFO - Processing /home/airflow/.local/lib/python3.12/site-packages/airflow/example_dags/example_python_decorator.py took 0.345 seconds
[2026-06-10T22:49:26.506+0000] {processor.py:161} INFO - Started process (PID=4092) to work on /home/airflow/.local/lib/python3.12/site-packages/airflow/example_dags/example_python_decorator.py
[2026-06-10T22:49:26.507+0000] {processor.py:830} INFO - Processing file /home/airflow/.local/lib/python3.12/site-packages/airflow/example_dags/example_python_decorator.py for tasks to queue
[2026-06-10T22:49:26.509+0000] {logging_mixin.py:188} INFO - [2026-06-10T22:49:26.509+0000] {dagbag.py:545} INFO - Filling up the DagBag from /home/airflow/.local/lib/python3.12/site-packages/airflow/example_dags/example_python_decorator.py
[2026-06-10T22:49:26.551+0000] {processor.py:840} INFO - DAG(s) 'example_python_decorator' retrieved from /home/airflow/.local/lib/python3.12/site-packages/airflow/example_dags/example_python_decorator.py
[2026-06-10T22:49:26.628+0000] {logging_mixin.py:188} INFO - [2026-06-10T22:49:26.628+0000] {dag.py:3096} INFO - Sync 1 DAGs
[2026-06-10T22:49:26.672+0000] {logging_mixin.py:188} INFO - [2026-06-10T22:49:26.672+0000] {dag.py:3954} INFO - Setting next_dagrun for example_python_decorator to None, run_after=None
[2026-06-10T22:49:26.729+0000] {processor.py:183} INFO - Processing /home/airflow/.local/lib/python3.12/site-packages/airflow/example_dags/example_python_decorator.py took 0.230 seconds
[2026-06-10T22:49:56.926+0000] {processor.py:161} INFO - Started process (PID=4153) to work on /home/airflow/.local/lib/python3.12/site-packages/airflow/example_dags/example_python_decorator.py
[2026-06-10T22:49:56.927+0000] {processor.py:830} INFO - Processing file /home/airflow/.local/lib/python3.12/site-packages/airflow/example_dags/example_python_decorator.py for tasks to queue
[2026-06-10T22:49:56.929+0000] {logging_mixin.py:188} INFO - [2026-06-10T22:49:56.929+0000] {dagbag.py:545} INFO - Filling up the DagBag from /home/airflow/.local/lib/python3.12/site-packages/airflow/example_dags/example_python_decorator.py
[2026-06-10T22:49:56.946+0000] {processor.py:840} INFO - DAG(s) 'example_python_decorator' retrieved from /home/airflow/.local/lib/python3.12/site-packages/airflow/example_dags/example_python_decorator.py
[2026-06-10T22:49:56.985+0000] {logging_mixin.py:188} INFO - [2026-06-10T22:49:56.984+0000] {dag.py:3096} INFO - Sync 1 DAGs
[2026-06-10T22:49:57.002+0000] {logging_mixin.py:188} INFO - [2026-06-10T22:49:57.001+0000] {dag.py:3954} INFO - Setting next_dagrun for example_python_decorator to None, run_after=None
[2026-06-10T22:49:57.026+0000] {processor.py:183} INFO - Processing /home/airflow/.local/lib/python3.12/site-packages/airflow/example_dags/example_python_decorator.py took 0.108 seconds
[2026-06-10T22:50:27.154+0000] {processor.py:161} INFO - Started process (PID=4214) to work on /home/airflow/.local/lib/python3.12/site-packages/airflow/example_dags/example_python_decorator.py
[2026-06-10T22:50:27.167+0000] {processor.py:830} INFO - Processing file /home/airflow/.local/lib/python3.12/site-packages/airflow/example_dags/example_python_decorator.py for tasks to queue
[2026-06-10T22:50:27.172+0000] {logging_mixin.py:188} INFO - [2026-06-10T22:50:27.171+0000] {dagbag.py:545} INFO - Filling up the DagBag from /home/airflow/.local/lib/python3.12/site-packages/airflow/example_dags/example_python_decorator.py
[2026-06-10T22:50:27.201+0000] {processor.py:840} INFO - DAG(s) 'example_python_decorator' retrieved from /home/airflow/.local/lib/python3.12/site-packages/airflow/example_dags/example_python_decorator.py
[2026-06-10T22:50:27.251+0000] {logging_mixin.py:188} INFO - [2026-06-10T22:50:27.249+0000] {dag.py:3096} INFO - Sync 1 DAGs
[2026-06-10T22:50:27.286+0000] {logging_mixin.py:188} INFO - [2026-06-10T22:50:27.286+0000] {dag.py:3954} INFO - Setting next_dagrun for example_python_decorator to None, run_after=None
[2026-06-10T22:50:27.345+0000] {processor.py:183} INFO - Processing /home/airflow/.local/lib/python3.12/site-packages/airflow/example_dags/example_python_decorator.py took 0.199 seconds
[2026-06-10T22:50:57.512+0000] {processor.py:161} INFO - Started process (PID=4275) to work on /home/airflow/.local/lib/python3.12/site-packages/airflow/example_dags/example_python_decorator.py
[2026-06-10T22:50:57.513+0000] {processor.py:830} INFO - Processing file /home/airflow/.local/lib/python3.12/site-packages/airflow/example_dags/example_python_decorator.py for tasks to queue
[2026-06-10T22:50:57.515+0000] {logging_mixin.py:188} INFO - [2026-06-10T22:50:57.515+0000] {dagbag.py:545} INFO - Filling up the DagBag from /home/airflow/.local/lib/python3.12/site-packages/airflow/example_dags/example_python_decorator.py
[2026-06-10T22:50:57.534+0000] {processor.py:840} INFO - DAG(s) 'example_python_decorator' retrieved from /home/airflow/.local/lib/python3.12/site-packages/airflow/example_dags/example_python_decorator.py
[2026-06-10T22:50:57.585+0000] {logging_mixin.py:188} INFO - [2026-06-10T22:50:57.584+0000] {dag.py:3096} INFO - Sync 1 DAGs
[2026-06-10T22:50:57.615+0000] {logging_mixin.py:188} INFO - [2026-06-10T22:50:57.615+0000] {dag.py:3954} INFO - Setting next_dagrun for example_python_decorator to None, run_after=None
[2026-06-10T22:50:57.650+0000] {processor.py:183} INFO - Processing /home/airflow/.local/lib/python3.12/site-packages/airflow/example_dags/example_python_decorator.py took 0.145 seconds
[2026-06-10T22:51:27.945+0000] {processor.py:161} INFO - Started process (PID=4336) to work on /home/airflow/.local/lib/python3.12/site-packages/airflow/example_dags/example_python_decorator.py
[2026-06-10T22:51:27.946+0000] {processor.py:830} INFO - Processing file /home/airflow/.local/lib/python3.12/site-packages/airflow/example_dags/example_python_decorator.py for tasks to queue
[2026-06-10T22:51:27.948+0000] {logging_mixin.py:188} INFO - [2026-06-10T22:51:27.948+0000] {dagbag.py:545} INFO - Filling up the DagBag from /home/airflow/.local/lib/python3.12/site-packages/airflow/example_dags/example_python_decorator.py
[2026-06-10T22:51:27.967+0000] {processor.py:840} INFO - DAG(s) 'example_python_decorator' retrieved from /home/airflow/.local/lib/python3.12/site-packages/airflow/example_dags/example_python_decorator.py
[2026-06-10T22:51:28.001+0000] {logging_mixin.py:188} INFO - [2026-06-10T22:51:28.001+0000] {dag.py:3096} INFO - Sync 1 DAGs
[2026-06-10T22:51:28.019+0000] {logging_mixin.py:188} INFO - [2026-06-10T22:51:28.019+0000] {dag.py:3954} INFO - Setting next_dagrun for example_python_decorator to None, run_after=None
[2026-06-10T22:51:28.040+0000] {processor.py:183} INFO - Processing /home/airflow/.local/lib/python3.12/site-packages/airflow/example_dags/example_python_decorator.py took 0.102 seconds
[2026-06-10T22:51:58.250+0000] {processor.py:161} INFO - Started process (PID=4397) to work on /home/airflow/.local/lib/python3.12/site-packages/airflow/example_dags/example_python_decorator.py
[2026-06-10T22:51:58.251+0000] {processor.py:830} INFO - Processing file /home/airflow/.local/lib/python3.12/site-packages/airflow/example_dags/example_python_decorator.py for tasks to queue
[2026-06-10T22:51:58.254+0000] {logging_mixin.py:188} INFO - [2026-06-10T22:51:58.253+0000] {dagbag.py:545} INFO - Filling up the DagBag from /home/airflow/.local/lib/python3.12/site-packages/airflow/example_dags/example_python_decorator.py
[2026-06-10T22:51:58.271+0000] {processor.py:840} INFO - DAG(s) 'example_python_decorator' retrieved from /home/airflow/.local/lib/python3.12/site-packages/airflow/example_dags/example_python_decorator.py
[2026-06-10T22:51:58.303+0000] {logging_mixin.py:188} INFO - [2026-06-10T22:51:58.303+0000] {dag.py:3096} INFO - Sync 1 DAGs
[2026-06-10T22:51:58.320+0000] {logging_mixin.py:188} INFO - [2026-06-10T22:51:58.320+0000] {dag.py:3954} INFO - Setting next_dagrun for example_python_decorator to None, run_after=None
[2026-06-10T22:51:58.342+0000] {processor.py:183} INFO - Processing /home/airflow/.local/lib/python3.12/site-packages/airflow/example_dags/example_python_decorator.py took 0.099 seconds
[2026-06-10T22:52:28.826+0000] {processor.py:161} INFO - Started process (PID=4458) to work on /home/airflow/.local/lib/python3.12/site-packages/airflow/example_dags/example_python_decorator.py
[2026-06-10T22:52:28.832+0000] {processor.py:830} INFO - Processing file /home/airflow/.local/lib/python3.12/site-packages/airflow/example_dags/example_python_decorator.py for tasks to queue
[2026-06-10T22:52:28.835+0000] {logging_mixin.py:188} INFO - [2026-06-10T22:52:28.834+0000] {dagbag.py:545} INFO - Filling up the DagBag from /home/airflow/.local/lib/python3.12/site-packages/airflow/example_dags/example_python_decorator.py
[2026-06-10T22:52:28.857+0000] {processor.py:840} INFO - DAG(s) 'example_python_decorator' retrieved from /home/airflow/.local/lib/python3.12/site-packages/airflow/example_dags/example_python_decorator.py
[2026-06-10T22:52:28.897+0000] {logging_mixin.py:188} INFO - [2026-06-10T22:52:28.896+0000] {dag.py:3096} INFO - Sync 1 DAGs
[2026-06-10T22:52:28.917+0000] {logging_mixin.py:188} INFO - [2026-06-10T22:52:28.917+0000] {dag.py:3954} INFO - Setting next_dagrun for example_python_decorator to None, run_after=None
[2026-06-10T22:52:28.942+0000] {processor.py:183} INFO - Processing /home/airflow/.local/lib/python3.12/site-packages/airflow/example_dags/example_python_decorator.py took 0.126 seconds
[2026-06-10T22:52:59.050+0000] {processor.py:161} INFO - Started process (PID=4517) to work on /home/airflow/.local/lib/python3.12/site-packages/airflow/example_dags/example_python_decorator.py
[2026-06-10T22:52:59.051+0000] {processor.py:830} INFO - Processing file /home/airflow/.local/lib/python3.12/site-packages/airflow/example_dags/example_python_decorator.py for tasks to queue
[2026-06-10T22:52:59.053+0000] {logging_mixin.py:188} INFO - [2026-06-10T22:52:59.053+0000] {dagbag.py:545} INFO - Filling up the DagBag from /home/airflow/.local/lib/python3.12/site-packages/airflow/example_dags/example_python_decorator.py
[2026-06-10T22:52:59.080+0000] {processor.py:840} INFO - DAG(s) 'example_python_decorator' retrieved from /home/airflow/.local/lib/python3.12/site-packages/airflow/example_dags/example_python_decorator.py
[2026-06-10T22:52:59.118+0000] {logging_mixin.py:188} INFO - [2026-06-10T22:52:59.115+0000] {dag.py:3096} INFO - Sync 1 DAGs
[2026-06-10T22:52:59.137+0000] {logging_mixin.py:188} INFO - [2026-06-10T22:52:59.137+0000] {dag.py:3954} INFO - Setting next_dagrun for example_python_decorator to None, run_after=None
[2026-06-10T22:52:59.161+0000] {processor.py:183} INFO - Processing /home/airflow/.local/lib/python3.12/site-packages/airflow/example_dags/example_python_decorator.py took 0.118 seconds
[2026-06-10T22:53:29.233+0000] {processor.py:161} INFO - Started process (PID=4577) to work on /home/airflow/.local/lib/python3.12/site-packages/airflow/example_dags/example_python_decorator.py
[2026-06-10T22:53:29.237+0000] {processor.py:830} INFO - Processing file /home/airflow/.local/lib/python3.12/site-packages/airflow/example_dags/example_python_decorator.py for tasks to queue
[2026-06-10T22:53:29.239+0000] {logging_mixin.py:188} INFO - [2026-06-10T22:53:29.239+0000] {dagbag.py:545} INFO - Filling up the DagBag from /home/airflow/.local/lib/python3.12/site-packages/airflow/example_dags/example_python_decorator.py
[2026-06-10T22:53:29.260+0000] {processor.py:840} INFO - DAG(s) 'example_python_decorator' retrieved from /home/airflow/.local/lib/python3.12/site-packages/airflow/example_dags/example_python_decorator.py
[2026-06-10T22:53:29.294+0000] {logging_mixin.py:188} INFO - [2026-06-10T22:53:29.294+0000] {dag.py:3096} INFO - Sync 1 DAGs
[2026-06-10T22:53:29.320+0000] {logging_mixin.py:188} INFO - [2026-06-10T22:53:29.320+0000] {dag.py:3954} INFO - Setting next_dagrun for example_python_decorator to None, run_after=None
[2026-06-10T22:53:29.356+0000] {processor.py:183} INFO - Processing /home/airflow/.local/lib/python3.12/site-packages/airflow/example_dags/example_python_decorator.py took 0.130 seconds
[2026-06-10T22:53:59.903+0000] {processor.py:161} INFO - Started process (PID=4639) to work on /home/airflow/.local/lib/python3.12/site-packages/airflow/example_dags/example_python_decorator.py
[2026-06-10T22:53:59.905+0000] {processor.py:830} INFO - Processing file /home/airflow/.local/lib/python3.12/site-packages/airflow/example_dags/example_python_decorator.py for tasks to queue
[2026-06-10T22:53:59.906+0000] {logging_mixin.py:188} INFO - [2026-06-10T22:53:59.906+0000] {dagbag.py:545} INFO - Filling up the DagBag from /home/airflow/.local/lib/python3.12/site-packages/airflow/example_dags/example_python_decorator.py
[2026-06-10T22:53:59.926+0000] {processor.py:840} INFO - DAG(s) 'example_python_decorator' retrieved from /home/airflow/.local/lib/python3.12/site-packages/airflow/example_dags/example_python_decorator.py
[2026-06-10T22:53:59.988+0000] {logging_mixin.py:188} INFO - [2026-06-10T22:53:59.988+0000] {dag.py:3096} INFO - Sync 1 DAGs
[2026-06-10T22:54:00.039+0000] {logging_mixin.py:188} INFO - [2026-06-10T22:54:00.039+0000] {dag.py:3954} INFO - Setting next_dagrun for example_python_decorator to None, run_after=None
[2026-06-10T22:54:00.080+0000] {processor.py:183} INFO - Processing /home/airflow/.local/lib/python3.12/site-packages/airflow/example_dags/example_python_decorator.py took 0.183 seconds
[2026-06-10T22:54:30.464+0000] {processor.py:161} INFO - Started process (PID=4700) to work on /home/airflow/.local/lib/python3.12/site-packages/airflow/example_dags/example_python_decorator.py
[2026-06-10T22:54:30.469+0000] {processor.py:830} INFO - Processing file /home/airflow/.local/lib/python3.12/site-packages/airflow/example_dags/example_python_decorator.py for tasks to queue
[2026-06-10T22:54:30.485+0000] {logging_mixin.py:188} INFO - [2026-06-10T22:54:30.481+0000] {dagbag.py:545} INFO - Filling up the DagBag from /home/airflow/.local/lib/python3.12/site-packages/airflow/example_dags/example_python_decorator.py
[2026-06-10T22:54:30.561+0000] {processor.py:840} INFO - DAG(s) 'example_python_decorator' retrieved from /home/airflow/.local/lib/python3.12/site-packages/airflow/example_dags/example_python_decorator.py
[2026-06-10T22:54:30.612+0000] {logging_mixin.py:188} INFO - [2026-06-10T22:54:30.612+0000] {dag.py:3096} INFO - Sync 1 DAGs
[2026-06-10T22:54:30.632+0000] {logging_mixin.py:188} INFO - [2026-06-10T22:54:30.632+0000] {dag.py:3954} INFO - Setting next_dagrun for example_python_decorator to None, run_after=None
[2026-06-10T22:54:30.654+0000] {processor.py:183} INFO - Processing /home/airflow/.local/lib/python3.12/site-packages/airflow/example_dags/example_python_decorator.py took 0.229 seconds
[2026-06-10T22:55:01.123+0000] {processor.py:161} INFO - Started process (PID=4760) to work on /home/airflow/.local/lib/python3.12/site-packages/airflow/example_dags/example_python_decorator.py
[2026-06-10T22:55:01.127+0000] {processor.py:830} INFO - Processing file /home/airflow/.local/lib/python3.12/site-packages/airflow/example_dags/example_python_decorator.py for tasks to queue
[2026-06-10T22:55:01.129+0000] {logging_mixin.py:188} INFO - [2026-06-10T22:55:01.128+0000] {dagbag.py:545} INFO - Filling up the DagBag from /home/airflow/.local/lib/python3.12/site-packages/airflow/example_dags/example_python_decorator.py
[2026-06-10T22:55:01.149+0000] {processor.py:840} INFO - DAG(s) 'example_python_decorator' retrieved from /home/airflow/.local/lib/python3.12/site-packages/airflow/example_dags/example_python_decorator.py
[2026-06-10T22:55:01.186+0000] {logging_mixin.py:188} INFO - [2026-06-10T22:55:01.185+0000] {dag.py:3096} INFO - Sync 1 DAGs
[2026-06-10T22:55:01.207+0000] {logging_mixin.py:188} INFO - [2026-06-10T22:55:01.207+0000] {dag.py:3954} INFO - Setting next_dagrun for example_python_decorator to None, run_after=None
[2026-06-10T22:55:01.229+0000] {processor.py:183} INFO - Processing /home/airflow/.local/lib/python3.12/site-packages/airflow/example_dags/example_python_decorator.py took 0.113 seconds
[2026-06-10T22:55:31.460+0000] {processor.py:161} INFO - Started process (PID=4821) to work on /home/airflow/.local/lib/python3.12/site-packages/airflow/example_dags/example_python_decorator.py
[2026-06-10T22:55:31.464+0000] {processor.py:830} INFO - Processing file /home/airflow/.local/lib/python3.12/site-packages/airflow/example_dags/example_python_decorator.py for tasks to queue
[2026-06-10T22:55:31.468+0000] {logging_mixin.py:188} INFO - [2026-06-10T22:55:31.467+0000] {dagbag.py:545} INFO - Filling up the DagBag from /home/airflow/.local/lib/python3.12/site-packages/airflow/example_dags/example_python_decorator.py
[2026-06-10T22:55:31.507+0000] {processor.py:840} INFO - DAG(s) 'example_python_decorator' retrieved from /home/airflow/.local/lib/python3.12/site-packages/airflow/example_dags/example_python_decorator.py
[2026-06-10T22:55:31.570+0000] {logging_mixin.py:188} INFO - [2026-06-10T22:55:31.568+0000] {dag.py:3096} INFO - Sync 1 DAGs
[2026-06-10T22:55:31.608+0000] {logging_mixin.py:188} INFO - [2026-06-10T22:55:31.608+0000] {dag.py:3954} INFO - Setting next_dagrun for example_python_decorator to None, run_after=None
[2026-06-10T22:55:31.657+0000] {processor.py:183} INFO - Processing /home/airflow/.local/lib/python3.12/site-packages/airflow/example_dags/example_python_decorator.py took 0.207 seconds
[2026-06-10T22:56:02.200+0000] {processor.py:161} INFO - Started process (PID=4882) to work on /home/airflow/.local/lib/python3.12/site-packages/airflow/example_dags/example_python_decorator.py
[2026-06-10T22:56:02.224+0000] {processor.py:830} INFO - Processing file /home/airflow/.local/lib/python3.12/site-packages/airflow/example_dags/example_python_decorator.py for tasks to queue
[2026-06-10T22:56:02.226+0000] {logging_mixin.py:188} INFO - [2026-06-10T22:56:02.226+0000] {dagbag.py:545} INFO - Filling up the DagBag from /home/airflow/.local/lib/python3.12/site-packages/airflow/example_dags/example_python_decorator.py
[2026-06-10T22:56:02.246+0000] {processor.py:840} INFO - DAG(s) 'example_python_decorator' retrieved from /home/airflow/.local/lib/python3.12/site-packages/airflow/example_dags/example_python_decorator.py
[2026-06-10T22:56:02.290+0000] {logging_mixin.py:188} INFO - [2026-06-10T22:56:02.290+0000] {dag.py:3096} INFO - Sync 1 DAGs
[2026-06-10T22:56:02.313+0000] {logging_mixin.py:188} INFO - [2026-06-10T22:56:02.313+0000] {dag.py:3954} INFO - Setting next_dagrun for example_python_decorator to None, run_after=None
[2026-06-10T22:56:02.333+0000] {processor.py:183} INFO - Processing /home/airflow/.local/lib/python3.12/site-packages/airflow/example_dags/example_python_decorator.py took 0.148 seconds
[2026-06-10T22:56:32.502+0000] {processor.py:161} INFO - Started process (PID=4943) to work on /home/airflow/.local/lib/python3.12/site-packages/airflow/example_dags/example_python_decorator.py
[2026-06-10T22:56:32.509+0000] {processor.py:830} INFO - Processing file /home/airflow/.local/lib/python3.12/site-packages/airflow/example_dags/example_python_decorator.py for tasks to queue
[2026-06-10T22:56:32.514+0000] {logging_mixin.py:188} INFO - [2026-06-10T22:56:32.513+0000] {dagbag.py:545} INFO - Filling up the DagBag from /home/airflow/.local/lib/python3.12/site-packages/airflow/example_dags/example_python_decorator.py
[2026-06-10T22:56:32.543+0000] {processor.py:840} INFO - DAG(s) 'example_python_decorator' retrieved from /home/airflow/.local/lib/python3.12/site-packages/airflow/example_dags/example_python_decorator.py
[2026-06-10T22:56:32.650+0000] {logging_mixin.py:188} INFO - [2026-06-10T22:56:32.650+0000] {dag.py:3096} INFO - Sync 1 DAGs
[2026-06-10T22:56:32.812+0000] {logging_mixin.py:188} INFO - [2026-06-10T22:56:32.812+0000] {dag.py:3954} INFO - Setting next_dagrun for example_python_decorator to None, run_after=None
[2026-06-10T22:56:32.897+0000] {processor.py:183} INFO - Processing /home/airflow/.local/lib/python3.12/site-packages/airflow/example_dags/example_python_decorator.py took 0.403 seconds
[2026-06-10T22:57:03.439+0000] {processor.py:161} INFO - Started process (PID=5003) to work on /home/airflow/.local/lib/python3.12/site-packages/airflow/example_dags/example_python_decorator.py
[2026-06-10T22:57:03.444+0000] {processor.py:830} INFO - Processing file /home/airflow/.local/lib/python3.12/site-packages/airflow/example_dags/example_python_decorator.py for tasks to queue
[2026-06-10T22:57:03.449+0000] {logging_mixin.py:188} INFO - [2026-06-10T22:57:03.449+0000] {dagbag.py:545} INFO - Filling up the DagBag from /home/airflow/.local/lib/python3.12/site-packages/airflow/example_dags/example_python_decorator.py
[2026-06-10T22:57:03.491+0000] {processor.py:840} INFO - DAG(s) 'example_python_decorator' retrieved from /home/airflow/.local/lib/python3.12/site-packages/airflow/example_dags/example_python_decorator.py
[2026-06-10T22:57:03.534+0000] {logging_mixin.py:188} INFO - [2026-06-10T22:57:03.533+0000] {dag.py:3096} INFO - Sync 1 DAGs
[2026-06-10T22:57:03.555+0000] {logging_mixin.py:188} INFO - [2026-06-10T22:57:03.555+0000] {dag.py:3954} INFO - Setting next_dagrun for example_python_decorator to None, run_after=None
[2026-06-10T22:57:03.586+0000] {processor.py:183} INFO - Processing /home/airflow/.local/lib/python3.12/site-packages/airflow/example_dags/example_python_decorator.py took 0.162 seconds
[2026-06-10T22:57:34.440+0000] {processor.py:161} INFO - Started process (PID=5064) to work on /home/airflow/.local/lib/python3.12/site-packages/airflow/example_dags/example_python_decorator.py
[2026-06-10T22:57:34.449+0000] {processor.py:830} INFO - Processing file /home/airflow/.local/lib/python3.12/site-packages/airflow/example_dags/example_python_decorator.py for tasks to queue
[2026-06-10T22:57:34.451+0000] {logging_mixin.py:188} INFO - [2026-06-10T22:57:34.451+0000] {dagbag.py:545} INFO - Filling up the DagBag from /home/airflow/.local/lib/python3.12/site-packages/airflow/example_dags/example_python_decorator.py
[2026-06-10T22:57:34.472+0000] {processor.py:840} INFO - DAG(s) 'example_python_decorator' retrieved from /home/airflow/.local/lib/python3.12/site-packages/airflow/example_dags/example_python_decorator.py
[2026-06-10T22:57:34.517+0000] {logging_mixin.py:188} INFO - [2026-06-10T22:57:34.516+0000] {dag.py:3096} INFO - Sync 1 DAGs
[2026-06-10T22:57:34.535+0000] {logging_mixin.py:188} INFO - [2026-06-10T22:57:34.534+0000] {dag.py:3954} INFO - Setting next_dagrun for example_python_decorator to None, run_after=None
[2026-06-10T22:57:34.562+0000] {processor.py:183} INFO - Processing /home/airflow/.local/lib/python3.12/site-packages/airflow/example_dags/example_python_decorator.py took 0.129 seconds
[2026-06-10T22:58:05.027+0000] {processor.py:161} INFO - Started process (PID=5124) to work on /home/airflow/.local/lib/python3.12/site-packages/airflow/example_dags/example_python_decorator.py
[2026-06-10T22:58:05.029+0000] {processor.py:830} INFO - Processing file /home/airflow/.local/lib/python3.12/site-packages/airflow/example_dags/example_python_decorator.py for tasks to queue
[2026-06-10T22:58:05.032+0000] {logging_mixin.py:188} INFO - [2026-06-10T22:58:05.032+0000] {dagbag.py:545} INFO - Filling up the DagBag from /home/airflow/.local/lib/python3.12/site-packages/airflow/example_dags/example_python_decorator.py
[2026-06-10T22:58:05.058+0000] {processor.py:840} INFO - DAG(s) 'example_python_decorator' retrieved from /home/airflow/.local/lib/python3.12/site-packages/airflow/example_dags/example_python_decorator.py
[2026-06-10T22:58:05.141+0000] {logging_mixin.py:188} INFO - [2026-06-10T22:58:05.140+0000] {dag.py:3096} INFO - Sync 1 DAGs
[2026-06-10T22:58:05.172+0000] {logging_mixin.py:188} INFO - [2026-06-10T22:58:05.171+0000] {dag.py:3954} INFO - Setting next_dagrun for example_python_decorator to None, run_after=None
[2026-06-10T22:58:05.225+0000] {processor.py:183} INFO - Processing /home/airflow/.local/lib/python3.12/site-packages/airflow/example_dags/example_python_decorator.py took 0.206 seconds
[2026-06-10T22:58:35.777+0000] {processor.py:161} INFO - Started process (PID=5185) to work on /home/airflow/.local/lib/python3.12/site-packages/airflow/example_dags/example_python_decorator.py
[2026-06-10T22:58:35.784+0000] {processor.py:830} INFO - Processing file /home/airflow/.local/lib/python3.12/site-packages/airflow/example_dags/example_python_decorator.py for tasks to queue
[2026-06-10T22:58:35.790+0000] {logging_mixin.py:188} INFO - [2026-06-10T22:58:35.788+0000] {dagbag.py:545} INFO - Filling up the DagBag from /home/airflow/.local/lib/python3.12/site-packages/airflow/example_dags/example_python_decorator.py
[2026-06-10T22:58:35.850+0000] {processor.py:840} INFO - DAG(s) 'example_python_decorator' retrieved from /home/airflow/.local/lib/python3.12/site-packages/airflow/example_dags/example_python_decorator.py
[2026-06-10T22:58:35.929+0000] {logging_mixin.py:188} INFO - [2026-06-10T22:58:35.928+0000] {dag.py:3096} INFO - Sync 1 DAGs
[2026-06-10T22:58:35.951+0000] {logging_mixin.py:188} INFO - [2026-06-10T22:58:35.951+0000] {dag.py:3954} INFO - Setting next_dagrun for example_python_decorator to None, run_after=None
[2026-06-10T22:58:35.971+0000] {processor.py:183} INFO - Processing /home/airflow/.local/lib/python3.12/site-packages/airflow/example_dags/example_python_decorator.py took 0.241 seconds
