[2026-06-10T21:51:25.691+0000] {processor.py:161} INFO - Started process (PID=106) to work on /home/airflow/.local/lib/python3.12/site-packages/airflow/example_dags/example_branch_day_of_week_operator.py
[2026-06-10T21:51:25.692+0000] {processor.py:830} INFO - Processing file /home/airflow/.local/lib/python3.12/site-packages/airflow/example_dags/example_branch_day_of_week_operator.py for tasks to queue
[2026-06-10T21:51:25.700+0000] {logging_mixin.py:188} INFO - [2026-06-10T21:51:25.700+0000] {dagbag.py:545} INFO - Filling up the DagBag from /home/airflow/.local/lib/python3.12/site-packages/airflow/example_dags/example_branch_day_of_week_operator.py
[2026-06-10T21:51:25.725+0000] {processor.py:840} INFO - DAG(s) 'example_weekday_branch_operator' retrieved from /home/airflow/.local/lib/python3.12/site-packages/airflow/example_dags/example_branch_day_of_week_operator.py
[2026-06-10T21:51:26.086+0000] {logging_mixin.py:188} INFO - [2026-06-10T21:51:26.082+0000] {override.py:1829} INFO - Created Permission View: can edit on DAG:example_weekday_branch_operator
[2026-06-10T21:51:26.136+0000] {logging_mixin.py:188} INFO - [2026-06-10T21:51:26.136+0000] {override.py:1829} INFO - Created Permission View: can read on DAG:example_weekday_branch_operator
[2026-06-10T21:51:26.157+0000] {logging_mixin.py:188} INFO - [2026-06-10T21:51:26.156+0000] {override.py:1829} INFO - Created Permission View: can delete on DAG:example_weekday_branch_operator
[2026-06-10T21:51:26.160+0000] {logging_mixin.py:188} INFO - [2026-06-10T21:51:26.160+0000] {dag.py:3096} INFO - Sync 1 DAGs
[2026-06-10T21:51:26.204+0000] {logging_mixin.py:188} INFO - [2026-06-10T21:51:26.199+0000] {dag.py:3118} INFO - Creating ORM DAG for example_weekday_branch_operator
[2026-06-10T21:51:26.246+0000] {logging_mixin.py:188} INFO - [2026-06-10T21:51:26.245+0000] {dag.py:3954} INFO - Setting next_dagrun for example_weekday_branch_operator to 2026-06-09 00:00:00+00:00, run_after=2026-06-10 00:00:00+00:00
[2026-06-10T21:51:26.305+0000] {processor.py:183} INFO - Processing /home/airflow/.local/lib/python3.12/site-packages/airflow/example_dags/example_branch_day_of_week_operator.py took 0.628 seconds
[2026-06-10T21:51:56.721+0000] {processor.py:161} INFO - Started process (PID=166) to work on /home/airflow/.local/lib/python3.12/site-packages/airflow/example_dags/example_branch_day_of_week_operator.py
[2026-06-10T21:51:56.724+0000] {processor.py:830} INFO - Processing file /home/airflow/.local/lib/python3.12/site-packages/airflow/example_dags/example_branch_day_of_week_operator.py for tasks to queue
[2026-06-10T21:51:56.727+0000] {logging_mixin.py:188} INFO - [2026-06-10T21:51:56.727+0000] {dagbag.py:545} INFO - Filling up the DagBag from /home/airflow/.local/lib/python3.12/site-packages/airflow/example_dags/example_branch_day_of_week_operator.py
[2026-06-10T21:51:56.738+0000] {processor.py:840} INFO - DAG(s) 'example_weekday_branch_operator' retrieved from /home/airflow/.local/lib/python3.12/site-packages/airflow/example_dags/example_branch_day_of_week_operator.py
[2026-06-10T21:51:56.807+0000] {logging_mixin.py:188} INFO - [2026-06-10T21:51:56.807+0000] {dag.py:3096} INFO - Sync 1 DAGs
[2026-06-10T21:51:56.862+0000] {logging_mixin.py:188} INFO - [2026-06-10T21:51:56.862+0000] {dag.py:3954} INFO - Setting next_dagrun for example_weekday_branch_operator to 2026-06-09 00:00:00+00:00, run_after=2026-06-10 00:00:00+00:00
[2026-06-10T21:51:56.914+0000] {processor.py:183} INFO - Processing /home/airflow/.local/lib/python3.12/site-packages/airflow/example_dags/example_branch_day_of_week_operator.py took 0.206 seconds
[2026-06-10T21:52:27.426+0000] {processor.py:161} INFO - Started process (PID=226) to work on /home/airflow/.local/lib/python3.12/site-packages/airflow/example_dags/example_branch_day_of_week_operator.py
[2026-06-10T21:52:27.427+0000] {processor.py:830} INFO - Processing file /home/airflow/.local/lib/python3.12/site-packages/airflow/example_dags/example_branch_day_of_week_operator.py for tasks to queue
[2026-06-10T21:52:27.429+0000] {logging_mixin.py:188} INFO - [2026-06-10T21:52:27.429+0000] {dagbag.py:545} INFO - Filling up the DagBag from /home/airflow/.local/lib/python3.12/site-packages/airflow/example_dags/example_branch_day_of_week_operator.py
[2026-06-10T21:52:27.439+0000] {processor.py:840} INFO - DAG(s) 'example_weekday_branch_operator' retrieved from /home/airflow/.local/lib/python3.12/site-packages/airflow/example_dags/example_branch_day_of_week_operator.py
[2026-06-10T21:52:27.464+0000] {logging_mixin.py:188} INFO - [2026-06-10T21:52:27.463+0000] {dag.py:3096} INFO - Sync 1 DAGs
[2026-06-10T21:52:27.491+0000] {logging_mixin.py:188} INFO - [2026-06-10T21:52:27.491+0000] {dag.py:3954} INFO - Setting next_dagrun for example_weekday_branch_operator to 2026-06-09 00:00:00+00:00, run_after=2026-06-10 00:00:00+00:00
[2026-06-10T21:52:27.518+0000] {processor.py:183} INFO - Processing /home/airflow/.local/lib/python3.12/site-packages/airflow/example_dags/example_branch_day_of_week_operator.py took 0.099 seconds
[2026-06-10T21:52:57.889+0000] {processor.py:161} INFO - Started process (PID=285) to work on /home/airflow/.local/lib/python3.12/site-packages/airflow/example_dags/example_branch_day_of_week_operator.py
[2026-06-10T21:52:57.890+0000] {processor.py:830} INFO - Processing file /home/airflow/.local/lib/python3.12/site-packages/airflow/example_dags/example_branch_day_of_week_operator.py for tasks to queue
[2026-06-10T21:52:57.892+0000] {logging_mixin.py:188} INFO - [2026-06-10T21:52:57.891+0000] {dagbag.py:545} INFO - Filling up the DagBag from /home/airflow/.local/lib/python3.12/site-packages/airflow/example_dags/example_branch_day_of_week_operator.py
[2026-06-10T21:52:57.901+0000] {processor.py:840} INFO - DAG(s) 'example_weekday_branch_operator' retrieved from /home/airflow/.local/lib/python3.12/site-packages/airflow/example_dags/example_branch_day_of_week_operator.py
[2026-06-10T21:52:57.928+0000] {logging_mixin.py:188} INFO - [2026-06-10T21:52:57.928+0000] {dag.py:3096} INFO - Sync 1 DAGs
[2026-06-10T21:52:57.957+0000] {logging_mixin.py:188} INFO - [2026-06-10T21:52:57.957+0000] {dag.py:3954} INFO - Setting next_dagrun for example_weekday_branch_operator to 2026-06-09 00:00:00+00:00, run_after=2026-06-10 00:00:00+00:00
[2026-06-10T21:52:57.977+0000] {processor.py:183} INFO - Processing /home/airflow/.local/lib/python3.12/site-packages/airflow/example_dags/example_branch_day_of_week_operator.py took 0.098 seconds
[2026-06-10T21:53:28.175+0000] {processor.py:161} INFO - Started process (PID=344) to work on /home/airflow/.local/lib/python3.12/site-packages/airflow/example_dags/example_branch_day_of_week_operator.py
[2026-06-10T21:53:28.176+0000] {processor.py:830} INFO - Processing file /home/airflow/.local/lib/python3.12/site-packages/airflow/example_dags/example_branch_day_of_week_operator.py for tasks to queue
[2026-06-10T21:53:28.181+0000] {logging_mixin.py:188} INFO - [2026-06-10T21:53:28.180+0000] {dagbag.py:545} INFO - Filling up the DagBag from /home/airflow/.local/lib/python3.12/site-packages/airflow/example_dags/example_branch_day_of_week_operator.py
[2026-06-10T21:53:28.199+0000] {processor.py:840} INFO - DAG(s) 'example_weekday_branch_operator' retrieved from /home/airflow/.local/lib/python3.12/site-packages/airflow/example_dags/example_branch_day_of_week_operator.py
[2026-06-10T21:53:28.284+0000] {logging_mixin.py:188} INFO - [2026-06-10T21:53:28.283+0000] {dag.py:3096} INFO - Sync 1 DAGs
[2026-06-10T21:53:28.321+0000] {logging_mixin.py:188} INFO - [2026-06-10T21:53:28.321+0000] {dag.py:3954} INFO - Setting next_dagrun for example_weekday_branch_operator to 2026-06-09 00:00:00+00:00, run_after=2026-06-10 00:00:00+00:00
[2026-06-10T21:53:28.341+0000] {processor.py:183} INFO - Processing /home/airflow/.local/lib/python3.12/site-packages/airflow/example_dags/example_branch_day_of_week_operator.py took 0.174 seconds
[2026-06-10T21:53:58.730+0000] {processor.py:161} INFO - Started process (PID=404) to work on /home/airflow/.local/lib/python3.12/site-packages/airflow/example_dags/example_branch_day_of_week_operator.py
[2026-06-10T21:53:58.731+0000] {processor.py:830} INFO - Processing file /home/airflow/.local/lib/python3.12/site-packages/airflow/example_dags/example_branch_day_of_week_operator.py for tasks to queue
[2026-06-10T21:53:58.735+0000] {logging_mixin.py:188} INFO - [2026-06-10T21:53:58.734+0000] {dagbag.py:545} INFO - Filling up the DagBag from /home/airflow/.local/lib/python3.12/site-packages/airflow/example_dags/example_branch_day_of_week_operator.py
[2026-06-10T21:53:58.746+0000] {processor.py:840} INFO - DAG(s) 'example_weekday_branch_operator' retrieved from /home/airflow/.local/lib/python3.12/site-packages/airflow/example_dags/example_branch_day_of_week_operator.py
[2026-06-10T21:53:58.802+0000] {logging_mixin.py:188} INFO - [2026-06-10T21:53:58.802+0000] {dag.py:3096} INFO - Sync 1 DAGs
[2026-06-10T21:53:58.852+0000] {logging_mixin.py:188} INFO - [2026-06-10T21:53:58.851+0000] {dag.py:3954} INFO - Setting next_dagrun for example_weekday_branch_operator to 2026-06-09 00:00:00+00:00, run_after=2026-06-10 00:00:00+00:00
[2026-06-10T21:53:58.958+0000] {processor.py:183} INFO - Processing /home/airflow/.local/lib/python3.12/site-packages/airflow/example_dags/example_branch_day_of_week_operator.py took 0.248 seconds
[2026-06-10T21:54:29.987+0000] {processor.py:161} INFO - Started process (PID=461) to work on /home/airflow/.local/lib/python3.12/site-packages/airflow/example_dags/example_branch_day_of_week_operator.py
[2026-06-10T21:54:29.991+0000] {processor.py:830} INFO - Processing file /home/airflow/.local/lib/python3.12/site-packages/airflow/example_dags/example_branch_day_of_week_operator.py for tasks to queue
[2026-06-10T21:54:29.996+0000] {logging_mixin.py:188} INFO - [2026-06-10T21:54:29.996+0000] {dagbag.py:545} INFO - Filling up the DagBag from /home/airflow/.local/lib/python3.12/site-packages/airflow/example_dags/example_branch_day_of_week_operator.py
[2026-06-10T21:54:30.039+0000] {processor.py:840} INFO - DAG(s) 'example_weekday_branch_operator' retrieved from /home/airflow/.local/lib/python3.12/site-packages/airflow/example_dags/example_branch_day_of_week_operator.py
[2026-06-10T21:54:30.159+0000] {logging_mixin.py:188} INFO - [2026-06-10T21:54:30.159+0000] {dag.py:3096} INFO - Sync 1 DAGs
[2026-06-10T21:54:30.270+0000] {logging_mixin.py:188} INFO - [2026-06-10T21:54:30.269+0000] {dag.py:3954} INFO - Setting next_dagrun for example_weekday_branch_operator to 2026-06-09 00:00:00+00:00, run_after=2026-06-10 00:00:00+00:00
[2026-06-10T21:54:30.347+0000] {processor.py:183} INFO - Processing /home/airflow/.local/lib/python3.12/site-packages/airflow/example_dags/example_branch_day_of_week_operator.py took 0.379 seconds
[2026-06-10T21:55:01.030+0000] {processor.py:161} INFO - Started process (PID=522) to work on /home/airflow/.local/lib/python3.12/site-packages/airflow/example_dags/example_branch_day_of_week_operator.py
[2026-06-10T21:55:01.037+0000] {processor.py:830} INFO - Processing file /home/airflow/.local/lib/python3.12/site-packages/airflow/example_dags/example_branch_day_of_week_operator.py for tasks to queue
[2026-06-10T21:55:01.044+0000] {logging_mixin.py:188} INFO - [2026-06-10T21:55:01.042+0000] {dagbag.py:545} INFO - Filling up the DagBag from /home/airflow/.local/lib/python3.12/site-packages/airflow/example_dags/example_branch_day_of_week_operator.py
[2026-06-10T21:55:01.069+0000] {processor.py:840} INFO - DAG(s) 'example_weekday_branch_operator' retrieved from /home/airflow/.local/lib/python3.12/site-packages/airflow/example_dags/example_branch_day_of_week_operator.py
[2026-06-10T21:55:01.128+0000] {logging_mixin.py:188} INFO - [2026-06-10T21:55:01.128+0000] {dag.py:3096} INFO - Sync 1 DAGs
[2026-06-10T21:55:01.212+0000] {logging_mixin.py:188} INFO - [2026-06-10T21:55:01.212+0000] {dag.py:3954} INFO - Setting next_dagrun for example_weekday_branch_operator to 2026-06-09 00:00:00+00:00, run_after=2026-06-10 00:00:00+00:00
[2026-06-10T21:55:01.306+0000] {processor.py:183} INFO - Processing /home/airflow/.local/lib/python3.12/site-packages/airflow/example_dags/example_branch_day_of_week_operator.py took 0.307 seconds
[2026-06-10T21:55:31.566+0000] {processor.py:161} INFO - Started process (PID=582) to work on /home/airflow/.local/lib/python3.12/site-packages/airflow/example_dags/example_branch_day_of_week_operator.py
[2026-06-10T21:55:31.567+0000] {processor.py:830} INFO - Processing file /home/airflow/.local/lib/python3.12/site-packages/airflow/example_dags/example_branch_day_of_week_operator.py for tasks to queue
[2026-06-10T21:55:31.569+0000] {logging_mixin.py:188} INFO - [2026-06-10T21:55:31.569+0000] {dagbag.py:545} INFO - Filling up the DagBag from /home/airflow/.local/lib/python3.12/site-packages/airflow/example_dags/example_branch_day_of_week_operator.py
[2026-06-10T21:55:31.579+0000] {processor.py:840} INFO - DAG(s) 'example_weekday_branch_operator' retrieved from /home/airflow/.local/lib/python3.12/site-packages/airflow/example_dags/example_branch_day_of_week_operator.py
[2026-06-10T21:55:31.604+0000] {logging_mixin.py:188} INFO - [2026-06-10T21:55:31.604+0000] {dag.py:3096} INFO - Sync 1 DAGs
[2026-06-10T21:55:31.632+0000] {logging_mixin.py:188} INFO - [2026-06-10T21:55:31.631+0000] {dag.py:3954} INFO - Setting next_dagrun for example_weekday_branch_operator to 2026-06-09 00:00:00+00:00, run_after=2026-06-10 00:00:00+00:00
[2026-06-10T21:55:31.652+0000] {processor.py:183} INFO - Processing /home/airflow/.local/lib/python3.12/site-packages/airflow/example_dags/example_branch_day_of_week_operator.py took 0.094 seconds
[2026-06-10T21:56:02.444+0000] {processor.py:161} INFO - Started process (PID=643) to work on /home/airflow/.local/lib/python3.12/site-packages/airflow/example_dags/example_branch_day_of_week_operator.py
[2026-06-10T21:56:02.445+0000] {processor.py:830} INFO - Processing file /home/airflow/.local/lib/python3.12/site-packages/airflow/example_dags/example_branch_day_of_week_operator.py for tasks to queue
[2026-06-10T21:56:02.448+0000] {logging_mixin.py:188} INFO - [2026-06-10T21:56:02.447+0000] {dagbag.py:545} INFO - Filling up the DagBag from /home/airflow/.local/lib/python3.12/site-packages/airflow/example_dags/example_branch_day_of_week_operator.py
[2026-06-10T21:56:02.457+0000] {processor.py:840} INFO - DAG(s) 'example_weekday_branch_operator' retrieved from /home/airflow/.local/lib/python3.12/site-packages/airflow/example_dags/example_branch_day_of_week_operator.py
[2026-06-10T21:56:02.493+0000] {logging_mixin.py:188} INFO - [2026-06-10T21:56:02.493+0000] {dag.py:3096} INFO - Sync 1 DAGs
[2026-06-10T21:56:02.522+0000] {logging_mixin.py:188} INFO - [2026-06-10T21:56:02.522+0000] {dag.py:3954} INFO - Setting next_dagrun for example_weekday_branch_operator to 2026-06-09 00:00:00+00:00, run_after=2026-06-10 00:00:00+00:00
[2026-06-10T21:56:02.561+0000] {processor.py:183} INFO - Processing /home/airflow/.local/lib/python3.12/site-packages/airflow/example_dags/example_branch_day_of_week_operator.py took 0.123 seconds
[2026-06-10T21:56:33.143+0000] {processor.py:161} INFO - Started process (PID=702) to work on /home/airflow/.local/lib/python3.12/site-packages/airflow/example_dags/example_branch_day_of_week_operator.py
[2026-06-10T21:56:33.144+0000] {processor.py:830} INFO - Processing file /home/airflow/.local/lib/python3.12/site-packages/airflow/example_dags/example_branch_day_of_week_operator.py for tasks to queue
[2026-06-10T21:56:33.147+0000] {logging_mixin.py:188} INFO - [2026-06-10T21:56:33.146+0000] {dagbag.py:545} INFO - Filling up the DagBag from /home/airflow/.local/lib/python3.12/site-packages/airflow/example_dags/example_branch_day_of_week_operator.py
[2026-06-10T21:56:33.156+0000] {processor.py:840} INFO - DAG(s) 'example_weekday_branch_operator' retrieved from /home/airflow/.local/lib/python3.12/site-packages/airflow/example_dags/example_branch_day_of_week_operator.py
[2026-06-10T21:56:33.183+0000] {logging_mixin.py:188} INFO - [2026-06-10T21:56:33.183+0000] {dag.py:3096} INFO - Sync 1 DAGs
[2026-06-10T21:56:33.212+0000] {logging_mixin.py:188} INFO - [2026-06-10T21:56:33.212+0000] {dag.py:3954} INFO - Setting next_dagrun for example_weekday_branch_operator to 2026-06-09 00:00:00+00:00, run_after=2026-06-10 00:00:00+00:00
[2026-06-10T21:56:33.231+0000] {processor.py:183} INFO - Processing /home/airflow/.local/lib/python3.12/site-packages/airflow/example_dags/example_branch_day_of_week_operator.py took 0.096 seconds
[2026-06-10T21:57:03.376+0000] {processor.py:161} INFO - Started process (PID=761) to work on /home/airflow/.local/lib/python3.12/site-packages/airflow/example_dags/example_branch_day_of_week_operator.py
[2026-06-10T21:57:03.377+0000] {processor.py:830} INFO - Processing file /home/airflow/.local/lib/python3.12/site-packages/airflow/example_dags/example_branch_day_of_week_operator.py for tasks to queue
[2026-06-10T21:57:03.380+0000] {logging_mixin.py:188} INFO - [2026-06-10T21:57:03.380+0000] {dagbag.py:545} INFO - Filling up the DagBag from /home/airflow/.local/lib/python3.12/site-packages/airflow/example_dags/example_branch_day_of_week_operator.py
[2026-06-10T21:57:03.389+0000] {processor.py:840} INFO - DAG(s) 'example_weekday_branch_operator' retrieved from /home/airflow/.local/lib/python3.12/site-packages/airflow/example_dags/example_branch_day_of_week_operator.py
[2026-06-10T21:57:03.418+0000] {logging_mixin.py:188} INFO - [2026-06-10T21:57:03.417+0000] {dag.py:3096} INFO - Sync 1 DAGs
[2026-06-10T21:57:03.449+0000] {logging_mixin.py:188} INFO - [2026-06-10T21:57:03.449+0000] {dag.py:3954} INFO - Setting next_dagrun for example_weekday_branch_operator to 2026-06-09 00:00:00+00:00, run_after=2026-06-10 00:00:00+00:00
[2026-06-10T21:57:03.504+0000] {processor.py:183} INFO - Processing /home/airflow/.local/lib/python3.12/site-packages/airflow/example_dags/example_branch_day_of_week_operator.py took 0.135 seconds
[2026-06-10T21:57:34.135+0000] {processor.py:161} INFO - Started process (PID=820) to work on /home/airflow/.local/lib/python3.12/site-packages/airflow/example_dags/example_branch_day_of_week_operator.py
[2026-06-10T21:57:34.136+0000] {processor.py:830} INFO - Processing file /home/airflow/.local/lib/python3.12/site-packages/airflow/example_dags/example_branch_day_of_week_operator.py for tasks to queue
[2026-06-10T21:57:34.139+0000] {logging_mixin.py:188} INFO - [2026-06-10T21:57:34.139+0000] {dagbag.py:545} INFO - Filling up the DagBag from /home/airflow/.local/lib/python3.12/site-packages/airflow/example_dags/example_branch_day_of_week_operator.py
[2026-06-10T21:57:34.149+0000] {processor.py:840} INFO - DAG(s) 'example_weekday_branch_operator' retrieved from /home/airflow/.local/lib/python3.12/site-packages/airflow/example_dags/example_branch_day_of_week_operator.py
[2026-06-10T21:57:34.182+0000] {logging_mixin.py:188} INFO - [2026-06-10T21:57:34.182+0000] {dag.py:3096} INFO - Sync 1 DAGs
[2026-06-10T21:57:34.266+0000] {logging_mixin.py:188} INFO - [2026-06-10T21:57:34.266+0000] {dag.py:3954} INFO - Setting next_dagrun for example_weekday_branch_operator to 2026-06-09 00:00:00+00:00, run_after=2026-06-10 00:00:00+00:00
[2026-06-10T21:57:34.301+0000] {processor.py:183} INFO - Processing /home/airflow/.local/lib/python3.12/site-packages/airflow/example_dags/example_branch_day_of_week_operator.py took 0.173 seconds
[2026-06-10T21:58:05.106+0000] {processor.py:161} INFO - Started process (PID=879) to work on /home/airflow/.local/lib/python3.12/site-packages/airflow/example_dags/example_branch_day_of_week_operator.py
[2026-06-10T21:58:05.107+0000] {processor.py:830} INFO - Processing file /home/airflow/.local/lib/python3.12/site-packages/airflow/example_dags/example_branch_day_of_week_operator.py for tasks to queue
[2026-06-10T21:58:05.110+0000] {logging_mixin.py:188} INFO - [2026-06-10T21:58:05.109+0000] {dagbag.py:545} INFO - Filling up the DagBag from /home/airflow/.local/lib/python3.12/site-packages/airflow/example_dags/example_branch_day_of_week_operator.py
[2026-06-10T21:58:05.119+0000] {processor.py:840} INFO - DAG(s) 'example_weekday_branch_operator' retrieved from /home/airflow/.local/lib/python3.12/site-packages/airflow/example_dags/example_branch_day_of_week_operator.py
[2026-06-10T21:58:05.158+0000] {logging_mixin.py:188} INFO - [2026-06-10T21:58:05.158+0000] {dag.py:3096} INFO - Sync 1 DAGs
[2026-06-10T21:58:05.203+0000] {logging_mixin.py:188} INFO - [2026-06-10T21:58:05.203+0000] {dag.py:3954} INFO - Setting next_dagrun for example_weekday_branch_operator to 2026-06-09 00:00:00+00:00, run_after=2026-06-10 00:00:00+00:00
[2026-06-10T21:58:05.223+0000] {processor.py:183} INFO - Processing /home/airflow/.local/lib/python3.12/site-packages/airflow/example_dags/example_branch_day_of_week_operator.py took 0.124 seconds
[2026-06-10T21:58:35.627+0000] {processor.py:161} INFO - Started process (PID=938) to work on /home/airflow/.local/lib/python3.12/site-packages/airflow/example_dags/example_branch_day_of_week_operator.py
[2026-06-10T21:58:35.628+0000] {processor.py:830} INFO - Processing file /home/airflow/.local/lib/python3.12/site-packages/airflow/example_dags/example_branch_day_of_week_operator.py for tasks to queue
[2026-06-10T21:58:35.631+0000] {logging_mixin.py:188} INFO - [2026-06-10T21:58:35.631+0000] {dagbag.py:545} INFO - Filling up the DagBag from /home/airflow/.local/lib/python3.12/site-packages/airflow/example_dags/example_branch_day_of_week_operator.py
[2026-06-10T21:58:35.641+0000] {processor.py:840} INFO - DAG(s) 'example_weekday_branch_operator' retrieved from /home/airflow/.local/lib/python3.12/site-packages/airflow/example_dags/example_branch_day_of_week_operator.py
[2026-06-10T21:58:35.839+0000] {logging_mixin.py:188} INFO - [2026-06-10T21:58:35.839+0000] {dag.py:3096} INFO - Sync 1 DAGs
[2026-06-10T21:58:35.983+0000] {logging_mixin.py:188} INFO - [2026-06-10T21:58:35.983+0000] {dag.py:3954} INFO - Setting next_dagrun for example_weekday_branch_operator to 2026-06-09 00:00:00+00:00, run_after=2026-06-10 00:00:00+00:00
[2026-06-10T21:58:36.027+0000] {processor.py:183} INFO - Processing /home/airflow/.local/lib/python3.12/site-packages/airflow/example_dags/example_branch_day_of_week_operator.py took 0.411 seconds
[2026-06-10T21:59:06.819+0000] {processor.py:161} INFO - Started process (PID=997) to work on /home/airflow/.local/lib/python3.12/site-packages/airflow/example_dags/example_branch_day_of_week_operator.py
[2026-06-10T21:59:06.823+0000] {processor.py:830} INFO - Processing file /home/airflow/.local/lib/python3.12/site-packages/airflow/example_dags/example_branch_day_of_week_operator.py for tasks to queue
[2026-06-10T21:59:06.826+0000] {logging_mixin.py:188} INFO - [2026-06-10T21:59:06.826+0000] {dagbag.py:545} INFO - Filling up the DagBag from /home/airflow/.local/lib/python3.12/site-packages/airflow/example_dags/example_branch_day_of_week_operator.py
[2026-06-10T21:59:06.835+0000] {processor.py:840} INFO - DAG(s) 'example_weekday_branch_operator' retrieved from /home/airflow/.local/lib/python3.12/site-packages/airflow/example_dags/example_branch_day_of_week_operator.py
[2026-06-10T21:59:06.867+0000] {logging_mixin.py:188} INFO - [2026-06-10T21:59:06.867+0000] {dag.py:3096} INFO - Sync 1 DAGs
[2026-06-10T21:59:06.898+0000] {logging_mixin.py:188} INFO - [2026-06-10T21:59:06.897+0000] {dag.py:3954} INFO - Setting next_dagrun for example_weekday_branch_operator to 2026-06-09 00:00:00+00:00, run_after=2026-06-10 00:00:00+00:00
[2026-06-10T21:59:06.921+0000] {processor.py:183} INFO - Processing /home/airflow/.local/lib/python3.12/site-packages/airflow/example_dags/example_branch_day_of_week_operator.py took 0.115 seconds
[2026-06-10T21:59:37.238+0000] {processor.py:161} INFO - Started process (PID=1056) to work on /home/airflow/.local/lib/python3.12/site-packages/airflow/example_dags/example_branch_day_of_week_operator.py
[2026-06-10T21:59:37.244+0000] {processor.py:830} INFO - Processing file /home/airflow/.local/lib/python3.12/site-packages/airflow/example_dags/example_branch_day_of_week_operator.py for tasks to queue
[2026-06-10T21:59:37.250+0000] {logging_mixin.py:188} INFO - [2026-06-10T21:59:37.250+0000] {dagbag.py:545} INFO - Filling up the DagBag from /home/airflow/.local/lib/python3.12/site-packages/airflow/example_dags/example_branch_day_of_week_operator.py
[2026-06-10T21:59:37.277+0000] {processor.py:840} INFO - DAG(s) 'example_weekday_branch_operator' retrieved from /home/airflow/.local/lib/python3.12/site-packages/airflow/example_dags/example_branch_day_of_week_operator.py
[2026-06-10T21:59:37.359+0000] {logging_mixin.py:188} INFO - [2026-06-10T21:59:37.359+0000] {dag.py:3096} INFO - Sync 1 DAGs
[2026-06-10T21:59:37.423+0000] {logging_mixin.py:188} INFO - [2026-06-10T21:59:37.423+0000] {dag.py:3954} INFO - Setting next_dagrun for example_weekday_branch_operator to 2026-06-09 00:00:00+00:00, run_after=2026-06-10 00:00:00+00:00
[2026-06-10T21:59:37.467+0000] {processor.py:183} INFO - Processing /home/airflow/.local/lib/python3.12/site-packages/airflow/example_dags/example_branch_day_of_week_operator.py took 0.251 seconds
[2026-06-10T22:00:08.092+0000] {processor.py:161} INFO - Started process (PID=1115) to work on /home/airflow/.local/lib/python3.12/site-packages/airflow/example_dags/example_branch_day_of_week_operator.py
[2026-06-10T22:00:08.095+0000] {processor.py:830} INFO - Processing file /home/airflow/.local/lib/python3.12/site-packages/airflow/example_dags/example_branch_day_of_week_operator.py for tasks to queue
[2026-06-10T22:00:08.101+0000] {logging_mixin.py:188} INFO - [2026-06-10T22:00:08.101+0000] {dagbag.py:545} INFO - Filling up the DagBag from /home/airflow/.local/lib/python3.12/site-packages/airflow/example_dags/example_branch_day_of_week_operator.py
[2026-06-10T22:00:08.121+0000] {processor.py:840} INFO - DAG(s) 'example_weekday_branch_operator' retrieved from /home/airflow/.local/lib/python3.12/site-packages/airflow/example_dags/example_branch_day_of_week_operator.py
[2026-06-10T22:00:08.173+0000] {logging_mixin.py:188} INFO - [2026-06-10T22:00:08.172+0000] {dag.py:3096} INFO - Sync 1 DAGs
[2026-06-10T22:00:08.232+0000] {logging_mixin.py:188} INFO - [2026-06-10T22:00:08.231+0000] {dag.py:3954} INFO - Setting next_dagrun for example_weekday_branch_operator to 2026-06-09 00:00:00+00:00, run_after=2026-06-10 00:00:00+00:00
[2026-06-10T22:00:08.275+0000] {processor.py:183} INFO - Processing /home/airflow/.local/lib/python3.12/site-packages/airflow/example_dags/example_branch_day_of_week_operator.py took 0.199 seconds
[2026-06-10T22:00:39.226+0000] {processor.py:161} INFO - Started process (PID=1174) to work on /home/airflow/.local/lib/python3.12/site-packages/airflow/example_dags/example_branch_day_of_week_operator.py
[2026-06-10T22:00:39.227+0000] {processor.py:830} INFO - Processing file /home/airflow/.local/lib/python3.12/site-packages/airflow/example_dags/example_branch_day_of_week_operator.py for tasks to queue
[2026-06-10T22:00:39.229+0000] {logging_mixin.py:188} INFO - [2026-06-10T22:00:39.229+0000] {dagbag.py:545} INFO - Filling up the DagBag from /home/airflow/.local/lib/python3.12/site-packages/airflow/example_dags/example_branch_day_of_week_operator.py
[2026-06-10T22:00:39.238+0000] {processor.py:840} INFO - DAG(s) 'example_weekday_branch_operator' retrieved from /home/airflow/.local/lib/python3.12/site-packages/airflow/example_dags/example_branch_day_of_week_operator.py
[2026-06-10T22:00:39.265+0000] {logging_mixin.py:188} INFO - [2026-06-10T22:00:39.264+0000] {dag.py:3096} INFO - Sync 1 DAGs
[2026-06-10T22:00:39.299+0000] {logging_mixin.py:188} INFO - [2026-06-10T22:00:39.299+0000] {dag.py:3954} INFO - Setting next_dagrun for example_weekday_branch_operator to 2026-06-09 00:00:00+00:00, run_after=2026-06-10 00:00:00+00:00
[2026-06-10T22:00:39.321+0000] {processor.py:183} INFO - Processing /home/airflow/.local/lib/python3.12/site-packages/airflow/example_dags/example_branch_day_of_week_operator.py took 0.102 seconds
[2026-06-10T22:01:09.654+0000] {processor.py:161} INFO - Started process (PID=1233) to work on /home/airflow/.local/lib/python3.12/site-packages/airflow/example_dags/example_branch_day_of_week_operator.py
[2026-06-10T22:01:09.656+0000] {processor.py:830} INFO - Processing file /home/airflow/.local/lib/python3.12/site-packages/airflow/example_dags/example_branch_day_of_week_operator.py for tasks to queue
[2026-06-10T22:01:09.658+0000] {logging_mixin.py:188} INFO - [2026-06-10T22:01:09.657+0000] {dagbag.py:545} INFO - Filling up the DagBag from /home/airflow/.local/lib/python3.12/site-packages/airflow/example_dags/example_branch_day_of_week_operator.py
[2026-06-10T22:01:09.667+0000] {processor.py:840} INFO - DAG(s) 'example_weekday_branch_operator' retrieved from /home/airflow/.local/lib/python3.12/site-packages/airflow/example_dags/example_branch_day_of_week_operator.py
[2026-06-10T22:01:09.694+0000] {logging_mixin.py:188} INFO - [2026-06-10T22:01:09.694+0000] {dag.py:3096} INFO - Sync 1 DAGs
[2026-06-10T22:01:09.729+0000] {logging_mixin.py:188} INFO - [2026-06-10T22:01:09.729+0000] {dag.py:3954} INFO - Setting next_dagrun for example_weekday_branch_operator to 2026-06-09 00:00:00+00:00, run_after=2026-06-10 00:00:00+00:00
[2026-06-10T22:01:09.753+0000] {processor.py:183} INFO - Processing /home/airflow/.local/lib/python3.12/site-packages/airflow/example_dags/example_branch_day_of_week_operator.py took 0.104 seconds
[2026-06-10T22:01:39.992+0000] {processor.py:161} INFO - Started process (PID=1293) to work on /home/airflow/.local/lib/python3.12/site-packages/airflow/example_dags/example_branch_day_of_week_operator.py
[2026-06-10T22:01:39.994+0000] {processor.py:830} INFO - Processing file /home/airflow/.local/lib/python3.12/site-packages/airflow/example_dags/example_branch_day_of_week_operator.py for tasks to queue
[2026-06-10T22:01:39.998+0000] {logging_mixin.py:188} INFO - [2026-06-10T22:01:39.998+0000] {dagbag.py:545} INFO - Filling up the DagBag from /home/airflow/.local/lib/python3.12/site-packages/airflow/example_dags/example_branch_day_of_week_operator.py
[2026-06-10T22:01:40.009+0000] {processor.py:840} INFO - DAG(s) 'example_weekday_branch_operator' retrieved from /home/airflow/.local/lib/python3.12/site-packages/airflow/example_dags/example_branch_day_of_week_operator.py
[2026-06-10T22:01:40.036+0000] {logging_mixin.py:188} INFO - [2026-06-10T22:01:40.036+0000] {dag.py:3096} INFO - Sync 1 DAGs
[2026-06-10T22:01:40.065+0000] {logging_mixin.py:188} INFO - [2026-06-10T22:01:40.065+0000] {dag.py:3954} INFO - Setting next_dagrun for example_weekday_branch_operator to 2026-06-09 00:00:00+00:00, run_after=2026-06-10 00:00:00+00:00
[2026-06-10T22:01:40.085+0000] {processor.py:183} INFO - Processing /home/airflow/.local/lib/python3.12/site-packages/airflow/example_dags/example_branch_day_of_week_operator.py took 0.099 seconds
[2026-06-10T22:02:10.374+0000] {processor.py:161} INFO - Started process (PID=1353) to work on /home/airflow/.local/lib/python3.12/site-packages/airflow/example_dags/example_branch_day_of_week_operator.py
[2026-06-10T22:02:10.375+0000] {processor.py:830} INFO - Processing file /home/airflow/.local/lib/python3.12/site-packages/airflow/example_dags/example_branch_day_of_week_operator.py for tasks to queue
[2026-06-10T22:02:10.377+0000] {logging_mixin.py:188} INFO - [2026-06-10T22:02:10.377+0000] {dagbag.py:545} INFO - Filling up the DagBag from /home/airflow/.local/lib/python3.12/site-packages/airflow/example_dags/example_branch_day_of_week_operator.py
[2026-06-10T22:02:10.386+0000] {processor.py:840} INFO - DAG(s) 'example_weekday_branch_operator' retrieved from /home/airflow/.local/lib/python3.12/site-packages/airflow/example_dags/example_branch_day_of_week_operator.py
[2026-06-10T22:02:10.413+0000] {logging_mixin.py:188} INFO - [2026-06-10T22:02:10.413+0000] {dag.py:3096} INFO - Sync 1 DAGs
[2026-06-10T22:02:10.443+0000] {logging_mixin.py:188} INFO - [2026-06-10T22:02:10.443+0000] {dag.py:3954} INFO - Setting next_dagrun for example_weekday_branch_operator to 2026-06-09 00:00:00+00:00, run_after=2026-06-10 00:00:00+00:00
[2026-06-10T22:02:10.468+0000] {processor.py:183} INFO - Processing /home/airflow/.local/lib/python3.12/site-packages/airflow/example_dags/example_branch_day_of_week_operator.py took 0.101 seconds
[2026-06-10T22:02:40.853+0000] {processor.py:161} INFO - Started process (PID=1413) to work on /home/airflow/.local/lib/python3.12/site-packages/airflow/example_dags/example_branch_day_of_week_operator.py
[2026-06-10T22:02:40.854+0000] {processor.py:830} INFO - Processing file /home/airflow/.local/lib/python3.12/site-packages/airflow/example_dags/example_branch_day_of_week_operator.py for tasks to queue
[2026-06-10T22:02:40.856+0000] {logging_mixin.py:188} INFO - [2026-06-10T22:02:40.856+0000] {dagbag.py:545} INFO - Filling up the DagBag from /home/airflow/.local/lib/python3.12/site-packages/airflow/example_dags/example_branch_day_of_week_operator.py
[2026-06-10T22:02:40.866+0000] {processor.py:840} INFO - DAG(s) 'example_weekday_branch_operator' retrieved from /home/airflow/.local/lib/python3.12/site-packages/airflow/example_dags/example_branch_day_of_week_operator.py
[2026-06-10T22:02:40.893+0000] {logging_mixin.py:188} INFO - [2026-06-10T22:02:40.892+0000] {dag.py:3096} INFO - Sync 1 DAGs
[2026-06-10T22:02:40.931+0000] {logging_mixin.py:188} INFO - [2026-06-10T22:02:40.930+0000] {dag.py:3954} INFO - Setting next_dagrun for example_weekday_branch_operator to 2026-06-09 00:00:00+00:00, run_after=2026-06-10 00:00:00+00:00
[2026-06-10T22:02:40.988+0000] {processor.py:183} INFO - Processing /home/airflow/.local/lib/python3.12/site-packages/airflow/example_dags/example_branch_day_of_week_operator.py took 0.142 seconds
[2026-06-10T22:03:11.859+0000] {processor.py:161} INFO - Started process (PID=1473) to work on /home/airflow/.local/lib/python3.12/site-packages/airflow/example_dags/example_branch_day_of_week_operator.py
[2026-06-10T22:03:11.861+0000] {processor.py:830} INFO - Processing file /home/airflow/.local/lib/python3.12/site-packages/airflow/example_dags/example_branch_day_of_week_operator.py for tasks to queue
[2026-06-10T22:03:11.864+0000] {logging_mixin.py:188} INFO - [2026-06-10T22:03:11.863+0000] {dagbag.py:545} INFO - Filling up the DagBag from /home/airflow/.local/lib/python3.12/site-packages/airflow/example_dags/example_branch_day_of_week_operator.py
[2026-06-10T22:03:11.873+0000] {processor.py:840} INFO - DAG(s) 'example_weekday_branch_operator' retrieved from /home/airflow/.local/lib/python3.12/site-packages/airflow/example_dags/example_branch_day_of_week_operator.py
[2026-06-10T22:03:11.899+0000] {logging_mixin.py:188} INFO - [2026-06-10T22:03:11.899+0000] {dag.py:3096} INFO - Sync 1 DAGs
[2026-06-10T22:03:11.930+0000] {logging_mixin.py:188} INFO - [2026-06-10T22:03:11.929+0000] {dag.py:3954} INFO - Setting next_dagrun for example_weekday_branch_operator to 2026-06-09 00:00:00+00:00, run_after=2026-06-10 00:00:00+00:00
[2026-06-10T22:03:11.954+0000] {processor.py:183} INFO - Processing /home/airflow/.local/lib/python3.12/site-packages/airflow/example_dags/example_branch_day_of_week_operator.py took 0.102 seconds
[2026-06-10T22:03:42.707+0000] {processor.py:161} INFO - Started process (PID=1533) to work on /home/airflow/.local/lib/python3.12/site-packages/airflow/example_dags/example_branch_day_of_week_operator.py
[2026-06-10T22:03:42.708+0000] {processor.py:830} INFO - Processing file /home/airflow/.local/lib/python3.12/site-packages/airflow/example_dags/example_branch_day_of_week_operator.py for tasks to queue
[2026-06-10T22:03:42.710+0000] {logging_mixin.py:188} INFO - [2026-06-10T22:03:42.710+0000] {dagbag.py:545} INFO - Filling up the DagBag from /home/airflow/.local/lib/python3.12/site-packages/airflow/example_dags/example_branch_day_of_week_operator.py
[2026-06-10T22:03:42.720+0000] {processor.py:840} INFO - DAG(s) 'example_weekday_branch_operator' retrieved from /home/airflow/.local/lib/python3.12/site-packages/airflow/example_dags/example_branch_day_of_week_operator.py
[2026-06-10T22:03:42.755+0000] {logging_mixin.py:188} INFO - [2026-06-10T22:03:42.755+0000] {dag.py:3096} INFO - Sync 1 DAGs
[2026-06-10T22:03:42.814+0000] {logging_mixin.py:188} INFO - [2026-06-10T22:03:42.814+0000] {dag.py:3954} INFO - Setting next_dagrun for example_weekday_branch_operator to 2026-06-09 00:00:00+00:00, run_after=2026-06-10 00:00:00+00:00
[2026-06-10T22:03:42.836+0000] {processor.py:183} INFO - Processing /home/airflow/.local/lib/python3.12/site-packages/airflow/example_dags/example_branch_day_of_week_operator.py took 0.136 seconds
[2026-06-10T22:04:13.257+0000] {processor.py:161} INFO - Started process (PID=1593) to work on /home/airflow/.local/lib/python3.12/site-packages/airflow/example_dags/example_branch_day_of_week_operator.py
[2026-06-10T22:04:13.261+0000] {processor.py:830} INFO - Processing file /home/airflow/.local/lib/python3.12/site-packages/airflow/example_dags/example_branch_day_of_week_operator.py for tasks to queue
[2026-06-10T22:04:13.267+0000] {logging_mixin.py:188} INFO - [2026-06-10T22:04:13.267+0000] {dagbag.py:545} INFO - Filling up the DagBag from /home/airflow/.local/lib/python3.12/site-packages/airflow/example_dags/example_branch_day_of_week_operator.py
[2026-06-10T22:04:13.294+0000] {processor.py:840} INFO - DAG(s) 'example_weekday_branch_operator' retrieved from /home/airflow/.local/lib/python3.12/site-packages/airflow/example_dags/example_branch_day_of_week_operator.py
[2026-06-10T22:04:13.363+0000] {logging_mixin.py:188} INFO - [2026-06-10T22:04:13.363+0000] {dag.py:3096} INFO - Sync 1 DAGs
[2026-06-10T22:04:13.441+0000] {logging_mixin.py:188} INFO - [2026-06-10T22:04:13.441+0000] {dag.py:3954} INFO - Setting next_dagrun for example_weekday_branch_operator to 2026-06-09 00:00:00+00:00, run_after=2026-06-10 00:00:00+00:00
[2026-06-10T22:04:13.520+0000] {processor.py:183} INFO - Processing /home/airflow/.local/lib/python3.12/site-packages/airflow/example_dags/example_branch_day_of_week_operator.py took 0.282 seconds
[2026-06-10T22:04:43.701+0000] {processor.py:161} INFO - Started process (PID=1655) to work on /home/airflow/.local/lib/python3.12/site-packages/airflow/example_dags/example_branch_day_of_week_operator.py
[2026-06-10T22:04:43.704+0000] {processor.py:830} INFO - Processing file /home/airflow/.local/lib/python3.12/site-packages/airflow/example_dags/example_branch_day_of_week_operator.py for tasks to queue
[2026-06-10T22:04:43.711+0000] {logging_mixin.py:188} INFO - [2026-06-10T22:04:43.710+0000] {dagbag.py:545} INFO - Filling up the DagBag from /home/airflow/.local/lib/python3.12/site-packages/airflow/example_dags/example_branch_day_of_week_operator.py
[2026-06-10T22:04:43.748+0000] {processor.py:840} INFO - DAG(s) 'example_weekday_branch_operator' retrieved from /home/airflow/.local/lib/python3.12/site-packages/airflow/example_dags/example_branch_day_of_week_operator.py
[2026-06-10T22:04:43.893+0000] {logging_mixin.py:188} INFO - [2026-06-10T22:04:43.893+0000] {dag.py:3096} INFO - Sync 1 DAGs
[2026-06-10T22:04:44.076+0000] {logging_mixin.py:188} INFO - [2026-06-10T22:04:44.071+0000] {dag.py:3954} INFO - Setting next_dagrun for example_weekday_branch_operator to 2026-06-09 00:00:00+00:00, run_after=2026-06-10 00:00:00+00:00
[2026-06-10T22:04:44.885+0000] {processor.py:183} INFO - Processing /home/airflow/.local/lib/python3.12/site-packages/airflow/example_dags/example_branch_day_of_week_operator.py took 1.212 seconds
[2026-06-10T22:05:14.974+0000] {processor.py:161} INFO - Started process (PID=1714) to work on /home/airflow/.local/lib/python3.12/site-packages/airflow/example_dags/example_branch_day_of_week_operator.py
[2026-06-10T22:05:14.977+0000] {processor.py:830} INFO - Processing file /home/airflow/.local/lib/python3.12/site-packages/airflow/example_dags/example_branch_day_of_week_operator.py for tasks to queue
[2026-06-10T22:05:14.989+0000] {logging_mixin.py:188} INFO - [2026-06-10T22:05:14.987+0000] {dagbag.py:545} INFO - Filling up the DagBag from /home/airflow/.local/lib/python3.12/site-packages/airflow/example_dags/example_branch_day_of_week_operator.py
[2026-06-10T22:05:15.004+0000] {processor.py:840} INFO - DAG(s) 'example_weekday_branch_operator' retrieved from /home/airflow/.local/lib/python3.12/site-packages/airflow/example_dags/example_branch_day_of_week_operator.py
[2026-06-10T22:05:15.027+0000] {logging_mixin.py:188} INFO - [2026-06-10T22:05:15.027+0000] {dag.py:3096} INFO - Sync 1 DAGs
[2026-06-10T22:05:15.046+0000] {logging_mixin.py:188} INFO - [2026-06-10T22:05:15.046+0000] {dag.py:3954} INFO - Setting next_dagrun for example_weekday_branch_operator to 2026-06-09 00:00:00+00:00, run_after=2026-06-10 00:00:00+00:00
[2026-06-10T22:05:15.062+0000] {processor.py:183} INFO - Processing /home/airflow/.local/lib/python3.12/site-packages/airflow/example_dags/example_branch_day_of_week_operator.py took 0.104 seconds
[2026-06-10T22:05:45.404+0000] {processor.py:161} INFO - Started process (PID=1773) to work on /home/airflow/.local/lib/python3.12/site-packages/airflow/example_dags/example_branch_day_of_week_operator.py
[2026-06-10T22:05:45.405+0000] {processor.py:830} INFO - Processing file /home/airflow/.local/lib/python3.12/site-packages/airflow/example_dags/example_branch_day_of_week_operator.py for tasks to queue
[2026-06-10T22:05:45.407+0000] {logging_mixin.py:188} INFO - [2026-06-10T22:05:45.407+0000] {dagbag.py:545} INFO - Filling up the DagBag from /home/airflow/.local/lib/python3.12/site-packages/airflow/example_dags/example_branch_day_of_week_operator.py
[2026-06-10T22:05:45.419+0000] {processor.py:840} INFO - DAG(s) 'example_weekday_branch_operator' retrieved from /home/airflow/.local/lib/python3.12/site-packages/airflow/example_dags/example_branch_day_of_week_operator.py
[2026-06-10T22:05:45.445+0000] {logging_mixin.py:188} INFO - [2026-06-10T22:05:45.445+0000] {dag.py:3096} INFO - Sync 1 DAGs
[2026-06-10T22:05:45.482+0000] {logging_mixin.py:188} INFO - [2026-06-10T22:05:45.482+0000] {dag.py:3954} INFO - Setting next_dagrun for example_weekday_branch_operator to 2026-06-09 00:00:00+00:00, run_after=2026-06-10 00:00:00+00:00
[2026-06-10T22:05:45.527+0000] {processor.py:183} INFO - Processing /home/airflow/.local/lib/python3.12/site-packages/airflow/example_dags/example_branch_day_of_week_operator.py took 0.129 seconds
[2026-06-10T22:06:15.612+0000] {processor.py:161} INFO - Started process (PID=1833) to work on /home/airflow/.local/lib/python3.12/site-packages/airflow/example_dags/example_branch_day_of_week_operator.py
[2026-06-10T22:06:15.615+0000] {processor.py:830} INFO - Processing file /home/airflow/.local/lib/python3.12/site-packages/airflow/example_dags/example_branch_day_of_week_operator.py for tasks to queue
[2026-06-10T22:06:15.618+0000] {logging_mixin.py:188} INFO - [2026-06-10T22:06:15.618+0000] {dagbag.py:545} INFO - Filling up the DagBag from /home/airflow/.local/lib/python3.12/site-packages/airflow/example_dags/example_branch_day_of_week_operator.py
[2026-06-10T22:06:15.636+0000] {processor.py:840} INFO - DAG(s) 'example_weekday_branch_operator' retrieved from /home/airflow/.local/lib/python3.12/site-packages/airflow/example_dags/example_branch_day_of_week_operator.py
[2026-06-10T22:06:15.690+0000] {logging_mixin.py:188} INFO - [2026-06-10T22:06:15.690+0000] {dag.py:3096} INFO - Sync 1 DAGs
[2026-06-10T22:06:15.747+0000] {logging_mixin.py:188} INFO - [2026-06-10T22:06:15.747+0000] {dag.py:3954} INFO - Setting next_dagrun for example_weekday_branch_operator to 2026-06-09 00:00:00+00:00, run_after=2026-06-10 00:00:00+00:00
[2026-06-10T22:06:15.825+0000] {processor.py:183} INFO - Processing /home/airflow/.local/lib/python3.12/site-packages/airflow/example_dags/example_branch_day_of_week_operator.py took 0.225 seconds
[2026-06-10T22:06:46.366+0000] {processor.py:161} INFO - Started process (PID=1893) to work on /home/airflow/.local/lib/python3.12/site-packages/airflow/example_dags/example_branch_day_of_week_operator.py
[2026-06-10T22:06:46.367+0000] {processor.py:830} INFO - Processing file /home/airflow/.local/lib/python3.12/site-packages/airflow/example_dags/example_branch_day_of_week_operator.py for tasks to queue
[2026-06-10T22:06:46.369+0000] {logging_mixin.py:188} INFO - [2026-06-10T22:06:46.369+0000] {dagbag.py:545} INFO - Filling up the DagBag from /home/airflow/.local/lib/python3.12/site-packages/airflow/example_dags/example_branch_day_of_week_operator.py
[2026-06-10T22:06:46.379+0000] {processor.py:840} INFO - DAG(s) 'example_weekday_branch_operator' retrieved from /home/airflow/.local/lib/python3.12/site-packages/airflow/example_dags/example_branch_day_of_week_operator.py
[2026-06-10T22:06:46.408+0000] {logging_mixin.py:188} INFO - [2026-06-10T22:06:46.408+0000] {dag.py:3096} INFO - Sync 1 DAGs
[2026-06-10T22:06:46.438+0000] {logging_mixin.py:188} INFO - [2026-06-10T22:06:46.438+0000] {dag.py:3954} INFO - Setting next_dagrun for example_weekday_branch_operator to 2026-06-09 00:00:00+00:00, run_after=2026-06-10 00:00:00+00:00
[2026-06-10T22:06:46.459+0000] {processor.py:183} INFO - Processing /home/airflow/.local/lib/python3.12/site-packages/airflow/example_dags/example_branch_day_of_week_operator.py took 0.101 seconds
[2026-06-10T22:07:16.633+0000] {processor.py:161} INFO - Started process (PID=1952) to work on /home/airflow/.local/lib/python3.12/site-packages/airflow/example_dags/example_branch_day_of_week_operator.py
[2026-06-10T22:07:16.634+0000] {processor.py:830} INFO - Processing file /home/airflow/.local/lib/python3.12/site-packages/airflow/example_dags/example_branch_day_of_week_operator.py for tasks to queue
[2026-06-10T22:07:16.636+0000] {logging_mixin.py:188} INFO - [2026-06-10T22:07:16.635+0000] {dagbag.py:545} INFO - Filling up the DagBag from /home/airflow/.local/lib/python3.12/site-packages/airflow/example_dags/example_branch_day_of_week_operator.py
[2026-06-10T22:07:16.645+0000] {processor.py:840} INFO - DAG(s) 'example_weekday_branch_operator' retrieved from /home/airflow/.local/lib/python3.12/site-packages/airflow/example_dags/example_branch_day_of_week_operator.py
[2026-06-10T22:07:16.670+0000] {logging_mixin.py:188} INFO - [2026-06-10T22:07:16.670+0000] {dag.py:3096} INFO - Sync 1 DAGs
[2026-06-10T22:07:16.699+0000] {logging_mixin.py:188} INFO - [2026-06-10T22:07:16.699+0000] {dag.py:3954} INFO - Setting next_dagrun for example_weekday_branch_operator to 2026-06-09 00:00:00+00:00, run_after=2026-06-10 00:00:00+00:00
[2026-06-10T22:07:16.719+0000] {processor.py:183} INFO - Processing /home/airflow/.local/lib/python3.12/site-packages/airflow/example_dags/example_branch_day_of_week_operator.py took 0.097 seconds
[2026-06-10T22:07:46.867+0000] {processor.py:161} INFO - Started process (PID=2012) to work on /home/airflow/.local/lib/python3.12/site-packages/airflow/example_dags/example_branch_day_of_week_operator.py
[2026-06-10T22:07:46.868+0000] {processor.py:830} INFO - Processing file /home/airflow/.local/lib/python3.12/site-packages/airflow/example_dags/example_branch_day_of_week_operator.py for tasks to queue
[2026-06-10T22:07:46.870+0000] {logging_mixin.py:188} INFO - [2026-06-10T22:07:46.870+0000] {dagbag.py:545} INFO - Filling up the DagBag from /home/airflow/.local/lib/python3.12/site-packages/airflow/example_dags/example_branch_day_of_week_operator.py
[2026-06-10T22:07:46.879+0000] {processor.py:840} INFO - DAG(s) 'example_weekday_branch_operator' retrieved from /home/airflow/.local/lib/python3.12/site-packages/airflow/example_dags/example_branch_day_of_week_operator.py
[2026-06-10T22:07:46.904+0000] {logging_mixin.py:188} INFO - [2026-06-10T22:07:46.903+0000] {dag.py:3096} INFO - Sync 1 DAGs
[2026-06-10T22:07:46.933+0000] {logging_mixin.py:188} INFO - [2026-06-10T22:07:46.933+0000] {dag.py:3954} INFO - Setting next_dagrun for example_weekday_branch_operator to 2026-06-09 00:00:00+00:00, run_after=2026-06-10 00:00:00+00:00
[2026-06-10T22:07:46.956+0000] {processor.py:183} INFO - Processing /home/airflow/.local/lib/python3.12/site-packages/airflow/example_dags/example_branch_day_of_week_operator.py took 0.098 seconds
[2026-06-10T22:08:17.737+0000] {processor.py:161} INFO - Started process (PID=2072) to work on /home/airflow/.local/lib/python3.12/site-packages/airflow/example_dags/example_branch_day_of_week_operator.py
[2026-06-10T22:08:17.739+0000] {processor.py:830} INFO - Processing file /home/airflow/.local/lib/python3.12/site-packages/airflow/example_dags/example_branch_day_of_week_operator.py for tasks to queue
[2026-06-10T22:08:17.741+0000] {logging_mixin.py:188} INFO - [2026-06-10T22:08:17.741+0000] {dagbag.py:545} INFO - Filling up the DagBag from /home/airflow/.local/lib/python3.12/site-packages/airflow/example_dags/example_branch_day_of_week_operator.py
[2026-06-10T22:08:17.754+0000] {processor.py:840} INFO - DAG(s) 'example_weekday_branch_operator' retrieved from /home/airflow/.local/lib/python3.12/site-packages/airflow/example_dags/example_branch_day_of_week_operator.py
[2026-06-10T22:08:17.789+0000] {logging_mixin.py:188} INFO - [2026-06-10T22:08:17.788+0000] {dag.py:3096} INFO - Sync 1 DAGs
[2026-06-10T22:08:17.854+0000] {logging_mixin.py:188} INFO - [2026-06-10T22:08:17.854+0000] {dag.py:3954} INFO - Setting next_dagrun for example_weekday_branch_operator to 2026-06-09 00:00:00+00:00, run_after=2026-06-10 00:00:00+00:00
[2026-06-10T22:08:17.879+0000] {processor.py:183} INFO - Processing /home/airflow/.local/lib/python3.12/site-packages/airflow/example_dags/example_branch_day_of_week_operator.py took 0.151 seconds
[2026-06-10T22:08:48.130+0000] {processor.py:161} INFO - Started process (PID=2132) to work on /home/airflow/.local/lib/python3.12/site-packages/airflow/example_dags/example_branch_day_of_week_operator.py
[2026-06-10T22:08:48.138+0000] {processor.py:830} INFO - Processing file /home/airflow/.local/lib/python3.12/site-packages/airflow/example_dags/example_branch_day_of_week_operator.py for tasks to queue
[2026-06-10T22:08:48.142+0000] {logging_mixin.py:188} INFO - [2026-06-10T22:08:48.142+0000] {dagbag.py:545} INFO - Filling up the DagBag from /home/airflow/.local/lib/python3.12/site-packages/airflow/example_dags/example_branch_day_of_week_operator.py
[2026-06-10T22:08:48.158+0000] {processor.py:840} INFO - DAG(s) 'example_weekday_branch_operator' retrieved from /home/airflow/.local/lib/python3.12/site-packages/airflow/example_dags/example_branch_day_of_week_operator.py
[2026-06-10T22:08:48.213+0000] {logging_mixin.py:188} INFO - [2026-06-10T22:08:48.213+0000] {dag.py:3096} INFO - Sync 1 DAGs
[2026-06-10T22:08:48.315+0000] {logging_mixin.py:188} INFO - [2026-06-10T22:08:48.315+0000] {dag.py:3954} INFO - Setting next_dagrun for example_weekday_branch_operator to 2026-06-09 00:00:00+00:00, run_after=2026-06-10 00:00:00+00:00
[2026-06-10T22:08:48.358+0000] {processor.py:183} INFO - Processing /home/airflow/.local/lib/python3.12/site-packages/airflow/example_dags/example_branch_day_of_week_operator.py took 0.251 seconds
[2026-06-10T22:09:18.803+0000] {processor.py:161} INFO - Started process (PID=2191) to work on /home/airflow/.local/lib/python3.12/site-packages/airflow/example_dags/example_branch_day_of_week_operator.py
[2026-06-10T22:09:18.805+0000] {processor.py:830} INFO - Processing file /home/airflow/.local/lib/python3.12/site-packages/airflow/example_dags/example_branch_day_of_week_operator.py for tasks to queue
[2026-06-10T22:09:18.807+0000] {logging_mixin.py:188} INFO - [2026-06-10T22:09:18.807+0000] {dagbag.py:545} INFO - Filling up the DagBag from /home/airflow/.local/lib/python3.12/site-packages/airflow/example_dags/example_branch_day_of_week_operator.py
[2026-06-10T22:09:18.825+0000] {processor.py:840} INFO - DAG(s) 'example_weekday_branch_operator' retrieved from /home/airflow/.local/lib/python3.12/site-packages/airflow/example_dags/example_branch_day_of_week_operator.py
[2026-06-10T22:09:18.885+0000] {logging_mixin.py:188} INFO - [2026-06-10T22:09:18.884+0000] {dag.py:3096} INFO - Sync 1 DAGs
[2026-06-10T22:09:18.922+0000] {logging_mixin.py:188} INFO - [2026-06-10T22:09:18.922+0000] {dag.py:3954} INFO - Setting next_dagrun for example_weekday_branch_operator to 2026-06-09 00:00:00+00:00, run_after=2026-06-10 00:00:00+00:00
[2026-06-10T22:09:18.943+0000] {processor.py:183} INFO - Processing /home/airflow/.local/lib/python3.12/site-packages/airflow/example_dags/example_branch_day_of_week_operator.py took 0.165 seconds
[2026-06-10T22:09:49.306+0000] {processor.py:161} INFO - Started process (PID=2251) to work on /home/airflow/.local/lib/python3.12/site-packages/airflow/example_dags/example_branch_day_of_week_operator.py
[2026-06-10T22:09:49.309+0000] {processor.py:830} INFO - Processing file /home/airflow/.local/lib/python3.12/site-packages/airflow/example_dags/example_branch_day_of_week_operator.py for tasks to queue
[2026-06-10T22:09:49.313+0000] {logging_mixin.py:188} INFO - [2026-06-10T22:09:49.313+0000] {dagbag.py:545} INFO - Filling up the DagBag from /home/airflow/.local/lib/python3.12/site-packages/airflow/example_dags/example_branch_day_of_week_operator.py
[2026-06-10T22:09:49.335+0000] {processor.py:840} INFO - DAG(s) 'example_weekday_branch_operator' retrieved from /home/airflow/.local/lib/python3.12/site-packages/airflow/example_dags/example_branch_day_of_week_operator.py
[2026-06-10T22:09:49.360+0000] {logging_mixin.py:188} INFO - [2026-06-10T22:09:49.360+0000] {dag.py:3096} INFO - Sync 1 DAGs
[2026-06-10T22:09:49.391+0000] {logging_mixin.py:188} INFO - [2026-06-10T22:09:49.391+0000] {dag.py:3954} INFO - Setting next_dagrun for example_weekday_branch_operator to 2026-06-09 00:00:00+00:00, run_after=2026-06-10 00:00:00+00:00
[2026-06-10T22:09:49.415+0000] {processor.py:183} INFO - Processing /home/airflow/.local/lib/python3.12/site-packages/airflow/example_dags/example_branch_day_of_week_operator.py took 0.122 seconds
[2026-06-10T22:10:19.514+0000] {processor.py:161} INFO - Started process (PID=2310) to work on /home/airflow/.local/lib/python3.12/site-packages/airflow/example_dags/example_branch_day_of_week_operator.py
[2026-06-10T22:10:19.519+0000] {processor.py:830} INFO - Processing file /home/airflow/.local/lib/python3.12/site-packages/airflow/example_dags/example_branch_day_of_week_operator.py for tasks to queue
[2026-06-10T22:10:19.522+0000] {logging_mixin.py:188} INFO - [2026-06-10T22:10:19.522+0000] {dagbag.py:545} INFO - Filling up the DagBag from /home/airflow/.local/lib/python3.12/site-packages/airflow/example_dags/example_branch_day_of_week_operator.py
[2026-06-10T22:10:19.543+0000] {processor.py:840} INFO - DAG(s) 'example_weekday_branch_operator' retrieved from /home/airflow/.local/lib/python3.12/site-packages/airflow/example_dags/example_branch_day_of_week_operator.py
[2026-06-10T22:10:19.607+0000] {logging_mixin.py:188} INFO - [2026-06-10T22:10:19.607+0000] {dag.py:3096} INFO - Sync 1 DAGs
[2026-06-10T22:10:19.639+0000] {logging_mixin.py:188} INFO - [2026-06-10T22:10:19.639+0000] {dag.py:3954} INFO - Setting next_dagrun for example_weekday_branch_operator to 2026-06-09 00:00:00+00:00, run_after=2026-06-10 00:00:00+00:00
[2026-06-10T22:10:19.666+0000] {processor.py:183} INFO - Processing /home/airflow/.local/lib/python3.12/site-packages/airflow/example_dags/example_branch_day_of_week_operator.py took 0.170 seconds
[2026-06-10T22:10:50.279+0000] {processor.py:161} INFO - Started process (PID=2370) to work on /home/airflow/.local/lib/python3.12/site-packages/airflow/example_dags/example_branch_day_of_week_operator.py
[2026-06-10T22:10:50.280+0000] {processor.py:830} INFO - Processing file /home/airflow/.local/lib/python3.12/site-packages/airflow/example_dags/example_branch_day_of_week_operator.py for tasks to queue
[2026-06-10T22:10:50.283+0000] {logging_mixin.py:188} INFO - [2026-06-10T22:10:50.282+0000] {dagbag.py:545} INFO - Filling up the DagBag from /home/airflow/.local/lib/python3.12/site-packages/airflow/example_dags/example_branch_day_of_week_operator.py
[2026-06-10T22:10:50.292+0000] {processor.py:840} INFO - DAG(s) 'example_weekday_branch_operator' retrieved from /home/airflow/.local/lib/python3.12/site-packages/airflow/example_dags/example_branch_day_of_week_operator.py
[2026-06-10T22:10:50.361+0000] {logging_mixin.py:188} INFO - [2026-06-10T22:10:50.361+0000] {dag.py:3096} INFO - Sync 1 DAGs
[2026-06-10T22:10:50.390+0000] {logging_mixin.py:188} INFO - [2026-06-10T22:10:50.390+0000] {dag.py:3954} INFO - Setting next_dagrun for example_weekday_branch_operator to 2026-06-09 00:00:00+00:00, run_after=2026-06-10 00:00:00+00:00
[2026-06-10T22:10:50.411+0000] {processor.py:183} INFO - Processing /home/airflow/.local/lib/python3.12/site-packages/airflow/example_dags/example_branch_day_of_week_operator.py took 0.140 seconds
[2026-06-10T22:11:20.894+0000] {processor.py:161} INFO - Started process (PID=2430) to work on /home/airflow/.local/lib/python3.12/site-packages/airflow/example_dags/example_branch_day_of_week_operator.py
[2026-06-10T22:11:20.895+0000] {processor.py:830} INFO - Processing file /home/airflow/.local/lib/python3.12/site-packages/airflow/example_dags/example_branch_day_of_week_operator.py for tasks to queue
[2026-06-10T22:11:20.898+0000] {logging_mixin.py:188} INFO - [2026-06-10T22:11:20.898+0000] {dagbag.py:545} INFO - Filling up the DagBag from /home/airflow/.local/lib/python3.12/site-packages/airflow/example_dags/example_branch_day_of_week_operator.py
[2026-06-10T22:11:20.908+0000] {processor.py:840} INFO - DAG(s) 'example_weekday_branch_operator' retrieved from /home/airflow/.local/lib/python3.12/site-packages/airflow/example_dags/example_branch_day_of_week_operator.py
[2026-06-10T22:11:20.933+0000] {logging_mixin.py:188} INFO - [2026-06-10T22:11:20.933+0000] {dag.py:3096} INFO - Sync 1 DAGs
[2026-06-10T22:11:20.962+0000] {logging_mixin.py:188} INFO - [2026-06-10T22:11:20.961+0000] {dag.py:3954} INFO - Setting next_dagrun for example_weekday_branch_operator to 2026-06-09 00:00:00+00:00, run_after=2026-06-10 00:00:00+00:00
[2026-06-10T22:11:20.980+0000] {processor.py:183} INFO - Processing /home/airflow/.local/lib/python3.12/site-packages/airflow/example_dags/example_branch_day_of_week_operator.py took 0.093 seconds
[2026-06-10T22:11:51.866+0000] {processor.py:161} INFO - Started process (PID=2496) to work on /home/airflow/.local/lib/python3.12/site-packages/airflow/example_dags/example_branch_day_of_week_operator.py
[2026-06-10T22:11:51.867+0000] {processor.py:830} INFO - Processing file /home/airflow/.local/lib/python3.12/site-packages/airflow/example_dags/example_branch_day_of_week_operator.py for tasks to queue
[2026-06-10T22:11:51.869+0000] {logging_mixin.py:188} INFO - [2026-06-10T22:11:51.869+0000] {dagbag.py:545} INFO - Filling up the DagBag from /home/airflow/.local/lib/python3.12/site-packages/airflow/example_dags/example_branch_day_of_week_operator.py
[2026-06-10T22:11:51.878+0000] {processor.py:840} INFO - DAG(s) 'example_weekday_branch_operator' retrieved from /home/airflow/.local/lib/python3.12/site-packages/airflow/example_dags/example_branch_day_of_week_operator.py
[2026-06-10T22:11:51.907+0000] {logging_mixin.py:188} INFO - [2026-06-10T22:11:51.906+0000] {dag.py:3096} INFO - Sync 1 DAGs
[2026-06-10T22:11:51.949+0000] {logging_mixin.py:188} INFO - [2026-06-10T22:11:51.949+0000] {dag.py:3954} INFO - Setting next_dagrun for example_weekday_branch_operator to 2026-06-09 00:00:00+00:00, run_after=2026-06-10 00:00:00+00:00
[2026-06-10T22:11:51.967+0000] {processor.py:183} INFO - Processing /home/airflow/.local/lib/python3.12/site-packages/airflow/example_dags/example_branch_day_of_week_operator.py took 0.109 seconds
[2026-06-10T22:12:23.095+0000] {processor.py:161} INFO - Started process (PID=2556) to work on /home/airflow/.local/lib/python3.12/site-packages/airflow/example_dags/example_branch_day_of_week_operator.py
[2026-06-10T22:12:23.097+0000] {processor.py:830} INFO - Processing file /home/airflow/.local/lib/python3.12/site-packages/airflow/example_dags/example_branch_day_of_week_operator.py for tasks to queue
[2026-06-10T22:12:23.102+0000] {logging_mixin.py:188} INFO - [2026-06-10T22:12:23.102+0000] {dagbag.py:545} INFO - Filling up the DagBag from /home/airflow/.local/lib/python3.12/site-packages/airflow/example_dags/example_branch_day_of_week_operator.py
[2026-06-10T22:12:23.132+0000] {processor.py:840} INFO - DAG(s) 'example_weekday_branch_operator' retrieved from /home/airflow/.local/lib/python3.12/site-packages/airflow/example_dags/example_branch_day_of_week_operator.py
[2026-06-10T22:12:23.213+0000] {logging_mixin.py:188} INFO - [2026-06-10T22:12:23.213+0000] {dag.py:3096} INFO - Sync 1 DAGs
[2026-06-10T22:12:23.250+0000] {logging_mixin.py:188} INFO - [2026-06-10T22:12:23.250+0000] {dag.py:3954} INFO - Setting next_dagrun for example_weekday_branch_operator to 2026-06-09 00:00:00+00:00, run_after=2026-06-10 00:00:00+00:00
[2026-06-10T22:12:23.293+0000] {processor.py:183} INFO - Processing /home/airflow/.local/lib/python3.12/site-packages/airflow/example_dags/example_branch_day_of_week_operator.py took 0.214 seconds
[2026-06-10T22:12:53.567+0000] {processor.py:161} INFO - Started process (PID=2616) to work on /home/airflow/.local/lib/python3.12/site-packages/airflow/example_dags/example_branch_day_of_week_operator.py
[2026-06-10T22:12:53.569+0000] {processor.py:830} INFO - Processing file /home/airflow/.local/lib/python3.12/site-packages/airflow/example_dags/example_branch_day_of_week_operator.py for tasks to queue
[2026-06-10T22:12:53.572+0000] {logging_mixin.py:188} INFO - [2026-06-10T22:12:53.571+0000] {dagbag.py:545} INFO - Filling up the DagBag from /home/airflow/.local/lib/python3.12/site-packages/airflow/example_dags/example_branch_day_of_week_operator.py
[2026-06-10T22:12:53.582+0000] {processor.py:840} INFO - DAG(s) 'example_weekday_branch_operator' retrieved from /home/airflow/.local/lib/python3.12/site-packages/airflow/example_dags/example_branch_day_of_week_operator.py
[2026-06-10T22:12:53.631+0000] {logging_mixin.py:188} INFO - [2026-06-10T22:12:53.630+0000] {dag.py:3096} INFO - Sync 1 DAGs
[2026-06-10T22:12:53.665+0000] {logging_mixin.py:188} INFO - [2026-06-10T22:12:53.664+0000] {dag.py:3954} INFO - Setting next_dagrun for example_weekday_branch_operator to 2026-06-09 00:00:00+00:00, run_after=2026-06-10 00:00:00+00:00
[2026-06-10T22:12:53.694+0000] {processor.py:183} INFO - Processing /home/airflow/.local/lib/python3.12/site-packages/airflow/example_dags/example_branch_day_of_week_operator.py took 0.134 seconds
[2026-06-10T22:15:40.165+0000] {processor.py:161} INFO - Started process (PID=108) to work on /home/airflow/.local/lib/python3.12/site-packages/airflow/example_dags/example_branch_day_of_week_operator.py
[2026-06-10T22:15:40.169+0000] {processor.py:830} INFO - Processing file /home/airflow/.local/lib/python3.12/site-packages/airflow/example_dags/example_branch_day_of_week_operator.py for tasks to queue
[2026-06-10T22:15:40.173+0000] {logging_mixin.py:188} INFO - [2026-06-10T22:15:40.172+0000] {dagbag.py:545} INFO - Filling up the DagBag from /home/airflow/.local/lib/python3.12/site-packages/airflow/example_dags/example_branch_day_of_week_operator.py
[2026-06-10T22:15:40.201+0000] {processor.py:840} INFO - DAG(s) 'example_weekday_branch_operator' retrieved from /home/airflow/.local/lib/python3.12/site-packages/airflow/example_dags/example_branch_day_of_week_operator.py
[2026-06-10T22:15:40.745+0000] {logging_mixin.py:188} INFO - [2026-06-10T22:15:40.745+0000] {dag.py:3096} INFO - Sync 1 DAGs
[2026-06-10T22:15:40.856+0000] {logging_mixin.py:188} INFO - [2026-06-10T22:15:40.856+0000] {dag.py:3954} INFO - Setting next_dagrun for example_weekday_branch_operator to 2026-06-09 00:00:00+00:00, run_after=2026-06-10 00:00:00+00:00
[2026-06-10T22:15:40.967+0000] {processor.py:183} INFO - Processing /home/airflow/.local/lib/python3.12/site-packages/airflow/example_dags/example_branch_day_of_week_operator.py took 0.822 seconds
[2026-06-10T22:16:22.699+0000] {processor.py:161} INFO - Started process (PID=169) to work on /home/airflow/.local/lib/python3.12/site-packages/airflow/example_dags/example_branch_day_of_week_operator.py
[2026-06-10T22:16:22.701+0000] {processor.py:830} INFO - Processing file /home/airflow/.local/lib/python3.12/site-packages/airflow/example_dags/example_branch_day_of_week_operator.py for tasks to queue
[2026-06-10T22:16:22.710+0000] {logging_mixin.py:188} INFO - [2026-06-10T22:16:22.708+0000] {dagbag.py:545} INFO - Filling up the DagBag from /home/airflow/.local/lib/python3.12/site-packages/airflow/example_dags/example_branch_day_of_week_operator.py
[2026-06-10T22:16:22.732+0000] {processor.py:840} INFO - DAG(s) 'example_weekday_branch_operator' retrieved from /home/airflow/.local/lib/python3.12/site-packages/airflow/example_dags/example_branch_day_of_week_operator.py
[2026-06-10T22:16:22.766+0000] {logging_mixin.py:188} INFO - [2026-06-10T22:16:22.766+0000] {dag.py:3096} INFO - Sync 1 DAGs
[2026-06-10T22:16:22.864+0000] {logging_mixin.py:188} INFO - [2026-06-10T22:16:22.864+0000] {dag.py:3954} INFO - Setting next_dagrun for example_weekday_branch_operator to 2026-06-09 00:00:00+00:00, run_after=2026-06-10 00:00:00+00:00
[2026-06-10T22:16:22.952+0000] {processor.py:183} INFO - Processing /home/airflow/.local/lib/python3.12/site-packages/airflow/example_dags/example_branch_day_of_week_operator.py took 0.278 seconds
[2026-06-10T22:16:53.637+0000] {processor.py:161} INFO - Started process (PID=229) to work on /home/airflow/.local/lib/python3.12/site-packages/airflow/example_dags/example_branch_day_of_week_operator.py
[2026-06-10T22:16:53.638+0000] {processor.py:830} INFO - Processing file /home/airflow/.local/lib/python3.12/site-packages/airflow/example_dags/example_branch_day_of_week_operator.py for tasks to queue
[2026-06-10T22:16:53.640+0000] {logging_mixin.py:188} INFO - [2026-06-10T22:16:53.639+0000] {dagbag.py:545} INFO - Filling up the DagBag from /home/airflow/.local/lib/python3.12/site-packages/airflow/example_dags/example_branch_day_of_week_operator.py
[2026-06-10T22:16:53.650+0000] {processor.py:840} INFO - DAG(s) 'example_weekday_branch_operator' retrieved from /home/airflow/.local/lib/python3.12/site-packages/airflow/example_dags/example_branch_day_of_week_operator.py
[2026-06-10T22:16:53.798+0000] {logging_mixin.py:188} INFO - [2026-06-10T22:16:53.798+0000] {dag.py:3096} INFO - Sync 1 DAGs
[2026-06-10T22:16:53.826+0000] {logging_mixin.py:188} INFO - [2026-06-10T22:16:53.825+0000] {dag.py:3954} INFO - Setting next_dagrun for example_weekday_branch_operator to 2026-06-09 00:00:00+00:00, run_after=2026-06-10 00:00:00+00:00
[2026-06-10T22:16:53.847+0000] {processor.py:183} INFO - Processing /home/airflow/.local/lib/python3.12/site-packages/airflow/example_dags/example_branch_day_of_week_operator.py took 0.218 seconds
[2026-06-10T22:17:23.961+0000] {processor.py:161} INFO - Started process (PID=288) to work on /home/airflow/.local/lib/python3.12/site-packages/airflow/example_dags/example_branch_day_of_week_operator.py
[2026-06-10T22:17:23.962+0000] {processor.py:830} INFO - Processing file /home/airflow/.local/lib/python3.12/site-packages/airflow/example_dags/example_branch_day_of_week_operator.py for tasks to queue
[2026-06-10T22:17:23.964+0000] {logging_mixin.py:188} INFO - [2026-06-10T22:17:23.964+0000] {dagbag.py:545} INFO - Filling up the DagBag from /home/airflow/.local/lib/python3.12/site-packages/airflow/example_dags/example_branch_day_of_week_operator.py
[2026-06-10T22:17:23.976+0000] {processor.py:840} INFO - DAG(s) 'example_weekday_branch_operator' retrieved from /home/airflow/.local/lib/python3.12/site-packages/airflow/example_dags/example_branch_day_of_week_operator.py
[2026-06-10T22:17:24.035+0000] {logging_mixin.py:188} INFO - [2026-06-10T22:17:24.035+0000] {dag.py:3096} INFO - Sync 1 DAGs
[2026-06-10T22:17:24.076+0000] {logging_mixin.py:188} INFO - [2026-06-10T22:17:24.076+0000] {dag.py:3954} INFO - Setting next_dagrun for example_weekday_branch_operator to 2026-06-09 00:00:00+00:00, run_after=2026-06-10 00:00:00+00:00
[2026-06-10T22:17:24.108+0000] {processor.py:183} INFO - Processing /home/airflow/.local/lib/python3.12/site-packages/airflow/example_dags/example_branch_day_of_week_operator.py took 0.155 seconds
[2026-06-10T22:17:54.500+0000] {processor.py:161} INFO - Started process (PID=346) to work on /home/airflow/.local/lib/python3.12/site-packages/airflow/example_dags/example_branch_day_of_week_operator.py
[2026-06-10T22:17:54.501+0000] {processor.py:830} INFO - Processing file /home/airflow/.local/lib/python3.12/site-packages/airflow/example_dags/example_branch_day_of_week_operator.py for tasks to queue
[2026-06-10T22:17:54.503+0000] {logging_mixin.py:188} INFO - [2026-06-10T22:17:54.503+0000] {dagbag.py:545} INFO - Filling up the DagBag from /home/airflow/.local/lib/python3.12/site-packages/airflow/example_dags/example_branch_day_of_week_operator.py
[2026-06-10T22:17:54.514+0000] {processor.py:840} INFO - DAG(s) 'example_weekday_branch_operator' retrieved from /home/airflow/.local/lib/python3.12/site-packages/airflow/example_dags/example_branch_day_of_week_operator.py
[2026-06-10T22:17:54.539+0000] {logging_mixin.py:188} INFO - [2026-06-10T22:17:54.539+0000] {dag.py:3096} INFO - Sync 1 DAGs
[2026-06-10T22:17:54.571+0000] {logging_mixin.py:188} INFO - [2026-06-10T22:17:54.570+0000] {dag.py:3954} INFO - Setting next_dagrun for example_weekday_branch_operator to 2026-06-09 00:00:00+00:00, run_after=2026-06-10 00:00:00+00:00
[2026-06-10T22:17:54.595+0000] {processor.py:183} INFO - Processing /home/airflow/.local/lib/python3.12/site-packages/airflow/example_dags/example_branch_day_of_week_operator.py took 0.102 seconds
[2026-06-10T22:18:25.008+0000] {processor.py:161} INFO - Started process (PID=406) to work on /home/airflow/.local/lib/python3.12/site-packages/airflow/example_dags/example_branch_day_of_week_operator.py
[2026-06-10T22:18:25.009+0000] {processor.py:830} INFO - Processing file /home/airflow/.local/lib/python3.12/site-packages/airflow/example_dags/example_branch_day_of_week_operator.py for tasks to queue
[2026-06-10T22:18:25.011+0000] {logging_mixin.py:188} INFO - [2026-06-10T22:18:25.011+0000] {dagbag.py:545} INFO - Filling up the DagBag from /home/airflow/.local/lib/python3.12/site-packages/airflow/example_dags/example_branch_day_of_week_operator.py
[2026-06-10T22:18:25.023+0000] {processor.py:840} INFO - DAG(s) 'example_weekday_branch_operator' retrieved from /home/airflow/.local/lib/python3.12/site-packages/airflow/example_dags/example_branch_day_of_week_operator.py
[2026-06-10T22:18:25.049+0000] {logging_mixin.py:188} INFO - [2026-06-10T22:18:25.049+0000] {dag.py:3096} INFO - Sync 1 DAGs
[2026-06-10T22:18:25.083+0000] {logging_mixin.py:188} INFO - [2026-06-10T22:18:25.083+0000] {dag.py:3954} INFO - Setting next_dagrun for example_weekday_branch_operator to 2026-06-09 00:00:00+00:00, run_after=2026-06-10 00:00:00+00:00
[2026-06-10T22:18:25.103+0000] {processor.py:183} INFO - Processing /home/airflow/.local/lib/python3.12/site-packages/airflow/example_dags/example_branch_day_of_week_operator.py took 0.104 seconds
[2026-06-10T22:18:55.357+0000] {processor.py:161} INFO - Started process (PID=466) to work on /home/airflow/.local/lib/python3.12/site-packages/airflow/example_dags/example_branch_day_of_week_operator.py
[2026-06-10T22:18:55.365+0000] {processor.py:830} INFO - Processing file /home/airflow/.local/lib/python3.12/site-packages/airflow/example_dags/example_branch_day_of_week_operator.py for tasks to queue
[2026-06-10T22:18:55.371+0000] {logging_mixin.py:188} INFO - [2026-06-10T22:18:55.371+0000] {dagbag.py:545} INFO - Filling up the DagBag from /home/airflow/.local/lib/python3.12/site-packages/airflow/example_dags/example_branch_day_of_week_operator.py
[2026-06-10T22:18:55.414+0000] {processor.py:840} INFO - DAG(s) 'example_weekday_branch_operator' retrieved from /home/airflow/.local/lib/python3.12/site-packages/airflow/example_dags/example_branch_day_of_week_operator.py
[2026-06-10T22:18:55.519+0000] {logging_mixin.py:188} INFO - [2026-06-10T22:18:55.519+0000] {dag.py:3096} INFO - Sync 1 DAGs
[2026-06-10T22:18:55.616+0000] {logging_mixin.py:188} INFO - [2026-06-10T22:18:55.616+0000] {dag.py:3954} INFO - Setting next_dagrun for example_weekday_branch_operator to 2026-06-09 00:00:00+00:00, run_after=2026-06-10 00:00:00+00:00
[2026-06-10T22:18:55.679+0000] {processor.py:183} INFO - Processing /home/airflow/.local/lib/python3.12/site-packages/airflow/example_dags/example_branch_day_of_week_operator.py took 0.347 seconds
[2026-06-10T22:19:25.974+0000] {processor.py:161} INFO - Started process (PID=526) to work on /home/airflow/.local/lib/python3.12/site-packages/airflow/example_dags/example_branch_day_of_week_operator.py
[2026-06-10T22:19:25.975+0000] {processor.py:830} INFO - Processing file /home/airflow/.local/lib/python3.12/site-packages/airflow/example_dags/example_branch_day_of_week_operator.py for tasks to queue
[2026-06-10T22:19:25.978+0000] {logging_mixin.py:188} INFO - [2026-06-10T22:19:25.978+0000] {dagbag.py:545} INFO - Filling up the DagBag from /home/airflow/.local/lib/python3.12/site-packages/airflow/example_dags/example_branch_day_of_week_operator.py
[2026-06-10T22:19:25.995+0000] {processor.py:840} INFO - DAG(s) 'example_weekday_branch_operator' retrieved from /home/airflow/.local/lib/python3.12/site-packages/airflow/example_dags/example_branch_day_of_week_operator.py
[2026-06-10T22:19:26.023+0000] {logging_mixin.py:188} INFO - [2026-06-10T22:19:26.023+0000] {dag.py:3096} INFO - Sync 1 DAGs
[2026-06-10T22:19:26.056+0000] {logging_mixin.py:188} INFO - [2026-06-10T22:19:26.056+0000] {dag.py:3954} INFO - Setting next_dagrun for example_weekday_branch_operator to 2026-06-09 00:00:00+00:00, run_after=2026-06-10 00:00:00+00:00
[2026-06-10T22:19:26.104+0000] {processor.py:183} INFO - Processing /home/airflow/.local/lib/python3.12/site-packages/airflow/example_dags/example_branch_day_of_week_operator.py took 0.147 seconds
[2026-06-10T22:19:56.621+0000] {processor.py:161} INFO - Started process (PID=586) to work on /home/airflow/.local/lib/python3.12/site-packages/airflow/example_dags/example_branch_day_of_week_operator.py
[2026-06-10T22:19:56.622+0000] {processor.py:830} INFO - Processing file /home/airflow/.local/lib/python3.12/site-packages/airflow/example_dags/example_branch_day_of_week_operator.py for tasks to queue
[2026-06-10T22:19:56.624+0000] {logging_mixin.py:188} INFO - [2026-06-10T22:19:56.624+0000] {dagbag.py:545} INFO - Filling up the DagBag from /home/airflow/.local/lib/python3.12/site-packages/airflow/example_dags/example_branch_day_of_week_operator.py
[2026-06-10T22:19:56.634+0000] {processor.py:840} INFO - DAG(s) 'example_weekday_branch_operator' retrieved from /home/airflow/.local/lib/python3.12/site-packages/airflow/example_dags/example_branch_day_of_week_operator.py
[2026-06-10T22:19:56.660+0000] {logging_mixin.py:188} INFO - [2026-06-10T22:19:56.660+0000] {dag.py:3096} INFO - Sync 1 DAGs
[2026-06-10T22:19:56.690+0000] {logging_mixin.py:188} INFO - [2026-06-10T22:19:56.689+0000] {dag.py:3954} INFO - Setting next_dagrun for example_weekday_branch_operator to 2026-06-09 00:00:00+00:00, run_after=2026-06-10 00:00:00+00:00
[2026-06-10T22:19:56.717+0000] {processor.py:183} INFO - Processing /home/airflow/.local/lib/python3.12/site-packages/airflow/example_dags/example_branch_day_of_week_operator.py took 0.103 seconds
[2026-06-10T22:20:26.836+0000] {processor.py:161} INFO - Started process (PID=646) to work on /home/airflow/.local/lib/python3.12/site-packages/airflow/example_dags/example_branch_day_of_week_operator.py
[2026-06-10T22:20:26.837+0000] {processor.py:830} INFO - Processing file /home/airflow/.local/lib/python3.12/site-packages/airflow/example_dags/example_branch_day_of_week_operator.py for tasks to queue
[2026-06-10T22:20:26.839+0000] {logging_mixin.py:188} INFO - [2026-06-10T22:20:26.839+0000] {dagbag.py:545} INFO - Filling up the DagBag from /home/airflow/.local/lib/python3.12/site-packages/airflow/example_dags/example_branch_day_of_week_operator.py
[2026-06-10T22:20:26.846+0000] {processor.py:840} INFO - DAG(s) 'example_weekday_branch_operator' retrieved from /home/airflow/.local/lib/python3.12/site-packages/airflow/example_dags/example_branch_day_of_week_operator.py
[2026-06-10T22:20:26.865+0000] {logging_mixin.py:188} INFO - [2026-06-10T22:20:26.865+0000] {dag.py:3096} INFO - Sync 1 DAGs
[2026-06-10T22:20:26.886+0000] {logging_mixin.py:188} INFO - [2026-06-10T22:20:26.886+0000] {dag.py:3954} INFO - Setting next_dagrun for example_weekday_branch_operator to 2026-06-09 00:00:00+00:00, run_after=2026-06-10 00:00:00+00:00
[2026-06-10T22:20:26.902+0000] {processor.py:183} INFO - Processing /home/airflow/.local/lib/python3.12/site-packages/airflow/example_dags/example_branch_day_of_week_operator.py took 0.071 seconds
[2026-06-10T22:20:57.225+0000] {processor.py:161} INFO - Started process (PID=706) to work on /home/airflow/.local/lib/python3.12/site-packages/airflow/example_dags/example_branch_day_of_week_operator.py
[2026-06-10T22:20:57.228+0000] {processor.py:830} INFO - Processing file /home/airflow/.local/lib/python3.12/site-packages/airflow/example_dags/example_branch_day_of_week_operator.py for tasks to queue
[2026-06-10T22:20:57.230+0000] {logging_mixin.py:188} INFO - [2026-06-10T22:20:57.230+0000] {dagbag.py:545} INFO - Filling up the DagBag from /home/airflow/.local/lib/python3.12/site-packages/airflow/example_dags/example_branch_day_of_week_operator.py
[2026-06-10T22:20:57.244+0000] {processor.py:840} INFO - DAG(s) 'example_weekday_branch_operator' retrieved from /home/airflow/.local/lib/python3.12/site-packages/airflow/example_dags/example_branch_day_of_week_operator.py
[2026-06-10T22:20:57.281+0000] {logging_mixin.py:188} INFO - [2026-06-10T22:20:57.281+0000] {dag.py:3096} INFO - Sync 1 DAGs
[2026-06-10T22:20:57.318+0000] {logging_mixin.py:188} INFO - [2026-06-10T22:20:57.318+0000] {dag.py:3954} INFO - Setting next_dagrun for example_weekday_branch_operator to 2026-06-09 00:00:00+00:00, run_after=2026-06-10 00:00:00+00:00
[2026-06-10T22:20:57.344+0000] {processor.py:183} INFO - Processing /home/airflow/.local/lib/python3.12/site-packages/airflow/example_dags/example_branch_day_of_week_operator.py took 0.128 seconds
[2026-06-10T22:21:27.544+0000] {processor.py:161} INFO - Started process (PID=766) to work on /home/airflow/.local/lib/python3.12/site-packages/airflow/example_dags/example_branch_day_of_week_operator.py
[2026-06-10T22:21:27.547+0000] {processor.py:830} INFO - Processing file /home/airflow/.local/lib/python3.12/site-packages/airflow/example_dags/example_branch_day_of_week_operator.py for tasks to queue
[2026-06-10T22:21:27.551+0000] {logging_mixin.py:188} INFO - [2026-06-10T22:21:27.548+0000] {dagbag.py:545} INFO - Filling up the DagBag from /home/airflow/.local/lib/python3.12/site-packages/airflow/example_dags/example_branch_day_of_week_operator.py
[2026-06-10T22:21:27.559+0000] {processor.py:840} INFO - DAG(s) 'example_weekday_branch_operator' retrieved from /home/airflow/.local/lib/python3.12/site-packages/airflow/example_dags/example_branch_day_of_week_operator.py
[2026-06-10T22:21:27.577+0000] {logging_mixin.py:188} INFO - [2026-06-10T22:21:27.577+0000] {dag.py:3096} INFO - Sync 1 DAGs
[2026-06-10T22:21:27.597+0000] {logging_mixin.py:188} INFO - [2026-06-10T22:21:27.597+0000] {dag.py:3954} INFO - Setting next_dagrun for example_weekday_branch_operator to 2026-06-09 00:00:00+00:00, run_after=2026-06-10 00:00:00+00:00
[2026-06-10T22:21:27.613+0000] {processor.py:183} INFO - Processing /home/airflow/.local/lib/python3.12/site-packages/airflow/example_dags/example_branch_day_of_week_operator.py took 0.076 seconds
[2026-06-10T22:21:57.970+0000] {processor.py:161} INFO - Started process (PID=826) to work on /home/airflow/.local/lib/python3.12/site-packages/airflow/example_dags/example_branch_day_of_week_operator.py
[2026-06-10T22:21:57.971+0000] {processor.py:830} INFO - Processing file /home/airflow/.local/lib/python3.12/site-packages/airflow/example_dags/example_branch_day_of_week_operator.py for tasks to queue
[2026-06-10T22:21:57.973+0000] {logging_mixin.py:188} INFO - [2026-06-10T22:21:57.973+0000] {dagbag.py:545} INFO - Filling up the DagBag from /home/airflow/.local/lib/python3.12/site-packages/airflow/example_dags/example_branch_day_of_week_operator.py
[2026-06-10T22:21:57.982+0000] {processor.py:840} INFO - DAG(s) 'example_weekday_branch_operator' retrieved from /home/airflow/.local/lib/python3.12/site-packages/airflow/example_dags/example_branch_day_of_week_operator.py
[2026-06-10T22:21:58.000+0000] {logging_mixin.py:188} INFO - [2026-06-10T22:21:58.000+0000] {dag.py:3096} INFO - Sync 1 DAGs
[2026-06-10T22:21:58.020+0000] {logging_mixin.py:188} INFO - [2026-06-10T22:21:58.020+0000] {dag.py:3954} INFO - Setting next_dagrun for example_weekday_branch_operator to 2026-06-09 00:00:00+00:00, run_after=2026-06-10 00:00:00+00:00
[2026-06-10T22:21:58.036+0000] {processor.py:183} INFO - Processing /home/airflow/.local/lib/python3.12/site-packages/airflow/example_dags/example_branch_day_of_week_operator.py took 0.072 seconds
[2026-06-10T22:22:28.357+0000] {processor.py:161} INFO - Started process (PID=885) to work on /home/airflow/.local/lib/python3.12/site-packages/airflow/example_dags/example_branch_day_of_week_operator.py
[2026-06-10T22:22:28.357+0000] {processor.py:830} INFO - Processing file /home/airflow/.local/lib/python3.12/site-packages/airflow/example_dags/example_branch_day_of_week_operator.py for tasks to queue
[2026-06-10T22:22:28.359+0000] {logging_mixin.py:188} INFO - [2026-06-10T22:22:28.359+0000] {dagbag.py:545} INFO - Filling up the DagBag from /home/airflow/.local/lib/python3.12/site-packages/airflow/example_dags/example_branch_day_of_week_operator.py
[2026-06-10T22:22:28.370+0000] {processor.py:840} INFO - DAG(s) 'example_weekday_branch_operator' retrieved from /home/airflow/.local/lib/python3.12/site-packages/airflow/example_dags/example_branch_day_of_week_operator.py
[2026-06-10T22:22:28.398+0000] {logging_mixin.py:188} INFO - [2026-06-10T22:22:28.397+0000] {dag.py:3096} INFO - Sync 1 DAGs
[2026-06-10T22:22:28.420+0000] {logging_mixin.py:188} INFO - [2026-06-10T22:22:28.420+0000] {dag.py:3954} INFO - Setting next_dagrun for example_weekday_branch_operator to 2026-06-09 00:00:00+00:00, run_after=2026-06-10 00:00:00+00:00
[2026-06-10T22:22:28.435+0000] {processor.py:183} INFO - Processing /home/airflow/.local/lib/python3.12/site-packages/airflow/example_dags/example_branch_day_of_week_operator.py took 0.086 seconds
[2026-06-10T22:22:59.151+0000] {processor.py:161} INFO - Started process (PID=945) to work on /home/airflow/.local/lib/python3.12/site-packages/airflow/example_dags/example_branch_day_of_week_operator.py
[2026-06-10T22:22:59.152+0000] {processor.py:830} INFO - Processing file /home/airflow/.local/lib/python3.12/site-packages/airflow/example_dags/example_branch_day_of_week_operator.py for tasks to queue
[2026-06-10T22:22:59.153+0000] {logging_mixin.py:188} INFO - [2026-06-10T22:22:59.153+0000] {dagbag.py:545} INFO - Filling up the DagBag from /home/airflow/.local/lib/python3.12/site-packages/airflow/example_dags/example_branch_day_of_week_operator.py
[2026-06-10T22:22:59.160+0000] {processor.py:840} INFO - DAG(s) 'example_weekday_branch_operator' retrieved from /home/airflow/.local/lib/python3.12/site-packages/airflow/example_dags/example_branch_day_of_week_operator.py
[2026-06-10T22:22:59.182+0000] {logging_mixin.py:188} INFO - [2026-06-10T22:22:59.182+0000] {dag.py:3096} INFO - Sync 1 DAGs
[2026-06-10T22:22:59.202+0000] {logging_mixin.py:188} INFO - [2026-06-10T22:22:59.202+0000] {dag.py:3954} INFO - Setting next_dagrun for example_weekday_branch_operator to 2026-06-09 00:00:00+00:00, run_after=2026-06-10 00:00:00+00:00
[2026-06-10T22:22:59.218+0000] {processor.py:183} INFO - Processing /home/airflow/.local/lib/python3.12/site-packages/airflow/example_dags/example_branch_day_of_week_operator.py took 0.073 seconds
[2026-06-10T22:23:29.988+0000] {processor.py:161} INFO - Started process (PID=1004) to work on /home/airflow/.local/lib/python3.12/site-packages/airflow/example_dags/example_branch_day_of_week_operator.py
[2026-06-10T22:23:29.989+0000] {processor.py:830} INFO - Processing file /home/airflow/.local/lib/python3.12/site-packages/airflow/example_dags/example_branch_day_of_week_operator.py for tasks to queue
[2026-06-10T22:23:29.991+0000] {logging_mixin.py:188} INFO - [2026-06-10T22:23:29.991+0000] {dagbag.py:545} INFO - Filling up the DagBag from /home/airflow/.local/lib/python3.12/site-packages/airflow/example_dags/example_branch_day_of_week_operator.py
[2026-06-10T22:23:29.999+0000] {processor.py:840} INFO - DAG(s) 'example_weekday_branch_operator' retrieved from /home/airflow/.local/lib/python3.12/site-packages/airflow/example_dags/example_branch_day_of_week_operator.py
[2026-06-10T22:23:30.024+0000] {logging_mixin.py:188} INFO - [2026-06-10T22:23:30.024+0000] {dag.py:3096} INFO - Sync 1 DAGs
[2026-06-10T22:23:30.071+0000] {logging_mixin.py:188} INFO - [2026-06-10T22:23:30.071+0000] {dag.py:3954} INFO - Setting next_dagrun for example_weekday_branch_operator to 2026-06-09 00:00:00+00:00, run_after=2026-06-10 00:00:00+00:00
[2026-06-10T22:23:30.097+0000] {processor.py:183} INFO - Processing /home/airflow/.local/lib/python3.12/site-packages/airflow/example_dags/example_branch_day_of_week_operator.py took 0.116 seconds
[2026-06-10T22:24:00.819+0000] {processor.py:161} INFO - Started process (PID=1064) to work on /home/airflow/.local/lib/python3.12/site-packages/airflow/example_dags/example_branch_day_of_week_operator.py
[2026-06-10T22:24:00.820+0000] {processor.py:830} INFO - Processing file /home/airflow/.local/lib/python3.12/site-packages/airflow/example_dags/example_branch_day_of_week_operator.py for tasks to queue
[2026-06-10T22:24:00.822+0000] {logging_mixin.py:188} INFO - [2026-06-10T22:24:00.822+0000] {dagbag.py:545} INFO - Filling up the DagBag from /home/airflow/.local/lib/python3.12/site-packages/airflow/example_dags/example_branch_day_of_week_operator.py
[2026-06-10T22:24:00.833+0000] {processor.py:840} INFO - DAG(s) 'example_weekday_branch_operator' retrieved from /home/airflow/.local/lib/python3.12/site-packages/airflow/example_dags/example_branch_day_of_week_operator.py
[2026-06-10T22:24:00.856+0000] {logging_mixin.py:188} INFO - [2026-06-10T22:24:00.856+0000] {dag.py:3096} INFO - Sync 1 DAGs
[2026-06-10T22:24:00.878+0000] {logging_mixin.py:188} INFO - [2026-06-10T22:24:00.877+0000] {dag.py:3954} INFO - Setting next_dagrun for example_weekday_branch_operator to 2026-06-09 00:00:00+00:00, run_after=2026-06-10 00:00:00+00:00
[2026-06-10T22:24:00.894+0000] {processor.py:183} INFO - Processing /home/airflow/.local/lib/python3.12/site-packages/airflow/example_dags/example_branch_day_of_week_operator.py took 0.082 seconds
[2026-06-10T22:24:31.439+0000] {processor.py:161} INFO - Started process (PID=1124) to work on /home/airflow/.local/lib/python3.12/site-packages/airflow/example_dags/example_branch_day_of_week_operator.py
[2026-06-10T22:24:31.442+0000] {processor.py:830} INFO - Processing file /home/airflow/.local/lib/python3.12/site-packages/airflow/example_dags/example_branch_day_of_week_operator.py for tasks to queue
[2026-06-10T22:24:31.449+0000] {logging_mixin.py:188} INFO - [2026-06-10T22:24:31.449+0000] {dagbag.py:545} INFO - Filling up the DagBag from /home/airflow/.local/lib/python3.12/site-packages/airflow/example_dags/example_branch_day_of_week_operator.py
[2026-06-10T22:24:31.503+0000] {processor.py:840} INFO - DAG(s) 'example_weekday_branch_operator' retrieved from /home/airflow/.local/lib/python3.12/site-packages/airflow/example_dags/example_branch_day_of_week_operator.py
[2026-06-10T22:24:31.668+0000] {logging_mixin.py:188} INFO - [2026-06-10T22:24:31.667+0000] {dag.py:3096} INFO - Sync 1 DAGs
[2026-06-10T22:24:31.837+0000] {logging_mixin.py:188} INFO - [2026-06-10T22:24:31.837+0000] {dag.py:3954} INFO - Setting next_dagrun for example_weekday_branch_operator to 2026-06-09 00:00:00+00:00, run_after=2026-06-10 00:00:00+00:00
[2026-06-10T22:24:31.922+0000] {processor.py:183} INFO - Processing /home/airflow/.local/lib/python3.12/site-packages/airflow/example_dags/example_branch_day_of_week_operator.py took 0.508 seconds
[2026-06-10T22:25:02.111+0000] {processor.py:161} INFO - Started process (PID=1184) to work on /home/airflow/.local/lib/python3.12/site-packages/airflow/example_dags/example_branch_day_of_week_operator.py
[2026-06-10T22:25:02.117+0000] {processor.py:830} INFO - Processing file /home/airflow/.local/lib/python3.12/site-packages/airflow/example_dags/example_branch_day_of_week_operator.py for tasks to queue
[2026-06-10T22:25:02.121+0000] {logging_mixin.py:188} INFO - [2026-06-10T22:25:02.121+0000] {dagbag.py:545} INFO - Filling up the DagBag from /home/airflow/.local/lib/python3.12/site-packages/airflow/example_dags/example_branch_day_of_week_operator.py
[2026-06-10T22:25:02.148+0000] {processor.py:840} INFO - DAG(s) 'example_weekday_branch_operator' retrieved from /home/airflow/.local/lib/python3.12/site-packages/airflow/example_dags/example_branch_day_of_week_operator.py
[2026-06-10T22:25:02.178+0000] {logging_mixin.py:188} INFO - [2026-06-10T22:25:02.177+0000] {dag.py:3096} INFO - Sync 1 DAGs
[2026-06-10T22:25:02.211+0000] {logging_mixin.py:188} INFO - [2026-06-10T22:25:02.210+0000] {dag.py:3954} INFO - Setting next_dagrun for example_weekday_branch_operator to 2026-06-09 00:00:00+00:00, run_after=2026-06-10 00:00:00+00:00
[2026-06-10T22:25:02.233+0000] {processor.py:183} INFO - Processing /home/airflow/.local/lib/python3.12/site-packages/airflow/example_dags/example_branch_day_of_week_operator.py took 0.139 seconds
[2026-06-10T22:25:32.606+0000] {processor.py:161} INFO - Started process (PID=1244) to work on /home/airflow/.local/lib/python3.12/site-packages/airflow/example_dags/example_branch_day_of_week_operator.py
[2026-06-10T22:25:32.607+0000] {processor.py:830} INFO - Processing file /home/airflow/.local/lib/python3.12/site-packages/airflow/example_dags/example_branch_day_of_week_operator.py for tasks to queue
[2026-06-10T22:25:32.610+0000] {logging_mixin.py:188} INFO - [2026-06-10T22:25:32.610+0000] {dagbag.py:545} INFO - Filling up the DagBag from /home/airflow/.local/lib/python3.12/site-packages/airflow/example_dags/example_branch_day_of_week_operator.py
[2026-06-10T22:25:32.619+0000] {processor.py:840} INFO - DAG(s) 'example_weekday_branch_operator' retrieved from /home/airflow/.local/lib/python3.12/site-packages/airflow/example_dags/example_branch_day_of_week_operator.py
[2026-06-10T22:25:32.638+0000] {logging_mixin.py:188} INFO - [2026-06-10T22:25:32.638+0000] {dag.py:3096} INFO - Sync 1 DAGs
[2026-06-10T22:25:32.658+0000] {logging_mixin.py:188} INFO - [2026-06-10T22:25:32.658+0000] {dag.py:3954} INFO - Setting next_dagrun for example_weekday_branch_operator to 2026-06-09 00:00:00+00:00, run_after=2026-06-10 00:00:00+00:00
[2026-06-10T22:25:32.674+0000] {processor.py:183} INFO - Processing /home/airflow/.local/lib/python3.12/site-packages/airflow/example_dags/example_branch_day_of_week_operator.py took 0.075 seconds
[2026-06-10T22:26:03.373+0000] {processor.py:161} INFO - Started process (PID=1305) to work on /home/airflow/.local/lib/python3.12/site-packages/airflow/example_dags/example_branch_day_of_week_operator.py
[2026-06-10T22:26:03.374+0000] {processor.py:830} INFO - Processing file /home/airflow/.local/lib/python3.12/site-packages/airflow/example_dags/example_branch_day_of_week_operator.py for tasks to queue
[2026-06-10T22:26:03.376+0000] {logging_mixin.py:188} INFO - [2026-06-10T22:26:03.375+0000] {dagbag.py:545} INFO - Filling up the DagBag from /home/airflow/.local/lib/python3.12/site-packages/airflow/example_dags/example_branch_day_of_week_operator.py
[2026-06-10T22:26:03.386+0000] {processor.py:840} INFO - DAG(s) 'example_weekday_branch_operator' retrieved from /home/airflow/.local/lib/python3.12/site-packages/airflow/example_dags/example_branch_day_of_week_operator.py
[2026-06-10T22:26:03.405+0000] {logging_mixin.py:188} INFO - [2026-06-10T22:26:03.405+0000] {dag.py:3096} INFO - Sync 1 DAGs
[2026-06-10T22:26:03.428+0000] {logging_mixin.py:188} INFO - [2026-06-10T22:26:03.427+0000] {dag.py:3954} INFO - Setting next_dagrun for example_weekday_branch_operator to 2026-06-09 00:00:00+00:00, run_after=2026-06-10 00:00:00+00:00
[2026-06-10T22:26:03.443+0000] {processor.py:183} INFO - Processing /home/airflow/.local/lib/python3.12/site-packages/airflow/example_dags/example_branch_day_of_week_operator.py took 0.077 seconds
[2026-06-10T22:26:34.647+0000] {processor.py:161} INFO - Started process (PID=1366) to work on /home/airflow/.local/lib/python3.12/site-packages/airflow/example_dags/example_branch_day_of_week_operator.py
[2026-06-10T22:26:34.650+0000] {processor.py:830} INFO - Processing file /home/airflow/.local/lib/python3.12/site-packages/airflow/example_dags/example_branch_day_of_week_operator.py for tasks to queue
[2026-06-10T22:26:34.653+0000] {logging_mixin.py:188} INFO - [2026-06-10T22:26:34.653+0000] {dagbag.py:545} INFO - Filling up the DagBag from /home/airflow/.local/lib/python3.12/site-packages/airflow/example_dags/example_branch_day_of_week_operator.py
[2026-06-10T22:26:34.675+0000] {processor.py:840} INFO - DAG(s) 'example_weekday_branch_operator' retrieved from /home/airflow/.local/lib/python3.12/site-packages/airflow/example_dags/example_branch_day_of_week_operator.py
[2026-06-10T22:26:34.782+0000] {logging_mixin.py:188} INFO - [2026-06-10T22:26:34.782+0000] {dag.py:3096} INFO - Sync 1 DAGs
[2026-06-10T22:26:34.855+0000] {logging_mixin.py:188} INFO - [2026-06-10T22:26:34.853+0000] {dag.py:3954} INFO - Setting next_dagrun for example_weekday_branch_operator to 2026-06-09 00:00:00+00:00, run_after=2026-06-10 00:00:00+00:00
[2026-06-10T22:26:34.899+0000] {processor.py:183} INFO - Processing /home/airflow/.local/lib/python3.12/site-packages/airflow/example_dags/example_branch_day_of_week_operator.py took 0.274 seconds
[2026-06-10T22:27:05.167+0000] {processor.py:161} INFO - Started process (PID=1427) to work on /home/airflow/.local/lib/python3.12/site-packages/airflow/example_dags/example_branch_day_of_week_operator.py
[2026-06-10T22:27:05.170+0000] {processor.py:830} INFO - Processing file /home/airflow/.local/lib/python3.12/site-packages/airflow/example_dags/example_branch_day_of_week_operator.py for tasks to queue
[2026-06-10T22:27:05.173+0000] {logging_mixin.py:188} INFO - [2026-06-10T22:27:05.172+0000] {dagbag.py:545} INFO - Filling up the DagBag from /home/airflow/.local/lib/python3.12/site-packages/airflow/example_dags/example_branch_day_of_week_operator.py
[2026-06-10T22:27:05.187+0000] {processor.py:840} INFO - DAG(s) 'example_weekday_branch_operator' retrieved from /home/airflow/.local/lib/python3.12/site-packages/airflow/example_dags/example_branch_day_of_week_operator.py
[2026-06-10T22:27:05.222+0000] {logging_mixin.py:188} INFO - [2026-06-10T22:27:05.221+0000] {dag.py:3096} INFO - Sync 1 DAGs
[2026-06-10T22:27:05.263+0000] {logging_mixin.py:188} INFO - [2026-06-10T22:27:05.263+0000] {dag.py:3954} INFO - Setting next_dagrun for example_weekday_branch_operator to 2026-06-09 00:00:00+00:00, run_after=2026-06-10 00:00:00+00:00
[2026-06-10T22:27:05.283+0000] {processor.py:183} INFO - Processing /home/airflow/.local/lib/python3.12/site-packages/airflow/example_dags/example_branch_day_of_week_operator.py took 0.123 seconds
[2026-06-10T22:27:36.024+0000] {processor.py:161} INFO - Started process (PID=1488) to work on /home/airflow/.local/lib/python3.12/site-packages/airflow/example_dags/example_branch_day_of_week_operator.py
[2026-06-10T22:27:36.025+0000] {processor.py:830} INFO - Processing file /home/airflow/.local/lib/python3.12/site-packages/airflow/example_dags/example_branch_day_of_week_operator.py for tasks to queue
[2026-06-10T22:27:36.027+0000] {logging_mixin.py:188} INFO - [2026-06-10T22:27:36.026+0000] {dagbag.py:545} INFO - Filling up the DagBag from /home/airflow/.local/lib/python3.12/site-packages/airflow/example_dags/example_branch_day_of_week_operator.py
[2026-06-10T22:27:36.037+0000] {processor.py:840} INFO - DAG(s) 'example_weekday_branch_operator' retrieved from /home/airflow/.local/lib/python3.12/site-packages/airflow/example_dags/example_branch_day_of_week_operator.py
[2026-06-10T22:27:36.064+0000] {logging_mixin.py:188} INFO - [2026-06-10T22:27:36.064+0000] {dag.py:3096} INFO - Sync 1 DAGs
[2026-06-10T22:27:36.095+0000] {logging_mixin.py:188} INFO - [2026-06-10T22:27:36.094+0000] {dag.py:3954} INFO - Setting next_dagrun for example_weekday_branch_operator to 2026-06-09 00:00:00+00:00, run_after=2026-06-10 00:00:00+00:00
[2026-06-10T22:27:36.114+0000] {processor.py:183} INFO - Processing /home/airflow/.local/lib/python3.12/site-packages/airflow/example_dags/example_branch_day_of_week_operator.py took 0.097 seconds
[2026-06-10T22:28:06.846+0000] {processor.py:161} INFO - Started process (PID=1549) to work on /home/airflow/.local/lib/python3.12/site-packages/airflow/example_dags/example_branch_day_of_week_operator.py
[2026-06-10T22:28:06.847+0000] {processor.py:830} INFO - Processing file /home/airflow/.local/lib/python3.12/site-packages/airflow/example_dags/example_branch_day_of_week_operator.py for tasks to queue
[2026-06-10T22:28:06.849+0000] {logging_mixin.py:188} INFO - [2026-06-10T22:28:06.849+0000] {dagbag.py:545} INFO - Filling up the DagBag from /home/airflow/.local/lib/python3.12/site-packages/airflow/example_dags/example_branch_day_of_week_operator.py
[2026-06-10T22:28:06.863+0000] {processor.py:840} INFO - DAG(s) 'example_weekday_branch_operator' retrieved from /home/airflow/.local/lib/python3.12/site-packages/airflow/example_dags/example_branch_day_of_week_operator.py
[2026-06-10T22:28:06.915+0000] {logging_mixin.py:188} INFO - [2026-06-10T22:28:06.914+0000] {dag.py:3096} INFO - Sync 1 DAGs
[2026-06-10T22:28:06.948+0000] {logging_mixin.py:188} INFO - [2026-06-10T22:28:06.948+0000] {dag.py:3954} INFO - Setting next_dagrun for example_weekday_branch_operator to 2026-06-09 00:00:00+00:00, run_after=2026-06-10 00:00:00+00:00
[2026-06-10T22:28:06.969+0000] {processor.py:183} INFO - Processing /home/airflow/.local/lib/python3.12/site-packages/airflow/example_dags/example_branch_day_of_week_operator.py took 0.135 seconds
[2026-06-10T22:28:37.592+0000] {processor.py:161} INFO - Started process (PID=1610) to work on /home/airflow/.local/lib/python3.12/site-packages/airflow/example_dags/example_branch_day_of_week_operator.py
[2026-06-10T22:28:37.593+0000] {processor.py:830} INFO - Processing file /home/airflow/.local/lib/python3.12/site-packages/airflow/example_dags/example_branch_day_of_week_operator.py for tasks to queue
[2026-06-10T22:28:37.595+0000] {logging_mixin.py:188} INFO - [2026-06-10T22:28:37.594+0000] {dagbag.py:545} INFO - Filling up the DagBag from /home/airflow/.local/lib/python3.12/site-packages/airflow/example_dags/example_branch_day_of_week_operator.py
[2026-06-10T22:28:37.603+0000] {processor.py:840} INFO - DAG(s) 'example_weekday_branch_operator' retrieved from /home/airflow/.local/lib/python3.12/site-packages/airflow/example_dags/example_branch_day_of_week_operator.py
[2026-06-10T22:28:37.627+0000] {logging_mixin.py:188} INFO - [2026-06-10T22:28:37.627+0000] {dag.py:3096} INFO - Sync 1 DAGs
[2026-06-10T22:28:37.660+0000] {logging_mixin.py:188} INFO - [2026-06-10T22:28:37.659+0000] {dag.py:3954} INFO - Setting next_dagrun for example_weekday_branch_operator to 2026-06-09 00:00:00+00:00, run_after=2026-06-10 00:00:00+00:00
[2026-06-10T22:28:37.919+0000] {processor.py:183} INFO - Processing /home/airflow/.local/lib/python3.12/site-packages/airflow/example_dags/example_branch_day_of_week_operator.py took 0.333 seconds
[2026-06-10T22:29:08.320+0000] {processor.py:161} INFO - Started process (PID=1672) to work on /home/airflow/.local/lib/python3.12/site-packages/airflow/example_dags/example_branch_day_of_week_operator.py
[2026-06-10T22:29:08.321+0000] {processor.py:830} INFO - Processing file /home/airflow/.local/lib/python3.12/site-packages/airflow/example_dags/example_branch_day_of_week_operator.py for tasks to queue
[2026-06-10T22:29:08.327+0000] {logging_mixin.py:188} INFO - [2026-06-10T22:29:08.326+0000] {dagbag.py:545} INFO - Filling up the DagBag from /home/airflow/.local/lib/python3.12/site-packages/airflow/example_dags/example_branch_day_of_week_operator.py
[2026-06-10T22:29:08.351+0000] {processor.py:840} INFO - DAG(s) 'example_weekday_branch_operator' retrieved from /home/airflow/.local/lib/python3.12/site-packages/airflow/example_dags/example_branch_day_of_week_operator.py
[2026-06-10T22:29:08.402+0000] {logging_mixin.py:188} INFO - [2026-06-10T22:29:08.402+0000] {dag.py:3096} INFO - Sync 1 DAGs
[2026-06-10T22:29:08.833+0000] {logging_mixin.py:188} INFO - [2026-06-10T22:29:08.832+0000] {dag.py:3954} INFO - Setting next_dagrun for example_weekday_branch_operator to 2026-06-09 00:00:00+00:00, run_after=2026-06-10 00:00:00+00:00
[2026-06-10T22:29:08.865+0000] {processor.py:183} INFO - Processing /home/airflow/.local/lib/python3.12/site-packages/airflow/example_dags/example_branch_day_of_week_operator.py took 0.563 seconds
[2026-06-10T22:29:39.277+0000] {processor.py:161} INFO - Started process (PID=1733) to work on /home/airflow/.local/lib/python3.12/site-packages/airflow/example_dags/example_branch_day_of_week_operator.py
[2026-06-10T22:29:39.278+0000] {processor.py:830} INFO - Processing file /home/airflow/.local/lib/python3.12/site-packages/airflow/example_dags/example_branch_day_of_week_operator.py for tasks to queue
[2026-06-10T22:29:39.280+0000] {logging_mixin.py:188} INFO - [2026-06-10T22:29:39.279+0000] {dagbag.py:545} INFO - Filling up the DagBag from /home/airflow/.local/lib/python3.12/site-packages/airflow/example_dags/example_branch_day_of_week_operator.py
[2026-06-10T22:29:39.301+0000] {processor.py:840} INFO - DAG(s) 'example_weekday_branch_operator' retrieved from /home/airflow/.local/lib/python3.12/site-packages/airflow/example_dags/example_branch_day_of_week_operator.py
[2026-06-10T22:29:39.326+0000] {logging_mixin.py:188} INFO - [2026-06-10T22:29:39.326+0000] {dag.py:3096} INFO - Sync 1 DAGs
[2026-06-10T22:29:39.579+0000] {logging_mixin.py:188} INFO - [2026-06-10T22:29:39.579+0000] {dag.py:3954} INFO - Setting next_dagrun for example_weekday_branch_operator to 2026-06-09 00:00:00+00:00, run_after=2026-06-10 00:00:00+00:00
[2026-06-10T22:29:39.599+0000] {processor.py:183} INFO - Processing /home/airflow/.local/lib/python3.12/site-packages/airflow/example_dags/example_branch_day_of_week_operator.py took 0.329 seconds
[2026-06-10T22:30:10.497+0000] {processor.py:161} INFO - Started process (PID=1801) to work on /home/airflow/.local/lib/python3.12/site-packages/airflow/example_dags/example_branch_day_of_week_operator.py
[2026-06-10T22:30:10.500+0000] {processor.py:830} INFO - Processing file /home/airflow/.local/lib/python3.12/site-packages/airflow/example_dags/example_branch_day_of_week_operator.py for tasks to queue
[2026-06-10T22:30:10.507+0000] {logging_mixin.py:188} INFO - [2026-06-10T22:30:10.507+0000] {dagbag.py:545} INFO - Filling up the DagBag from /home/airflow/.local/lib/python3.12/site-packages/airflow/example_dags/example_branch_day_of_week_operator.py
[2026-06-10T22:30:10.529+0000] {processor.py:840} INFO - DAG(s) 'example_weekday_branch_operator' retrieved from /home/airflow/.local/lib/python3.12/site-packages/airflow/example_dags/example_branch_day_of_week_operator.py
[2026-06-10T22:30:10.589+0000] {logging_mixin.py:188} INFO - [2026-06-10T22:30:10.589+0000] {dag.py:3096} INFO - Sync 1 DAGs
[2026-06-10T22:30:10.674+0000] {logging_mixin.py:188} INFO - [2026-06-10T22:30:10.673+0000] {dag.py:3954} INFO - Setting next_dagrun for example_weekday_branch_operator to 2026-06-09 00:00:00+00:00, run_after=2026-06-10 00:00:00+00:00
[2026-06-10T22:30:10.723+0000] {processor.py:183} INFO - Processing /home/airflow/.local/lib/python3.12/site-packages/airflow/example_dags/example_branch_day_of_week_operator.py took 0.241 seconds
[2026-06-10T22:30:41.307+0000] {processor.py:161} INFO - Started process (PID=1862) to work on /home/airflow/.local/lib/python3.12/site-packages/airflow/example_dags/example_branch_day_of_week_operator.py
[2026-06-10T22:30:41.308+0000] {processor.py:830} INFO - Processing file /home/airflow/.local/lib/python3.12/site-packages/airflow/example_dags/example_branch_day_of_week_operator.py for tasks to queue
[2026-06-10T22:30:41.310+0000] {logging_mixin.py:188} INFO - [2026-06-10T22:30:41.310+0000] {dagbag.py:545} INFO - Filling up the DagBag from /home/airflow/.local/lib/python3.12/site-packages/airflow/example_dags/example_branch_day_of_week_operator.py
[2026-06-10T22:30:41.320+0000] {processor.py:840} INFO - DAG(s) 'example_weekday_branch_operator' retrieved from /home/airflow/.local/lib/python3.12/site-packages/airflow/example_dags/example_branch_day_of_week_operator.py
[2026-06-10T22:30:41.346+0000] {logging_mixin.py:188} INFO - [2026-06-10T22:30:41.346+0000] {dag.py:3096} INFO - Sync 1 DAGs
[2026-06-10T22:30:41.377+0000] {logging_mixin.py:188} INFO - [2026-06-10T22:30:41.377+0000] {dag.py:3954} INFO - Setting next_dagrun for example_weekday_branch_operator to 2026-06-09 00:00:00+00:00, run_after=2026-06-10 00:00:00+00:00
[2026-06-10T22:30:41.397+0000] {processor.py:183} INFO - Processing /home/airflow/.local/lib/python3.12/site-packages/airflow/example_dags/example_branch_day_of_week_operator.py took 0.105 seconds
[2026-06-10T22:31:12.295+0000] {processor.py:161} INFO - Started process (PID=1923) to work on /home/airflow/.local/lib/python3.12/site-packages/airflow/example_dags/example_branch_day_of_week_operator.py
[2026-06-10T22:31:12.295+0000] {processor.py:830} INFO - Processing file /home/airflow/.local/lib/python3.12/site-packages/airflow/example_dags/example_branch_day_of_week_operator.py for tasks to queue
[2026-06-10T22:31:12.298+0000] {logging_mixin.py:188} INFO - [2026-06-10T22:31:12.298+0000] {dagbag.py:545} INFO - Filling up the DagBag from /home/airflow/.local/lib/python3.12/site-packages/airflow/example_dags/example_branch_day_of_week_operator.py
[2026-06-10T22:31:12.307+0000] {processor.py:840} INFO - DAG(s) 'example_weekday_branch_operator' retrieved from /home/airflow/.local/lib/python3.12/site-packages/airflow/example_dags/example_branch_day_of_week_operator.py
[2026-06-10T22:31:12.336+0000] {logging_mixin.py:188} INFO - [2026-06-10T22:31:12.335+0000] {dag.py:3096} INFO - Sync 1 DAGs
[2026-06-10T22:31:12.366+0000] {logging_mixin.py:188} INFO - [2026-06-10T22:31:12.365+0000] {dag.py:3954} INFO - Setting next_dagrun for example_weekday_branch_operator to 2026-06-09 00:00:00+00:00, run_after=2026-06-10 00:00:00+00:00
[2026-06-10T22:31:12.385+0000] {processor.py:183} INFO - Processing /home/airflow/.local/lib/python3.12/site-packages/airflow/example_dags/example_branch_day_of_week_operator.py took 0.097 seconds
[2026-06-10T22:31:42.846+0000] {processor.py:161} INFO - Started process (PID=1984) to work on /home/airflow/.local/lib/python3.12/site-packages/airflow/example_dags/example_branch_day_of_week_operator.py
[2026-06-10T22:31:42.848+0000] {processor.py:830} INFO - Processing file /home/airflow/.local/lib/python3.12/site-packages/airflow/example_dags/example_branch_day_of_week_operator.py for tasks to queue
[2026-06-10T22:31:42.853+0000] {logging_mixin.py:188} INFO - [2026-06-10T22:31:42.853+0000] {dagbag.py:545} INFO - Filling up the DagBag from /home/airflow/.local/lib/python3.12/site-packages/airflow/example_dags/example_branch_day_of_week_operator.py
[2026-06-10T22:31:42.889+0000] {processor.py:840} INFO - DAG(s) 'example_weekday_branch_operator' retrieved from /home/airflow/.local/lib/python3.12/site-packages/airflow/example_dags/example_branch_day_of_week_operator.py
[2026-06-10T22:31:42.920+0000] {logging_mixin.py:188} INFO - [2026-06-10T22:31:42.920+0000] {dag.py:3096} INFO - Sync 1 DAGs
[2026-06-10T22:31:42.964+0000] {logging_mixin.py:188} INFO - [2026-06-10T22:31:42.963+0000] {dag.py:3954} INFO - Setting next_dagrun for example_weekday_branch_operator to 2026-06-09 00:00:00+00:00, run_after=2026-06-10 00:00:00+00:00
[2026-06-10T22:31:43.014+0000] {processor.py:183} INFO - Processing /home/airflow/.local/lib/python3.12/site-packages/airflow/example_dags/example_branch_day_of_week_operator.py took 0.195 seconds
[2026-06-10T22:32:13.309+0000] {processor.py:161} INFO - Started process (PID=2045) to work on /home/airflow/.local/lib/python3.12/site-packages/airflow/example_dags/example_branch_day_of_week_operator.py
[2026-06-10T22:32:13.312+0000] {processor.py:830} INFO - Processing file /home/airflow/.local/lib/python3.12/site-packages/airflow/example_dags/example_branch_day_of_week_operator.py for tasks to queue
[2026-06-10T22:32:13.316+0000] {logging_mixin.py:188} INFO - [2026-06-10T22:32:13.316+0000] {dagbag.py:545} INFO - Filling up the DagBag from /home/airflow/.local/lib/python3.12/site-packages/airflow/example_dags/example_branch_day_of_week_operator.py
[2026-06-10T22:32:13.328+0000] {processor.py:840} INFO - DAG(s) 'example_weekday_branch_operator' retrieved from /home/airflow/.local/lib/python3.12/site-packages/airflow/example_dags/example_branch_day_of_week_operator.py
[2026-06-10T22:32:13.370+0000] {logging_mixin.py:188} INFO - [2026-06-10T22:32:13.368+0000] {dag.py:3096} INFO - Sync 1 DAGs
[2026-06-10T22:32:13.403+0000] {logging_mixin.py:188} INFO - [2026-06-10T22:32:13.403+0000] {dag.py:3954} INFO - Setting next_dagrun for example_weekday_branch_operator to 2026-06-09 00:00:00+00:00, run_after=2026-06-10 00:00:00+00:00
[2026-06-10T22:32:13.423+0000] {processor.py:183} INFO - Processing /home/airflow/.local/lib/python3.12/site-packages/airflow/example_dags/example_branch_day_of_week_operator.py took 0.130 seconds
[2026-06-10T22:32:43.947+0000] {processor.py:161} INFO - Started process (PID=2105) to work on /home/airflow/.local/lib/python3.12/site-packages/airflow/example_dags/example_branch_day_of_week_operator.py
[2026-06-10T22:32:43.950+0000] {processor.py:830} INFO - Processing file /home/airflow/.local/lib/python3.12/site-packages/airflow/example_dags/example_branch_day_of_week_operator.py for tasks to queue
[2026-06-10T22:32:43.954+0000] {logging_mixin.py:188} INFO - [2026-06-10T22:32:43.954+0000] {dagbag.py:545} INFO - Filling up the DagBag from /home/airflow/.local/lib/python3.12/site-packages/airflow/example_dags/example_branch_day_of_week_operator.py
[2026-06-10T22:32:43.977+0000] {processor.py:840} INFO - DAG(s) 'example_weekday_branch_operator' retrieved from /home/airflow/.local/lib/python3.12/site-packages/airflow/example_dags/example_branch_day_of_week_operator.py
[2026-06-10T22:32:44.003+0000] {logging_mixin.py:188} INFO - [2026-06-10T22:32:44.002+0000] {dag.py:3096} INFO - Sync 1 DAGs
[2026-06-10T22:32:44.032+0000] {logging_mixin.py:188} INFO - [2026-06-10T22:32:44.031+0000] {dag.py:3954} INFO - Setting next_dagrun for example_weekday_branch_operator to 2026-06-09 00:00:00+00:00, run_after=2026-06-10 00:00:00+00:00
[2026-06-10T22:32:44.056+0000] {processor.py:183} INFO - Processing /home/airflow/.local/lib/python3.12/site-packages/airflow/example_dags/example_branch_day_of_week_operator.py took 0.124 seconds
[2026-06-10T22:33:14.703+0000] {processor.py:161} INFO - Started process (PID=2166) to work on /home/airflow/.local/lib/python3.12/site-packages/airflow/example_dags/example_branch_day_of_week_operator.py
[2026-06-10T22:33:14.706+0000] {processor.py:830} INFO - Processing file /home/airflow/.local/lib/python3.12/site-packages/airflow/example_dags/example_branch_day_of_week_operator.py for tasks to queue
[2026-06-10T22:33:14.711+0000] {logging_mixin.py:188} INFO - [2026-06-10T22:33:14.710+0000] {dagbag.py:545} INFO - Filling up the DagBag from /home/airflow/.local/lib/python3.12/site-packages/airflow/example_dags/example_branch_day_of_week_operator.py
[2026-06-10T22:33:14.727+0000] {processor.py:840} INFO - DAG(s) 'example_weekday_branch_operator' retrieved from /home/airflow/.local/lib/python3.12/site-packages/airflow/example_dags/example_branch_day_of_week_operator.py
[2026-06-10T22:33:14.752+0000] {logging_mixin.py:188} INFO - [2026-06-10T22:33:14.752+0000] {dag.py:3096} INFO - Sync 1 DAGs
[2026-06-10T22:33:14.792+0000] {logging_mixin.py:188} INFO - [2026-06-10T22:33:14.791+0000] {dag.py:3954} INFO - Setting next_dagrun for example_weekday_branch_operator to 2026-06-09 00:00:00+00:00, run_after=2026-06-10 00:00:00+00:00
[2026-06-10T22:33:14.851+0000] {processor.py:183} INFO - Processing /home/airflow/.local/lib/python3.12/site-packages/airflow/example_dags/example_branch_day_of_week_operator.py took 0.163 seconds
[2026-06-10T22:33:45.344+0000] {processor.py:161} INFO - Started process (PID=2227) to work on /home/airflow/.local/lib/python3.12/site-packages/airflow/example_dags/example_branch_day_of_week_operator.py
[2026-06-10T22:33:45.344+0000] {processor.py:830} INFO - Processing file /home/airflow/.local/lib/python3.12/site-packages/airflow/example_dags/example_branch_day_of_week_operator.py for tasks to queue
[2026-06-10T22:33:45.347+0000] {logging_mixin.py:188} INFO - [2026-06-10T22:33:45.347+0000] {dagbag.py:545} INFO - Filling up the DagBag from /home/airflow/.local/lib/python3.12/site-packages/airflow/example_dags/example_branch_day_of_week_operator.py
[2026-06-10T22:33:45.365+0000] {processor.py:840} INFO - DAG(s) 'example_weekday_branch_operator' retrieved from /home/airflow/.local/lib/python3.12/site-packages/airflow/example_dags/example_branch_day_of_week_operator.py
[2026-06-10T22:33:45.441+0000] {logging_mixin.py:188} INFO - [2026-06-10T22:33:45.441+0000] {dag.py:3096} INFO - Sync 1 DAGs
[2026-06-10T22:33:45.561+0000] {logging_mixin.py:188} INFO - [2026-06-10T22:33:45.561+0000] {dag.py:3954} INFO - Setting next_dagrun for example_weekday_branch_operator to 2026-06-09 00:00:00+00:00, run_after=2026-06-10 00:00:00+00:00
[2026-06-10T22:33:45.635+0000] {processor.py:183} INFO - Processing /home/airflow/.local/lib/python3.12/site-packages/airflow/example_dags/example_branch_day_of_week_operator.py took 0.299 seconds
[2026-06-10T22:34:15.979+0000] {processor.py:161} INFO - Started process (PID=2288) to work on /home/airflow/.local/lib/python3.12/site-packages/airflow/example_dags/example_branch_day_of_week_operator.py
[2026-06-10T22:34:15.984+0000] {processor.py:830} INFO - Processing file /home/airflow/.local/lib/python3.12/site-packages/airflow/example_dags/example_branch_day_of_week_operator.py for tasks to queue
[2026-06-10T22:34:15.991+0000] {logging_mixin.py:188} INFO - [2026-06-10T22:34:15.989+0000] {dagbag.py:545} INFO - Filling up the DagBag from /home/airflow/.local/lib/python3.12/site-packages/airflow/example_dags/example_branch_day_of_week_operator.py
[2026-06-10T22:34:16.019+0000] {processor.py:840} INFO - DAG(s) 'example_weekday_branch_operator' retrieved from /home/airflow/.local/lib/python3.12/site-packages/airflow/example_dags/example_branch_day_of_week_operator.py
[2026-06-10T22:34:16.069+0000] {logging_mixin.py:188} INFO - [2026-06-10T22:34:16.069+0000] {dag.py:3096} INFO - Sync 1 DAGs
[2026-06-10T22:34:16.100+0000] {logging_mixin.py:188} INFO - [2026-06-10T22:34:16.099+0000] {dag.py:3954} INFO - Setting next_dagrun for example_weekday_branch_operator to 2026-06-09 00:00:00+00:00, run_after=2026-06-10 00:00:00+00:00
[2026-06-10T22:34:16.132+0000] {processor.py:183} INFO - Processing /home/airflow/.local/lib/python3.12/site-packages/airflow/example_dags/example_branch_day_of_week_operator.py took 0.170 seconds
[2026-06-10T22:34:46.450+0000] {processor.py:161} INFO - Started process (PID=2349) to work on /home/airflow/.local/lib/python3.12/site-packages/airflow/example_dags/example_branch_day_of_week_operator.py
[2026-06-10T22:34:46.450+0000] {processor.py:830} INFO - Processing file /home/airflow/.local/lib/python3.12/site-packages/airflow/example_dags/example_branch_day_of_week_operator.py for tasks to queue
[2026-06-10T22:34:46.453+0000] {logging_mixin.py:188} INFO - [2026-06-10T22:34:46.453+0000] {dagbag.py:545} INFO - Filling up the DagBag from /home/airflow/.local/lib/python3.12/site-packages/airflow/example_dags/example_branch_day_of_week_operator.py
[2026-06-10T22:34:46.462+0000] {processor.py:840} INFO - DAG(s) 'example_weekday_branch_operator' retrieved from /home/airflow/.local/lib/python3.12/site-packages/airflow/example_dags/example_branch_day_of_week_operator.py
[2026-06-10T22:34:46.491+0000] {logging_mixin.py:188} INFO - [2026-06-10T22:34:46.490+0000] {dag.py:3096} INFO - Sync 1 DAGs
[2026-06-10T22:34:46.529+0000] {logging_mixin.py:188} INFO - [2026-06-10T22:34:46.529+0000] {dag.py:3954} INFO - Setting next_dagrun for example_weekday_branch_operator to 2026-06-09 00:00:00+00:00, run_after=2026-06-10 00:00:00+00:00
[2026-06-10T22:34:46.566+0000] {processor.py:183} INFO - Processing /home/airflow/.local/lib/python3.12/site-packages/airflow/example_dags/example_branch_day_of_week_operator.py took 0.124 seconds
[2026-06-10T22:35:16.993+0000] {processor.py:161} INFO - Started process (PID=2409) to work on /home/airflow/.local/lib/python3.12/site-packages/airflow/example_dags/example_branch_day_of_week_operator.py
[2026-06-10T22:35:16.993+0000] {processor.py:830} INFO - Processing file /home/airflow/.local/lib/python3.12/site-packages/airflow/example_dags/example_branch_day_of_week_operator.py for tasks to queue
[2026-06-10T22:35:16.997+0000] {logging_mixin.py:188} INFO - [2026-06-10T22:35:16.996+0000] {dagbag.py:545} INFO - Filling up the DagBag from /home/airflow/.local/lib/python3.12/site-packages/airflow/example_dags/example_branch_day_of_week_operator.py
[2026-06-10T22:35:17.016+0000] {processor.py:840} INFO - DAG(s) 'example_weekday_branch_operator' retrieved from /home/airflow/.local/lib/python3.12/site-packages/airflow/example_dags/example_branch_day_of_week_operator.py
[2026-06-10T22:35:17.045+0000] {logging_mixin.py:188} INFO - [2026-06-10T22:35:17.045+0000] {dag.py:3096} INFO - Sync 1 DAGs
[2026-06-10T22:35:17.073+0000] {logging_mixin.py:188} INFO - [2026-06-10T22:35:17.073+0000] {dag.py:3954} INFO - Setting next_dagrun for example_weekday_branch_operator to 2026-06-09 00:00:00+00:00, run_after=2026-06-10 00:00:00+00:00
[2026-06-10T22:35:17.099+0000] {processor.py:183} INFO - Processing /home/airflow/.local/lib/python3.12/site-packages/airflow/example_dags/example_branch_day_of_week_operator.py took 0.126 seconds
[2026-06-10T22:35:47.895+0000] {processor.py:161} INFO - Started process (PID=2470) to work on /home/airflow/.local/lib/python3.12/site-packages/airflow/example_dags/example_branch_day_of_week_operator.py
[2026-06-10T22:35:47.910+0000] {processor.py:830} INFO - Processing file /home/airflow/.local/lib/python3.12/site-packages/airflow/example_dags/example_branch_day_of_week_operator.py for tasks to queue
[2026-06-10T22:35:47.914+0000] {logging_mixin.py:188} INFO - [2026-06-10T22:35:47.914+0000] {dagbag.py:545} INFO - Filling up the DagBag from /home/airflow/.local/lib/python3.12/site-packages/airflow/example_dags/example_branch_day_of_week_operator.py
[2026-06-10T22:35:47.956+0000] {processor.py:840} INFO - DAG(s) 'example_weekday_branch_operator' retrieved from /home/airflow/.local/lib/python3.12/site-packages/airflow/example_dags/example_branch_day_of_week_operator.py
[2026-06-10T22:35:48.029+0000] {logging_mixin.py:188} INFO - [2026-06-10T22:35:48.029+0000] {dag.py:3096} INFO - Sync 1 DAGs
[2026-06-10T22:35:48.156+0000] {logging_mixin.py:188} INFO - [2026-06-10T22:35:48.156+0000] {dag.py:3954} INFO - Setting next_dagrun for example_weekday_branch_operator to 2026-06-09 00:00:00+00:00, run_after=2026-06-10 00:00:00+00:00
[2026-06-10T22:35:48.231+0000] {processor.py:183} INFO - Processing /home/airflow/.local/lib/python3.12/site-packages/airflow/example_dags/example_branch_day_of_week_operator.py took 0.365 seconds
[2026-06-10T22:36:18.568+0000] {processor.py:161} INFO - Started process (PID=2530) to work on /home/airflow/.local/lib/python3.12/site-packages/airflow/example_dags/example_branch_day_of_week_operator.py
[2026-06-10T22:36:18.568+0000] {processor.py:830} INFO - Processing file /home/airflow/.local/lib/python3.12/site-packages/airflow/example_dags/example_branch_day_of_week_operator.py for tasks to queue
[2026-06-10T22:36:18.570+0000] {logging_mixin.py:188} INFO - [2026-06-10T22:36:18.570+0000] {dagbag.py:545} INFO - Filling up the DagBag from /home/airflow/.local/lib/python3.12/site-packages/airflow/example_dags/example_branch_day_of_week_operator.py
[2026-06-10T22:36:18.577+0000] {processor.py:840} INFO - DAG(s) 'example_weekday_branch_operator' retrieved from /home/airflow/.local/lib/python3.12/site-packages/airflow/example_dags/example_branch_day_of_week_operator.py
[2026-06-10T22:36:18.604+0000] {logging_mixin.py:188} INFO - [2026-06-10T22:36:18.604+0000] {dag.py:3096} INFO - Sync 1 DAGs
[2026-06-10T22:36:18.625+0000] {logging_mixin.py:188} INFO - [2026-06-10T22:36:18.625+0000] {dag.py:3954} INFO - Setting next_dagrun for example_weekday_branch_operator to 2026-06-09 00:00:00+00:00, run_after=2026-06-10 00:00:00+00:00
[2026-06-10T22:36:18.641+0000] {processor.py:183} INFO - Processing /home/airflow/.local/lib/python3.12/site-packages/airflow/example_dags/example_branch_day_of_week_operator.py took 0.078 seconds
[2026-06-10T22:36:49.481+0000] {processor.py:161} INFO - Started process (PID=2591) to work on /home/airflow/.local/lib/python3.12/site-packages/airflow/example_dags/example_branch_day_of_week_operator.py
[2026-06-10T22:36:49.482+0000] {processor.py:830} INFO - Processing file /home/airflow/.local/lib/python3.12/site-packages/airflow/example_dags/example_branch_day_of_week_operator.py for tasks to queue
[2026-06-10T22:36:49.484+0000] {logging_mixin.py:188} INFO - [2026-06-10T22:36:49.483+0000] {dagbag.py:545} INFO - Filling up the DagBag from /home/airflow/.local/lib/python3.12/site-packages/airflow/example_dags/example_branch_day_of_week_operator.py
[2026-06-10T22:36:49.490+0000] {processor.py:840} INFO - DAG(s) 'example_weekday_branch_operator' retrieved from /home/airflow/.local/lib/python3.12/site-packages/airflow/example_dags/example_branch_day_of_week_operator.py
[2026-06-10T22:36:49.508+0000] {logging_mixin.py:188} INFO - [2026-06-10T22:36:49.508+0000] {dag.py:3096} INFO - Sync 1 DAGs
[2026-06-10T22:36:49.528+0000] {logging_mixin.py:188} INFO - [2026-06-10T22:36:49.528+0000] {dag.py:3954} INFO - Setting next_dagrun for example_weekday_branch_operator to 2026-06-09 00:00:00+00:00, run_after=2026-06-10 00:00:00+00:00
[2026-06-10T22:36:49.544+0000] {processor.py:183} INFO - Processing /home/airflow/.local/lib/python3.12/site-packages/airflow/example_dags/example_branch_day_of_week_operator.py took 0.068 seconds
[2026-06-10T22:37:19.913+0000] {processor.py:161} INFO - Started process (PID=2651) to work on /home/airflow/.local/lib/python3.12/site-packages/airflow/example_dags/example_branch_day_of_week_operator.py
[2026-06-10T22:37:19.914+0000] {processor.py:830} INFO - Processing file /home/airflow/.local/lib/python3.12/site-packages/airflow/example_dags/example_branch_day_of_week_operator.py for tasks to queue
[2026-06-10T22:37:19.916+0000] {logging_mixin.py:188} INFO - [2026-06-10T22:37:19.916+0000] {dagbag.py:545} INFO - Filling up the DagBag from /home/airflow/.local/lib/python3.12/site-packages/airflow/example_dags/example_branch_day_of_week_operator.py
[2026-06-10T22:37:19.922+0000] {processor.py:840} INFO - DAG(s) 'example_weekday_branch_operator' retrieved from /home/airflow/.local/lib/python3.12/site-packages/airflow/example_dags/example_branch_day_of_week_operator.py
[2026-06-10T22:37:19.941+0000] {logging_mixin.py:188} INFO - [2026-06-10T22:37:19.940+0000] {dag.py:3096} INFO - Sync 1 DAGs
[2026-06-10T22:37:19.960+0000] {logging_mixin.py:188} INFO - [2026-06-10T22:37:19.960+0000] {dag.py:3954} INFO - Setting next_dagrun for example_weekday_branch_operator to 2026-06-09 00:00:00+00:00, run_after=2026-06-10 00:00:00+00:00
[2026-06-10T22:37:19.976+0000] {processor.py:183} INFO - Processing /home/airflow/.local/lib/python3.12/site-packages/airflow/example_dags/example_branch_day_of_week_operator.py took 0.068 seconds
[2026-06-10T22:37:50.409+0000] {processor.py:161} INFO - Started process (PID=2712) to work on /home/airflow/.local/lib/python3.12/site-packages/airflow/example_dags/example_branch_day_of_week_operator.py
[2026-06-10T22:37:50.410+0000] {processor.py:830} INFO - Processing file /home/airflow/.local/lib/python3.12/site-packages/airflow/example_dags/example_branch_day_of_week_operator.py for tasks to queue
[2026-06-10T22:37:50.412+0000] {logging_mixin.py:188} INFO - [2026-06-10T22:37:50.412+0000] {dagbag.py:545} INFO - Filling up the DagBag from /home/airflow/.local/lib/python3.12/site-packages/airflow/example_dags/example_branch_day_of_week_operator.py
[2026-06-10T22:37:50.427+0000] {processor.py:840} INFO - DAG(s) 'example_weekday_branch_operator' retrieved from /home/airflow/.local/lib/python3.12/site-packages/airflow/example_dags/example_branch_day_of_week_operator.py
[2026-06-10T22:37:50.479+0000] {logging_mixin.py:188} INFO - [2026-06-10T22:37:50.477+0000] {dag.py:3096} INFO - Sync 1 DAGs
[2026-06-10T22:37:50.535+0000] {logging_mixin.py:188} INFO - [2026-06-10T22:37:50.534+0000] {dag.py:3954} INFO - Setting next_dagrun for example_weekday_branch_operator to 2026-06-09 00:00:00+00:00, run_after=2026-06-10 00:00:00+00:00
[2026-06-10T22:37:50.589+0000] {processor.py:183} INFO - Processing /home/airflow/.local/lib/python3.12/site-packages/airflow/example_dags/example_branch_day_of_week_operator.py took 0.189 seconds
[2026-06-10T22:38:21.559+0000] {processor.py:161} INFO - Started process (PID=2773) to work on /home/airflow/.local/lib/python3.12/site-packages/airflow/example_dags/example_branch_day_of_week_operator.py
[2026-06-10T22:38:21.560+0000] {processor.py:830} INFO - Processing file /home/airflow/.local/lib/python3.12/site-packages/airflow/example_dags/example_branch_day_of_week_operator.py for tasks to queue
[2026-06-10T22:38:21.566+0000] {logging_mixin.py:188} INFO - [2026-06-10T22:38:21.566+0000] {dagbag.py:545} INFO - Filling up the DagBag from /home/airflow/.local/lib/python3.12/site-packages/airflow/example_dags/example_branch_day_of_week_operator.py
[2026-06-10T22:38:21.588+0000] {processor.py:840} INFO - DAG(s) 'example_weekday_branch_operator' retrieved from /home/airflow/.local/lib/python3.12/site-packages/airflow/example_dags/example_branch_day_of_week_operator.py
[2026-06-10T22:38:21.683+0000] {logging_mixin.py:188} INFO - [2026-06-10T22:38:21.683+0000] {dag.py:3096} INFO - Sync 1 DAGs
[2026-06-10T22:38:21.770+0000] {logging_mixin.py:188} INFO - [2026-06-10T22:38:21.770+0000] {dag.py:3954} INFO - Setting next_dagrun for example_weekday_branch_operator to 2026-06-09 00:00:00+00:00, run_after=2026-06-10 00:00:00+00:00
[2026-06-10T22:38:21.855+0000] {processor.py:183} INFO - Processing /home/airflow/.local/lib/python3.12/site-packages/airflow/example_dags/example_branch_day_of_week_operator.py took 0.304 seconds
[2026-06-10T22:38:52.486+0000] {processor.py:161} INFO - Started process (PID=2834) to work on /home/airflow/.local/lib/python3.12/site-packages/airflow/example_dags/example_branch_day_of_week_operator.py
[2026-06-10T22:38:52.487+0000] {processor.py:830} INFO - Processing file /home/airflow/.local/lib/python3.12/site-packages/airflow/example_dags/example_branch_day_of_week_operator.py for tasks to queue
[2026-06-10T22:38:52.489+0000] {logging_mixin.py:188} INFO - [2026-06-10T22:38:52.488+0000] {dagbag.py:545} INFO - Filling up the DagBag from /home/airflow/.local/lib/python3.12/site-packages/airflow/example_dags/example_branch_day_of_week_operator.py
[2026-06-10T22:38:52.499+0000] {processor.py:840} INFO - DAG(s) 'example_weekday_branch_operator' retrieved from /home/airflow/.local/lib/python3.12/site-packages/airflow/example_dags/example_branch_day_of_week_operator.py
[2026-06-10T22:38:52.533+0000] {logging_mixin.py:188} INFO - [2026-06-10T22:38:52.533+0000] {dag.py:3096} INFO - Sync 1 DAGs
[2026-06-10T22:38:52.571+0000] {logging_mixin.py:188} INFO - [2026-06-10T22:38:52.571+0000] {dag.py:3954} INFO - Setting next_dagrun for example_weekday_branch_operator to 2026-06-09 00:00:00+00:00, run_after=2026-06-10 00:00:00+00:00
[2026-06-10T22:38:52.598+0000] {processor.py:183} INFO - Processing /home/airflow/.local/lib/python3.12/site-packages/airflow/example_dags/example_branch_day_of_week_operator.py took 0.119 seconds
[2026-06-10T22:39:22.795+0000] {processor.py:161} INFO - Started process (PID=2895) to work on /home/airflow/.local/lib/python3.12/site-packages/airflow/example_dags/example_branch_day_of_week_operator.py
[2026-06-10T22:39:22.816+0000] {processor.py:830} INFO - Processing file /home/airflow/.local/lib/python3.12/site-packages/airflow/example_dags/example_branch_day_of_week_operator.py for tasks to queue
[2026-06-10T22:39:22.820+0000] {logging_mixin.py:188} INFO - [2026-06-10T22:39:22.820+0000] {dagbag.py:545} INFO - Filling up the DagBag from /home/airflow/.local/lib/python3.12/site-packages/airflow/example_dags/example_branch_day_of_week_operator.py
[2026-06-10T22:39:22.843+0000] {processor.py:840} INFO - DAG(s) 'example_weekday_branch_operator' retrieved from /home/airflow/.local/lib/python3.12/site-packages/airflow/example_dags/example_branch_day_of_week_operator.py
[2026-06-10T22:39:22.895+0000] {logging_mixin.py:188} INFO - [2026-06-10T22:39:22.895+0000] {dag.py:3096} INFO - Sync 1 DAGs
[2026-06-10T22:39:22.935+0000] {logging_mixin.py:188} INFO - [2026-06-10T22:39:22.935+0000] {dag.py:3954} INFO - Setting next_dagrun for example_weekday_branch_operator to 2026-06-09 00:00:00+00:00, run_after=2026-06-10 00:00:00+00:00
[2026-06-10T22:39:22.955+0000] {processor.py:183} INFO - Processing /home/airflow/.local/lib/python3.12/site-packages/airflow/example_dags/example_branch_day_of_week_operator.py took 0.168 seconds
[2026-06-10T22:39:53.944+0000] {processor.py:161} INFO - Started process (PID=2956) to work on /home/airflow/.local/lib/python3.12/site-packages/airflow/example_dags/example_branch_day_of_week_operator.py
[2026-06-10T22:39:53.945+0000] {processor.py:830} INFO - Processing file /home/airflow/.local/lib/python3.12/site-packages/airflow/example_dags/example_branch_day_of_week_operator.py for tasks to queue
[2026-06-10T22:39:53.949+0000] {logging_mixin.py:188} INFO - [2026-06-10T22:39:53.949+0000] {dagbag.py:545} INFO - Filling up the DagBag from /home/airflow/.local/lib/python3.12/site-packages/airflow/example_dags/example_branch_day_of_week_operator.py
[2026-06-10T22:39:53.961+0000] {processor.py:840} INFO - DAG(s) 'example_weekday_branch_operator' retrieved from /home/airflow/.local/lib/python3.12/site-packages/airflow/example_dags/example_branch_day_of_week_operator.py
[2026-06-10T22:39:53.989+0000] {logging_mixin.py:188} INFO - [2026-06-10T22:39:53.989+0000] {dag.py:3096} INFO - Sync 1 DAGs
[2026-06-10T22:39:54.018+0000] {logging_mixin.py:188} INFO - [2026-06-10T22:39:54.018+0000] {dag.py:3954} INFO - Setting next_dagrun for example_weekday_branch_operator to 2026-06-09 00:00:00+00:00, run_after=2026-06-10 00:00:00+00:00
[2026-06-10T22:39:54.040+0000] {processor.py:183} INFO - Processing /home/airflow/.local/lib/python3.12/site-packages/airflow/example_dags/example_branch_day_of_week_operator.py took 0.102 seconds
[2026-06-10T22:40:24.820+0000] {processor.py:161} INFO - Started process (PID=3017) to work on /home/airflow/.local/lib/python3.12/site-packages/airflow/example_dags/example_branch_day_of_week_operator.py
[2026-06-10T22:40:24.822+0000] {processor.py:830} INFO - Processing file /home/airflow/.local/lib/python3.12/site-packages/airflow/example_dags/example_branch_day_of_week_operator.py for tasks to queue
[2026-06-10T22:40:24.825+0000] {logging_mixin.py:188} INFO - [2026-06-10T22:40:24.824+0000] {dagbag.py:545} INFO - Filling up the DagBag from /home/airflow/.local/lib/python3.12/site-packages/airflow/example_dags/example_branch_day_of_week_operator.py
[2026-06-10T22:40:24.847+0000] {processor.py:840} INFO - DAG(s) 'example_weekday_branch_operator' retrieved from /home/airflow/.local/lib/python3.12/site-packages/airflow/example_dags/example_branch_day_of_week_operator.py
[2026-06-10T22:40:24.883+0000] {logging_mixin.py:188} INFO - [2026-06-10T22:40:24.883+0000] {dag.py:3096} INFO - Sync 1 DAGs
[2026-06-10T22:40:24.913+0000] {logging_mixin.py:188} INFO - [2026-06-10T22:40:24.913+0000] {dag.py:3954} INFO - Setting next_dagrun for example_weekday_branch_operator to 2026-06-09 00:00:00+00:00, run_after=2026-06-10 00:00:00+00:00
[2026-06-10T22:40:24.937+0000] {processor.py:183} INFO - Processing /home/airflow/.local/lib/python3.12/site-packages/airflow/example_dags/example_branch_day_of_week_operator.py took 0.133 seconds
[2026-06-10T22:40:55.581+0000] {processor.py:161} INFO - Started process (PID=3078) to work on /home/airflow/.local/lib/python3.12/site-packages/airflow/example_dags/example_branch_day_of_week_operator.py
[2026-06-10T22:40:55.583+0000] {processor.py:830} INFO - Processing file /home/airflow/.local/lib/python3.12/site-packages/airflow/example_dags/example_branch_day_of_week_operator.py for tasks to queue
[2026-06-10T22:40:55.585+0000] {logging_mixin.py:188} INFO - [2026-06-10T22:40:55.584+0000] {dagbag.py:545} INFO - Filling up the DagBag from /home/airflow/.local/lib/python3.12/site-packages/airflow/example_dags/example_branch_day_of_week_operator.py
[2026-06-10T22:40:55.596+0000] {processor.py:840} INFO - DAG(s) 'example_weekday_branch_operator' retrieved from /home/airflow/.local/lib/python3.12/site-packages/airflow/example_dags/example_branch_day_of_week_operator.py
[2026-06-10T22:40:55.631+0000] {logging_mixin.py:188} INFO - [2026-06-10T22:40:55.631+0000] {dag.py:3096} INFO - Sync 1 DAGs
[2026-06-10T22:40:55.728+0000] {logging_mixin.py:188} INFO - [2026-06-10T22:40:55.727+0000] {dag.py:3954} INFO - Setting next_dagrun for example_weekday_branch_operator to 2026-06-09 00:00:00+00:00, run_after=2026-06-10 00:00:00+00:00
[2026-06-10T22:40:55.787+0000] {processor.py:183} INFO - Processing /home/airflow/.local/lib/python3.12/site-packages/airflow/example_dags/example_branch_day_of_week_operator.py took 0.214 seconds
[2026-06-10T22:41:25.921+0000] {processor.py:161} INFO - Started process (PID=3137) to work on /home/airflow/.local/lib/python3.12/site-packages/airflow/example_dags/example_branch_day_of_week_operator.py
[2026-06-10T22:41:25.921+0000] {processor.py:830} INFO - Processing file /home/airflow/.local/lib/python3.12/site-packages/airflow/example_dags/example_branch_day_of_week_operator.py for tasks to queue
[2026-06-10T22:41:25.923+0000] {logging_mixin.py:188} INFO - [2026-06-10T22:41:25.922+0000] {dagbag.py:545} INFO - Filling up the DagBag from /home/airflow/.local/lib/python3.12/site-packages/airflow/example_dags/example_branch_day_of_week_operator.py
[2026-06-10T22:41:25.932+0000] {processor.py:840} INFO - DAG(s) 'example_weekday_branch_operator' retrieved from /home/airflow/.local/lib/python3.12/site-packages/airflow/example_dags/example_branch_day_of_week_operator.py
[2026-06-10T22:41:25.951+0000] {logging_mixin.py:188} INFO - [2026-06-10T22:41:25.950+0000] {dag.py:3096} INFO - Sync 1 DAGs
[2026-06-10T22:41:25.976+0000] {logging_mixin.py:188} INFO - [2026-06-10T22:41:25.976+0000] {dag.py:3954} INFO - Setting next_dagrun for example_weekday_branch_operator to 2026-06-09 00:00:00+00:00, run_after=2026-06-10 00:00:00+00:00
[2026-06-10T22:41:26.002+0000] {processor.py:183} INFO - Processing /home/airflow/.local/lib/python3.12/site-packages/airflow/example_dags/example_branch_day_of_week_operator.py took 0.087 seconds
[2026-06-10T22:41:56.608+0000] {processor.py:161} INFO - Started process (PID=3198) to work on /home/airflow/.local/lib/python3.12/site-packages/airflow/example_dags/example_branch_day_of_week_operator.py
[2026-06-10T22:41:56.609+0000] {processor.py:830} INFO - Processing file /home/airflow/.local/lib/python3.12/site-packages/airflow/example_dags/example_branch_day_of_week_operator.py for tasks to queue
[2026-06-10T22:41:56.611+0000] {logging_mixin.py:188} INFO - [2026-06-10T22:41:56.611+0000] {dagbag.py:545} INFO - Filling up the DagBag from /home/airflow/.local/lib/python3.12/site-packages/airflow/example_dags/example_branch_day_of_week_operator.py
[2026-06-10T22:41:56.618+0000] {processor.py:840} INFO - DAG(s) 'example_weekday_branch_operator' retrieved from /home/airflow/.local/lib/python3.12/site-packages/airflow/example_dags/example_branch_day_of_week_operator.py
[2026-06-10T22:41:56.636+0000] {logging_mixin.py:188} INFO - [2026-06-10T22:41:56.636+0000] {dag.py:3096} INFO - Sync 1 DAGs
[2026-06-10T22:41:56.656+0000] {logging_mixin.py:188} INFO - [2026-06-10T22:41:56.656+0000] {dag.py:3954} INFO - Setting next_dagrun for example_weekday_branch_operator to 2026-06-09 00:00:00+00:00, run_after=2026-06-10 00:00:00+00:00
[2026-06-10T22:41:56.715+0000] {processor.py:183} INFO - Processing /home/airflow/.local/lib/python3.12/site-packages/airflow/example_dags/example_branch_day_of_week_operator.py took 0.112 seconds
[2026-06-10T22:42:27.349+0000] {processor.py:161} INFO - Started process (PID=3259) to work on /home/airflow/.local/lib/python3.12/site-packages/airflow/example_dags/example_branch_day_of_week_operator.py
[2026-06-10T22:42:27.351+0000] {processor.py:830} INFO - Processing file /home/airflow/.local/lib/python3.12/site-packages/airflow/example_dags/example_branch_day_of_week_operator.py for tasks to queue
[2026-06-10T22:42:27.354+0000] {logging_mixin.py:188} INFO - [2026-06-10T22:42:27.353+0000] {dagbag.py:545} INFO - Filling up the DagBag from /home/airflow/.local/lib/python3.12/site-packages/airflow/example_dags/example_branch_day_of_week_operator.py
[2026-06-10T22:42:27.364+0000] {processor.py:840} INFO - DAG(s) 'example_weekday_branch_operator' retrieved from /home/airflow/.local/lib/python3.12/site-packages/airflow/example_dags/example_branch_day_of_week_operator.py
[2026-06-10T22:42:27.405+0000] {logging_mixin.py:188} INFO - [2026-06-10T22:42:27.404+0000] {dag.py:3096} INFO - Sync 1 DAGs
[2026-06-10T22:42:27.437+0000] {logging_mixin.py:188} INFO - [2026-06-10T22:42:27.437+0000] {dag.py:3954} INFO - Setting next_dagrun for example_weekday_branch_operator to 2026-06-09 00:00:00+00:00, run_after=2026-06-10 00:00:00+00:00
[2026-06-10T22:42:27.464+0000] {processor.py:183} INFO - Processing /home/airflow/.local/lib/python3.12/site-packages/airflow/example_dags/example_branch_day_of_week_operator.py took 0.123 seconds
[2026-06-10T22:42:58.057+0000] {processor.py:161} INFO - Started process (PID=3319) to work on /home/airflow/.local/lib/python3.12/site-packages/airflow/example_dags/example_branch_day_of_week_operator.py
[2026-06-10T22:42:58.059+0000] {processor.py:830} INFO - Processing file /home/airflow/.local/lib/python3.12/site-packages/airflow/example_dags/example_branch_day_of_week_operator.py for tasks to queue
[2026-06-10T22:42:58.062+0000] {logging_mixin.py:188} INFO - [2026-06-10T22:42:58.061+0000] {dagbag.py:545} INFO - Filling up the DagBag from /home/airflow/.local/lib/python3.12/site-packages/airflow/example_dags/example_branch_day_of_week_operator.py
[2026-06-10T22:42:58.071+0000] {processor.py:840} INFO - DAG(s) 'example_weekday_branch_operator' retrieved from /home/airflow/.local/lib/python3.12/site-packages/airflow/example_dags/example_branch_day_of_week_operator.py
[2026-06-10T22:42:58.128+0000] {logging_mixin.py:188} INFO - [2026-06-10T22:42:58.128+0000] {dag.py:3096} INFO - Sync 1 DAGs
[2026-06-10T22:42:58.191+0000] {logging_mixin.py:188} INFO - [2026-06-10T22:42:58.191+0000] {dag.py:3954} INFO - Setting next_dagrun for example_weekday_branch_operator to 2026-06-09 00:00:00+00:00, run_after=2026-06-10 00:00:00+00:00
[2026-06-10T22:42:58.219+0000] {processor.py:183} INFO - Processing /home/airflow/.local/lib/python3.12/site-packages/airflow/example_dags/example_branch_day_of_week_operator.py took 0.194 seconds
[2026-06-10T22:43:28.389+0000] {processor.py:161} INFO - Started process (PID=3380) to work on /home/airflow/.local/lib/python3.12/site-packages/airflow/example_dags/example_branch_day_of_week_operator.py
[2026-06-10T22:43:28.390+0000] {processor.py:830} INFO - Processing file /home/airflow/.local/lib/python3.12/site-packages/airflow/example_dags/example_branch_day_of_week_operator.py for tasks to queue
[2026-06-10T22:43:28.392+0000] {logging_mixin.py:188} INFO - [2026-06-10T22:43:28.391+0000] {dagbag.py:545} INFO - Filling up the DagBag from /home/airflow/.local/lib/python3.12/site-packages/airflow/example_dags/example_branch_day_of_week_operator.py
[2026-06-10T22:43:28.398+0000] {processor.py:840} INFO - DAG(s) 'example_weekday_branch_operator' retrieved from /home/airflow/.local/lib/python3.12/site-packages/airflow/example_dags/example_branch_day_of_week_operator.py
[2026-06-10T22:43:28.417+0000] {logging_mixin.py:188} INFO - [2026-06-10T22:43:28.416+0000] {dag.py:3096} INFO - Sync 1 DAGs
[2026-06-10T22:43:28.436+0000] {logging_mixin.py:188} INFO - [2026-06-10T22:43:28.436+0000] {dag.py:3954} INFO - Setting next_dagrun for example_weekday_branch_operator to 2026-06-09 00:00:00+00:00, run_after=2026-06-10 00:00:00+00:00
[2026-06-10T22:43:28.452+0000] {processor.py:183} INFO - Processing /home/airflow/.local/lib/python3.12/site-packages/airflow/example_dags/example_branch_day_of_week_operator.py took 0.072 seconds
[2026-06-10T22:43:59.411+0000] {processor.py:161} INFO - Started process (PID=3441) to work on /home/airflow/.local/lib/python3.12/site-packages/airflow/example_dags/example_branch_day_of_week_operator.py
[2026-06-10T22:43:59.411+0000] {processor.py:830} INFO - Processing file /home/airflow/.local/lib/python3.12/site-packages/airflow/example_dags/example_branch_day_of_week_operator.py for tasks to queue
[2026-06-10T22:43:59.413+0000] {logging_mixin.py:188} INFO - [2026-06-10T22:43:59.413+0000] {dagbag.py:545} INFO - Filling up the DagBag from /home/airflow/.local/lib/python3.12/site-packages/airflow/example_dags/example_branch_day_of_week_operator.py
[2026-06-10T22:43:59.420+0000] {processor.py:840} INFO - DAG(s) 'example_weekday_branch_operator' retrieved from /home/airflow/.local/lib/python3.12/site-packages/airflow/example_dags/example_branch_day_of_week_operator.py
[2026-06-10T22:43:59.438+0000] {logging_mixin.py:188} INFO - [2026-06-10T22:43:59.437+0000] {dag.py:3096} INFO - Sync 1 DAGs
[2026-06-10T22:43:59.457+0000] {logging_mixin.py:188} INFO - [2026-06-10T22:43:59.457+0000] {dag.py:3954} INFO - Setting next_dagrun for example_weekday_branch_operator to 2026-06-09 00:00:00+00:00, run_after=2026-06-10 00:00:00+00:00
[2026-06-10T22:43:59.478+0000] {processor.py:183} INFO - Processing /home/airflow/.local/lib/python3.12/site-packages/airflow/example_dags/example_branch_day_of_week_operator.py took 0.072 seconds
[2026-06-10T22:44:29.655+0000] {processor.py:161} INFO - Started process (PID=3502) to work on /home/airflow/.local/lib/python3.12/site-packages/airflow/example_dags/example_branch_day_of_week_operator.py
[2026-06-10T22:44:29.656+0000] {processor.py:830} INFO - Processing file /home/airflow/.local/lib/python3.12/site-packages/airflow/example_dags/example_branch_day_of_week_operator.py for tasks to queue
[2026-06-10T22:44:29.658+0000] {logging_mixin.py:188} INFO - [2026-06-10T22:44:29.658+0000] {dagbag.py:545} INFO - Filling up the DagBag from /home/airflow/.local/lib/python3.12/site-packages/airflow/example_dags/example_branch_day_of_week_operator.py
[2026-06-10T22:44:29.669+0000] {processor.py:840} INFO - DAG(s) 'example_weekday_branch_operator' retrieved from /home/airflow/.local/lib/python3.12/site-packages/airflow/example_dags/example_branch_day_of_week_operator.py
[2026-06-10T22:44:29.698+0000] {logging_mixin.py:188} INFO - [2026-06-10T22:44:29.697+0000] {dag.py:3096} INFO - Sync 1 DAGs
[2026-06-10T22:44:29.727+0000] {logging_mixin.py:188} INFO - [2026-06-10T22:44:29.727+0000] {dag.py:3954} INFO - Setting next_dagrun for example_weekday_branch_operator to 2026-06-09 00:00:00+00:00, run_after=2026-06-10 00:00:00+00:00
[2026-06-10T22:44:29.744+0000] {processor.py:183} INFO - Processing /home/airflow/.local/lib/python3.12/site-packages/airflow/example_dags/example_branch_day_of_week_operator.py took 0.097 seconds
[2026-06-10T22:45:00.737+0000] {processor.py:161} INFO - Started process (PID=3563) to work on /home/airflow/.local/lib/python3.12/site-packages/airflow/example_dags/example_branch_day_of_week_operator.py
[2026-06-10T22:45:00.740+0000] {processor.py:830} INFO - Processing file /home/airflow/.local/lib/python3.12/site-packages/airflow/example_dags/example_branch_day_of_week_operator.py for tasks to queue
[2026-06-10T22:45:00.742+0000] {logging_mixin.py:188} INFO - [2026-06-10T22:45:00.741+0000] {dagbag.py:545} INFO - Filling up the DagBag from /home/airflow/.local/lib/python3.12/site-packages/airflow/example_dags/example_branch_day_of_week_operator.py
[2026-06-10T22:45:00.755+0000] {processor.py:840} INFO - DAG(s) 'example_weekday_branch_operator' retrieved from /home/airflow/.local/lib/python3.12/site-packages/airflow/example_dags/example_branch_day_of_week_operator.py
[2026-06-10T22:45:00.790+0000] {logging_mixin.py:188} INFO - [2026-06-10T22:45:00.790+0000] {dag.py:3096} INFO - Sync 1 DAGs
[2026-06-10T22:45:00.818+0000] {logging_mixin.py:188} INFO - [2026-06-10T22:45:00.818+0000] {dag.py:3954} INFO - Setting next_dagrun for example_weekday_branch_operator to 2026-06-09 00:00:00+00:00, run_after=2026-06-10 00:00:00+00:00
[2026-06-10T22:45:00.834+0000] {processor.py:183} INFO - Processing /home/airflow/.local/lib/python3.12/site-packages/airflow/example_dags/example_branch_day_of_week_operator.py took 0.104 seconds
[2026-06-10T22:45:31.618+0000] {processor.py:161} INFO - Started process (PID=3623) to work on /home/airflow/.local/lib/python3.12/site-packages/airflow/example_dags/example_branch_day_of_week_operator.py
[2026-06-10T22:45:31.621+0000] {processor.py:830} INFO - Processing file /home/airflow/.local/lib/python3.12/site-packages/airflow/example_dags/example_branch_day_of_week_operator.py for tasks to queue
[2026-06-10T22:45:31.623+0000] {logging_mixin.py:188} INFO - [2026-06-10T22:45:31.622+0000] {dagbag.py:545} INFO - Filling up the DagBag from /home/airflow/.local/lib/python3.12/site-packages/airflow/example_dags/example_branch_day_of_week_operator.py
[2026-06-10T22:45:31.633+0000] {processor.py:840} INFO - DAG(s) 'example_weekday_branch_operator' retrieved from /home/airflow/.local/lib/python3.12/site-packages/airflow/example_dags/example_branch_day_of_week_operator.py
[2026-06-10T22:45:31.662+0000] {logging_mixin.py:188} INFO - [2026-06-10T22:45:31.661+0000] {dag.py:3096} INFO - Sync 1 DAGs
[2026-06-10T22:45:31.694+0000] {logging_mixin.py:188} INFO - [2026-06-10T22:45:31.693+0000] {dag.py:3954} INFO - Setting next_dagrun for example_weekday_branch_operator to 2026-06-09 00:00:00+00:00, run_after=2026-06-10 00:00:00+00:00
[2026-06-10T22:45:31.714+0000] {processor.py:183} INFO - Processing /home/airflow/.local/lib/python3.12/site-packages/airflow/example_dags/example_branch_day_of_week_operator.py took 0.103 seconds
[2026-06-10T22:46:02.211+0000] {processor.py:161} INFO - Started process (PID=3684) to work on /home/airflow/.local/lib/python3.12/site-packages/airflow/example_dags/example_branch_day_of_week_operator.py
[2026-06-10T22:46:02.212+0000] {processor.py:830} INFO - Processing file /home/airflow/.local/lib/python3.12/site-packages/airflow/example_dags/example_branch_day_of_week_operator.py for tasks to queue
[2026-06-10T22:46:02.215+0000] {logging_mixin.py:188} INFO - [2026-06-10T22:46:02.214+0000] {dagbag.py:545} INFO - Filling up the DagBag from /home/airflow/.local/lib/python3.12/site-packages/airflow/example_dags/example_branch_day_of_week_operator.py
[2026-06-10T22:46:02.228+0000] {processor.py:840} INFO - DAG(s) 'example_weekday_branch_operator' retrieved from /home/airflow/.local/lib/python3.12/site-packages/airflow/example_dags/example_branch_day_of_week_operator.py
[2026-06-10T22:46:02.253+0000] {logging_mixin.py:188} INFO - [2026-06-10T22:46:02.253+0000] {dag.py:3096} INFO - Sync 1 DAGs
[2026-06-10T22:46:02.297+0000] {logging_mixin.py:188} INFO - [2026-06-10T22:46:02.297+0000] {dag.py:3954} INFO - Setting next_dagrun for example_weekday_branch_operator to 2026-06-09 00:00:00+00:00, run_after=2026-06-10 00:00:00+00:00
[2026-06-10T22:46:02.317+0000] {processor.py:183} INFO - Processing /home/airflow/.local/lib/python3.12/site-packages/airflow/example_dags/example_branch_day_of_week_operator.py took 0.114 seconds
[2026-06-10T22:46:32.420+0000] {processor.py:161} INFO - Started process (PID=3745) to work on /home/airflow/.local/lib/python3.12/site-packages/airflow/example_dags/example_branch_day_of_week_operator.py
[2026-06-10T22:46:32.421+0000] {processor.py:830} INFO - Processing file /home/airflow/.local/lib/python3.12/site-packages/airflow/example_dags/example_branch_day_of_week_operator.py for tasks to queue
[2026-06-10T22:46:32.422+0000] {logging_mixin.py:188} INFO - [2026-06-10T22:46:32.422+0000] {dagbag.py:545} INFO - Filling up the DagBag from /home/airflow/.local/lib/python3.12/site-packages/airflow/example_dags/example_branch_day_of_week_operator.py
[2026-06-10T22:46:32.429+0000] {processor.py:840} INFO - DAG(s) 'example_weekday_branch_operator' retrieved from /home/airflow/.local/lib/python3.12/site-packages/airflow/example_dags/example_branch_day_of_week_operator.py
[2026-06-10T22:46:32.447+0000] {logging_mixin.py:188} INFO - [2026-06-10T22:46:32.447+0000] {dag.py:3096} INFO - Sync 1 DAGs
[2026-06-10T22:46:32.467+0000] {logging_mixin.py:188} INFO - [2026-06-10T22:46:32.467+0000] {dag.py:3954} INFO - Setting next_dagrun for example_weekday_branch_operator to 2026-06-09 00:00:00+00:00, run_after=2026-06-10 00:00:00+00:00
[2026-06-10T22:46:32.498+0000] {processor.py:183} INFO - Processing /home/airflow/.local/lib/python3.12/site-packages/airflow/example_dags/example_branch_day_of_week_operator.py took 0.082 seconds
[2026-06-10T22:47:02.933+0000] {processor.py:161} INFO - Started process (PID=3806) to work on /home/airflow/.local/lib/python3.12/site-packages/airflow/example_dags/example_branch_day_of_week_operator.py
[2026-06-10T22:47:02.935+0000] {processor.py:830} INFO - Processing file /home/airflow/.local/lib/python3.12/site-packages/airflow/example_dags/example_branch_day_of_week_operator.py for tasks to queue
[2026-06-10T22:47:02.938+0000] {logging_mixin.py:188} INFO - [2026-06-10T22:47:02.937+0000] {dagbag.py:545} INFO - Filling up the DagBag from /home/airflow/.local/lib/python3.12/site-packages/airflow/example_dags/example_branch_day_of_week_operator.py
[2026-06-10T22:47:02.947+0000] {processor.py:840} INFO - DAG(s) 'example_weekday_branch_operator' retrieved from /home/airflow/.local/lib/python3.12/site-packages/airflow/example_dags/example_branch_day_of_week_operator.py
[2026-06-10T22:47:02.990+0000] {logging_mixin.py:188} INFO - [2026-06-10T22:47:02.990+0000] {dag.py:3096} INFO - Sync 1 DAGs
[2026-06-10T22:47:03.028+0000] {logging_mixin.py:188} INFO - [2026-06-10T22:47:03.028+0000] {dag.py:3954} INFO - Setting next_dagrun for example_weekday_branch_operator to 2026-06-09 00:00:00+00:00, run_after=2026-06-10 00:00:00+00:00
[2026-06-10T22:47:03.051+0000] {processor.py:183} INFO - Processing /home/airflow/.local/lib/python3.12/site-packages/airflow/example_dags/example_branch_day_of_week_operator.py took 0.125 seconds
[2026-06-10T22:47:33.747+0000] {processor.py:161} INFO - Started process (PID=3867) to work on /home/airflow/.local/lib/python3.12/site-packages/airflow/example_dags/example_branch_day_of_week_operator.py
[2026-06-10T22:47:33.748+0000] {processor.py:830} INFO - Processing file /home/airflow/.local/lib/python3.12/site-packages/airflow/example_dags/example_branch_day_of_week_operator.py for tasks to queue
[2026-06-10T22:47:33.750+0000] {logging_mixin.py:188} INFO - [2026-06-10T22:47:33.750+0000] {dagbag.py:545} INFO - Filling up the DagBag from /home/airflow/.local/lib/python3.12/site-packages/airflow/example_dags/example_branch_day_of_week_operator.py
[2026-06-10T22:47:33.760+0000] {processor.py:840} INFO - DAG(s) 'example_weekday_branch_operator' retrieved from /home/airflow/.local/lib/python3.12/site-packages/airflow/example_dags/example_branch_day_of_week_operator.py
[2026-06-10T22:47:33.787+0000] {logging_mixin.py:188} INFO - [2026-06-10T22:47:33.787+0000] {dag.py:3096} INFO - Sync 1 DAGs
[2026-06-10T22:47:33.817+0000] {logging_mixin.py:188} INFO - [2026-06-10T22:47:33.817+0000] {dag.py:3954} INFO - Setting next_dagrun for example_weekday_branch_operator to 2026-06-09 00:00:00+00:00, run_after=2026-06-10 00:00:00+00:00
[2026-06-10T22:47:33.861+0000] {processor.py:183} INFO - Processing /home/airflow/.local/lib/python3.12/site-packages/airflow/example_dags/example_branch_day_of_week_operator.py took 0.122 seconds
[2026-06-10T22:48:04.212+0000] {processor.py:161} INFO - Started process (PID=3928) to work on /home/airflow/.local/lib/python3.12/site-packages/airflow/example_dags/example_branch_day_of_week_operator.py
[2026-06-10T22:48:04.219+0000] {processor.py:830} INFO - Processing file /home/airflow/.local/lib/python3.12/site-packages/airflow/example_dags/example_branch_day_of_week_operator.py for tasks to queue
[2026-06-10T22:48:04.221+0000] {logging_mixin.py:188} INFO - [2026-06-10T22:48:04.220+0000] {dagbag.py:545} INFO - Filling up the DagBag from /home/airflow/.local/lib/python3.12/site-packages/airflow/example_dags/example_branch_day_of_week_operator.py
[2026-06-10T22:48:04.244+0000] {processor.py:840} INFO - DAG(s) 'example_weekday_branch_operator' retrieved from /home/airflow/.local/lib/python3.12/site-packages/airflow/example_dags/example_branch_day_of_week_operator.py
[2026-06-10T22:48:04.293+0000] {logging_mixin.py:188} INFO - [2026-06-10T22:48:04.293+0000] {dag.py:3096} INFO - Sync 1 DAGs
[2026-06-10T22:48:04.361+0000] {logging_mixin.py:188} INFO - [2026-06-10T22:48:04.359+0000] {dag.py:3954} INFO - Setting next_dagrun for example_weekday_branch_operator to 2026-06-09 00:00:00+00:00, run_after=2026-06-10 00:00:00+00:00
[2026-06-10T22:48:04.450+0000] {processor.py:183} INFO - Processing /home/airflow/.local/lib/python3.12/site-packages/airflow/example_dags/example_branch_day_of_week_operator.py took 0.246 seconds
[2026-06-10T22:48:35.088+0000] {processor.py:161} INFO - Started process (PID=3988) to work on /home/airflow/.local/lib/python3.12/site-packages/airflow/example_dags/example_branch_day_of_week_operator.py
[2026-06-10T22:48:35.095+0000] {processor.py:830} INFO - Processing file /home/airflow/.local/lib/python3.12/site-packages/airflow/example_dags/example_branch_day_of_week_operator.py for tasks to queue
[2026-06-10T22:48:35.099+0000] {logging_mixin.py:188} INFO - [2026-06-10T22:48:35.098+0000] {dagbag.py:545} INFO - Filling up the DagBag from /home/airflow/.local/lib/python3.12/site-packages/airflow/example_dags/example_branch_day_of_week_operator.py
[2026-06-10T22:48:35.134+0000] {processor.py:840} INFO - DAG(s) 'example_weekday_branch_operator' retrieved from /home/airflow/.local/lib/python3.12/site-packages/airflow/example_dags/example_branch_day_of_week_operator.py
[2026-06-10T22:48:35.231+0000] {logging_mixin.py:188} INFO - [2026-06-10T22:48:35.231+0000] {dag.py:3096} INFO - Sync 1 DAGs
[2026-06-10T22:48:35.261+0000] {logging_mixin.py:188} INFO - [2026-06-10T22:48:35.261+0000] {dag.py:3954} INFO - Setting next_dagrun for example_weekday_branch_operator to 2026-06-09 00:00:00+00:00, run_after=2026-06-10 00:00:00+00:00
[2026-06-10T22:48:35.290+0000] {processor.py:183} INFO - Processing /home/airflow/.local/lib/python3.12/site-packages/airflow/example_dags/example_branch_day_of_week_operator.py took 0.231 seconds
[2026-06-10T22:49:05.795+0000] {processor.py:161} INFO - Started process (PID=4049) to work on /home/airflow/.local/lib/python3.12/site-packages/airflow/example_dags/example_branch_day_of_week_operator.py
[2026-06-10T22:49:05.796+0000] {processor.py:830} INFO - Processing file /home/airflow/.local/lib/python3.12/site-packages/airflow/example_dags/example_branch_day_of_week_operator.py for tasks to queue
[2026-06-10T22:49:05.798+0000] {logging_mixin.py:188} INFO - [2026-06-10T22:49:05.798+0000] {dagbag.py:545} INFO - Filling up the DagBag from /home/airflow/.local/lib/python3.12/site-packages/airflow/example_dags/example_branch_day_of_week_operator.py
[2026-06-10T22:49:05.811+0000] {processor.py:840} INFO - DAG(s) 'example_weekday_branch_operator' retrieved from /home/airflow/.local/lib/python3.12/site-packages/airflow/example_dags/example_branch_day_of_week_operator.py
[2026-06-10T22:49:05.847+0000] {logging_mixin.py:188} INFO - [2026-06-10T22:49:05.847+0000] {dag.py:3096} INFO - Sync 1 DAGs
[2026-06-10T22:49:05.883+0000] {logging_mixin.py:188} INFO - [2026-06-10T22:49:05.883+0000] {dag.py:3954} INFO - Setting next_dagrun for example_weekday_branch_operator to 2026-06-09 00:00:00+00:00, run_after=2026-06-10 00:00:00+00:00
[2026-06-10T22:49:05.908+0000] {processor.py:183} INFO - Processing /home/airflow/.local/lib/python3.12/site-packages/airflow/example_dags/example_branch_day_of_week_operator.py took 0.123 seconds
[2026-06-10T22:49:36.022+0000] {processor.py:161} INFO - Started process (PID=4110) to work on /home/airflow/.local/lib/python3.12/site-packages/airflow/example_dags/example_branch_day_of_week_operator.py
[2026-06-10T22:49:36.023+0000] {processor.py:830} INFO - Processing file /home/airflow/.local/lib/python3.12/site-packages/airflow/example_dags/example_branch_day_of_week_operator.py for tasks to queue
[2026-06-10T22:49:36.025+0000] {logging_mixin.py:188} INFO - [2026-06-10T22:49:36.024+0000] {dagbag.py:545} INFO - Filling up the DagBag from /home/airflow/.local/lib/python3.12/site-packages/airflow/example_dags/example_branch_day_of_week_operator.py
[2026-06-10T22:49:36.034+0000] {processor.py:840} INFO - DAG(s) 'example_weekday_branch_operator' retrieved from /home/airflow/.local/lib/python3.12/site-packages/airflow/example_dags/example_branch_day_of_week_operator.py
[2026-06-10T22:49:36.061+0000] {logging_mixin.py:188} INFO - [2026-06-10T22:49:36.060+0000] {dag.py:3096} INFO - Sync 1 DAGs
[2026-06-10T22:49:36.093+0000] {logging_mixin.py:188} INFO - [2026-06-10T22:49:36.093+0000] {dag.py:3954} INFO - Setting next_dagrun for example_weekday_branch_operator to 2026-06-09 00:00:00+00:00, run_after=2026-06-10 00:00:00+00:00
[2026-06-10T22:49:36.115+0000] {processor.py:183} INFO - Processing /home/airflow/.local/lib/python3.12/site-packages/airflow/example_dags/example_branch_day_of_week_operator.py took 0.100 seconds
[2026-06-10T22:50:06.601+0000] {processor.py:161} INFO - Started process (PID=4171) to work on /home/airflow/.local/lib/python3.12/site-packages/airflow/example_dags/example_branch_day_of_week_operator.py
[2026-06-10T22:50:06.617+0000] {processor.py:830} INFO - Processing file /home/airflow/.local/lib/python3.12/site-packages/airflow/example_dags/example_branch_day_of_week_operator.py for tasks to queue
[2026-06-10T22:50:06.621+0000] {logging_mixin.py:188} INFO - [2026-06-10T22:50:06.621+0000] {dagbag.py:545} INFO - Filling up the DagBag from /home/airflow/.local/lib/python3.12/site-packages/airflow/example_dags/example_branch_day_of_week_operator.py
[2026-06-10T22:50:06.654+0000] {processor.py:840} INFO - DAG(s) 'example_weekday_branch_operator' retrieved from /home/airflow/.local/lib/python3.12/site-packages/airflow/example_dags/example_branch_day_of_week_operator.py
[2026-06-10T22:50:06.740+0000] {logging_mixin.py:188} INFO - [2026-06-10T22:50:06.740+0000] {dag.py:3096} INFO - Sync 1 DAGs
[2026-06-10T22:50:06.810+0000] {logging_mixin.py:188} INFO - [2026-06-10T22:50:06.810+0000] {dag.py:3954} INFO - Setting next_dagrun for example_weekday_branch_operator to 2026-06-09 00:00:00+00:00, run_after=2026-06-10 00:00:00+00:00
[2026-06-10T22:50:06.862+0000] {processor.py:183} INFO - Processing /home/airflow/.local/lib/python3.12/site-packages/airflow/example_dags/example_branch_day_of_week_operator.py took 0.283 seconds
[2026-06-10T22:50:37.697+0000] {processor.py:161} INFO - Started process (PID=4232) to work on /home/airflow/.local/lib/python3.12/site-packages/airflow/example_dags/example_branch_day_of_week_operator.py
[2026-06-10T22:50:37.698+0000] {processor.py:830} INFO - Processing file /home/airflow/.local/lib/python3.12/site-packages/airflow/example_dags/example_branch_day_of_week_operator.py for tasks to queue
[2026-06-10T22:50:37.701+0000] {logging_mixin.py:188} INFO - [2026-06-10T22:50:37.701+0000] {dagbag.py:545} INFO - Filling up the DagBag from /home/airflow/.local/lib/python3.12/site-packages/airflow/example_dags/example_branch_day_of_week_operator.py
[2026-06-10T22:50:37.721+0000] {processor.py:840} INFO - DAG(s) 'example_weekday_branch_operator' retrieved from /home/airflow/.local/lib/python3.12/site-packages/airflow/example_dags/example_branch_day_of_week_operator.py
[2026-06-10T22:50:37.750+0000] {logging_mixin.py:188} INFO - [2026-06-10T22:50:37.749+0000] {dag.py:3096} INFO - Sync 1 DAGs
[2026-06-10T22:50:37.780+0000] {logging_mixin.py:188} INFO - [2026-06-10T22:50:37.780+0000] {dag.py:3954} INFO - Setting next_dagrun for example_weekday_branch_operator to 2026-06-09 00:00:00+00:00, run_after=2026-06-10 00:00:00+00:00
[2026-06-10T22:50:37.805+0000] {processor.py:183} INFO - Processing /home/airflow/.local/lib/python3.12/site-packages/airflow/example_dags/example_branch_day_of_week_operator.py took 0.117 seconds
[2026-06-10T22:51:08.137+0000] {processor.py:161} INFO - Started process (PID=4293) to work on /home/airflow/.local/lib/python3.12/site-packages/airflow/example_dags/example_branch_day_of_week_operator.py
[2026-06-10T22:51:08.147+0000] {processor.py:830} INFO - Processing file /home/airflow/.local/lib/python3.12/site-packages/airflow/example_dags/example_branch_day_of_week_operator.py for tasks to queue
[2026-06-10T22:51:08.150+0000] {logging_mixin.py:188} INFO - [2026-06-10T22:51:08.149+0000] {dagbag.py:545} INFO - Filling up the DagBag from /home/airflow/.local/lib/python3.12/site-packages/airflow/example_dags/example_branch_day_of_week_operator.py
[2026-06-10T22:51:08.159+0000] {processor.py:840} INFO - DAG(s) 'example_weekday_branch_operator' retrieved from /home/airflow/.local/lib/python3.12/site-packages/airflow/example_dags/example_branch_day_of_week_operator.py
[2026-06-10T22:51:08.214+0000] {logging_mixin.py:188} INFO - [2026-06-10T22:51:08.213+0000] {dag.py:3096} INFO - Sync 1 DAGs
[2026-06-10T22:51:08.249+0000] {logging_mixin.py:188} INFO - [2026-06-10T22:51:08.249+0000] {dag.py:3954} INFO - Setting next_dagrun for example_weekday_branch_operator to 2026-06-09 00:00:00+00:00, run_after=2026-06-10 00:00:00+00:00
[2026-06-10T22:51:08.287+0000] {processor.py:183} INFO - Processing /home/airflow/.local/lib/python3.12/site-packages/airflow/example_dags/example_branch_day_of_week_operator.py took 0.158 seconds
[2026-06-10T22:51:39.067+0000] {processor.py:161} INFO - Started process (PID=4352) to work on /home/airflow/.local/lib/python3.12/site-packages/airflow/example_dags/example_branch_day_of_week_operator.py
[2026-06-10T22:51:39.068+0000] {processor.py:830} INFO - Processing file /home/airflow/.local/lib/python3.12/site-packages/airflow/example_dags/example_branch_day_of_week_operator.py for tasks to queue
[2026-06-10T22:51:39.071+0000] {logging_mixin.py:188} INFO - [2026-06-10T22:51:39.070+0000] {dagbag.py:545} INFO - Filling up the DagBag from /home/airflow/.local/lib/python3.12/site-packages/airflow/example_dags/example_branch_day_of_week_operator.py
[2026-06-10T22:51:39.091+0000] {processor.py:840} INFO - DAG(s) 'example_weekday_branch_operator' retrieved from /home/airflow/.local/lib/python3.12/site-packages/airflow/example_dags/example_branch_day_of_week_operator.py
[2026-06-10T22:51:39.127+0000] {logging_mixin.py:188} INFO - [2026-06-10T22:51:39.126+0000] {dag.py:3096} INFO - Sync 1 DAGs
[2026-06-10T22:51:39.170+0000] {logging_mixin.py:188} INFO - [2026-06-10T22:51:39.170+0000] {dag.py:3954} INFO - Setting next_dagrun for example_weekday_branch_operator to 2026-06-09 00:00:00+00:00, run_after=2026-06-10 00:00:00+00:00
[2026-06-10T22:51:39.201+0000] {processor.py:183} INFO - Processing /home/airflow/.local/lib/python3.12/site-packages/airflow/example_dags/example_branch_day_of_week_operator.py took 0.142 seconds
[2026-06-10T22:52:09.619+0000] {processor.py:161} INFO - Started process (PID=4413) to work on /home/airflow/.local/lib/python3.12/site-packages/airflow/example_dags/example_branch_day_of_week_operator.py
[2026-06-10T22:52:09.620+0000] {processor.py:830} INFO - Processing file /home/airflow/.local/lib/python3.12/site-packages/airflow/example_dags/example_branch_day_of_week_operator.py for tasks to queue
[2026-06-10T22:52:09.621+0000] {logging_mixin.py:188} INFO - [2026-06-10T22:52:09.621+0000] {dagbag.py:545} INFO - Filling up the DagBag from /home/airflow/.local/lib/python3.12/site-packages/airflow/example_dags/example_branch_day_of_week_operator.py
[2026-06-10T22:52:09.629+0000] {processor.py:840} INFO - DAG(s) 'example_weekday_branch_operator' retrieved from /home/airflow/.local/lib/python3.12/site-packages/airflow/example_dags/example_branch_day_of_week_operator.py
[2026-06-10T22:52:09.648+0000] {logging_mixin.py:188} INFO - [2026-06-10T22:52:09.647+0000] {dag.py:3096} INFO - Sync 1 DAGs
[2026-06-10T22:52:09.668+0000] {logging_mixin.py:188} INFO - [2026-06-10T22:52:09.667+0000] {dag.py:3954} INFO - Setting next_dagrun for example_weekday_branch_operator to 2026-06-09 00:00:00+00:00, run_after=2026-06-10 00:00:00+00:00
[2026-06-10T22:52:09.688+0000] {processor.py:183} INFO - Processing /home/airflow/.local/lib/python3.12/site-packages/airflow/example_dags/example_branch_day_of_week_operator.py took 0.074 seconds
[2026-06-10T22:52:40.005+0000] {processor.py:161} INFO - Started process (PID=4474) to work on /home/airflow/.local/lib/python3.12/site-packages/airflow/example_dags/example_branch_day_of_week_operator.py
[2026-06-10T22:52:40.008+0000] {processor.py:830} INFO - Processing file /home/airflow/.local/lib/python3.12/site-packages/airflow/example_dags/example_branch_day_of_week_operator.py for tasks to queue
[2026-06-10T22:52:40.009+0000] {logging_mixin.py:188} INFO - [2026-06-10T22:52:40.009+0000] {dagbag.py:545} INFO - Filling up the DagBag from /home/airflow/.local/lib/python3.12/site-packages/airflow/example_dags/example_branch_day_of_week_operator.py
[2026-06-10T22:52:40.017+0000] {processor.py:840} INFO - DAG(s) 'example_weekday_branch_operator' retrieved from /home/airflow/.local/lib/python3.12/site-packages/airflow/example_dags/example_branch_day_of_week_operator.py
[2026-06-10T22:52:40.037+0000] {logging_mixin.py:188} INFO - [2026-06-10T22:52:40.037+0000] {dag.py:3096} INFO - Sync 1 DAGs
[2026-06-10T22:52:40.058+0000] {logging_mixin.py:188} INFO - [2026-06-10T22:52:40.057+0000] {dag.py:3954} INFO - Setting next_dagrun for example_weekday_branch_operator to 2026-06-09 00:00:00+00:00, run_after=2026-06-10 00:00:00+00:00
[2026-06-10T22:52:40.077+0000] {processor.py:183} INFO - Processing /home/airflow/.local/lib/python3.12/site-packages/airflow/example_dags/example_branch_day_of_week_operator.py took 0.078 seconds
[2026-06-10T22:53:10.318+0000] {processor.py:161} INFO - Started process (PID=4535) to work on /home/airflow/.local/lib/python3.12/site-packages/airflow/example_dags/example_branch_day_of_week_operator.py
[2026-06-10T22:53:10.322+0000] {processor.py:830} INFO - Processing file /home/airflow/.local/lib/python3.12/site-packages/airflow/example_dags/example_branch_day_of_week_operator.py for tasks to queue
[2026-06-10T22:53:10.324+0000] {logging_mixin.py:188} INFO - [2026-06-10T22:53:10.324+0000] {dagbag.py:545} INFO - Filling up the DagBag from /home/airflow/.local/lib/python3.12/site-packages/airflow/example_dags/example_branch_day_of_week_operator.py
[2026-06-10T22:53:10.338+0000] {processor.py:840} INFO - DAG(s) 'example_weekday_branch_operator' retrieved from /home/airflow/.local/lib/python3.12/site-packages/airflow/example_dags/example_branch_day_of_week_operator.py
[2026-06-10T22:53:10.365+0000] {logging_mixin.py:188} INFO - [2026-06-10T22:53:10.365+0000] {dag.py:3096} INFO - Sync 1 DAGs
[2026-06-10T22:53:10.396+0000] {logging_mixin.py:188} INFO - [2026-06-10T22:53:10.396+0000] {dag.py:3954} INFO - Setting next_dagrun for example_weekday_branch_operator to 2026-06-09 00:00:00+00:00, run_after=2026-06-10 00:00:00+00:00
[2026-06-10T22:53:10.418+0000] {processor.py:183} INFO - Processing /home/airflow/.local/lib/python3.12/site-packages/airflow/example_dags/example_branch_day_of_week_operator.py took 0.106 seconds
[2026-06-10T22:53:41.248+0000] {processor.py:161} INFO - Started process (PID=4596) to work on /home/airflow/.local/lib/python3.12/site-packages/airflow/example_dags/example_branch_day_of_week_operator.py
[2026-06-10T22:53:41.250+0000] {processor.py:830} INFO - Processing file /home/airflow/.local/lib/python3.12/site-packages/airflow/example_dags/example_branch_day_of_week_operator.py for tasks to queue
[2026-06-10T22:53:41.259+0000] {logging_mixin.py:188} INFO - [2026-06-10T22:53:41.259+0000] {dagbag.py:545} INFO - Filling up the DagBag from /home/airflow/.local/lib/python3.12/site-packages/airflow/example_dags/example_branch_day_of_week_operator.py
[2026-06-10T22:53:41.297+0000] {processor.py:840} INFO - DAG(s) 'example_weekday_branch_operator' retrieved from /home/airflow/.local/lib/python3.12/site-packages/airflow/example_dags/example_branch_day_of_week_operator.py
[2026-06-10T22:53:41.379+0000] {logging_mixin.py:188} INFO - [2026-06-10T22:53:41.379+0000] {dag.py:3096} INFO - Sync 1 DAGs
[2026-06-10T22:53:41.481+0000] {logging_mixin.py:188} INFO - [2026-06-10T22:53:41.481+0000] {dag.py:3954} INFO - Setting next_dagrun for example_weekday_branch_operator to 2026-06-09 00:00:00+00:00, run_after=2026-06-10 00:00:00+00:00
[2026-06-10T22:53:41.531+0000] {processor.py:183} INFO - Processing /home/airflow/.local/lib/python3.12/site-packages/airflow/example_dags/example_branch_day_of_week_operator.py took 0.301 seconds
[2026-06-10T22:54:11.588+0000] {processor.py:161} INFO - Started process (PID=4657) to work on /home/airflow/.local/lib/python3.12/site-packages/airflow/example_dags/example_branch_day_of_week_operator.py
[2026-06-10T22:54:11.589+0000] {processor.py:830} INFO - Processing file /home/airflow/.local/lib/python3.12/site-packages/airflow/example_dags/example_branch_day_of_week_operator.py for tasks to queue
[2026-06-10T22:54:11.594+0000] {logging_mixin.py:188} INFO - [2026-06-10T22:54:11.594+0000] {dagbag.py:545} INFO - Filling up the DagBag from /home/airflow/.local/lib/python3.12/site-packages/airflow/example_dags/example_branch_day_of_week_operator.py
[2026-06-10T22:54:11.608+0000] {processor.py:840} INFO - DAG(s) 'example_weekday_branch_operator' retrieved from /home/airflow/.local/lib/python3.12/site-packages/airflow/example_dags/example_branch_day_of_week_operator.py
[2026-06-10T22:54:11.636+0000] {logging_mixin.py:188} INFO - [2026-06-10T22:54:11.636+0000] {dag.py:3096} INFO - Sync 1 DAGs
[2026-06-10T22:54:11.673+0000] {logging_mixin.py:188} INFO - [2026-06-10T22:54:11.672+0000] {dag.py:3954} INFO - Setting next_dagrun for example_weekday_branch_operator to 2026-06-09 00:00:00+00:00, run_after=2026-06-10 00:00:00+00:00
[2026-06-10T22:54:11.707+0000] {processor.py:183} INFO - Processing /home/airflow/.local/lib/python3.12/site-packages/airflow/example_dags/example_branch_day_of_week_operator.py took 0.127 seconds
[2026-06-10T22:54:42.259+0000] {processor.py:161} INFO - Started process (PID=4717) to work on /home/airflow/.local/lib/python3.12/site-packages/airflow/example_dags/example_branch_day_of_week_operator.py
[2026-06-10T22:54:42.270+0000] {processor.py:830} INFO - Processing file /home/airflow/.local/lib/python3.12/site-packages/airflow/example_dags/example_branch_day_of_week_operator.py for tasks to queue
[2026-06-10T22:54:42.275+0000] {logging_mixin.py:188} INFO - [2026-06-10T22:54:42.275+0000] {dagbag.py:545} INFO - Filling up the DagBag from /home/airflow/.local/lib/python3.12/site-packages/airflow/example_dags/example_branch_day_of_week_operator.py
[2026-06-10T22:54:42.292+0000] {processor.py:840} INFO - DAG(s) 'example_weekday_branch_operator' retrieved from /home/airflow/.local/lib/python3.12/site-packages/airflow/example_dags/example_branch_day_of_week_operator.py
[2026-06-10T22:54:42.326+0000] {logging_mixin.py:188} INFO - [2026-06-10T22:54:42.325+0000] {dag.py:3096} INFO - Sync 1 DAGs
[2026-06-10T22:54:42.361+0000] {logging_mixin.py:188} INFO - [2026-06-10T22:54:42.360+0000] {dag.py:3954} INFO - Setting next_dagrun for example_weekday_branch_operator to 2026-06-09 00:00:00+00:00, run_after=2026-06-10 00:00:00+00:00
[2026-06-10T22:54:42.382+0000] {processor.py:183} INFO - Processing /home/airflow/.local/lib/python3.12/site-packages/airflow/example_dags/example_branch_day_of_week_operator.py took 0.140 seconds
[2026-06-10T22:55:13.304+0000] {processor.py:161} INFO - Started process (PID=4777) to work on /home/airflow/.local/lib/python3.12/site-packages/airflow/example_dags/example_branch_day_of_week_operator.py
[2026-06-10T22:55:13.305+0000] {processor.py:830} INFO - Processing file /home/airflow/.local/lib/python3.12/site-packages/airflow/example_dags/example_branch_day_of_week_operator.py for tasks to queue
[2026-06-10T22:55:13.307+0000] {logging_mixin.py:188} INFO - [2026-06-10T22:55:13.307+0000] {dagbag.py:545} INFO - Filling up the DagBag from /home/airflow/.local/lib/python3.12/site-packages/airflow/example_dags/example_branch_day_of_week_operator.py
[2026-06-10T22:55:13.318+0000] {processor.py:840} INFO - DAG(s) 'example_weekday_branch_operator' retrieved from /home/airflow/.local/lib/python3.12/site-packages/airflow/example_dags/example_branch_day_of_week_operator.py
[2026-06-10T22:55:13.344+0000] {logging_mixin.py:188} INFO - [2026-06-10T22:55:13.344+0000] {dag.py:3096} INFO - Sync 1 DAGs
[2026-06-10T22:55:13.374+0000] {logging_mixin.py:188} INFO - [2026-06-10T22:55:13.374+0000] {dag.py:3954} INFO - Setting next_dagrun for example_weekday_branch_operator to 2026-06-09 00:00:00+00:00, run_after=2026-06-10 00:00:00+00:00
[2026-06-10T22:55:13.393+0000] {processor.py:183} INFO - Processing /home/airflow/.local/lib/python3.12/site-packages/airflow/example_dags/example_branch_day_of_week_operator.py took 0.096 seconds
[2026-06-10T22:55:43.819+0000] {processor.py:161} INFO - Started process (PID=4838) to work on /home/airflow/.local/lib/python3.12/site-packages/airflow/example_dags/example_branch_day_of_week_operator.py
[2026-06-10T22:55:43.824+0000] {processor.py:830} INFO - Processing file /home/airflow/.local/lib/python3.12/site-packages/airflow/example_dags/example_branch_day_of_week_operator.py for tasks to queue
[2026-06-10T22:55:43.826+0000] {logging_mixin.py:188} INFO - [2026-06-10T22:55:43.825+0000] {dagbag.py:545} INFO - Filling up the DagBag from /home/airflow/.local/lib/python3.12/site-packages/airflow/example_dags/example_branch_day_of_week_operator.py
[2026-06-10T22:55:43.835+0000] {processor.py:840} INFO - DAG(s) 'example_weekday_branch_operator' retrieved from /home/airflow/.local/lib/python3.12/site-packages/airflow/example_dags/example_branch_day_of_week_operator.py
[2026-06-10T22:55:43.863+0000] {logging_mixin.py:188} INFO - [2026-06-10T22:55:43.863+0000] {dag.py:3096} INFO - Sync 1 DAGs
[2026-06-10T22:55:43.895+0000] {logging_mixin.py:188} INFO - [2026-06-10T22:55:43.895+0000] {dag.py:3954} INFO - Setting next_dagrun for example_weekday_branch_operator to 2026-06-09 00:00:00+00:00, run_after=2026-06-10 00:00:00+00:00
[2026-06-10T22:55:43.919+0000] {processor.py:183} INFO - Processing /home/airflow/.local/lib/python3.12/site-packages/airflow/example_dags/example_branch_day_of_week_operator.py took 0.114 seconds
[2026-06-10T22:56:14.706+0000] {processor.py:161} INFO - Started process (PID=4899) to work on /home/airflow/.local/lib/python3.12/site-packages/airflow/example_dags/example_branch_day_of_week_operator.py
[2026-06-10T22:56:14.710+0000] {processor.py:830} INFO - Processing file /home/airflow/.local/lib/python3.12/site-packages/airflow/example_dags/example_branch_day_of_week_operator.py for tasks to queue
[2026-06-10T22:56:14.711+0000] {logging_mixin.py:188} INFO - [2026-06-10T22:56:14.711+0000] {dagbag.py:545} INFO - Filling up the DagBag from /home/airflow/.local/lib/python3.12/site-packages/airflow/example_dags/example_branch_day_of_week_operator.py
[2026-06-10T22:56:14.722+0000] {processor.py:840} INFO - DAG(s) 'example_weekday_branch_operator' retrieved from /home/airflow/.local/lib/python3.12/site-packages/airflow/example_dags/example_branch_day_of_week_operator.py
[2026-06-10T22:56:14.746+0000] {logging_mixin.py:188} INFO - [2026-06-10T22:56:14.746+0000] {dag.py:3096} INFO - Sync 1 DAGs
[2026-06-10T22:56:14.786+0000] {logging_mixin.py:188} INFO - [2026-06-10T22:56:14.786+0000] {dag.py:3954} INFO - Setting next_dagrun for example_weekday_branch_operator to 2026-06-09 00:00:00+00:00, run_after=2026-06-10 00:00:00+00:00
[2026-06-10T22:56:14.808+0000] {processor.py:183} INFO - Processing /home/airflow/.local/lib/python3.12/site-packages/airflow/example_dags/example_branch_day_of_week_operator.py took 0.110 seconds
[2026-06-10T22:56:46.166+0000] {processor.py:161} INFO - Started process (PID=4960) to work on /home/airflow/.local/lib/python3.12/site-packages/airflow/example_dags/example_branch_day_of_week_operator.py
[2026-06-10T22:56:46.172+0000] {processor.py:830} INFO - Processing file /home/airflow/.local/lib/python3.12/site-packages/airflow/example_dags/example_branch_day_of_week_operator.py for tasks to queue
[2026-06-10T22:56:46.177+0000] {logging_mixin.py:188} INFO - [2026-06-10T22:56:46.176+0000] {dagbag.py:545} INFO - Filling up the DagBag from /home/airflow/.local/lib/python3.12/site-packages/airflow/example_dags/example_branch_day_of_week_operator.py
[2026-06-10T22:56:46.196+0000] {processor.py:840} INFO - DAG(s) 'example_weekday_branch_operator' retrieved from /home/airflow/.local/lib/python3.12/site-packages/airflow/example_dags/example_branch_day_of_week_operator.py
[2026-06-10T22:56:46.236+0000] {logging_mixin.py:188} INFO - [2026-06-10T22:56:46.235+0000] {dag.py:3096} INFO - Sync 1 DAGs
[2026-06-10T22:56:46.277+0000] {logging_mixin.py:188} INFO - [2026-06-10T22:56:46.277+0000] {dag.py:3954} INFO - Setting next_dagrun for example_weekday_branch_operator to 2026-06-09 00:00:00+00:00, run_after=2026-06-10 00:00:00+00:00
[2026-06-10T22:56:46.318+0000] {processor.py:183} INFO - Processing /home/airflow/.local/lib/python3.12/site-packages/airflow/example_dags/example_branch_day_of_week_operator.py took 0.168 seconds
[2026-06-10T22:57:17.206+0000] {processor.py:161} INFO - Started process (PID=5020) to work on /home/airflow/.local/lib/python3.12/site-packages/airflow/example_dags/example_branch_day_of_week_operator.py
[2026-06-10T22:57:17.207+0000] {processor.py:830} INFO - Processing file /home/airflow/.local/lib/python3.12/site-packages/airflow/example_dags/example_branch_day_of_week_operator.py for tasks to queue
[2026-06-10T22:57:17.209+0000] {logging_mixin.py:188} INFO - [2026-06-10T22:57:17.209+0000] {dagbag.py:545} INFO - Filling up the DagBag from /home/airflow/.local/lib/python3.12/site-packages/airflow/example_dags/example_branch_day_of_week_operator.py
[2026-06-10T22:57:17.218+0000] {processor.py:840} INFO - DAG(s) 'example_weekday_branch_operator' retrieved from /home/airflow/.local/lib/python3.12/site-packages/airflow/example_dags/example_branch_day_of_week_operator.py
[2026-06-10T22:57:17.248+0000] {logging_mixin.py:188} INFO - [2026-06-10T22:57:17.247+0000] {dag.py:3096} INFO - Sync 1 DAGs
[2026-06-10T22:57:17.304+0000] {logging_mixin.py:188} INFO - [2026-06-10T22:57:17.304+0000] {dag.py:3954} INFO - Setting next_dagrun for example_weekday_branch_operator to 2026-06-09 00:00:00+00:00, run_after=2026-06-10 00:00:00+00:00
[2026-06-10T22:57:17.348+0000] {processor.py:183} INFO - Processing /home/airflow/.local/lib/python3.12/site-packages/airflow/example_dags/example_branch_day_of_week_operator.py took 0.149 seconds
[2026-06-10T22:57:48.144+0000] {processor.py:161} INFO - Started process (PID=5079) to work on /home/airflow/.local/lib/python3.12/site-packages/airflow/example_dags/example_branch_day_of_week_operator.py
[2026-06-10T22:57:48.145+0000] {processor.py:830} INFO - Processing file /home/airflow/.local/lib/python3.12/site-packages/airflow/example_dags/example_branch_day_of_week_operator.py for tasks to queue
[2026-06-10T22:57:48.148+0000] {logging_mixin.py:188} INFO - [2026-06-10T22:57:48.147+0000] {dagbag.py:545} INFO - Filling up the DagBag from /home/airflow/.local/lib/python3.12/site-packages/airflow/example_dags/example_branch_day_of_week_operator.py
[2026-06-10T22:57:48.159+0000] {processor.py:840} INFO - DAG(s) 'example_weekday_branch_operator' retrieved from /home/airflow/.local/lib/python3.12/site-packages/airflow/example_dags/example_branch_day_of_week_operator.py
[2026-06-10T22:57:48.186+0000] {logging_mixin.py:188} INFO - [2026-06-10T22:57:48.186+0000] {dag.py:3096} INFO - Sync 1 DAGs
[2026-06-10T22:57:48.208+0000] {logging_mixin.py:188} INFO - [2026-06-10T22:57:48.208+0000] {dag.py:3954} INFO - Setting next_dagrun for example_weekday_branch_operator to 2026-06-09 00:00:00+00:00, run_after=2026-06-10 00:00:00+00:00
[2026-06-10T22:57:48.224+0000] {processor.py:183} INFO - Processing /home/airflow/.local/lib/python3.12/site-packages/airflow/example_dags/example_branch_day_of_week_operator.py took 0.087 seconds
[2026-06-10T22:58:18.964+0000] {processor.py:161} INFO - Started process (PID=5139) to work on /home/airflow/.local/lib/python3.12/site-packages/airflow/example_dags/example_branch_day_of_week_operator.py
[2026-06-10T22:58:18.970+0000] {processor.py:830} INFO - Processing file /home/airflow/.local/lib/python3.12/site-packages/airflow/example_dags/example_branch_day_of_week_operator.py for tasks to queue
[2026-06-10T22:58:18.975+0000] {logging_mixin.py:188} INFO - [2026-06-10T22:58:18.974+0000] {dagbag.py:545} INFO - Filling up the DagBag from /home/airflow/.local/lib/python3.12/site-packages/airflow/example_dags/example_branch_day_of_week_operator.py
[2026-06-10T22:58:18.995+0000] {processor.py:840} INFO - DAG(s) 'example_weekday_branch_operator' retrieved from /home/airflow/.local/lib/python3.12/site-packages/airflow/example_dags/example_branch_day_of_week_operator.py
[2026-06-10T22:58:19.034+0000] {logging_mixin.py:188} INFO - [2026-06-10T22:58:19.034+0000] {dag.py:3096} INFO - Sync 1 DAGs
[2026-06-10T22:58:19.082+0000] {logging_mixin.py:188} INFO - [2026-06-10T22:58:19.081+0000] {dag.py:3954} INFO - Setting next_dagrun for example_weekday_branch_operator to 2026-06-09 00:00:00+00:00, run_after=2026-06-10 00:00:00+00:00
[2026-06-10T22:58:19.115+0000] {processor.py:183} INFO - Processing /home/airflow/.local/lib/python3.12/site-packages/airflow/example_dags/example_branch_day_of_week_operator.py took 0.173 seconds
[2026-06-10T22:58:49.788+0000] {processor.py:161} INFO - Started process (PID=5200) to work on /home/airflow/.local/lib/python3.12/site-packages/airflow/example_dags/example_branch_day_of_week_operator.py
[2026-06-10T22:58:49.791+0000] {processor.py:830} INFO - Processing file /home/airflow/.local/lib/python3.12/site-packages/airflow/example_dags/example_branch_day_of_week_operator.py for tasks to queue
[2026-06-10T22:58:49.793+0000] {logging_mixin.py:188} INFO - [2026-06-10T22:58:49.793+0000] {dagbag.py:545} INFO - Filling up the DagBag from /home/airflow/.local/lib/python3.12/site-packages/airflow/example_dags/example_branch_day_of_week_operator.py
[2026-06-10T22:58:49.800+0000] {processor.py:840} INFO - DAG(s) 'example_weekday_branch_operator' retrieved from /home/airflow/.local/lib/python3.12/site-packages/airflow/example_dags/example_branch_day_of_week_operator.py
[2026-06-10T22:58:49.822+0000] {logging_mixin.py:188} INFO - [2026-06-10T22:58:49.822+0000] {dag.py:3096} INFO - Sync 1 DAGs
[2026-06-10T22:58:49.842+0000] {logging_mixin.py:188} INFO - [2026-06-10T22:58:49.841+0000] {dag.py:3954} INFO - Setting next_dagrun for example_weekday_branch_operator to 2026-06-09 00:00:00+00:00, run_after=2026-06-10 00:00:00+00:00
[2026-06-10T22:58:49.857+0000] {processor.py:183} INFO - Processing /home/airflow/.local/lib/python3.12/site-packages/airflow/example_dags/example_branch_day_of_week_operator.py took 0.075 seconds
