[2026-06-10T21:51:16.861+0000] {processor.py:161} INFO - Started process (PID=92) to work on /home/airflow/.local/lib/python3.12/site-packages/airflow/example_dags/example_datasets.py
[2026-06-10T21:51:16.866+0000] {processor.py:830} INFO - Processing file /home/airflow/.local/lib/python3.12/site-packages/airflow/example_dags/example_datasets.py for tasks to queue
[2026-06-10T21:51:16.875+0000] {logging_mixin.py:188} INFO - [2026-06-10T21:51:16.875+0000] {dagbag.py:545} INFO - Filling up the DagBag from /home/airflow/.local/lib/python3.12/site-packages/airflow/example_dags/example_datasets.py
[2026-06-10T21:51:17.000+0000] {processor.py:840} INFO - DAG(s) 'dataset_consumes_1_and_2', 'dataset_consumes_1', 'consume_1_or_both_2_and_3_with_dataset_expressions', 'conditional_dataset_and_time_based_timetable', 'consume_1_or_2_with_dataset_expressions', 'dataset_consumes_unknown_never_scheduled', 'dataset_produces_1', 'dataset_produces_2', 'dataset_consumes_1_never_scheduled', 'consume_1_and_2_with_dataset_expressions' retrieved from /home/airflow/.local/lib/python3.12/site-packages/airflow/example_dags/example_datasets.py
[2026-06-10T21:51:17.460+0000] {logging_mixin.py:188} INFO - [2026-06-10T21:51:17.460+0000] {override.py:1829} INFO - Created Permission View: can edit on DAG:dataset_consumes_1_and_2
[2026-06-10T21:51:17.529+0000] {logging_mixin.py:188} INFO - [2026-06-10T21:51:17.529+0000] {override.py:1829} INFO - Created Permission View: can read on DAG:dataset_consumes_1_and_2
[2026-06-10T21:51:17.574+0000] {logging_mixin.py:188} INFO - [2026-06-10T21:51:17.574+0000] {override.py:1829} INFO - Created Permission View: can delete on DAG:dataset_consumes_1_and_2
[2026-06-10T21:51:17.641+0000] {logging_mixin.py:188} INFO - [2026-06-10T21:51:17.641+0000] {override.py:1829} INFO - Created Permission View: can edit on DAG:dataset_consumes_1
[2026-06-10T21:51:17.713+0000] {logging_mixin.py:188} INFO - [2026-06-10T21:51:17.708+0000] {override.py:1829} INFO - Created Permission View: can read on DAG:dataset_consumes_1
[2026-06-10T21:51:17.751+0000] {logging_mixin.py:188} INFO - [2026-06-10T21:51:17.751+0000] {override.py:1829} INFO - Created Permission View: can delete on DAG:dataset_consumes_1
[2026-06-10T21:51:17.813+0000] {logging_mixin.py:188} INFO - [2026-06-10T21:51:17.813+0000] {override.py:1829} INFO - Created Permission View: can edit on DAG:consume_1_or_both_2_and_3_with_dataset_expressions
[2026-06-10T21:51:17.898+0000] {logging_mixin.py:188} INFO - [2026-06-10T21:51:17.897+0000] {override.py:1829} INFO - Created Permission View: can read on DAG:consume_1_or_both_2_and_3_with_dataset_expressions
[2026-06-10T21:51:17.946+0000] {logging_mixin.py:188} INFO - [2026-06-10T21:51:17.946+0000] {override.py:1829} INFO - Created Permission View: can delete on DAG:consume_1_or_both_2_and_3_with_dataset_expressions
[2026-06-10T21:51:17.991+0000] {logging_mixin.py:188} INFO - [2026-06-10T21:51:17.991+0000] {override.py:1829} INFO - Created Permission View: can edit on DAG:conditional_dataset_and_time_based_timetable
[2026-06-10T21:51:18.019+0000] {logging_mixin.py:188} INFO - [2026-06-10T21:51:18.018+0000] {override.py:1829} INFO - Created Permission View: can read on DAG:conditional_dataset_and_time_based_timetable
[2026-06-10T21:51:18.044+0000] {logging_mixin.py:188} INFO - [2026-06-10T21:51:18.041+0000] {override.py:1829} INFO - Created Permission View: can delete on DAG:conditional_dataset_and_time_based_timetable
[2026-06-10T21:51:18.093+0000] {logging_mixin.py:188} INFO - [2026-06-10T21:51:18.093+0000] {override.py:1829} INFO - Created Permission View: can edit on DAG:consume_1_or_2_with_dataset_expressions
[2026-06-10T21:51:18.116+0000] {logging_mixin.py:188} INFO - [2026-06-10T21:51:18.116+0000] {override.py:1829} INFO - Created Permission View: can read on DAG:consume_1_or_2_with_dataset_expressions
[2026-06-10T21:51:18.135+0000] {logging_mixin.py:188} INFO - [2026-06-10T21:51:18.135+0000] {override.py:1829} INFO - Created Permission View: can delete on DAG:consume_1_or_2_with_dataset_expressions
[2026-06-10T21:51:18.196+0000] {logging_mixin.py:188} INFO - [2026-06-10T21:51:18.196+0000] {override.py:1829} INFO - Created Permission View: can edit on DAG:dataset_consumes_unknown_never_scheduled
[2026-06-10T21:51:18.224+0000] {logging_mixin.py:188} INFO - [2026-06-10T21:51:18.223+0000] {override.py:1829} INFO - Created Permission View: can read on DAG:dataset_consumes_unknown_never_scheduled
[2026-06-10T21:51:18.246+0000] {logging_mixin.py:188} INFO - [2026-06-10T21:51:18.246+0000] {override.py:1829} INFO - Created Permission View: can delete on DAG:dataset_consumes_unknown_never_scheduled
[2026-06-10T21:51:18.301+0000] {logging_mixin.py:188} INFO - [2026-06-10T21:51:18.300+0000] {override.py:1829} INFO - Created Permission View: can edit on DAG:dataset_produces_1
[2026-06-10T21:51:18.366+0000] {logging_mixin.py:188} INFO - [2026-06-10T21:51:18.366+0000] {override.py:1829} INFO - Created Permission View: can read on DAG:dataset_produces_1
[2026-06-10T21:51:18.425+0000] {logging_mixin.py:188} INFO - [2026-06-10T21:51:18.425+0000] {override.py:1829} INFO - Created Permission View: can delete on DAG:dataset_produces_1
[2026-06-10T21:51:18.515+0000] {logging_mixin.py:188} INFO - [2026-06-10T21:51:18.515+0000] {override.py:1829} INFO - Created Permission View: can edit on DAG:dataset_produces_2
[2026-06-10T21:51:18.559+0000] {logging_mixin.py:188} INFO - [2026-06-10T21:51:18.559+0000] {override.py:1829} INFO - Created Permission View: can read on DAG:dataset_produces_2
[2026-06-10T21:51:18.608+0000] {logging_mixin.py:188} INFO - [2026-06-10T21:51:18.608+0000] {override.py:1829} INFO - Created Permission View: can delete on DAG:dataset_produces_2
[2026-06-10T21:51:18.682+0000] {logging_mixin.py:188} INFO - [2026-06-10T21:51:18.682+0000] {override.py:1829} INFO - Created Permission View: can edit on DAG:dataset_consumes_1_never_scheduled
[2026-06-10T21:51:18.697+0000] {logging_mixin.py:188} INFO - [2026-06-10T21:51:18.696+0000] {override.py:1829} INFO - Created Permission View: can read on DAG:dataset_consumes_1_never_scheduled
[2026-06-10T21:51:18.713+0000] {logging_mixin.py:188} INFO - [2026-06-10T21:51:18.712+0000] {override.py:1829} INFO - Created Permission View: can delete on DAG:dataset_consumes_1_never_scheduled
[2026-06-10T21:51:18.747+0000] {logging_mixin.py:188} INFO - [2026-06-10T21:51:18.746+0000] {override.py:1829} INFO - Created Permission View: can edit on DAG:consume_1_and_2_with_dataset_expressions
[2026-06-10T21:51:18.763+0000] {logging_mixin.py:188} INFO - [2026-06-10T21:51:18.763+0000] {override.py:1829} INFO - Created Permission View: can read on DAG:consume_1_and_2_with_dataset_expressions
[2026-06-10T21:51:18.773+0000] {logging_mixin.py:188} INFO - [2026-06-10T21:51:18.773+0000] {override.py:1829} INFO - Created Permission View: can delete on DAG:consume_1_and_2_with_dataset_expressions
[2026-06-10T21:51:18.775+0000] {logging_mixin.py:188} INFO - [2026-06-10T21:51:18.775+0000] {dag.py:3096} INFO - Sync 10 DAGs
[2026-06-10T21:51:18.817+0000] {logging_mixin.py:188} INFO - [2026-06-10T21:51:18.811+0000] {dag.py:3118} INFO - Creating ORM DAG for consume_1_or_both_2_and_3_with_dataset_expressions
[2026-06-10T21:51:18.820+0000] {logging_mixin.py:188} INFO - [2026-06-10T21:51:18.820+0000] {dag.py:3118} INFO - Creating ORM DAG for dataset_produces_1
[2026-06-10T21:51:18.821+0000] {logging_mixin.py:188} INFO - [2026-06-10T21:51:18.821+0000] {dag.py:3118} INFO - Creating ORM DAG for conditional_dataset_and_time_based_timetable
[2026-06-10T21:51:18.822+0000] {logging_mixin.py:188} INFO - [2026-06-10T21:51:18.822+0000] {dag.py:3118} INFO - Creating ORM DAG for dataset_consumes_unknown_never_scheduled
[2026-06-10T21:51:18.824+0000] {logging_mixin.py:188} INFO - [2026-06-10T21:51:18.824+0000] {dag.py:3118} INFO - Creating ORM DAG for dataset_consumes_1
[2026-06-10T21:51:18.825+0000] {logging_mixin.py:188} INFO - [2026-06-10T21:51:18.825+0000] {dag.py:3118} INFO - Creating ORM DAG for dataset_consumes_1_never_scheduled
[2026-06-10T21:51:18.828+0000] {logging_mixin.py:188} INFO - [2026-06-10T21:51:18.828+0000] {dag.py:3118} INFO - Creating ORM DAG for dataset_produces_2
[2026-06-10T21:51:18.829+0000] {logging_mixin.py:188} INFO - [2026-06-10T21:51:18.829+0000] {dag.py:3118} INFO - Creating ORM DAG for consume_1_or_2_with_dataset_expressions
[2026-06-10T21:51:18.832+0000] {logging_mixin.py:188} INFO - [2026-06-10T21:51:18.832+0000] {dag.py:3118} INFO - Creating ORM DAG for consume_1_and_2_with_dataset_expressions
[2026-06-10T21:51:18.833+0000] {logging_mixin.py:188} INFO - [2026-06-10T21:51:18.833+0000] {dag.py:3118} INFO - Creating ORM DAG for dataset_consumes_1_and_2
[2026-06-10T21:51:18.870+0000] {logging_mixin.py:188} INFO - [2026-06-10T21:51:18.868+0000] {dag.py:3954} INFO - Setting next_dagrun for conditional_dataset_and_time_based_timetable to 2026-06-10 01:00:00+00:00, run_after=2026-06-10 01:00:00+00:00
[2026-06-10T21:51:18.873+0000] {logging_mixin.py:188} INFO - [2026-06-10T21:51:18.870+0000] {dag.py:3954} INFO - Setting next_dagrun for consume_1_and_2_with_dataset_expressions to None, run_after=None
[2026-06-10T21:51:18.874+0000] {logging_mixin.py:188} INFO - [2026-06-10T21:51:18.874+0000] {dag.py:3954} INFO - Setting next_dagrun for consume_1_or_2_with_dataset_expressions to None, run_after=None
[2026-06-10T21:51:18.876+0000] {logging_mixin.py:188} INFO - [2026-06-10T21:51:18.875+0000] {dag.py:3954} INFO - Setting next_dagrun for consume_1_or_both_2_and_3_with_dataset_expressions to None, run_after=None
[2026-06-10T21:51:18.876+0000] {logging_mixin.py:188} INFO - [2026-06-10T21:51:18.876+0000] {dag.py:3954} INFO - Setting next_dagrun for dataset_consumes_1 to None, run_after=None
[2026-06-10T21:51:18.878+0000] {logging_mixin.py:188} INFO - [2026-06-10T21:51:18.878+0000] {dag.py:3954} INFO - Setting next_dagrun for dataset_consumes_1_and_2 to None, run_after=None
[2026-06-10T21:51:18.879+0000] {logging_mixin.py:188} INFO - [2026-06-10T21:51:18.879+0000] {dag.py:3954} INFO - Setting next_dagrun for dataset_consumes_1_never_scheduled to None, run_after=None
[2026-06-10T21:51:18.882+0000] {logging_mixin.py:188} INFO - [2026-06-10T21:51:18.882+0000] {dag.py:3954} INFO - Setting next_dagrun for dataset_consumes_unknown_never_scheduled to None, run_after=None
[2026-06-10T21:51:18.887+0000] {logging_mixin.py:188} INFO - [2026-06-10T21:51:18.884+0000] {dag.py:3954} INFO - Setting next_dagrun for dataset_produces_1 to 2026-06-09 00:00:00+00:00, run_after=2026-06-10 00:00:00+00:00
[2026-06-10T21:51:18.887+0000] {logging_mixin.py:188} INFO - [2026-06-10T21:51:18.887+0000] {dag.py:3954} INFO - Setting next_dagrun for dataset_produces_2 to None, run_after=None
[2026-06-10T21:51:19.235+0000] {processor.py:183} INFO - Processing /home/airflow/.local/lib/python3.12/site-packages/airflow/example_dags/example_datasets.py took 2.399 seconds
[2026-06-10T21:51:49.560+0000] {processor.py:161} INFO - Started process (PID=154) to work on /home/airflow/.local/lib/python3.12/site-packages/airflow/example_dags/example_datasets.py
[2026-06-10T21:51:49.563+0000] {processor.py:830} INFO - Processing file /home/airflow/.local/lib/python3.12/site-packages/airflow/example_dags/example_datasets.py for tasks to queue
[2026-06-10T21:51:49.567+0000] {logging_mixin.py:188} INFO - [2026-06-10T21:51:49.567+0000] {dagbag.py:545} INFO - Filling up the DagBag from /home/airflow/.local/lib/python3.12/site-packages/airflow/example_dags/example_datasets.py
[2026-06-10T21:51:49.604+0000] {processor.py:840} INFO - DAG(s) 'conditional_dataset_and_time_based_timetable', 'dataset_produces_2', 'dataset_consumes_1', 'dataset_consumes_1_never_scheduled', 'consume_1_or_2_with_dataset_expressions', 'dataset_produces_1', 'dataset_consumes_1_and_2', 'consume_1_or_both_2_and_3_with_dataset_expressions', 'consume_1_and_2_with_dataset_expressions', 'dataset_consumes_unknown_never_scheduled' retrieved from /home/airflow/.local/lib/python3.12/site-packages/airflow/example_dags/example_datasets.py
[2026-06-10T21:51:49.910+0000] {logging_mixin.py:188} INFO - [2026-06-10T21:51:49.909+0000] {dag.py:3096} INFO - Sync 10 DAGs
[2026-06-10T21:51:50.038+0000] {logging_mixin.py:188} INFO - [2026-06-10T21:51:50.038+0000] {dag.py:3954} INFO - Setting next_dagrun for conditional_dataset_and_time_based_timetable to 2026-06-10 01:00:00+00:00, run_after=2026-06-10 01:00:00+00:00
[2026-06-10T21:51:50.068+0000] {logging_mixin.py:188} INFO - [2026-06-10T21:51:50.067+0000] {dag.py:3954} INFO - Setting next_dagrun for consume_1_and_2_with_dataset_expressions to None, run_after=None
[2026-06-10T21:51:50.075+0000] {logging_mixin.py:188} INFO - [2026-06-10T21:51:50.074+0000] {dag.py:3954} INFO - Setting next_dagrun for consume_1_or_2_with_dataset_expressions to None, run_after=None
[2026-06-10T21:51:50.084+0000] {logging_mixin.py:188} INFO - [2026-06-10T21:51:50.084+0000] {dag.py:3954} INFO - Setting next_dagrun for consume_1_or_both_2_and_3_with_dataset_expressions to None, run_after=None
[2026-06-10T21:51:50.087+0000] {logging_mixin.py:188} INFO - [2026-06-10T21:51:50.087+0000] {dag.py:3954} INFO - Setting next_dagrun for dataset_consumes_1 to None, run_after=None
[2026-06-10T21:51:50.093+0000] {logging_mixin.py:188} INFO - [2026-06-10T21:51:50.093+0000] {dag.py:3954} INFO - Setting next_dagrun for dataset_consumes_1_and_2 to None, run_after=None
[2026-06-10T21:51:50.103+0000] {logging_mixin.py:188} INFO - [2026-06-10T21:51:50.103+0000] {dag.py:3954} INFO - Setting next_dagrun for dataset_consumes_1_never_scheduled to None, run_after=None
[2026-06-10T21:51:50.110+0000] {logging_mixin.py:188} INFO - [2026-06-10T21:51:50.110+0000] {dag.py:3954} INFO - Setting next_dagrun for dataset_consumes_unknown_never_scheduled to None, run_after=None
[2026-06-10T21:51:50.128+0000] {logging_mixin.py:188} INFO - [2026-06-10T21:51:50.128+0000] {dag.py:3954} INFO - Setting next_dagrun for dataset_produces_1 to 2026-06-09 00:00:00+00:00, run_after=2026-06-10 00:00:00+00:00
[2026-06-10T21:51:50.135+0000] {logging_mixin.py:188} INFO - [2026-06-10T21:51:50.135+0000] {dag.py:3954} INFO - Setting next_dagrun for dataset_produces_2 to None, run_after=None
[2026-06-10T21:51:50.382+0000] {processor.py:183} INFO - Processing /home/airflow/.local/lib/python3.12/site-packages/airflow/example_dags/example_datasets.py took 0.838 seconds
[2026-06-10T21:52:20.889+0000] {processor.py:161} INFO - Started process (PID=212) to work on /home/airflow/.local/lib/python3.12/site-packages/airflow/example_dags/example_datasets.py
[2026-06-10T21:52:20.890+0000] {processor.py:830} INFO - Processing file /home/airflow/.local/lib/python3.12/site-packages/airflow/example_dags/example_datasets.py for tasks to queue
[2026-06-10T21:52:20.891+0000] {logging_mixin.py:188} INFO - [2026-06-10T21:52:20.891+0000] {dagbag.py:545} INFO - Filling up the DagBag from /home/airflow/.local/lib/python3.12/site-packages/airflow/example_dags/example_datasets.py
[2026-06-10T21:52:20.903+0000] {processor.py:840} INFO - DAG(s) 'dataset_consumes_unknown_never_scheduled', 'dataset_consumes_1_and_2', 'dataset_produces_2', 'consume_1_or_both_2_and_3_with_dataset_expressions', 'conditional_dataset_and_time_based_timetable', 'consume_1_and_2_with_dataset_expressions', 'dataset_produces_1', 'dataset_consumes_1', 'dataset_consumes_1_never_scheduled', 'consume_1_or_2_with_dataset_expressions' retrieved from /home/airflow/.local/lib/python3.12/site-packages/airflow/example_dags/example_datasets.py
[2026-06-10T21:52:20.944+0000] {logging_mixin.py:188} INFO - [2026-06-10T21:52:20.944+0000] {dag.py:3096} INFO - Sync 10 DAGs
[2026-06-10T21:52:20.968+0000] {logging_mixin.py:188} INFO - [2026-06-10T21:52:20.968+0000] {dag.py:3954} INFO - Setting next_dagrun for conditional_dataset_and_time_based_timetable to 2026-06-10 01:00:00+00:00, run_after=2026-06-10 01:00:00+00:00
[2026-06-10T21:52:20.973+0000] {logging_mixin.py:188} INFO - [2026-06-10T21:52:20.973+0000] {dag.py:3954} INFO - Setting next_dagrun for consume_1_and_2_with_dataset_expressions to None, run_after=None
[2026-06-10T21:52:20.975+0000] {logging_mixin.py:188} INFO - [2026-06-10T21:52:20.974+0000] {dag.py:3954} INFO - Setting next_dagrun for consume_1_or_2_with_dataset_expressions to None, run_after=None
[2026-06-10T21:52:20.976+0000] {logging_mixin.py:188} INFO - [2026-06-10T21:52:20.976+0000] {dag.py:3954} INFO - Setting next_dagrun for consume_1_or_both_2_and_3_with_dataset_expressions to None, run_after=None
[2026-06-10T21:52:20.977+0000] {logging_mixin.py:188} INFO - [2026-06-10T21:52:20.977+0000] {dag.py:3954} INFO - Setting next_dagrun for dataset_consumes_1 to None, run_after=None
[2026-06-10T21:52:20.978+0000] {logging_mixin.py:188} INFO - [2026-06-10T21:52:20.978+0000] {dag.py:3954} INFO - Setting next_dagrun for dataset_consumes_1_and_2 to None, run_after=None
[2026-06-10T21:52:20.981+0000] {logging_mixin.py:188} INFO - [2026-06-10T21:52:20.980+0000] {dag.py:3954} INFO - Setting next_dagrun for dataset_consumes_1_never_scheduled to None, run_after=None
[2026-06-10T21:52:20.984+0000] {logging_mixin.py:188} INFO - [2026-06-10T21:52:20.983+0000] {dag.py:3954} INFO - Setting next_dagrun for dataset_consumes_unknown_never_scheduled to None, run_after=None
[2026-06-10T21:52:20.988+0000] {logging_mixin.py:188} INFO - [2026-06-10T21:52:20.987+0000] {dag.py:3954} INFO - Setting next_dagrun for dataset_produces_1 to 2026-06-09 00:00:00+00:00, run_after=2026-06-10 00:00:00+00:00
[2026-06-10T21:52:20.989+0000] {logging_mixin.py:188} INFO - [2026-06-10T21:52:20.989+0000] {dag.py:3954} INFO - Setting next_dagrun for dataset_produces_2 to None, run_after=None
[2026-06-10T21:52:21.022+0000] {processor.py:183} INFO - Processing /home/airflow/.local/lib/python3.12/site-packages/airflow/example_dags/example_datasets.py took 0.138 seconds
[2026-06-10T21:52:51.102+0000] {processor.py:161} INFO - Started process (PID=271) to work on /home/airflow/.local/lib/python3.12/site-packages/airflow/example_dags/example_datasets.py
[2026-06-10T21:52:51.103+0000] {processor.py:830} INFO - Processing file /home/airflow/.local/lib/python3.12/site-packages/airflow/example_dags/example_datasets.py for tasks to queue
[2026-06-10T21:52:51.105+0000] {logging_mixin.py:188} INFO - [2026-06-10T21:52:51.105+0000] {dagbag.py:545} INFO - Filling up the DagBag from /home/airflow/.local/lib/python3.12/site-packages/airflow/example_dags/example_datasets.py
[2026-06-10T21:52:51.120+0000] {processor.py:840} INFO - DAG(s) 'conditional_dataset_and_time_based_timetable', 'consume_1_or_both_2_and_3_with_dataset_expressions', 'consume_1_or_2_with_dataset_expressions', 'dataset_consumes_unknown_never_scheduled', 'dataset_produces_1', 'dataset_produces_2', 'dataset_consumes_1_and_2', 'consume_1_and_2_with_dataset_expressions', 'dataset_consumes_1', 'dataset_consumes_1_never_scheduled' retrieved from /home/airflow/.local/lib/python3.12/site-packages/airflow/example_dags/example_datasets.py
[2026-06-10T21:52:51.161+0000] {logging_mixin.py:188} INFO - [2026-06-10T21:52:51.161+0000] {dag.py:3096} INFO - Sync 10 DAGs
[2026-06-10T21:52:51.185+0000] {logging_mixin.py:188} INFO - [2026-06-10T21:52:51.185+0000] {dag.py:3954} INFO - Setting next_dagrun for conditional_dataset_and_time_based_timetable to 2026-06-10 01:00:00+00:00, run_after=2026-06-10 01:00:00+00:00
[2026-06-10T21:52:51.189+0000] {logging_mixin.py:188} INFO - [2026-06-10T21:52:51.189+0000] {dag.py:3954} INFO - Setting next_dagrun for consume_1_and_2_with_dataset_expressions to None, run_after=None
[2026-06-10T21:52:51.190+0000] {logging_mixin.py:188} INFO - [2026-06-10T21:52:51.190+0000] {dag.py:3954} INFO - Setting next_dagrun for consume_1_or_2_with_dataset_expressions to None, run_after=None
[2026-06-10T21:52:51.191+0000] {logging_mixin.py:188} INFO - [2026-06-10T21:52:51.191+0000] {dag.py:3954} INFO - Setting next_dagrun for consume_1_or_both_2_and_3_with_dataset_expressions to None, run_after=None
[2026-06-10T21:52:51.192+0000] {logging_mixin.py:188} INFO - [2026-06-10T21:52:51.192+0000] {dag.py:3954} INFO - Setting next_dagrun for dataset_consumes_1 to None, run_after=None
[2026-06-10T21:52:51.193+0000] {logging_mixin.py:188} INFO - [2026-06-10T21:52:51.193+0000] {dag.py:3954} INFO - Setting next_dagrun for dataset_consumes_1_and_2 to None, run_after=None
[2026-06-10T21:52:51.194+0000] {logging_mixin.py:188} INFO - [2026-06-10T21:52:51.194+0000] {dag.py:3954} INFO - Setting next_dagrun for dataset_consumes_1_never_scheduled to None, run_after=None
[2026-06-10T21:52:51.195+0000] {logging_mixin.py:188} INFO - [2026-06-10T21:52:51.195+0000] {dag.py:3954} INFO - Setting next_dagrun for dataset_consumes_unknown_never_scheduled to None, run_after=None
[2026-06-10T21:52:51.197+0000] {logging_mixin.py:188} INFO - [2026-06-10T21:52:51.197+0000] {dag.py:3954} INFO - Setting next_dagrun for dataset_produces_1 to 2026-06-09 00:00:00+00:00, run_after=2026-06-10 00:00:00+00:00
[2026-06-10T21:52:51.198+0000] {logging_mixin.py:188} INFO - [2026-06-10T21:52:51.198+0000] {dag.py:3954} INFO - Setting next_dagrun for dataset_produces_2 to None, run_after=None
[2026-06-10T21:52:51.226+0000] {processor.py:183} INFO - Processing /home/airflow/.local/lib/python3.12/site-packages/airflow/example_dags/example_datasets.py took 0.133 seconds
[2026-06-10T21:53:21.544+0000] {processor.py:161} INFO - Started process (PID=330) to work on /home/airflow/.local/lib/python3.12/site-packages/airflow/example_dags/example_datasets.py
[2026-06-10T21:53:21.547+0000] {processor.py:830} INFO - Processing file /home/airflow/.local/lib/python3.12/site-packages/airflow/example_dags/example_datasets.py for tasks to queue
[2026-06-10T21:53:21.551+0000] {logging_mixin.py:188} INFO - [2026-06-10T21:53:21.550+0000] {dagbag.py:545} INFO - Filling up the DagBag from /home/airflow/.local/lib/python3.12/site-packages/airflow/example_dags/example_datasets.py
[2026-06-10T21:53:21.597+0000] {processor.py:840} INFO - DAG(s) 'dataset_consumes_1_and_2', 'consume_1_and_2_with_dataset_expressions', 'dataset_consumes_1', 'consume_1_or_2_with_dataset_expressions', 'dataset_produces_2', 'dataset_consumes_unknown_never_scheduled', 'dataset_produces_1', 'dataset_consumes_1_never_scheduled', 'conditional_dataset_and_time_based_timetable', 'consume_1_or_both_2_and_3_with_dataset_expressions' retrieved from /home/airflow/.local/lib/python3.12/site-packages/airflow/example_dags/example_datasets.py
[2026-06-10T21:53:21.743+0000] {logging_mixin.py:188} INFO - [2026-06-10T21:53:21.743+0000] {dag.py:3096} INFO - Sync 10 DAGs
[2026-06-10T21:53:21.808+0000] {logging_mixin.py:188} INFO - [2026-06-10T21:53:21.808+0000] {dag.py:3954} INFO - Setting next_dagrun for conditional_dataset_and_time_based_timetable to 2026-06-10 01:00:00+00:00, run_after=2026-06-10 01:00:00+00:00
[2026-06-10T21:53:21.820+0000] {logging_mixin.py:188} INFO - [2026-06-10T21:53:21.820+0000] {dag.py:3954} INFO - Setting next_dagrun for consume_1_and_2_with_dataset_expressions to None, run_after=None
[2026-06-10T21:53:21.825+0000] {logging_mixin.py:188} INFO - [2026-06-10T21:53:21.825+0000] {dag.py:3954} INFO - Setting next_dagrun for consume_1_or_2_with_dataset_expressions to None, run_after=None
[2026-06-10T21:53:21.826+0000] {logging_mixin.py:188} INFO - [2026-06-10T21:53:21.826+0000] {dag.py:3954} INFO - Setting next_dagrun for consume_1_or_both_2_and_3_with_dataset_expressions to None, run_after=None
[2026-06-10T21:53:21.830+0000] {logging_mixin.py:188} INFO - [2026-06-10T21:53:21.829+0000] {dag.py:3954} INFO - Setting next_dagrun for dataset_consumes_1 to None, run_after=None
[2026-06-10T21:53:21.833+0000] {logging_mixin.py:188} INFO - [2026-06-10T21:53:21.832+0000] {dag.py:3954} INFO - Setting next_dagrun for dataset_consumes_1_and_2 to None, run_after=None
[2026-06-10T21:53:21.836+0000] {logging_mixin.py:188} INFO - [2026-06-10T21:53:21.836+0000] {dag.py:3954} INFO - Setting next_dagrun for dataset_consumes_1_never_scheduled to None, run_after=None
[2026-06-10T21:53:21.837+0000] {logging_mixin.py:188} INFO - [2026-06-10T21:53:21.837+0000] {dag.py:3954} INFO - Setting next_dagrun for dataset_consumes_unknown_never_scheduled to None, run_after=None
[2026-06-10T21:53:21.849+0000] {logging_mixin.py:188} INFO - [2026-06-10T21:53:21.844+0000] {dag.py:3954} INFO - Setting next_dagrun for dataset_produces_1 to 2026-06-09 00:00:00+00:00, run_after=2026-06-10 00:00:00+00:00
[2026-06-10T21:53:21.850+0000] {logging_mixin.py:188} INFO - [2026-06-10T21:53:21.850+0000] {dag.py:3954} INFO - Setting next_dagrun for dataset_produces_2 to None, run_after=None
[2026-06-10T21:53:22.140+0000] {processor.py:183} INFO - Processing /home/airflow/.local/lib/python3.12/site-packages/airflow/example_dags/example_datasets.py took 0.620 seconds
[2026-06-10T21:53:52.746+0000] {processor.py:161} INFO - Started process (PID=390) to work on /home/airflow/.local/lib/python3.12/site-packages/airflow/example_dags/example_datasets.py
[2026-06-10T21:53:52.748+0000] {processor.py:830} INFO - Processing file /home/airflow/.local/lib/python3.12/site-packages/airflow/example_dags/example_datasets.py for tasks to queue
[2026-06-10T21:53:52.750+0000] {logging_mixin.py:188} INFO - [2026-06-10T21:53:52.750+0000] {dagbag.py:545} INFO - Filling up the DagBag from /home/airflow/.local/lib/python3.12/site-packages/airflow/example_dags/example_datasets.py
[2026-06-10T21:53:52.769+0000] {processor.py:840} INFO - DAG(s) 'consume_1_or_2_with_dataset_expressions', 'dataset_consumes_1_never_scheduled', 'conditional_dataset_and_time_based_timetable', 'dataset_produces_1', 'dataset_produces_2', 'dataset_consumes_1_and_2', 'dataset_consumes_unknown_never_scheduled', 'dataset_consumes_1', 'consume_1_and_2_with_dataset_expressions', 'consume_1_or_both_2_and_3_with_dataset_expressions' retrieved from /home/airflow/.local/lib/python3.12/site-packages/airflow/example_dags/example_datasets.py
[2026-06-10T21:53:52.837+0000] {logging_mixin.py:188} INFO - [2026-06-10T21:53:52.836+0000] {dag.py:3096} INFO - Sync 10 DAGs
[2026-06-10T21:53:52.875+0000] {logging_mixin.py:188} INFO - [2026-06-10T21:53:52.875+0000] {dag.py:3954} INFO - Setting next_dagrun for conditional_dataset_and_time_based_timetable to 2026-06-10 01:00:00+00:00, run_after=2026-06-10 01:00:00+00:00
[2026-06-10T21:53:52.882+0000] {logging_mixin.py:188} INFO - [2026-06-10T21:53:52.882+0000] {dag.py:3954} INFO - Setting next_dagrun for consume_1_and_2_with_dataset_expressions to None, run_after=None
[2026-06-10T21:53:52.886+0000] {logging_mixin.py:188} INFO - [2026-06-10T21:53:52.885+0000] {dag.py:3954} INFO - Setting next_dagrun for consume_1_or_2_with_dataset_expressions to None, run_after=None
[2026-06-10T21:53:52.890+0000] {logging_mixin.py:188} INFO - [2026-06-10T21:53:52.889+0000] {dag.py:3954} INFO - Setting next_dagrun for consume_1_or_both_2_and_3_with_dataset_expressions to None, run_after=None
[2026-06-10T21:53:52.891+0000] {logging_mixin.py:188} INFO - [2026-06-10T21:53:52.891+0000] {dag.py:3954} INFO - Setting next_dagrun for dataset_consumes_1 to None, run_after=None
[2026-06-10T21:53:52.895+0000] {logging_mixin.py:188} INFO - [2026-06-10T21:53:52.895+0000] {dag.py:3954} INFO - Setting next_dagrun for dataset_consumes_1_and_2 to None, run_after=None
[2026-06-10T21:53:52.897+0000] {logging_mixin.py:188} INFO - [2026-06-10T21:53:52.896+0000] {dag.py:3954} INFO - Setting next_dagrun for dataset_consumes_1_never_scheduled to None, run_after=None
[2026-06-10T21:53:52.900+0000] {logging_mixin.py:188} INFO - [2026-06-10T21:53:52.900+0000] {dag.py:3954} INFO - Setting next_dagrun for dataset_consumes_unknown_never_scheduled to None, run_after=None
[2026-06-10T21:53:52.903+0000] {logging_mixin.py:188} INFO - [2026-06-10T21:53:52.903+0000] {dag.py:3954} INFO - Setting next_dagrun for dataset_produces_1 to 2026-06-09 00:00:00+00:00, run_after=2026-06-10 00:00:00+00:00
[2026-06-10T21:53:52.905+0000] {logging_mixin.py:188} INFO - [2026-06-10T21:53:52.904+0000] {dag.py:3954} INFO - Setting next_dagrun for dataset_produces_2 to None, run_after=None
[2026-06-10T21:53:52.943+0000] {processor.py:183} INFO - Processing /home/airflow/.local/lib/python3.12/site-packages/airflow/example_dags/example_datasets.py took 0.204 seconds
[2026-06-10T21:54:23.426+0000] {processor.py:161} INFO - Started process (PID=449) to work on /home/airflow/.local/lib/python3.12/site-packages/airflow/example_dags/example_datasets.py
[2026-06-10T21:54:23.428+0000] {processor.py:830} INFO - Processing file /home/airflow/.local/lib/python3.12/site-packages/airflow/example_dags/example_datasets.py for tasks to queue
[2026-06-10T21:54:23.431+0000] {logging_mixin.py:188} INFO - [2026-06-10T21:54:23.430+0000] {dagbag.py:545} INFO - Filling up the DagBag from /home/airflow/.local/lib/python3.12/site-packages/airflow/example_dags/example_datasets.py
[2026-06-10T21:54:23.458+0000] {processor.py:840} INFO - DAG(s) 'consume_1_or_2_with_dataset_expressions', 'dataset_consumes_1', 'conditional_dataset_and_time_based_timetable', 'dataset_consumes_unknown_never_scheduled', 'dataset_produces_1', 'consume_1_and_2_with_dataset_expressions', 'consume_1_or_both_2_and_3_with_dataset_expressions', 'dataset_consumes_1_and_2', 'dataset_produces_2', 'dataset_consumes_1_never_scheduled' retrieved from /home/airflow/.local/lib/python3.12/site-packages/airflow/example_dags/example_datasets.py
[2026-06-10T21:54:23.516+0000] {logging_mixin.py:188} INFO - [2026-06-10T21:54:23.516+0000] {dag.py:3096} INFO - Sync 10 DAGs
[2026-06-10T21:54:23.537+0000] {logging_mixin.py:188} INFO - [2026-06-10T21:54:23.537+0000] {dag.py:3954} INFO - Setting next_dagrun for conditional_dataset_and_time_based_timetable to 2026-06-10 01:00:00+00:00, run_after=2026-06-10 01:00:00+00:00
[2026-06-10T21:54:23.542+0000] {logging_mixin.py:188} INFO - [2026-06-10T21:54:23.542+0000] {dag.py:3954} INFO - Setting next_dagrun for consume_1_and_2_with_dataset_expressions to None, run_after=None
[2026-06-10T21:54:23.544+0000] {logging_mixin.py:188} INFO - [2026-06-10T21:54:23.543+0000] {dag.py:3954} INFO - Setting next_dagrun for consume_1_or_2_with_dataset_expressions to None, run_after=None
[2026-06-10T21:54:23.547+0000] {logging_mixin.py:188} INFO - [2026-06-10T21:54:23.547+0000] {dag.py:3954} INFO - Setting next_dagrun for consume_1_or_both_2_and_3_with_dataset_expressions to None, run_after=None
[2026-06-10T21:54:23.548+0000] {logging_mixin.py:188} INFO - [2026-06-10T21:54:23.548+0000] {dag.py:3954} INFO - Setting next_dagrun for dataset_consumes_1 to None, run_after=None
[2026-06-10T21:54:23.549+0000] {logging_mixin.py:188} INFO - [2026-06-10T21:54:23.549+0000] {dag.py:3954} INFO - Setting next_dagrun for dataset_consumes_1_and_2 to None, run_after=None
[2026-06-10T21:54:23.550+0000] {logging_mixin.py:188} INFO - [2026-06-10T21:54:23.550+0000] {dag.py:3954} INFO - Setting next_dagrun for dataset_consumes_1_never_scheduled to None, run_after=None
[2026-06-10T21:54:23.551+0000] {logging_mixin.py:188} INFO - [2026-06-10T21:54:23.551+0000] {dag.py:3954} INFO - Setting next_dagrun for dataset_consumes_unknown_never_scheduled to None, run_after=None
[2026-06-10T21:54:23.553+0000] {logging_mixin.py:188} INFO - [2026-06-10T21:54:23.553+0000] {dag.py:3954} INFO - Setting next_dagrun for dataset_produces_1 to 2026-06-09 00:00:00+00:00, run_after=2026-06-10 00:00:00+00:00
[2026-06-10T21:54:23.554+0000] {logging_mixin.py:188} INFO - [2026-06-10T21:54:23.554+0000] {dag.py:3954} INFO - Setting next_dagrun for dataset_produces_2 to None, run_after=None
[2026-06-10T21:54:23.582+0000] {processor.py:183} INFO - Processing /home/airflow/.local/lib/python3.12/site-packages/airflow/example_dags/example_datasets.py took 0.163 seconds
[2026-06-10T21:54:53.927+0000] {processor.py:161} INFO - Started process (PID=510) to work on /home/airflow/.local/lib/python3.12/site-packages/airflow/example_dags/example_datasets.py
[2026-06-10T21:54:53.928+0000] {processor.py:830} INFO - Processing file /home/airflow/.local/lib/python3.12/site-packages/airflow/example_dags/example_datasets.py for tasks to queue
[2026-06-10T21:54:53.930+0000] {logging_mixin.py:188} INFO - [2026-06-10T21:54:53.929+0000] {dagbag.py:545} INFO - Filling up the DagBag from /home/airflow/.local/lib/python3.12/site-packages/airflow/example_dags/example_datasets.py
[2026-06-10T21:54:53.944+0000] {processor.py:840} INFO - DAG(s) 'consume_1_or_both_2_and_3_with_dataset_expressions', 'dataset_consumes_1', 'dataset_produces_2', 'dataset_consumes_unknown_never_scheduled', 'dataset_produces_1', 'conditional_dataset_and_time_based_timetable', 'consume_1_or_2_with_dataset_expressions', 'dataset_consumes_1_never_scheduled', 'consume_1_and_2_with_dataset_expressions', 'dataset_consumes_1_and_2' retrieved from /home/airflow/.local/lib/python3.12/site-packages/airflow/example_dags/example_datasets.py
[2026-06-10T21:54:53.984+0000] {logging_mixin.py:188} INFO - [2026-06-10T21:54:53.984+0000] {dag.py:3096} INFO - Sync 10 DAGs
[2026-06-10T21:54:54.006+0000] {logging_mixin.py:188} INFO - [2026-06-10T21:54:54.006+0000] {dag.py:3954} INFO - Setting next_dagrun for conditional_dataset_and_time_based_timetable to 2026-06-10 01:00:00+00:00, run_after=2026-06-10 01:00:00+00:00
[2026-06-10T21:54:54.011+0000] {logging_mixin.py:188} INFO - [2026-06-10T21:54:54.011+0000] {dag.py:3954} INFO - Setting next_dagrun for consume_1_and_2_with_dataset_expressions to None, run_after=None
[2026-06-10T21:54:54.012+0000] {logging_mixin.py:188} INFO - [2026-06-10T21:54:54.012+0000] {dag.py:3954} INFO - Setting next_dagrun for consume_1_or_2_with_dataset_expressions to None, run_after=None
[2026-06-10T21:54:54.013+0000] {logging_mixin.py:188} INFO - [2026-06-10T21:54:54.013+0000] {dag.py:3954} INFO - Setting next_dagrun for consume_1_or_both_2_and_3_with_dataset_expressions to None, run_after=None
[2026-06-10T21:54:54.014+0000] {logging_mixin.py:188} INFO - [2026-06-10T21:54:54.014+0000] {dag.py:3954} INFO - Setting next_dagrun for dataset_consumes_1 to None, run_after=None
[2026-06-10T21:54:54.015+0000] {logging_mixin.py:188} INFO - [2026-06-10T21:54:54.015+0000] {dag.py:3954} INFO - Setting next_dagrun for dataset_consumes_1_and_2 to None, run_after=None
[2026-06-10T21:54:54.016+0000] {logging_mixin.py:188} INFO - [2026-06-10T21:54:54.016+0000] {dag.py:3954} INFO - Setting next_dagrun for dataset_consumes_1_never_scheduled to None, run_after=None
[2026-06-10T21:54:54.017+0000] {logging_mixin.py:188} INFO - [2026-06-10T21:54:54.017+0000] {dag.py:3954} INFO - Setting next_dagrun for dataset_consumes_unknown_never_scheduled to None, run_after=None
[2026-06-10T21:54:54.019+0000] {logging_mixin.py:188} INFO - [2026-06-10T21:54:54.019+0000] {dag.py:3954} INFO - Setting next_dagrun for dataset_produces_1 to 2026-06-09 00:00:00+00:00, run_after=2026-06-10 00:00:00+00:00
[2026-06-10T21:54:54.020+0000] {logging_mixin.py:188} INFO - [2026-06-10T21:54:54.020+0000] {dag.py:3954} INFO - Setting next_dagrun for dataset_produces_2 to None, run_after=None
[2026-06-10T21:54:54.050+0000] {processor.py:183} INFO - Processing /home/airflow/.local/lib/python3.12/site-packages/airflow/example_dags/example_datasets.py took 0.128 seconds
[2026-06-10T21:55:24.802+0000] {processor.py:161} INFO - Started process (PID=570) to work on /home/airflow/.local/lib/python3.12/site-packages/airflow/example_dags/example_datasets.py
[2026-06-10T21:55:24.803+0000] {processor.py:830} INFO - Processing file /home/airflow/.local/lib/python3.12/site-packages/airflow/example_dags/example_datasets.py for tasks to queue
[2026-06-10T21:55:24.805+0000] {logging_mixin.py:188} INFO - [2026-06-10T21:55:24.804+0000] {dagbag.py:545} INFO - Filling up the DagBag from /home/airflow/.local/lib/python3.12/site-packages/airflow/example_dags/example_datasets.py
[2026-06-10T21:55:24.818+0000] {processor.py:840} INFO - DAG(s) 'dataset_consumes_1_never_scheduled', 'conditional_dataset_and_time_based_timetable', 'dataset_produces_2', 'consume_1_or_both_2_and_3_with_dataset_expressions', 'dataset_produces_1', 'consume_1_and_2_with_dataset_expressions', 'dataset_consumes_unknown_never_scheduled', 'consume_1_or_2_with_dataset_expressions', 'dataset_consumes_1', 'dataset_consumes_1_and_2' retrieved from /home/airflow/.local/lib/python3.12/site-packages/airflow/example_dags/example_datasets.py
[2026-06-10T21:55:24.860+0000] {logging_mixin.py:188} INFO - [2026-06-10T21:55:24.859+0000] {dag.py:3096} INFO - Sync 10 DAGs
[2026-06-10T21:55:24.884+0000] {logging_mixin.py:188} INFO - [2026-06-10T21:55:24.884+0000] {dag.py:3954} INFO - Setting next_dagrun for conditional_dataset_and_time_based_timetable to 2026-06-10 01:00:00+00:00, run_after=2026-06-10 01:00:00+00:00
[2026-06-10T21:55:24.888+0000] {logging_mixin.py:188} INFO - [2026-06-10T21:55:24.888+0000] {dag.py:3954} INFO - Setting next_dagrun for consume_1_and_2_with_dataset_expressions to None, run_after=None
[2026-06-10T21:55:24.889+0000] {logging_mixin.py:188} INFO - [2026-06-10T21:55:24.889+0000] {dag.py:3954} INFO - Setting next_dagrun for consume_1_or_2_with_dataset_expressions to None, run_after=None
[2026-06-10T21:55:24.890+0000] {logging_mixin.py:188} INFO - [2026-06-10T21:55:24.890+0000] {dag.py:3954} INFO - Setting next_dagrun for consume_1_or_both_2_and_3_with_dataset_expressions to None, run_after=None
[2026-06-10T21:55:24.891+0000] {logging_mixin.py:188} INFO - [2026-06-10T21:55:24.891+0000] {dag.py:3954} INFO - Setting next_dagrun for dataset_consumes_1 to None, run_after=None
[2026-06-10T21:55:24.892+0000] {logging_mixin.py:188} INFO - [2026-06-10T21:55:24.892+0000] {dag.py:3954} INFO - Setting next_dagrun for dataset_consumes_1_and_2 to None, run_after=None
[2026-06-10T21:55:24.893+0000] {logging_mixin.py:188} INFO - [2026-06-10T21:55:24.893+0000] {dag.py:3954} INFO - Setting next_dagrun for dataset_consumes_1_never_scheduled to None, run_after=None
[2026-06-10T21:55:24.894+0000] {logging_mixin.py:188} INFO - [2026-06-10T21:55:24.894+0000] {dag.py:3954} INFO - Setting next_dagrun for dataset_consumes_unknown_never_scheduled to None, run_after=None
[2026-06-10T21:55:24.896+0000] {logging_mixin.py:188} INFO - [2026-06-10T21:55:24.896+0000] {dag.py:3954} INFO - Setting next_dagrun for dataset_produces_1 to 2026-06-09 00:00:00+00:00, run_after=2026-06-10 00:00:00+00:00
[2026-06-10T21:55:24.897+0000] {logging_mixin.py:188} INFO - [2026-06-10T21:55:24.897+0000] {dag.py:3954} INFO - Setting next_dagrun for dataset_produces_2 to None, run_after=None
[2026-06-10T21:55:24.929+0000] {processor.py:183} INFO - Processing /home/airflow/.local/lib/python3.12/site-packages/airflow/example_dags/example_datasets.py took 0.132 seconds
[2026-06-10T21:55:55.626+0000] {processor.py:161} INFO - Started process (PID=630) to work on /home/airflow/.local/lib/python3.12/site-packages/airflow/example_dags/example_datasets.py
[2026-06-10T21:55:55.627+0000] {processor.py:830} INFO - Processing file /home/airflow/.local/lib/python3.12/site-packages/airflow/example_dags/example_datasets.py for tasks to queue
[2026-06-10T21:55:55.629+0000] {logging_mixin.py:188} INFO - [2026-06-10T21:55:55.628+0000] {dagbag.py:545} INFO - Filling up the DagBag from /home/airflow/.local/lib/python3.12/site-packages/airflow/example_dags/example_datasets.py
[2026-06-10T21:55:55.651+0000] {processor.py:840} INFO - DAG(s) 'dataset_produces_1', 'dataset_consumes_1_never_scheduled', 'consume_1_or_both_2_and_3_with_dataset_expressions', 'conditional_dataset_and_time_based_timetable', 'dataset_consumes_1', 'dataset_produces_2', 'consume_1_and_2_with_dataset_expressions', 'dataset_consumes_unknown_never_scheduled', 'consume_1_or_2_with_dataset_expressions', 'dataset_consumes_1_and_2' retrieved from /home/airflow/.local/lib/python3.12/site-packages/airflow/example_dags/example_datasets.py
[2026-06-10T21:55:55.719+0000] {logging_mixin.py:188} INFO - [2026-06-10T21:55:55.719+0000] {dag.py:3096} INFO - Sync 10 DAGs
[2026-06-10T21:55:55.741+0000] {logging_mixin.py:188} INFO - [2026-06-10T21:55:55.741+0000] {dag.py:3954} INFO - Setting next_dagrun for conditional_dataset_and_time_based_timetable to 2026-06-10 01:00:00+00:00, run_after=2026-06-10 01:00:00+00:00
[2026-06-10T21:55:55.745+0000] {logging_mixin.py:188} INFO - [2026-06-10T21:55:55.745+0000] {dag.py:3954} INFO - Setting next_dagrun for consume_1_and_2_with_dataset_expressions to None, run_after=None
[2026-06-10T21:55:55.748+0000] {logging_mixin.py:188} INFO - [2026-06-10T21:55:55.748+0000] {dag.py:3954} INFO - Setting next_dagrun for consume_1_or_2_with_dataset_expressions to None, run_after=None
[2026-06-10T21:55:55.749+0000] {logging_mixin.py:188} INFO - [2026-06-10T21:55:55.749+0000] {dag.py:3954} INFO - Setting next_dagrun for consume_1_or_both_2_and_3_with_dataset_expressions to None, run_after=None
[2026-06-10T21:55:55.750+0000] {logging_mixin.py:188} INFO - [2026-06-10T21:55:55.750+0000] {dag.py:3954} INFO - Setting next_dagrun for dataset_consumes_1 to None, run_after=None
[2026-06-10T21:55:55.751+0000] {logging_mixin.py:188} INFO - [2026-06-10T21:55:55.751+0000] {dag.py:3954} INFO - Setting next_dagrun for dataset_consumes_1_and_2 to None, run_after=None
[2026-06-10T21:55:55.752+0000] {logging_mixin.py:188} INFO - [2026-06-10T21:55:55.752+0000] {dag.py:3954} INFO - Setting next_dagrun for dataset_consumes_1_never_scheduled to None, run_after=None
[2026-06-10T21:55:55.753+0000] {logging_mixin.py:188} INFO - [2026-06-10T21:55:55.753+0000] {dag.py:3954} INFO - Setting next_dagrun for dataset_consumes_unknown_never_scheduled to None, run_after=None
[2026-06-10T21:55:55.755+0000] {logging_mixin.py:188} INFO - [2026-06-10T21:55:55.755+0000] {dag.py:3954} INFO - Setting next_dagrun for dataset_produces_1 to 2026-06-09 00:00:00+00:00, run_after=2026-06-10 00:00:00+00:00
[2026-06-10T21:55:55.756+0000] {logging_mixin.py:188} INFO - [2026-06-10T21:55:55.756+0000] {dag.py:3954} INFO - Setting next_dagrun for dataset_produces_2 to None, run_after=None
[2026-06-10T21:55:55.783+0000] {processor.py:183} INFO - Processing /home/airflow/.local/lib/python3.12/site-packages/airflow/example_dags/example_datasets.py took 0.166 seconds
[2026-06-10T21:56:26.329+0000] {processor.py:161} INFO - Started process (PID=690) to work on /home/airflow/.local/lib/python3.12/site-packages/airflow/example_dags/example_datasets.py
[2026-06-10T21:56:26.332+0000] {processor.py:830} INFO - Processing file /home/airflow/.local/lib/python3.12/site-packages/airflow/example_dags/example_datasets.py for tasks to queue
[2026-06-10T21:56:26.336+0000] {logging_mixin.py:188} INFO - [2026-06-10T21:56:26.335+0000] {dagbag.py:545} INFO - Filling up the DagBag from /home/airflow/.local/lib/python3.12/site-packages/airflow/example_dags/example_datasets.py
[2026-06-10T21:56:26.415+0000] {processor.py:840} INFO - DAG(s) 'consume_1_or_both_2_and_3_with_dataset_expressions', 'conditional_dataset_and_time_based_timetable', 'dataset_consumes_1_never_scheduled', 'dataset_produces_2', 'dataset_consumes_unknown_never_scheduled', 'dataset_consumes_1', 'consume_1_or_2_with_dataset_expressions', 'dataset_consumes_1_and_2', 'dataset_produces_1', 'consume_1_and_2_with_dataset_expressions' retrieved from /home/airflow/.local/lib/python3.12/site-packages/airflow/example_dags/example_datasets.py
[2026-06-10T21:56:26.570+0000] {logging_mixin.py:188} INFO - [2026-06-10T21:56:26.570+0000] {dag.py:3096} INFO - Sync 10 DAGs
[2026-06-10T21:56:26.622+0000] {logging_mixin.py:188} INFO - [2026-06-10T21:56:26.622+0000] {dag.py:3954} INFO - Setting next_dagrun for conditional_dataset_and_time_based_timetable to 2026-06-10 01:00:00+00:00, run_after=2026-06-10 01:00:00+00:00
[2026-06-10T21:56:26.627+0000] {logging_mixin.py:188} INFO - [2026-06-10T21:56:26.627+0000] {dag.py:3954} INFO - Setting next_dagrun for consume_1_and_2_with_dataset_expressions to None, run_after=None
[2026-06-10T21:56:26.629+0000] {logging_mixin.py:188} INFO - [2026-06-10T21:56:26.629+0000] {dag.py:3954} INFO - Setting next_dagrun for consume_1_or_2_with_dataset_expressions to None, run_after=None
[2026-06-10T21:56:26.631+0000] {logging_mixin.py:188} INFO - [2026-06-10T21:56:26.630+0000] {dag.py:3954} INFO - Setting next_dagrun for consume_1_or_both_2_and_3_with_dataset_expressions to None, run_after=None
[2026-06-10T21:56:26.632+0000] {logging_mixin.py:188} INFO - [2026-06-10T21:56:26.632+0000] {dag.py:3954} INFO - Setting next_dagrun for dataset_consumes_1 to None, run_after=None
[2026-06-10T21:56:26.634+0000] {logging_mixin.py:188} INFO - [2026-06-10T21:56:26.634+0000] {dag.py:3954} INFO - Setting next_dagrun for dataset_consumes_1_and_2 to None, run_after=None
[2026-06-10T21:56:26.635+0000] {logging_mixin.py:188} INFO - [2026-06-10T21:56:26.635+0000] {dag.py:3954} INFO - Setting next_dagrun for dataset_consumes_1_never_scheduled to None, run_after=None
[2026-06-10T21:56:26.637+0000] {logging_mixin.py:188} INFO - [2026-06-10T21:56:26.637+0000] {dag.py:3954} INFO - Setting next_dagrun for dataset_consumes_unknown_never_scheduled to None, run_after=None
[2026-06-10T21:56:26.640+0000] {logging_mixin.py:188} INFO - [2026-06-10T21:56:26.640+0000] {dag.py:3954} INFO - Setting next_dagrun for dataset_produces_1 to 2026-06-09 00:00:00+00:00, run_after=2026-06-10 00:00:00+00:00
[2026-06-10T21:56:26.641+0000] {logging_mixin.py:188} INFO - [2026-06-10T21:56:26.641+0000] {dag.py:3954} INFO - Setting next_dagrun for dataset_produces_2 to None, run_after=None
[2026-06-10T21:56:26.693+0000] {processor.py:183} INFO - Processing /home/airflow/.local/lib/python3.12/site-packages/airflow/example_dags/example_datasets.py took 0.391 seconds
[2026-06-10T21:56:57.429+0000] {processor.py:161} INFO - Started process (PID=749) to work on /home/airflow/.local/lib/python3.12/site-packages/airflow/example_dags/example_datasets.py
[2026-06-10T21:56:57.431+0000] {processor.py:830} INFO - Processing file /home/airflow/.local/lib/python3.12/site-packages/airflow/example_dags/example_datasets.py for tasks to queue
[2026-06-10T21:56:57.433+0000] {logging_mixin.py:188} INFO - [2026-06-10T21:56:57.433+0000] {dagbag.py:545} INFO - Filling up the DagBag from /home/airflow/.local/lib/python3.12/site-packages/airflow/example_dags/example_datasets.py
[2026-06-10T21:56:57.456+0000] {processor.py:840} INFO - DAG(s) 'consume_1_and_2_with_dataset_expressions', 'consume_1_or_both_2_and_3_with_dataset_expressions', 'dataset_consumes_1_and_2', 'consume_1_or_2_with_dataset_expressions', 'dataset_produces_1', 'dataset_consumes_1', 'conditional_dataset_and_time_based_timetable', 'dataset_consumes_unknown_never_scheduled', 'dataset_consumes_1_never_scheduled', 'dataset_produces_2' retrieved from /home/airflow/.local/lib/python3.12/site-packages/airflow/example_dags/example_datasets.py
[2026-06-10T21:56:57.538+0000] {logging_mixin.py:188} INFO - [2026-06-10T21:56:57.538+0000] {dag.py:3096} INFO - Sync 10 DAGs
[2026-06-10T21:56:57.579+0000] {logging_mixin.py:188} INFO - [2026-06-10T21:56:57.578+0000] {dag.py:3954} INFO - Setting next_dagrun for conditional_dataset_and_time_based_timetable to 2026-06-10 01:00:00+00:00, run_after=2026-06-10 01:00:00+00:00
[2026-06-10T21:56:57.586+0000] {logging_mixin.py:188} INFO - [2026-06-10T21:56:57.585+0000] {dag.py:3954} INFO - Setting next_dagrun for consume_1_and_2_with_dataset_expressions to None, run_after=None
[2026-06-10T21:56:57.587+0000] {logging_mixin.py:188} INFO - [2026-06-10T21:56:57.587+0000] {dag.py:3954} INFO - Setting next_dagrun for consume_1_or_2_with_dataset_expressions to None, run_after=None
[2026-06-10T21:56:57.589+0000] {logging_mixin.py:188} INFO - [2026-06-10T21:56:57.589+0000] {dag.py:3954} INFO - Setting next_dagrun for consume_1_or_both_2_and_3_with_dataset_expressions to None, run_after=None
[2026-06-10T21:56:57.591+0000] {logging_mixin.py:188} INFO - [2026-06-10T21:56:57.590+0000] {dag.py:3954} INFO - Setting next_dagrun for dataset_consumes_1 to None, run_after=None
[2026-06-10T21:56:57.592+0000] {logging_mixin.py:188} INFO - [2026-06-10T21:56:57.592+0000] {dag.py:3954} INFO - Setting next_dagrun for dataset_consumes_1_and_2 to None, run_after=None
[2026-06-10T21:56:57.594+0000] {logging_mixin.py:188} INFO - [2026-06-10T21:56:57.594+0000] {dag.py:3954} INFO - Setting next_dagrun for dataset_consumes_1_never_scheduled to None, run_after=None
[2026-06-10T21:56:57.596+0000] {logging_mixin.py:188} INFO - [2026-06-10T21:56:57.596+0000] {dag.py:3954} INFO - Setting next_dagrun for dataset_consumes_unknown_never_scheduled to None, run_after=None
[2026-06-10T21:56:57.600+0000] {logging_mixin.py:188} INFO - [2026-06-10T21:56:57.600+0000] {dag.py:3954} INFO - Setting next_dagrun for dataset_produces_1 to 2026-06-09 00:00:00+00:00, run_after=2026-06-10 00:00:00+00:00
[2026-06-10T21:56:57.601+0000] {logging_mixin.py:188} INFO - [2026-06-10T21:56:57.601+0000] {dag.py:3954} INFO - Setting next_dagrun for dataset_produces_2 to None, run_after=None
[2026-06-10T21:56:57.648+0000] {processor.py:183} INFO - Processing /home/airflow/.local/lib/python3.12/site-packages/airflow/example_dags/example_datasets.py took 0.227 seconds
[2026-06-10T21:57:28.121+0000] {processor.py:161} INFO - Started process (PID=808) to work on /home/airflow/.local/lib/python3.12/site-packages/airflow/example_dags/example_datasets.py
[2026-06-10T21:57:28.129+0000] {processor.py:830} INFO - Processing file /home/airflow/.local/lib/python3.12/site-packages/airflow/example_dags/example_datasets.py for tasks to queue
[2026-06-10T21:57:28.136+0000] {logging_mixin.py:188} INFO - [2026-06-10T21:57:28.135+0000] {dagbag.py:545} INFO - Filling up the DagBag from /home/airflow/.local/lib/python3.12/site-packages/airflow/example_dags/example_datasets.py
[2026-06-10T21:57:28.216+0000] {processor.py:840} INFO - DAG(s) 'dataset_produces_1', 'conditional_dataset_and_time_based_timetable', 'dataset_produces_2', 'consume_1_or_both_2_and_3_with_dataset_expressions', 'consume_1_and_2_with_dataset_expressions', 'dataset_consumes_1_and_2', 'dataset_consumes_1', 'dataset_consumes_1_never_scheduled', 'consume_1_or_2_with_dataset_expressions', 'dataset_consumes_unknown_never_scheduled' retrieved from /home/airflow/.local/lib/python3.12/site-packages/airflow/example_dags/example_datasets.py
[2026-06-10T21:57:28.308+0000] {logging_mixin.py:188} INFO - [2026-06-10T21:57:28.308+0000] {dag.py:3096} INFO - Sync 10 DAGs
[2026-06-10T21:57:28.426+0000] {logging_mixin.py:188} INFO - [2026-06-10T21:57:28.425+0000] {dag.py:3954} INFO - Setting next_dagrun for conditional_dataset_and_time_based_timetable to 2026-06-10 01:00:00+00:00, run_after=2026-06-10 01:00:00+00:00
[2026-06-10T21:57:28.438+0000] {logging_mixin.py:188} INFO - [2026-06-10T21:57:28.438+0000] {dag.py:3954} INFO - Setting next_dagrun for consume_1_and_2_with_dataset_expressions to None, run_after=None
[2026-06-10T21:57:28.445+0000] {logging_mixin.py:188} INFO - [2026-06-10T21:57:28.444+0000] {dag.py:3954} INFO - Setting next_dagrun for consume_1_or_2_with_dataset_expressions to None, run_after=None
[2026-06-10T21:57:28.457+0000] {logging_mixin.py:188} INFO - [2026-06-10T21:57:28.457+0000] {dag.py:3954} INFO - Setting next_dagrun for consume_1_or_both_2_and_3_with_dataset_expressions to None, run_after=None
[2026-06-10T21:57:28.465+0000] {logging_mixin.py:188} INFO - [2026-06-10T21:57:28.465+0000] {dag.py:3954} INFO - Setting next_dagrun for dataset_consumes_1 to None, run_after=None
[2026-06-10T21:57:28.469+0000] {logging_mixin.py:188} INFO - [2026-06-10T21:57:28.469+0000] {dag.py:3954} INFO - Setting next_dagrun for dataset_consumes_1_and_2 to None, run_after=None
[2026-06-10T21:57:28.475+0000] {logging_mixin.py:188} INFO - [2026-06-10T21:57:28.475+0000] {dag.py:3954} INFO - Setting next_dagrun for dataset_consumes_1_never_scheduled to None, run_after=None
[2026-06-10T21:57:28.483+0000] {logging_mixin.py:188} INFO - [2026-06-10T21:57:28.483+0000] {dag.py:3954} INFO - Setting next_dagrun for dataset_consumes_unknown_never_scheduled to None, run_after=None
[2026-06-10T21:57:28.492+0000] {logging_mixin.py:188} INFO - [2026-06-10T21:57:28.491+0000] {dag.py:3954} INFO - Setting next_dagrun for dataset_produces_1 to 2026-06-09 00:00:00+00:00, run_after=2026-06-10 00:00:00+00:00
[2026-06-10T21:57:28.500+0000] {logging_mixin.py:188} INFO - [2026-06-10T21:57:28.500+0000] {dag.py:3954} INFO - Setting next_dagrun for dataset_produces_2 to None, run_after=None
[2026-06-10T21:57:28.645+0000] {processor.py:183} INFO - Processing /home/airflow/.local/lib/python3.12/site-packages/airflow/example_dags/example_datasets.py took 0.554 seconds
[2026-06-10T21:57:58.808+0000] {processor.py:161} INFO - Started process (PID=867) to work on /home/airflow/.local/lib/python3.12/site-packages/airflow/example_dags/example_datasets.py
[2026-06-10T21:57:58.809+0000] {processor.py:830} INFO - Processing file /home/airflow/.local/lib/python3.12/site-packages/airflow/example_dags/example_datasets.py for tasks to queue
[2026-06-10T21:57:58.811+0000] {logging_mixin.py:188} INFO - [2026-06-10T21:57:58.811+0000] {dagbag.py:545} INFO - Filling up the DagBag from /home/airflow/.local/lib/python3.12/site-packages/airflow/example_dags/example_datasets.py
[2026-06-10T21:57:58.830+0000] {processor.py:840} INFO - DAG(s) 'consume_1_or_both_2_and_3_with_dataset_expressions', 'consume_1_and_2_with_dataset_expressions', 'consume_1_or_2_with_dataset_expressions', 'conditional_dataset_and_time_based_timetable', 'dataset_consumes_1', 'dataset_consumes_1_and_2', 'dataset_produces_1', 'dataset_produces_2', 'dataset_consumes_1_never_scheduled', 'dataset_consumes_unknown_never_scheduled' retrieved from /home/airflow/.local/lib/python3.12/site-packages/airflow/example_dags/example_datasets.py
[2026-06-10T21:57:58.911+0000] {logging_mixin.py:188} INFO - [2026-06-10T21:57:58.911+0000] {dag.py:3096} INFO - Sync 10 DAGs
[2026-06-10T21:57:58.952+0000] {logging_mixin.py:188} INFO - [2026-06-10T21:57:58.952+0000] {dag.py:3954} INFO - Setting next_dagrun for conditional_dataset_and_time_based_timetable to 2026-06-10 01:00:00+00:00, run_after=2026-06-10 01:00:00+00:00
[2026-06-10T21:57:58.969+0000] {logging_mixin.py:188} INFO - [2026-06-10T21:57:58.968+0000] {dag.py:3954} INFO - Setting next_dagrun for consume_1_and_2_with_dataset_expressions to None, run_after=None
[2026-06-10T21:57:58.971+0000] {logging_mixin.py:188} INFO - [2026-06-10T21:57:58.971+0000] {dag.py:3954} INFO - Setting next_dagrun for consume_1_or_2_with_dataset_expressions to None, run_after=None
[2026-06-10T21:57:58.973+0000] {logging_mixin.py:188} INFO - [2026-06-10T21:57:58.972+0000] {dag.py:3954} INFO - Setting next_dagrun for consume_1_or_both_2_and_3_with_dataset_expressions to None, run_after=None
[2026-06-10T21:57:58.974+0000] {logging_mixin.py:188} INFO - [2026-06-10T21:57:58.974+0000] {dag.py:3954} INFO - Setting next_dagrun for dataset_consumes_1 to None, run_after=None
[2026-06-10T21:57:58.975+0000] {logging_mixin.py:188} INFO - [2026-06-10T21:57:58.975+0000] {dag.py:3954} INFO - Setting next_dagrun for dataset_consumes_1_and_2 to None, run_after=None
[2026-06-10T21:57:58.977+0000] {logging_mixin.py:188} INFO - [2026-06-10T21:57:58.977+0000] {dag.py:3954} INFO - Setting next_dagrun for dataset_consumes_1_never_scheduled to None, run_after=None
[2026-06-10T21:57:58.978+0000] {logging_mixin.py:188} INFO - [2026-06-10T21:57:58.978+0000] {dag.py:3954} INFO - Setting next_dagrun for dataset_consumes_unknown_never_scheduled to None, run_after=None
[2026-06-10T21:57:58.982+0000] {logging_mixin.py:188} INFO - [2026-06-10T21:57:58.981+0000] {dag.py:3954} INFO - Setting next_dagrun for dataset_produces_1 to 2026-06-09 00:00:00+00:00, run_after=2026-06-10 00:00:00+00:00
[2026-06-10T21:57:58.983+0000] {logging_mixin.py:188} INFO - [2026-06-10T21:57:58.983+0000] {dag.py:3954} INFO - Setting next_dagrun for dataset_produces_2 to None, run_after=None
[2026-06-10T21:57:59.018+0000] {processor.py:183} INFO - Processing /home/airflow/.local/lib/python3.12/site-packages/airflow/example_dags/example_datasets.py took 0.227 seconds
[2026-06-10T21:58:29.958+0000] {processor.py:161} INFO - Started process (PID=926) to work on /home/airflow/.local/lib/python3.12/site-packages/airflow/example_dags/example_datasets.py
[2026-06-10T21:58:29.959+0000] {processor.py:830} INFO - Processing file /home/airflow/.local/lib/python3.12/site-packages/airflow/example_dags/example_datasets.py for tasks to queue
[2026-06-10T21:58:29.961+0000] {logging_mixin.py:188} INFO - [2026-06-10T21:58:29.960+0000] {dagbag.py:545} INFO - Filling up the DagBag from /home/airflow/.local/lib/python3.12/site-packages/airflow/example_dags/example_datasets.py
[2026-06-10T21:58:29.985+0000] {processor.py:840} INFO - DAG(s) 'consume_1_or_both_2_and_3_with_dataset_expressions', 'dataset_consumes_unknown_never_scheduled', 'dataset_consumes_1', 'consume_1_and_2_with_dataset_expressions', 'dataset_produces_2', 'dataset_consumes_1_never_scheduled', 'dataset_produces_1', 'dataset_consumes_1_and_2', 'consume_1_or_2_with_dataset_expressions', 'conditional_dataset_and_time_based_timetable' retrieved from /home/airflow/.local/lib/python3.12/site-packages/airflow/example_dags/example_datasets.py
[2026-06-10T21:58:30.132+0000] {logging_mixin.py:188} INFO - [2026-06-10T21:58:30.132+0000] {dag.py:3096} INFO - Sync 10 DAGs
[2026-06-10T21:58:30.167+0000] {logging_mixin.py:188} INFO - [2026-06-10T21:58:30.167+0000] {dag.py:3954} INFO - Setting next_dagrun for conditional_dataset_and_time_based_timetable to 2026-06-10 01:00:00+00:00, run_after=2026-06-10 01:00:00+00:00
[2026-06-10T21:58:30.172+0000] {logging_mixin.py:188} INFO - [2026-06-10T21:58:30.172+0000] {dag.py:3954} INFO - Setting next_dagrun for consume_1_and_2_with_dataset_expressions to None, run_after=None
[2026-06-10T21:58:30.173+0000] {logging_mixin.py:188} INFO - [2026-06-10T21:58:30.173+0000] {dag.py:3954} INFO - Setting next_dagrun for consume_1_or_2_with_dataset_expressions to None, run_after=None
[2026-06-10T21:58:30.175+0000] {logging_mixin.py:188} INFO - [2026-06-10T21:58:30.174+0000] {dag.py:3954} INFO - Setting next_dagrun for consume_1_or_both_2_and_3_with_dataset_expressions to None, run_after=None
[2026-06-10T21:58:30.176+0000] {logging_mixin.py:188} INFO - [2026-06-10T21:58:30.176+0000] {dag.py:3954} INFO - Setting next_dagrun for dataset_consumes_1 to None, run_after=None
[2026-06-10T21:58:30.177+0000] {logging_mixin.py:188} INFO - [2026-06-10T21:58:30.177+0000] {dag.py:3954} INFO - Setting next_dagrun for dataset_consumes_1_and_2 to None, run_after=None
[2026-06-10T21:58:30.179+0000] {logging_mixin.py:188} INFO - [2026-06-10T21:58:30.179+0000] {dag.py:3954} INFO - Setting next_dagrun for dataset_consumes_1_never_scheduled to None, run_after=None
[2026-06-10T21:58:30.180+0000] {logging_mixin.py:188} INFO - [2026-06-10T21:58:30.180+0000] {dag.py:3954} INFO - Setting next_dagrun for dataset_consumes_unknown_never_scheduled to None, run_after=None
[2026-06-10T21:58:30.183+0000] {logging_mixin.py:188} INFO - [2026-06-10T21:58:30.183+0000] {dag.py:3954} INFO - Setting next_dagrun for dataset_produces_1 to 2026-06-09 00:00:00+00:00, run_after=2026-06-10 00:00:00+00:00
[2026-06-10T21:58:30.185+0000] {logging_mixin.py:188} INFO - [2026-06-10T21:58:30.185+0000] {dag.py:3954} INFO - Setting next_dagrun for dataset_produces_2 to None, run_after=None
[2026-06-10T21:58:30.242+0000] {processor.py:183} INFO - Processing /home/airflow/.local/lib/python3.12/site-packages/airflow/example_dags/example_datasets.py took 0.297 seconds
[2026-06-10T21:59:00.314+0000] {processor.py:161} INFO - Started process (PID=985) to work on /home/airflow/.local/lib/python3.12/site-packages/airflow/example_dags/example_datasets.py
[2026-06-10T21:59:00.314+0000] {processor.py:830} INFO - Processing file /home/airflow/.local/lib/python3.12/site-packages/airflow/example_dags/example_datasets.py for tasks to queue
[2026-06-10T21:59:00.318+0000] {logging_mixin.py:188} INFO - [2026-06-10T21:59:00.318+0000] {dagbag.py:545} INFO - Filling up the DagBag from /home/airflow/.local/lib/python3.12/site-packages/airflow/example_dags/example_datasets.py
[2026-06-10T21:59:00.358+0000] {processor.py:840} INFO - DAG(s) 'consume_1_or_2_with_dataset_expressions', 'dataset_consumes_1_and_2', 'consume_1_or_both_2_and_3_with_dataset_expressions', 'dataset_produces_2', 'conditional_dataset_and_time_based_timetable', 'dataset_produces_1', 'consume_1_and_2_with_dataset_expressions', 'dataset_consumes_1_never_scheduled', 'dataset_consumes_1', 'dataset_consumes_unknown_never_scheduled' retrieved from /home/airflow/.local/lib/python3.12/site-packages/airflow/example_dags/example_datasets.py
[2026-06-10T21:59:00.509+0000] {logging_mixin.py:188} INFO - [2026-06-10T21:59:00.509+0000] {dag.py:3096} INFO - Sync 10 DAGs
[2026-06-10T21:59:00.563+0000] {logging_mixin.py:188} INFO - [2026-06-10T21:59:00.562+0000] {dag.py:3954} INFO - Setting next_dagrun for conditional_dataset_and_time_based_timetable to 2026-06-10 01:00:00+00:00, run_after=2026-06-10 01:00:00+00:00
[2026-06-10T21:59:00.567+0000] {logging_mixin.py:188} INFO - [2026-06-10T21:59:00.567+0000] {dag.py:3954} INFO - Setting next_dagrun for consume_1_and_2_with_dataset_expressions to None, run_after=None
[2026-06-10T21:59:00.569+0000] {logging_mixin.py:188} INFO - [2026-06-10T21:59:00.569+0000] {dag.py:3954} INFO - Setting next_dagrun for consume_1_or_2_with_dataset_expressions to None, run_after=None
[2026-06-10T21:59:00.570+0000] {logging_mixin.py:188} INFO - [2026-06-10T21:59:00.570+0000] {dag.py:3954} INFO - Setting next_dagrun for consume_1_or_both_2_and_3_with_dataset_expressions to None, run_after=None
[2026-06-10T21:59:00.571+0000] {logging_mixin.py:188} INFO - [2026-06-10T21:59:00.571+0000] {dag.py:3954} INFO - Setting next_dagrun for dataset_consumes_1 to None, run_after=None
[2026-06-10T21:59:00.573+0000] {logging_mixin.py:188} INFO - [2026-06-10T21:59:00.573+0000] {dag.py:3954} INFO - Setting next_dagrun for dataset_consumes_1_and_2 to None, run_after=None
[2026-06-10T21:59:00.574+0000] {logging_mixin.py:188} INFO - [2026-06-10T21:59:00.574+0000] {dag.py:3954} INFO - Setting next_dagrun for dataset_consumes_1_never_scheduled to None, run_after=None
[2026-06-10T21:59:00.576+0000] {logging_mixin.py:188} INFO - [2026-06-10T21:59:00.575+0000] {dag.py:3954} INFO - Setting next_dagrun for dataset_consumes_unknown_never_scheduled to None, run_after=None
[2026-06-10T21:59:00.580+0000] {logging_mixin.py:188} INFO - [2026-06-10T21:59:00.579+0000] {dag.py:3954} INFO - Setting next_dagrun for dataset_produces_1 to 2026-06-09 00:00:00+00:00, run_after=2026-06-10 00:00:00+00:00
[2026-06-10T21:59:00.581+0000] {logging_mixin.py:188} INFO - [2026-06-10T21:59:00.581+0000] {dag.py:3954} INFO - Setting next_dagrun for dataset_produces_2 to None, run_after=None
[2026-06-10T21:59:00.618+0000] {processor.py:183} INFO - Processing /home/airflow/.local/lib/python3.12/site-packages/airflow/example_dags/example_datasets.py took 0.312 seconds
[2026-06-10T21:59:30.755+0000] {processor.py:161} INFO - Started process (PID=1044) to work on /home/airflow/.local/lib/python3.12/site-packages/airflow/example_dags/example_datasets.py
[2026-06-10T21:59:30.756+0000] {processor.py:830} INFO - Processing file /home/airflow/.local/lib/python3.12/site-packages/airflow/example_dags/example_datasets.py for tasks to queue
[2026-06-10T21:59:30.758+0000] {logging_mixin.py:188} INFO - [2026-06-10T21:59:30.757+0000] {dagbag.py:545} INFO - Filling up the DagBag from /home/airflow/.local/lib/python3.12/site-packages/airflow/example_dags/example_datasets.py
[2026-06-10T21:59:30.776+0000] {processor.py:840} INFO - DAG(s) 'consume_1_and_2_with_dataset_expressions', 'dataset_consumes_1', 'dataset_consumes_1_and_2', 'consume_1_or_both_2_and_3_with_dataset_expressions', 'dataset_consumes_1_never_scheduled', 'dataset_produces_1', 'conditional_dataset_and_time_based_timetable', 'consume_1_or_2_with_dataset_expressions', 'dataset_consumes_unknown_never_scheduled', 'dataset_produces_2' retrieved from /home/airflow/.local/lib/python3.12/site-packages/airflow/example_dags/example_datasets.py
[2026-06-10T21:59:30.908+0000] {logging_mixin.py:188} INFO - [2026-06-10T21:59:30.908+0000] {dag.py:3096} INFO - Sync 10 DAGs
[2026-06-10T21:59:31.043+0000] {logging_mixin.py:188} INFO - [2026-06-10T21:59:31.043+0000] {dag.py:3954} INFO - Setting next_dagrun for conditional_dataset_and_time_based_timetable to 2026-06-10 01:00:00+00:00, run_after=2026-06-10 01:00:00+00:00
[2026-06-10T21:59:31.056+0000] {logging_mixin.py:188} INFO - [2026-06-10T21:59:31.056+0000] {dag.py:3954} INFO - Setting next_dagrun for consume_1_and_2_with_dataset_expressions to None, run_after=None
[2026-06-10T21:59:31.069+0000] {logging_mixin.py:188} INFO - [2026-06-10T21:59:31.069+0000] {dag.py:3954} INFO - Setting next_dagrun for consume_1_or_2_with_dataset_expressions to None, run_after=None
[2026-06-10T21:59:31.077+0000] {logging_mixin.py:188} INFO - [2026-06-10T21:59:31.077+0000] {dag.py:3954} INFO - Setting next_dagrun for consume_1_or_both_2_and_3_with_dataset_expressions to None, run_after=None
[2026-06-10T21:59:31.082+0000] {logging_mixin.py:188} INFO - [2026-06-10T21:59:31.081+0000] {dag.py:3954} INFO - Setting next_dagrun for dataset_consumes_1 to None, run_after=None
[2026-06-10T21:59:31.085+0000] {logging_mixin.py:188} INFO - [2026-06-10T21:59:31.085+0000] {dag.py:3954} INFO - Setting next_dagrun for dataset_consumes_1_and_2 to None, run_after=None
[2026-06-10T21:59:31.087+0000] {logging_mixin.py:188} INFO - [2026-06-10T21:59:31.086+0000] {dag.py:3954} INFO - Setting next_dagrun for dataset_consumes_1_never_scheduled to None, run_after=None
[2026-06-10T21:59:31.090+0000] {logging_mixin.py:188} INFO - [2026-06-10T21:59:31.090+0000] {dag.py:3954} INFO - Setting next_dagrun for dataset_consumes_unknown_never_scheduled to None, run_after=None
[2026-06-10T21:59:31.100+0000] {logging_mixin.py:188} INFO - [2026-06-10T21:59:31.100+0000] {dag.py:3954} INFO - Setting next_dagrun for dataset_produces_1 to 2026-06-09 00:00:00+00:00, run_after=2026-06-10 00:00:00+00:00
[2026-06-10T21:59:31.103+0000] {logging_mixin.py:188} INFO - [2026-06-10T21:59:31.103+0000] {dag.py:3954} INFO - Setting next_dagrun for dataset_produces_2 to None, run_after=None
[2026-06-10T21:59:31.184+0000] {processor.py:183} INFO - Processing /home/airflow/.local/lib/python3.12/site-packages/airflow/example_dags/example_datasets.py took 0.435 seconds
[2026-06-10T22:00:01.271+0000] {processor.py:161} INFO - Started process (PID=1104) to work on /home/airflow/.local/lib/python3.12/site-packages/airflow/example_dags/example_datasets.py
[2026-06-10T22:00:01.272+0000] {processor.py:830} INFO - Processing file /home/airflow/.local/lib/python3.12/site-packages/airflow/example_dags/example_datasets.py for tasks to queue
[2026-06-10T22:00:01.274+0000] {logging_mixin.py:188} INFO - [2026-06-10T22:00:01.273+0000] {dagbag.py:545} INFO - Filling up the DagBag from /home/airflow/.local/lib/python3.12/site-packages/airflow/example_dags/example_datasets.py
[2026-06-10T22:00:01.291+0000] {processor.py:840} INFO - DAG(s) 'dataset_consumes_1_and_2', 'dataset_consumes_1_never_scheduled', 'conditional_dataset_and_time_based_timetable', 'consume_1_or_2_with_dataset_expressions', 'dataset_consumes_unknown_never_scheduled', 'dataset_produces_2', 'dataset_produces_1', 'consume_1_or_both_2_and_3_with_dataset_expressions', 'dataset_consumes_1', 'consume_1_and_2_with_dataset_expressions' retrieved from /home/airflow/.local/lib/python3.12/site-packages/airflow/example_dags/example_datasets.py
[2026-06-10T22:00:01.354+0000] {logging_mixin.py:188} INFO - [2026-06-10T22:00:01.354+0000] {dag.py:3096} INFO - Sync 10 DAGs
[2026-06-10T22:00:01.413+0000] {logging_mixin.py:188} INFO - [2026-06-10T22:00:01.413+0000] {dag.py:3954} INFO - Setting next_dagrun for conditional_dataset_and_time_based_timetable to 2026-06-10 01:00:00+00:00, run_after=2026-06-10 01:00:00+00:00
[2026-06-10T22:00:01.424+0000] {logging_mixin.py:188} INFO - [2026-06-10T22:00:01.424+0000] {dag.py:3954} INFO - Setting next_dagrun for consume_1_and_2_with_dataset_expressions to None, run_after=None
[2026-06-10T22:00:01.426+0000] {logging_mixin.py:188} INFO - [2026-06-10T22:00:01.426+0000] {dag.py:3954} INFO - Setting next_dagrun for consume_1_or_2_with_dataset_expressions to None, run_after=None
[2026-06-10T22:00:01.428+0000] {logging_mixin.py:188} INFO - [2026-06-10T22:00:01.427+0000] {dag.py:3954} INFO - Setting next_dagrun for consume_1_or_both_2_and_3_with_dataset_expressions to None, run_after=None
[2026-06-10T22:00:01.429+0000] {logging_mixin.py:188} INFO - [2026-06-10T22:00:01.429+0000] {dag.py:3954} INFO - Setting next_dagrun for dataset_consumes_1 to None, run_after=None
[2026-06-10T22:00:01.431+0000] {logging_mixin.py:188} INFO - [2026-06-10T22:00:01.431+0000] {dag.py:3954} INFO - Setting next_dagrun for dataset_consumes_1_and_2 to None, run_after=None
[2026-06-10T22:00:01.433+0000] {logging_mixin.py:188} INFO - [2026-06-10T22:00:01.433+0000] {dag.py:3954} INFO - Setting next_dagrun for dataset_consumes_1_never_scheduled to None, run_after=None
[2026-06-10T22:00:01.434+0000] {logging_mixin.py:188} INFO - [2026-06-10T22:00:01.434+0000] {dag.py:3954} INFO - Setting next_dagrun for dataset_consumes_unknown_never_scheduled to None, run_after=None
[2026-06-10T22:00:01.438+0000] {logging_mixin.py:188} INFO - [2026-06-10T22:00:01.438+0000] {dag.py:3954} INFO - Setting next_dagrun for dataset_produces_1 to 2026-06-09 00:00:00+00:00, run_after=2026-06-10 00:00:00+00:00
[2026-06-10T22:00:01.440+0000] {logging_mixin.py:188} INFO - [2026-06-10T22:00:01.439+0000] {dag.py:3954} INFO - Setting next_dagrun for dataset_produces_2 to None, run_after=None
[2026-06-10T22:00:01.484+0000] {processor.py:183} INFO - Processing /home/airflow/.local/lib/python3.12/site-packages/airflow/example_dags/example_datasets.py took 0.222 seconds
[2026-06-10T22:00:31.614+0000] {processor.py:161} INFO - Started process (PID=1164) to work on /home/airflow/.local/lib/python3.12/site-packages/airflow/example_dags/example_datasets.py
[2026-06-10T22:00:31.615+0000] {processor.py:830} INFO - Processing file /home/airflow/.local/lib/python3.12/site-packages/airflow/example_dags/example_datasets.py for tasks to queue
[2026-06-10T22:00:31.616+0000] {logging_mixin.py:188} INFO - [2026-06-10T22:00:31.616+0000] {dagbag.py:545} INFO - Filling up the DagBag from /home/airflow/.local/lib/python3.12/site-packages/airflow/example_dags/example_datasets.py
[2026-06-10T22:00:31.628+0000] {processor.py:840} INFO - DAG(s) 'dataset_produces_2', 'conditional_dataset_and_time_based_timetable', 'dataset_consumes_unknown_never_scheduled', 'dataset_consumes_1', 'dataset_consumes_1_and_2', 'consume_1_or_2_with_dataset_expressions', 'consume_1_or_both_2_and_3_with_dataset_expressions', 'consume_1_and_2_with_dataset_expressions', 'dataset_produces_1', 'dataset_consumes_1_never_scheduled' retrieved from /home/airflow/.local/lib/python3.12/site-packages/airflow/example_dags/example_datasets.py
[2026-06-10T22:00:31.669+0000] {logging_mixin.py:188} INFO - [2026-06-10T22:00:31.669+0000] {dag.py:3096} INFO - Sync 10 DAGs
[2026-06-10T22:00:31.691+0000] {logging_mixin.py:188} INFO - [2026-06-10T22:00:31.691+0000] {dag.py:3954} INFO - Setting next_dagrun for conditional_dataset_and_time_based_timetable to 2026-06-10 01:00:00+00:00, run_after=2026-06-10 01:00:00+00:00
[2026-06-10T22:00:31.695+0000] {logging_mixin.py:188} INFO - [2026-06-10T22:00:31.695+0000] {dag.py:3954} INFO - Setting next_dagrun for consume_1_and_2_with_dataset_expressions to None, run_after=None
[2026-06-10T22:00:31.696+0000] {logging_mixin.py:188} INFO - [2026-06-10T22:00:31.696+0000] {dag.py:3954} INFO - Setting next_dagrun for consume_1_or_2_with_dataset_expressions to None, run_after=None
[2026-06-10T22:00:31.697+0000] {logging_mixin.py:188} INFO - [2026-06-10T22:00:31.697+0000] {dag.py:3954} INFO - Setting next_dagrun for consume_1_or_both_2_and_3_with_dataset_expressions to None, run_after=None
[2026-06-10T22:00:31.698+0000] {logging_mixin.py:188} INFO - [2026-06-10T22:00:31.698+0000] {dag.py:3954} INFO - Setting next_dagrun for dataset_consumes_1 to None, run_after=None
[2026-06-10T22:00:31.699+0000] {logging_mixin.py:188} INFO - [2026-06-10T22:00:31.699+0000] {dag.py:3954} INFO - Setting next_dagrun for dataset_consumes_1_and_2 to None, run_after=None
[2026-06-10T22:00:31.700+0000] {logging_mixin.py:188} INFO - [2026-06-10T22:00:31.700+0000] {dag.py:3954} INFO - Setting next_dagrun for dataset_consumes_1_never_scheduled to None, run_after=None
[2026-06-10T22:00:31.701+0000] {logging_mixin.py:188} INFO - [2026-06-10T22:00:31.701+0000] {dag.py:3954} INFO - Setting next_dagrun for dataset_consumes_unknown_never_scheduled to None, run_after=None
[2026-06-10T22:00:31.703+0000] {logging_mixin.py:188} INFO - [2026-06-10T22:00:31.703+0000] {dag.py:3954} INFO - Setting next_dagrun for dataset_produces_1 to 2026-06-09 00:00:00+00:00, run_after=2026-06-10 00:00:00+00:00
[2026-06-10T22:00:31.704+0000] {logging_mixin.py:188} INFO - [2026-06-10T22:00:31.704+0000] {dag.py:3954} INFO - Setting next_dagrun for dataset_produces_2 to None, run_after=None
[2026-06-10T22:00:31.732+0000] {processor.py:183} INFO - Processing /home/airflow/.local/lib/python3.12/site-packages/airflow/example_dags/example_datasets.py took 0.123 seconds
[2026-06-10T22:01:01.905+0000] {processor.py:161} INFO - Started process (PID=1223) to work on /home/airflow/.local/lib/python3.12/site-packages/airflow/example_dags/example_datasets.py
[2026-06-10T22:01:01.906+0000] {processor.py:830} INFO - Processing file /home/airflow/.local/lib/python3.12/site-packages/airflow/example_dags/example_datasets.py for tasks to queue
[2026-06-10T22:01:01.908+0000] {logging_mixin.py:188} INFO - [2026-06-10T22:01:01.907+0000] {dagbag.py:545} INFO - Filling up the DagBag from /home/airflow/.local/lib/python3.12/site-packages/airflow/example_dags/example_datasets.py
[2026-06-10T22:01:01.925+0000] {processor.py:840} INFO - DAG(s) 'consume_1_or_both_2_and_3_with_dataset_expressions', 'consume_1_and_2_with_dataset_expressions', 'dataset_consumes_1', 'conditional_dataset_and_time_based_timetable', 'consume_1_or_2_with_dataset_expressions', 'dataset_produces_1', 'dataset_consumes_1_never_scheduled', 'dataset_consumes_unknown_never_scheduled', 'dataset_produces_2', 'dataset_consumes_1_and_2' retrieved from /home/airflow/.local/lib/python3.12/site-packages/airflow/example_dags/example_datasets.py
[2026-06-10T22:01:01.986+0000] {logging_mixin.py:188} INFO - [2026-06-10T22:01:01.986+0000] {dag.py:3096} INFO - Sync 10 DAGs
[2026-06-10T22:01:02.017+0000] {logging_mixin.py:188} INFO - [2026-06-10T22:01:02.017+0000] {dag.py:3954} INFO - Setting next_dagrun for conditional_dataset_and_time_based_timetable to 2026-06-10 01:00:00+00:00, run_after=2026-06-10 01:00:00+00:00
[2026-06-10T22:01:02.022+0000] {logging_mixin.py:188} INFO - [2026-06-10T22:01:02.021+0000] {dag.py:3954} INFO - Setting next_dagrun for consume_1_and_2_with_dataset_expressions to None, run_after=None
[2026-06-10T22:01:02.023+0000] {logging_mixin.py:188} INFO - [2026-06-10T22:01:02.023+0000] {dag.py:3954} INFO - Setting next_dagrun for consume_1_or_2_with_dataset_expressions to None, run_after=None
[2026-06-10T22:01:02.024+0000] {logging_mixin.py:188} INFO - [2026-06-10T22:01:02.024+0000] {dag.py:3954} INFO - Setting next_dagrun for consume_1_or_both_2_and_3_with_dataset_expressions to None, run_after=None
[2026-06-10T22:01:02.025+0000] {logging_mixin.py:188} INFO - [2026-06-10T22:01:02.025+0000] {dag.py:3954} INFO - Setting next_dagrun for dataset_consumes_1 to None, run_after=None
[2026-06-10T22:01:02.027+0000] {logging_mixin.py:188} INFO - [2026-06-10T22:01:02.026+0000] {dag.py:3954} INFO - Setting next_dagrun for dataset_consumes_1_and_2 to None, run_after=None
[2026-06-10T22:01:02.028+0000] {logging_mixin.py:188} INFO - [2026-06-10T22:01:02.028+0000] {dag.py:3954} INFO - Setting next_dagrun for dataset_consumes_1_never_scheduled to None, run_after=None
[2026-06-10T22:01:02.029+0000] {logging_mixin.py:188} INFO - [2026-06-10T22:01:02.029+0000] {dag.py:3954} INFO - Setting next_dagrun for dataset_consumes_unknown_never_scheduled to None, run_after=None
[2026-06-10T22:01:02.032+0000] {logging_mixin.py:188} INFO - [2026-06-10T22:01:02.031+0000] {dag.py:3954} INFO - Setting next_dagrun for dataset_produces_1 to 2026-06-09 00:00:00+00:00, run_after=2026-06-10 00:00:00+00:00
[2026-06-10T22:01:02.033+0000] {logging_mixin.py:188} INFO - [2026-06-10T22:01:02.033+0000] {dag.py:3954} INFO - Setting next_dagrun for dataset_produces_2 to None, run_after=None
[2026-06-10T22:01:02.066+0000] {processor.py:183} INFO - Processing /home/airflow/.local/lib/python3.12/site-packages/airflow/example_dags/example_datasets.py took 0.168 seconds
[2026-06-10T22:01:33.027+0000] {processor.py:161} INFO - Started process (PID=1283) to work on /home/airflow/.local/lib/python3.12/site-packages/airflow/example_dags/example_datasets.py
[2026-06-10T22:01:33.028+0000] {processor.py:830} INFO - Processing file /home/airflow/.local/lib/python3.12/site-packages/airflow/example_dags/example_datasets.py for tasks to queue
[2026-06-10T22:01:33.030+0000] {logging_mixin.py:188} INFO - [2026-06-10T22:01:33.029+0000] {dagbag.py:545} INFO - Filling up the DagBag from /home/airflow/.local/lib/python3.12/site-packages/airflow/example_dags/example_datasets.py
[2026-06-10T22:01:33.042+0000] {processor.py:840} INFO - DAG(s) 'consume_1_or_2_with_dataset_expressions', 'dataset_consumes_1_never_scheduled', 'dataset_consumes_1', 'dataset_consumes_1_and_2', 'dataset_produces_1', 'consume_1_and_2_with_dataset_expressions', 'dataset_produces_2', 'dataset_consumes_unknown_never_scheduled', 'consume_1_or_both_2_and_3_with_dataset_expressions', 'conditional_dataset_and_time_based_timetable' retrieved from /home/airflow/.local/lib/python3.12/site-packages/airflow/example_dags/example_datasets.py
[2026-06-10T22:01:33.096+0000] {logging_mixin.py:188} INFO - [2026-06-10T22:01:33.095+0000] {dag.py:3096} INFO - Sync 10 DAGs
[2026-06-10T22:01:33.120+0000] {logging_mixin.py:188} INFO - [2026-06-10T22:01:33.120+0000] {dag.py:3954} INFO - Setting next_dagrun for conditional_dataset_and_time_based_timetable to 2026-06-10 01:00:00+00:00, run_after=2026-06-10 01:00:00+00:00
[2026-06-10T22:01:33.123+0000] {logging_mixin.py:188} INFO - [2026-06-10T22:01:33.123+0000] {dag.py:3954} INFO - Setting next_dagrun for consume_1_and_2_with_dataset_expressions to None, run_after=None
[2026-06-10T22:01:33.124+0000] {logging_mixin.py:188} INFO - [2026-06-10T22:01:33.124+0000] {dag.py:3954} INFO - Setting next_dagrun for consume_1_or_2_with_dataset_expressions to None, run_after=None
[2026-06-10T22:01:33.125+0000] {logging_mixin.py:188} INFO - [2026-06-10T22:01:33.125+0000] {dag.py:3954} INFO - Setting next_dagrun for consume_1_or_both_2_and_3_with_dataset_expressions to None, run_after=None
[2026-06-10T22:01:33.126+0000] {logging_mixin.py:188} INFO - [2026-06-10T22:01:33.126+0000] {dag.py:3954} INFO - Setting next_dagrun for dataset_consumes_1 to None, run_after=None
[2026-06-10T22:01:33.127+0000] {logging_mixin.py:188} INFO - [2026-06-10T22:01:33.127+0000] {dag.py:3954} INFO - Setting next_dagrun for dataset_consumes_1_and_2 to None, run_after=None
[2026-06-10T22:01:33.128+0000] {logging_mixin.py:188} INFO - [2026-06-10T22:01:33.128+0000] {dag.py:3954} INFO - Setting next_dagrun for dataset_consumes_1_never_scheduled to None, run_after=None
[2026-06-10T22:01:33.129+0000] {logging_mixin.py:188} INFO - [2026-06-10T22:01:33.129+0000] {dag.py:3954} INFO - Setting next_dagrun for dataset_consumes_unknown_never_scheduled to None, run_after=None
[2026-06-10T22:01:33.132+0000] {logging_mixin.py:188} INFO - [2026-06-10T22:01:33.131+0000] {dag.py:3954} INFO - Setting next_dagrun for dataset_produces_1 to 2026-06-09 00:00:00+00:00, run_after=2026-06-10 00:00:00+00:00
[2026-06-10T22:01:33.133+0000] {logging_mixin.py:188} INFO - [2026-06-10T22:01:33.133+0000] {dag.py:3954} INFO - Setting next_dagrun for dataset_produces_2 to None, run_after=None
[2026-06-10T22:01:33.160+0000] {processor.py:183} INFO - Processing /home/airflow/.local/lib/python3.12/site-packages/airflow/example_dags/example_datasets.py took 0.138 seconds
[2026-06-10T22:02:03.419+0000] {processor.py:161} INFO - Started process (PID=1343) to work on /home/airflow/.local/lib/python3.12/site-packages/airflow/example_dags/example_datasets.py
[2026-06-10T22:02:03.422+0000] {processor.py:830} INFO - Processing file /home/airflow/.local/lib/python3.12/site-packages/airflow/example_dags/example_datasets.py for tasks to queue
[2026-06-10T22:02:03.427+0000] {logging_mixin.py:188} INFO - [2026-06-10T22:02:03.425+0000] {dagbag.py:545} INFO - Filling up the DagBag from /home/airflow/.local/lib/python3.12/site-packages/airflow/example_dags/example_datasets.py
[2026-06-10T22:02:03.449+0000] {processor.py:840} INFO - DAG(s) 'dataset_consumes_1', 'consume_1_and_2_with_dataset_expressions', 'conditional_dataset_and_time_based_timetable', 'consume_1_or_both_2_and_3_with_dataset_expressions', 'dataset_consumes_unknown_never_scheduled', 'consume_1_or_2_with_dataset_expressions', 'dataset_consumes_1_never_scheduled', 'dataset_produces_2', 'dataset_consumes_1_and_2', 'dataset_produces_1' retrieved from /home/airflow/.local/lib/python3.12/site-packages/airflow/example_dags/example_datasets.py
[2026-06-10T22:02:03.519+0000] {logging_mixin.py:188} INFO - [2026-06-10T22:02:03.519+0000] {dag.py:3096} INFO - Sync 10 DAGs
[2026-06-10T22:02:03.598+0000] {logging_mixin.py:188} INFO - [2026-06-10T22:02:03.597+0000] {dag.py:3954} INFO - Setting next_dagrun for conditional_dataset_and_time_based_timetable to 2026-06-10 01:00:00+00:00, run_after=2026-06-10 01:00:00+00:00
[2026-06-10T22:02:03.602+0000] {logging_mixin.py:188} INFO - [2026-06-10T22:02:03.602+0000] {dag.py:3954} INFO - Setting next_dagrun for consume_1_and_2_with_dataset_expressions to None, run_after=None
[2026-06-10T22:02:03.604+0000] {logging_mixin.py:188} INFO - [2026-06-10T22:02:03.603+0000] {dag.py:3954} INFO - Setting next_dagrun for consume_1_or_2_with_dataset_expressions to None, run_after=None
[2026-06-10T22:02:03.605+0000] {logging_mixin.py:188} INFO - [2026-06-10T22:02:03.605+0000] {dag.py:3954} INFO - Setting next_dagrun for consume_1_or_both_2_and_3_with_dataset_expressions to None, run_after=None
[2026-06-10T22:02:03.606+0000] {logging_mixin.py:188} INFO - [2026-06-10T22:02:03.606+0000] {dag.py:3954} INFO - Setting next_dagrun for dataset_consumes_1 to None, run_after=None
[2026-06-10T22:02:03.607+0000] {logging_mixin.py:188} INFO - [2026-06-10T22:02:03.607+0000] {dag.py:3954} INFO - Setting next_dagrun for dataset_consumes_1_and_2 to None, run_after=None
[2026-06-10T22:02:03.608+0000] {logging_mixin.py:188} INFO - [2026-06-10T22:02:03.608+0000] {dag.py:3954} INFO - Setting next_dagrun for dataset_consumes_1_never_scheduled to None, run_after=None
[2026-06-10T22:02:03.609+0000] {logging_mixin.py:188} INFO - [2026-06-10T22:02:03.609+0000] {dag.py:3954} INFO - Setting next_dagrun for dataset_consumes_unknown_never_scheduled to None, run_after=None
[2026-06-10T22:02:03.612+0000] {logging_mixin.py:188} INFO - [2026-06-10T22:02:03.611+0000] {dag.py:3954} INFO - Setting next_dagrun for dataset_produces_1 to 2026-06-09 00:00:00+00:00, run_after=2026-06-10 00:00:00+00:00
[2026-06-10T22:02:03.613+0000] {logging_mixin.py:188} INFO - [2026-06-10T22:02:03.612+0000] {dag.py:3954} INFO - Setting next_dagrun for dataset_produces_2 to None, run_after=None
[2026-06-10T22:02:03.640+0000] {processor.py:183} INFO - Processing /home/airflow/.local/lib/python3.12/site-packages/airflow/example_dags/example_datasets.py took 0.236 seconds
[2026-06-10T22:02:33.956+0000] {processor.py:161} INFO - Started process (PID=1403) to work on /home/airflow/.local/lib/python3.12/site-packages/airflow/example_dags/example_datasets.py
[2026-06-10T22:02:33.960+0000] {processor.py:830} INFO - Processing file /home/airflow/.local/lib/python3.12/site-packages/airflow/example_dags/example_datasets.py for tasks to queue
[2026-06-10T22:02:33.965+0000] {logging_mixin.py:188} INFO - [2026-06-10T22:02:33.965+0000] {dagbag.py:545} INFO - Filling up the DagBag from /home/airflow/.local/lib/python3.12/site-packages/airflow/example_dags/example_datasets.py
[2026-06-10T22:02:33.994+0000] {processor.py:840} INFO - DAG(s) 'dataset_consumes_1', 'dataset_produces_1', 'dataset_consumes_unknown_never_scheduled', 'consume_1_and_2_with_dataset_expressions', 'dataset_consumes_1_and_2', 'consume_1_or_both_2_and_3_with_dataset_expressions', 'conditional_dataset_and_time_based_timetable', 'consume_1_or_2_with_dataset_expressions', 'dataset_consumes_1_never_scheduled', 'dataset_produces_2' retrieved from /home/airflow/.local/lib/python3.12/site-packages/airflow/example_dags/example_datasets.py
[2026-06-10T22:02:34.058+0000] {logging_mixin.py:188} INFO - [2026-06-10T22:02:34.058+0000] {dag.py:3096} INFO - Sync 10 DAGs
[2026-06-10T22:02:34.090+0000] {logging_mixin.py:188} INFO - [2026-06-10T22:02:34.090+0000] {dag.py:3954} INFO - Setting next_dagrun for conditional_dataset_and_time_based_timetable to 2026-06-10 01:00:00+00:00, run_after=2026-06-10 01:00:00+00:00
[2026-06-10T22:02:34.096+0000] {logging_mixin.py:188} INFO - [2026-06-10T22:02:34.096+0000] {dag.py:3954} INFO - Setting next_dagrun for consume_1_and_2_with_dataset_expressions to None, run_after=None
[2026-06-10T22:02:34.097+0000] {logging_mixin.py:188} INFO - [2026-06-10T22:02:34.097+0000] {dag.py:3954} INFO - Setting next_dagrun for consume_1_or_2_with_dataset_expressions to None, run_after=None
[2026-06-10T22:02:34.098+0000] {logging_mixin.py:188} INFO - [2026-06-10T22:02:34.098+0000] {dag.py:3954} INFO - Setting next_dagrun for consume_1_or_both_2_and_3_with_dataset_expressions to None, run_after=None
[2026-06-10T22:02:34.099+0000] {logging_mixin.py:188} INFO - [2026-06-10T22:02:34.099+0000] {dag.py:3954} INFO - Setting next_dagrun for dataset_consumes_1 to None, run_after=None
[2026-06-10T22:02:34.100+0000] {logging_mixin.py:188} INFO - [2026-06-10T22:02:34.100+0000] {dag.py:3954} INFO - Setting next_dagrun for dataset_consumes_1_and_2 to None, run_after=None
[2026-06-10T22:02:34.101+0000] {logging_mixin.py:188} INFO - [2026-06-10T22:02:34.101+0000] {dag.py:3954} INFO - Setting next_dagrun for dataset_consumes_1_never_scheduled to None, run_after=None
[2026-06-10T22:02:34.102+0000] {logging_mixin.py:188} INFO - [2026-06-10T22:02:34.102+0000] {dag.py:3954} INFO - Setting next_dagrun for dataset_consumes_unknown_never_scheduled to None, run_after=None
[2026-06-10T22:02:34.104+0000] {logging_mixin.py:188} INFO - [2026-06-10T22:02:34.104+0000] {dag.py:3954} INFO - Setting next_dagrun for dataset_produces_1 to 2026-06-09 00:00:00+00:00, run_after=2026-06-10 00:00:00+00:00
[2026-06-10T22:02:34.105+0000] {logging_mixin.py:188} INFO - [2026-06-10T22:02:34.105+0000] {dag.py:3954} INFO - Setting next_dagrun for dataset_produces_2 to None, run_after=None
[2026-06-10T22:02:34.132+0000] {processor.py:183} INFO - Processing /home/airflow/.local/lib/python3.12/site-packages/airflow/example_dags/example_datasets.py took 0.214 seconds
[2026-06-10T22:03:04.963+0000] {processor.py:161} INFO - Started process (PID=1463) to work on /home/airflow/.local/lib/python3.12/site-packages/airflow/example_dags/example_datasets.py
[2026-06-10T22:03:04.973+0000] {processor.py:830} INFO - Processing file /home/airflow/.local/lib/python3.12/site-packages/airflow/example_dags/example_datasets.py for tasks to queue
[2026-06-10T22:03:04.978+0000] {logging_mixin.py:188} INFO - [2026-06-10T22:03:04.977+0000] {dagbag.py:545} INFO - Filling up the DagBag from /home/airflow/.local/lib/python3.12/site-packages/airflow/example_dags/example_datasets.py
[2026-06-10T22:03:05.027+0000] {processor.py:840} INFO - DAG(s) 'conditional_dataset_and_time_based_timetable', 'dataset_consumes_unknown_never_scheduled', 'dataset_produces_2', 'dataset_consumes_1_and_2', 'dataset_produces_1', 'dataset_consumes_1_never_scheduled', 'dataset_consumes_1', 'consume_1_or_2_with_dataset_expressions', 'consume_1_or_both_2_and_3_with_dataset_expressions', 'consume_1_and_2_with_dataset_expressions' retrieved from /home/airflow/.local/lib/python3.12/site-packages/airflow/example_dags/example_datasets.py
[2026-06-10T22:03:05.090+0000] {logging_mixin.py:188} INFO - [2026-06-10T22:03:05.090+0000] {dag.py:3096} INFO - Sync 10 DAGs
[2026-06-10T22:03:05.125+0000] {logging_mixin.py:188} INFO - [2026-06-10T22:03:05.125+0000] {dag.py:3954} INFO - Setting next_dagrun for conditional_dataset_and_time_based_timetable to 2026-06-10 01:00:00+00:00, run_after=2026-06-10 01:00:00+00:00
[2026-06-10T22:03:05.129+0000] {logging_mixin.py:188} INFO - [2026-06-10T22:03:05.129+0000] {dag.py:3954} INFO - Setting next_dagrun for consume_1_and_2_with_dataset_expressions to None, run_after=None
[2026-06-10T22:03:05.131+0000] {logging_mixin.py:188} INFO - [2026-06-10T22:03:05.131+0000] {dag.py:3954} INFO - Setting next_dagrun for consume_1_or_2_with_dataset_expressions to None, run_after=None
[2026-06-10T22:03:05.132+0000] {logging_mixin.py:188} INFO - [2026-06-10T22:03:05.132+0000] {dag.py:3954} INFO - Setting next_dagrun for consume_1_or_both_2_and_3_with_dataset_expressions to None, run_after=None
[2026-06-10T22:03:05.133+0000] {logging_mixin.py:188} INFO - [2026-06-10T22:03:05.133+0000] {dag.py:3954} INFO - Setting next_dagrun for dataset_consumes_1 to None, run_after=None
[2026-06-10T22:03:05.135+0000] {logging_mixin.py:188} INFO - [2026-06-10T22:03:05.135+0000] {dag.py:3954} INFO - Setting next_dagrun for dataset_consumes_1_and_2 to None, run_after=None
[2026-06-10T22:03:05.136+0000] {logging_mixin.py:188} INFO - [2026-06-10T22:03:05.136+0000] {dag.py:3954} INFO - Setting next_dagrun for dataset_consumes_1_never_scheduled to None, run_after=None
[2026-06-10T22:03:05.137+0000] {logging_mixin.py:188} INFO - [2026-06-10T22:03:05.137+0000] {dag.py:3954} INFO - Setting next_dagrun for dataset_consumes_unknown_never_scheduled to None, run_after=None
[2026-06-10T22:03:05.140+0000] {logging_mixin.py:188} INFO - [2026-06-10T22:03:05.140+0000] {dag.py:3954} INFO - Setting next_dagrun for dataset_produces_1 to 2026-06-09 00:00:00+00:00, run_after=2026-06-10 00:00:00+00:00
[2026-06-10T22:03:05.141+0000] {logging_mixin.py:188} INFO - [2026-06-10T22:03:05.141+0000] {dag.py:3954} INFO - Setting next_dagrun for dataset_produces_2 to None, run_after=None
[2026-06-10T22:03:05.169+0000] {processor.py:183} INFO - Processing /home/airflow/.local/lib/python3.12/site-packages/airflow/example_dags/example_datasets.py took 0.251 seconds
[2026-06-10T22:03:35.392+0000] {processor.py:161} INFO - Started process (PID=1523) to work on /home/airflow/.local/lib/python3.12/site-packages/airflow/example_dags/example_datasets.py
[2026-06-10T22:03:35.393+0000] {processor.py:830} INFO - Processing file /home/airflow/.local/lib/python3.12/site-packages/airflow/example_dags/example_datasets.py for tasks to queue
[2026-06-10T22:03:35.397+0000] {logging_mixin.py:188} INFO - [2026-06-10T22:03:35.396+0000] {dagbag.py:545} INFO - Filling up the DagBag from /home/airflow/.local/lib/python3.12/site-packages/airflow/example_dags/example_datasets.py
[2026-06-10T22:03:35.441+0000] {processor.py:840} INFO - DAG(s) 'consume_1_and_2_with_dataset_expressions', 'dataset_produces_2', 'dataset_produces_1', 'dataset_consumes_1_never_scheduled', 'dataset_consumes_unknown_never_scheduled', 'conditional_dataset_and_time_based_timetable', 'dataset_consumes_1_and_2', 'consume_1_or_2_with_dataset_expressions', 'dataset_consumes_1', 'consume_1_or_both_2_and_3_with_dataset_expressions' retrieved from /home/airflow/.local/lib/python3.12/site-packages/airflow/example_dags/example_datasets.py
[2026-06-10T22:03:35.604+0000] {logging_mixin.py:188} INFO - [2026-06-10T22:03:35.604+0000] {dag.py:3096} INFO - Sync 10 DAGs
[2026-06-10T22:03:35.675+0000] {logging_mixin.py:188} INFO - [2026-06-10T22:03:35.675+0000] {dag.py:3954} INFO - Setting next_dagrun for conditional_dataset_and_time_based_timetable to 2026-06-10 01:00:00+00:00, run_after=2026-06-10 01:00:00+00:00
[2026-06-10T22:03:35.685+0000] {logging_mixin.py:188} INFO - [2026-06-10T22:03:35.685+0000] {dag.py:3954} INFO - Setting next_dagrun for consume_1_and_2_with_dataset_expressions to None, run_after=None
[2026-06-10T22:03:35.688+0000] {logging_mixin.py:188} INFO - [2026-06-10T22:03:35.688+0000] {dag.py:3954} INFO - Setting next_dagrun for consume_1_or_2_with_dataset_expressions to None, run_after=None
[2026-06-10T22:03:35.692+0000] {logging_mixin.py:188} INFO - [2026-06-10T22:03:35.692+0000] {dag.py:3954} INFO - Setting next_dagrun for consume_1_or_both_2_and_3_with_dataset_expressions to None, run_after=None
[2026-06-10T22:03:35.696+0000] {logging_mixin.py:188} INFO - [2026-06-10T22:03:35.695+0000] {dag.py:3954} INFO - Setting next_dagrun for dataset_consumes_1 to None, run_after=None
[2026-06-10T22:03:35.698+0000] {logging_mixin.py:188} INFO - [2026-06-10T22:03:35.698+0000] {dag.py:3954} INFO - Setting next_dagrun for dataset_consumes_1_and_2 to None, run_after=None
[2026-06-10T22:03:35.702+0000] {logging_mixin.py:188} INFO - [2026-06-10T22:03:35.701+0000] {dag.py:3954} INFO - Setting next_dagrun for dataset_consumes_1_never_scheduled to None, run_after=None
[2026-06-10T22:03:35.705+0000] {logging_mixin.py:188} INFO - [2026-06-10T22:03:35.705+0000] {dag.py:3954} INFO - Setting next_dagrun for dataset_consumes_unknown_never_scheduled to None, run_after=None
[2026-06-10T22:03:35.714+0000] {logging_mixin.py:188} INFO - [2026-06-10T22:03:35.711+0000] {dag.py:3954} INFO - Setting next_dagrun for dataset_produces_1 to 2026-06-09 00:00:00+00:00, run_after=2026-06-10 00:00:00+00:00
[2026-06-10T22:03:35.717+0000] {logging_mixin.py:188} INFO - [2026-06-10T22:03:35.717+0000] {dag.py:3954} INFO - Setting next_dagrun for dataset_produces_2 to None, run_after=None
[2026-06-10T22:03:35.797+0000] {processor.py:183} INFO - Processing /home/airflow/.local/lib/python3.12/site-packages/airflow/example_dags/example_datasets.py took 0.423 seconds
[2026-06-10T22:04:05.979+0000] {processor.py:161} INFO - Started process (PID=1581) to work on /home/airflow/.local/lib/python3.12/site-packages/airflow/example_dags/example_datasets.py
[2026-06-10T22:04:05.980+0000] {processor.py:830} INFO - Processing file /home/airflow/.local/lib/python3.12/site-packages/airflow/example_dags/example_datasets.py for tasks to queue
[2026-06-10T22:04:05.982+0000] {logging_mixin.py:188} INFO - [2026-06-10T22:04:05.982+0000] {dagbag.py:545} INFO - Filling up the DagBag from /home/airflow/.local/lib/python3.12/site-packages/airflow/example_dags/example_datasets.py
[2026-06-10T22:04:06.000+0000] {processor.py:840} INFO - DAG(s) 'consume_1_or_both_2_and_3_with_dataset_expressions', 'dataset_produces_2', 'dataset_consumes_1_and_2', 'dataset_consumes_1_never_scheduled', 'dataset_produces_1', 'dataset_consumes_1', 'consume_1_and_2_with_dataset_expressions', 'dataset_consumes_unknown_never_scheduled', 'conditional_dataset_and_time_based_timetable', 'consume_1_or_2_with_dataset_expressions' retrieved from /home/airflow/.local/lib/python3.12/site-packages/airflow/example_dags/example_datasets.py
[2026-06-10T22:04:06.063+0000] {logging_mixin.py:188} INFO - [2026-06-10T22:04:06.062+0000] {dag.py:3096} INFO - Sync 10 DAGs
[2026-06-10T22:04:06.094+0000] {logging_mixin.py:188} INFO - [2026-06-10T22:04:06.094+0000] {dag.py:3954} INFO - Setting next_dagrun for conditional_dataset_and_time_based_timetable to 2026-06-10 01:00:00+00:00, run_after=2026-06-10 01:00:00+00:00
[2026-06-10T22:04:06.099+0000] {logging_mixin.py:188} INFO - [2026-06-10T22:04:06.099+0000] {dag.py:3954} INFO - Setting next_dagrun for consume_1_and_2_with_dataset_expressions to None, run_after=None
[2026-06-10T22:04:06.102+0000] {logging_mixin.py:188} INFO - [2026-06-10T22:04:06.101+0000] {dag.py:3954} INFO - Setting next_dagrun for consume_1_or_2_with_dataset_expressions to None, run_after=None
[2026-06-10T22:04:06.104+0000] {logging_mixin.py:188} INFO - [2026-06-10T22:04:06.103+0000] {dag.py:3954} INFO - Setting next_dagrun for consume_1_or_both_2_and_3_with_dataset_expressions to None, run_after=None
[2026-06-10T22:04:06.105+0000] {logging_mixin.py:188} INFO - [2026-06-10T22:04:06.105+0000] {dag.py:3954} INFO - Setting next_dagrun for dataset_consumes_1 to None, run_after=None
[2026-06-10T22:04:06.107+0000] {logging_mixin.py:188} INFO - [2026-06-10T22:04:06.106+0000] {dag.py:3954} INFO - Setting next_dagrun for dataset_consumes_1_and_2 to None, run_after=None
[2026-06-10T22:04:06.108+0000] {logging_mixin.py:188} INFO - [2026-06-10T22:04:06.108+0000] {dag.py:3954} INFO - Setting next_dagrun for dataset_consumes_1_never_scheduled to None, run_after=None
[2026-06-10T22:04:06.109+0000] {logging_mixin.py:188} INFO - [2026-06-10T22:04:06.109+0000] {dag.py:3954} INFO - Setting next_dagrun for dataset_consumes_unknown_never_scheduled to None, run_after=None
[2026-06-10T22:04:06.112+0000] {logging_mixin.py:188} INFO - [2026-06-10T22:04:06.112+0000] {dag.py:3954} INFO - Setting next_dagrun for dataset_produces_1 to 2026-06-09 00:00:00+00:00, run_after=2026-06-10 00:00:00+00:00
[2026-06-10T22:04:06.114+0000] {logging_mixin.py:188} INFO - [2026-06-10T22:04:06.113+0000] {dag.py:3954} INFO - Setting next_dagrun for dataset_produces_2 to None, run_after=None
[2026-06-10T22:04:06.151+0000] {processor.py:183} INFO - Processing /home/airflow/.local/lib/python3.12/site-packages/airflow/example_dags/example_datasets.py took 0.179 seconds
[2026-06-10T22:04:36.597+0000] {processor.py:161} INFO - Started process (PID=1642) to work on /home/airflow/.local/lib/python3.12/site-packages/airflow/example_dags/example_datasets.py
[2026-06-10T22:04:36.600+0000] {processor.py:830} INFO - Processing file /home/airflow/.local/lib/python3.12/site-packages/airflow/example_dags/example_datasets.py for tasks to queue
[2026-06-10T22:04:36.610+0000] {logging_mixin.py:188} INFO - [2026-06-10T22:04:36.607+0000] {dagbag.py:545} INFO - Filling up the DagBag from /home/airflow/.local/lib/python3.12/site-packages/airflow/example_dags/example_datasets.py
[2026-06-10T22:04:36.682+0000] {processor.py:840} INFO - DAG(s) 'dataset_produces_2', 'conditional_dataset_and_time_based_timetable', 'dataset_consumes_unknown_never_scheduled', 'consume_1_or_2_with_dataset_expressions', 'consume_1_or_both_2_and_3_with_dataset_expressions', 'dataset_consumes_1', 'dataset_consumes_1_never_scheduled', 'dataset_consumes_1_and_2', 'consume_1_and_2_with_dataset_expressions', 'dataset_produces_1' retrieved from /home/airflow/.local/lib/python3.12/site-packages/airflow/example_dags/example_datasets.py
[2026-06-10T22:04:36.868+0000] {logging_mixin.py:188} INFO - [2026-06-10T22:04:36.868+0000] {dag.py:3096} INFO - Sync 10 DAGs
[2026-06-10T22:04:37.242+0000] {logging_mixin.py:188} INFO - [2026-06-10T22:04:37.242+0000] {dag.py:3954} INFO - Setting next_dagrun for conditional_dataset_and_time_based_timetable to 2026-06-10 01:00:00+00:00, run_after=2026-06-10 01:00:00+00:00
[2026-06-10T22:04:37.275+0000] {logging_mixin.py:188} INFO - [2026-06-10T22:04:37.275+0000] {dag.py:3954} INFO - Setting next_dagrun for consume_1_and_2_with_dataset_expressions to None, run_after=None
[2026-06-10T22:04:37.283+0000] {logging_mixin.py:188} INFO - [2026-06-10T22:04:37.283+0000] {dag.py:3954} INFO - Setting next_dagrun for consume_1_or_2_with_dataset_expressions to None, run_after=None
[2026-06-10T22:04:37.290+0000] {logging_mixin.py:188} INFO - [2026-06-10T22:04:37.290+0000] {dag.py:3954} INFO - Setting next_dagrun for consume_1_or_both_2_and_3_with_dataset_expressions to None, run_after=None
[2026-06-10T22:04:37.299+0000] {logging_mixin.py:188} INFO - [2026-06-10T22:04:37.298+0000] {dag.py:3954} INFO - Setting next_dagrun for dataset_consumes_1 to None, run_after=None
[2026-06-10T22:04:37.305+0000] {logging_mixin.py:188} INFO - [2026-06-10T22:04:37.305+0000] {dag.py:3954} INFO - Setting next_dagrun for dataset_consumes_1_and_2 to None, run_after=None
[2026-06-10T22:04:37.311+0000] {logging_mixin.py:188} INFO - [2026-06-10T22:04:37.311+0000] {dag.py:3954} INFO - Setting next_dagrun for dataset_consumes_1_never_scheduled to None, run_after=None
[2026-06-10T22:04:37.317+0000] {logging_mixin.py:188} INFO - [2026-06-10T22:04:37.317+0000] {dag.py:3954} INFO - Setting next_dagrun for dataset_consumes_unknown_never_scheduled to None, run_after=None
[2026-06-10T22:04:37.333+0000] {logging_mixin.py:188} INFO - [2026-06-10T22:04:37.333+0000] {dag.py:3954} INFO - Setting next_dagrun for dataset_produces_1 to 2026-06-09 00:00:00+00:00, run_after=2026-06-10 00:00:00+00:00
[2026-06-10T22:04:37.341+0000] {logging_mixin.py:188} INFO - [2026-06-10T22:04:37.341+0000] {dag.py:3954} INFO - Setting next_dagrun for dataset_produces_2 to None, run_after=None
[2026-06-10T22:04:37.431+0000] {processor.py:183} INFO - Processing /home/airflow/.local/lib/python3.12/site-packages/airflow/example_dags/example_datasets.py took 0.859 seconds
[2026-06-10T22:05:07.665+0000] {processor.py:161} INFO - Started process (PID=1701) to work on /home/airflow/.local/lib/python3.12/site-packages/airflow/example_dags/example_datasets.py
[2026-06-10T22:05:07.668+0000] {processor.py:830} INFO - Processing file /home/airflow/.local/lib/python3.12/site-packages/airflow/example_dags/example_datasets.py for tasks to queue
[2026-06-10T22:05:07.671+0000] {logging_mixin.py:188} INFO - [2026-06-10T22:05:07.671+0000] {dagbag.py:545} INFO - Filling up the DagBag from /home/airflow/.local/lib/python3.12/site-packages/airflow/example_dags/example_datasets.py
[2026-06-10T22:05:07.693+0000] {processor.py:840} INFO - DAG(s) 'dataset_consumes_1', 'consume_1_or_2_with_dataset_expressions', 'dataset_produces_1', 'consume_1_or_both_2_and_3_with_dataset_expressions', 'consume_1_and_2_with_dataset_expressions', 'dataset_consumes_unknown_never_scheduled', 'dataset_produces_2', 'dataset_consumes_1_and_2', 'conditional_dataset_and_time_based_timetable', 'dataset_consumes_1_never_scheduled' retrieved from /home/airflow/.local/lib/python3.12/site-packages/airflow/example_dags/example_datasets.py
[2026-06-10T22:05:07.753+0000] {logging_mixin.py:188} INFO - [2026-06-10T22:05:07.753+0000] {dag.py:3096} INFO - Sync 10 DAGs
[2026-06-10T22:05:07.784+0000] {logging_mixin.py:188} INFO - [2026-06-10T22:05:07.784+0000] {dag.py:3954} INFO - Setting next_dagrun for conditional_dataset_and_time_based_timetable to 2026-06-10 01:00:00+00:00, run_after=2026-06-10 01:00:00+00:00
[2026-06-10T22:05:07.799+0000] {logging_mixin.py:188} INFO - [2026-06-10T22:05:07.798+0000] {dag.py:3954} INFO - Setting next_dagrun for consume_1_and_2_with_dataset_expressions to None, run_after=None
[2026-06-10T22:05:07.804+0000] {logging_mixin.py:188} INFO - [2026-06-10T22:05:07.804+0000] {dag.py:3954} INFO - Setting next_dagrun for consume_1_or_2_with_dataset_expressions to None, run_after=None
[2026-06-10T22:05:07.806+0000] {logging_mixin.py:188} INFO - [2026-06-10T22:05:07.805+0000] {dag.py:3954} INFO - Setting next_dagrun for consume_1_or_both_2_and_3_with_dataset_expressions to None, run_after=None
[2026-06-10T22:05:07.808+0000] {logging_mixin.py:188} INFO - [2026-06-10T22:05:07.807+0000] {dag.py:3954} INFO - Setting next_dagrun for dataset_consumes_1 to None, run_after=None
[2026-06-10T22:05:07.810+0000] {logging_mixin.py:188} INFO - [2026-06-10T22:05:07.810+0000] {dag.py:3954} INFO - Setting next_dagrun for dataset_consumes_1_and_2 to None, run_after=None
[2026-06-10T22:05:07.812+0000] {logging_mixin.py:188} INFO - [2026-06-10T22:05:07.812+0000] {dag.py:3954} INFO - Setting next_dagrun for dataset_consumes_1_never_scheduled to None, run_after=None
[2026-06-10T22:05:07.816+0000] {logging_mixin.py:188} INFO - [2026-06-10T22:05:07.816+0000] {dag.py:3954} INFO - Setting next_dagrun for dataset_consumes_unknown_never_scheduled to None, run_after=None
[2026-06-10T22:05:07.820+0000] {logging_mixin.py:188} INFO - [2026-06-10T22:05:07.820+0000] {dag.py:3954} INFO - Setting next_dagrun for dataset_produces_1 to 2026-06-09 00:00:00+00:00, run_after=2026-06-10 00:00:00+00:00
[2026-06-10T22:05:07.824+0000] {logging_mixin.py:188} INFO - [2026-06-10T22:05:07.823+0000] {dag.py:3954} INFO - Setting next_dagrun for dataset_produces_2 to None, run_after=None
[2026-06-10T22:05:08.092+0000] {processor.py:183} INFO - Processing /home/airflow/.local/lib/python3.12/site-packages/airflow/example_dags/example_datasets.py took 0.434 seconds
[2026-06-10T22:05:38.270+0000] {processor.py:161} INFO - Started process (PID=1761) to work on /home/airflow/.local/lib/python3.12/site-packages/airflow/example_dags/example_datasets.py
[2026-06-10T22:05:38.271+0000] {processor.py:830} INFO - Processing file /home/airflow/.local/lib/python3.12/site-packages/airflow/example_dags/example_datasets.py for tasks to queue
[2026-06-10T22:05:38.273+0000] {logging_mixin.py:188} INFO - [2026-06-10T22:05:38.273+0000] {dagbag.py:545} INFO - Filling up the DagBag from /home/airflow/.local/lib/python3.12/site-packages/airflow/example_dags/example_datasets.py
[2026-06-10T22:05:38.291+0000] {processor.py:840} INFO - DAG(s) 'consume_1_or_both_2_and_3_with_dataset_expressions', 'consume_1_and_2_with_dataset_expressions', 'dataset_produces_1', 'consume_1_or_2_with_dataset_expressions', 'dataset_consumes_1_never_scheduled', 'dataset_produces_2', 'conditional_dataset_and_time_based_timetable', 'dataset_consumes_1_and_2', 'dataset_consumes_1', 'dataset_consumes_unknown_never_scheduled' retrieved from /home/airflow/.local/lib/python3.12/site-packages/airflow/example_dags/example_datasets.py
[2026-06-10T22:05:38.355+0000] {logging_mixin.py:188} INFO - [2026-06-10T22:05:38.354+0000] {dag.py:3096} INFO - Sync 10 DAGs
[2026-06-10T22:05:38.389+0000] {logging_mixin.py:188} INFO - [2026-06-10T22:05:38.389+0000] {dag.py:3954} INFO - Setting next_dagrun for conditional_dataset_and_time_based_timetable to 2026-06-10 01:00:00+00:00, run_after=2026-06-10 01:00:00+00:00
[2026-06-10T22:05:38.393+0000] {logging_mixin.py:188} INFO - [2026-06-10T22:05:38.393+0000] {dag.py:3954} INFO - Setting next_dagrun for consume_1_and_2_with_dataset_expressions to None, run_after=None
[2026-06-10T22:05:38.395+0000] {logging_mixin.py:188} INFO - [2026-06-10T22:05:38.394+0000] {dag.py:3954} INFO - Setting next_dagrun for consume_1_or_2_with_dataset_expressions to None, run_after=None
[2026-06-10T22:05:38.396+0000] {logging_mixin.py:188} INFO - [2026-06-10T22:05:38.396+0000] {dag.py:3954} INFO - Setting next_dagrun for consume_1_or_both_2_and_3_with_dataset_expressions to None, run_after=None
[2026-06-10T22:05:38.397+0000] {logging_mixin.py:188} INFO - [2026-06-10T22:05:38.397+0000] {dag.py:3954} INFO - Setting next_dagrun for dataset_consumes_1 to None, run_after=None
[2026-06-10T22:05:38.399+0000] {logging_mixin.py:188} INFO - [2026-06-10T22:05:38.399+0000] {dag.py:3954} INFO - Setting next_dagrun for dataset_consumes_1_and_2 to None, run_after=None
[2026-06-10T22:05:38.400+0000] {logging_mixin.py:188} INFO - [2026-06-10T22:05:38.400+0000] {dag.py:3954} INFO - Setting next_dagrun for dataset_consumes_1_never_scheduled to None, run_after=None
[2026-06-10T22:05:38.402+0000] {logging_mixin.py:188} INFO - [2026-06-10T22:05:38.401+0000] {dag.py:3954} INFO - Setting next_dagrun for dataset_consumes_unknown_never_scheduled to None, run_after=None
[2026-06-10T22:05:38.405+0000] {logging_mixin.py:188} INFO - [2026-06-10T22:05:38.405+0000] {dag.py:3954} INFO - Setting next_dagrun for dataset_produces_1 to 2026-06-09 00:00:00+00:00, run_after=2026-06-10 00:00:00+00:00
[2026-06-10T22:05:38.406+0000] {logging_mixin.py:188} INFO - [2026-06-10T22:05:38.406+0000] {dag.py:3954} INFO - Setting next_dagrun for dataset_produces_2 to None, run_after=None
[2026-06-10T22:05:38.645+0000] {processor.py:183} INFO - Processing /home/airflow/.local/lib/python3.12/site-packages/airflow/example_dags/example_datasets.py took 0.382 seconds
[2026-06-10T22:06:09.582+0000] {processor.py:161} INFO - Started process (PID=1823) to work on /home/airflow/.local/lib/python3.12/site-packages/airflow/example_dags/example_datasets.py
[2026-06-10T22:06:09.583+0000] {processor.py:830} INFO - Processing file /home/airflow/.local/lib/python3.12/site-packages/airflow/example_dags/example_datasets.py for tasks to queue
[2026-06-10T22:06:09.584+0000] {logging_mixin.py:188} INFO - [2026-06-10T22:06:09.584+0000] {dagbag.py:545} INFO - Filling up the DagBag from /home/airflow/.local/lib/python3.12/site-packages/airflow/example_dags/example_datasets.py
[2026-06-10T22:06:09.597+0000] {processor.py:840} INFO - DAG(s) 'dataset_produces_1', 'consume_1_or_both_2_and_3_with_dataset_expressions', 'dataset_consumes_1_and_2', 'dataset_produces_2', 'conditional_dataset_and_time_based_timetable', 'dataset_consumes_1', 'dataset_consumes_1_never_scheduled', 'consume_1_and_2_with_dataset_expressions', 'consume_1_or_2_with_dataset_expressions', 'dataset_consumes_unknown_never_scheduled' retrieved from /home/airflow/.local/lib/python3.12/site-packages/airflow/example_dags/example_datasets.py
[2026-06-10T22:06:09.637+0000] {logging_mixin.py:188} INFO - [2026-06-10T22:06:09.636+0000] {dag.py:3096} INFO - Sync 10 DAGs
[2026-06-10T22:06:09.660+0000] {logging_mixin.py:188} INFO - [2026-06-10T22:06:09.660+0000] {dag.py:3954} INFO - Setting next_dagrun for conditional_dataset_and_time_based_timetable to 2026-06-10 01:00:00+00:00, run_after=2026-06-10 01:00:00+00:00
[2026-06-10T22:06:09.664+0000] {logging_mixin.py:188} INFO - [2026-06-10T22:06:09.664+0000] {dag.py:3954} INFO - Setting next_dagrun for consume_1_and_2_with_dataset_expressions to None, run_after=None
[2026-06-10T22:06:09.666+0000] {logging_mixin.py:188} INFO - [2026-06-10T22:06:09.665+0000] {dag.py:3954} INFO - Setting next_dagrun for consume_1_or_2_with_dataset_expressions to None, run_after=None
[2026-06-10T22:06:09.667+0000] {logging_mixin.py:188} INFO - [2026-06-10T22:06:09.666+0000] {dag.py:3954} INFO - Setting next_dagrun for consume_1_or_both_2_and_3_with_dataset_expressions to None, run_after=None
[2026-06-10T22:06:09.668+0000] {logging_mixin.py:188} INFO - [2026-06-10T22:06:09.667+0000] {dag.py:3954} INFO - Setting next_dagrun for dataset_consumes_1 to None, run_after=None
[2026-06-10T22:06:09.669+0000] {logging_mixin.py:188} INFO - [2026-06-10T22:06:09.668+0000] {dag.py:3954} INFO - Setting next_dagrun for dataset_consumes_1_and_2 to None, run_after=None
[2026-06-10T22:06:09.670+0000] {logging_mixin.py:188} INFO - [2026-06-10T22:06:09.669+0000] {dag.py:3954} INFO - Setting next_dagrun for dataset_consumes_1_never_scheduled to None, run_after=None
[2026-06-10T22:06:09.671+0000] {logging_mixin.py:188} INFO - [2026-06-10T22:06:09.671+0000] {dag.py:3954} INFO - Setting next_dagrun for dataset_consumes_unknown_never_scheduled to None, run_after=None
[2026-06-10T22:06:09.673+0000] {logging_mixin.py:188} INFO - [2026-06-10T22:06:09.673+0000] {dag.py:3954} INFO - Setting next_dagrun for dataset_produces_1 to 2026-06-09 00:00:00+00:00, run_after=2026-06-10 00:00:00+00:00
[2026-06-10T22:06:09.674+0000] {logging_mixin.py:188} INFO - [2026-06-10T22:06:09.674+0000] {dag.py:3954} INFO - Setting next_dagrun for dataset_produces_2 to None, run_after=None
[2026-06-10T22:06:09.820+0000] {processor.py:183} INFO - Processing /home/airflow/.local/lib/python3.12/site-packages/airflow/example_dags/example_datasets.py took 0.244 seconds
[2026-06-10T22:06:40.474+0000] {processor.py:161} INFO - Started process (PID=1883) to work on /home/airflow/.local/lib/python3.12/site-packages/airflow/example_dags/example_datasets.py
[2026-06-10T22:06:40.475+0000] {processor.py:830} INFO - Processing file /home/airflow/.local/lib/python3.12/site-packages/airflow/example_dags/example_datasets.py for tasks to queue
[2026-06-10T22:06:40.477+0000] {logging_mixin.py:188} INFO - [2026-06-10T22:06:40.477+0000] {dagbag.py:545} INFO - Filling up the DagBag from /home/airflow/.local/lib/python3.12/site-packages/airflow/example_dags/example_datasets.py
[2026-06-10T22:06:40.514+0000] {processor.py:840} INFO - DAG(s) 'conditional_dataset_and_time_based_timetable', 'dataset_produces_1', 'consume_1_or_both_2_and_3_with_dataset_expressions', 'dataset_produces_2', 'consume_1_or_2_with_dataset_expressions', 'dataset_consumes_unknown_never_scheduled', 'dataset_consumes_1_and_2', 'consume_1_and_2_with_dataset_expressions', 'dataset_consumes_1_never_scheduled', 'dataset_consumes_1' retrieved from /home/airflow/.local/lib/python3.12/site-packages/airflow/example_dags/example_datasets.py
[2026-06-10T22:06:40.574+0000] {logging_mixin.py:188} INFO - [2026-06-10T22:06:40.573+0000] {dag.py:3096} INFO - Sync 10 DAGs
[2026-06-10T22:06:40.606+0000] {logging_mixin.py:188} INFO - [2026-06-10T22:06:40.606+0000] {dag.py:3954} INFO - Setting next_dagrun for conditional_dataset_and_time_based_timetable to 2026-06-10 01:00:00+00:00, run_after=2026-06-10 01:00:00+00:00
[2026-06-10T22:06:40.610+0000] {logging_mixin.py:188} INFO - [2026-06-10T22:06:40.610+0000] {dag.py:3954} INFO - Setting next_dagrun for consume_1_and_2_with_dataset_expressions to None, run_after=None
[2026-06-10T22:06:40.611+0000] {logging_mixin.py:188} INFO - [2026-06-10T22:06:40.611+0000] {dag.py:3954} INFO - Setting next_dagrun for consume_1_or_2_with_dataset_expressions to None, run_after=None
[2026-06-10T22:06:40.613+0000] {logging_mixin.py:188} INFO - [2026-06-10T22:06:40.612+0000] {dag.py:3954} INFO - Setting next_dagrun for consume_1_or_both_2_and_3_with_dataset_expressions to None, run_after=None
[2026-06-10T22:06:40.614+0000] {logging_mixin.py:188} INFO - [2026-06-10T22:06:40.614+0000] {dag.py:3954} INFO - Setting next_dagrun for dataset_consumes_1 to None, run_after=None
[2026-06-10T22:06:40.615+0000] {logging_mixin.py:188} INFO - [2026-06-10T22:06:40.615+0000] {dag.py:3954} INFO - Setting next_dagrun for dataset_consumes_1_and_2 to None, run_after=None
[2026-06-10T22:06:40.617+0000] {logging_mixin.py:188} INFO - [2026-06-10T22:06:40.616+0000] {dag.py:3954} INFO - Setting next_dagrun for dataset_consumes_1_never_scheduled to None, run_after=None
[2026-06-10T22:06:40.619+0000] {logging_mixin.py:188} INFO - [2026-06-10T22:06:40.619+0000] {dag.py:3954} INFO - Setting next_dagrun for dataset_consumes_unknown_never_scheduled to None, run_after=None
[2026-06-10T22:06:40.622+0000] {logging_mixin.py:188} INFO - [2026-06-10T22:06:40.622+0000] {dag.py:3954} INFO - Setting next_dagrun for dataset_produces_1 to 2026-06-09 00:00:00+00:00, run_after=2026-06-10 00:00:00+00:00
[2026-06-10T22:06:40.623+0000] {logging_mixin.py:188} INFO - [2026-06-10T22:06:40.623+0000] {dag.py:3954} INFO - Setting next_dagrun for dataset_produces_2 to None, run_after=None
[2026-06-10T22:06:40.661+0000] {processor.py:183} INFO - Processing /home/airflow/.local/lib/python3.12/site-packages/airflow/example_dags/example_datasets.py took 0.204 seconds
[2026-06-10T22:07:10.807+0000] {processor.py:161} INFO - Started process (PID=1942) to work on /home/airflow/.local/lib/python3.12/site-packages/airflow/example_dags/example_datasets.py
[2026-06-10T22:07:10.808+0000] {processor.py:830} INFO - Processing file /home/airflow/.local/lib/python3.12/site-packages/airflow/example_dags/example_datasets.py for tasks to queue
[2026-06-10T22:07:10.810+0000] {logging_mixin.py:188} INFO - [2026-06-10T22:07:10.809+0000] {dagbag.py:545} INFO - Filling up the DagBag from /home/airflow/.local/lib/python3.12/site-packages/airflow/example_dags/example_datasets.py
[2026-06-10T22:07:10.827+0000] {processor.py:840} INFO - DAG(s) 'consume_1_and_2_with_dataset_expressions', 'dataset_consumes_unknown_never_scheduled', 'dataset_produces_2', 'dataset_produces_1', 'dataset_consumes_1_never_scheduled', 'consume_1_or_2_with_dataset_expressions', 'dataset_consumes_1', 'dataset_consumes_1_and_2', 'consume_1_or_both_2_and_3_with_dataset_expressions', 'conditional_dataset_and_time_based_timetable' retrieved from /home/airflow/.local/lib/python3.12/site-packages/airflow/example_dags/example_datasets.py
[2026-06-10T22:07:10.950+0000] {logging_mixin.py:188} INFO - [2026-06-10T22:07:10.950+0000] {dag.py:3096} INFO - Sync 10 DAGs
[2026-06-10T22:07:11.029+0000] {logging_mixin.py:188} INFO - [2026-06-10T22:07:11.029+0000] {dag.py:3954} INFO - Setting next_dagrun for conditional_dataset_and_time_based_timetable to 2026-06-10 01:00:00+00:00, run_after=2026-06-10 01:00:00+00:00
[2026-06-10T22:07:11.039+0000] {logging_mixin.py:188} INFO - [2026-06-10T22:07:11.038+0000] {dag.py:3954} INFO - Setting next_dagrun for consume_1_and_2_with_dataset_expressions to None, run_after=None
[2026-06-10T22:07:11.040+0000] {logging_mixin.py:188} INFO - [2026-06-10T22:07:11.040+0000] {dag.py:3954} INFO - Setting next_dagrun for consume_1_or_2_with_dataset_expressions to None, run_after=None
[2026-06-10T22:07:11.043+0000] {logging_mixin.py:188} INFO - [2026-06-10T22:07:11.043+0000] {dag.py:3954} INFO - Setting next_dagrun for consume_1_or_both_2_and_3_with_dataset_expressions to None, run_after=None
[2026-06-10T22:07:11.045+0000] {logging_mixin.py:188} INFO - [2026-06-10T22:07:11.045+0000] {dag.py:3954} INFO - Setting next_dagrun for dataset_consumes_1 to None, run_after=None
[2026-06-10T22:07:11.046+0000] {logging_mixin.py:188} INFO - [2026-06-10T22:07:11.046+0000] {dag.py:3954} INFO - Setting next_dagrun for dataset_consumes_1_and_2 to None, run_after=None
[2026-06-10T22:07:11.048+0000] {logging_mixin.py:188} INFO - [2026-06-10T22:07:11.048+0000] {dag.py:3954} INFO - Setting next_dagrun for dataset_consumes_1_never_scheduled to None, run_after=None
[2026-06-10T22:07:11.049+0000] {logging_mixin.py:188} INFO - [2026-06-10T22:07:11.049+0000] {dag.py:3954} INFO - Setting next_dagrun for dataset_consumes_unknown_never_scheduled to None, run_after=None
[2026-06-10T22:07:11.053+0000] {logging_mixin.py:188} INFO - [2026-06-10T22:07:11.052+0000] {dag.py:3954} INFO - Setting next_dagrun for dataset_produces_1 to 2026-06-09 00:00:00+00:00, run_after=2026-06-10 00:00:00+00:00
[2026-06-10T22:07:11.054+0000] {logging_mixin.py:188} INFO - [2026-06-10T22:07:11.054+0000] {dag.py:3954} INFO - Setting next_dagrun for dataset_produces_2 to None, run_after=None
[2026-06-10T22:07:11.093+0000] {processor.py:183} INFO - Processing /home/airflow/.local/lib/python3.12/site-packages/airflow/example_dags/example_datasets.py took 0.292 seconds
[2026-06-10T22:07:41.149+0000] {processor.py:161} INFO - Started process (PID=2002) to work on /home/airflow/.local/lib/python3.12/site-packages/airflow/example_dags/example_datasets.py
[2026-06-10T22:07:41.149+0000] {processor.py:830} INFO - Processing file /home/airflow/.local/lib/python3.12/site-packages/airflow/example_dags/example_datasets.py for tasks to queue
[2026-06-10T22:07:41.151+0000] {logging_mixin.py:188} INFO - [2026-06-10T22:07:41.151+0000] {dagbag.py:545} INFO - Filling up the DagBag from /home/airflow/.local/lib/python3.12/site-packages/airflow/example_dags/example_datasets.py
[2026-06-10T22:07:41.170+0000] {processor.py:840} INFO - DAG(s) 'conditional_dataset_and_time_based_timetable', 'consume_1_or_both_2_and_3_with_dataset_expressions', 'dataset_produces_1', 'dataset_produces_2', 'consume_1_or_2_with_dataset_expressions', 'dataset_consumes_unknown_never_scheduled', 'consume_1_and_2_with_dataset_expressions', 'dataset_consumes_1', 'dataset_consumes_1_never_scheduled', 'dataset_consumes_1_and_2' retrieved from /home/airflow/.local/lib/python3.12/site-packages/airflow/example_dags/example_datasets.py
[2026-06-10T22:07:41.239+0000] {logging_mixin.py:188} INFO - [2026-06-10T22:07:41.239+0000] {dag.py:3096} INFO - Sync 10 DAGs
[2026-06-10T22:07:41.306+0000] {logging_mixin.py:188} INFO - [2026-06-10T22:07:41.305+0000] {dag.py:3954} INFO - Setting next_dagrun for conditional_dataset_and_time_based_timetable to 2026-06-10 01:00:00+00:00, run_after=2026-06-10 01:00:00+00:00
[2026-06-10T22:07:41.310+0000] {logging_mixin.py:188} INFO - [2026-06-10T22:07:41.310+0000] {dag.py:3954} INFO - Setting next_dagrun for consume_1_and_2_with_dataset_expressions to None, run_after=None
[2026-06-10T22:07:41.311+0000] {logging_mixin.py:188} INFO - [2026-06-10T22:07:41.311+0000] {dag.py:3954} INFO - Setting next_dagrun for consume_1_or_2_with_dataset_expressions to None, run_after=None
[2026-06-10T22:07:41.313+0000] {logging_mixin.py:188} INFO - [2026-06-10T22:07:41.313+0000] {dag.py:3954} INFO - Setting next_dagrun for consume_1_or_both_2_and_3_with_dataset_expressions to None, run_after=None
[2026-06-10T22:07:41.314+0000] {logging_mixin.py:188} INFO - [2026-06-10T22:07:41.314+0000] {dag.py:3954} INFO - Setting next_dagrun for dataset_consumes_1 to None, run_after=None
[2026-06-10T22:07:41.316+0000] {logging_mixin.py:188} INFO - [2026-06-10T22:07:41.315+0000] {dag.py:3954} INFO - Setting next_dagrun for dataset_consumes_1_and_2 to None, run_after=None
[2026-06-10T22:07:41.317+0000] {logging_mixin.py:188} INFO - [2026-06-10T22:07:41.317+0000] {dag.py:3954} INFO - Setting next_dagrun for dataset_consumes_1_never_scheduled to None, run_after=None
[2026-06-10T22:07:41.318+0000] {logging_mixin.py:188} INFO - [2026-06-10T22:07:41.318+0000] {dag.py:3954} INFO - Setting next_dagrun for dataset_consumes_unknown_never_scheduled to None, run_after=None
[2026-06-10T22:07:41.322+0000] {logging_mixin.py:188} INFO - [2026-06-10T22:07:41.321+0000] {dag.py:3954} INFO - Setting next_dagrun for dataset_produces_1 to 2026-06-09 00:00:00+00:00, run_after=2026-06-10 00:00:00+00:00
[2026-06-10T22:07:41.323+0000] {logging_mixin.py:188} INFO - [2026-06-10T22:07:41.323+0000] {dag.py:3954} INFO - Setting next_dagrun for dataset_produces_2 to None, run_after=None
[2026-06-10T22:07:41.362+0000] {processor.py:183} INFO - Processing /home/airflow/.local/lib/python3.12/site-packages/airflow/example_dags/example_datasets.py took 0.220 seconds
[2026-06-10T22:08:12.116+0000] {processor.py:161} INFO - Started process (PID=2062) to work on /home/airflow/.local/lib/python3.12/site-packages/airflow/example_dags/example_datasets.py
[2026-06-10T22:08:12.118+0000] {processor.py:830} INFO - Processing file /home/airflow/.local/lib/python3.12/site-packages/airflow/example_dags/example_datasets.py for tasks to queue
[2026-06-10T22:08:12.120+0000] {logging_mixin.py:188} INFO - [2026-06-10T22:08:12.120+0000] {dagbag.py:545} INFO - Filling up the DagBag from /home/airflow/.local/lib/python3.12/site-packages/airflow/example_dags/example_datasets.py
[2026-06-10T22:08:12.144+0000] {processor.py:840} INFO - DAG(s) 'dataset_consumes_1', 'dataset_consumes_1_and_2', 'conditional_dataset_and_time_based_timetable', 'dataset_produces_2', 'dataset_consumes_unknown_never_scheduled', 'consume_1_or_both_2_and_3_with_dataset_expressions', 'consume_1_and_2_with_dataset_expressions', 'dataset_produces_1', 'consume_1_or_2_with_dataset_expressions', 'dataset_consumes_1_never_scheduled' retrieved from /home/airflow/.local/lib/python3.12/site-packages/airflow/example_dags/example_datasets.py
[2026-06-10T22:08:12.206+0000] {logging_mixin.py:188} INFO - [2026-06-10T22:08:12.206+0000] {dag.py:3096} INFO - Sync 10 DAGs
[2026-06-10T22:08:12.240+0000] {logging_mixin.py:188} INFO - [2026-06-10T22:08:12.239+0000] {dag.py:3954} INFO - Setting next_dagrun for conditional_dataset_and_time_based_timetable to 2026-06-10 01:00:00+00:00, run_after=2026-06-10 01:00:00+00:00
[2026-06-10T22:08:12.244+0000] {logging_mixin.py:188} INFO - [2026-06-10T22:08:12.244+0000] {dag.py:3954} INFO - Setting next_dagrun for consume_1_and_2_with_dataset_expressions to None, run_after=None
[2026-06-10T22:08:12.246+0000] {logging_mixin.py:188} INFO - [2026-06-10T22:08:12.246+0000] {dag.py:3954} INFO - Setting next_dagrun for consume_1_or_2_with_dataset_expressions to None, run_after=None
[2026-06-10T22:08:12.247+0000] {logging_mixin.py:188} INFO - [2026-06-10T22:08:12.247+0000] {dag.py:3954} INFO - Setting next_dagrun for consume_1_or_both_2_and_3_with_dataset_expressions to None, run_after=None
[2026-06-10T22:08:12.249+0000] {logging_mixin.py:188} INFO - [2026-06-10T22:08:12.249+0000] {dag.py:3954} INFO - Setting next_dagrun for dataset_consumes_1 to None, run_after=None
[2026-06-10T22:08:12.250+0000] {logging_mixin.py:188} INFO - [2026-06-10T22:08:12.250+0000] {dag.py:3954} INFO - Setting next_dagrun for dataset_consumes_1_and_2 to None, run_after=None
[2026-06-10T22:08:12.251+0000] {logging_mixin.py:188} INFO - [2026-06-10T22:08:12.251+0000] {dag.py:3954} INFO - Setting next_dagrun for dataset_consumes_1_never_scheduled to None, run_after=None
[2026-06-10T22:08:12.253+0000] {logging_mixin.py:188} INFO - [2026-06-10T22:08:12.253+0000] {dag.py:3954} INFO - Setting next_dagrun for dataset_consumes_unknown_never_scheduled to None, run_after=None
[2026-06-10T22:08:12.256+0000] {logging_mixin.py:188} INFO - [2026-06-10T22:08:12.256+0000] {dag.py:3954} INFO - Setting next_dagrun for dataset_produces_1 to 2026-06-09 00:00:00+00:00, run_after=2026-06-10 00:00:00+00:00
[2026-06-10T22:08:12.257+0000] {logging_mixin.py:188} INFO - [2026-06-10T22:08:12.257+0000] {dag.py:3954} INFO - Setting next_dagrun for dataset_produces_2 to None, run_after=None
[2026-06-10T22:08:12.309+0000] {processor.py:183} INFO - Processing /home/airflow/.local/lib/python3.12/site-packages/airflow/example_dags/example_datasets.py took 0.199 seconds
[2026-06-10T22:08:42.387+0000] {processor.py:161} INFO - Started process (PID=2123) to work on /home/airflow/.local/lib/python3.12/site-packages/airflow/example_dags/example_datasets.py
[2026-06-10T22:08:42.388+0000] {processor.py:830} INFO - Processing file /home/airflow/.local/lib/python3.12/site-packages/airflow/example_dags/example_datasets.py for tasks to queue
[2026-06-10T22:08:42.390+0000] {logging_mixin.py:188} INFO - [2026-06-10T22:08:42.390+0000] {dagbag.py:545} INFO - Filling up the DagBag from /home/airflow/.local/lib/python3.12/site-packages/airflow/example_dags/example_datasets.py
[2026-06-10T22:08:42.422+0000] {processor.py:840} INFO - DAG(s) 'consume_1_and_2_with_dataset_expressions', 'conditional_dataset_and_time_based_timetable', 'dataset_consumes_unknown_never_scheduled', 'dataset_consumes_1_and_2', 'dataset_consumes_1', 'dataset_consumes_1_never_scheduled', 'dataset_produces_2', 'consume_1_or_2_with_dataset_expressions', 'dataset_produces_1', 'consume_1_or_both_2_and_3_with_dataset_expressions' retrieved from /home/airflow/.local/lib/python3.12/site-packages/airflow/example_dags/example_datasets.py
[2026-06-10T22:08:42.514+0000] {logging_mixin.py:188} INFO - [2026-06-10T22:08:42.513+0000] {dag.py:3096} INFO - Sync 10 DAGs
[2026-06-10T22:08:42.546+0000] {logging_mixin.py:188} INFO - [2026-06-10T22:08:42.546+0000] {dag.py:3954} INFO - Setting next_dagrun for conditional_dataset_and_time_based_timetable to 2026-06-10 01:00:00+00:00, run_after=2026-06-10 01:00:00+00:00
[2026-06-10T22:08:42.550+0000] {logging_mixin.py:188} INFO - [2026-06-10T22:08:42.550+0000] {dag.py:3954} INFO - Setting next_dagrun for consume_1_and_2_with_dataset_expressions to None, run_after=None
[2026-06-10T22:08:42.553+0000] {logging_mixin.py:188} INFO - [2026-06-10T22:08:42.553+0000] {dag.py:3954} INFO - Setting next_dagrun for consume_1_or_2_with_dataset_expressions to None, run_after=None
[2026-06-10T22:08:42.555+0000] {logging_mixin.py:188} INFO - [2026-06-10T22:08:42.554+0000] {dag.py:3954} INFO - Setting next_dagrun for consume_1_or_both_2_and_3_with_dataset_expressions to None, run_after=None
[2026-06-10T22:08:42.556+0000] {logging_mixin.py:188} INFO - [2026-06-10T22:08:42.556+0000] {dag.py:3954} INFO - Setting next_dagrun for dataset_consumes_1 to None, run_after=None
[2026-06-10T22:08:42.557+0000] {logging_mixin.py:188} INFO - [2026-06-10T22:08:42.557+0000] {dag.py:3954} INFO - Setting next_dagrun for dataset_consumes_1_and_2 to None, run_after=None
[2026-06-10T22:08:42.559+0000] {logging_mixin.py:188} INFO - [2026-06-10T22:08:42.559+0000] {dag.py:3954} INFO - Setting next_dagrun for dataset_consumes_1_never_scheduled to None, run_after=None
[2026-06-10T22:08:42.561+0000] {logging_mixin.py:188} INFO - [2026-06-10T22:08:42.561+0000] {dag.py:3954} INFO - Setting next_dagrun for dataset_consumes_unknown_never_scheduled to None, run_after=None
[2026-06-10T22:08:42.564+0000] {logging_mixin.py:188} INFO - [2026-06-10T22:08:42.564+0000] {dag.py:3954} INFO - Setting next_dagrun for dataset_produces_1 to 2026-06-09 00:00:00+00:00, run_after=2026-06-10 00:00:00+00:00
[2026-06-10T22:08:42.566+0000] {logging_mixin.py:188} INFO - [2026-06-10T22:08:42.566+0000] {dag.py:3954} INFO - Setting next_dagrun for dataset_produces_2 to None, run_after=None
[2026-06-10T22:08:42.604+0000] {processor.py:183} INFO - Processing /home/airflow/.local/lib/python3.12/site-packages/airflow/example_dags/example_datasets.py took 0.225 seconds
[2026-06-10T22:09:13.082+0000] {processor.py:161} INFO - Started process (PID=2181) to work on /home/airflow/.local/lib/python3.12/site-packages/airflow/example_dags/example_datasets.py
[2026-06-10T22:09:13.091+0000] {processor.py:830} INFO - Processing file /home/airflow/.local/lib/python3.12/site-packages/airflow/example_dags/example_datasets.py for tasks to queue
[2026-06-10T22:09:13.100+0000] {logging_mixin.py:188} INFO - [2026-06-10T22:09:13.100+0000] {dagbag.py:545} INFO - Filling up the DagBag from /home/airflow/.local/lib/python3.12/site-packages/airflow/example_dags/example_datasets.py
[2026-06-10T22:09:13.269+0000] {processor.py:840} INFO - DAG(s) 'dataset_consumes_1_never_scheduled', 'consume_1_and_2_with_dataset_expressions', 'dataset_consumes_unknown_never_scheduled', 'consume_1_or_both_2_and_3_with_dataset_expressions', 'dataset_consumes_1', 'dataset_consumes_1_and_2', 'conditional_dataset_and_time_based_timetable', 'dataset_produces_1', 'dataset_produces_2', 'consume_1_or_2_with_dataset_expressions' retrieved from /home/airflow/.local/lib/python3.12/site-packages/airflow/example_dags/example_datasets.py
[2026-06-10T22:09:13.478+0000] {logging_mixin.py:188} INFO - [2026-06-10T22:09:13.478+0000] {dag.py:3096} INFO - Sync 10 DAGs
[2026-06-10T22:09:13.582+0000] {logging_mixin.py:188} INFO - [2026-06-10T22:09:13.582+0000] {dag.py:3954} INFO - Setting next_dagrun for conditional_dataset_and_time_based_timetable to 2026-06-10 01:00:00+00:00, run_after=2026-06-10 01:00:00+00:00
[2026-06-10T22:09:13.600+0000] {logging_mixin.py:188} INFO - [2026-06-10T22:09:13.600+0000] {dag.py:3954} INFO - Setting next_dagrun for consume_1_and_2_with_dataset_expressions to None, run_after=None
[2026-06-10T22:09:13.610+0000] {logging_mixin.py:188} INFO - [2026-06-10T22:09:13.610+0000] {dag.py:3954} INFO - Setting next_dagrun for consume_1_or_2_with_dataset_expressions to None, run_after=None
[2026-06-10T22:09:13.616+0000] {logging_mixin.py:188} INFO - [2026-06-10T22:09:13.616+0000] {dag.py:3954} INFO - Setting next_dagrun for consume_1_or_both_2_and_3_with_dataset_expressions to None, run_after=None
[2026-06-10T22:09:13.622+0000] {logging_mixin.py:188} INFO - [2026-06-10T22:09:13.622+0000] {dag.py:3954} INFO - Setting next_dagrun for dataset_consumes_1 to None, run_after=None
[2026-06-10T22:09:13.626+0000] {logging_mixin.py:188} INFO - [2026-06-10T22:09:13.626+0000] {dag.py:3954} INFO - Setting next_dagrun for dataset_consumes_1_and_2 to None, run_after=None
[2026-06-10T22:09:13.631+0000] {logging_mixin.py:188} INFO - [2026-06-10T22:09:13.631+0000] {dag.py:3954} INFO - Setting next_dagrun for dataset_consumes_1_never_scheduled to None, run_after=None
[2026-06-10T22:09:13.637+0000] {logging_mixin.py:188} INFO - [2026-06-10T22:09:13.637+0000] {dag.py:3954} INFO - Setting next_dagrun for dataset_consumes_unknown_never_scheduled to None, run_after=None
[2026-06-10T22:09:13.663+0000] {logging_mixin.py:188} INFO - [2026-06-10T22:09:13.663+0000] {dag.py:3954} INFO - Setting next_dagrun for dataset_produces_1 to 2026-06-09 00:00:00+00:00, run_after=2026-06-10 00:00:00+00:00
[2026-06-10T22:09:13.671+0000] {logging_mixin.py:188} INFO - [2026-06-10T22:09:13.670+0000] {dag.py:3954} INFO - Setting next_dagrun for dataset_produces_2 to None, run_after=None
[2026-06-10T22:09:13.766+0000] {processor.py:183} INFO - Processing /home/airflow/.local/lib/python3.12/site-packages/airflow/example_dags/example_datasets.py took 0.712 seconds
[2026-06-10T22:09:43.849+0000] {processor.py:161} INFO - Started process (PID=2243) to work on /home/airflow/.local/lib/python3.12/site-packages/airflow/example_dags/example_datasets.py
[2026-06-10T22:09:43.849+0000] {processor.py:830} INFO - Processing file /home/airflow/.local/lib/python3.12/site-packages/airflow/example_dags/example_datasets.py for tasks to queue
[2026-06-10T22:09:43.851+0000] {logging_mixin.py:188} INFO - [2026-06-10T22:09:43.851+0000] {dagbag.py:545} INFO - Filling up the DagBag from /home/airflow/.local/lib/python3.12/site-packages/airflow/example_dags/example_datasets.py
[2026-06-10T22:09:43.866+0000] {processor.py:840} INFO - DAG(s) 'dataset_consumes_1', 'conditional_dataset_and_time_based_timetable', 'dataset_consumes_1_and_2', 'consume_1_or_both_2_and_3_with_dataset_expressions', 'dataset_produces_1', 'consume_1_and_2_with_dataset_expressions', 'dataset_produces_2', 'consume_1_or_2_with_dataset_expressions', 'dataset_consumes_1_never_scheduled', 'dataset_consumes_unknown_never_scheduled' retrieved from /home/airflow/.local/lib/python3.12/site-packages/airflow/example_dags/example_datasets.py
[2026-06-10T22:09:43.907+0000] {logging_mixin.py:188} INFO - [2026-06-10T22:09:43.907+0000] {dag.py:3096} INFO - Sync 10 DAGs
[2026-06-10T22:09:43.930+0000] {logging_mixin.py:188} INFO - [2026-06-10T22:09:43.930+0000] {dag.py:3954} INFO - Setting next_dagrun for conditional_dataset_and_time_based_timetable to 2026-06-10 01:00:00+00:00, run_after=2026-06-10 01:00:00+00:00
[2026-06-10T22:09:43.933+0000] {logging_mixin.py:188} INFO - [2026-06-10T22:09:43.933+0000] {dag.py:3954} INFO - Setting next_dagrun for consume_1_and_2_with_dataset_expressions to None, run_after=None
[2026-06-10T22:09:43.934+0000] {logging_mixin.py:188} INFO - [2026-06-10T22:09:43.934+0000] {dag.py:3954} INFO - Setting next_dagrun for consume_1_or_2_with_dataset_expressions to None, run_after=None
[2026-06-10T22:09:43.935+0000] {logging_mixin.py:188} INFO - [2026-06-10T22:09:43.935+0000] {dag.py:3954} INFO - Setting next_dagrun for consume_1_or_both_2_and_3_with_dataset_expressions to None, run_after=None
[2026-06-10T22:09:43.936+0000] {logging_mixin.py:188} INFO - [2026-06-10T22:09:43.936+0000] {dag.py:3954} INFO - Setting next_dagrun for dataset_consumes_1 to None, run_after=None
[2026-06-10T22:09:43.937+0000] {logging_mixin.py:188} INFO - [2026-06-10T22:09:43.937+0000] {dag.py:3954} INFO - Setting next_dagrun for dataset_consumes_1_and_2 to None, run_after=None
[2026-06-10T22:09:43.938+0000] {logging_mixin.py:188} INFO - [2026-06-10T22:09:43.938+0000] {dag.py:3954} INFO - Setting next_dagrun for dataset_consumes_1_never_scheduled to None, run_after=None
[2026-06-10T22:09:43.940+0000] {logging_mixin.py:188} INFO - [2026-06-10T22:09:43.939+0000] {dag.py:3954} INFO - Setting next_dagrun for dataset_consumes_unknown_never_scheduled to None, run_after=None
[2026-06-10T22:09:43.942+0000] {logging_mixin.py:188} INFO - [2026-06-10T22:09:43.941+0000] {dag.py:3954} INFO - Setting next_dagrun for dataset_produces_1 to 2026-06-09 00:00:00+00:00, run_after=2026-06-10 00:00:00+00:00
[2026-06-10T22:09:43.943+0000] {logging_mixin.py:188} INFO - [2026-06-10T22:09:43.942+0000] {dag.py:3954} INFO - Setting next_dagrun for dataset_produces_2 to None, run_after=None
[2026-06-10T22:09:43.970+0000] {processor.py:183} INFO - Processing /home/airflow/.local/lib/python3.12/site-packages/airflow/example_dags/example_datasets.py took 0.126 seconds
[2026-06-10T22:10:14.538+0000] {processor.py:161} INFO - Started process (PID=2300) to work on /home/airflow/.local/lib/python3.12/site-packages/airflow/example_dags/example_datasets.py
[2026-06-10T22:10:14.539+0000] {processor.py:830} INFO - Processing file /home/airflow/.local/lib/python3.12/site-packages/airflow/example_dags/example_datasets.py for tasks to queue
[2026-06-10T22:10:14.541+0000] {logging_mixin.py:188} INFO - [2026-06-10T22:10:14.541+0000] {dagbag.py:545} INFO - Filling up the DagBag from /home/airflow/.local/lib/python3.12/site-packages/airflow/example_dags/example_datasets.py
[2026-06-10T22:10:14.561+0000] {processor.py:840} INFO - DAG(s) 'dataset_consumes_1_never_scheduled', 'consume_1_or_2_with_dataset_expressions', 'consume_1_or_both_2_and_3_with_dataset_expressions', 'dataset_produces_1', 'conditional_dataset_and_time_based_timetable', 'dataset_consumes_unknown_never_scheduled', 'consume_1_and_2_with_dataset_expressions', 'dataset_consumes_1_and_2', 'dataset_consumes_1', 'dataset_produces_2' retrieved from /home/airflow/.local/lib/python3.12/site-packages/airflow/example_dags/example_datasets.py
[2026-06-10T22:10:14.638+0000] {logging_mixin.py:188} INFO - [2026-06-10T22:10:14.638+0000] {dag.py:3096} INFO - Sync 10 DAGs
[2026-06-10T22:10:14.677+0000] {logging_mixin.py:188} INFO - [2026-06-10T22:10:14.677+0000] {dag.py:3954} INFO - Setting next_dagrun for conditional_dataset_and_time_based_timetable to 2026-06-10 01:00:00+00:00, run_after=2026-06-10 01:00:00+00:00
[2026-06-10T22:10:14.681+0000] {logging_mixin.py:188} INFO - [2026-06-10T22:10:14.681+0000] {dag.py:3954} INFO - Setting next_dagrun for consume_1_and_2_with_dataset_expressions to None, run_after=None
[2026-06-10T22:10:14.683+0000] {logging_mixin.py:188} INFO - [2026-06-10T22:10:14.683+0000] {dag.py:3954} INFO - Setting next_dagrun for consume_1_or_2_with_dataset_expressions to None, run_after=None
[2026-06-10T22:10:14.685+0000] {logging_mixin.py:188} INFO - [2026-06-10T22:10:14.684+0000] {dag.py:3954} INFO - Setting next_dagrun for consume_1_or_both_2_and_3_with_dataset_expressions to None, run_after=None
[2026-06-10T22:10:14.686+0000] {logging_mixin.py:188} INFO - [2026-06-10T22:10:14.686+0000] {dag.py:3954} INFO - Setting next_dagrun for dataset_consumes_1 to None, run_after=None
[2026-06-10T22:10:14.687+0000] {logging_mixin.py:188} INFO - [2026-06-10T22:10:14.687+0000] {dag.py:3954} INFO - Setting next_dagrun for dataset_consumes_1_and_2 to None, run_after=None
[2026-06-10T22:10:14.689+0000] {logging_mixin.py:188} INFO - [2026-06-10T22:10:14.689+0000] {dag.py:3954} INFO - Setting next_dagrun for dataset_consumes_1_never_scheduled to None, run_after=None
[2026-06-10T22:10:14.690+0000] {logging_mixin.py:188} INFO - [2026-06-10T22:10:14.690+0000] {dag.py:3954} INFO - Setting next_dagrun for dataset_consumes_unknown_never_scheduled to None, run_after=None
[2026-06-10T22:10:14.694+0000] {logging_mixin.py:188} INFO - [2026-06-10T22:10:14.693+0000] {dag.py:3954} INFO - Setting next_dagrun for dataset_produces_1 to 2026-06-09 00:00:00+00:00, run_after=2026-06-10 00:00:00+00:00
[2026-06-10T22:10:14.695+0000] {logging_mixin.py:188} INFO - [2026-06-10T22:10:14.695+0000] {dag.py:3954} INFO - Setting next_dagrun for dataset_produces_2 to None, run_after=None
[2026-06-10T22:10:14.732+0000] {processor.py:183} INFO - Processing /home/airflow/.local/lib/python3.12/site-packages/airflow/example_dags/example_datasets.py took 0.205 seconds
[2026-06-10T22:10:45.543+0000] {processor.py:161} INFO - Started process (PID=2360) to work on /home/airflow/.local/lib/python3.12/site-packages/airflow/example_dags/example_datasets.py
[2026-06-10T22:10:45.545+0000] {processor.py:830} INFO - Processing file /home/airflow/.local/lib/python3.12/site-packages/airflow/example_dags/example_datasets.py for tasks to queue
[2026-06-10T22:10:45.547+0000] {logging_mixin.py:188} INFO - [2026-06-10T22:10:45.546+0000] {dagbag.py:545} INFO - Filling up the DagBag from /home/airflow/.local/lib/python3.12/site-packages/airflow/example_dags/example_datasets.py
[2026-06-10T22:10:45.564+0000] {processor.py:840} INFO - DAG(s) 'conditional_dataset_and_time_based_timetable', 'dataset_produces_1', 'dataset_produces_2', 'consume_1_and_2_with_dataset_expressions', 'consume_1_or_2_with_dataset_expressions', 'dataset_consumes_unknown_never_scheduled', 'consume_1_or_both_2_and_3_with_dataset_expressions', 'dataset_consumes_1', 'dataset_consumes_1_never_scheduled', 'dataset_consumes_1_and_2' retrieved from /home/airflow/.local/lib/python3.12/site-packages/airflow/example_dags/example_datasets.py
[2026-06-10T22:10:45.673+0000] {logging_mixin.py:188} INFO - [2026-06-10T22:10:45.673+0000] {dag.py:3096} INFO - Sync 10 DAGs
[2026-06-10T22:10:45.732+0000] {logging_mixin.py:188} INFO - [2026-06-10T22:10:45.732+0000] {dag.py:3954} INFO - Setting next_dagrun for conditional_dataset_and_time_based_timetable to 2026-06-10 01:00:00+00:00, run_after=2026-06-10 01:00:00+00:00
[2026-06-10T22:10:45.739+0000] {logging_mixin.py:188} INFO - [2026-06-10T22:10:45.739+0000] {dag.py:3954} INFO - Setting next_dagrun for consume_1_and_2_with_dataset_expressions to None, run_after=None
[2026-06-10T22:10:45.742+0000] {logging_mixin.py:188} INFO - [2026-06-10T22:10:45.742+0000] {dag.py:3954} INFO - Setting next_dagrun for consume_1_or_2_with_dataset_expressions to None, run_after=None
[2026-06-10T22:10:45.745+0000] {logging_mixin.py:188} INFO - [2026-06-10T22:10:45.745+0000] {dag.py:3954} INFO - Setting next_dagrun for consume_1_or_both_2_and_3_with_dataset_expressions to None, run_after=None
[2026-06-10T22:10:45.747+0000] {logging_mixin.py:188} INFO - [2026-06-10T22:10:45.746+0000] {dag.py:3954} INFO - Setting next_dagrun for dataset_consumes_1 to None, run_after=None
[2026-06-10T22:10:45.750+0000] {logging_mixin.py:188} INFO - [2026-06-10T22:10:45.749+0000] {dag.py:3954} INFO - Setting next_dagrun for dataset_consumes_1_and_2 to None, run_after=None
[2026-06-10T22:10:45.752+0000] {logging_mixin.py:188} INFO - [2026-06-10T22:10:45.752+0000] {dag.py:3954} INFO - Setting next_dagrun for dataset_consumes_1_never_scheduled to None, run_after=None
[2026-06-10T22:10:45.755+0000] {logging_mixin.py:188} INFO - [2026-06-10T22:10:45.755+0000] {dag.py:3954} INFO - Setting next_dagrun for dataset_consumes_unknown_never_scheduled to None, run_after=None
[2026-06-10T22:10:45.760+0000] {logging_mixin.py:188} INFO - [2026-06-10T22:10:45.760+0000] {dag.py:3954} INFO - Setting next_dagrun for dataset_produces_1 to 2026-06-09 00:00:00+00:00, run_after=2026-06-10 00:00:00+00:00
[2026-06-10T22:10:45.761+0000] {logging_mixin.py:188} INFO - [2026-06-10T22:10:45.761+0000] {dag.py:3954} INFO - Setting next_dagrun for dataset_produces_2 to None, run_after=None
[2026-06-10T22:10:45.797+0000] {processor.py:183} INFO - Processing /home/airflow/.local/lib/python3.12/site-packages/airflow/example_dags/example_datasets.py took 0.261 seconds
[2026-06-10T22:11:16.573+0000] {processor.py:161} INFO - Started process (PID=2420) to work on /home/airflow/.local/lib/python3.12/site-packages/airflow/example_dags/example_datasets.py
[2026-06-10T22:11:16.575+0000] {processor.py:830} INFO - Processing file /home/airflow/.local/lib/python3.12/site-packages/airflow/example_dags/example_datasets.py for tasks to queue
[2026-06-10T22:11:16.578+0000] {logging_mixin.py:188} INFO - [2026-06-10T22:11:16.577+0000] {dagbag.py:545} INFO - Filling up the DagBag from /home/airflow/.local/lib/python3.12/site-packages/airflow/example_dags/example_datasets.py
[2026-06-10T22:11:16.595+0000] {processor.py:840} INFO - DAG(s) 'dataset_consumes_1_and_2', 'consume_1_and_2_with_dataset_expressions', 'dataset_produces_2', 'consume_1_or_2_with_dataset_expressions', 'dataset_consumes_unknown_never_scheduled', 'dataset_consumes_1', 'dataset_consumes_1_never_scheduled', 'dataset_produces_1', 'consume_1_or_both_2_and_3_with_dataset_expressions', 'conditional_dataset_and_time_based_timetable' retrieved from /home/airflow/.local/lib/python3.12/site-packages/airflow/example_dags/example_datasets.py
[2026-06-10T22:11:16.818+0000] {logging_mixin.py:188} INFO - [2026-06-10T22:11:16.818+0000] {dag.py:3096} INFO - Sync 10 DAGs
[2026-06-10T22:11:17.019+0000] {logging_mixin.py:188} INFO - [2026-06-10T22:11:17.018+0000] {dag.py:3954} INFO - Setting next_dagrun for conditional_dataset_and_time_based_timetable to 2026-06-10 01:00:00+00:00, run_after=2026-06-10 01:00:00+00:00
[2026-06-10T22:11:17.043+0000] {logging_mixin.py:188} INFO - [2026-06-10T22:11:17.040+0000] {dag.py:3954} INFO - Setting next_dagrun for consume_1_and_2_with_dataset_expressions to None, run_after=None
[2026-06-10T22:11:17.046+0000] {logging_mixin.py:188} INFO - [2026-06-10T22:11:17.045+0000] {dag.py:3954} INFO - Setting next_dagrun for consume_1_or_2_with_dataset_expressions to None, run_after=None
[2026-06-10T22:11:17.051+0000] {logging_mixin.py:188} INFO - [2026-06-10T22:11:17.051+0000] {dag.py:3954} INFO - Setting next_dagrun for consume_1_or_both_2_and_3_with_dataset_expressions to None, run_after=None
[2026-06-10T22:11:17.056+0000] {logging_mixin.py:188} INFO - [2026-06-10T22:11:17.056+0000] {dag.py:3954} INFO - Setting next_dagrun for dataset_consumes_1 to None, run_after=None
[2026-06-10T22:11:17.060+0000] {logging_mixin.py:188} INFO - [2026-06-10T22:11:17.060+0000] {dag.py:3954} INFO - Setting next_dagrun for dataset_consumes_1_and_2 to None, run_after=None
[2026-06-10T22:11:17.064+0000] {logging_mixin.py:188} INFO - [2026-06-10T22:11:17.064+0000] {dag.py:3954} INFO - Setting next_dagrun for dataset_consumes_1_never_scheduled to None, run_after=None
[2026-06-10T22:11:17.068+0000] {logging_mixin.py:188} INFO - [2026-06-10T22:11:17.067+0000] {dag.py:3954} INFO - Setting next_dagrun for dataset_consumes_unknown_never_scheduled to None, run_after=None
[2026-06-10T22:11:17.079+0000] {logging_mixin.py:188} INFO - [2026-06-10T22:11:17.079+0000] {dag.py:3954} INFO - Setting next_dagrun for dataset_produces_1 to 2026-06-09 00:00:00+00:00, run_after=2026-06-10 00:00:00+00:00
[2026-06-10T22:11:17.086+0000] {logging_mixin.py:188} INFO - [2026-06-10T22:11:17.086+0000] {dag.py:3954} INFO - Setting next_dagrun for dataset_produces_2 to None, run_after=None
[2026-06-10T22:11:17.242+0000] {processor.py:183} INFO - Processing /home/airflow/.local/lib/python3.12/site-packages/airflow/example_dags/example_datasets.py took 0.685 seconds
[2026-06-10T22:11:47.963+0000] {processor.py:161} INFO - Started process (PID=2481) to work on /home/airflow/.local/lib/python3.12/site-packages/airflow/example_dags/example_datasets.py
[2026-06-10T22:11:47.970+0000] {processor.py:830} INFO - Processing file /home/airflow/.local/lib/python3.12/site-packages/airflow/example_dags/example_datasets.py for tasks to queue
[2026-06-10T22:11:47.973+0000] {logging_mixin.py:188} INFO - [2026-06-10T22:11:47.973+0000] {dagbag.py:545} INFO - Filling up the DagBag from /home/airflow/.local/lib/python3.12/site-packages/airflow/example_dags/example_datasets.py
[2026-06-10T22:11:48.011+0000] {processor.py:840} INFO - DAG(s) 'dataset_consumes_unknown_never_scheduled', 'conditional_dataset_and_time_based_timetable', 'consume_1_and_2_with_dataset_expressions', 'dataset_produces_2', 'consume_1_or_both_2_and_3_with_dataset_expressions', 'dataset_consumes_1_and_2', 'dataset_produces_1', 'dataset_consumes_1_never_scheduled', 'consume_1_or_2_with_dataset_expressions', 'dataset_consumes_1' retrieved from /home/airflow/.local/lib/python3.12/site-packages/airflow/example_dags/example_datasets.py
[2026-06-10T22:11:48.153+0000] {logging_mixin.py:188} INFO - [2026-06-10T22:11:48.153+0000] {dag.py:3096} INFO - Sync 10 DAGs
[2026-06-10T22:11:48.221+0000] {logging_mixin.py:188} INFO - [2026-06-10T22:11:48.221+0000] {dag.py:3954} INFO - Setting next_dagrun for conditional_dataset_and_time_based_timetable to 2026-06-10 01:00:00+00:00, run_after=2026-06-10 01:00:00+00:00
[2026-06-10T22:11:48.232+0000] {logging_mixin.py:188} INFO - [2026-06-10T22:11:48.232+0000] {dag.py:3954} INFO - Setting next_dagrun for consume_1_and_2_with_dataset_expressions to None, run_after=None
[2026-06-10T22:11:48.237+0000] {logging_mixin.py:188} INFO - [2026-06-10T22:11:48.237+0000] {dag.py:3954} INFO - Setting next_dagrun for consume_1_or_2_with_dataset_expressions to None, run_after=None
[2026-06-10T22:11:48.241+0000] {logging_mixin.py:188} INFO - [2026-06-10T22:11:48.241+0000] {dag.py:3954} INFO - Setting next_dagrun for consume_1_or_both_2_and_3_with_dataset_expressions to None, run_after=None
[2026-06-10T22:11:48.243+0000] {logging_mixin.py:188} INFO - [2026-06-10T22:11:48.242+0000] {dag.py:3954} INFO - Setting next_dagrun for dataset_consumes_1 to None, run_after=None
[2026-06-10T22:11:48.246+0000] {logging_mixin.py:188} INFO - [2026-06-10T22:11:48.245+0000] {dag.py:3954} INFO - Setting next_dagrun for dataset_consumes_1_and_2 to None, run_after=None
[2026-06-10T22:11:48.249+0000] {logging_mixin.py:188} INFO - [2026-06-10T22:11:48.248+0000] {dag.py:3954} INFO - Setting next_dagrun for dataset_consumes_1_never_scheduled to None, run_after=None
[2026-06-10T22:11:48.252+0000] {logging_mixin.py:188} INFO - [2026-06-10T22:11:48.252+0000] {dag.py:3954} INFO - Setting next_dagrun for dataset_consumes_unknown_never_scheduled to None, run_after=None
[2026-06-10T22:11:48.257+0000] {logging_mixin.py:188} INFO - [2026-06-10T22:11:48.257+0000] {dag.py:3954} INFO - Setting next_dagrun for dataset_produces_1 to 2026-06-09 00:00:00+00:00, run_after=2026-06-10 00:00:00+00:00
[2026-06-10T22:11:48.261+0000] {logging_mixin.py:188} INFO - [2026-06-10T22:11:48.260+0000] {dag.py:3954} INFO - Setting next_dagrun for dataset_produces_2 to None, run_after=None
[2026-06-10T22:11:48.375+0000] {processor.py:183} INFO - Processing /home/airflow/.local/lib/python3.12/site-packages/airflow/example_dags/example_datasets.py took 0.428 seconds
[2026-06-10T22:12:19.352+0000] {processor.py:161} INFO - Started process (PID=2542) to work on /home/airflow/.local/lib/python3.12/site-packages/airflow/example_dags/example_datasets.py
[2026-06-10T22:12:19.356+0000] {processor.py:830} INFO - Processing file /home/airflow/.local/lib/python3.12/site-packages/airflow/example_dags/example_datasets.py for tasks to queue
[2026-06-10T22:12:19.365+0000] {logging_mixin.py:188} INFO - [2026-06-10T22:12:19.365+0000] {dagbag.py:545} INFO - Filling up the DagBag from /home/airflow/.local/lib/python3.12/site-packages/airflow/example_dags/example_datasets.py
[2026-06-10T22:12:19.390+0000] {processor.py:840} INFO - DAG(s) 'dataset_consumes_1_and_2', 'dataset_produces_2', 'dataset_consumes_1', 'consume_1_or_2_with_dataset_expressions', 'consume_1_or_both_2_and_3_with_dataset_expressions', 'consume_1_and_2_with_dataset_expressions', 'dataset_consumes_unknown_never_scheduled', 'conditional_dataset_and_time_based_timetable', 'dataset_consumes_1_never_scheduled', 'dataset_produces_1' retrieved from /home/airflow/.local/lib/python3.12/site-packages/airflow/example_dags/example_datasets.py
[2026-06-10T22:12:19.450+0000] {logging_mixin.py:188} INFO - [2026-06-10T22:12:19.450+0000] {dag.py:3096} INFO - Sync 10 DAGs
[2026-06-10T22:12:19.486+0000] {logging_mixin.py:188} INFO - [2026-06-10T22:12:19.486+0000] {dag.py:3954} INFO - Setting next_dagrun for conditional_dataset_and_time_based_timetable to 2026-06-10 01:00:00+00:00, run_after=2026-06-10 01:00:00+00:00
[2026-06-10T22:12:19.491+0000] {logging_mixin.py:188} INFO - [2026-06-10T22:12:19.490+0000] {dag.py:3954} INFO - Setting next_dagrun for consume_1_and_2_with_dataset_expressions to None, run_after=None
[2026-06-10T22:12:19.492+0000] {logging_mixin.py:188} INFO - [2026-06-10T22:12:19.492+0000] {dag.py:3954} INFO - Setting next_dagrun for consume_1_or_2_with_dataset_expressions to None, run_after=None
[2026-06-10T22:12:19.494+0000] {logging_mixin.py:188} INFO - [2026-06-10T22:12:19.493+0000] {dag.py:3954} INFO - Setting next_dagrun for consume_1_or_both_2_and_3_with_dataset_expressions to None, run_after=None
[2026-06-10T22:12:19.495+0000] {logging_mixin.py:188} INFO - [2026-06-10T22:12:19.495+0000] {dag.py:3954} INFO - Setting next_dagrun for dataset_consumes_1 to None, run_after=None
[2026-06-10T22:12:19.496+0000] {logging_mixin.py:188} INFO - [2026-06-10T22:12:19.496+0000] {dag.py:3954} INFO - Setting next_dagrun for dataset_consumes_1_and_2 to None, run_after=None
[2026-06-10T22:12:19.501+0000] {logging_mixin.py:188} INFO - [2026-06-10T22:12:19.498+0000] {dag.py:3954} INFO - Setting next_dagrun for dataset_consumes_1_never_scheduled to None, run_after=None
[2026-06-10T22:12:19.503+0000] {logging_mixin.py:188} INFO - [2026-06-10T22:12:19.503+0000] {dag.py:3954} INFO - Setting next_dagrun for dataset_consumes_unknown_never_scheduled to None, run_after=None
[2026-06-10T22:12:19.508+0000] {logging_mixin.py:188} INFO - [2026-06-10T22:12:19.508+0000] {dag.py:3954} INFO - Setting next_dagrun for dataset_produces_1 to 2026-06-09 00:00:00+00:00, run_after=2026-06-10 00:00:00+00:00
[2026-06-10T22:12:19.509+0000] {logging_mixin.py:188} INFO - [2026-06-10T22:12:19.509+0000] {dag.py:3954} INFO - Setting next_dagrun for dataset_produces_2 to None, run_after=None
[2026-06-10T22:12:19.549+0000] {processor.py:183} INFO - Processing /home/airflow/.local/lib/python3.12/site-packages/airflow/example_dags/example_datasets.py took 0.219 seconds
[2026-06-10T22:12:49.973+0000] {processor.py:161} INFO - Started process (PID=2602) to work on /home/airflow/.local/lib/python3.12/site-packages/airflow/example_dags/example_datasets.py
[2026-06-10T22:12:49.974+0000] {processor.py:830} INFO - Processing file /home/airflow/.local/lib/python3.12/site-packages/airflow/example_dags/example_datasets.py for tasks to queue
[2026-06-10T22:12:49.976+0000] {logging_mixin.py:188} INFO - [2026-06-10T22:12:49.975+0000] {dagbag.py:545} INFO - Filling up the DagBag from /home/airflow/.local/lib/python3.12/site-packages/airflow/example_dags/example_datasets.py
[2026-06-10T22:12:49.994+0000] {processor.py:840} INFO - DAG(s) 'dataset_consumes_1', 'dataset_consumes_unknown_never_scheduled', 'conditional_dataset_and_time_based_timetable', 'dataset_consumes_1_and_2', 'consume_1_or_2_with_dataset_expressions', 'consume_1_and_2_with_dataset_expressions', 'dataset_produces_1', 'dataset_produces_2', 'dataset_consumes_1_never_scheduled', 'consume_1_or_both_2_and_3_with_dataset_expressions' retrieved from /home/airflow/.local/lib/python3.12/site-packages/airflow/example_dags/example_datasets.py
[2026-06-10T22:12:50.058+0000] {logging_mixin.py:188} INFO - [2026-06-10T22:12:50.058+0000] {dag.py:3096} INFO - Sync 10 DAGs
[2026-06-10T22:12:50.096+0000] {logging_mixin.py:188} INFO - [2026-06-10T22:12:50.094+0000] {dag.py:3954} INFO - Setting next_dagrun for conditional_dataset_and_time_based_timetable to 2026-06-10 01:00:00+00:00, run_after=2026-06-10 01:00:00+00:00
[2026-06-10T22:12:50.104+0000] {logging_mixin.py:188} INFO - [2026-06-10T22:12:50.104+0000] {dag.py:3954} INFO - Setting next_dagrun for consume_1_and_2_with_dataset_expressions to None, run_after=None
[2026-06-10T22:12:50.107+0000] {logging_mixin.py:188} INFO - [2026-06-10T22:12:50.106+0000] {dag.py:3954} INFO - Setting next_dagrun for consume_1_or_2_with_dataset_expressions to None, run_after=None
[2026-06-10T22:12:50.109+0000] {logging_mixin.py:188} INFO - [2026-06-10T22:12:50.109+0000] {dag.py:3954} INFO - Setting next_dagrun for consume_1_or_both_2_and_3_with_dataset_expressions to None, run_after=None
[2026-06-10T22:12:50.112+0000] {logging_mixin.py:188} INFO - [2026-06-10T22:12:50.111+0000] {dag.py:3954} INFO - Setting next_dagrun for dataset_consumes_1 to None, run_after=None
[2026-06-10T22:12:50.114+0000] {logging_mixin.py:188} INFO - [2026-06-10T22:12:50.113+0000] {dag.py:3954} INFO - Setting next_dagrun for dataset_consumes_1_and_2 to None, run_after=None
[2026-06-10T22:12:50.116+0000] {logging_mixin.py:188} INFO - [2026-06-10T22:12:50.116+0000] {dag.py:3954} INFO - Setting next_dagrun for dataset_consumes_1_never_scheduled to None, run_after=None
[2026-06-10T22:12:50.119+0000] {logging_mixin.py:188} INFO - [2026-06-10T22:12:50.119+0000] {dag.py:3954} INFO - Setting next_dagrun for dataset_consumes_unknown_never_scheduled to None, run_after=None
[2026-06-10T22:12:50.123+0000] {logging_mixin.py:188} INFO - [2026-06-10T22:12:50.123+0000] {dag.py:3954} INFO - Setting next_dagrun for dataset_produces_1 to 2026-06-09 00:00:00+00:00, run_after=2026-06-10 00:00:00+00:00
[2026-06-10T22:12:50.124+0000] {logging_mixin.py:188} INFO - [2026-06-10T22:12:50.124+0000] {dag.py:3954} INFO - Setting next_dagrun for dataset_produces_2 to None, run_after=None
[2026-06-10T22:12:50.160+0000] {processor.py:183} INFO - Processing /home/airflow/.local/lib/python3.12/site-packages/airflow/example_dags/example_datasets.py took 0.194 seconds
[2026-06-10T22:13:20.304+0000] {processor.py:161} INFO - Started process (PID=2662) to work on /home/airflow/.local/lib/python3.12/site-packages/airflow/example_dags/example_datasets.py
[2026-06-10T22:13:20.307+0000] {processor.py:830} INFO - Processing file /home/airflow/.local/lib/python3.12/site-packages/airflow/example_dags/example_datasets.py for tasks to queue
[2026-06-10T22:13:20.311+0000] {logging_mixin.py:188} INFO - [2026-06-10T22:13:20.311+0000] {dagbag.py:545} INFO - Filling up the DagBag from /home/airflow/.local/lib/python3.12/site-packages/airflow/example_dags/example_datasets.py
[2026-06-10T22:13:20.355+0000] {processor.py:840} INFO - DAG(s) 'consume_1_and_2_with_dataset_expressions', 'dataset_consumes_unknown_never_scheduled', 'dataset_consumes_1', 'dataset_produces_1', 'consume_1_or_2_with_dataset_expressions', 'dataset_consumes_1_never_scheduled', 'dataset_produces_2', 'dataset_consumes_1_and_2', 'consume_1_or_both_2_and_3_with_dataset_expressions', 'conditional_dataset_and_time_based_timetable' retrieved from /home/airflow/.local/lib/python3.12/site-packages/airflow/example_dags/example_datasets.py
[2026-06-10T22:13:20.602+0000] {logging_mixin.py:188} INFO - [2026-06-10T22:13:20.601+0000] {dag.py:3096} INFO - Sync 10 DAGs
[2026-06-10T22:13:20.704+0000] {logging_mixin.py:188} INFO - [2026-06-10T22:13:20.704+0000] {dag.py:3954} INFO - Setting next_dagrun for conditional_dataset_and_time_based_timetable to 2026-06-10 01:00:00+00:00, run_after=2026-06-10 01:00:00+00:00
[2026-06-10T22:13:20.724+0000] {logging_mixin.py:188} INFO - [2026-06-10T22:13:20.724+0000] {dag.py:3954} INFO - Setting next_dagrun for consume_1_and_2_with_dataset_expressions to None, run_after=None
[2026-06-10T22:13:20.748+0000] {logging_mixin.py:188} INFO - [2026-06-10T22:13:20.748+0000] {dag.py:3954} INFO - Setting next_dagrun for consume_1_or_2_with_dataset_expressions to None, run_after=None
[2026-06-10T22:13:20.757+0000] {logging_mixin.py:188} INFO - [2026-06-10T22:13:20.755+0000] {dag.py:3954} INFO - Setting next_dagrun for consume_1_or_both_2_and_3_with_dataset_expressions to None, run_after=None
[2026-06-10T22:13:20.761+0000] {logging_mixin.py:188} INFO - [2026-06-10T22:13:20.761+0000] {dag.py:3954} INFO - Setting next_dagrun for dataset_consumes_1 to None, run_after=None
[2026-06-10T22:13:20.773+0000] {logging_mixin.py:188} INFO - [2026-06-10T22:13:20.763+0000] {dag.py:3954} INFO - Setting next_dagrun for dataset_consumes_1_and_2 to None, run_after=None
[2026-06-10T22:13:20.794+0000] {logging_mixin.py:188} INFO - [2026-06-10T22:13:20.779+0000] {dag.py:3954} INFO - Setting next_dagrun for dataset_consumes_1_never_scheduled to None, run_after=None
[2026-06-10T22:13:20.815+0000] {logging_mixin.py:188} INFO - [2026-06-10T22:13:20.804+0000] {dag.py:3954} INFO - Setting next_dagrun for dataset_consumes_unknown_never_scheduled to None, run_after=None
[2026-06-10T22:15:31.953+0000] {processor.py:161} INFO - Started process (PID=89) to work on /home/airflow/.local/lib/python3.12/site-packages/airflow/example_dags/example_datasets.py
[2026-06-10T22:15:31.955+0000] {processor.py:830} INFO - Processing file /home/airflow/.local/lib/python3.12/site-packages/airflow/example_dags/example_datasets.py for tasks to queue
[2026-06-10T22:15:31.959+0000] {logging_mixin.py:188} INFO - [2026-06-10T22:15:31.959+0000] {dagbag.py:545} INFO - Filling up the DagBag from /home/airflow/.local/lib/python3.12/site-packages/airflow/example_dags/example_datasets.py
[2026-06-10T22:15:32.132+0000] {processor.py:840} INFO - DAG(s) 'conditional_dataset_and_time_based_timetable', 'dataset_consumes_unknown_never_scheduled', 'dataset_produces_2', 'dataset_produces_1', 'consume_1_and_2_with_dataset_expressions', 'consume_1_or_2_with_dataset_expressions', 'consume_1_or_both_2_and_3_with_dataset_expressions', 'dataset_consumes_1_never_scheduled', 'dataset_consumes_1', 'dataset_consumes_1_and_2' retrieved from /home/airflow/.local/lib/python3.12/site-packages/airflow/example_dags/example_datasets.py
[2026-06-10T22:15:33.619+0000] {logging_mixin.py:188} INFO - [2026-06-10T22:15:33.619+0000] {dag.py:3096} INFO - Sync 10 DAGs
[2026-06-10T22:15:33.756+0000] {logging_mixin.py:188} INFO - [2026-06-10T22:15:33.756+0000] {dag.py:3954} INFO - Setting next_dagrun for conditional_dataset_and_time_based_timetable to 2026-06-10 01:00:00+00:00, run_after=2026-06-10 01:00:00+00:00
[2026-06-10T22:15:33.768+0000] {logging_mixin.py:188} INFO - [2026-06-10T22:15:33.767+0000] {dag.py:3954} INFO - Setting next_dagrun for consume_1_and_2_with_dataset_expressions to None, run_after=None
[2026-06-10T22:15:33.778+0000] {logging_mixin.py:188} INFO - [2026-06-10T22:15:33.778+0000] {dag.py:3954} INFO - Setting next_dagrun for consume_1_or_2_with_dataset_expressions to None, run_after=None
[2026-06-10T22:15:33.786+0000] {logging_mixin.py:188} INFO - [2026-06-10T22:15:33.786+0000] {dag.py:3954} INFO - Setting next_dagrun for consume_1_or_both_2_and_3_with_dataset_expressions to None, run_after=None
[2026-06-10T22:15:33.800+0000] {logging_mixin.py:188} INFO - [2026-06-10T22:15:33.800+0000] {dag.py:3954} INFO - Setting next_dagrun for dataset_consumes_1 to None, run_after=None
[2026-06-10T22:15:33.811+0000] {logging_mixin.py:188} INFO - [2026-06-10T22:15:33.811+0000] {dag.py:3954} INFO - Setting next_dagrun for dataset_consumes_1_and_2 to None, run_after=None
[2026-06-10T22:15:33.820+0000] {logging_mixin.py:188} INFO - [2026-06-10T22:15:33.820+0000] {dag.py:3954} INFO - Setting next_dagrun for dataset_consumes_1_never_scheduled to None, run_after=None
[2026-06-10T22:15:33.826+0000] {logging_mixin.py:188} INFO - [2026-06-10T22:15:33.826+0000] {dag.py:3954} INFO - Setting next_dagrun for dataset_consumes_unknown_never_scheduled to None, run_after=None
[2026-06-10T22:15:33.846+0000] {logging_mixin.py:188} INFO - [2026-06-10T22:15:33.846+0000] {dag.py:3954} INFO - Setting next_dagrun for dataset_produces_1 to 2026-06-09 00:00:00+00:00, run_after=2026-06-10 00:00:00+00:00
[2026-06-10T22:15:33.856+0000] {logging_mixin.py:188} INFO - [2026-06-10T22:15:33.856+0000] {dag.py:3954} INFO - Setting next_dagrun for dataset_produces_2 to None, run_after=None
[2026-06-10T22:15:34.061+0000] {processor.py:183} INFO - Processing /home/airflow/.local/lib/python3.12/site-packages/airflow/example_dags/example_datasets.py took 2.142 seconds
[2026-06-10T22:16:13.007+0000] {processor.py:161} INFO - Started process (PID=155) to work on /home/airflow/.local/lib/python3.12/site-packages/airflow/example_dags/example_datasets.py
[2026-06-10T22:16:13.015+0000] {processor.py:830} INFO - Processing file /home/airflow/.local/lib/python3.12/site-packages/airflow/example_dags/example_datasets.py for tasks to queue
[2026-06-10T22:16:13.029+0000] {logging_mixin.py:188} INFO - [2026-06-10T22:16:13.028+0000] {dagbag.py:545} INFO - Filling up the DagBag from /home/airflow/.local/lib/python3.12/site-packages/airflow/example_dags/example_datasets.py
[2026-06-10T22:16:13.108+0000] {processor.py:840} INFO - DAG(s) 'dataset_consumes_unknown_never_scheduled', 'consume_1_or_2_with_dataset_expressions', 'dataset_produces_1', 'dataset_produces_2', 'consume_1_or_both_2_and_3_with_dataset_expressions', 'consume_1_and_2_with_dataset_expressions', 'dataset_consumes_1_never_scheduled', 'dataset_consumes_1', 'dataset_consumes_1_and_2', 'conditional_dataset_and_time_based_timetable' retrieved from /home/airflow/.local/lib/python3.12/site-packages/airflow/example_dags/example_datasets.py
[2026-06-10T22:16:13.656+0000] {logging_mixin.py:188} INFO - [2026-06-10T22:16:13.656+0000] {dag.py:3096} INFO - Sync 10 DAGs
[2026-06-10T22:16:13.739+0000] {logging_mixin.py:188} INFO - [2026-06-10T22:16:13.739+0000] {dag.py:3954} INFO - Setting next_dagrun for conditional_dataset_and_time_based_timetable to 2026-06-10 01:00:00+00:00, run_after=2026-06-10 01:00:00+00:00
[2026-06-10T22:16:13.747+0000] {logging_mixin.py:188} INFO - [2026-06-10T22:16:13.747+0000] {dag.py:3954} INFO - Setting next_dagrun for consume_1_and_2_with_dataset_expressions to None, run_after=None
[2026-06-10T22:16:13.750+0000] {logging_mixin.py:188} INFO - [2026-06-10T22:16:13.749+0000] {dag.py:3954} INFO - Setting next_dagrun for consume_1_or_2_with_dataset_expressions to None, run_after=None
[2026-06-10T22:16:13.752+0000] {logging_mixin.py:188} INFO - [2026-06-10T22:16:13.752+0000] {dag.py:3954} INFO - Setting next_dagrun for consume_1_or_both_2_and_3_with_dataset_expressions to None, run_after=None
[2026-06-10T22:16:13.754+0000] {logging_mixin.py:188} INFO - [2026-06-10T22:16:13.754+0000] {dag.py:3954} INFO - Setting next_dagrun for dataset_consumes_1 to None, run_after=None
[2026-06-10T22:16:13.757+0000] {logging_mixin.py:188} INFO - [2026-06-10T22:16:13.756+0000] {dag.py:3954} INFO - Setting next_dagrun for dataset_consumes_1_and_2 to None, run_after=None
[2026-06-10T22:16:13.759+0000] {logging_mixin.py:188} INFO - [2026-06-10T22:16:13.759+0000] {dag.py:3954} INFO - Setting next_dagrun for dataset_consumes_1_never_scheduled to None, run_after=None
[2026-06-10T22:16:13.762+0000] {logging_mixin.py:188} INFO - [2026-06-10T22:16:13.762+0000] {dag.py:3954} INFO - Setting next_dagrun for dataset_consumes_unknown_never_scheduled to None, run_after=None
[2026-06-10T22:16:13.770+0000] {logging_mixin.py:188} INFO - [2026-06-10T22:16:13.769+0000] {dag.py:3954} INFO - Setting next_dagrun for dataset_produces_1 to 2026-06-09 00:00:00+00:00, run_after=2026-06-10 00:00:00+00:00
[2026-06-10T22:16:13.773+0000] {logging_mixin.py:188} INFO - [2026-06-10T22:16:13.772+0000] {dag.py:3954} INFO - Setting next_dagrun for dataset_produces_2 to None, run_after=None
[2026-06-10T22:16:14.209+0000] {processor.py:183} INFO - Processing /home/airflow/.local/lib/python3.12/site-packages/airflow/example_dags/example_datasets.py took 1.250 seconds
[2026-06-10T22:16:44.945+0000] {processor.py:161} INFO - Started process (PID=213) to work on /home/airflow/.local/lib/python3.12/site-packages/airflow/example_dags/example_datasets.py
[2026-06-10T22:16:44.952+0000] {processor.py:830} INFO - Processing file /home/airflow/.local/lib/python3.12/site-packages/airflow/example_dags/example_datasets.py for tasks to queue
[2026-06-10T22:16:44.963+0000] {logging_mixin.py:188} INFO - [2026-06-10T22:16:44.961+0000] {dagbag.py:545} INFO - Filling up the DagBag from /home/airflow/.local/lib/python3.12/site-packages/airflow/example_dags/example_datasets.py
[2026-06-10T22:16:45.039+0000] {processor.py:840} INFO - DAG(s) 'conditional_dataset_and_time_based_timetable', 'dataset_produces_2', 'dataset_produces_1', 'dataset_consumes_1_and_2', 'consume_1_or_both_2_and_3_with_dataset_expressions', 'dataset_consumes_1_never_scheduled', 'consume_1_and_2_with_dataset_expressions', 'consume_1_or_2_with_dataset_expressions', 'dataset_consumes_1', 'dataset_consumes_unknown_never_scheduled' retrieved from /home/airflow/.local/lib/python3.12/site-packages/airflow/example_dags/example_datasets.py
[2026-06-10T22:16:45.473+0000] {logging_mixin.py:188} INFO - [2026-06-10T22:16:45.473+0000] {dag.py:3096} INFO - Sync 10 DAGs
[2026-06-10T22:16:45.518+0000] {logging_mixin.py:188} INFO - [2026-06-10T22:16:45.518+0000] {dag.py:3954} INFO - Setting next_dagrun for conditional_dataset_and_time_based_timetable to 2026-06-10 01:00:00+00:00, run_after=2026-06-10 01:00:00+00:00
[2026-06-10T22:16:45.523+0000] {logging_mixin.py:188} INFO - [2026-06-10T22:16:45.523+0000] {dag.py:3954} INFO - Setting next_dagrun for consume_1_and_2_with_dataset_expressions to None, run_after=None
[2026-06-10T22:16:45.525+0000] {logging_mixin.py:188} INFO - [2026-06-10T22:16:45.525+0000] {dag.py:3954} INFO - Setting next_dagrun for consume_1_or_2_with_dataset_expressions to None, run_after=None
[2026-06-10T22:16:45.527+0000] {logging_mixin.py:188} INFO - [2026-06-10T22:16:45.526+0000] {dag.py:3954} INFO - Setting next_dagrun for consume_1_or_both_2_and_3_with_dataset_expressions to None, run_after=None
[2026-06-10T22:16:45.528+0000] {logging_mixin.py:188} INFO - [2026-06-10T22:16:45.528+0000] {dag.py:3954} INFO - Setting next_dagrun for dataset_consumes_1 to None, run_after=None
[2026-06-10T22:16:45.532+0000] {logging_mixin.py:188} INFO - [2026-06-10T22:16:45.532+0000] {dag.py:3954} INFO - Setting next_dagrun for dataset_consumes_1_and_2 to None, run_after=None
[2026-06-10T22:16:45.533+0000] {logging_mixin.py:188} INFO - [2026-06-10T22:16:45.533+0000] {dag.py:3954} INFO - Setting next_dagrun for dataset_consumes_1_never_scheduled to None, run_after=None
[2026-06-10T22:16:45.535+0000] {logging_mixin.py:188} INFO - [2026-06-10T22:16:45.534+0000] {dag.py:3954} INFO - Setting next_dagrun for dataset_consumes_unknown_never_scheduled to None, run_after=None
[2026-06-10T22:16:45.539+0000] {logging_mixin.py:188} INFO - [2026-06-10T22:16:45.539+0000] {dag.py:3954} INFO - Setting next_dagrun for dataset_produces_1 to 2026-06-09 00:00:00+00:00, run_after=2026-06-10 00:00:00+00:00
[2026-06-10T22:16:45.542+0000] {logging_mixin.py:188} INFO - [2026-06-10T22:16:45.542+0000] {dag.py:3954} INFO - Setting next_dagrun for dataset_produces_2 to None, run_after=None
[2026-06-10T22:16:45.687+0000] {processor.py:183} INFO - Processing /home/airflow/.local/lib/python3.12/site-packages/airflow/example_dags/example_datasets.py took 0.762 seconds
[2026-06-10T22:17:15.728+0000] {processor.py:161} INFO - Started process (PID=272) to work on /home/airflow/.local/lib/python3.12/site-packages/airflow/example_dags/example_datasets.py
[2026-06-10T22:17:15.730+0000] {processor.py:830} INFO - Processing file /home/airflow/.local/lib/python3.12/site-packages/airflow/example_dags/example_datasets.py for tasks to queue
[2026-06-10T22:17:15.732+0000] {logging_mixin.py:188} INFO - [2026-06-10T22:17:15.731+0000] {dagbag.py:545} INFO - Filling up the DagBag from /home/airflow/.local/lib/python3.12/site-packages/airflow/example_dags/example_datasets.py
[2026-06-10T22:17:15.750+0000] {processor.py:840} INFO - DAG(s) 'consume_1_and_2_with_dataset_expressions', 'dataset_consumes_1_and_2', 'dataset_produces_1', 'dataset_consumes_unknown_never_scheduled', 'consume_1_or_2_with_dataset_expressions', 'conditional_dataset_and_time_based_timetable', 'dataset_produces_2', 'consume_1_or_both_2_and_3_with_dataset_expressions', 'dataset_consumes_1_never_scheduled', 'dataset_consumes_1' retrieved from /home/airflow/.local/lib/python3.12/site-packages/airflow/example_dags/example_datasets.py
[2026-06-10T22:17:15.814+0000] {logging_mixin.py:188} INFO - [2026-06-10T22:17:15.813+0000] {dag.py:3096} INFO - Sync 10 DAGs
[2026-06-10T22:17:15.848+0000] {logging_mixin.py:188} INFO - [2026-06-10T22:17:15.847+0000] {dag.py:3954} INFO - Setting next_dagrun for conditional_dataset_and_time_based_timetable to 2026-06-10 01:00:00+00:00, run_after=2026-06-10 01:00:00+00:00
[2026-06-10T22:17:15.853+0000] {logging_mixin.py:188} INFO - [2026-06-10T22:17:15.853+0000] {dag.py:3954} INFO - Setting next_dagrun for consume_1_and_2_with_dataset_expressions to None, run_after=None
[2026-06-10T22:17:15.855+0000] {logging_mixin.py:188} INFO - [2026-06-10T22:17:15.855+0000] {dag.py:3954} INFO - Setting next_dagrun for consume_1_or_2_with_dataset_expressions to None, run_after=None
[2026-06-10T22:17:15.856+0000] {logging_mixin.py:188} INFO - [2026-06-10T22:17:15.856+0000] {dag.py:3954} INFO - Setting next_dagrun for consume_1_or_both_2_and_3_with_dataset_expressions to None, run_after=None
[2026-06-10T22:17:15.858+0000] {logging_mixin.py:188} INFO - [2026-06-10T22:17:15.858+0000] {dag.py:3954} INFO - Setting next_dagrun for dataset_consumes_1 to None, run_after=None
[2026-06-10T22:17:15.861+0000] {logging_mixin.py:188} INFO - [2026-06-10T22:17:15.859+0000] {dag.py:3954} INFO - Setting next_dagrun for dataset_consumes_1_and_2 to None, run_after=None
[2026-06-10T22:17:15.866+0000] {logging_mixin.py:188} INFO - [2026-06-10T22:17:15.866+0000] {dag.py:3954} INFO - Setting next_dagrun for dataset_consumes_1_never_scheduled to None, run_after=None
[2026-06-10T22:17:15.869+0000] {logging_mixin.py:188} INFO - [2026-06-10T22:17:15.869+0000] {dag.py:3954} INFO - Setting next_dagrun for dataset_consumes_unknown_never_scheduled to None, run_after=None
[2026-06-10T22:17:15.875+0000] {logging_mixin.py:188} INFO - [2026-06-10T22:17:15.875+0000] {dag.py:3954} INFO - Setting next_dagrun for dataset_produces_1 to 2026-06-09 00:00:00+00:00, run_after=2026-06-10 00:00:00+00:00
[2026-06-10T22:17:15.877+0000] {logging_mixin.py:188} INFO - [2026-06-10T22:17:15.876+0000] {dag.py:3954} INFO - Setting next_dagrun for dataset_produces_2 to None, run_after=None
[2026-06-10T22:17:15.929+0000] {processor.py:183} INFO - Processing /home/airflow/.local/lib/python3.12/site-packages/airflow/example_dags/example_datasets.py took 0.208 seconds
[2026-06-10T22:17:46.245+0000] {processor.py:161} INFO - Started process (PID=332) to work on /home/airflow/.local/lib/python3.12/site-packages/airflow/example_dags/example_datasets.py
[2026-06-10T22:17:46.259+0000] {processor.py:830} INFO - Processing file /home/airflow/.local/lib/python3.12/site-packages/airflow/example_dags/example_datasets.py for tasks to queue
[2026-06-10T22:17:46.266+0000] {logging_mixin.py:188} INFO - [2026-06-10T22:17:46.266+0000] {dagbag.py:545} INFO - Filling up the DagBag from /home/airflow/.local/lib/python3.12/site-packages/airflow/example_dags/example_datasets.py
[2026-06-10T22:17:46.332+0000] {processor.py:840} INFO - DAG(s) 'dataset_consumes_unknown_never_scheduled', 'dataset_produces_1', 'consume_1_and_2_with_dataset_expressions', 'dataset_consumes_1_never_scheduled', 'dataset_produces_2', 'dataset_consumes_1_and_2', 'conditional_dataset_and_time_based_timetable', 'consume_1_or_2_with_dataset_expressions', 'consume_1_or_both_2_and_3_with_dataset_expressions', 'dataset_consumes_1' retrieved from /home/airflow/.local/lib/python3.12/site-packages/airflow/example_dags/example_datasets.py
[2026-06-10T22:17:46.651+0000] {logging_mixin.py:188} INFO - [2026-06-10T22:17:46.651+0000] {dag.py:3096} INFO - Sync 10 DAGs
[2026-06-10T22:17:46.723+0000] {logging_mixin.py:188} INFO - [2026-06-10T22:17:46.722+0000] {dag.py:3954} INFO - Setting next_dagrun for conditional_dataset_and_time_based_timetable to 2026-06-10 01:00:00+00:00, run_after=2026-06-10 01:00:00+00:00
[2026-06-10T22:17:46.736+0000] {logging_mixin.py:188} INFO - [2026-06-10T22:17:46.736+0000] {dag.py:3954} INFO - Setting next_dagrun for consume_1_and_2_with_dataset_expressions to None, run_after=None
[2026-06-10T22:17:46.738+0000] {logging_mixin.py:188} INFO - [2026-06-10T22:17:46.738+0000] {dag.py:3954} INFO - Setting next_dagrun for consume_1_or_2_with_dataset_expressions to None, run_after=None
[2026-06-10T22:17:46.739+0000] {logging_mixin.py:188} INFO - [2026-06-10T22:17:46.739+0000] {dag.py:3954} INFO - Setting next_dagrun for consume_1_or_both_2_and_3_with_dataset_expressions to None, run_after=None
[2026-06-10T22:17:46.741+0000] {logging_mixin.py:188} INFO - [2026-06-10T22:17:46.740+0000] {dag.py:3954} INFO - Setting next_dagrun for dataset_consumes_1 to None, run_after=None
[2026-06-10T22:17:46.742+0000] {logging_mixin.py:188} INFO - [2026-06-10T22:17:46.742+0000] {dag.py:3954} INFO - Setting next_dagrun for dataset_consumes_1_and_2 to None, run_after=None
[2026-06-10T22:17:46.744+0000] {logging_mixin.py:188} INFO - [2026-06-10T22:17:46.743+0000] {dag.py:3954} INFO - Setting next_dagrun for dataset_consumes_1_never_scheduled to None, run_after=None
[2026-06-10T22:17:46.745+0000] {logging_mixin.py:188} INFO - [2026-06-10T22:17:46.745+0000] {dag.py:3954} INFO - Setting next_dagrun for dataset_consumes_unknown_never_scheduled to None, run_after=None
[2026-06-10T22:17:46.748+0000] {logging_mixin.py:188} INFO - [2026-06-10T22:17:46.748+0000] {dag.py:3954} INFO - Setting next_dagrun for dataset_produces_1 to 2026-06-09 00:00:00+00:00, run_after=2026-06-10 00:00:00+00:00
[2026-06-10T22:17:46.750+0000] {logging_mixin.py:188} INFO - [2026-06-10T22:17:46.750+0000] {dag.py:3954} INFO - Setting next_dagrun for dataset_produces_2 to None, run_after=None
[2026-06-10T22:17:46.812+0000] {processor.py:183} INFO - Processing /home/airflow/.local/lib/python3.12/site-packages/airflow/example_dags/example_datasets.py took 0.591 seconds
[2026-06-10T22:18:17.442+0000] {processor.py:161} INFO - Started process (PID=392) to work on /home/airflow/.local/lib/python3.12/site-packages/airflow/example_dags/example_datasets.py
[2026-06-10T22:18:17.443+0000] {processor.py:830} INFO - Processing file /home/airflow/.local/lib/python3.12/site-packages/airflow/example_dags/example_datasets.py for tasks to queue
[2026-06-10T22:18:17.445+0000] {logging_mixin.py:188} INFO - [2026-06-10T22:18:17.444+0000] {dagbag.py:545} INFO - Filling up the DagBag from /home/airflow/.local/lib/python3.12/site-packages/airflow/example_dags/example_datasets.py
[2026-06-10T22:18:17.463+0000] {processor.py:840} INFO - DAG(s) 'dataset_consumes_1_never_scheduled', 'dataset_consumes_1', 'consume_1_or_2_with_dataset_expressions', 'consume_1_and_2_with_dataset_expressions', 'dataset_produces_1', 'dataset_consumes_unknown_never_scheduled', 'conditional_dataset_and_time_based_timetable', 'dataset_produces_2', 'dataset_consumes_1_and_2', 'consume_1_or_both_2_and_3_with_dataset_expressions' retrieved from /home/airflow/.local/lib/python3.12/site-packages/airflow/example_dags/example_datasets.py
[2026-06-10T22:18:17.527+0000] {logging_mixin.py:188} INFO - [2026-06-10T22:18:17.527+0000] {dag.py:3096} INFO - Sync 10 DAGs
[2026-06-10T22:18:17.561+0000] {logging_mixin.py:188} INFO - [2026-06-10T22:18:17.560+0000] {dag.py:3954} INFO - Setting next_dagrun for conditional_dataset_and_time_based_timetable to 2026-06-10 01:00:00+00:00, run_after=2026-06-10 01:00:00+00:00
[2026-06-10T22:18:17.568+0000] {logging_mixin.py:188} INFO - [2026-06-10T22:18:17.567+0000] {dag.py:3954} INFO - Setting next_dagrun for consume_1_and_2_with_dataset_expressions to None, run_after=None
[2026-06-10T22:18:17.569+0000] {logging_mixin.py:188} INFO - [2026-06-10T22:18:17.569+0000] {dag.py:3954} INFO - Setting next_dagrun for consume_1_or_2_with_dataset_expressions to None, run_after=None
[2026-06-10T22:18:17.571+0000] {logging_mixin.py:188} INFO - [2026-06-10T22:18:17.571+0000] {dag.py:3954} INFO - Setting next_dagrun for consume_1_or_both_2_and_3_with_dataset_expressions to None, run_after=None
[2026-06-10T22:18:17.572+0000] {logging_mixin.py:188} INFO - [2026-06-10T22:18:17.572+0000] {dag.py:3954} INFO - Setting next_dagrun for dataset_consumes_1 to None, run_after=None
[2026-06-10T22:18:17.573+0000] {logging_mixin.py:188} INFO - [2026-06-10T22:18:17.573+0000] {dag.py:3954} INFO - Setting next_dagrun for dataset_consumes_1_and_2 to None, run_after=None
[2026-06-10T22:18:17.575+0000] {logging_mixin.py:188} INFO - [2026-06-10T22:18:17.575+0000] {dag.py:3954} INFO - Setting next_dagrun for dataset_consumes_1_never_scheduled to None, run_after=None
[2026-06-10T22:18:17.576+0000] {logging_mixin.py:188} INFO - [2026-06-10T22:18:17.576+0000] {dag.py:3954} INFO - Setting next_dagrun for dataset_consumes_unknown_never_scheduled to None, run_after=None
[2026-06-10T22:18:17.579+0000] {logging_mixin.py:188} INFO - [2026-06-10T22:18:17.579+0000] {dag.py:3954} INFO - Setting next_dagrun for dataset_produces_1 to 2026-06-09 00:00:00+00:00, run_after=2026-06-10 00:00:00+00:00
[2026-06-10T22:18:17.581+0000] {logging_mixin.py:188} INFO - [2026-06-10T22:18:17.581+0000] {dag.py:3954} INFO - Setting next_dagrun for dataset_produces_2 to None, run_after=None
[2026-06-10T22:18:17.609+0000] {processor.py:183} INFO - Processing /home/airflow/.local/lib/python3.12/site-packages/airflow/example_dags/example_datasets.py took 0.174 seconds
[2026-06-10T22:18:47.810+0000] {processor.py:161} INFO - Started process (PID=452) to work on /home/airflow/.local/lib/python3.12/site-packages/airflow/example_dags/example_datasets.py
[2026-06-10T22:18:47.811+0000] {processor.py:830} INFO - Processing file /home/airflow/.local/lib/python3.12/site-packages/airflow/example_dags/example_datasets.py for tasks to queue
[2026-06-10T22:18:47.813+0000] {logging_mixin.py:188} INFO - [2026-06-10T22:18:47.812+0000] {dagbag.py:545} INFO - Filling up the DagBag from /home/airflow/.local/lib/python3.12/site-packages/airflow/example_dags/example_datasets.py
[2026-06-10T22:18:47.831+0000] {processor.py:840} INFO - DAG(s) 'dataset_consumes_1_never_scheduled', 'consume_1_or_both_2_and_3_with_dataset_expressions', 'dataset_consumes_1_and_2', 'dataset_consumes_unknown_never_scheduled', 'consume_1_or_2_with_dataset_expressions', 'conditional_dataset_and_time_based_timetable', 'dataset_produces_1', 'consume_1_and_2_with_dataset_expressions', 'dataset_consumes_1', 'dataset_produces_2' retrieved from /home/airflow/.local/lib/python3.12/site-packages/airflow/example_dags/example_datasets.py
[2026-06-10T22:18:47.955+0000] {logging_mixin.py:188} INFO - [2026-06-10T22:18:47.955+0000] {dag.py:3096} INFO - Sync 10 DAGs
[2026-06-10T22:18:48.051+0000] {logging_mixin.py:188} INFO - [2026-06-10T22:18:48.051+0000] {dag.py:3954} INFO - Setting next_dagrun for conditional_dataset_and_time_based_timetable to 2026-06-10 01:00:00+00:00, run_after=2026-06-10 01:00:00+00:00
[2026-06-10T22:18:48.068+0000] {logging_mixin.py:188} INFO - [2026-06-10T22:18:48.068+0000] {dag.py:3954} INFO - Setting next_dagrun for consume_1_and_2_with_dataset_expressions to None, run_after=None
[2026-06-10T22:18:48.072+0000] {logging_mixin.py:188} INFO - [2026-06-10T22:18:48.072+0000] {dag.py:3954} INFO - Setting next_dagrun for consume_1_or_2_with_dataset_expressions to None, run_after=None
[2026-06-10T22:18:48.076+0000] {logging_mixin.py:188} INFO - [2026-06-10T22:18:48.076+0000] {dag.py:3954} INFO - Setting next_dagrun for consume_1_or_both_2_and_3_with_dataset_expressions to None, run_after=None
[2026-06-10T22:18:48.079+0000] {logging_mixin.py:188} INFO - [2026-06-10T22:18:48.079+0000] {dag.py:3954} INFO - Setting next_dagrun for dataset_consumes_1 to None, run_after=None
[2026-06-10T22:18:48.083+0000] {logging_mixin.py:188} INFO - [2026-06-10T22:18:48.083+0000] {dag.py:3954} INFO - Setting next_dagrun for dataset_consumes_1_and_2 to None, run_after=None
[2026-06-10T22:18:48.084+0000] {logging_mixin.py:188} INFO - [2026-06-10T22:18:48.084+0000] {dag.py:3954} INFO - Setting next_dagrun for dataset_consumes_1_never_scheduled to None, run_after=None
[2026-06-10T22:18:48.086+0000] {logging_mixin.py:188} INFO - [2026-06-10T22:18:48.086+0000] {dag.py:3954} INFO - Setting next_dagrun for dataset_consumes_unknown_never_scheduled to None, run_after=None
[2026-06-10T22:18:48.089+0000] {logging_mixin.py:188} INFO - [2026-06-10T22:18:48.089+0000] {dag.py:3954} INFO - Setting next_dagrun for dataset_produces_1 to 2026-06-09 00:00:00+00:00, run_after=2026-06-10 00:00:00+00:00
[2026-06-10T22:18:48.091+0000] {logging_mixin.py:188} INFO - [2026-06-10T22:18:48.090+0000] {dag.py:3954} INFO - Setting next_dagrun for dataset_produces_2 to None, run_after=None
[2026-06-10T22:18:48.145+0000] {processor.py:183} INFO - Processing /home/airflow/.local/lib/python3.12/site-packages/airflow/example_dags/example_datasets.py took 0.342 seconds
[2026-06-10T22:19:18.227+0000] {processor.py:161} INFO - Started process (PID=513) to work on /home/airflow/.local/lib/python3.12/site-packages/airflow/example_dags/example_datasets.py
[2026-06-10T22:19:18.228+0000] {processor.py:830} INFO - Processing file /home/airflow/.local/lib/python3.12/site-packages/airflow/example_dags/example_datasets.py for tasks to queue
[2026-06-10T22:19:18.229+0000] {logging_mixin.py:188} INFO - [2026-06-10T22:19:18.229+0000] {dagbag.py:545} INFO - Filling up the DagBag from /home/airflow/.local/lib/python3.12/site-packages/airflow/example_dags/example_datasets.py
[2026-06-10T22:19:18.242+0000] {processor.py:840} INFO - DAG(s) 'conditional_dataset_and_time_based_timetable', 'dataset_produces_2', 'dataset_consumes_unknown_never_scheduled', 'dataset_consumes_1', 'dataset_produces_1', 'consume_1_and_2_with_dataset_expressions', 'consume_1_or_2_with_dataset_expressions', 'dataset_consumes_1_never_scheduled', 'dataset_consumes_1_and_2', 'consume_1_or_both_2_and_3_with_dataset_expressions' retrieved from /home/airflow/.local/lib/python3.12/site-packages/airflow/example_dags/example_datasets.py
[2026-06-10T22:19:18.283+0000] {logging_mixin.py:188} INFO - [2026-06-10T22:19:18.283+0000] {dag.py:3096} INFO - Sync 10 DAGs
[2026-06-10T22:19:18.305+0000] {logging_mixin.py:188} INFO - [2026-06-10T22:19:18.305+0000] {dag.py:3954} INFO - Setting next_dagrun for conditional_dataset_and_time_based_timetable to 2026-06-10 01:00:00+00:00, run_after=2026-06-10 01:00:00+00:00
[2026-06-10T22:19:18.309+0000] {logging_mixin.py:188} INFO - [2026-06-10T22:19:18.308+0000] {dag.py:3954} INFO - Setting next_dagrun for consume_1_and_2_with_dataset_expressions to None, run_after=None
[2026-06-10T22:19:18.310+0000] {logging_mixin.py:188} INFO - [2026-06-10T22:19:18.310+0000] {dag.py:3954} INFO - Setting next_dagrun for consume_1_or_2_with_dataset_expressions to None, run_after=None
[2026-06-10T22:19:18.311+0000] {logging_mixin.py:188} INFO - [2026-06-10T22:19:18.311+0000] {dag.py:3954} INFO - Setting next_dagrun for consume_1_or_both_2_and_3_with_dataset_expressions to None, run_after=None
[2026-06-10T22:19:18.312+0000] {logging_mixin.py:188} INFO - [2026-06-10T22:19:18.312+0000] {dag.py:3954} INFO - Setting next_dagrun for dataset_consumes_1 to None, run_after=None
[2026-06-10T22:19:18.313+0000] {logging_mixin.py:188} INFO - [2026-06-10T22:19:18.313+0000] {dag.py:3954} INFO - Setting next_dagrun for dataset_consumes_1_and_2 to None, run_after=None
[2026-06-10T22:19:18.314+0000] {logging_mixin.py:188} INFO - [2026-06-10T22:19:18.314+0000] {dag.py:3954} INFO - Setting next_dagrun for dataset_consumes_1_never_scheduled to None, run_after=None
[2026-06-10T22:19:18.315+0000] {logging_mixin.py:188} INFO - [2026-06-10T22:19:18.315+0000] {dag.py:3954} INFO - Setting next_dagrun for dataset_consumes_unknown_never_scheduled to None, run_after=None
[2026-06-10T22:19:18.317+0000] {logging_mixin.py:188} INFO - [2026-06-10T22:19:18.317+0000] {dag.py:3954} INFO - Setting next_dagrun for dataset_produces_1 to 2026-06-09 00:00:00+00:00, run_after=2026-06-10 00:00:00+00:00
[2026-06-10T22:19:18.318+0000] {logging_mixin.py:188} INFO - [2026-06-10T22:19:18.318+0000] {dag.py:3954} INFO - Setting next_dagrun for dataset_produces_2 to None, run_after=None
[2026-06-10T22:19:18.346+0000] {processor.py:183} INFO - Processing /home/airflow/.local/lib/python3.12/site-packages/airflow/example_dags/example_datasets.py took 0.125 seconds
[2026-06-10T22:19:48.656+0000] {processor.py:161} INFO - Started process (PID=572) to work on /home/airflow/.local/lib/python3.12/site-packages/airflow/example_dags/example_datasets.py
[2026-06-10T22:19:48.657+0000] {processor.py:830} INFO - Processing file /home/airflow/.local/lib/python3.12/site-packages/airflow/example_dags/example_datasets.py for tasks to queue
[2026-06-10T22:19:48.659+0000] {logging_mixin.py:188} INFO - [2026-06-10T22:19:48.659+0000] {dagbag.py:545} INFO - Filling up the DagBag from /home/airflow/.local/lib/python3.12/site-packages/airflow/example_dags/example_datasets.py
[2026-06-10T22:19:48.682+0000] {processor.py:840} INFO - DAG(s) 'dataset_produces_2', 'dataset_consumes_1_never_scheduled', 'consume_1_and_2_with_dataset_expressions', 'consume_1_or_2_with_dataset_expressions', 'dataset_consumes_unknown_never_scheduled', 'consume_1_or_both_2_and_3_with_dataset_expressions', 'dataset_produces_1', 'conditional_dataset_and_time_based_timetable', 'dataset_consumes_1_and_2', 'dataset_consumes_1' retrieved from /home/airflow/.local/lib/python3.12/site-packages/airflow/example_dags/example_datasets.py
[2026-06-10T22:19:48.749+0000] {logging_mixin.py:188} INFO - [2026-06-10T22:19:48.749+0000] {dag.py:3096} INFO - Sync 10 DAGs
[2026-06-10T22:19:48.781+0000] {logging_mixin.py:188} INFO - [2026-06-10T22:19:48.781+0000] {dag.py:3954} INFO - Setting next_dagrun for conditional_dataset_and_time_based_timetable to 2026-06-10 01:00:00+00:00, run_after=2026-06-10 01:00:00+00:00
[2026-06-10T22:19:48.785+0000] {logging_mixin.py:188} INFO - [2026-06-10T22:19:48.785+0000] {dag.py:3954} INFO - Setting next_dagrun for consume_1_and_2_with_dataset_expressions to None, run_after=None
[2026-06-10T22:19:48.786+0000] {logging_mixin.py:188} INFO - [2026-06-10T22:19:48.786+0000] {dag.py:3954} INFO - Setting next_dagrun for consume_1_or_2_with_dataset_expressions to None, run_after=None
[2026-06-10T22:19:48.787+0000] {logging_mixin.py:188} INFO - [2026-06-10T22:19:48.787+0000] {dag.py:3954} INFO - Setting next_dagrun for consume_1_or_both_2_and_3_with_dataset_expressions to None, run_after=None
[2026-06-10T22:19:48.788+0000] {logging_mixin.py:188} INFO - [2026-06-10T22:19:48.788+0000] {dag.py:3954} INFO - Setting next_dagrun for dataset_consumes_1 to None, run_after=None
[2026-06-10T22:19:48.789+0000] {logging_mixin.py:188} INFO - [2026-06-10T22:19:48.789+0000] {dag.py:3954} INFO - Setting next_dagrun for dataset_consumes_1_and_2 to None, run_after=None
[2026-06-10T22:19:48.791+0000] {logging_mixin.py:188} INFO - [2026-06-10T22:19:48.791+0000] {dag.py:3954} INFO - Setting next_dagrun for dataset_consumes_1_never_scheduled to None, run_after=None
[2026-06-10T22:19:48.792+0000] {logging_mixin.py:188} INFO - [2026-06-10T22:19:48.792+0000] {dag.py:3954} INFO - Setting next_dagrun for dataset_consumes_unknown_never_scheduled to None, run_after=None
[2026-06-10T22:19:48.795+0000] {logging_mixin.py:188} INFO - [2026-06-10T22:19:48.795+0000] {dag.py:3954} INFO - Setting next_dagrun for dataset_produces_1 to 2026-06-09 00:00:00+00:00, run_after=2026-06-10 00:00:00+00:00
[2026-06-10T22:19:48.797+0000] {logging_mixin.py:188} INFO - [2026-06-10T22:19:48.797+0000] {dag.py:3954} INFO - Setting next_dagrun for dataset_produces_2 to None, run_after=None
[2026-06-10T22:19:48.831+0000] {processor.py:183} INFO - Processing /home/airflow/.local/lib/python3.12/site-packages/airflow/example_dags/example_datasets.py took 0.181 seconds
[2026-06-10T22:20:18.918+0000] {processor.py:161} INFO - Started process (PID=632) to work on /home/airflow/.local/lib/python3.12/site-packages/airflow/example_dags/example_datasets.py
[2026-06-10T22:20:18.919+0000] {processor.py:830} INFO - Processing file /home/airflow/.local/lib/python3.12/site-packages/airflow/example_dags/example_datasets.py for tasks to queue
[2026-06-10T22:20:18.921+0000] {logging_mixin.py:188} INFO - [2026-06-10T22:20:18.921+0000] {dagbag.py:545} INFO - Filling up the DagBag from /home/airflow/.local/lib/python3.12/site-packages/airflow/example_dags/example_datasets.py
[2026-06-10T22:20:18.940+0000] {processor.py:840} INFO - DAG(s) 'dataset_produces_1', 'dataset_consumes_1_and_2', 'conditional_dataset_and_time_based_timetable', 'consume_1_or_both_2_and_3_with_dataset_expressions', 'dataset_consumes_1_never_scheduled', 'consume_1_and_2_with_dataset_expressions', 'dataset_consumes_1', 'dataset_consumes_unknown_never_scheduled', 'consume_1_or_2_with_dataset_expressions', 'dataset_produces_2' retrieved from /home/airflow/.local/lib/python3.12/site-packages/airflow/example_dags/example_datasets.py
[2026-06-10T22:20:19.008+0000] {logging_mixin.py:188} INFO - [2026-06-10T22:20:19.007+0000] {dag.py:3096} INFO - Sync 10 DAGs
[2026-06-10T22:20:19.044+0000] {logging_mixin.py:188} INFO - [2026-06-10T22:20:19.043+0000] {dag.py:3954} INFO - Setting next_dagrun for conditional_dataset_and_time_based_timetable to 2026-06-10 01:00:00+00:00, run_after=2026-06-10 01:00:00+00:00
[2026-06-10T22:20:19.048+0000] {logging_mixin.py:188} INFO - [2026-06-10T22:20:19.048+0000] {dag.py:3954} INFO - Setting next_dagrun for consume_1_and_2_with_dataset_expressions to None, run_after=None
[2026-06-10T22:20:19.050+0000] {logging_mixin.py:188} INFO - [2026-06-10T22:20:19.050+0000] {dag.py:3954} INFO - Setting next_dagrun for consume_1_or_2_with_dataset_expressions to None, run_after=None
[2026-06-10T22:20:19.052+0000] {logging_mixin.py:188} INFO - [2026-06-10T22:20:19.052+0000] {dag.py:3954} INFO - Setting next_dagrun for consume_1_or_both_2_and_3_with_dataset_expressions to None, run_after=None
[2026-06-10T22:20:19.053+0000] {logging_mixin.py:188} INFO - [2026-06-10T22:20:19.053+0000] {dag.py:3954} INFO - Setting next_dagrun for dataset_consumes_1 to None, run_after=None
[2026-06-10T22:20:19.054+0000] {logging_mixin.py:188} INFO - [2026-06-10T22:20:19.054+0000] {dag.py:3954} INFO - Setting next_dagrun for dataset_consumes_1_and_2 to None, run_after=None
[2026-06-10T22:20:19.055+0000] {logging_mixin.py:188} INFO - [2026-06-10T22:20:19.055+0000] {dag.py:3954} INFO - Setting next_dagrun for dataset_consumes_1_never_scheduled to None, run_after=None
[2026-06-10T22:20:19.056+0000] {logging_mixin.py:188} INFO - [2026-06-10T22:20:19.056+0000] {dag.py:3954} INFO - Setting next_dagrun for dataset_consumes_unknown_never_scheduled to None, run_after=None
[2026-06-10T22:20:19.059+0000] {logging_mixin.py:188} INFO - [2026-06-10T22:20:19.058+0000] {dag.py:3954} INFO - Setting next_dagrun for dataset_produces_1 to 2026-06-09 00:00:00+00:00, run_after=2026-06-10 00:00:00+00:00
[2026-06-10T22:20:19.060+0000] {logging_mixin.py:188} INFO - [2026-06-10T22:20:19.060+0000] {dag.py:3954} INFO - Setting next_dagrun for dataset_produces_2 to None, run_after=None
[2026-06-10T22:20:19.154+0000] {processor.py:183} INFO - Processing /home/airflow/.local/lib/python3.12/site-packages/airflow/example_dags/example_datasets.py took 0.245 seconds
[2026-06-10T22:20:49.424+0000] {processor.py:161} INFO - Started process (PID=692) to work on /home/airflow/.local/lib/python3.12/site-packages/airflow/example_dags/example_datasets.py
[2026-06-10T22:20:49.425+0000] {processor.py:830} INFO - Processing file /home/airflow/.local/lib/python3.12/site-packages/airflow/example_dags/example_datasets.py for tasks to queue
[2026-06-10T22:20:49.427+0000] {logging_mixin.py:188} INFO - [2026-06-10T22:20:49.427+0000] {dagbag.py:545} INFO - Filling up the DagBag from /home/airflow/.local/lib/python3.12/site-packages/airflow/example_dags/example_datasets.py
[2026-06-10T22:20:49.445+0000] {processor.py:840} INFO - DAG(s) 'dataset_consumes_1_and_2', 'dataset_consumes_unknown_never_scheduled', 'conditional_dataset_and_time_based_timetable', 'dataset_consumes_1', 'consume_1_and_2_with_dataset_expressions', 'dataset_consumes_1_never_scheduled', 'consume_1_or_both_2_and_3_with_dataset_expressions', 'dataset_produces_1', 'dataset_produces_2', 'consume_1_or_2_with_dataset_expressions' retrieved from /home/airflow/.local/lib/python3.12/site-packages/airflow/example_dags/example_datasets.py
[2026-06-10T22:20:49.507+0000] {logging_mixin.py:188} INFO - [2026-06-10T22:20:49.506+0000] {dag.py:3096} INFO - Sync 10 DAGs
[2026-06-10T22:20:49.541+0000] {logging_mixin.py:188} INFO - [2026-06-10T22:20:49.540+0000] {dag.py:3954} INFO - Setting next_dagrun for conditional_dataset_and_time_based_timetable to 2026-06-10 01:00:00+00:00, run_after=2026-06-10 01:00:00+00:00
[2026-06-10T22:20:49.545+0000] {logging_mixin.py:188} INFO - [2026-06-10T22:20:49.545+0000] {dag.py:3954} INFO - Setting next_dagrun for consume_1_and_2_with_dataset_expressions to None, run_after=None
[2026-06-10T22:20:49.546+0000] {logging_mixin.py:188} INFO - [2026-06-10T22:20:49.546+0000] {dag.py:3954} INFO - Setting next_dagrun for consume_1_or_2_with_dataset_expressions to None, run_after=None
[2026-06-10T22:20:49.550+0000] {logging_mixin.py:188} INFO - [2026-06-10T22:20:49.550+0000] {dag.py:3954} INFO - Setting next_dagrun for consume_1_or_both_2_and_3_with_dataset_expressions to None, run_after=None
[2026-06-10T22:20:49.551+0000] {logging_mixin.py:188} INFO - [2026-06-10T22:20:49.551+0000] {dag.py:3954} INFO - Setting next_dagrun for dataset_consumes_1 to None, run_after=None
[2026-06-10T22:20:49.553+0000] {logging_mixin.py:188} INFO - [2026-06-10T22:20:49.552+0000] {dag.py:3954} INFO - Setting next_dagrun for dataset_consumes_1_and_2 to None, run_after=None
[2026-06-10T22:20:49.554+0000] {logging_mixin.py:188} INFO - [2026-06-10T22:20:49.554+0000] {dag.py:3954} INFO - Setting next_dagrun for dataset_consumes_1_never_scheduled to None, run_after=None
[2026-06-10T22:20:49.555+0000] {logging_mixin.py:188} INFO - [2026-06-10T22:20:49.555+0000] {dag.py:3954} INFO - Setting next_dagrun for dataset_consumes_unknown_never_scheduled to None, run_after=None
[2026-06-10T22:20:49.557+0000] {logging_mixin.py:188} INFO - [2026-06-10T22:20:49.557+0000] {dag.py:3954} INFO - Setting next_dagrun for dataset_produces_1 to 2026-06-09 00:00:00+00:00, run_after=2026-06-10 00:00:00+00:00
[2026-06-10T22:20:49.558+0000] {logging_mixin.py:188} INFO - [2026-06-10T22:20:49.558+0000] {dag.py:3954} INFO - Setting next_dagrun for dataset_produces_2 to None, run_after=None
[2026-06-10T22:20:49.586+0000] {processor.py:183} INFO - Processing /home/airflow/.local/lib/python3.12/site-packages/airflow/example_dags/example_datasets.py took 0.169 seconds
[2026-06-10T22:21:19.675+0000] {processor.py:161} INFO - Started process (PID=752) to work on /home/airflow/.local/lib/python3.12/site-packages/airflow/example_dags/example_datasets.py
[2026-06-10T22:21:19.676+0000] {processor.py:830} INFO - Processing file /home/airflow/.local/lib/python3.12/site-packages/airflow/example_dags/example_datasets.py for tasks to queue
[2026-06-10T22:21:19.678+0000] {logging_mixin.py:188} INFO - [2026-06-10T22:21:19.677+0000] {dagbag.py:545} INFO - Filling up the DagBag from /home/airflow/.local/lib/python3.12/site-packages/airflow/example_dags/example_datasets.py
[2026-06-10T22:21:19.696+0000] {processor.py:840} INFO - DAG(s) 'dataset_produces_2', 'dataset_consumes_1_never_scheduled', 'dataset_consumes_unknown_never_scheduled', 'dataset_produces_1', 'consume_1_and_2_with_dataset_expressions', 'dataset_consumes_1_and_2', 'consume_1_or_both_2_and_3_with_dataset_expressions', 'dataset_consumes_1', 'conditional_dataset_and_time_based_timetable', 'consume_1_or_2_with_dataset_expressions' retrieved from /home/airflow/.local/lib/python3.12/site-packages/airflow/example_dags/example_datasets.py
[2026-06-10T22:21:19.764+0000] {logging_mixin.py:188} INFO - [2026-06-10T22:21:19.764+0000] {dag.py:3096} INFO - Sync 10 DAGs
[2026-06-10T22:21:19.798+0000] {logging_mixin.py:188} INFO - [2026-06-10T22:21:19.797+0000] {dag.py:3954} INFO - Setting next_dagrun for conditional_dataset_and_time_based_timetable to 2026-06-10 01:00:00+00:00, run_after=2026-06-10 01:00:00+00:00
[2026-06-10T22:21:19.802+0000] {logging_mixin.py:188} INFO - [2026-06-10T22:21:19.802+0000] {dag.py:3954} INFO - Setting next_dagrun for consume_1_and_2_with_dataset_expressions to None, run_after=None
[2026-06-10T22:21:19.804+0000] {logging_mixin.py:188} INFO - [2026-06-10T22:21:19.804+0000] {dag.py:3954} INFO - Setting next_dagrun for consume_1_or_2_with_dataset_expressions to None, run_after=None
[2026-06-10T22:21:19.805+0000] {logging_mixin.py:188} INFO - [2026-06-10T22:21:19.805+0000] {dag.py:3954} INFO - Setting next_dagrun for consume_1_or_both_2_and_3_with_dataset_expressions to None, run_after=None
[2026-06-10T22:21:19.806+0000] {logging_mixin.py:188} INFO - [2026-06-10T22:21:19.806+0000] {dag.py:3954} INFO - Setting next_dagrun for dataset_consumes_1 to None, run_after=None
[2026-06-10T22:21:19.808+0000] {logging_mixin.py:188} INFO - [2026-06-10T22:21:19.807+0000] {dag.py:3954} INFO - Setting next_dagrun for dataset_consumes_1_and_2 to None, run_after=None
[2026-06-10T22:21:19.809+0000] {logging_mixin.py:188} INFO - [2026-06-10T22:21:19.808+0000] {dag.py:3954} INFO - Setting next_dagrun for dataset_consumes_1_never_scheduled to None, run_after=None
[2026-06-10T22:21:19.810+0000] {logging_mixin.py:188} INFO - [2026-06-10T22:21:19.809+0000] {dag.py:3954} INFO - Setting next_dagrun for dataset_consumes_unknown_never_scheduled to None, run_after=None
[2026-06-10T22:21:19.812+0000] {logging_mixin.py:188} INFO - [2026-06-10T22:21:19.812+0000] {dag.py:3954} INFO - Setting next_dagrun for dataset_produces_1 to 2026-06-09 00:00:00+00:00, run_after=2026-06-10 00:00:00+00:00
[2026-06-10T22:21:19.813+0000] {logging_mixin.py:188} INFO - [2026-06-10T22:21:19.813+0000] {dag.py:3954} INFO - Setting next_dagrun for dataset_produces_2 to None, run_after=None
[2026-06-10T22:21:19.843+0000] {processor.py:183} INFO - Processing /home/airflow/.local/lib/python3.12/site-packages/airflow/example_dags/example_datasets.py took 0.175 seconds
[2026-06-10T22:21:50.140+0000] {processor.py:161} INFO - Started process (PID=812) to work on /home/airflow/.local/lib/python3.12/site-packages/airflow/example_dags/example_datasets.py
[2026-06-10T22:21:50.141+0000] {processor.py:830} INFO - Processing file /home/airflow/.local/lib/python3.12/site-packages/airflow/example_dags/example_datasets.py for tasks to queue
[2026-06-10T22:21:50.143+0000] {logging_mixin.py:188} INFO - [2026-06-10T22:21:50.143+0000] {dagbag.py:545} INFO - Filling up the DagBag from /home/airflow/.local/lib/python3.12/site-packages/airflow/example_dags/example_datasets.py
[2026-06-10T22:21:50.161+0000] {processor.py:840} INFO - DAG(s) 'dataset_consumes_1', 'dataset_consumes_1_and_2', 'conditional_dataset_and_time_based_timetable', 'dataset_consumes_unknown_never_scheduled', 'consume_1_and_2_with_dataset_expressions', 'consume_1_or_both_2_and_3_with_dataset_expressions', 'dataset_produces_1', 'dataset_consumes_1_never_scheduled', 'consume_1_or_2_with_dataset_expressions', 'dataset_produces_2' retrieved from /home/airflow/.local/lib/python3.12/site-packages/airflow/example_dags/example_datasets.py
[2026-06-10T22:21:50.229+0000] {logging_mixin.py:188} INFO - [2026-06-10T22:21:50.229+0000] {dag.py:3096} INFO - Sync 10 DAGs
[2026-06-10T22:21:50.263+0000] {logging_mixin.py:188} INFO - [2026-06-10T22:21:50.262+0000] {dag.py:3954} INFO - Setting next_dagrun for conditional_dataset_and_time_based_timetable to 2026-06-10 01:00:00+00:00, run_after=2026-06-10 01:00:00+00:00
[2026-06-10T22:21:50.267+0000] {logging_mixin.py:188} INFO - [2026-06-10T22:21:50.267+0000] {dag.py:3954} INFO - Setting next_dagrun for consume_1_and_2_with_dataset_expressions to None, run_after=None
[2026-06-10T22:21:50.268+0000] {logging_mixin.py:188} INFO - [2026-06-10T22:21:50.268+0000] {dag.py:3954} INFO - Setting next_dagrun for consume_1_or_2_with_dataset_expressions to None, run_after=None
[2026-06-10T22:21:50.269+0000] {logging_mixin.py:188} INFO - [2026-06-10T22:21:50.269+0000] {dag.py:3954} INFO - Setting next_dagrun for consume_1_or_both_2_and_3_with_dataset_expressions to None, run_after=None
[2026-06-10T22:21:50.271+0000] {logging_mixin.py:188} INFO - [2026-06-10T22:21:50.270+0000] {dag.py:3954} INFO - Setting next_dagrun for dataset_consumes_1 to None, run_after=None
[2026-06-10T22:21:50.272+0000] {logging_mixin.py:188} INFO - [2026-06-10T22:21:50.271+0000] {dag.py:3954} INFO - Setting next_dagrun for dataset_consumes_1_and_2 to None, run_after=None
[2026-06-10T22:21:50.273+0000] {logging_mixin.py:188} INFO - [2026-06-10T22:21:50.272+0000] {dag.py:3954} INFO - Setting next_dagrun for dataset_consumes_1_never_scheduled to None, run_after=None
[2026-06-10T22:21:50.274+0000] {logging_mixin.py:188} INFO - [2026-06-10T22:21:50.273+0000] {dag.py:3954} INFO - Setting next_dagrun for dataset_consumes_unknown_never_scheduled to None, run_after=None
[2026-06-10T22:21:50.276+0000] {logging_mixin.py:188} INFO - [2026-06-10T22:21:50.276+0000] {dag.py:3954} INFO - Setting next_dagrun for dataset_produces_1 to 2026-06-09 00:00:00+00:00, run_after=2026-06-10 00:00:00+00:00
[2026-06-10T22:21:50.277+0000] {logging_mixin.py:188} INFO - [2026-06-10T22:21:50.277+0000] {dag.py:3954} INFO - Setting next_dagrun for dataset_produces_2 to None, run_after=None
[2026-06-10T22:21:50.310+0000] {processor.py:183} INFO - Processing /home/airflow/.local/lib/python3.12/site-packages/airflow/example_dags/example_datasets.py took 0.176 seconds
[2026-06-10T22:22:21.222+0000] {processor.py:161} INFO - Started process (PID=871) to work on /home/airflow/.local/lib/python3.12/site-packages/airflow/example_dags/example_datasets.py
[2026-06-10T22:22:21.223+0000] {processor.py:830} INFO - Processing file /home/airflow/.local/lib/python3.12/site-packages/airflow/example_dags/example_datasets.py for tasks to queue
[2026-06-10T22:22:21.226+0000] {logging_mixin.py:188} INFO - [2026-06-10T22:22:21.226+0000] {dagbag.py:545} INFO - Filling up the DagBag from /home/airflow/.local/lib/python3.12/site-packages/airflow/example_dags/example_datasets.py
[2026-06-10T22:22:21.264+0000] {processor.py:840} INFO - DAG(s) 'consume_1_or_2_with_dataset_expressions', 'dataset_produces_1', 'dataset_consumes_1_never_scheduled', 'conditional_dataset_and_time_based_timetable', 'consume_1_and_2_with_dataset_expressions', 'dataset_produces_2', 'consume_1_or_both_2_and_3_with_dataset_expressions', 'dataset_consumes_1', 'dataset_consumes_unknown_never_scheduled', 'dataset_consumes_1_and_2' retrieved from /home/airflow/.local/lib/python3.12/site-packages/airflow/example_dags/example_datasets.py
[2026-06-10T22:22:21.389+0000] {logging_mixin.py:188} INFO - [2026-06-10T22:22:21.389+0000] {dag.py:3096} INFO - Sync 10 DAGs
[2026-06-10T22:22:21.437+0000] {logging_mixin.py:188} INFO - [2026-06-10T22:22:21.436+0000] {dag.py:3954} INFO - Setting next_dagrun for conditional_dataset_and_time_based_timetable to 2026-06-10 01:00:00+00:00, run_after=2026-06-10 01:00:00+00:00
[2026-06-10T22:22:21.449+0000] {logging_mixin.py:188} INFO - [2026-06-10T22:22:21.449+0000] {dag.py:3954} INFO - Setting next_dagrun for consume_1_and_2_with_dataset_expressions to None, run_after=None
[2026-06-10T22:22:21.461+0000] {logging_mixin.py:188} INFO - [2026-06-10T22:22:21.461+0000] {dag.py:3954} INFO - Setting next_dagrun for consume_1_or_2_with_dataset_expressions to None, run_after=None
[2026-06-10T22:22:21.466+0000] {logging_mixin.py:188} INFO - [2026-06-10T22:22:21.466+0000] {dag.py:3954} INFO - Setting next_dagrun for consume_1_or_both_2_and_3_with_dataset_expressions to None, run_after=None
[2026-06-10T22:22:21.470+0000] {logging_mixin.py:188} INFO - [2026-06-10T22:22:21.470+0000] {dag.py:3954} INFO - Setting next_dagrun for dataset_consumes_1 to None, run_after=None
[2026-06-10T22:22:21.475+0000] {logging_mixin.py:188} INFO - [2026-06-10T22:22:21.475+0000] {dag.py:3954} INFO - Setting next_dagrun for dataset_consumes_1_and_2 to None, run_after=None
[2026-06-10T22:22:21.480+0000] {logging_mixin.py:188} INFO - [2026-06-10T22:22:21.480+0000] {dag.py:3954} INFO - Setting next_dagrun for dataset_consumes_1_never_scheduled to None, run_after=None
[2026-06-10T22:22:21.485+0000] {logging_mixin.py:188} INFO - [2026-06-10T22:22:21.485+0000] {dag.py:3954} INFO - Setting next_dagrun for dataset_consumes_unknown_never_scheduled to None, run_after=None
[2026-06-10T22:22:21.489+0000] {logging_mixin.py:188} INFO - [2026-06-10T22:22:21.489+0000] {dag.py:3954} INFO - Setting next_dagrun for dataset_produces_1 to 2026-06-09 00:00:00+00:00, run_after=2026-06-10 00:00:00+00:00
[2026-06-10T22:22:21.491+0000] {logging_mixin.py:188} INFO - [2026-06-10T22:22:21.490+0000] {dag.py:3954} INFO - Setting next_dagrun for dataset_produces_2 to None, run_after=None
[2026-06-10T22:22:21.530+0000] {processor.py:183} INFO - Processing /home/airflow/.local/lib/python3.12/site-packages/airflow/example_dags/example_datasets.py took 0.328 seconds
[2026-06-10T22:22:51.981+0000] {processor.py:161} INFO - Started process (PID=931) to work on /home/airflow/.local/lib/python3.12/site-packages/airflow/example_dags/example_datasets.py
[2026-06-10T22:22:51.984+0000] {processor.py:830} INFO - Processing file /home/airflow/.local/lib/python3.12/site-packages/airflow/example_dags/example_datasets.py for tasks to queue
[2026-06-10T22:22:51.986+0000] {logging_mixin.py:188} INFO - [2026-06-10T22:22:51.986+0000] {dagbag.py:545} INFO - Filling up the DagBag from /home/airflow/.local/lib/python3.12/site-packages/airflow/example_dags/example_datasets.py
[2026-06-10T22:22:52.003+0000] {processor.py:840} INFO - DAG(s) 'consume_1_or_2_with_dataset_expressions', 'dataset_produces_2', 'dataset_consumes_1', 'consume_1_and_2_with_dataset_expressions', 'dataset_consumes_unknown_never_scheduled', 'dataset_produces_1', 'dataset_consumes_1_and_2', 'consume_1_or_both_2_and_3_with_dataset_expressions', 'conditional_dataset_and_time_based_timetable', 'dataset_consumes_1_never_scheduled' retrieved from /home/airflow/.local/lib/python3.12/site-packages/airflow/example_dags/example_datasets.py
[2026-06-10T22:22:52.071+0000] {logging_mixin.py:188} INFO - [2026-06-10T22:22:52.071+0000] {dag.py:3096} INFO - Sync 10 DAGs
[2026-06-10T22:22:52.118+0000] {logging_mixin.py:188} INFO - [2026-06-10T22:22:52.118+0000] {dag.py:3954} INFO - Setting next_dagrun for conditional_dataset_and_time_based_timetable to 2026-06-10 01:00:00+00:00, run_after=2026-06-10 01:00:00+00:00
[2026-06-10T22:22:52.124+0000] {logging_mixin.py:188} INFO - [2026-06-10T22:22:52.123+0000] {dag.py:3954} INFO - Setting next_dagrun for consume_1_and_2_with_dataset_expressions to None, run_after=None
[2026-06-10T22:22:52.125+0000] {logging_mixin.py:188} INFO - [2026-06-10T22:22:52.125+0000] {dag.py:3954} INFO - Setting next_dagrun for consume_1_or_2_with_dataset_expressions to None, run_after=None
[2026-06-10T22:22:52.126+0000] {logging_mixin.py:188} INFO - [2026-06-10T22:22:52.126+0000] {dag.py:3954} INFO - Setting next_dagrun for consume_1_or_both_2_and_3_with_dataset_expressions to None, run_after=None
[2026-06-10T22:22:52.129+0000] {logging_mixin.py:188} INFO - [2026-06-10T22:22:52.129+0000] {dag.py:3954} INFO - Setting next_dagrun for dataset_consumes_1 to None, run_after=None
[2026-06-10T22:22:52.130+0000] {logging_mixin.py:188} INFO - [2026-06-10T22:22:52.130+0000] {dag.py:3954} INFO - Setting next_dagrun for dataset_consumes_1_and_2 to None, run_after=None
[2026-06-10T22:22:52.131+0000] {logging_mixin.py:188} INFO - [2026-06-10T22:22:52.131+0000] {dag.py:3954} INFO - Setting next_dagrun for dataset_consumes_1_never_scheduled to None, run_after=None
[2026-06-10T22:22:52.133+0000] {logging_mixin.py:188} INFO - [2026-06-10T22:22:52.133+0000] {dag.py:3954} INFO - Setting next_dagrun for dataset_consumes_unknown_never_scheduled to None, run_after=None
[2026-06-10T22:22:52.136+0000] {logging_mixin.py:188} INFO - [2026-06-10T22:22:52.136+0000] {dag.py:3954} INFO - Setting next_dagrun for dataset_produces_1 to 2026-06-09 00:00:00+00:00, run_after=2026-06-10 00:00:00+00:00
[2026-06-10T22:22:52.137+0000] {logging_mixin.py:188} INFO - [2026-06-10T22:22:52.137+0000] {dag.py:3954} INFO - Setting next_dagrun for dataset_produces_2 to None, run_after=None
[2026-06-10T22:22:52.214+0000] {processor.py:183} INFO - Processing /home/airflow/.local/lib/python3.12/site-packages/airflow/example_dags/example_datasets.py took 0.245 seconds
[2026-06-10T22:23:22.638+0000] {processor.py:161} INFO - Started process (PID=990) to work on /home/airflow/.local/lib/python3.12/site-packages/airflow/example_dags/example_datasets.py
[2026-06-10T22:23:22.643+0000] {processor.py:830} INFO - Processing file /home/airflow/.local/lib/python3.12/site-packages/airflow/example_dags/example_datasets.py for tasks to queue
[2026-06-10T22:23:22.648+0000] {logging_mixin.py:188} INFO - [2026-06-10T22:23:22.647+0000] {dagbag.py:545} INFO - Filling up the DagBag from /home/airflow/.local/lib/python3.12/site-packages/airflow/example_dags/example_datasets.py
[2026-06-10T22:23:22.718+0000] {processor.py:840} INFO - DAG(s) 'dataset_produces_1', 'conditional_dataset_and_time_based_timetable', 'dataset_consumes_1_and_2', 'consume_1_or_2_with_dataset_expressions', 'consume_1_and_2_with_dataset_expressions', 'dataset_consumes_unknown_never_scheduled', 'dataset_consumes_1', 'consume_1_or_both_2_and_3_with_dataset_expressions', 'dataset_produces_2', 'dataset_consumes_1_never_scheduled' retrieved from /home/airflow/.local/lib/python3.12/site-packages/airflow/example_dags/example_datasets.py
[2026-06-10T22:23:22.799+0000] {logging_mixin.py:188} INFO - [2026-06-10T22:23:22.798+0000] {dag.py:3096} INFO - Sync 10 DAGs
[2026-06-10T22:23:22.833+0000] {logging_mixin.py:188} INFO - [2026-06-10T22:23:22.833+0000] {dag.py:3954} INFO - Setting next_dagrun for conditional_dataset_and_time_based_timetable to 2026-06-10 01:00:00+00:00, run_after=2026-06-10 01:00:00+00:00
[2026-06-10T22:23:22.838+0000] {logging_mixin.py:188} INFO - [2026-06-10T22:23:22.838+0000] {dag.py:3954} INFO - Setting next_dagrun for consume_1_and_2_with_dataset_expressions to None, run_after=None
[2026-06-10T22:23:22.839+0000] {logging_mixin.py:188} INFO - [2026-06-10T22:23:22.839+0000] {dag.py:3954} INFO - Setting next_dagrun for consume_1_or_2_with_dataset_expressions to None, run_after=None
[2026-06-10T22:23:22.841+0000] {logging_mixin.py:188} INFO - [2026-06-10T22:23:22.841+0000] {dag.py:3954} INFO - Setting next_dagrun for consume_1_or_both_2_and_3_with_dataset_expressions to None, run_after=None
[2026-06-10T22:23:22.842+0000] {logging_mixin.py:188} INFO - [2026-06-10T22:23:22.842+0000] {dag.py:3954} INFO - Setting next_dagrun for dataset_consumes_1 to None, run_after=None
[2026-06-10T22:23:22.844+0000] {logging_mixin.py:188} INFO - [2026-06-10T22:23:22.844+0000] {dag.py:3954} INFO - Setting next_dagrun for dataset_consumes_1_and_2 to None, run_after=None
[2026-06-10T22:23:22.845+0000] {logging_mixin.py:188} INFO - [2026-06-10T22:23:22.845+0000] {dag.py:3954} INFO - Setting next_dagrun for dataset_consumes_1_never_scheduled to None, run_after=None
[2026-06-10T22:23:22.846+0000] {logging_mixin.py:188} INFO - [2026-06-10T22:23:22.846+0000] {dag.py:3954} INFO - Setting next_dagrun for dataset_consumes_unknown_never_scheduled to None, run_after=None
[2026-06-10T22:23:22.850+0000] {logging_mixin.py:188} INFO - [2026-06-10T22:23:22.849+0000] {dag.py:3954} INFO - Setting next_dagrun for dataset_produces_1 to 2026-06-09 00:00:00+00:00, run_after=2026-06-10 00:00:00+00:00
[2026-06-10T22:23:22.851+0000] {logging_mixin.py:188} INFO - [2026-06-10T22:23:22.851+0000] {dag.py:3954} INFO - Setting next_dagrun for dataset_produces_2 to None, run_after=None
[2026-06-10T22:23:22.889+0000] {processor.py:183} INFO - Processing /home/airflow/.local/lib/python3.12/site-packages/airflow/example_dags/example_datasets.py took 0.276 seconds
[2026-06-10T22:23:53.708+0000] {processor.py:161} INFO - Started process (PID=1050) to work on /home/airflow/.local/lib/python3.12/site-packages/airflow/example_dags/example_datasets.py
[2026-06-10T22:23:53.711+0000] {processor.py:830} INFO - Processing file /home/airflow/.local/lib/python3.12/site-packages/airflow/example_dags/example_datasets.py for tasks to queue
[2026-06-10T22:23:53.715+0000] {logging_mixin.py:188} INFO - [2026-06-10T22:23:53.715+0000] {dagbag.py:545} INFO - Filling up the DagBag from /home/airflow/.local/lib/python3.12/site-packages/airflow/example_dags/example_datasets.py
[2026-06-10T22:23:53.747+0000] {processor.py:840} INFO - DAG(s) 'dataset_consumes_1', 'consume_1_or_2_with_dataset_expressions', 'dataset_consumes_unknown_never_scheduled', 'consume_1_or_both_2_and_3_with_dataset_expressions', 'dataset_produces_2', 'dataset_consumes_1_never_scheduled', 'dataset_consumes_1_and_2', 'dataset_produces_1', 'consume_1_and_2_with_dataset_expressions', 'conditional_dataset_and_time_based_timetable' retrieved from /home/airflow/.local/lib/python3.12/site-packages/airflow/example_dags/example_datasets.py
[2026-06-10T22:23:53.885+0000] {logging_mixin.py:188} INFO - [2026-06-10T22:23:53.885+0000] {dag.py:3096} INFO - Sync 10 DAGs
[2026-06-10T22:23:54.040+0000] {logging_mixin.py:188} INFO - [2026-06-10T22:23:54.036+0000] {dag.py:3954} INFO - Setting next_dagrun for conditional_dataset_and_time_based_timetable to 2026-06-10 01:00:00+00:00, run_after=2026-06-10 01:00:00+00:00
[2026-06-10T22:23:54.071+0000] {logging_mixin.py:188} INFO - [2026-06-10T22:23:54.071+0000] {dag.py:3954} INFO - Setting next_dagrun for consume_1_and_2_with_dataset_expressions to None, run_after=None
[2026-06-10T22:23:54.073+0000] {logging_mixin.py:188} INFO - [2026-06-10T22:23:54.072+0000] {dag.py:3954} INFO - Setting next_dagrun for consume_1_or_2_with_dataset_expressions to None, run_after=None
[2026-06-10T22:23:54.074+0000] {logging_mixin.py:188} INFO - [2026-06-10T22:23:54.074+0000] {dag.py:3954} INFO - Setting next_dagrun for consume_1_or_both_2_and_3_with_dataset_expressions to None, run_after=None
[2026-06-10T22:23:54.076+0000] {logging_mixin.py:188} INFO - [2026-06-10T22:23:54.075+0000] {dag.py:3954} INFO - Setting next_dagrun for dataset_consumes_1 to None, run_after=None
[2026-06-10T22:23:54.077+0000] {logging_mixin.py:188} INFO - [2026-06-10T22:23:54.077+0000] {dag.py:3954} INFO - Setting next_dagrun for dataset_consumes_1_and_2 to None, run_after=None
[2026-06-10T22:23:54.081+0000] {logging_mixin.py:188} INFO - [2026-06-10T22:23:54.079+0000] {dag.py:3954} INFO - Setting next_dagrun for dataset_consumes_1_never_scheduled to None, run_after=None
[2026-06-10T22:23:54.084+0000] {logging_mixin.py:188} INFO - [2026-06-10T22:23:54.084+0000] {dag.py:3954} INFO - Setting next_dagrun for dataset_consumes_unknown_never_scheduled to None, run_after=None
[2026-06-10T22:23:54.098+0000] {logging_mixin.py:188} INFO - [2026-06-10T22:23:54.098+0000] {dag.py:3954} INFO - Setting next_dagrun for dataset_produces_1 to 2026-06-09 00:00:00+00:00, run_after=2026-06-10 00:00:00+00:00
[2026-06-10T22:23:54.107+0000] {logging_mixin.py:188} INFO - [2026-06-10T22:23:54.107+0000] {dag.py:3954} INFO - Setting next_dagrun for dataset_produces_2 to None, run_after=None
[2026-06-10T22:23:54.265+0000] {processor.py:183} INFO - Processing /home/airflow/.local/lib/python3.12/site-packages/airflow/example_dags/example_datasets.py took 0.564 seconds
[2026-06-10T22:24:24.739+0000] {processor.py:161} INFO - Started process (PID=1110) to work on /home/airflow/.local/lib/python3.12/site-packages/airflow/example_dags/example_datasets.py
[2026-06-10T22:24:24.740+0000] {processor.py:830} INFO - Processing file /home/airflow/.local/lib/python3.12/site-packages/airflow/example_dags/example_datasets.py for tasks to queue
[2026-06-10T22:24:24.742+0000] {logging_mixin.py:188} INFO - [2026-06-10T22:24:24.742+0000] {dagbag.py:545} INFO - Filling up the DagBag from /home/airflow/.local/lib/python3.12/site-packages/airflow/example_dags/example_datasets.py
[2026-06-10T22:24:24.760+0000] {processor.py:840} INFO - DAG(s) 'dataset_consumes_1', 'conditional_dataset_and_time_based_timetable', 'dataset_consumes_1_and_2', 'consume_1_and_2_with_dataset_expressions', 'dataset_produces_2', 'dataset_consumes_unknown_never_scheduled', 'consume_1_or_both_2_and_3_with_dataset_expressions', 'consume_1_or_2_with_dataset_expressions', 'dataset_consumes_1_never_scheduled', 'dataset_produces_1' retrieved from /home/airflow/.local/lib/python3.12/site-packages/airflow/example_dags/example_datasets.py
[2026-06-10T22:24:24.840+0000] {logging_mixin.py:188} INFO - [2026-06-10T22:24:24.840+0000] {dag.py:3096} INFO - Sync 10 DAGs
[2026-06-10T22:24:24.873+0000] {logging_mixin.py:188} INFO - [2026-06-10T22:24:24.873+0000] {dag.py:3954} INFO - Setting next_dagrun for conditional_dataset_and_time_based_timetable to 2026-06-10 01:00:00+00:00, run_after=2026-06-10 01:00:00+00:00
[2026-06-10T22:24:24.878+0000] {logging_mixin.py:188} INFO - [2026-06-10T22:24:24.878+0000] {dag.py:3954} INFO - Setting next_dagrun for consume_1_and_2_with_dataset_expressions to None, run_after=None
[2026-06-10T22:24:24.880+0000] {logging_mixin.py:188} INFO - [2026-06-10T22:24:24.879+0000] {dag.py:3954} INFO - Setting next_dagrun for consume_1_or_2_with_dataset_expressions to None, run_after=None
[2026-06-10T22:24:24.881+0000] {logging_mixin.py:188} INFO - [2026-06-10T22:24:24.881+0000] {dag.py:3954} INFO - Setting next_dagrun for consume_1_or_both_2_and_3_with_dataset_expressions to None, run_after=None
[2026-06-10T22:24:24.882+0000] {logging_mixin.py:188} INFO - [2026-06-10T22:24:24.882+0000] {dag.py:3954} INFO - Setting next_dagrun for dataset_consumes_1 to None, run_after=None
[2026-06-10T22:24:24.884+0000] {logging_mixin.py:188} INFO - [2026-06-10T22:24:24.884+0000] {dag.py:3954} INFO - Setting next_dagrun for dataset_consumes_1_and_2 to None, run_after=None
[2026-06-10T22:24:24.885+0000] {logging_mixin.py:188} INFO - [2026-06-10T22:24:24.885+0000] {dag.py:3954} INFO - Setting next_dagrun for dataset_consumes_1_never_scheduled to None, run_after=None
[2026-06-10T22:24:24.887+0000] {logging_mixin.py:188} INFO - [2026-06-10T22:24:24.887+0000] {dag.py:3954} INFO - Setting next_dagrun for dataset_consumes_unknown_never_scheduled to None, run_after=None
[2026-06-10T22:24:24.890+0000] {logging_mixin.py:188} INFO - [2026-06-10T22:24:24.890+0000] {dag.py:3954} INFO - Setting next_dagrun for dataset_produces_1 to 2026-06-09 00:00:00+00:00, run_after=2026-06-10 00:00:00+00:00
[2026-06-10T22:24:24.892+0000] {logging_mixin.py:188} INFO - [2026-06-10T22:24:24.891+0000] {dag.py:3954} INFO - Setting next_dagrun for dataset_produces_2 to None, run_after=None
[2026-06-10T22:24:24.951+0000] {processor.py:183} INFO - Processing /home/airflow/.local/lib/python3.12/site-packages/airflow/example_dags/example_datasets.py took 0.219 seconds
[2026-06-10T22:24:56.533+0000] {processor.py:161} INFO - Started process (PID=1170) to work on /home/airflow/.local/lib/python3.12/site-packages/airflow/example_dags/example_datasets.py
[2026-06-10T22:24:56.534+0000] {processor.py:830} INFO - Processing file /home/airflow/.local/lib/python3.12/site-packages/airflow/example_dags/example_datasets.py for tasks to queue
[2026-06-10T22:24:56.536+0000] {logging_mixin.py:188} INFO - [2026-06-10T22:24:56.536+0000] {dagbag.py:545} INFO - Filling up the DagBag from /home/airflow/.local/lib/python3.12/site-packages/airflow/example_dags/example_datasets.py
[2026-06-10T22:24:56.554+0000] {processor.py:840} INFO - DAG(s) 'dataset_consumes_1_never_scheduled', 'consume_1_or_2_with_dataset_expressions', 'dataset_consumes_unknown_never_scheduled', 'dataset_consumes_1', 'dataset_produces_2', 'consume_1_and_2_with_dataset_expressions', 'consume_1_or_both_2_and_3_with_dataset_expressions', 'conditional_dataset_and_time_based_timetable', 'dataset_consumes_1_and_2', 'dataset_produces_1' retrieved from /home/airflow/.local/lib/python3.12/site-packages/airflow/example_dags/example_datasets.py
[2026-06-10T22:24:56.613+0000] {logging_mixin.py:188} INFO - [2026-06-10T22:24:56.613+0000] {dag.py:3096} INFO - Sync 10 DAGs
[2026-06-10T22:24:56.646+0000] {logging_mixin.py:188} INFO - [2026-06-10T22:24:56.646+0000] {dag.py:3954} INFO - Setting next_dagrun for conditional_dataset_and_time_based_timetable to 2026-06-10 01:00:00+00:00, run_after=2026-06-10 01:00:00+00:00
[2026-06-10T22:24:56.651+0000] {logging_mixin.py:188} INFO - [2026-06-10T22:24:56.651+0000] {dag.py:3954} INFO - Setting next_dagrun for consume_1_and_2_with_dataset_expressions to None, run_after=None
[2026-06-10T22:24:56.653+0000] {logging_mixin.py:188} INFO - [2026-06-10T22:24:56.652+0000] {dag.py:3954} INFO - Setting next_dagrun for consume_1_or_2_with_dataset_expressions to None, run_after=None
[2026-06-10T22:24:56.654+0000] {logging_mixin.py:188} INFO - [2026-06-10T22:24:56.654+0000] {dag.py:3954} INFO - Setting next_dagrun for consume_1_or_both_2_and_3_with_dataset_expressions to None, run_after=None
[2026-06-10T22:24:56.656+0000] {logging_mixin.py:188} INFO - [2026-06-10T22:24:56.656+0000] {dag.py:3954} INFO - Setting next_dagrun for dataset_consumes_1 to None, run_after=None
[2026-06-10T22:24:56.658+0000] {logging_mixin.py:188} INFO - [2026-06-10T22:24:56.658+0000] {dag.py:3954} INFO - Setting next_dagrun for dataset_consumes_1_and_2 to None, run_after=None
[2026-06-10T22:24:56.660+0000] {logging_mixin.py:188} INFO - [2026-06-10T22:24:56.660+0000] {dag.py:3954} INFO - Setting next_dagrun for dataset_consumes_1_never_scheduled to None, run_after=None
[2026-06-10T22:24:56.661+0000] {logging_mixin.py:188} INFO - [2026-06-10T22:24:56.661+0000] {dag.py:3954} INFO - Setting next_dagrun for dataset_consumes_unknown_never_scheduled to None, run_after=None
[2026-06-10T22:24:56.664+0000] {logging_mixin.py:188} INFO - [2026-06-10T22:24:56.664+0000] {dag.py:3954} INFO - Setting next_dagrun for dataset_produces_1 to 2026-06-09 00:00:00+00:00, run_after=2026-06-10 00:00:00+00:00
[2026-06-10T22:24:56.666+0000] {logging_mixin.py:188} INFO - [2026-06-10T22:24:56.666+0000] {dag.py:3954} INFO - Setting next_dagrun for dataset_produces_2 to None, run_after=None
[2026-06-10T22:24:56.705+0000] {processor.py:183} INFO - Processing /home/airflow/.local/lib/python3.12/site-packages/airflow/example_dags/example_datasets.py took 0.179 seconds
[2026-06-10T22:25:27.647+0000] {processor.py:161} INFO - Started process (PID=1230) to work on /home/airflow/.local/lib/python3.12/site-packages/airflow/example_dags/example_datasets.py
[2026-06-10T22:25:27.649+0000] {processor.py:830} INFO - Processing file /home/airflow/.local/lib/python3.12/site-packages/airflow/example_dags/example_datasets.py for tasks to queue
[2026-06-10T22:25:27.651+0000] {logging_mixin.py:188} INFO - [2026-06-10T22:25:27.650+0000] {dagbag.py:545} INFO - Filling up the DagBag from /home/airflow/.local/lib/python3.12/site-packages/airflow/example_dags/example_datasets.py
[2026-06-10T22:25:27.670+0000] {processor.py:840} INFO - DAG(s) 'consume_1_or_2_with_dataset_expressions', 'dataset_produces_2', 'dataset_consumes_1_and_2', 'dataset_produces_1', 'dataset_consumes_1_never_scheduled', 'consume_1_or_both_2_and_3_with_dataset_expressions', 'dataset_consumes_1', 'conditional_dataset_and_time_based_timetable', 'dataset_consumes_unknown_never_scheduled', 'consume_1_and_2_with_dataset_expressions' retrieved from /home/airflow/.local/lib/python3.12/site-packages/airflow/example_dags/example_datasets.py
[2026-06-10T22:25:27.731+0000] {logging_mixin.py:188} INFO - [2026-06-10T22:25:27.731+0000] {dag.py:3096} INFO - Sync 10 DAGs
[2026-06-10T22:25:27.766+0000] {logging_mixin.py:188} INFO - [2026-06-10T22:25:27.766+0000] {dag.py:3954} INFO - Setting next_dagrun for conditional_dataset_and_time_based_timetable to 2026-06-10 01:00:00+00:00, run_after=2026-06-10 01:00:00+00:00
[2026-06-10T22:25:27.771+0000] {logging_mixin.py:188} INFO - [2026-06-10T22:25:27.770+0000] {dag.py:3954} INFO - Setting next_dagrun for consume_1_and_2_with_dataset_expressions to None, run_after=None
[2026-06-10T22:25:27.772+0000] {logging_mixin.py:188} INFO - [2026-06-10T22:25:27.772+0000] {dag.py:3954} INFO - Setting next_dagrun for consume_1_or_2_with_dataset_expressions to None, run_after=None
[2026-06-10T22:25:27.773+0000] {logging_mixin.py:188} INFO - [2026-06-10T22:25:27.773+0000] {dag.py:3954} INFO - Setting next_dagrun for consume_1_or_both_2_and_3_with_dataset_expressions to None, run_after=None
[2026-06-10T22:25:27.775+0000] {logging_mixin.py:188} INFO - [2026-06-10T22:25:27.775+0000] {dag.py:3954} INFO - Setting next_dagrun for dataset_consumes_1 to None, run_after=None
[2026-06-10T22:25:27.777+0000] {logging_mixin.py:188} INFO - [2026-06-10T22:25:27.776+0000] {dag.py:3954} INFO - Setting next_dagrun for dataset_consumes_1_and_2 to None, run_after=None
[2026-06-10T22:25:27.778+0000] {logging_mixin.py:188} INFO - [2026-06-10T22:25:27.778+0000] {dag.py:3954} INFO - Setting next_dagrun for dataset_consumes_1_never_scheduled to None, run_after=None
[2026-06-10T22:25:27.780+0000] {logging_mixin.py:188} INFO - [2026-06-10T22:25:27.779+0000] {dag.py:3954} INFO - Setting next_dagrun for dataset_consumes_unknown_never_scheduled to None, run_after=None
[2026-06-10T22:25:27.782+0000] {logging_mixin.py:188} INFO - [2026-06-10T22:25:27.782+0000] {dag.py:3954} INFO - Setting next_dagrun for dataset_produces_1 to 2026-06-09 00:00:00+00:00, run_after=2026-06-10 00:00:00+00:00
[2026-06-10T22:25:27.784+0000] {logging_mixin.py:188} INFO - [2026-06-10T22:25:27.784+0000] {dag.py:3954} INFO - Setting next_dagrun for dataset_produces_2 to None, run_after=None
[2026-06-10T22:25:27.826+0000] {processor.py:183} INFO - Processing /home/airflow/.local/lib/python3.12/site-packages/airflow/example_dags/example_datasets.py took 0.186 seconds
[2026-06-10T22:25:58.209+0000] {processor.py:161} INFO - Started process (PID=1291) to work on /home/airflow/.local/lib/python3.12/site-packages/airflow/example_dags/example_datasets.py
[2026-06-10T22:25:58.210+0000] {processor.py:830} INFO - Processing file /home/airflow/.local/lib/python3.12/site-packages/airflow/example_dags/example_datasets.py for tasks to queue
[2026-06-10T22:25:58.212+0000] {logging_mixin.py:188} INFO - [2026-06-10T22:25:58.212+0000] {dagbag.py:545} INFO - Filling up the DagBag from /home/airflow/.local/lib/python3.12/site-packages/airflow/example_dags/example_datasets.py
[2026-06-10T22:25:58.230+0000] {processor.py:840} INFO - DAG(s) 'dataset_consumes_1', 'consume_1_and_2_with_dataset_expressions', 'consume_1_or_2_with_dataset_expressions', 'dataset_consumes_unknown_never_scheduled', 'consume_1_or_both_2_and_3_with_dataset_expressions', 'dataset_produces_1', 'dataset_consumes_1_and_2', 'conditional_dataset_and_time_based_timetable', 'dataset_produces_2', 'dataset_consumes_1_never_scheduled' retrieved from /home/airflow/.local/lib/python3.12/site-packages/airflow/example_dags/example_datasets.py
[2026-06-10T22:25:58.288+0000] {logging_mixin.py:188} INFO - [2026-06-10T22:25:58.288+0000] {dag.py:3096} INFO - Sync 10 DAGs
[2026-06-10T22:25:58.319+0000] {logging_mixin.py:188} INFO - [2026-06-10T22:25:58.319+0000] {dag.py:3954} INFO - Setting next_dagrun for conditional_dataset_and_time_based_timetable to 2026-06-10 01:00:00+00:00, run_after=2026-06-10 01:00:00+00:00
[2026-06-10T22:25:58.323+0000] {logging_mixin.py:188} INFO - [2026-06-10T22:25:58.323+0000] {dag.py:3954} INFO - Setting next_dagrun for consume_1_and_2_with_dataset_expressions to None, run_after=None
[2026-06-10T22:25:58.325+0000] {logging_mixin.py:188} INFO - [2026-06-10T22:25:58.325+0000] {dag.py:3954} INFO - Setting next_dagrun for consume_1_or_2_with_dataset_expressions to None, run_after=None
[2026-06-10T22:25:58.326+0000] {logging_mixin.py:188} INFO - [2026-06-10T22:25:58.326+0000] {dag.py:3954} INFO - Setting next_dagrun for consume_1_or_both_2_and_3_with_dataset_expressions to None, run_after=None
[2026-06-10T22:25:58.328+0000] {logging_mixin.py:188} INFO - [2026-06-10T22:25:58.327+0000] {dag.py:3954} INFO - Setting next_dagrun for dataset_consumes_1 to None, run_after=None
[2026-06-10T22:25:58.329+0000] {logging_mixin.py:188} INFO - [2026-06-10T22:25:58.329+0000] {dag.py:3954} INFO - Setting next_dagrun for dataset_consumes_1_and_2 to None, run_after=None
[2026-06-10T22:25:58.330+0000] {logging_mixin.py:188} INFO - [2026-06-10T22:25:58.330+0000] {dag.py:3954} INFO - Setting next_dagrun for dataset_consumes_1_never_scheduled to None, run_after=None
[2026-06-10T22:25:58.332+0000] {logging_mixin.py:188} INFO - [2026-06-10T22:25:58.331+0000] {dag.py:3954} INFO - Setting next_dagrun for dataset_consumes_unknown_never_scheduled to None, run_after=None
[2026-06-10T22:25:58.335+0000] {logging_mixin.py:188} INFO - [2026-06-10T22:25:58.335+0000] {dag.py:3954} INFO - Setting next_dagrun for dataset_produces_1 to 2026-06-09 00:00:00+00:00, run_after=2026-06-10 00:00:00+00:00
[2026-06-10T22:25:58.336+0000] {logging_mixin.py:188} INFO - [2026-06-10T22:25:58.336+0000] {dag.py:3954} INFO - Setting next_dagrun for dataset_produces_2 to None, run_after=None
[2026-06-10T22:25:58.371+0000] {processor.py:183} INFO - Processing /home/airflow/.local/lib/python3.12/site-packages/airflow/example_dags/example_datasets.py took 0.169 seconds
[2026-06-10T22:26:28.876+0000] {processor.py:161} INFO - Started process (PID=1352) to work on /home/airflow/.local/lib/python3.12/site-packages/airflow/example_dags/example_datasets.py
[2026-06-10T22:26:28.879+0000] {processor.py:830} INFO - Processing file /home/airflow/.local/lib/python3.12/site-packages/airflow/example_dags/example_datasets.py for tasks to queue
[2026-06-10T22:26:28.881+0000] {logging_mixin.py:188} INFO - [2026-06-10T22:26:28.881+0000] {dagbag.py:545} INFO - Filling up the DagBag from /home/airflow/.local/lib/python3.12/site-packages/airflow/example_dags/example_datasets.py
[2026-06-10T22:26:28.900+0000] {processor.py:840} INFO - DAG(s) 'dataset_consumes_1_and_2', 'consume_1_and_2_with_dataset_expressions', 'dataset_produces_2', 'dataset_consumes_unknown_never_scheduled', 'conditional_dataset_and_time_based_timetable', 'dataset_produces_1', 'dataset_consumes_1_never_scheduled', 'dataset_consumes_1', 'consume_1_or_both_2_and_3_with_dataset_expressions', 'consume_1_or_2_with_dataset_expressions' retrieved from /home/airflow/.local/lib/python3.12/site-packages/airflow/example_dags/example_datasets.py
[2026-06-10T22:26:28.958+0000] {logging_mixin.py:188} INFO - [2026-06-10T22:26:28.958+0000] {dag.py:3096} INFO - Sync 10 DAGs
[2026-06-10T22:26:28.991+0000] {logging_mixin.py:188} INFO - [2026-06-10T22:26:28.991+0000] {dag.py:3954} INFO - Setting next_dagrun for conditional_dataset_and_time_based_timetable to 2026-06-10 01:00:00+00:00, run_after=2026-06-10 01:00:00+00:00
[2026-06-10T22:26:28.996+0000] {logging_mixin.py:188} INFO - [2026-06-10T22:26:28.996+0000] {dag.py:3954} INFO - Setting next_dagrun for consume_1_and_2_with_dataset_expressions to None, run_after=None
[2026-06-10T22:26:28.997+0000] {logging_mixin.py:188} INFO - [2026-06-10T22:26:28.997+0000] {dag.py:3954} INFO - Setting next_dagrun for consume_1_or_2_with_dataset_expressions to None, run_after=None
[2026-06-10T22:26:28.999+0000] {logging_mixin.py:188} INFO - [2026-06-10T22:26:28.999+0000] {dag.py:3954} INFO - Setting next_dagrun for consume_1_or_both_2_and_3_with_dataset_expressions to None, run_after=None
[2026-06-10T22:26:29.000+0000] {logging_mixin.py:188} INFO - [2026-06-10T22:26:29.000+0000] {dag.py:3954} INFO - Setting next_dagrun for dataset_consumes_1 to None, run_after=None
[2026-06-10T22:26:29.001+0000] {logging_mixin.py:188} INFO - [2026-06-10T22:26:29.001+0000] {dag.py:3954} INFO - Setting next_dagrun for dataset_consumes_1_and_2 to None, run_after=None
[2026-06-10T22:26:29.003+0000] {logging_mixin.py:188} INFO - [2026-06-10T22:26:29.003+0000] {dag.py:3954} INFO - Setting next_dagrun for dataset_consumes_1_never_scheduled to None, run_after=None
[2026-06-10T22:26:29.004+0000] {logging_mixin.py:188} INFO - [2026-06-10T22:26:29.004+0000] {dag.py:3954} INFO - Setting next_dagrun for dataset_consumes_unknown_never_scheduled to None, run_after=None
[2026-06-10T22:26:29.008+0000] {logging_mixin.py:188} INFO - [2026-06-10T22:26:29.007+0000] {dag.py:3954} INFO - Setting next_dagrun for dataset_produces_1 to 2026-06-09 00:00:00+00:00, run_after=2026-06-10 00:00:00+00:00
[2026-06-10T22:26:29.009+0000] {logging_mixin.py:188} INFO - [2026-06-10T22:26:29.009+0000] {dag.py:3954} INFO - Setting next_dagrun for dataset_produces_2 to None, run_after=None
[2026-06-10T22:26:29.047+0000] {processor.py:183} INFO - Processing /home/airflow/.local/lib/python3.12/site-packages/airflow/example_dags/example_datasets.py took 0.179 seconds
[2026-06-10T22:26:59.458+0000] {processor.py:161} INFO - Started process (PID=1413) to work on /home/airflow/.local/lib/python3.12/site-packages/airflow/example_dags/example_datasets.py
[2026-06-10T22:26:59.459+0000] {processor.py:830} INFO - Processing file /home/airflow/.local/lib/python3.12/site-packages/airflow/example_dags/example_datasets.py for tasks to queue
[2026-06-10T22:26:59.461+0000] {logging_mixin.py:188} INFO - [2026-06-10T22:26:59.461+0000] {dagbag.py:545} INFO - Filling up the DagBag from /home/airflow/.local/lib/python3.12/site-packages/airflow/example_dags/example_datasets.py
[2026-06-10T22:26:59.499+0000] {processor.py:840} INFO - DAG(s) 'consume_1_and_2_with_dataset_expressions', 'dataset_consumes_unknown_never_scheduled', 'dataset_consumes_1_never_scheduled', 'consume_1_or_both_2_and_3_with_dataset_expressions', 'dataset_consumes_1', 'dataset_produces_2', 'conditional_dataset_and_time_based_timetable', 'dataset_produces_1', 'consume_1_or_2_with_dataset_expressions', 'dataset_consumes_1_and_2' retrieved from /home/airflow/.local/lib/python3.12/site-packages/airflow/example_dags/example_datasets.py
[2026-06-10T22:26:59.737+0000] {logging_mixin.py:188} INFO - [2026-06-10T22:26:59.737+0000] {dag.py:3096} INFO - Sync 10 DAGs
[2026-06-10T22:26:59.793+0000] {logging_mixin.py:188} INFO - [2026-06-10T22:26:59.793+0000] {dag.py:3954} INFO - Setting next_dagrun for conditional_dataset_and_time_based_timetable to 2026-06-10 01:00:00+00:00, run_after=2026-06-10 01:00:00+00:00
[2026-06-10T22:26:59.808+0000] {logging_mixin.py:188} INFO - [2026-06-10T22:26:59.808+0000] {dag.py:3954} INFO - Setting next_dagrun for consume_1_and_2_with_dataset_expressions to None, run_after=None
[2026-06-10T22:26:59.817+0000] {logging_mixin.py:188} INFO - [2026-06-10T22:26:59.814+0000] {dag.py:3954} INFO - Setting next_dagrun for consume_1_or_2_with_dataset_expressions to None, run_after=None
[2026-06-10T22:26:59.820+0000] {logging_mixin.py:188} INFO - [2026-06-10T22:26:59.819+0000] {dag.py:3954} INFO - Setting next_dagrun for consume_1_or_both_2_and_3_with_dataset_expressions to None, run_after=None
[2026-06-10T22:26:59.825+0000] {logging_mixin.py:188} INFO - [2026-06-10T22:26:59.825+0000] {dag.py:3954} INFO - Setting next_dagrun for dataset_consumes_1 to None, run_after=None
[2026-06-10T22:26:59.828+0000] {logging_mixin.py:188} INFO - [2026-06-10T22:26:59.828+0000] {dag.py:3954} INFO - Setting next_dagrun for dataset_consumes_1_and_2 to None, run_after=None
[2026-06-10T22:26:59.830+0000] {logging_mixin.py:188} INFO - [2026-06-10T22:26:59.829+0000] {dag.py:3954} INFO - Setting next_dagrun for dataset_consumes_1_never_scheduled to None, run_after=None
[2026-06-10T22:26:59.832+0000] {logging_mixin.py:188} INFO - [2026-06-10T22:26:59.832+0000] {dag.py:3954} INFO - Setting next_dagrun for dataset_consumes_unknown_never_scheduled to None, run_after=None
[2026-06-10T22:26:59.844+0000] {logging_mixin.py:188} INFO - [2026-06-10T22:26:59.842+0000] {dag.py:3954} INFO - Setting next_dagrun for dataset_produces_1 to 2026-06-09 00:00:00+00:00, run_after=2026-06-10 00:00:00+00:00
[2026-06-10T22:26:59.848+0000] {logging_mixin.py:188} INFO - [2026-06-10T22:26:59.848+0000] {dag.py:3954} INFO - Setting next_dagrun for dataset_produces_2 to None, run_after=None
[2026-06-10T22:26:59.906+0000] {processor.py:183} INFO - Processing /home/airflow/.local/lib/python3.12/site-packages/airflow/example_dags/example_datasets.py took 0.455 seconds
[2026-06-10T22:27:30.681+0000] {processor.py:161} INFO - Started process (PID=1474) to work on /home/airflow/.local/lib/python3.12/site-packages/airflow/example_dags/example_datasets.py
[2026-06-10T22:27:30.684+0000] {processor.py:830} INFO - Processing file /home/airflow/.local/lib/python3.12/site-packages/airflow/example_dags/example_datasets.py for tasks to queue
[2026-06-10T22:27:30.687+0000] {logging_mixin.py:188} INFO - [2026-06-10T22:27:30.687+0000] {dagbag.py:545} INFO - Filling up the DagBag from /home/airflow/.local/lib/python3.12/site-packages/airflow/example_dags/example_datasets.py
[2026-06-10T22:27:30.732+0000] {processor.py:840} INFO - DAG(s) 'dataset_consumes_1_and_2', 'dataset_produces_1', 'consume_1_or_2_with_dataset_expressions', 'consume_1_or_both_2_and_3_with_dataset_expressions', 'conditional_dataset_and_time_based_timetable', 'dataset_consumes_1', 'dataset_consumes_unknown_never_scheduled', 'consume_1_and_2_with_dataset_expressions', 'dataset_consumes_1_never_scheduled', 'dataset_produces_2' retrieved from /home/airflow/.local/lib/python3.12/site-packages/airflow/example_dags/example_datasets.py
[2026-06-10T22:27:30.913+0000] {logging_mixin.py:188} INFO - [2026-06-10T22:27:30.913+0000] {dag.py:3096} INFO - Sync 10 DAGs
[2026-06-10T22:27:30.962+0000] {logging_mixin.py:188} INFO - [2026-06-10T22:27:30.962+0000] {dag.py:3954} INFO - Setting next_dagrun for conditional_dataset_and_time_based_timetable to 2026-06-10 01:00:00+00:00, run_after=2026-06-10 01:00:00+00:00
[2026-06-10T22:27:30.967+0000] {logging_mixin.py:188} INFO - [2026-06-10T22:27:30.967+0000] {dag.py:3954} INFO - Setting next_dagrun for consume_1_and_2_with_dataset_expressions to None, run_after=None
[2026-06-10T22:27:30.969+0000] {logging_mixin.py:188} INFO - [2026-06-10T22:27:30.968+0000] {dag.py:3954} INFO - Setting next_dagrun for consume_1_or_2_with_dataset_expressions to None, run_after=None
[2026-06-10T22:27:30.970+0000] {logging_mixin.py:188} INFO - [2026-06-10T22:27:30.970+0000] {dag.py:3954} INFO - Setting next_dagrun for consume_1_or_both_2_and_3_with_dataset_expressions to None, run_after=None
[2026-06-10T22:27:30.971+0000] {logging_mixin.py:188} INFO - [2026-06-10T22:27:30.971+0000] {dag.py:3954} INFO - Setting next_dagrun for dataset_consumes_1 to None, run_after=None
[2026-06-10T22:27:30.973+0000] {logging_mixin.py:188} INFO - [2026-06-10T22:27:30.972+0000] {dag.py:3954} INFO - Setting next_dagrun for dataset_consumes_1_and_2 to None, run_after=None
[2026-06-10T22:27:30.974+0000] {logging_mixin.py:188} INFO - [2026-06-10T22:27:30.974+0000] {dag.py:3954} INFO - Setting next_dagrun for dataset_consumes_1_never_scheduled to None, run_after=None
[2026-06-10T22:27:30.975+0000] {logging_mixin.py:188} INFO - [2026-06-10T22:27:30.975+0000] {dag.py:3954} INFO - Setting next_dagrun for dataset_consumes_unknown_never_scheduled to None, run_after=None
[2026-06-10T22:27:30.979+0000] {logging_mixin.py:188} INFO - [2026-06-10T22:27:30.978+0000] {dag.py:3954} INFO - Setting next_dagrun for dataset_produces_1 to 2026-06-09 00:00:00+00:00, run_after=2026-06-10 00:00:00+00:00
[2026-06-10T22:27:30.980+0000] {logging_mixin.py:188} INFO - [2026-06-10T22:27:30.980+0000] {dag.py:3954} INFO - Setting next_dagrun for dataset_produces_2 to None, run_after=None
[2026-06-10T22:27:31.021+0000] {processor.py:183} INFO - Processing /home/airflow/.local/lib/python3.12/site-packages/airflow/example_dags/example_datasets.py took 0.356 seconds
[2026-06-10T22:28:01.068+0000] {processor.py:161} INFO - Started process (PID=1534) to work on /home/airflow/.local/lib/python3.12/site-packages/airflow/example_dags/example_datasets.py
[2026-06-10T22:28:01.069+0000] {processor.py:830} INFO - Processing file /home/airflow/.local/lib/python3.12/site-packages/airflow/example_dags/example_datasets.py for tasks to queue
[2026-06-10T22:28:01.070+0000] {logging_mixin.py:188} INFO - [2026-06-10T22:28:01.070+0000] {dagbag.py:545} INFO - Filling up the DagBag from /home/airflow/.local/lib/python3.12/site-packages/airflow/example_dags/example_datasets.py
[2026-06-10T22:28:01.083+0000] {processor.py:840} INFO - DAG(s) 'dataset_consumes_1_and_2', 'consume_1_or_both_2_and_3_with_dataset_expressions', 'dataset_produces_2', 'dataset_consumes_1', 'dataset_consumes_unknown_never_scheduled', 'consume_1_or_2_with_dataset_expressions', 'dataset_produces_1', 'dataset_consumes_1_never_scheduled', 'consume_1_and_2_with_dataset_expressions', 'conditional_dataset_and_time_based_timetable' retrieved from /home/airflow/.local/lib/python3.12/site-packages/airflow/example_dags/example_datasets.py
[2026-06-10T22:28:01.123+0000] {logging_mixin.py:188} INFO - [2026-06-10T22:28:01.123+0000] {dag.py:3096} INFO - Sync 10 DAGs
[2026-06-10T22:28:01.279+0000] {logging_mixin.py:188} INFO - [2026-06-10T22:28:01.279+0000] {dag.py:3954} INFO - Setting next_dagrun for conditional_dataset_and_time_based_timetable to 2026-06-10 01:00:00+00:00, run_after=2026-06-10 01:00:00+00:00
[2026-06-10T22:28:01.282+0000] {logging_mixin.py:188} INFO - [2026-06-10T22:28:01.282+0000] {dag.py:3954} INFO - Setting next_dagrun for consume_1_and_2_with_dataset_expressions to None, run_after=None
[2026-06-10T22:28:01.284+0000] {logging_mixin.py:188} INFO - [2026-06-10T22:28:01.283+0000] {dag.py:3954} INFO - Setting next_dagrun for consume_1_or_2_with_dataset_expressions to None, run_after=None
[2026-06-10T22:28:01.285+0000] {logging_mixin.py:188} INFO - [2026-06-10T22:28:01.285+0000] {dag.py:3954} INFO - Setting next_dagrun for consume_1_or_both_2_and_3_with_dataset_expressions to None, run_after=None
[2026-06-10T22:28:01.286+0000] {logging_mixin.py:188} INFO - [2026-06-10T22:28:01.286+0000] {dag.py:3954} INFO - Setting next_dagrun for dataset_consumes_1 to None, run_after=None
[2026-06-10T22:28:01.287+0000] {logging_mixin.py:188} INFO - [2026-06-10T22:28:01.287+0000] {dag.py:3954} INFO - Setting next_dagrun for dataset_consumes_1_and_2 to None, run_after=None
[2026-06-10T22:28:01.289+0000] {logging_mixin.py:188} INFO - [2026-06-10T22:28:01.289+0000] {dag.py:3954} INFO - Setting next_dagrun for dataset_consumes_1_never_scheduled to None, run_after=None
[2026-06-10T22:28:01.290+0000] {logging_mixin.py:188} INFO - [2026-06-10T22:28:01.290+0000] {dag.py:3954} INFO - Setting next_dagrun for dataset_consumes_unknown_never_scheduled to None, run_after=None
[2026-06-10T22:28:01.293+0000] {logging_mixin.py:188} INFO - [2026-06-10T22:28:01.293+0000] {dag.py:3954} INFO - Setting next_dagrun for dataset_produces_1 to 2026-06-09 00:00:00+00:00, run_after=2026-06-10 00:00:00+00:00
[2026-06-10T22:28:01.294+0000] {logging_mixin.py:188} INFO - [2026-06-10T22:28:01.294+0000] {dag.py:3954} INFO - Setting next_dagrun for dataset_produces_2 to None, run_after=None
[2026-06-10T22:28:01.328+0000] {processor.py:183} INFO - Processing /home/airflow/.local/lib/python3.12/site-packages/airflow/example_dags/example_datasets.py took 0.265 seconds
[2026-06-10T22:28:31.809+0000] {processor.py:161} INFO - Started process (PID=1595) to work on /home/airflow/.local/lib/python3.12/site-packages/airflow/example_dags/example_datasets.py
[2026-06-10T22:28:31.810+0000] {processor.py:830} INFO - Processing file /home/airflow/.local/lib/python3.12/site-packages/airflow/example_dags/example_datasets.py for tasks to queue
[2026-06-10T22:28:31.811+0000] {logging_mixin.py:188} INFO - [2026-06-10T22:28:31.811+0000] {dagbag.py:545} INFO - Filling up the DagBag from /home/airflow/.local/lib/python3.12/site-packages/airflow/example_dags/example_datasets.py
[2026-06-10T22:28:31.823+0000] {processor.py:840} INFO - DAG(s) 'dataset_consumes_unknown_never_scheduled', 'consume_1_or_2_with_dataset_expressions', 'consume_1_or_both_2_and_3_with_dataset_expressions', 'dataset_produces_1', 'dataset_consumes_1_never_scheduled', 'consume_1_and_2_with_dataset_expressions', 'dataset_consumes_1', 'dataset_consumes_1_and_2', 'dataset_produces_2', 'conditional_dataset_and_time_based_timetable' retrieved from /home/airflow/.local/lib/python3.12/site-packages/airflow/example_dags/example_datasets.py
[2026-06-10T22:28:31.865+0000] {logging_mixin.py:188} INFO - [2026-06-10T22:28:31.865+0000] {dag.py:3096} INFO - Sync 10 DAGs
[2026-06-10T22:28:32.104+0000] {logging_mixin.py:188} INFO - [2026-06-10T22:28:32.103+0000] {dag.py:3954} INFO - Setting next_dagrun for conditional_dataset_and_time_based_timetable to 2026-06-10 01:00:00+00:00, run_after=2026-06-10 01:00:00+00:00
[2026-06-10T22:28:32.109+0000] {logging_mixin.py:188} INFO - [2026-06-10T22:28:32.108+0000] {dag.py:3954} INFO - Setting next_dagrun for consume_1_and_2_with_dataset_expressions to None, run_after=None
[2026-06-10T22:28:32.110+0000] {logging_mixin.py:188} INFO - [2026-06-10T22:28:32.110+0000] {dag.py:3954} INFO - Setting next_dagrun for consume_1_or_2_with_dataset_expressions to None, run_after=None
[2026-06-10T22:28:32.111+0000] {logging_mixin.py:188} INFO - [2026-06-10T22:28:32.111+0000] {dag.py:3954} INFO - Setting next_dagrun for consume_1_or_both_2_and_3_with_dataset_expressions to None, run_after=None
[2026-06-10T22:28:32.113+0000] {logging_mixin.py:188} INFO - [2026-06-10T22:28:32.113+0000] {dag.py:3954} INFO - Setting next_dagrun for dataset_consumes_1 to None, run_after=None
[2026-06-10T22:28:32.114+0000] {logging_mixin.py:188} INFO - [2026-06-10T22:28:32.114+0000] {dag.py:3954} INFO - Setting next_dagrun for dataset_consumes_1_and_2 to None, run_after=None
[2026-06-10T22:28:32.115+0000] {logging_mixin.py:188} INFO - [2026-06-10T22:28:32.115+0000] {dag.py:3954} INFO - Setting next_dagrun for dataset_consumes_1_never_scheduled to None, run_after=None
[2026-06-10T22:28:32.117+0000] {logging_mixin.py:188} INFO - [2026-06-10T22:28:32.117+0000] {dag.py:3954} INFO - Setting next_dagrun for dataset_consumes_unknown_never_scheduled to None, run_after=None
[2026-06-10T22:28:32.120+0000] {logging_mixin.py:188} INFO - [2026-06-10T22:28:32.120+0000] {dag.py:3954} INFO - Setting next_dagrun for dataset_produces_1 to 2026-06-09 00:00:00+00:00, run_after=2026-06-10 00:00:00+00:00
[2026-06-10T22:28:32.121+0000] {logging_mixin.py:188} INFO - [2026-06-10T22:28:32.121+0000] {dag.py:3954} INFO - Setting next_dagrun for dataset_produces_2 to None, run_after=None
[2026-06-10T22:28:32.158+0000] {processor.py:183} INFO - Processing /home/airflow/.local/lib/python3.12/site-packages/airflow/example_dags/example_datasets.py took 0.354 seconds
[2026-06-10T22:29:02.338+0000] {processor.py:161} INFO - Started process (PID=1658) to work on /home/airflow/.local/lib/python3.12/site-packages/airflow/example_dags/example_datasets.py
[2026-06-10T22:29:02.338+0000] {processor.py:830} INFO - Processing file /home/airflow/.local/lib/python3.12/site-packages/airflow/example_dags/example_datasets.py for tasks to queue
[2026-06-10T22:29:02.340+0000] {logging_mixin.py:188} INFO - [2026-06-10T22:29:02.340+0000] {dagbag.py:545} INFO - Filling up the DagBag from /home/airflow/.local/lib/python3.12/site-packages/airflow/example_dags/example_datasets.py
[2026-06-10T22:29:02.356+0000] {processor.py:840} INFO - DAG(s) 'dataset_consumes_1', 'dataset_produces_1', 'dataset_consumes_1_and_2', 'conditional_dataset_and_time_based_timetable', 'dataset_consumes_unknown_never_scheduled', 'consume_1_or_2_with_dataset_expressions', 'dataset_consumes_1_never_scheduled', 'consume_1_and_2_with_dataset_expressions', 'dataset_produces_2', 'consume_1_or_both_2_and_3_with_dataset_expressions' retrieved from /home/airflow/.local/lib/python3.12/site-packages/airflow/example_dags/example_datasets.py
[2026-06-10T22:29:02.434+0000] {logging_mixin.py:188} INFO - [2026-06-10T22:29:02.434+0000] {dag.py:3096} INFO - Sync 10 DAGs
[2026-06-10T22:29:02.710+0000] {logging_mixin.py:188} INFO - [2026-06-10T22:29:02.710+0000] {dag.py:3954} INFO - Setting next_dagrun for conditional_dataset_and_time_based_timetable to 2026-06-10 01:00:00+00:00, run_after=2026-06-10 01:00:00+00:00
[2026-06-10T22:29:02.721+0000] {logging_mixin.py:188} INFO - [2026-06-10T22:29:02.721+0000] {dag.py:3954} INFO - Setting next_dagrun for consume_1_and_2_with_dataset_expressions to None, run_after=None
[2026-06-10T22:29:02.723+0000] {logging_mixin.py:188} INFO - [2026-06-10T22:29:02.722+0000] {dag.py:3954} INFO - Setting next_dagrun for consume_1_or_2_with_dataset_expressions to None, run_after=None
[2026-06-10T22:29:02.725+0000] {logging_mixin.py:188} INFO - [2026-06-10T22:29:02.725+0000] {dag.py:3954} INFO - Setting next_dagrun for consume_1_or_both_2_and_3_with_dataset_expressions to None, run_after=None
[2026-06-10T22:29:02.727+0000] {logging_mixin.py:188} INFO - [2026-06-10T22:29:02.727+0000] {dag.py:3954} INFO - Setting next_dagrun for dataset_consumes_1 to None, run_after=None
[2026-06-10T22:29:02.729+0000] {logging_mixin.py:188} INFO - [2026-06-10T22:29:02.729+0000] {dag.py:3954} INFO - Setting next_dagrun for dataset_consumes_1_and_2 to None, run_after=None
[2026-06-10T22:29:02.732+0000] {logging_mixin.py:188} INFO - [2026-06-10T22:29:02.732+0000] {dag.py:3954} INFO - Setting next_dagrun for dataset_consumes_1_never_scheduled to None, run_after=None
[2026-06-10T22:29:02.736+0000] {logging_mixin.py:188} INFO - [2026-06-10T22:29:02.736+0000] {dag.py:3954} INFO - Setting next_dagrun for dataset_consumes_unknown_never_scheduled to None, run_after=None
[2026-06-10T22:29:02.746+0000] {logging_mixin.py:188} INFO - [2026-06-10T22:29:02.745+0000] {dag.py:3954} INFO - Setting next_dagrun for dataset_produces_1 to 2026-06-09 00:00:00+00:00, run_after=2026-06-10 00:00:00+00:00
[2026-06-10T22:29:02.747+0000] {logging_mixin.py:188} INFO - [2026-06-10T22:29:02.747+0000] {dag.py:3954} INFO - Setting next_dagrun for dataset_produces_2 to None, run_after=None
[2026-06-10T22:29:02.786+0000] {processor.py:183} INFO - Processing /home/airflow/.local/lib/python3.12/site-packages/airflow/example_dags/example_datasets.py took 0.454 seconds
[2026-06-10T22:29:33.002+0000] {processor.py:161} INFO - Started process (PID=1719) to work on /home/airflow/.local/lib/python3.12/site-packages/airflow/example_dags/example_datasets.py
[2026-06-10T22:29:33.005+0000] {processor.py:830} INFO - Processing file /home/airflow/.local/lib/python3.12/site-packages/airflow/example_dags/example_datasets.py for tasks to queue
[2026-06-10T22:29:33.007+0000] {logging_mixin.py:188} INFO - [2026-06-10T22:29:33.007+0000] {dagbag.py:545} INFO - Filling up the DagBag from /home/airflow/.local/lib/python3.12/site-packages/airflow/example_dags/example_datasets.py
[2026-06-10T22:29:33.027+0000] {processor.py:840} INFO - DAG(s) 'conditional_dataset_and_time_based_timetable', 'consume_1_or_2_with_dataset_expressions', 'dataset_produces_1', 'dataset_produces_2', 'consume_1_and_2_with_dataset_expressions', 'dataset_consumes_1_never_scheduled', 'dataset_consumes_unknown_never_scheduled', 'dataset_consumes_1_and_2', 'dataset_consumes_1', 'consume_1_or_both_2_and_3_with_dataset_expressions' retrieved from /home/airflow/.local/lib/python3.12/site-packages/airflow/example_dags/example_datasets.py
[2026-06-10T22:29:33.165+0000] {logging_mixin.py:188} INFO - [2026-06-10T22:29:33.165+0000] {dag.py:3096} INFO - Sync 10 DAGs
[2026-06-10T22:29:33.352+0000] {logging_mixin.py:188} INFO - [2026-06-10T22:29:33.351+0000] {dag.py:3954} INFO - Setting next_dagrun for conditional_dataset_and_time_based_timetable to 2026-06-10 01:00:00+00:00, run_after=2026-06-10 01:00:00+00:00
[2026-06-10T22:29:33.355+0000] {logging_mixin.py:188} INFO - [2026-06-10T22:29:33.355+0000] {dag.py:3954} INFO - Setting next_dagrun for consume_1_and_2_with_dataset_expressions to None, run_after=None
[2026-06-10T22:29:33.356+0000] {logging_mixin.py:188} INFO - [2026-06-10T22:29:33.356+0000] {dag.py:3954} INFO - Setting next_dagrun for consume_1_or_2_with_dataset_expressions to None, run_after=None
[2026-06-10T22:29:33.357+0000] {logging_mixin.py:188} INFO - [2026-06-10T22:29:33.357+0000] {dag.py:3954} INFO - Setting next_dagrun for consume_1_or_both_2_and_3_with_dataset_expressions to None, run_after=None
[2026-06-10T22:29:33.358+0000] {logging_mixin.py:188} INFO - [2026-06-10T22:29:33.358+0000] {dag.py:3954} INFO - Setting next_dagrun for dataset_consumes_1 to None, run_after=None
[2026-06-10T22:29:33.359+0000] {logging_mixin.py:188} INFO - [2026-06-10T22:29:33.359+0000] {dag.py:3954} INFO - Setting next_dagrun for dataset_consumes_1_and_2 to None, run_after=None
[2026-06-10T22:29:33.360+0000] {logging_mixin.py:188} INFO - [2026-06-10T22:29:33.360+0000] {dag.py:3954} INFO - Setting next_dagrun for dataset_consumes_1_never_scheduled to None, run_after=None
[2026-06-10T22:29:33.361+0000] {logging_mixin.py:188} INFO - [2026-06-10T22:29:33.361+0000] {dag.py:3954} INFO - Setting next_dagrun for dataset_consumes_unknown_never_scheduled to None, run_after=None
[2026-06-10T22:29:33.363+0000] {logging_mixin.py:188} INFO - [2026-06-10T22:29:33.363+0000] {dag.py:3954} INFO - Setting next_dagrun for dataset_produces_1 to 2026-06-09 00:00:00+00:00, run_after=2026-06-10 00:00:00+00:00
[2026-06-10T22:29:33.364+0000] {logging_mixin.py:188} INFO - [2026-06-10T22:29:33.364+0000] {dag.py:3954} INFO - Setting next_dagrun for dataset_produces_2 to None, run_after=None
[2026-06-10T22:29:33.391+0000] {processor.py:183} INFO - Processing /home/airflow/.local/lib/python3.12/site-packages/airflow/example_dags/example_datasets.py took 0.460 seconds
[2026-06-10T22:30:03.629+0000] {processor.py:161} INFO - Started process (PID=1779) to work on /home/airflow/.local/lib/python3.12/site-packages/airflow/example_dags/example_datasets.py
[2026-06-10T22:30:03.630+0000] {processor.py:830} INFO - Processing file /home/airflow/.local/lib/python3.12/site-packages/airflow/example_dags/example_datasets.py for tasks to queue
[2026-06-10T22:30:03.633+0000] {logging_mixin.py:188} INFO - [2026-06-10T22:30:03.632+0000] {dagbag.py:545} INFO - Filling up the DagBag from /home/airflow/.local/lib/python3.12/site-packages/airflow/example_dags/example_datasets.py
[2026-06-10T22:30:03.651+0000] {processor.py:840} INFO - DAG(s) 'consume_1_and_2_with_dataset_expressions', 'conditional_dataset_and_time_based_timetable', 'dataset_produces_1', 'dataset_produces_2', 'dataset_consumes_unknown_never_scheduled', 'dataset_consumes_1_and_2', 'consume_1_or_2_with_dataset_expressions', 'dataset_consumes_1', 'dataset_consumes_1_never_scheduled', 'consume_1_or_both_2_and_3_with_dataset_expressions' retrieved from /home/airflow/.local/lib/python3.12/site-packages/airflow/example_dags/example_datasets.py
[2026-06-10T22:30:03.813+0000] {logging_mixin.py:188} INFO - [2026-06-10T22:30:03.812+0000] {dag.py:3096} INFO - Sync 10 DAGs
[2026-06-10T22:30:03.935+0000] {logging_mixin.py:188} INFO - [2026-06-10T22:30:03.934+0000] {dag.py:3954} INFO - Setting next_dagrun for conditional_dataset_and_time_based_timetable to 2026-06-10 01:00:00+00:00, run_after=2026-06-10 01:00:00+00:00
[2026-06-10T22:30:03.948+0000] {logging_mixin.py:188} INFO - [2026-06-10T22:30:03.946+0000] {dag.py:3954} INFO - Setting next_dagrun for consume_1_and_2_with_dataset_expressions to None, run_after=None
[2026-06-10T22:30:03.952+0000] {logging_mixin.py:188} INFO - [2026-06-10T22:30:03.952+0000] {dag.py:3954} INFO - Setting next_dagrun for consume_1_or_2_with_dataset_expressions to None, run_after=None
[2026-06-10T22:30:03.954+0000] {logging_mixin.py:188} INFO - [2026-06-10T22:30:03.954+0000] {dag.py:3954} INFO - Setting next_dagrun for consume_1_or_both_2_and_3_with_dataset_expressions to None, run_after=None
[2026-06-10T22:30:03.957+0000] {logging_mixin.py:188} INFO - [2026-06-10T22:30:03.956+0000] {dag.py:3954} INFO - Setting next_dagrun for dataset_consumes_1 to None, run_after=None
[2026-06-10T22:30:03.960+0000] {logging_mixin.py:188} INFO - [2026-06-10T22:30:03.960+0000] {dag.py:3954} INFO - Setting next_dagrun for dataset_consumes_1_and_2 to None, run_after=None
[2026-06-10T22:30:03.962+0000] {logging_mixin.py:188} INFO - [2026-06-10T22:30:03.962+0000] {dag.py:3954} INFO - Setting next_dagrun for dataset_consumes_1_never_scheduled to None, run_after=None
[2026-06-10T22:30:03.967+0000] {logging_mixin.py:188} INFO - [2026-06-10T22:30:03.967+0000] {dag.py:3954} INFO - Setting next_dagrun for dataset_consumes_unknown_never_scheduled to None, run_after=None
[2026-06-10T22:30:03.991+0000] {logging_mixin.py:188} INFO - [2026-06-10T22:30:03.990+0000] {dag.py:3954} INFO - Setting next_dagrun for dataset_produces_1 to 2026-06-09 00:00:00+00:00, run_after=2026-06-10 00:00:00+00:00
[2026-06-10T22:30:04.004+0000] {logging_mixin.py:188} INFO - [2026-06-10T22:30:04.004+0000] {dag.py:3954} INFO - Setting next_dagrun for dataset_produces_2 to None, run_after=None
[2026-06-10T22:30:04.205+0000] {processor.py:183} INFO - Processing /home/airflow/.local/lib/python3.12/site-packages/airflow/example_dags/example_datasets.py took 0.591 seconds
[2026-06-10T22:30:34.247+0000] {processor.py:161} INFO - Started process (PID=1842) to work on /home/airflow/.local/lib/python3.12/site-packages/airflow/example_dags/example_datasets.py
[2026-06-10T22:30:34.247+0000] {processor.py:830} INFO - Processing file /home/airflow/.local/lib/python3.12/site-packages/airflow/example_dags/example_datasets.py for tasks to queue
[2026-06-10T22:30:34.249+0000] {logging_mixin.py:188} INFO - [2026-06-10T22:30:34.249+0000] {dagbag.py:545} INFO - Filling up the DagBag from /home/airflow/.local/lib/python3.12/site-packages/airflow/example_dags/example_datasets.py
[2026-06-10T22:30:34.269+0000] {processor.py:840} INFO - DAG(s) 'conditional_dataset_and_time_based_timetable', 'dataset_consumes_unknown_never_scheduled', 'dataset_consumes_1_and_2', 'dataset_produces_1', 'dataset_consumes_1', 'consume_1_and_2_with_dataset_expressions', 'consume_1_or_2_with_dataset_expressions', 'dataset_produces_2', 'dataset_consumes_1_never_scheduled', 'consume_1_or_both_2_and_3_with_dataset_expressions' retrieved from /home/airflow/.local/lib/python3.12/site-packages/airflow/example_dags/example_datasets.py
[2026-06-10T22:30:34.331+0000] {logging_mixin.py:188} INFO - [2026-06-10T22:30:34.331+0000] {dag.py:3096} INFO - Sync 10 DAGs
[2026-06-10T22:30:34.360+0000] {logging_mixin.py:188} INFO - [2026-06-10T22:30:34.359+0000] {dag.py:3954} INFO - Setting next_dagrun for conditional_dataset_and_time_based_timetable to 2026-06-10 01:00:00+00:00, run_after=2026-06-10 01:00:00+00:00
[2026-06-10T22:30:34.369+0000] {logging_mixin.py:188} INFO - [2026-06-10T22:30:34.369+0000] {dag.py:3954} INFO - Setting next_dagrun for consume_1_and_2_with_dataset_expressions to None, run_after=None
[2026-06-10T22:30:34.371+0000] {logging_mixin.py:188} INFO - [2026-06-10T22:30:34.370+0000] {dag.py:3954} INFO - Setting next_dagrun for consume_1_or_2_with_dataset_expressions to None, run_after=None
[2026-06-10T22:30:34.372+0000] {logging_mixin.py:188} INFO - [2026-06-10T22:30:34.372+0000] {dag.py:3954} INFO - Setting next_dagrun for consume_1_or_both_2_and_3_with_dataset_expressions to None, run_after=None
[2026-06-10T22:30:34.373+0000] {logging_mixin.py:188} INFO - [2026-06-10T22:30:34.373+0000] {dag.py:3954} INFO - Setting next_dagrun for dataset_consumes_1 to None, run_after=None
[2026-06-10T22:30:34.375+0000] {logging_mixin.py:188} INFO - [2026-06-10T22:30:34.375+0000] {dag.py:3954} INFO - Setting next_dagrun for dataset_consumes_1_and_2 to None, run_after=None
[2026-06-10T22:30:34.376+0000] {logging_mixin.py:188} INFO - [2026-06-10T22:30:34.376+0000] {dag.py:3954} INFO - Setting next_dagrun for dataset_consumes_1_never_scheduled to None, run_after=None
[2026-06-10T22:30:34.379+0000] {logging_mixin.py:188} INFO - [2026-06-10T22:30:34.378+0000] {dag.py:3954} INFO - Setting next_dagrun for dataset_consumes_unknown_never_scheduled to None, run_after=None
[2026-06-10T22:30:34.383+0000] {logging_mixin.py:188} INFO - [2026-06-10T22:30:34.383+0000] {dag.py:3954} INFO - Setting next_dagrun for dataset_produces_1 to 2026-06-09 00:00:00+00:00, run_after=2026-06-10 00:00:00+00:00
[2026-06-10T22:30:34.385+0000] {logging_mixin.py:188} INFO - [2026-06-10T22:30:34.384+0000] {dag.py:3954} INFO - Setting next_dagrun for dataset_produces_2 to None, run_after=None
[2026-06-10T22:30:34.429+0000] {processor.py:183} INFO - Processing /home/airflow/.local/lib/python3.12/site-packages/airflow/example_dags/example_datasets.py took 0.188 seconds
[2026-06-10T22:31:04.829+0000] {processor.py:161} INFO - Started process (PID=1902) to work on /home/airflow/.local/lib/python3.12/site-packages/airflow/example_dags/example_datasets.py
[2026-06-10T22:31:04.831+0000] {processor.py:830} INFO - Processing file /home/airflow/.local/lib/python3.12/site-packages/airflow/example_dags/example_datasets.py for tasks to queue
[2026-06-10T22:31:04.833+0000] {logging_mixin.py:188} INFO - [2026-06-10T22:31:04.832+0000] {dagbag.py:545} INFO - Filling up the DagBag from /home/airflow/.local/lib/python3.12/site-packages/airflow/example_dags/example_datasets.py
[2026-06-10T22:31:04.850+0000] {processor.py:840} INFO - DAG(s) 'dataset_produces_2', 'dataset_consumes_1_and_2', 'dataset_produces_1', 'consume_1_and_2_with_dataset_expressions', 'dataset_consumes_1_never_scheduled', 'consume_1_or_2_with_dataset_expressions', 'dataset_consumes_1', 'conditional_dataset_and_time_based_timetable', 'dataset_consumes_unknown_never_scheduled', 'consume_1_or_both_2_and_3_with_dataset_expressions' retrieved from /home/airflow/.local/lib/python3.12/site-packages/airflow/example_dags/example_datasets.py
[2026-06-10T22:31:04.914+0000] {logging_mixin.py:188} INFO - [2026-06-10T22:31:04.914+0000] {dag.py:3096} INFO - Sync 10 DAGs
[2026-06-10T22:31:04.947+0000] {logging_mixin.py:188} INFO - [2026-06-10T22:31:04.947+0000] {dag.py:3954} INFO - Setting next_dagrun for conditional_dataset_and_time_based_timetable to 2026-06-10 01:00:00+00:00, run_after=2026-06-10 01:00:00+00:00
[2026-06-10T22:31:04.950+0000] {logging_mixin.py:188} INFO - [2026-06-10T22:31:04.950+0000] {dag.py:3954} INFO - Setting next_dagrun for consume_1_and_2_with_dataset_expressions to None, run_after=None
[2026-06-10T22:31:04.952+0000] {logging_mixin.py:188} INFO - [2026-06-10T22:31:04.951+0000] {dag.py:3954} INFO - Setting next_dagrun for consume_1_or_2_with_dataset_expressions to None, run_after=None
[2026-06-10T22:31:04.953+0000] {logging_mixin.py:188} INFO - [2026-06-10T22:31:04.952+0000] {dag.py:3954} INFO - Setting next_dagrun for consume_1_or_both_2_and_3_with_dataset_expressions to None, run_after=None
[2026-06-10T22:31:04.954+0000] {logging_mixin.py:188} INFO - [2026-06-10T22:31:04.953+0000] {dag.py:3954} INFO - Setting next_dagrun for dataset_consumes_1 to None, run_after=None
[2026-06-10T22:31:04.955+0000] {logging_mixin.py:188} INFO - [2026-06-10T22:31:04.955+0000] {dag.py:3954} INFO - Setting next_dagrun for dataset_consumes_1_and_2 to None, run_after=None
[2026-06-10T22:31:04.956+0000] {logging_mixin.py:188} INFO - [2026-06-10T22:31:04.956+0000] {dag.py:3954} INFO - Setting next_dagrun for dataset_consumes_1_never_scheduled to None, run_after=None
[2026-06-10T22:31:04.957+0000] {logging_mixin.py:188} INFO - [2026-06-10T22:31:04.957+0000] {dag.py:3954} INFO - Setting next_dagrun for dataset_consumes_unknown_never_scheduled to None, run_after=None
[2026-06-10T22:31:04.959+0000] {logging_mixin.py:188} INFO - [2026-06-10T22:31:04.959+0000] {dag.py:3954} INFO - Setting next_dagrun for dataset_produces_1 to 2026-06-09 00:00:00+00:00, run_after=2026-06-10 00:00:00+00:00
[2026-06-10T22:31:04.960+0000] {logging_mixin.py:188} INFO - [2026-06-10T22:31:04.960+0000] {dag.py:3954} INFO - Setting next_dagrun for dataset_produces_2 to None, run_after=None
[2026-06-10T22:31:04.987+0000] {processor.py:183} INFO - Processing /home/airflow/.local/lib/python3.12/site-packages/airflow/example_dags/example_datasets.py took 0.165 seconds
[2026-06-10T22:31:35.042+0000] {processor.py:161} INFO - Started process (PID=1963) to work on /home/airflow/.local/lib/python3.12/site-packages/airflow/example_dags/example_datasets.py
[2026-06-10T22:31:35.042+0000] {processor.py:830} INFO - Processing file /home/airflow/.local/lib/python3.12/site-packages/airflow/example_dags/example_datasets.py for tasks to queue
[2026-06-10T22:31:35.045+0000] {logging_mixin.py:188} INFO - [2026-06-10T22:31:35.044+0000] {dagbag.py:545} INFO - Filling up the DagBag from /home/airflow/.local/lib/python3.12/site-packages/airflow/example_dags/example_datasets.py
[2026-06-10T22:31:35.062+0000] {processor.py:840} INFO - DAG(s) 'consume_1_and_2_with_dataset_expressions', 'consume_1_or_2_with_dataset_expressions', 'dataset_consumes_1_and_2', 'consume_1_or_both_2_and_3_with_dataset_expressions', 'conditional_dataset_and_time_based_timetable', 'dataset_consumes_unknown_never_scheduled', 'dataset_consumes_1_never_scheduled', 'dataset_produces_2', 'dataset_produces_1', 'dataset_consumes_1' retrieved from /home/airflow/.local/lib/python3.12/site-packages/airflow/example_dags/example_datasets.py
[2026-06-10T22:31:35.134+0000] {logging_mixin.py:188} INFO - [2026-06-10T22:31:35.134+0000] {dag.py:3096} INFO - Sync 10 DAGs
[2026-06-10T22:31:35.170+0000] {logging_mixin.py:188} INFO - [2026-06-10T22:31:35.170+0000] {dag.py:3954} INFO - Setting next_dagrun for conditional_dataset_and_time_based_timetable to 2026-06-10 01:00:00+00:00, run_after=2026-06-10 01:00:00+00:00
[2026-06-10T22:31:35.175+0000] {logging_mixin.py:188} INFO - [2026-06-10T22:31:35.174+0000] {dag.py:3954} INFO - Setting next_dagrun for consume_1_and_2_with_dataset_expressions to None, run_after=None
[2026-06-10T22:31:35.176+0000] {logging_mixin.py:188} INFO - [2026-06-10T22:31:35.176+0000] {dag.py:3954} INFO - Setting next_dagrun for consume_1_or_2_with_dataset_expressions to None, run_after=None
[2026-06-10T22:31:35.178+0000] {logging_mixin.py:188} INFO - [2026-06-10T22:31:35.178+0000] {dag.py:3954} INFO - Setting next_dagrun for consume_1_or_both_2_and_3_with_dataset_expressions to None, run_after=None
[2026-06-10T22:31:35.179+0000] {logging_mixin.py:188} INFO - [2026-06-10T22:31:35.179+0000] {dag.py:3954} INFO - Setting next_dagrun for dataset_consumes_1 to None, run_after=None
[2026-06-10T22:31:35.181+0000] {logging_mixin.py:188} INFO - [2026-06-10T22:31:35.180+0000] {dag.py:3954} INFO - Setting next_dagrun for dataset_consumes_1_and_2 to None, run_after=None
[2026-06-10T22:31:35.182+0000] {logging_mixin.py:188} INFO - [2026-06-10T22:31:35.182+0000] {dag.py:3954} INFO - Setting next_dagrun for dataset_consumes_1_never_scheduled to None, run_after=None
[2026-06-10T22:31:35.183+0000] {logging_mixin.py:188} INFO - [2026-06-10T22:31:35.183+0000] {dag.py:3954} INFO - Setting next_dagrun for dataset_consumes_unknown_never_scheduled to None, run_after=None
[2026-06-10T22:31:35.187+0000] {logging_mixin.py:188} INFO - [2026-06-10T22:31:35.187+0000] {dag.py:3954} INFO - Setting next_dagrun for dataset_produces_1 to 2026-06-09 00:00:00+00:00, run_after=2026-06-10 00:00:00+00:00
[2026-06-10T22:31:35.188+0000] {logging_mixin.py:188} INFO - [2026-06-10T22:31:35.188+0000] {dag.py:3954} INFO - Setting next_dagrun for dataset_produces_2 to None, run_after=None
[2026-06-10T22:31:35.231+0000] {processor.py:183} INFO - Processing /home/airflow/.local/lib/python3.12/site-packages/airflow/example_dags/example_datasets.py took 0.196 seconds
[2026-06-10T22:32:05.297+0000] {processor.py:161} INFO - Started process (PID=2024) to work on /home/airflow/.local/lib/python3.12/site-packages/airflow/example_dags/example_datasets.py
[2026-06-10T22:32:05.298+0000] {processor.py:830} INFO - Processing file /home/airflow/.local/lib/python3.12/site-packages/airflow/example_dags/example_datasets.py for tasks to queue
[2026-06-10T22:32:05.301+0000] {logging_mixin.py:188} INFO - [2026-06-10T22:32:05.300+0000] {dagbag.py:545} INFO - Filling up the DagBag from /home/airflow/.local/lib/python3.12/site-packages/airflow/example_dags/example_datasets.py
[2026-06-10T22:32:05.319+0000] {processor.py:840} INFO - DAG(s) 'dataset_consumes_1_never_scheduled', 'dataset_consumes_1_and_2', 'dataset_produces_1', 'dataset_consumes_unknown_never_scheduled', 'conditional_dataset_and_time_based_timetable', 'dataset_produces_2', 'consume_1_or_2_with_dataset_expressions', 'dataset_consumes_1', 'consume_1_or_both_2_and_3_with_dataset_expressions', 'consume_1_and_2_with_dataset_expressions' retrieved from /home/airflow/.local/lib/python3.12/site-packages/airflow/example_dags/example_datasets.py
[2026-06-10T22:32:05.381+0000] {logging_mixin.py:188} INFO - [2026-06-10T22:32:05.380+0000] {dag.py:3096} INFO - Sync 10 DAGs
[2026-06-10T22:32:05.416+0000] {logging_mixin.py:188} INFO - [2026-06-10T22:32:05.415+0000] {dag.py:3954} INFO - Setting next_dagrun for conditional_dataset_and_time_based_timetable to 2026-06-10 01:00:00+00:00, run_after=2026-06-10 01:00:00+00:00
[2026-06-10T22:32:05.421+0000] {logging_mixin.py:188} INFO - [2026-06-10T22:32:05.420+0000] {dag.py:3954} INFO - Setting next_dagrun for consume_1_and_2_with_dataset_expressions to None, run_after=None
[2026-06-10T22:32:05.422+0000] {logging_mixin.py:188} INFO - [2026-06-10T22:32:05.422+0000] {dag.py:3954} INFO - Setting next_dagrun for consume_1_or_2_with_dataset_expressions to None, run_after=None
[2026-06-10T22:32:05.424+0000] {logging_mixin.py:188} INFO - [2026-06-10T22:32:05.423+0000] {dag.py:3954} INFO - Setting next_dagrun for consume_1_or_both_2_and_3_with_dataset_expressions to None, run_after=None
[2026-06-10T22:32:05.425+0000] {logging_mixin.py:188} INFO - [2026-06-10T22:32:05.425+0000] {dag.py:3954} INFO - Setting next_dagrun for dataset_consumes_1 to None, run_after=None
[2026-06-10T22:32:05.427+0000] {logging_mixin.py:188} INFO - [2026-06-10T22:32:05.426+0000] {dag.py:3954} INFO - Setting next_dagrun for dataset_consumes_1_and_2 to None, run_after=None
[2026-06-10T22:32:05.428+0000] {logging_mixin.py:188} INFO - [2026-06-10T22:32:05.428+0000] {dag.py:3954} INFO - Setting next_dagrun for dataset_consumes_1_never_scheduled to None, run_after=None
[2026-06-10T22:32:05.429+0000] {logging_mixin.py:188} INFO - [2026-06-10T22:32:05.429+0000] {dag.py:3954} INFO - Setting next_dagrun for dataset_consumes_unknown_never_scheduled to None, run_after=None
[2026-06-10T22:32:05.432+0000] {logging_mixin.py:188} INFO - [2026-06-10T22:32:05.432+0000] {dag.py:3954} INFO - Setting next_dagrun for dataset_produces_1 to 2026-06-09 00:00:00+00:00, run_after=2026-06-10 00:00:00+00:00
[2026-06-10T22:32:05.434+0000] {logging_mixin.py:188} INFO - [2026-06-10T22:32:05.433+0000] {dag.py:3954} INFO - Setting next_dagrun for dataset_produces_2 to None, run_after=None
[2026-06-10T22:32:05.464+0000] {processor.py:183} INFO - Processing /home/airflow/.local/lib/python3.12/site-packages/airflow/example_dags/example_datasets.py took 0.174 seconds
[2026-06-10T22:32:35.542+0000] {processor.py:161} INFO - Started process (PID=2084) to work on /home/airflow/.local/lib/python3.12/site-packages/airflow/example_dags/example_datasets.py
[2026-06-10T22:32:35.543+0000] {processor.py:830} INFO - Processing file /home/airflow/.local/lib/python3.12/site-packages/airflow/example_dags/example_datasets.py for tasks to queue
[2026-06-10T22:32:35.550+0000] {logging_mixin.py:188} INFO - [2026-06-10T22:32:35.550+0000] {dagbag.py:545} INFO - Filling up the DagBag from /home/airflow/.local/lib/python3.12/site-packages/airflow/example_dags/example_datasets.py
[2026-06-10T22:32:35.569+0000] {processor.py:840} INFO - DAG(s) 'dataset_produces_1', 'dataset_consumes_unknown_never_scheduled', 'dataset_consumes_1_and_2', 'dataset_produces_2', 'consume_1_or_2_with_dataset_expressions', 'dataset_consumes_1_never_scheduled', 'consume_1_or_both_2_and_3_with_dataset_expressions', 'consume_1_and_2_with_dataset_expressions', 'dataset_consumes_1', 'conditional_dataset_and_time_based_timetable' retrieved from /home/airflow/.local/lib/python3.12/site-packages/airflow/example_dags/example_datasets.py
[2026-06-10T22:32:35.660+0000] {logging_mixin.py:188} INFO - [2026-06-10T22:32:35.660+0000] {dag.py:3096} INFO - Sync 10 DAGs
[2026-06-10T22:32:35.709+0000] {logging_mixin.py:188} INFO - [2026-06-10T22:32:35.709+0000] {dag.py:3954} INFO - Setting next_dagrun for conditional_dataset_and_time_based_timetable to 2026-06-10 01:00:00+00:00, run_after=2026-06-10 01:00:00+00:00
[2026-06-10T22:32:35.714+0000] {logging_mixin.py:188} INFO - [2026-06-10T22:32:35.714+0000] {dag.py:3954} INFO - Setting next_dagrun for consume_1_and_2_with_dataset_expressions to None, run_after=None
[2026-06-10T22:32:35.715+0000] {logging_mixin.py:188} INFO - [2026-06-10T22:32:35.715+0000] {dag.py:3954} INFO - Setting next_dagrun for consume_1_or_2_with_dataset_expressions to None, run_after=None
[2026-06-10T22:32:35.717+0000] {logging_mixin.py:188} INFO - [2026-06-10T22:32:35.717+0000] {dag.py:3954} INFO - Setting next_dagrun for consume_1_or_both_2_and_3_with_dataset_expressions to None, run_after=None
[2026-06-10T22:32:35.719+0000] {logging_mixin.py:188} INFO - [2026-06-10T22:32:35.718+0000] {dag.py:3954} INFO - Setting next_dagrun for dataset_consumes_1 to None, run_after=None
[2026-06-10T22:32:35.720+0000] {logging_mixin.py:188} INFO - [2026-06-10T22:32:35.720+0000] {dag.py:3954} INFO - Setting next_dagrun for dataset_consumes_1_and_2 to None, run_after=None
[2026-06-10T22:32:35.721+0000] {logging_mixin.py:188} INFO - [2026-06-10T22:32:35.721+0000] {dag.py:3954} INFO - Setting next_dagrun for dataset_consumes_1_never_scheduled to None, run_after=None
[2026-06-10T22:32:35.723+0000] {logging_mixin.py:188} INFO - [2026-06-10T22:32:35.723+0000] {dag.py:3954} INFO - Setting next_dagrun for dataset_consumes_unknown_never_scheduled to None, run_after=None
[2026-06-10T22:32:35.726+0000] {logging_mixin.py:188} INFO - [2026-06-10T22:32:35.726+0000] {dag.py:3954} INFO - Setting next_dagrun for dataset_produces_1 to 2026-06-09 00:00:00+00:00, run_after=2026-06-10 00:00:00+00:00
[2026-06-10T22:32:35.730+0000] {logging_mixin.py:188} INFO - [2026-06-10T22:32:35.727+0000] {dag.py:3954} INFO - Setting next_dagrun for dataset_produces_2 to None, run_after=None
[2026-06-10T22:32:35.781+0000] {processor.py:183} INFO - Processing /home/airflow/.local/lib/python3.12/site-packages/airflow/example_dags/example_datasets.py took 0.246 seconds
[2026-06-10T22:33:05.869+0000] {processor.py:161} INFO - Started process (PID=2143) to work on /home/airflow/.local/lib/python3.12/site-packages/airflow/example_dags/example_datasets.py
[2026-06-10T22:33:05.876+0000] {processor.py:830} INFO - Processing file /home/airflow/.local/lib/python3.12/site-packages/airflow/example_dags/example_datasets.py for tasks to queue
[2026-06-10T22:33:05.878+0000] {logging_mixin.py:188} INFO - [2026-06-10T22:33:05.878+0000] {dagbag.py:545} INFO - Filling up the DagBag from /home/airflow/.local/lib/python3.12/site-packages/airflow/example_dags/example_datasets.py
[2026-06-10T22:33:05.892+0000] {processor.py:840} INFO - DAG(s) 'dataset_produces_1', 'dataset_consumes_unknown_never_scheduled', 'dataset_consumes_1', 'dataset_consumes_1_and_2', 'consume_1_and_2_with_dataset_expressions', 'conditional_dataset_and_time_based_timetable', 'consume_1_or_2_with_dataset_expressions', 'dataset_produces_2', 'consume_1_or_both_2_and_3_with_dataset_expressions', 'dataset_consumes_1_never_scheduled' retrieved from /home/airflow/.local/lib/python3.12/site-packages/airflow/example_dags/example_datasets.py
[2026-06-10T22:33:05.941+0000] {logging_mixin.py:188} INFO - [2026-06-10T22:33:05.941+0000] {dag.py:3096} INFO - Sync 10 DAGs
[2026-06-10T22:33:05.975+0000] {logging_mixin.py:188} INFO - [2026-06-10T22:33:05.975+0000] {dag.py:3954} INFO - Setting next_dagrun for conditional_dataset_and_time_based_timetable to 2026-06-10 01:00:00+00:00, run_after=2026-06-10 01:00:00+00:00
[2026-06-10T22:33:05.980+0000] {logging_mixin.py:188} INFO - [2026-06-10T22:33:05.979+0000] {dag.py:3954} INFO - Setting next_dagrun for consume_1_and_2_with_dataset_expressions to None, run_after=None
[2026-06-10T22:33:05.981+0000] {logging_mixin.py:188} INFO - [2026-06-10T22:33:05.981+0000] {dag.py:3954} INFO - Setting next_dagrun for consume_1_or_2_with_dataset_expressions to None, run_after=None
[2026-06-10T22:33:05.984+0000] {logging_mixin.py:188} INFO - [2026-06-10T22:33:05.984+0000] {dag.py:3954} INFO - Setting next_dagrun for consume_1_or_both_2_and_3_with_dataset_expressions to None, run_after=None
[2026-06-10T22:33:05.986+0000] {logging_mixin.py:188} INFO - [2026-06-10T22:33:05.986+0000] {dag.py:3954} INFO - Setting next_dagrun for dataset_consumes_1 to None, run_after=None
[2026-06-10T22:33:05.987+0000] {logging_mixin.py:188} INFO - [2026-06-10T22:33:05.987+0000] {dag.py:3954} INFO - Setting next_dagrun for dataset_consumes_1_and_2 to None, run_after=None
[2026-06-10T22:33:05.989+0000] {logging_mixin.py:188} INFO - [2026-06-10T22:33:05.988+0000] {dag.py:3954} INFO - Setting next_dagrun for dataset_consumes_1_never_scheduled to None, run_after=None
[2026-06-10T22:33:05.990+0000] {logging_mixin.py:188} INFO - [2026-06-10T22:33:05.990+0000] {dag.py:3954} INFO - Setting next_dagrun for dataset_consumes_unknown_never_scheduled to None, run_after=None
[2026-06-10T22:33:05.993+0000] {logging_mixin.py:188} INFO - [2026-06-10T22:33:05.993+0000] {dag.py:3954} INFO - Setting next_dagrun for dataset_produces_1 to 2026-06-09 00:00:00+00:00, run_after=2026-06-10 00:00:00+00:00
[2026-06-10T22:33:05.995+0000] {logging_mixin.py:188} INFO - [2026-06-10T22:33:05.995+0000] {dag.py:3954} INFO - Setting next_dagrun for dataset_produces_2 to None, run_after=None
[2026-06-10T22:33:06.044+0000] {processor.py:183} INFO - Processing /home/airflow/.local/lib/python3.12/site-packages/airflow/example_dags/example_datasets.py took 0.180 seconds
[2026-06-10T22:33:36.933+0000] {processor.py:161} INFO - Started process (PID=2205) to work on /home/airflow/.local/lib/python3.12/site-packages/airflow/example_dags/example_datasets.py
[2026-06-10T22:33:36.934+0000] {processor.py:830} INFO - Processing file /home/airflow/.local/lib/python3.12/site-packages/airflow/example_dags/example_datasets.py for tasks to queue
[2026-06-10T22:33:36.936+0000] {logging_mixin.py:188} INFO - [2026-06-10T22:33:36.935+0000] {dagbag.py:545} INFO - Filling up the DagBag from /home/airflow/.local/lib/python3.12/site-packages/airflow/example_dags/example_datasets.py
[2026-06-10T22:33:36.956+0000] {processor.py:840} INFO - DAG(s) 'dataset_consumes_unknown_never_scheduled', 'dataset_produces_2', 'conditional_dataset_and_time_based_timetable', 'dataset_produces_1', 'dataset_consumes_1_never_scheduled', 'consume_1_or_both_2_and_3_with_dataset_expressions', 'dataset_consumes_1_and_2', 'consume_1_or_2_with_dataset_expressions', 'consume_1_and_2_with_dataset_expressions', 'dataset_consumes_1' retrieved from /home/airflow/.local/lib/python3.12/site-packages/airflow/example_dags/example_datasets.py
[2026-06-10T22:33:37.019+0000] {logging_mixin.py:188} INFO - [2026-06-10T22:33:37.019+0000] {dag.py:3096} INFO - Sync 10 DAGs
[2026-06-10T22:33:37.052+0000] {logging_mixin.py:188} INFO - [2026-06-10T22:33:37.052+0000] {dag.py:3954} INFO - Setting next_dagrun for conditional_dataset_and_time_based_timetable to 2026-06-10 01:00:00+00:00, run_after=2026-06-10 01:00:00+00:00
[2026-06-10T22:33:37.057+0000] {logging_mixin.py:188} INFO - [2026-06-10T22:33:37.057+0000] {dag.py:3954} INFO - Setting next_dagrun for consume_1_and_2_with_dataset_expressions to None, run_after=None
[2026-06-10T22:33:37.059+0000] {logging_mixin.py:188} INFO - [2026-06-10T22:33:37.059+0000] {dag.py:3954} INFO - Setting next_dagrun for consume_1_or_2_with_dataset_expressions to None, run_after=None
[2026-06-10T22:33:37.063+0000] {logging_mixin.py:188} INFO - [2026-06-10T22:33:37.061+0000] {dag.py:3954} INFO - Setting next_dagrun for consume_1_or_both_2_and_3_with_dataset_expressions to None, run_after=None
[2026-06-10T22:33:37.064+0000] {logging_mixin.py:188} INFO - [2026-06-10T22:33:37.064+0000] {dag.py:3954} INFO - Setting next_dagrun for dataset_consumes_1 to None, run_after=None
[2026-06-10T22:33:37.070+0000] {logging_mixin.py:188} INFO - [2026-06-10T22:33:37.070+0000] {dag.py:3954} INFO - Setting next_dagrun for dataset_consumes_1_and_2 to None, run_after=None
[2026-06-10T22:33:37.073+0000] {logging_mixin.py:188} INFO - [2026-06-10T22:33:37.073+0000] {dag.py:3954} INFO - Setting next_dagrun for dataset_consumes_1_never_scheduled to None, run_after=None
[2026-06-10T22:33:37.078+0000] {logging_mixin.py:188} INFO - [2026-06-10T22:33:37.077+0000] {dag.py:3954} INFO - Setting next_dagrun for dataset_consumes_unknown_never_scheduled to None, run_after=None
[2026-06-10T22:33:37.087+0000] {logging_mixin.py:188} INFO - [2026-06-10T22:33:37.087+0000] {dag.py:3954} INFO - Setting next_dagrun for dataset_produces_1 to 2026-06-09 00:00:00+00:00, run_after=2026-06-10 00:00:00+00:00
[2026-06-10T22:33:37.092+0000] {logging_mixin.py:188} INFO - [2026-06-10T22:33:37.092+0000] {dag.py:3954} INFO - Setting next_dagrun for dataset_produces_2 to None, run_after=None
[2026-06-10T22:33:37.178+0000] {processor.py:183} INFO - Processing /home/airflow/.local/lib/python3.12/site-packages/airflow/example_dags/example_datasets.py took 0.252 seconds
[2026-06-10T22:34:07.543+0000] {processor.py:161} INFO - Started process (PID=2265) to work on /home/airflow/.local/lib/python3.12/site-packages/airflow/example_dags/example_datasets.py
[2026-06-10T22:34:07.544+0000] {processor.py:830} INFO - Processing file /home/airflow/.local/lib/python3.12/site-packages/airflow/example_dags/example_datasets.py for tasks to queue
[2026-06-10T22:34:07.546+0000] {logging_mixin.py:188} INFO - [2026-06-10T22:34:07.546+0000] {dagbag.py:545} INFO - Filling up the DagBag from /home/airflow/.local/lib/python3.12/site-packages/airflow/example_dags/example_datasets.py
[2026-06-10T22:34:07.564+0000] {processor.py:840} INFO - DAG(s) 'dataset_consumes_1', 'dataset_consumes_1_and_2', 'conditional_dataset_and_time_based_timetable', 'dataset_produces_1', 'consume_1_or_both_2_and_3_with_dataset_expressions', 'consume_1_and_2_with_dataset_expressions', 'dataset_consumes_unknown_never_scheduled', 'consume_1_or_2_with_dataset_expressions', 'dataset_produces_2', 'dataset_consumes_1_never_scheduled' retrieved from /home/airflow/.local/lib/python3.12/site-packages/airflow/example_dags/example_datasets.py
[2026-06-10T22:34:07.637+0000] {logging_mixin.py:188} INFO - [2026-06-10T22:34:07.636+0000] {dag.py:3096} INFO - Sync 10 DAGs
[2026-06-10T22:34:07.669+0000] {logging_mixin.py:188} INFO - [2026-06-10T22:34:07.669+0000] {dag.py:3954} INFO - Setting next_dagrun for conditional_dataset_and_time_based_timetable to 2026-06-10 01:00:00+00:00, run_after=2026-06-10 01:00:00+00:00
[2026-06-10T22:34:07.674+0000] {logging_mixin.py:188} INFO - [2026-06-10T22:34:07.673+0000] {dag.py:3954} INFO - Setting next_dagrun for consume_1_and_2_with_dataset_expressions to None, run_after=None
[2026-06-10T22:34:07.675+0000] {logging_mixin.py:188} INFO - [2026-06-10T22:34:07.675+0000] {dag.py:3954} INFO - Setting next_dagrun for consume_1_or_2_with_dataset_expressions to None, run_after=None
[2026-06-10T22:34:07.676+0000] {logging_mixin.py:188} INFO - [2026-06-10T22:34:07.676+0000] {dag.py:3954} INFO - Setting next_dagrun for consume_1_or_both_2_and_3_with_dataset_expressions to None, run_after=None
[2026-06-10T22:34:07.678+0000] {logging_mixin.py:188} INFO - [2026-06-10T22:34:07.678+0000] {dag.py:3954} INFO - Setting next_dagrun for dataset_consumes_1 to None, run_after=None
[2026-06-10T22:34:07.679+0000] {logging_mixin.py:188} INFO - [2026-06-10T22:34:07.679+0000] {dag.py:3954} INFO - Setting next_dagrun for dataset_consumes_1_and_2 to None, run_after=None
[2026-06-10T22:34:07.681+0000] {logging_mixin.py:188} INFO - [2026-06-10T22:34:07.680+0000] {dag.py:3954} INFO - Setting next_dagrun for dataset_consumes_1_never_scheduled to None, run_after=None
[2026-06-10T22:34:07.682+0000] {logging_mixin.py:188} INFO - [2026-06-10T22:34:07.682+0000] {dag.py:3954} INFO - Setting next_dagrun for dataset_consumes_unknown_never_scheduled to None, run_after=None
[2026-06-10T22:34:07.685+0000] {logging_mixin.py:188} INFO - [2026-06-10T22:34:07.684+0000] {dag.py:3954} INFO - Setting next_dagrun for dataset_produces_1 to 2026-06-09 00:00:00+00:00, run_after=2026-06-10 00:00:00+00:00
[2026-06-10T22:34:07.686+0000] {logging_mixin.py:188} INFO - [2026-06-10T22:34:07.686+0000] {dag.py:3954} INFO - Setting next_dagrun for dataset_produces_2 to None, run_after=None
[2026-06-10T22:34:07.728+0000] {processor.py:183} INFO - Processing /home/airflow/.local/lib/python3.12/site-packages/airflow/example_dags/example_datasets.py took 0.192 seconds
[2026-06-10T22:34:38.150+0000] {processor.py:161} INFO - Started process (PID=2326) to work on /home/airflow/.local/lib/python3.12/site-packages/airflow/example_dags/example_datasets.py
[2026-06-10T22:34:38.153+0000] {processor.py:830} INFO - Processing file /home/airflow/.local/lib/python3.12/site-packages/airflow/example_dags/example_datasets.py for tasks to queue
[2026-06-10T22:34:38.156+0000] {logging_mixin.py:188} INFO - [2026-06-10T22:34:38.155+0000] {dagbag.py:545} INFO - Filling up the DagBag from /home/airflow/.local/lib/python3.12/site-packages/airflow/example_dags/example_datasets.py
[2026-06-10T22:34:38.211+0000] {processor.py:840} INFO - DAG(s) 'dataset_consumes_1', 'dataset_consumes_unknown_never_scheduled', 'dataset_produces_1', 'consume_1_or_both_2_and_3_with_dataset_expressions', 'dataset_consumes_1_and_2', 'consume_1_and_2_with_dataset_expressions', 'consume_1_or_2_with_dataset_expressions', 'conditional_dataset_and_time_based_timetable', 'dataset_consumes_1_never_scheduled', 'dataset_produces_2' retrieved from /home/airflow/.local/lib/python3.12/site-packages/airflow/example_dags/example_datasets.py
[2026-06-10T22:34:38.393+0000] {logging_mixin.py:188} INFO - [2026-06-10T22:34:38.393+0000] {dag.py:3096} INFO - Sync 10 DAGs
[2026-06-10T22:34:38.458+0000] {logging_mixin.py:188} INFO - [2026-06-10T22:34:38.458+0000] {dag.py:3954} INFO - Setting next_dagrun for conditional_dataset_and_time_based_timetable to 2026-06-10 01:00:00+00:00, run_after=2026-06-10 01:00:00+00:00
[2026-06-10T22:34:38.466+0000] {logging_mixin.py:188} INFO - [2026-06-10T22:34:38.466+0000] {dag.py:3954} INFO - Setting next_dagrun for consume_1_and_2_with_dataset_expressions to None, run_after=None
[2026-06-10T22:34:38.469+0000] {logging_mixin.py:188} INFO - [2026-06-10T22:34:38.469+0000] {dag.py:3954} INFO - Setting next_dagrun for consume_1_or_2_with_dataset_expressions to None, run_after=None
[2026-06-10T22:34:38.477+0000] {logging_mixin.py:188} INFO - [2026-06-10T22:34:38.477+0000] {dag.py:3954} INFO - Setting next_dagrun for consume_1_or_both_2_and_3_with_dataset_expressions to None, run_after=None
[2026-06-10T22:34:38.479+0000] {logging_mixin.py:188} INFO - [2026-06-10T22:34:38.479+0000] {dag.py:3954} INFO - Setting next_dagrun for dataset_consumes_1 to None, run_after=None
[2026-06-10T22:34:38.484+0000] {logging_mixin.py:188} INFO - [2026-06-10T22:34:38.484+0000] {dag.py:3954} INFO - Setting next_dagrun for dataset_consumes_1_and_2 to None, run_after=None
[2026-06-10T22:34:38.489+0000] {logging_mixin.py:188} INFO - [2026-06-10T22:34:38.489+0000] {dag.py:3954} INFO - Setting next_dagrun for dataset_consumes_1_never_scheduled to None, run_after=None
[2026-06-10T22:34:38.508+0000] {logging_mixin.py:188} INFO - [2026-06-10T22:34:38.508+0000] {dag.py:3954} INFO - Setting next_dagrun for dataset_consumes_unknown_never_scheduled to None, run_after=None
[2026-06-10T22:34:38.517+0000] {logging_mixin.py:188} INFO - [2026-06-10T22:34:38.517+0000] {dag.py:3954} INFO - Setting next_dagrun for dataset_produces_1 to 2026-06-09 00:00:00+00:00, run_after=2026-06-10 00:00:00+00:00
[2026-06-10T22:34:38.521+0000] {logging_mixin.py:188} INFO - [2026-06-10T22:34:38.521+0000] {dag.py:3954} INFO - Setting next_dagrun for dataset_produces_2 to None, run_after=None
[2026-06-10T22:34:38.651+0000] {processor.py:183} INFO - Processing /home/airflow/.local/lib/python3.12/site-packages/airflow/example_dags/example_datasets.py took 0.517 seconds
[2026-06-10T22:35:08.820+0000] {processor.py:161} INFO - Started process (PID=2387) to work on /home/airflow/.local/lib/python3.12/site-packages/airflow/example_dags/example_datasets.py
[2026-06-10T22:35:08.823+0000] {processor.py:830} INFO - Processing file /home/airflow/.local/lib/python3.12/site-packages/airflow/example_dags/example_datasets.py for tasks to queue
[2026-06-10T22:35:08.825+0000] {logging_mixin.py:188} INFO - [2026-06-10T22:35:08.824+0000] {dagbag.py:545} INFO - Filling up the DagBag from /home/airflow/.local/lib/python3.12/site-packages/airflow/example_dags/example_datasets.py
[2026-06-10T22:35:08.842+0000] {processor.py:840} INFO - DAG(s) 'dataset_produces_1', 'consume_1_or_both_2_and_3_with_dataset_expressions', 'consume_1_and_2_with_dataset_expressions', 'conditional_dataset_and_time_based_timetable', 'dataset_consumes_1_never_scheduled', 'dataset_consumes_1_and_2', 'dataset_consumes_1', 'dataset_produces_2', 'dataset_consumes_unknown_never_scheduled', 'consume_1_or_2_with_dataset_expressions' retrieved from /home/airflow/.local/lib/python3.12/site-packages/airflow/example_dags/example_datasets.py
[2026-06-10T22:35:08.907+0000] {logging_mixin.py:188} INFO - [2026-06-10T22:35:08.907+0000] {dag.py:3096} INFO - Sync 10 DAGs
[2026-06-10T22:35:08.939+0000] {logging_mixin.py:188} INFO - [2026-06-10T22:35:08.938+0000] {dag.py:3954} INFO - Setting next_dagrun for conditional_dataset_and_time_based_timetable to 2026-06-10 01:00:00+00:00, run_after=2026-06-10 01:00:00+00:00
[2026-06-10T22:35:08.943+0000] {logging_mixin.py:188} INFO - [2026-06-10T22:35:08.943+0000] {dag.py:3954} INFO - Setting next_dagrun for consume_1_and_2_with_dataset_expressions to None, run_after=None
[2026-06-10T22:35:08.945+0000] {logging_mixin.py:188} INFO - [2026-06-10T22:35:08.944+0000] {dag.py:3954} INFO - Setting next_dagrun for consume_1_or_2_with_dataset_expressions to None, run_after=None
[2026-06-10T22:35:08.946+0000] {logging_mixin.py:188} INFO - [2026-06-10T22:35:08.946+0000] {dag.py:3954} INFO - Setting next_dagrun for consume_1_or_both_2_and_3_with_dataset_expressions to None, run_after=None
[2026-06-10T22:35:08.947+0000] {logging_mixin.py:188} INFO - [2026-06-10T22:35:08.947+0000] {dag.py:3954} INFO - Setting next_dagrun for dataset_consumes_1 to None, run_after=None
[2026-06-10T22:35:08.949+0000] {logging_mixin.py:188} INFO - [2026-06-10T22:35:08.949+0000] {dag.py:3954} INFO - Setting next_dagrun for dataset_consumes_1_and_2 to None, run_after=None
[2026-06-10T22:35:08.950+0000] {logging_mixin.py:188} INFO - [2026-06-10T22:35:08.950+0000] {dag.py:3954} INFO - Setting next_dagrun for dataset_consumes_1_never_scheduled to None, run_after=None
[2026-06-10T22:35:08.951+0000] {logging_mixin.py:188} INFO - [2026-06-10T22:35:08.951+0000] {dag.py:3954} INFO - Setting next_dagrun for dataset_consumes_unknown_never_scheduled to None, run_after=None
[2026-06-10T22:35:08.955+0000] {logging_mixin.py:188} INFO - [2026-06-10T22:35:08.954+0000] {dag.py:3954} INFO - Setting next_dagrun for dataset_produces_1 to 2026-06-09 00:00:00+00:00, run_after=2026-06-10 00:00:00+00:00
[2026-06-10T22:35:08.956+0000] {logging_mixin.py:188} INFO - [2026-06-10T22:35:08.955+0000] {dag.py:3954} INFO - Setting next_dagrun for dataset_produces_2 to None, run_after=None
[2026-06-10T22:35:08.989+0000] {processor.py:183} INFO - Processing /home/airflow/.local/lib/python3.12/site-packages/airflow/example_dags/example_datasets.py took 0.176 seconds
[2026-06-10T22:35:39.298+0000] {processor.py:161} INFO - Started process (PID=2447) to work on /home/airflow/.local/lib/python3.12/site-packages/airflow/example_dags/example_datasets.py
[2026-06-10T22:35:39.300+0000] {processor.py:830} INFO - Processing file /home/airflow/.local/lib/python3.12/site-packages/airflow/example_dags/example_datasets.py for tasks to queue
[2026-06-10T22:35:39.313+0000] {logging_mixin.py:188} INFO - [2026-06-10T22:35:39.310+0000] {dagbag.py:545} INFO - Filling up the DagBag from /home/airflow/.local/lib/python3.12/site-packages/airflow/example_dags/example_datasets.py
[2026-06-10T22:35:39.410+0000] {processor.py:840} INFO - DAG(s) 'dataset_consumes_1_never_scheduled', 'dataset_consumes_unknown_never_scheduled', 'dataset_consumes_1_and_2', 'consume_1_or_both_2_and_3_with_dataset_expressions', 'consume_1_or_2_with_dataset_expressions', 'dataset_produces_1', 'dataset_produces_2', 'conditional_dataset_and_time_based_timetable', 'consume_1_and_2_with_dataset_expressions', 'dataset_consumes_1' retrieved from /home/airflow/.local/lib/python3.12/site-packages/airflow/example_dags/example_datasets.py
[2026-06-10T22:35:39.711+0000] {logging_mixin.py:188} INFO - [2026-06-10T22:35:39.711+0000] {dag.py:3096} INFO - Sync 10 DAGs
[2026-06-10T22:35:39.796+0000] {logging_mixin.py:188} INFO - [2026-06-10T22:35:39.796+0000] {dag.py:3954} INFO - Setting next_dagrun for conditional_dataset_and_time_based_timetable to 2026-06-10 01:00:00+00:00, run_after=2026-06-10 01:00:00+00:00
[2026-06-10T22:35:39.800+0000] {logging_mixin.py:188} INFO - [2026-06-10T22:35:39.800+0000] {dag.py:3954} INFO - Setting next_dagrun for consume_1_and_2_with_dataset_expressions to None, run_after=None
[2026-06-10T22:35:39.802+0000] {logging_mixin.py:188} INFO - [2026-06-10T22:35:39.802+0000] {dag.py:3954} INFO - Setting next_dagrun for consume_1_or_2_with_dataset_expressions to None, run_after=None
[2026-06-10T22:35:39.803+0000] {logging_mixin.py:188} INFO - [2026-06-10T22:35:39.803+0000] {dag.py:3954} INFO - Setting next_dagrun for consume_1_or_both_2_and_3_with_dataset_expressions to None, run_after=None
[2026-06-10T22:35:39.804+0000] {logging_mixin.py:188} INFO - [2026-06-10T22:35:39.804+0000] {dag.py:3954} INFO - Setting next_dagrun for dataset_consumes_1 to None, run_after=None
[2026-06-10T22:35:39.805+0000] {logging_mixin.py:188} INFO - [2026-06-10T22:35:39.805+0000] {dag.py:3954} INFO - Setting next_dagrun for dataset_consumes_1_and_2 to None, run_after=None
[2026-06-10T22:35:39.806+0000] {logging_mixin.py:188} INFO - [2026-06-10T22:35:39.806+0000] {dag.py:3954} INFO - Setting next_dagrun for dataset_consumes_1_never_scheduled to None, run_after=None
[2026-06-10T22:35:39.807+0000] {logging_mixin.py:188} INFO - [2026-06-10T22:35:39.807+0000] {dag.py:3954} INFO - Setting next_dagrun for dataset_consumes_unknown_never_scheduled to None, run_after=None
[2026-06-10T22:35:39.811+0000] {logging_mixin.py:188} INFO - [2026-06-10T22:35:39.811+0000] {dag.py:3954} INFO - Setting next_dagrun for dataset_produces_1 to 2026-06-09 00:00:00+00:00, run_after=2026-06-10 00:00:00+00:00
[2026-06-10T22:35:39.812+0000] {logging_mixin.py:188} INFO - [2026-06-10T22:35:39.812+0000] {dag.py:3954} INFO - Setting next_dagrun for dataset_produces_2 to None, run_after=None
[2026-06-10T22:35:39.946+0000] {processor.py:183} INFO - Processing /home/airflow/.local/lib/python3.12/site-packages/airflow/example_dags/example_datasets.py took 0.680 seconds
[2026-06-10T22:36:10.559+0000] {processor.py:161} INFO - Started process (PID=2508) to work on /home/airflow/.local/lib/python3.12/site-packages/airflow/example_dags/example_datasets.py
[2026-06-10T22:36:10.560+0000] {processor.py:830} INFO - Processing file /home/airflow/.local/lib/python3.12/site-packages/airflow/example_dags/example_datasets.py for tasks to queue
[2026-06-10T22:36:10.567+0000] {logging_mixin.py:188} INFO - [2026-06-10T22:36:10.567+0000] {dagbag.py:545} INFO - Filling up the DagBag from /home/airflow/.local/lib/python3.12/site-packages/airflow/example_dags/example_datasets.py
[2026-06-10T22:36:10.610+0000] {processor.py:840} INFO - DAG(s) 'dataset_consumes_1_and_2', 'dataset_consumes_1', 'dataset_consumes_1_never_scheduled', 'conditional_dataset_and_time_based_timetable', 'dataset_produces_2', 'consume_1_or_2_with_dataset_expressions', 'dataset_produces_1', 'consume_1_or_both_2_and_3_with_dataset_expressions', 'dataset_consumes_unknown_never_scheduled', 'consume_1_and_2_with_dataset_expressions' retrieved from /home/airflow/.local/lib/python3.12/site-packages/airflow/example_dags/example_datasets.py
[2026-06-10T22:36:10.705+0000] {logging_mixin.py:188} INFO - [2026-06-10T22:36:10.705+0000] {dag.py:3096} INFO - Sync 10 DAGs
[2026-06-10T22:36:10.736+0000] {logging_mixin.py:188} INFO - [2026-06-10T22:36:10.736+0000] {dag.py:3954} INFO - Setting next_dagrun for conditional_dataset_and_time_based_timetable to 2026-06-10 01:00:00+00:00, run_after=2026-06-10 01:00:00+00:00
[2026-06-10T22:36:10.741+0000] {logging_mixin.py:188} INFO - [2026-06-10T22:36:10.741+0000] {dag.py:3954} INFO - Setting next_dagrun for consume_1_and_2_with_dataset_expressions to None, run_after=None
[2026-06-10T22:36:10.743+0000] {logging_mixin.py:188} INFO - [2026-06-10T22:36:10.742+0000] {dag.py:3954} INFO - Setting next_dagrun for consume_1_or_2_with_dataset_expressions to None, run_after=None
[2026-06-10T22:36:10.744+0000] {logging_mixin.py:188} INFO - [2026-06-10T22:36:10.744+0000] {dag.py:3954} INFO - Setting next_dagrun for consume_1_or_both_2_and_3_with_dataset_expressions to None, run_after=None
[2026-06-10T22:36:10.745+0000] {logging_mixin.py:188} INFO - [2026-06-10T22:36:10.745+0000] {dag.py:3954} INFO - Setting next_dagrun for dataset_consumes_1 to None, run_after=None
[2026-06-10T22:36:10.747+0000] {logging_mixin.py:188} INFO - [2026-06-10T22:36:10.747+0000] {dag.py:3954} INFO - Setting next_dagrun for dataset_consumes_1_and_2 to None, run_after=None
[2026-06-10T22:36:10.748+0000] {logging_mixin.py:188} INFO - [2026-06-10T22:36:10.748+0000] {dag.py:3954} INFO - Setting next_dagrun for dataset_consumes_1_never_scheduled to None, run_after=None
[2026-06-10T22:36:10.750+0000] {logging_mixin.py:188} INFO - [2026-06-10T22:36:10.749+0000] {dag.py:3954} INFO - Setting next_dagrun for dataset_consumes_unknown_never_scheduled to None, run_after=None
[2026-06-10T22:36:10.753+0000] {logging_mixin.py:188} INFO - [2026-06-10T22:36:10.752+0000] {dag.py:3954} INFO - Setting next_dagrun for dataset_produces_1 to 2026-06-09 00:00:00+00:00, run_after=2026-06-10 00:00:00+00:00
[2026-06-10T22:36:10.754+0000] {logging_mixin.py:188} INFO - [2026-06-10T22:36:10.754+0000] {dag.py:3954} INFO - Setting next_dagrun for dataset_produces_2 to None, run_after=None
[2026-06-10T22:36:10.866+0000] {processor.py:183} INFO - Processing /home/airflow/.local/lib/python3.12/site-packages/airflow/example_dags/example_datasets.py took 0.325 seconds
[2026-06-10T22:36:41.826+0000] {processor.py:161} INFO - Started process (PID=2574) to work on /home/airflow/.local/lib/python3.12/site-packages/airflow/example_dags/example_datasets.py
[2026-06-10T22:36:41.829+0000] {processor.py:830} INFO - Processing file /home/airflow/.local/lib/python3.12/site-packages/airflow/example_dags/example_datasets.py for tasks to queue
[2026-06-10T22:36:41.833+0000] {logging_mixin.py:188} INFO - [2026-06-10T22:36:41.833+0000] {dagbag.py:545} INFO - Filling up the DagBag from /home/airflow/.local/lib/python3.12/site-packages/airflow/example_dags/example_datasets.py
[2026-06-10T22:36:41.901+0000] {processor.py:840} INFO - DAG(s) 'dataset_produces_2', 'dataset_produces_1', 'conditional_dataset_and_time_based_timetable', 'dataset_consumes_1_and_2', 'consume_1_or_2_with_dataset_expressions', 'consume_1_or_both_2_and_3_with_dataset_expressions', 'consume_1_and_2_with_dataset_expressions', 'dataset_consumes_unknown_never_scheduled', 'dataset_consumes_1_never_scheduled', 'dataset_consumes_1' retrieved from /home/airflow/.local/lib/python3.12/site-packages/airflow/example_dags/example_datasets.py
[2026-06-10T22:36:42.037+0000] {logging_mixin.py:188} INFO - [2026-06-10T22:36:42.037+0000] {dag.py:3096} INFO - Sync 10 DAGs
[2026-06-10T22:36:42.095+0000] {logging_mixin.py:188} INFO - [2026-06-10T22:36:42.095+0000] {dag.py:3954} INFO - Setting next_dagrun for conditional_dataset_and_time_based_timetable to 2026-06-10 01:00:00+00:00, run_after=2026-06-10 01:00:00+00:00
[2026-06-10T22:36:42.100+0000] {logging_mixin.py:188} INFO - [2026-06-10T22:36:42.100+0000] {dag.py:3954} INFO - Setting next_dagrun for consume_1_and_2_with_dataset_expressions to None, run_after=None
[2026-06-10T22:36:42.101+0000] {logging_mixin.py:188} INFO - [2026-06-10T22:36:42.101+0000] {dag.py:3954} INFO - Setting next_dagrun for consume_1_or_2_with_dataset_expressions to None, run_after=None
[2026-06-10T22:36:42.104+0000] {logging_mixin.py:188} INFO - [2026-06-10T22:36:42.103+0000] {dag.py:3954} INFO - Setting next_dagrun for consume_1_or_both_2_and_3_with_dataset_expressions to None, run_after=None
[2026-06-10T22:36:42.105+0000] {logging_mixin.py:188} INFO - [2026-06-10T22:36:42.105+0000] {dag.py:3954} INFO - Setting next_dagrun for dataset_consumes_1 to None, run_after=None
[2026-06-10T22:36:42.106+0000] {logging_mixin.py:188} INFO - [2026-06-10T22:36:42.106+0000] {dag.py:3954} INFO - Setting next_dagrun for dataset_consumes_1_and_2 to None, run_after=None
[2026-06-10T22:36:42.108+0000] {logging_mixin.py:188} INFO - [2026-06-10T22:36:42.107+0000] {dag.py:3954} INFO - Setting next_dagrun for dataset_consumes_1_never_scheduled to None, run_after=None
[2026-06-10T22:36:42.109+0000] {logging_mixin.py:188} INFO - [2026-06-10T22:36:42.109+0000] {dag.py:3954} INFO - Setting next_dagrun for dataset_consumes_unknown_never_scheduled to None, run_after=None
[2026-06-10T22:36:42.112+0000] {logging_mixin.py:188} INFO - [2026-06-10T22:36:42.112+0000] {dag.py:3954} INFO - Setting next_dagrun for dataset_produces_1 to 2026-06-09 00:00:00+00:00, run_after=2026-06-10 00:00:00+00:00
[2026-06-10T22:36:42.114+0000] {logging_mixin.py:188} INFO - [2026-06-10T22:36:42.114+0000] {dag.py:3954} INFO - Setting next_dagrun for dataset_produces_2 to None, run_after=None
[2026-06-10T22:36:42.154+0000] {processor.py:183} INFO - Processing /home/airflow/.local/lib/python3.12/site-packages/airflow/example_dags/example_datasets.py took 0.346 seconds
[2026-06-10T22:37:13.092+0000] {processor.py:161} INFO - Started process (PID=2636) to work on /home/airflow/.local/lib/python3.12/site-packages/airflow/example_dags/example_datasets.py
[2026-06-10T22:37:13.093+0000] {processor.py:830} INFO - Processing file /home/airflow/.local/lib/python3.12/site-packages/airflow/example_dags/example_datasets.py for tasks to queue
[2026-06-10T22:37:13.095+0000] {logging_mixin.py:188} INFO - [2026-06-10T22:37:13.095+0000] {dagbag.py:545} INFO - Filling up the DagBag from /home/airflow/.local/lib/python3.12/site-packages/airflow/example_dags/example_datasets.py
[2026-06-10T22:37:13.113+0000] {processor.py:840} INFO - DAG(s) 'consume_1_or_2_with_dataset_expressions', 'dataset_produces_1', 'conditional_dataset_and_time_based_timetable', 'dataset_consumes_1', 'dataset_produces_2', 'dataset_consumes_1_and_2', 'consume_1_and_2_with_dataset_expressions', 'dataset_consumes_unknown_never_scheduled', 'dataset_consumes_1_never_scheduled', 'consume_1_or_both_2_and_3_with_dataset_expressions' retrieved from /home/airflow/.local/lib/python3.12/site-packages/airflow/example_dags/example_datasets.py
[2026-06-10T22:37:13.180+0000] {logging_mixin.py:188} INFO - [2026-06-10T22:37:13.179+0000] {dag.py:3096} INFO - Sync 10 DAGs
[2026-06-10T22:37:13.214+0000] {logging_mixin.py:188} INFO - [2026-06-10T22:37:13.214+0000] {dag.py:3954} INFO - Setting next_dagrun for conditional_dataset_and_time_based_timetable to 2026-06-10 01:00:00+00:00, run_after=2026-06-10 01:00:00+00:00
[2026-06-10T22:37:13.218+0000] {logging_mixin.py:188} INFO - [2026-06-10T22:37:13.218+0000] {dag.py:3954} INFO - Setting next_dagrun for consume_1_and_2_with_dataset_expressions to None, run_after=None
[2026-06-10T22:37:13.224+0000] {logging_mixin.py:188} INFO - [2026-06-10T22:37:13.224+0000] {dag.py:3954} INFO - Setting next_dagrun for consume_1_or_2_with_dataset_expressions to None, run_after=None
[2026-06-10T22:37:13.228+0000] {logging_mixin.py:188} INFO - [2026-06-10T22:37:13.228+0000] {dag.py:3954} INFO - Setting next_dagrun for consume_1_or_both_2_and_3_with_dataset_expressions to None, run_after=None
[2026-06-10T22:37:13.233+0000] {logging_mixin.py:188} INFO - [2026-06-10T22:37:13.232+0000] {dag.py:3954} INFO - Setting next_dagrun for dataset_consumes_1 to None, run_after=None
[2026-06-10T22:37:13.234+0000] {logging_mixin.py:188} INFO - [2026-06-10T22:37:13.234+0000] {dag.py:3954} INFO - Setting next_dagrun for dataset_consumes_1_and_2 to None, run_after=None
[2026-06-10T22:37:13.236+0000] {logging_mixin.py:188} INFO - [2026-06-10T22:37:13.236+0000] {dag.py:3954} INFO - Setting next_dagrun for dataset_consumes_1_never_scheduled to None, run_after=None
[2026-06-10T22:37:13.237+0000] {logging_mixin.py:188} INFO - [2026-06-10T22:37:13.237+0000] {dag.py:3954} INFO - Setting next_dagrun for dataset_consumes_unknown_never_scheduled to None, run_after=None
[2026-06-10T22:37:13.241+0000] {logging_mixin.py:188} INFO - [2026-06-10T22:37:13.241+0000] {dag.py:3954} INFO - Setting next_dagrun for dataset_produces_1 to 2026-06-09 00:00:00+00:00, run_after=2026-06-10 00:00:00+00:00
[2026-06-10T22:37:13.243+0000] {logging_mixin.py:188} INFO - [2026-06-10T22:37:13.242+0000] {dag.py:3954} INFO - Setting next_dagrun for dataset_produces_2 to None, run_after=None
[2026-06-10T22:37:13.331+0000] {processor.py:183} INFO - Processing /home/airflow/.local/lib/python3.12/site-packages/airflow/example_dags/example_datasets.py took 0.244 seconds
[2026-06-10T22:37:43.839+0000] {processor.py:161} INFO - Started process (PID=2697) to work on /home/airflow/.local/lib/python3.12/site-packages/airflow/example_dags/example_datasets.py
[2026-06-10T22:37:43.840+0000] {processor.py:830} INFO - Processing file /home/airflow/.local/lib/python3.12/site-packages/airflow/example_dags/example_datasets.py for tasks to queue
[2026-06-10T22:37:43.842+0000] {logging_mixin.py:188} INFO - [2026-06-10T22:37:43.842+0000] {dagbag.py:545} INFO - Filling up the DagBag from /home/airflow/.local/lib/python3.12/site-packages/airflow/example_dags/example_datasets.py
[2026-06-10T22:37:43.860+0000] {processor.py:840} INFO - DAG(s) 'dataset_produces_2', 'dataset_consumes_unknown_never_scheduled', 'conditional_dataset_and_time_based_timetable', 'consume_1_or_both_2_and_3_with_dataset_expressions', 'consume_1_and_2_with_dataset_expressions', 'consume_1_or_2_with_dataset_expressions', 'dataset_consumes_1', 'dataset_consumes_1_never_scheduled', 'dataset_produces_1', 'dataset_consumes_1_and_2' retrieved from /home/airflow/.local/lib/python3.12/site-packages/airflow/example_dags/example_datasets.py
[2026-06-10T22:37:43.921+0000] {logging_mixin.py:188} INFO - [2026-06-10T22:37:43.921+0000] {dag.py:3096} INFO - Sync 10 DAGs
[2026-06-10T22:37:43.960+0000] {logging_mixin.py:188} INFO - [2026-06-10T22:37:43.958+0000] {dag.py:3954} INFO - Setting next_dagrun for conditional_dataset_and_time_based_timetable to 2026-06-10 01:00:00+00:00, run_after=2026-06-10 01:00:00+00:00
[2026-06-10T22:37:43.969+0000] {logging_mixin.py:188} INFO - [2026-06-10T22:37:43.969+0000] {dag.py:3954} INFO - Setting next_dagrun for consume_1_and_2_with_dataset_expressions to None, run_after=None
[2026-06-10T22:37:43.974+0000] {logging_mixin.py:188} INFO - [2026-06-10T22:37:43.974+0000] {dag.py:3954} INFO - Setting next_dagrun for consume_1_or_2_with_dataset_expressions to None, run_after=None
[2026-06-10T22:37:43.976+0000] {logging_mixin.py:188} INFO - [2026-06-10T22:37:43.976+0000] {dag.py:3954} INFO - Setting next_dagrun for consume_1_or_both_2_and_3_with_dataset_expressions to None, run_after=None
[2026-06-10T22:37:43.979+0000] {logging_mixin.py:188} INFO - [2026-06-10T22:37:43.979+0000] {dag.py:3954} INFO - Setting next_dagrun for dataset_consumes_1 to None, run_after=None
[2026-06-10T22:37:43.982+0000] {logging_mixin.py:188} INFO - [2026-06-10T22:37:43.981+0000] {dag.py:3954} INFO - Setting next_dagrun for dataset_consumes_1_and_2 to None, run_after=None
[2026-06-10T22:37:43.985+0000] {logging_mixin.py:188} INFO - [2026-06-10T22:37:43.985+0000] {dag.py:3954} INFO - Setting next_dagrun for dataset_consumes_1_never_scheduled to None, run_after=None
[2026-06-10T22:37:43.989+0000] {logging_mixin.py:188} INFO - [2026-06-10T22:37:43.989+0000] {dag.py:3954} INFO - Setting next_dagrun for dataset_consumes_unknown_never_scheduled to None, run_after=None
[2026-06-10T22:37:43.995+0000] {logging_mixin.py:188} INFO - [2026-06-10T22:37:43.995+0000] {dag.py:3954} INFO - Setting next_dagrun for dataset_produces_1 to 2026-06-09 00:00:00+00:00, run_after=2026-06-10 00:00:00+00:00
[2026-06-10T22:37:43.996+0000] {logging_mixin.py:188} INFO - [2026-06-10T22:37:43.996+0000] {dag.py:3954} INFO - Setting next_dagrun for dataset_produces_2 to None, run_after=None
[2026-06-10T22:37:44.044+0000] {processor.py:183} INFO - Processing /home/airflow/.local/lib/python3.12/site-packages/airflow/example_dags/example_datasets.py took 0.211 seconds
[2026-06-10T22:38:14.719+0000] {processor.py:161} INFO - Started process (PID=2758) to work on /home/airflow/.local/lib/python3.12/site-packages/airflow/example_dags/example_datasets.py
[2026-06-10T22:38:14.724+0000] {processor.py:830} INFO - Processing file /home/airflow/.local/lib/python3.12/site-packages/airflow/example_dags/example_datasets.py for tasks to queue
[2026-06-10T22:38:14.729+0000] {logging_mixin.py:188} INFO - [2026-06-10T22:38:14.729+0000] {dagbag.py:545} INFO - Filling up the DagBag from /home/airflow/.local/lib/python3.12/site-packages/airflow/example_dags/example_datasets.py
[2026-06-10T22:38:14.748+0000] {processor.py:840} INFO - DAG(s) 'dataset_consumes_1_and_2', 'dataset_consumes_unknown_never_scheduled', 'dataset_consumes_1', 'dataset_produces_1', 'consume_1_or_both_2_and_3_with_dataset_expressions', 'conditional_dataset_and_time_based_timetable', 'consume_1_or_2_with_dataset_expressions', 'dataset_produces_2', 'dataset_consumes_1_never_scheduled', 'consume_1_and_2_with_dataset_expressions' retrieved from /home/airflow/.local/lib/python3.12/site-packages/airflow/example_dags/example_datasets.py
[2026-06-10T22:38:14.827+0000] {logging_mixin.py:188} INFO - [2026-06-10T22:38:14.827+0000] {dag.py:3096} INFO - Sync 10 DAGs
[2026-06-10T22:38:14.912+0000] {logging_mixin.py:188} INFO - [2026-06-10T22:38:14.912+0000] {dag.py:3954} INFO - Setting next_dagrun for conditional_dataset_and_time_based_timetable to 2026-06-10 01:00:00+00:00, run_after=2026-06-10 01:00:00+00:00
[2026-06-10T22:38:14.922+0000] {logging_mixin.py:188} INFO - [2026-06-10T22:38:14.920+0000] {dag.py:3954} INFO - Setting next_dagrun for consume_1_and_2_with_dataset_expressions to None, run_after=None
[2026-06-10T22:38:14.923+0000] {logging_mixin.py:188} INFO - [2026-06-10T22:38:14.923+0000] {dag.py:3954} INFO - Setting next_dagrun for consume_1_or_2_with_dataset_expressions to None, run_after=None
[2026-06-10T22:38:14.927+0000] {logging_mixin.py:188} INFO - [2026-06-10T22:38:14.927+0000] {dag.py:3954} INFO - Setting next_dagrun for consume_1_or_both_2_and_3_with_dataset_expressions to None, run_after=None
[2026-06-10T22:38:14.930+0000] {logging_mixin.py:188} INFO - [2026-06-10T22:38:14.929+0000] {dag.py:3954} INFO - Setting next_dagrun for dataset_consumes_1 to None, run_after=None
[2026-06-10T22:38:14.933+0000] {logging_mixin.py:188} INFO - [2026-06-10T22:38:14.933+0000] {dag.py:3954} INFO - Setting next_dagrun for dataset_consumes_1_and_2 to None, run_after=None
[2026-06-10T22:38:14.934+0000] {logging_mixin.py:188} INFO - [2026-06-10T22:38:14.934+0000] {dag.py:3954} INFO - Setting next_dagrun for dataset_consumes_1_never_scheduled to None, run_after=None
[2026-06-10T22:38:14.937+0000] {logging_mixin.py:188} INFO - [2026-06-10T22:38:14.937+0000] {dag.py:3954} INFO - Setting next_dagrun for dataset_consumes_unknown_never_scheduled to None, run_after=None
[2026-06-10T22:38:14.945+0000] {logging_mixin.py:188} INFO - [2026-06-10T22:38:14.942+0000] {dag.py:3954} INFO - Setting next_dagrun for dataset_produces_1 to 2026-06-09 00:00:00+00:00, run_after=2026-06-10 00:00:00+00:00
[2026-06-10T22:38:14.947+0000] {logging_mixin.py:188} INFO - [2026-06-10T22:38:14.947+0000] {dag.py:3954} INFO - Setting next_dagrun for dataset_produces_2 to None, run_after=None
[2026-06-10T22:38:14.998+0000] {processor.py:183} INFO - Processing /home/airflow/.local/lib/python3.12/site-packages/airflow/example_dags/example_datasets.py took 0.288 seconds
[2026-06-10T22:38:45.203+0000] {processor.py:161} INFO - Started process (PID=2819) to work on /home/airflow/.local/lib/python3.12/site-packages/airflow/example_dags/example_datasets.py
[2026-06-10T22:38:45.207+0000] {processor.py:830} INFO - Processing file /home/airflow/.local/lib/python3.12/site-packages/airflow/example_dags/example_datasets.py for tasks to queue
[2026-06-10T22:38:45.209+0000] {logging_mixin.py:188} INFO - [2026-06-10T22:38:45.209+0000] {dagbag.py:545} INFO - Filling up the DagBag from /home/airflow/.local/lib/python3.12/site-packages/airflow/example_dags/example_datasets.py
[2026-06-10T22:38:45.258+0000] {processor.py:840} INFO - DAG(s) 'dataset_consumes_1_never_scheduled', 'conditional_dataset_and_time_based_timetable', 'dataset_consumes_1', 'consume_1_or_both_2_and_3_with_dataset_expressions', 'dataset_consumes_unknown_never_scheduled', 'consume_1_or_2_with_dataset_expressions', 'consume_1_and_2_with_dataset_expressions', 'dataset_produces_1', 'dataset_consumes_1_and_2', 'dataset_produces_2' retrieved from /home/airflow/.local/lib/python3.12/site-packages/airflow/example_dags/example_datasets.py
[2026-06-10T22:38:45.336+0000] {logging_mixin.py:188} INFO - [2026-06-10T22:38:45.336+0000] {dag.py:3096} INFO - Sync 10 DAGs
[2026-06-10T22:38:45.387+0000] {logging_mixin.py:188} INFO - [2026-06-10T22:38:45.387+0000] {dag.py:3954} INFO - Setting next_dagrun for conditional_dataset_and_time_based_timetable to 2026-06-10 01:00:00+00:00, run_after=2026-06-10 01:00:00+00:00
[2026-06-10T22:38:45.392+0000] {logging_mixin.py:188} INFO - [2026-06-10T22:38:45.392+0000] {dag.py:3954} INFO - Setting next_dagrun for consume_1_and_2_with_dataset_expressions to None, run_after=None
[2026-06-10T22:38:45.394+0000] {logging_mixin.py:188} INFO - [2026-06-10T22:38:45.394+0000] {dag.py:3954} INFO - Setting next_dagrun for consume_1_or_2_with_dataset_expressions to None, run_after=None
[2026-06-10T22:38:45.395+0000] {logging_mixin.py:188} INFO - [2026-06-10T22:38:45.395+0000] {dag.py:3954} INFO - Setting next_dagrun for consume_1_or_both_2_and_3_with_dataset_expressions to None, run_after=None
[2026-06-10T22:38:45.397+0000] {logging_mixin.py:188} INFO - [2026-06-10T22:38:45.397+0000] {dag.py:3954} INFO - Setting next_dagrun for dataset_consumes_1 to None, run_after=None
[2026-06-10T22:38:45.398+0000] {logging_mixin.py:188} INFO - [2026-06-10T22:38:45.398+0000] {dag.py:3954} INFO - Setting next_dagrun for dataset_consumes_1_and_2 to None, run_after=None
[2026-06-10T22:38:45.400+0000] {logging_mixin.py:188} INFO - [2026-06-10T22:38:45.400+0000] {dag.py:3954} INFO - Setting next_dagrun for dataset_consumes_1_never_scheduled to None, run_after=None
[2026-06-10T22:38:45.402+0000] {logging_mixin.py:188} INFO - [2026-06-10T22:38:45.401+0000] {dag.py:3954} INFO - Setting next_dagrun for dataset_consumes_unknown_never_scheduled to None, run_after=None
[2026-06-10T22:38:45.406+0000] {logging_mixin.py:188} INFO - [2026-06-10T22:38:45.406+0000] {dag.py:3954} INFO - Setting next_dagrun for dataset_produces_1 to 2026-06-09 00:00:00+00:00, run_after=2026-06-10 00:00:00+00:00
[2026-06-10T22:38:45.407+0000] {logging_mixin.py:188} INFO - [2026-06-10T22:38:45.407+0000] {dag.py:3954} INFO - Setting next_dagrun for dataset_produces_2 to None, run_after=None
[2026-06-10T22:38:45.502+0000] {processor.py:183} INFO - Processing /home/airflow/.local/lib/python3.12/site-packages/airflow/example_dags/example_datasets.py took 0.306 seconds
[2026-06-10T22:39:15.721+0000] {processor.py:161} INFO - Started process (PID=2880) to work on /home/airflow/.local/lib/python3.12/site-packages/airflow/example_dags/example_datasets.py
[2026-06-10T22:39:15.722+0000] {processor.py:830} INFO - Processing file /home/airflow/.local/lib/python3.12/site-packages/airflow/example_dags/example_datasets.py for tasks to queue
[2026-06-10T22:39:15.724+0000] {logging_mixin.py:188} INFO - [2026-06-10T22:39:15.724+0000] {dagbag.py:545} INFO - Filling up the DagBag from /home/airflow/.local/lib/python3.12/site-packages/airflow/example_dags/example_datasets.py
[2026-06-10T22:39:15.759+0000] {processor.py:840} INFO - DAG(s) 'dataset_consumes_unknown_never_scheduled', 'dataset_produces_1', 'dataset_produces_2', 'conditional_dataset_and_time_based_timetable', 'consume_1_or_both_2_and_3_with_dataset_expressions', 'dataset_consumes_1', 'dataset_consumes_1_never_scheduled', 'consume_1_and_2_with_dataset_expressions', 'consume_1_or_2_with_dataset_expressions', 'dataset_consumes_1_and_2' retrieved from /home/airflow/.local/lib/python3.12/site-packages/airflow/example_dags/example_datasets.py
[2026-06-10T22:39:15.904+0000] {logging_mixin.py:188} INFO - [2026-06-10T22:39:15.903+0000] {dag.py:3096} INFO - Sync 10 DAGs
[2026-06-10T22:39:15.956+0000] {logging_mixin.py:188} INFO - [2026-06-10T22:39:15.955+0000] {dag.py:3954} INFO - Setting next_dagrun for conditional_dataset_and_time_based_timetable to 2026-06-10 01:00:00+00:00, run_after=2026-06-10 01:00:00+00:00
[2026-06-10T22:39:15.961+0000] {logging_mixin.py:188} INFO - [2026-06-10T22:39:15.960+0000] {dag.py:3954} INFO - Setting next_dagrun for consume_1_and_2_with_dataset_expressions to None, run_after=None
[2026-06-10T22:39:15.962+0000] {logging_mixin.py:188} INFO - [2026-06-10T22:39:15.962+0000] {dag.py:3954} INFO - Setting next_dagrun for consume_1_or_2_with_dataset_expressions to None, run_after=None
[2026-06-10T22:39:15.964+0000] {logging_mixin.py:188} INFO - [2026-06-10T22:39:15.963+0000] {dag.py:3954} INFO - Setting next_dagrun for consume_1_or_both_2_and_3_with_dataset_expressions to None, run_after=None
[2026-06-10T22:39:15.965+0000] {logging_mixin.py:188} INFO - [2026-06-10T22:39:15.965+0000] {dag.py:3954} INFO - Setting next_dagrun for dataset_consumes_1 to None, run_after=None
[2026-06-10T22:39:15.966+0000] {logging_mixin.py:188} INFO - [2026-06-10T22:39:15.966+0000] {dag.py:3954} INFO - Setting next_dagrun for dataset_consumes_1_and_2 to None, run_after=None
[2026-06-10T22:39:15.968+0000] {logging_mixin.py:188} INFO - [2026-06-10T22:39:15.967+0000] {dag.py:3954} INFO - Setting next_dagrun for dataset_consumes_1_never_scheduled to None, run_after=None
[2026-06-10T22:39:15.969+0000] {logging_mixin.py:188} INFO - [2026-06-10T22:39:15.969+0000] {dag.py:3954} INFO - Setting next_dagrun for dataset_consumes_unknown_never_scheduled to None, run_after=None
[2026-06-10T22:39:15.972+0000] {logging_mixin.py:188} INFO - [2026-06-10T22:39:15.972+0000] {dag.py:3954} INFO - Setting next_dagrun for dataset_produces_1 to 2026-06-09 00:00:00+00:00, run_after=2026-06-10 00:00:00+00:00
[2026-06-10T22:39:15.973+0000] {logging_mixin.py:188} INFO - [2026-06-10T22:39:15.973+0000] {dag.py:3954} INFO - Setting next_dagrun for dataset_produces_2 to None, run_after=None
[2026-06-10T22:39:16.038+0000] {processor.py:183} INFO - Processing /home/airflow/.local/lib/python3.12/site-packages/airflow/example_dags/example_datasets.py took 0.326 seconds
[2026-06-10T22:39:46.626+0000] {processor.py:161} INFO - Started process (PID=2941) to work on /home/airflow/.local/lib/python3.12/site-packages/airflow/example_dags/example_datasets.py
[2026-06-10T22:39:46.627+0000] {processor.py:830} INFO - Processing file /home/airflow/.local/lib/python3.12/site-packages/airflow/example_dags/example_datasets.py for tasks to queue
[2026-06-10T22:39:46.629+0000] {logging_mixin.py:188} INFO - [2026-06-10T22:39:46.629+0000] {dagbag.py:545} INFO - Filling up the DagBag from /home/airflow/.local/lib/python3.12/site-packages/airflow/example_dags/example_datasets.py
[2026-06-10T22:39:46.648+0000] {processor.py:840} INFO - DAG(s) 'dataset_produces_1', 'dataset_consumes_1_and_2', 'dataset_consumes_1_never_scheduled', 'dataset_consumes_unknown_never_scheduled', 'consume_1_or_2_with_dataset_expressions', 'consume_1_or_both_2_and_3_with_dataset_expressions', 'conditional_dataset_and_time_based_timetable', 'consume_1_and_2_with_dataset_expressions', 'dataset_consumes_1', 'dataset_produces_2' retrieved from /home/airflow/.local/lib/python3.12/site-packages/airflow/example_dags/example_datasets.py
[2026-06-10T22:39:46.728+0000] {logging_mixin.py:188} INFO - [2026-06-10T22:39:46.728+0000] {dag.py:3096} INFO - Sync 10 DAGs
[2026-06-10T22:39:46.771+0000] {logging_mixin.py:188} INFO - [2026-06-10T22:39:46.771+0000] {dag.py:3954} INFO - Setting next_dagrun for conditional_dataset_and_time_based_timetable to 2026-06-10 01:00:00+00:00, run_after=2026-06-10 01:00:00+00:00
[2026-06-10T22:39:46.776+0000] {logging_mixin.py:188} INFO - [2026-06-10T22:39:46.776+0000] {dag.py:3954} INFO - Setting next_dagrun for consume_1_and_2_with_dataset_expressions to None, run_after=None
[2026-06-10T22:39:46.778+0000] {logging_mixin.py:188} INFO - [2026-06-10T22:39:46.778+0000] {dag.py:3954} INFO - Setting next_dagrun for consume_1_or_2_with_dataset_expressions to None, run_after=None
[2026-06-10T22:39:46.781+0000] {logging_mixin.py:188} INFO - [2026-06-10T22:39:46.781+0000] {dag.py:3954} INFO - Setting next_dagrun for consume_1_or_both_2_and_3_with_dataset_expressions to None, run_after=None
[2026-06-10T22:39:46.782+0000] {logging_mixin.py:188} INFO - [2026-06-10T22:39:46.782+0000] {dag.py:3954} INFO - Setting next_dagrun for dataset_consumes_1 to None, run_after=None
[2026-06-10T22:39:46.784+0000] {logging_mixin.py:188} INFO - [2026-06-10T22:39:46.783+0000] {dag.py:3954} INFO - Setting next_dagrun for dataset_consumes_1_and_2 to None, run_after=None
[2026-06-10T22:39:46.785+0000] {logging_mixin.py:188} INFO - [2026-06-10T22:39:46.785+0000] {dag.py:3954} INFO - Setting next_dagrun for dataset_consumes_1_never_scheduled to None, run_after=None
[2026-06-10T22:39:46.787+0000] {logging_mixin.py:188} INFO - [2026-06-10T22:39:46.786+0000] {dag.py:3954} INFO - Setting next_dagrun for dataset_consumes_unknown_never_scheduled to None, run_after=None
[2026-06-10T22:39:46.790+0000] {logging_mixin.py:188} INFO - [2026-06-10T22:39:46.790+0000] {dag.py:3954} INFO - Setting next_dagrun for dataset_produces_1 to 2026-06-09 00:00:00+00:00, run_after=2026-06-10 00:00:00+00:00
[2026-06-10T22:39:46.791+0000] {logging_mixin.py:188} INFO - [2026-06-10T22:39:46.791+0000] {dag.py:3954} INFO - Setting next_dagrun for dataset_produces_2 to None, run_after=None
[2026-06-10T22:39:46.854+0000] {processor.py:183} INFO - Processing /home/airflow/.local/lib/python3.12/site-packages/airflow/example_dags/example_datasets.py took 0.237 seconds
[2026-06-10T22:40:17.013+0000] {processor.py:161} INFO - Started process (PID=3001) to work on /home/airflow/.local/lib/python3.12/site-packages/airflow/example_dags/example_datasets.py
[2026-06-10T22:40:17.014+0000] {processor.py:830} INFO - Processing file /home/airflow/.local/lib/python3.12/site-packages/airflow/example_dags/example_datasets.py for tasks to queue
[2026-06-10T22:40:17.015+0000] {logging_mixin.py:188} INFO - [2026-06-10T22:40:17.015+0000] {dagbag.py:545} INFO - Filling up the DagBag from /home/airflow/.local/lib/python3.12/site-packages/airflow/example_dags/example_datasets.py
[2026-06-10T22:40:17.028+0000] {processor.py:840} INFO - DAG(s) 'dataset_consumes_unknown_never_scheduled', 'consume_1_and_2_with_dataset_expressions', 'dataset_produces_2', 'dataset_consumes_1', 'consume_1_or_both_2_and_3_with_dataset_expressions', 'dataset_produces_1', 'conditional_dataset_and_time_based_timetable', 'dataset_consumes_1_never_scheduled', 'consume_1_or_2_with_dataset_expressions', 'dataset_consumes_1_and_2' retrieved from /home/airflow/.local/lib/python3.12/site-packages/airflow/example_dags/example_datasets.py
[2026-06-10T22:40:17.078+0000] {logging_mixin.py:188} INFO - [2026-06-10T22:40:17.077+0000] {dag.py:3096} INFO - Sync 10 DAGs
[2026-06-10T22:40:17.110+0000] {logging_mixin.py:188} INFO - [2026-06-10T22:40:17.110+0000] {dag.py:3954} INFO - Setting next_dagrun for conditional_dataset_and_time_based_timetable to 2026-06-10 01:00:00+00:00, run_after=2026-06-10 01:00:00+00:00
[2026-06-10T22:40:17.113+0000] {logging_mixin.py:188} INFO - [2026-06-10T22:40:17.113+0000] {dag.py:3954} INFO - Setting next_dagrun for consume_1_and_2_with_dataset_expressions to None, run_after=None
[2026-06-10T22:40:17.114+0000] {logging_mixin.py:188} INFO - [2026-06-10T22:40:17.114+0000] {dag.py:3954} INFO - Setting next_dagrun for consume_1_or_2_with_dataset_expressions to None, run_after=None
[2026-06-10T22:40:17.115+0000] {logging_mixin.py:188} INFO - [2026-06-10T22:40:17.115+0000] {dag.py:3954} INFO - Setting next_dagrun for consume_1_or_both_2_and_3_with_dataset_expressions to None, run_after=None
[2026-06-10T22:40:17.117+0000] {logging_mixin.py:188} INFO - [2026-06-10T22:40:17.116+0000] {dag.py:3954} INFO - Setting next_dagrun for dataset_consumes_1 to None, run_after=None
[2026-06-10T22:40:17.118+0000] {logging_mixin.py:188} INFO - [2026-06-10T22:40:17.117+0000] {dag.py:3954} INFO - Setting next_dagrun for dataset_consumes_1_and_2 to None, run_after=None
[2026-06-10T22:40:17.119+0000] {logging_mixin.py:188} INFO - [2026-06-10T22:40:17.118+0000] {dag.py:3954} INFO - Setting next_dagrun for dataset_consumes_1_never_scheduled to None, run_after=None
[2026-06-10T22:40:17.120+0000] {logging_mixin.py:188} INFO - [2026-06-10T22:40:17.119+0000] {dag.py:3954} INFO - Setting next_dagrun for dataset_consumes_unknown_never_scheduled to None, run_after=None
[2026-06-10T22:40:17.122+0000] {logging_mixin.py:188} INFO - [2026-06-10T22:40:17.121+0000] {dag.py:3954} INFO - Setting next_dagrun for dataset_produces_1 to 2026-06-09 00:00:00+00:00, run_after=2026-06-10 00:00:00+00:00
[2026-06-10T22:40:17.123+0000] {logging_mixin.py:188} INFO - [2026-06-10T22:40:17.122+0000] {dag.py:3954} INFO - Setting next_dagrun for dataset_produces_2 to None, run_after=None
[2026-06-10T22:40:17.150+0000] {processor.py:183} INFO - Processing /home/airflow/.local/lib/python3.12/site-packages/airflow/example_dags/example_datasets.py took 0.143 seconds
[2026-06-10T22:40:47.205+0000] {processor.py:161} INFO - Started process (PID=3062) to work on /home/airflow/.local/lib/python3.12/site-packages/airflow/example_dags/example_datasets.py
[2026-06-10T22:40:47.206+0000] {processor.py:830} INFO - Processing file /home/airflow/.local/lib/python3.12/site-packages/airflow/example_dags/example_datasets.py for tasks to queue
[2026-06-10T22:40:47.207+0000] {logging_mixin.py:188} INFO - [2026-06-10T22:40:47.207+0000] {dagbag.py:545} INFO - Filling up the DagBag from /home/airflow/.local/lib/python3.12/site-packages/airflow/example_dags/example_datasets.py
[2026-06-10T22:40:47.224+0000] {processor.py:840} INFO - DAG(s) 'consume_1_and_2_with_dataset_expressions', 'dataset_consumes_unknown_never_scheduled', 'consume_1_or_both_2_and_3_with_dataset_expressions', 'consume_1_or_2_with_dataset_expressions', 'dataset_consumes_1_never_scheduled', 'conditional_dataset_and_time_based_timetable', 'dataset_consumes_1', 'dataset_consumes_1_and_2', 'dataset_produces_1', 'dataset_produces_2' retrieved from /home/airflow/.local/lib/python3.12/site-packages/airflow/example_dags/example_datasets.py
[2026-06-10T22:40:47.275+0000] {logging_mixin.py:188} INFO - [2026-06-10T22:40:47.275+0000] {dag.py:3096} INFO - Sync 10 DAGs
[2026-06-10T22:40:47.309+0000] {logging_mixin.py:188} INFO - [2026-06-10T22:40:47.308+0000] {dag.py:3954} INFO - Setting next_dagrun for conditional_dataset_and_time_based_timetable to 2026-06-10 01:00:00+00:00, run_after=2026-06-10 01:00:00+00:00
[2026-06-10T22:40:47.314+0000] {logging_mixin.py:188} INFO - [2026-06-10T22:40:47.313+0000] {dag.py:3954} INFO - Setting next_dagrun for consume_1_and_2_with_dataset_expressions to None, run_after=None
[2026-06-10T22:40:47.317+0000] {logging_mixin.py:188} INFO - [2026-06-10T22:40:47.317+0000] {dag.py:3954} INFO - Setting next_dagrun for consume_1_or_2_with_dataset_expressions to None, run_after=None
[2026-06-10T22:40:47.318+0000] {logging_mixin.py:188} INFO - [2026-06-10T22:40:47.318+0000] {dag.py:3954} INFO - Setting next_dagrun for consume_1_or_both_2_and_3_with_dataset_expressions to None, run_after=None
[2026-06-10T22:40:47.320+0000] {logging_mixin.py:188} INFO - [2026-06-10T22:40:47.319+0000] {dag.py:3954} INFO - Setting next_dagrun for dataset_consumes_1 to None, run_after=None
[2026-06-10T22:40:47.321+0000] {logging_mixin.py:188} INFO - [2026-06-10T22:40:47.321+0000] {dag.py:3954} INFO - Setting next_dagrun for dataset_consumes_1_and_2 to None, run_after=None
[2026-06-10T22:40:47.322+0000] {logging_mixin.py:188} INFO - [2026-06-10T22:40:47.322+0000] {dag.py:3954} INFO - Setting next_dagrun for dataset_consumes_1_never_scheduled to None, run_after=None
[2026-06-10T22:40:47.324+0000] {logging_mixin.py:188} INFO - [2026-06-10T22:40:47.323+0000] {dag.py:3954} INFO - Setting next_dagrun for dataset_consumes_unknown_never_scheduled to None, run_after=None
[2026-06-10T22:40:47.327+0000] {logging_mixin.py:188} INFO - [2026-06-10T22:40:47.327+0000] {dag.py:3954} INFO - Setting next_dagrun for dataset_produces_1 to 2026-06-09 00:00:00+00:00, run_after=2026-06-10 00:00:00+00:00
[2026-06-10T22:40:47.328+0000] {logging_mixin.py:188} INFO - [2026-06-10T22:40:47.328+0000] {dag.py:3954} INFO - Setting next_dagrun for dataset_produces_2 to None, run_after=None
[2026-06-10T22:40:47.376+0000] {processor.py:183} INFO - Processing /home/airflow/.local/lib/python3.12/site-packages/airflow/example_dags/example_datasets.py took 0.177 seconds
[2026-06-10T22:41:17.490+0000] {processor.py:161} INFO - Started process (PID=3123) to work on /home/airflow/.local/lib/python3.12/site-packages/airflow/example_dags/example_datasets.py
[2026-06-10T22:41:17.493+0000] {processor.py:830} INFO - Processing file /home/airflow/.local/lib/python3.12/site-packages/airflow/example_dags/example_datasets.py for tasks to queue
[2026-06-10T22:41:17.501+0000] {logging_mixin.py:188} INFO - [2026-06-10T22:41:17.495+0000] {dagbag.py:545} INFO - Filling up the DagBag from /home/airflow/.local/lib/python3.12/site-packages/airflow/example_dags/example_datasets.py
[2026-06-10T22:41:17.565+0000] {processor.py:840} INFO - DAG(s) 'consume_1_or_both_2_and_3_with_dataset_expressions', 'dataset_consumes_1_and_2', 'dataset_produces_2', 'dataset_consumes_unknown_never_scheduled', 'dataset_consumes_1', 'consume_1_or_2_with_dataset_expressions', 'conditional_dataset_and_time_based_timetable', 'consume_1_and_2_with_dataset_expressions', 'dataset_consumes_1_never_scheduled', 'dataset_produces_1' retrieved from /home/airflow/.local/lib/python3.12/site-packages/airflow/example_dags/example_datasets.py
[2026-06-10T22:41:17.758+0000] {logging_mixin.py:188} INFO - [2026-06-10T22:41:17.758+0000] {dag.py:3096} INFO - Sync 10 DAGs
[2026-06-10T22:41:17.816+0000] {logging_mixin.py:188} INFO - [2026-06-10T22:41:17.816+0000] {dag.py:3954} INFO - Setting next_dagrun for conditional_dataset_and_time_based_timetable to 2026-06-10 01:00:00+00:00, run_after=2026-06-10 01:00:00+00:00
[2026-06-10T22:41:17.821+0000] {logging_mixin.py:188} INFO - [2026-06-10T22:41:17.821+0000] {dag.py:3954} INFO - Setting next_dagrun for consume_1_and_2_with_dataset_expressions to None, run_after=None
[2026-06-10T22:41:17.823+0000] {logging_mixin.py:188} INFO - [2026-06-10T22:41:17.823+0000] {dag.py:3954} INFO - Setting next_dagrun for consume_1_or_2_with_dataset_expressions to None, run_after=None
[2026-06-10T22:41:17.824+0000] {logging_mixin.py:188} INFO - [2026-06-10T22:41:17.824+0000] {dag.py:3954} INFO - Setting next_dagrun for consume_1_or_both_2_and_3_with_dataset_expressions to None, run_after=None
[2026-06-10T22:41:17.826+0000] {logging_mixin.py:188} INFO - [2026-06-10T22:41:17.826+0000] {dag.py:3954} INFO - Setting next_dagrun for dataset_consumes_1 to None, run_after=None
[2026-06-10T22:41:17.827+0000] {logging_mixin.py:188} INFO - [2026-06-10T22:41:17.827+0000] {dag.py:3954} INFO - Setting next_dagrun for dataset_consumes_1_and_2 to None, run_after=None
[2026-06-10T22:41:17.829+0000] {logging_mixin.py:188} INFO - [2026-06-10T22:41:17.829+0000] {dag.py:3954} INFO - Setting next_dagrun for dataset_consumes_1_never_scheduled to None, run_after=None
[2026-06-10T22:41:17.830+0000] {logging_mixin.py:188} INFO - [2026-06-10T22:41:17.830+0000] {dag.py:3954} INFO - Setting next_dagrun for dataset_consumes_unknown_never_scheduled to None, run_after=None
[2026-06-10T22:41:17.834+0000] {logging_mixin.py:188} INFO - [2026-06-10T22:41:17.834+0000] {dag.py:3954} INFO - Setting next_dagrun for dataset_produces_1 to 2026-06-09 00:00:00+00:00, run_after=2026-06-10 00:00:00+00:00
[2026-06-10T22:41:17.835+0000] {logging_mixin.py:188} INFO - [2026-06-10T22:41:17.835+0000] {dag.py:3954} INFO - Setting next_dagrun for dataset_produces_2 to None, run_after=None
[2026-06-10T22:41:17.880+0000] {processor.py:183} INFO - Processing /home/airflow/.local/lib/python3.12/site-packages/airflow/example_dags/example_datasets.py took 0.402 seconds
[2026-06-10T22:41:48.254+0000] {processor.py:161} INFO - Started process (PID=3184) to work on /home/airflow/.local/lib/python3.12/site-packages/airflow/example_dags/example_datasets.py
[2026-06-10T22:41:48.255+0000] {processor.py:830} INFO - Processing file /home/airflow/.local/lib/python3.12/site-packages/airflow/example_dags/example_datasets.py for tasks to queue
[2026-06-10T22:41:48.257+0000] {logging_mixin.py:188} INFO - [2026-06-10T22:41:48.257+0000] {dagbag.py:545} INFO - Filling up the DagBag from /home/airflow/.local/lib/python3.12/site-packages/airflow/example_dags/example_datasets.py
[2026-06-10T22:41:48.295+0000] {processor.py:840} INFO - DAG(s) 'dataset_consumes_1', 'dataset_produces_1', 'dataset_consumes_1_never_scheduled', 'consume_1_or_both_2_and_3_with_dataset_expressions', 'dataset_consumes_unknown_never_scheduled', 'consume_1_and_2_with_dataset_expressions', 'dataset_consumes_1_and_2', 'consume_1_or_2_with_dataset_expressions', 'dataset_produces_2', 'conditional_dataset_and_time_based_timetable' retrieved from /home/airflow/.local/lib/python3.12/site-packages/airflow/example_dags/example_datasets.py
[2026-06-10T22:41:48.382+0000] {logging_mixin.py:188} INFO - [2026-06-10T22:41:48.382+0000] {dag.py:3096} INFO - Sync 10 DAGs
[2026-06-10T22:41:48.423+0000] {logging_mixin.py:188} INFO - [2026-06-10T22:41:48.423+0000] {dag.py:3954} INFO - Setting next_dagrun for conditional_dataset_and_time_based_timetable to 2026-06-10 01:00:00+00:00, run_after=2026-06-10 01:00:00+00:00
[2026-06-10T22:41:48.431+0000] {logging_mixin.py:188} INFO - [2026-06-10T22:41:48.431+0000] {dag.py:3954} INFO - Setting next_dagrun for consume_1_and_2_with_dataset_expressions to None, run_after=None
[2026-06-10T22:41:48.433+0000] {logging_mixin.py:188} INFO - [2026-06-10T22:41:48.433+0000] {dag.py:3954} INFO - Setting next_dagrun for consume_1_or_2_with_dataset_expressions to None, run_after=None
[2026-06-10T22:41:48.434+0000] {logging_mixin.py:188} INFO - [2026-06-10T22:41:48.434+0000] {dag.py:3954} INFO - Setting next_dagrun for consume_1_or_both_2_and_3_with_dataset_expressions to None, run_after=None
[2026-06-10T22:41:48.438+0000] {logging_mixin.py:188} INFO - [2026-06-10T22:41:48.437+0000] {dag.py:3954} INFO - Setting next_dagrun for dataset_consumes_1 to None, run_after=None
[2026-06-10T22:41:48.439+0000] {logging_mixin.py:188} INFO - [2026-06-10T22:41:48.439+0000] {dag.py:3954} INFO - Setting next_dagrun for dataset_consumes_1_and_2 to None, run_after=None
[2026-06-10T22:41:48.441+0000] {logging_mixin.py:188} INFO - [2026-06-10T22:41:48.440+0000] {dag.py:3954} INFO - Setting next_dagrun for dataset_consumes_1_never_scheduled to None, run_after=None
[2026-06-10T22:41:48.442+0000] {logging_mixin.py:188} INFO - [2026-06-10T22:41:48.442+0000] {dag.py:3954} INFO - Setting next_dagrun for dataset_consumes_unknown_never_scheduled to None, run_after=None
[2026-06-10T22:41:48.446+0000] {logging_mixin.py:188} INFO - [2026-06-10T22:41:48.446+0000] {dag.py:3954} INFO - Setting next_dagrun for dataset_produces_1 to 2026-06-09 00:00:00+00:00, run_after=2026-06-10 00:00:00+00:00
[2026-06-10T22:41:48.447+0000] {logging_mixin.py:188} INFO - [2026-06-10T22:41:48.447+0000] {dag.py:3954} INFO - Setting next_dagrun for dataset_produces_2 to None, run_after=None
[2026-06-10T22:41:48.485+0000] {processor.py:183} INFO - Processing /home/airflow/.local/lib/python3.12/site-packages/airflow/example_dags/example_datasets.py took 0.237 seconds
[2026-06-10T22:42:18.672+0000] {processor.py:161} INFO - Started process (PID=3245) to work on /home/airflow/.local/lib/python3.12/site-packages/airflow/example_dags/example_datasets.py
[2026-06-10T22:42:18.673+0000] {processor.py:830} INFO - Processing file /home/airflow/.local/lib/python3.12/site-packages/airflow/example_dags/example_datasets.py for tasks to queue
[2026-06-10T22:42:18.675+0000] {logging_mixin.py:188} INFO - [2026-06-10T22:42:18.675+0000] {dagbag.py:545} INFO - Filling up the DagBag from /home/airflow/.local/lib/python3.12/site-packages/airflow/example_dags/example_datasets.py
[2026-06-10T22:42:18.705+0000] {processor.py:840} INFO - DAG(s) 'dataset_produces_1', 'consume_1_and_2_with_dataset_expressions', 'dataset_consumes_1_never_scheduled', 'dataset_consumes_1_and_2', 'consume_1_or_both_2_and_3_with_dataset_expressions', 'conditional_dataset_and_time_based_timetable', 'dataset_consumes_1', 'consume_1_or_2_with_dataset_expressions', 'dataset_consumes_unknown_never_scheduled', 'dataset_produces_2' retrieved from /home/airflow/.local/lib/python3.12/site-packages/airflow/example_dags/example_datasets.py
[2026-06-10T22:42:18.791+0000] {logging_mixin.py:188} INFO - [2026-06-10T22:42:18.791+0000] {dag.py:3096} INFO - Sync 10 DAGs
[2026-06-10T22:42:18.822+0000] {logging_mixin.py:188} INFO - [2026-06-10T22:42:18.821+0000] {dag.py:3954} INFO - Setting next_dagrun for conditional_dataset_and_time_based_timetable to 2026-06-10 01:00:00+00:00, run_after=2026-06-10 01:00:00+00:00
[2026-06-10T22:42:18.825+0000] {logging_mixin.py:188} INFO - [2026-06-10T22:42:18.825+0000] {dag.py:3954} INFO - Setting next_dagrun for consume_1_and_2_with_dataset_expressions to None, run_after=None
[2026-06-10T22:42:18.826+0000] {logging_mixin.py:188} INFO - [2026-06-10T22:42:18.826+0000] {dag.py:3954} INFO - Setting next_dagrun for consume_1_or_2_with_dataset_expressions to None, run_after=None
[2026-06-10T22:42:18.827+0000] {logging_mixin.py:188} INFO - [2026-06-10T22:42:18.827+0000] {dag.py:3954} INFO - Setting next_dagrun for consume_1_or_both_2_and_3_with_dataset_expressions to None, run_after=None
[2026-06-10T22:42:18.828+0000] {logging_mixin.py:188} INFO - [2026-06-10T22:42:18.828+0000] {dag.py:3954} INFO - Setting next_dagrun for dataset_consumes_1 to None, run_after=None
[2026-06-10T22:42:18.829+0000] {logging_mixin.py:188} INFO - [2026-06-10T22:42:18.829+0000] {dag.py:3954} INFO - Setting next_dagrun for dataset_consumes_1_and_2 to None, run_after=None
[2026-06-10T22:42:18.830+0000] {logging_mixin.py:188} INFO - [2026-06-10T22:42:18.830+0000] {dag.py:3954} INFO - Setting next_dagrun for dataset_consumes_1_never_scheduled to None, run_after=None
[2026-06-10T22:42:18.831+0000] {logging_mixin.py:188} INFO - [2026-06-10T22:42:18.831+0000] {dag.py:3954} INFO - Setting next_dagrun for dataset_consumes_unknown_never_scheduled to None, run_after=None
[2026-06-10T22:42:18.833+0000] {logging_mixin.py:188} INFO - [2026-06-10T22:42:18.833+0000] {dag.py:3954} INFO - Setting next_dagrun for dataset_produces_1 to 2026-06-09 00:00:00+00:00, run_after=2026-06-10 00:00:00+00:00
[2026-06-10T22:42:18.834+0000] {logging_mixin.py:188} INFO - [2026-06-10T22:42:18.834+0000] {dag.py:3954} INFO - Setting next_dagrun for dataset_produces_2 to None, run_after=None
[2026-06-10T22:42:18.865+0000] {processor.py:183} INFO - Processing /home/airflow/.local/lib/python3.12/site-packages/airflow/example_dags/example_datasets.py took 0.201 seconds
[2026-06-10T22:42:49.005+0000] {processor.py:161} INFO - Started process (PID=3305) to work on /home/airflow/.local/lib/python3.12/site-packages/airflow/example_dags/example_datasets.py
[2026-06-10T22:42:49.007+0000] {processor.py:830} INFO - Processing file /home/airflow/.local/lib/python3.12/site-packages/airflow/example_dags/example_datasets.py for tasks to queue
[2026-06-10T22:42:49.009+0000] {logging_mixin.py:188} INFO - [2026-06-10T22:42:49.009+0000] {dagbag.py:545} INFO - Filling up the DagBag from /home/airflow/.local/lib/python3.12/site-packages/airflow/example_dags/example_datasets.py
[2026-06-10T22:42:49.027+0000] {processor.py:840} INFO - DAG(s) 'consume_1_or_2_with_dataset_expressions', 'consume_1_and_2_with_dataset_expressions', 'consume_1_or_both_2_and_3_with_dataset_expressions', 'dataset_consumes_1_and_2', 'dataset_produces_2', 'dataset_consumes_1_never_scheduled', 'dataset_produces_1', 'dataset_consumes_1', 'conditional_dataset_and_time_based_timetable', 'dataset_consumes_unknown_never_scheduled' retrieved from /home/airflow/.local/lib/python3.12/site-packages/airflow/example_dags/example_datasets.py
[2026-06-10T22:42:49.094+0000] {logging_mixin.py:188} INFO - [2026-06-10T22:42:49.093+0000] {dag.py:3096} INFO - Sync 10 DAGs
[2026-06-10T22:42:49.128+0000] {logging_mixin.py:188} INFO - [2026-06-10T22:42:49.128+0000] {dag.py:3954} INFO - Setting next_dagrun for conditional_dataset_and_time_based_timetable to 2026-06-10 01:00:00+00:00, run_after=2026-06-10 01:00:00+00:00
[2026-06-10T22:42:49.135+0000] {logging_mixin.py:188} INFO - [2026-06-10T22:42:49.134+0000] {dag.py:3954} INFO - Setting next_dagrun for consume_1_and_2_with_dataset_expressions to None, run_after=None
[2026-06-10T22:42:49.137+0000] {logging_mixin.py:188} INFO - [2026-06-10T22:42:49.137+0000] {dag.py:3954} INFO - Setting next_dagrun for consume_1_or_2_with_dataset_expressions to None, run_after=None
[2026-06-10T22:42:49.138+0000] {logging_mixin.py:188} INFO - [2026-06-10T22:42:49.138+0000] {dag.py:3954} INFO - Setting next_dagrun for consume_1_or_both_2_and_3_with_dataset_expressions to None, run_after=None
[2026-06-10T22:42:49.139+0000] {logging_mixin.py:188} INFO - [2026-06-10T22:42:49.139+0000] {dag.py:3954} INFO - Setting next_dagrun for dataset_consumes_1 to None, run_after=None
[2026-06-10T22:42:49.140+0000] {logging_mixin.py:188} INFO - [2026-06-10T22:42:49.140+0000] {dag.py:3954} INFO - Setting next_dagrun for dataset_consumes_1_and_2 to None, run_after=None
[2026-06-10T22:42:49.141+0000] {logging_mixin.py:188} INFO - [2026-06-10T22:42:49.141+0000] {dag.py:3954} INFO - Setting next_dagrun for dataset_consumes_1_never_scheduled to None, run_after=None
[2026-06-10T22:42:49.142+0000] {logging_mixin.py:188} INFO - [2026-06-10T22:42:49.142+0000] {dag.py:3954} INFO - Setting next_dagrun for dataset_consumes_unknown_never_scheduled to None, run_after=None
[2026-06-10T22:42:49.144+0000] {logging_mixin.py:188} INFO - [2026-06-10T22:42:49.144+0000] {dag.py:3954} INFO - Setting next_dagrun for dataset_produces_1 to 2026-06-09 00:00:00+00:00, run_after=2026-06-10 00:00:00+00:00
[2026-06-10T22:42:49.145+0000] {logging_mixin.py:188} INFO - [2026-06-10T22:42:49.145+0000] {dag.py:3954} INFO - Setting next_dagrun for dataset_produces_2 to None, run_after=None
[2026-06-10T22:42:49.180+0000] {processor.py:183} INFO - Processing /home/airflow/.local/lib/python3.12/site-packages/airflow/example_dags/example_datasets.py took 0.182 seconds
[2026-06-10T22:43:19.307+0000] {processor.py:161} INFO - Started process (PID=3366) to work on /home/airflow/.local/lib/python3.12/site-packages/airflow/example_dags/example_datasets.py
[2026-06-10T22:43:19.308+0000] {processor.py:830} INFO - Processing file /home/airflow/.local/lib/python3.12/site-packages/airflow/example_dags/example_datasets.py for tasks to queue
[2026-06-10T22:43:19.310+0000] {logging_mixin.py:188} INFO - [2026-06-10T22:43:19.310+0000] {dagbag.py:545} INFO - Filling up the DagBag from /home/airflow/.local/lib/python3.12/site-packages/airflow/example_dags/example_datasets.py
[2026-06-10T22:43:19.330+0000] {processor.py:840} INFO - DAG(s) 'consume_1_and_2_with_dataset_expressions', 'dataset_consumes_1', 'consume_1_or_both_2_and_3_with_dataset_expressions', 'conditional_dataset_and_time_based_timetable', 'dataset_consumes_unknown_never_scheduled', 'dataset_consumes_1_never_scheduled', 'consume_1_or_2_with_dataset_expressions', 'dataset_consumes_1_and_2', 'dataset_produces_2', 'dataset_produces_1' retrieved from /home/airflow/.local/lib/python3.12/site-packages/airflow/example_dags/example_datasets.py
[2026-06-10T22:43:19.394+0000] {logging_mixin.py:188} INFO - [2026-06-10T22:43:19.393+0000] {dag.py:3096} INFO - Sync 10 DAGs
[2026-06-10T22:43:19.428+0000] {logging_mixin.py:188} INFO - [2026-06-10T22:43:19.428+0000] {dag.py:3954} INFO - Setting next_dagrun for conditional_dataset_and_time_based_timetable to 2026-06-10 01:00:00+00:00, run_after=2026-06-10 01:00:00+00:00
[2026-06-10T22:43:19.437+0000] {logging_mixin.py:188} INFO - [2026-06-10T22:43:19.437+0000] {dag.py:3954} INFO - Setting next_dagrun for consume_1_and_2_with_dataset_expressions to None, run_after=None
[2026-06-10T22:43:19.439+0000] {logging_mixin.py:188} INFO - [2026-06-10T22:43:19.438+0000] {dag.py:3954} INFO - Setting next_dagrun for consume_1_or_2_with_dataset_expressions to None, run_after=None
[2026-06-10T22:43:19.440+0000] {logging_mixin.py:188} INFO - [2026-06-10T22:43:19.440+0000] {dag.py:3954} INFO - Setting next_dagrun for consume_1_or_both_2_and_3_with_dataset_expressions to None, run_after=None
[2026-06-10T22:43:19.442+0000] {logging_mixin.py:188} INFO - [2026-06-10T22:43:19.441+0000] {dag.py:3954} INFO - Setting next_dagrun for dataset_consumes_1 to None, run_after=None
[2026-06-10T22:43:19.443+0000] {logging_mixin.py:188} INFO - [2026-06-10T22:43:19.443+0000] {dag.py:3954} INFO - Setting next_dagrun for dataset_consumes_1_and_2 to None, run_after=None
[2026-06-10T22:43:19.444+0000] {logging_mixin.py:188} INFO - [2026-06-10T22:43:19.444+0000] {dag.py:3954} INFO - Setting next_dagrun for dataset_consumes_1_never_scheduled to None, run_after=None
[2026-06-10T22:43:19.445+0000] {logging_mixin.py:188} INFO - [2026-06-10T22:43:19.445+0000] {dag.py:3954} INFO - Setting next_dagrun for dataset_consumes_unknown_never_scheduled to None, run_after=None
[2026-06-10T22:43:19.447+0000] {logging_mixin.py:188} INFO - [2026-06-10T22:43:19.447+0000] {dag.py:3954} INFO - Setting next_dagrun for dataset_produces_1 to 2026-06-09 00:00:00+00:00, run_after=2026-06-10 00:00:00+00:00
[2026-06-10T22:43:19.448+0000] {logging_mixin.py:188} INFO - [2026-06-10T22:43:19.448+0000] {dag.py:3954} INFO - Setting next_dagrun for dataset_produces_2 to None, run_after=None
[2026-06-10T22:43:19.483+0000] {processor.py:183} INFO - Processing /home/airflow/.local/lib/python3.12/site-packages/airflow/example_dags/example_datasets.py took 0.184 seconds
[2026-06-10T22:43:49.571+0000] {processor.py:161} INFO - Started process (PID=3427) to work on /home/airflow/.local/lib/python3.12/site-packages/airflow/example_dags/example_datasets.py
[2026-06-10T22:43:49.576+0000] {processor.py:830} INFO - Processing file /home/airflow/.local/lib/python3.12/site-packages/airflow/example_dags/example_datasets.py for tasks to queue
[2026-06-10T22:43:49.580+0000] {logging_mixin.py:188} INFO - [2026-06-10T22:43:49.580+0000] {dagbag.py:545} INFO - Filling up the DagBag from /home/airflow/.local/lib/python3.12/site-packages/airflow/example_dags/example_datasets.py
[2026-06-10T22:43:49.638+0000] {processor.py:840} INFO - DAG(s) 'consume_1_and_2_with_dataset_expressions', 'dataset_consumes_1_and_2', 'consume_1_or_2_with_dataset_expressions', 'consume_1_or_both_2_and_3_with_dataset_expressions', 'dataset_consumes_1_never_scheduled', 'dataset_consumes_1', 'dataset_consumes_unknown_never_scheduled', 'dataset_produces_1', 'dataset_produces_2', 'conditional_dataset_and_time_based_timetable' retrieved from /home/airflow/.local/lib/python3.12/site-packages/airflow/example_dags/example_datasets.py
[2026-06-10T22:43:49.857+0000] {logging_mixin.py:188} INFO - [2026-06-10T22:43:49.856+0000] {dag.py:3096} INFO - Sync 10 DAGs
[2026-06-10T22:43:50.003+0000] {logging_mixin.py:188} INFO - [2026-06-10T22:43:50.003+0000] {dag.py:3954} INFO - Setting next_dagrun for conditional_dataset_and_time_based_timetable to 2026-06-10 01:00:00+00:00, run_after=2026-06-10 01:00:00+00:00
[2026-06-10T22:43:50.045+0000] {logging_mixin.py:188} INFO - [2026-06-10T22:43:50.045+0000] {dag.py:3954} INFO - Setting next_dagrun for consume_1_and_2_with_dataset_expressions to None, run_after=None
[2026-06-10T22:43:50.055+0000] {logging_mixin.py:188} INFO - [2026-06-10T22:43:50.055+0000] {dag.py:3954} INFO - Setting next_dagrun for consume_1_or_2_with_dataset_expressions to None, run_after=None
[2026-06-10T22:43:50.065+0000] {logging_mixin.py:188} INFO - [2026-06-10T22:43:50.065+0000] {dag.py:3954} INFO - Setting next_dagrun for consume_1_or_both_2_and_3_with_dataset_expressions to None, run_after=None
[2026-06-10T22:43:50.081+0000] {logging_mixin.py:188} INFO - [2026-06-10T22:43:50.081+0000] {dag.py:3954} INFO - Setting next_dagrun for dataset_consumes_1 to None, run_after=None
[2026-06-10T22:43:50.086+0000] {logging_mixin.py:188} INFO - [2026-06-10T22:43:50.084+0000] {dag.py:3954} INFO - Setting next_dagrun for dataset_consumes_1_and_2 to None, run_after=None
[2026-06-10T22:43:50.089+0000] {logging_mixin.py:188} INFO - [2026-06-10T22:43:50.089+0000] {dag.py:3954} INFO - Setting next_dagrun for dataset_consumes_1_never_scheduled to None, run_after=None
[2026-06-10T22:43:50.097+0000] {logging_mixin.py:188} INFO - [2026-06-10T22:43:50.097+0000] {dag.py:3954} INFO - Setting next_dagrun for dataset_consumes_unknown_never_scheduled to None, run_after=None
[2026-06-10T22:43:50.122+0000] {logging_mixin.py:188} INFO - [2026-06-10T22:43:50.122+0000] {dag.py:3954} INFO - Setting next_dagrun for dataset_produces_1 to 2026-06-09 00:00:00+00:00, run_after=2026-06-10 00:00:00+00:00
[2026-06-10T22:43:50.126+0000] {logging_mixin.py:188} INFO - [2026-06-10T22:43:50.126+0000] {dag.py:3954} INFO - Setting next_dagrun for dataset_produces_2 to None, run_after=None
[2026-06-10T22:43:50.242+0000] {processor.py:183} INFO - Processing /home/airflow/.local/lib/python3.12/site-packages/airflow/example_dags/example_datasets.py took 0.695 seconds
[2026-06-10T22:44:20.486+0000] {processor.py:161} INFO - Started process (PID=3488) to work on /home/airflow/.local/lib/python3.12/site-packages/airflow/example_dags/example_datasets.py
[2026-06-10T22:44:20.487+0000] {processor.py:830} INFO - Processing file /home/airflow/.local/lib/python3.12/site-packages/airflow/example_dags/example_datasets.py for tasks to queue
[2026-06-10T22:44:20.489+0000] {logging_mixin.py:188} INFO - [2026-06-10T22:44:20.488+0000] {dagbag.py:545} INFO - Filling up the DagBag from /home/airflow/.local/lib/python3.12/site-packages/airflow/example_dags/example_datasets.py
[2026-06-10T22:44:20.506+0000] {processor.py:840} INFO - DAG(s) 'consume_1_and_2_with_dataset_expressions', 'dataset_consumes_1', 'consume_1_or_2_with_dataset_expressions', 'conditional_dataset_and_time_based_timetable', 'dataset_consumes_1_never_scheduled', 'dataset_consumes_unknown_never_scheduled', 'dataset_produces_1', 'consume_1_or_both_2_and_3_with_dataset_expressions', 'dataset_produces_2', 'dataset_consumes_1_and_2' retrieved from /home/airflow/.local/lib/python3.12/site-packages/airflow/example_dags/example_datasets.py
[2026-06-10T22:44:20.571+0000] {logging_mixin.py:188} INFO - [2026-06-10T22:44:20.570+0000] {dag.py:3096} INFO - Sync 10 DAGs
[2026-06-10T22:44:20.606+0000] {logging_mixin.py:188} INFO - [2026-06-10T22:44:20.605+0000] {dag.py:3954} INFO - Setting next_dagrun for conditional_dataset_and_time_based_timetable to 2026-06-10 01:00:00+00:00, run_after=2026-06-10 01:00:00+00:00
[2026-06-10T22:44:20.609+0000] {logging_mixin.py:188} INFO - [2026-06-10T22:44:20.609+0000] {dag.py:3954} INFO - Setting next_dagrun for consume_1_and_2_with_dataset_expressions to None, run_after=None
[2026-06-10T22:44:20.610+0000] {logging_mixin.py:188} INFO - [2026-06-10T22:44:20.610+0000] {dag.py:3954} INFO - Setting next_dagrun for consume_1_or_2_with_dataset_expressions to None, run_after=None
[2026-06-10T22:44:20.611+0000] {logging_mixin.py:188} INFO - [2026-06-10T22:44:20.611+0000] {dag.py:3954} INFO - Setting next_dagrun for consume_1_or_both_2_and_3_with_dataset_expressions to None, run_after=None
[2026-06-10T22:44:20.612+0000] {logging_mixin.py:188} INFO - [2026-06-10T22:44:20.612+0000] {dag.py:3954} INFO - Setting next_dagrun for dataset_consumes_1 to None, run_after=None
[2026-06-10T22:44:20.613+0000] {logging_mixin.py:188} INFO - [2026-06-10T22:44:20.613+0000] {dag.py:3954} INFO - Setting next_dagrun for dataset_consumes_1_and_2 to None, run_after=None
[2026-06-10T22:44:20.614+0000] {logging_mixin.py:188} INFO - [2026-06-10T22:44:20.614+0000] {dag.py:3954} INFO - Setting next_dagrun for dataset_consumes_1_never_scheduled to None, run_after=None
[2026-06-10T22:44:20.616+0000] {logging_mixin.py:188} INFO - [2026-06-10T22:44:20.615+0000] {dag.py:3954} INFO - Setting next_dagrun for dataset_consumes_unknown_never_scheduled to None, run_after=None
[2026-06-10T22:44:20.618+0000] {logging_mixin.py:188} INFO - [2026-06-10T22:44:20.617+0000] {dag.py:3954} INFO - Setting next_dagrun for dataset_produces_1 to 2026-06-09 00:00:00+00:00, run_after=2026-06-10 00:00:00+00:00
[2026-06-10T22:44:20.619+0000] {logging_mixin.py:188} INFO - [2026-06-10T22:44:20.618+0000] {dag.py:3954} INFO - Setting next_dagrun for dataset_produces_2 to None, run_after=None
[2026-06-10T22:44:20.646+0000] {processor.py:183} INFO - Processing /home/airflow/.local/lib/python3.12/site-packages/airflow/example_dags/example_datasets.py took 0.167 seconds
[2026-06-10T22:44:50.993+0000] {processor.py:161} INFO - Started process (PID=3546) to work on /home/airflow/.local/lib/python3.12/site-packages/airflow/example_dags/example_datasets.py
[2026-06-10T22:44:50.994+0000] {processor.py:830} INFO - Processing file /home/airflow/.local/lib/python3.12/site-packages/airflow/example_dags/example_datasets.py for tasks to queue
[2026-06-10T22:44:50.996+0000] {logging_mixin.py:188} INFO - [2026-06-10T22:44:50.995+0000] {dagbag.py:545} INFO - Filling up the DagBag from /home/airflow/.local/lib/python3.12/site-packages/airflow/example_dags/example_datasets.py
[2026-06-10T22:44:51.015+0000] {processor.py:840} INFO - DAG(s) 'dataset_consumes_unknown_never_scheduled', 'conditional_dataset_and_time_based_timetable', 'dataset_produces_1', 'dataset_produces_2', 'dataset_consumes_1_and_2', 'consume_1_and_2_with_dataset_expressions', 'dataset_consumes_1', 'consume_1_or_both_2_and_3_with_dataset_expressions', 'consume_1_or_2_with_dataset_expressions', 'dataset_consumes_1_never_scheduled' retrieved from /home/airflow/.local/lib/python3.12/site-packages/airflow/example_dags/example_datasets.py
[2026-06-10T22:44:51.076+0000] {logging_mixin.py:188} INFO - [2026-06-10T22:44:51.076+0000] {dag.py:3096} INFO - Sync 10 DAGs
[2026-06-10T22:44:51.110+0000] {logging_mixin.py:188} INFO - [2026-06-10T22:44:51.110+0000] {dag.py:3954} INFO - Setting next_dagrun for conditional_dataset_and_time_based_timetable to 2026-06-10 01:00:00+00:00, run_after=2026-06-10 01:00:00+00:00
[2026-06-10T22:44:51.115+0000] {logging_mixin.py:188} INFO - [2026-06-10T22:44:51.115+0000] {dag.py:3954} INFO - Setting next_dagrun for consume_1_and_2_with_dataset_expressions to None, run_after=None
[2026-06-10T22:44:51.117+0000] {logging_mixin.py:188} INFO - [2026-06-10T22:44:51.116+0000] {dag.py:3954} INFO - Setting next_dagrun for consume_1_or_2_with_dataset_expressions to None, run_after=None
[2026-06-10T22:44:51.118+0000] {logging_mixin.py:188} INFO - [2026-06-10T22:44:51.118+0000] {dag.py:3954} INFO - Setting next_dagrun for consume_1_or_both_2_and_3_with_dataset_expressions to None, run_after=None
[2026-06-10T22:44:51.120+0000] {logging_mixin.py:188} INFO - [2026-06-10T22:44:51.119+0000] {dag.py:3954} INFO - Setting next_dagrun for dataset_consumes_1 to None, run_after=None
[2026-06-10T22:44:51.121+0000] {logging_mixin.py:188} INFO - [2026-06-10T22:44:51.121+0000] {dag.py:3954} INFO - Setting next_dagrun for dataset_consumes_1_and_2 to None, run_after=None
[2026-06-10T22:44:51.123+0000] {logging_mixin.py:188} INFO - [2026-06-10T22:44:51.122+0000] {dag.py:3954} INFO - Setting next_dagrun for dataset_consumes_1_never_scheduled to None, run_after=None
[2026-06-10T22:44:51.124+0000] {logging_mixin.py:188} INFO - [2026-06-10T22:44:51.124+0000] {dag.py:3954} INFO - Setting next_dagrun for dataset_consumes_unknown_never_scheduled to None, run_after=None
[2026-06-10T22:44:51.128+0000] {logging_mixin.py:188} INFO - [2026-06-10T22:44:51.127+0000] {dag.py:3954} INFO - Setting next_dagrun for dataset_produces_1 to 2026-06-09 00:00:00+00:00, run_after=2026-06-10 00:00:00+00:00
[2026-06-10T22:44:51.129+0000] {logging_mixin.py:188} INFO - [2026-06-10T22:44:51.129+0000] {dag.py:3954} INFO - Setting next_dagrun for dataset_produces_2 to None, run_after=None
[2026-06-10T22:44:51.230+0000] {processor.py:183} INFO - Processing /home/airflow/.local/lib/python3.12/site-packages/airflow/example_dags/example_datasets.py took 0.244 seconds
[2026-06-10T22:45:21.820+0000] {processor.py:161} INFO - Started process (PID=3606) to work on /home/airflow/.local/lib/python3.12/site-packages/airflow/example_dags/example_datasets.py
[2026-06-10T22:45:21.821+0000] {processor.py:830} INFO - Processing file /home/airflow/.local/lib/python3.12/site-packages/airflow/example_dags/example_datasets.py for tasks to queue
[2026-06-10T22:45:21.823+0000] {logging_mixin.py:188} INFO - [2026-06-10T22:45:21.822+0000] {dagbag.py:545} INFO - Filling up the DagBag from /home/airflow/.local/lib/python3.12/site-packages/airflow/example_dags/example_datasets.py
[2026-06-10T22:45:21.841+0000] {processor.py:840} INFO - DAG(s) 'consume_1_and_2_with_dataset_expressions', 'consume_1_or_both_2_and_3_with_dataset_expressions', 'dataset_consumes_unknown_never_scheduled', 'dataset_consumes_1_and_2', 'dataset_consumes_1', 'consume_1_or_2_with_dataset_expressions', 'conditional_dataset_and_time_based_timetable', 'dataset_consumes_1_never_scheduled', 'dataset_produces_2', 'dataset_produces_1' retrieved from /home/airflow/.local/lib/python3.12/site-packages/airflow/example_dags/example_datasets.py
[2026-06-10T22:45:21.907+0000] {logging_mixin.py:188} INFO - [2026-06-10T22:45:21.906+0000] {dag.py:3096} INFO - Sync 10 DAGs
[2026-06-10T22:45:21.942+0000] {logging_mixin.py:188} INFO - [2026-06-10T22:45:21.942+0000] {dag.py:3954} INFO - Setting next_dagrun for conditional_dataset_and_time_based_timetable to 2026-06-10 01:00:00+00:00, run_after=2026-06-10 01:00:00+00:00
[2026-06-10T22:45:21.946+0000] {logging_mixin.py:188} INFO - [2026-06-10T22:45:21.946+0000] {dag.py:3954} INFO - Setting next_dagrun for consume_1_and_2_with_dataset_expressions to None, run_after=None
[2026-06-10T22:45:21.947+0000] {logging_mixin.py:188} INFO - [2026-06-10T22:45:21.947+0000] {dag.py:3954} INFO - Setting next_dagrun for consume_1_or_2_with_dataset_expressions to None, run_after=None
[2026-06-10T22:45:21.949+0000] {logging_mixin.py:188} INFO - [2026-06-10T22:45:21.949+0000] {dag.py:3954} INFO - Setting next_dagrun for consume_1_or_both_2_and_3_with_dataset_expressions to None, run_after=None
[2026-06-10T22:45:21.951+0000] {logging_mixin.py:188} INFO - [2026-06-10T22:45:21.951+0000] {dag.py:3954} INFO - Setting next_dagrun for dataset_consumes_1 to None, run_after=None
[2026-06-10T22:45:21.952+0000] {logging_mixin.py:188} INFO - [2026-06-10T22:45:21.952+0000] {dag.py:3954} INFO - Setting next_dagrun for dataset_consumes_1_and_2 to None, run_after=None
[2026-06-10T22:45:21.953+0000] {logging_mixin.py:188} INFO - [2026-06-10T22:45:21.953+0000] {dag.py:3954} INFO - Setting next_dagrun for dataset_consumes_1_never_scheduled to None, run_after=None
[2026-06-10T22:45:21.955+0000] {logging_mixin.py:188} INFO - [2026-06-10T22:45:21.954+0000] {dag.py:3954} INFO - Setting next_dagrun for dataset_consumes_unknown_never_scheduled to None, run_after=None
[2026-06-10T22:45:21.958+0000] {logging_mixin.py:188} INFO - [2026-06-10T22:45:21.957+0000] {dag.py:3954} INFO - Setting next_dagrun for dataset_produces_1 to 2026-06-09 00:00:00+00:00, run_after=2026-06-10 00:00:00+00:00
[2026-06-10T22:45:21.959+0000] {logging_mixin.py:188} INFO - [2026-06-10T22:45:21.959+0000] {dag.py:3954} INFO - Setting next_dagrun for dataset_produces_2 to None, run_after=None
[2026-06-10T22:45:21.997+0000] {processor.py:183} INFO - Processing /home/airflow/.local/lib/python3.12/site-packages/airflow/example_dags/example_datasets.py took 0.184 seconds
[2026-06-10T22:45:52.422+0000] {processor.py:161} INFO - Started process (PID=3667) to work on /home/airflow/.local/lib/python3.12/site-packages/airflow/example_dags/example_datasets.py
[2026-06-10T22:45:52.423+0000] {processor.py:830} INFO - Processing file /home/airflow/.local/lib/python3.12/site-packages/airflow/example_dags/example_datasets.py for tasks to queue
[2026-06-10T22:45:52.425+0000] {logging_mixin.py:188} INFO - [2026-06-10T22:45:52.425+0000] {dagbag.py:545} INFO - Filling up the DagBag from /home/airflow/.local/lib/python3.12/site-packages/airflow/example_dags/example_datasets.py
[2026-06-10T22:45:52.444+0000] {processor.py:840} INFO - DAG(s) 'consume_1_or_2_with_dataset_expressions', 'consume_1_and_2_with_dataset_expressions', 'dataset_consumes_1_and_2', 'conditional_dataset_and_time_based_timetable', 'dataset_consumes_1_never_scheduled', 'consume_1_or_both_2_and_3_with_dataset_expressions', 'dataset_consumes_1', 'dataset_produces_2', 'dataset_produces_1', 'dataset_consumes_unknown_never_scheduled' retrieved from /home/airflow/.local/lib/python3.12/site-packages/airflow/example_dags/example_datasets.py
[2026-06-10T22:45:52.506+0000] {logging_mixin.py:188} INFO - [2026-06-10T22:45:52.506+0000] {dag.py:3096} INFO - Sync 10 DAGs
[2026-06-10T22:45:52.565+0000] {logging_mixin.py:188} INFO - [2026-06-10T22:45:52.565+0000] {dag.py:3954} INFO - Setting next_dagrun for conditional_dataset_and_time_based_timetable to 2026-06-10 01:00:00+00:00, run_after=2026-06-10 01:00:00+00:00
[2026-06-10T22:45:52.580+0000] {logging_mixin.py:188} INFO - [2026-06-10T22:45:52.579+0000] {dag.py:3954} INFO - Setting next_dagrun for consume_1_and_2_with_dataset_expressions to None, run_after=None
[2026-06-10T22:45:52.584+0000] {logging_mixin.py:188} INFO - [2026-06-10T22:45:52.584+0000] {dag.py:3954} INFO - Setting next_dagrun for consume_1_or_2_with_dataset_expressions to None, run_after=None
[2026-06-10T22:45:52.588+0000] {logging_mixin.py:188} INFO - [2026-06-10T22:45:52.587+0000] {dag.py:3954} INFO - Setting next_dagrun for consume_1_or_both_2_and_3_with_dataset_expressions to None, run_after=None
[2026-06-10T22:45:52.591+0000] {logging_mixin.py:188} INFO - [2026-06-10T22:45:52.591+0000] {dag.py:3954} INFO - Setting next_dagrun for dataset_consumes_1 to None, run_after=None
[2026-06-10T22:45:52.595+0000] {logging_mixin.py:188} INFO - [2026-06-10T22:45:52.595+0000] {dag.py:3954} INFO - Setting next_dagrun for dataset_consumes_1_and_2 to None, run_after=None
[2026-06-10T22:45:52.598+0000] {logging_mixin.py:188} INFO - [2026-06-10T22:45:52.598+0000] {dag.py:3954} INFO - Setting next_dagrun for dataset_consumes_1_never_scheduled to None, run_after=None
[2026-06-10T22:45:52.602+0000] {logging_mixin.py:188} INFO - [2026-06-10T22:45:52.601+0000] {dag.py:3954} INFO - Setting next_dagrun for dataset_consumes_unknown_never_scheduled to None, run_after=None
[2026-06-10T22:45:52.612+0000] {logging_mixin.py:188} INFO - [2026-06-10T22:45:52.612+0000] {dag.py:3954} INFO - Setting next_dagrun for dataset_produces_1 to 2026-06-09 00:00:00+00:00, run_after=2026-06-10 00:00:00+00:00
[2026-06-10T22:45:52.617+0000] {logging_mixin.py:188} INFO - [2026-06-10T22:45:52.617+0000] {dag.py:3954} INFO - Setting next_dagrun for dataset_produces_2 to None, run_after=None
[2026-06-10T22:45:52.669+0000] {processor.py:183} INFO - Processing /home/airflow/.local/lib/python3.12/site-packages/airflow/example_dags/example_datasets.py took 0.253 seconds
[2026-06-10T22:46:22.988+0000] {processor.py:161} INFO - Started process (PID=3728) to work on /home/airflow/.local/lib/python3.12/site-packages/airflow/example_dags/example_datasets.py
[2026-06-10T22:46:22.999+0000] {processor.py:830} INFO - Processing file /home/airflow/.local/lib/python3.12/site-packages/airflow/example_dags/example_datasets.py for tasks to queue
[2026-06-10T22:46:23.020+0000] {logging_mixin.py:188} INFO - [2026-06-10T22:46:23.017+0000] {dagbag.py:545} INFO - Filling up the DagBag from /home/airflow/.local/lib/python3.12/site-packages/airflow/example_dags/example_datasets.py
[2026-06-10T22:46:23.166+0000] {processor.py:840} INFO - DAG(s) 'dataset_consumes_1', 'dataset_consumes_unknown_never_scheduled', 'dataset_consumes_1_never_scheduled', 'dataset_consumes_1_and_2', 'dataset_produces_2', 'consume_1_or_both_2_and_3_with_dataset_expressions', 'dataset_produces_1', 'conditional_dataset_and_time_based_timetable', 'consume_1_and_2_with_dataset_expressions', 'consume_1_or_2_with_dataset_expressions' retrieved from /home/airflow/.local/lib/python3.12/site-packages/airflow/example_dags/example_datasets.py
[2026-06-10T22:46:23.381+0000] {logging_mixin.py:188} INFO - [2026-06-10T22:46:23.380+0000] {dag.py:3096} INFO - Sync 10 DAGs
[2026-06-10T22:46:23.474+0000] {logging_mixin.py:188} INFO - [2026-06-10T22:46:23.474+0000] {dag.py:3954} INFO - Setting next_dagrun for conditional_dataset_and_time_based_timetable to 2026-06-10 01:00:00+00:00, run_after=2026-06-10 01:00:00+00:00
[2026-06-10T22:46:23.489+0000] {logging_mixin.py:188} INFO - [2026-06-10T22:46:23.489+0000] {dag.py:3954} INFO - Setting next_dagrun for consume_1_and_2_with_dataset_expressions to None, run_after=None
[2026-06-10T22:46:23.495+0000] {logging_mixin.py:188} INFO - [2026-06-10T22:46:23.495+0000] {dag.py:3954} INFO - Setting next_dagrun for consume_1_or_2_with_dataset_expressions to None, run_after=None
[2026-06-10T22:46:23.500+0000] {logging_mixin.py:188} INFO - [2026-06-10T22:46:23.500+0000] {dag.py:3954} INFO - Setting next_dagrun for consume_1_or_both_2_and_3_with_dataset_expressions to None, run_after=None
[2026-06-10T22:46:23.503+0000] {logging_mixin.py:188} INFO - [2026-06-10T22:46:23.503+0000] {dag.py:3954} INFO - Setting next_dagrun for dataset_consumes_1 to None, run_after=None
[2026-06-10T22:46:23.508+0000] {logging_mixin.py:188} INFO - [2026-06-10T22:46:23.508+0000] {dag.py:3954} INFO - Setting next_dagrun for dataset_consumes_1_and_2 to None, run_after=None
[2026-06-10T22:46:23.514+0000] {logging_mixin.py:188} INFO - [2026-06-10T22:46:23.511+0000] {dag.py:3954} INFO - Setting next_dagrun for dataset_consumes_1_never_scheduled to None, run_after=None
[2026-06-10T22:46:23.517+0000] {logging_mixin.py:188} INFO - [2026-06-10T22:46:23.517+0000] {dag.py:3954} INFO - Setting next_dagrun for dataset_consumes_unknown_never_scheduled to None, run_after=None
[2026-06-10T22:46:23.526+0000] {logging_mixin.py:188} INFO - [2026-06-10T22:46:23.526+0000] {dag.py:3954} INFO - Setting next_dagrun for dataset_produces_1 to 2026-06-09 00:00:00+00:00, run_after=2026-06-10 00:00:00+00:00
[2026-06-10T22:46:23.530+0000] {logging_mixin.py:188} INFO - [2026-06-10T22:46:23.529+0000] {dag.py:3954} INFO - Setting next_dagrun for dataset_produces_2 to None, run_after=None
[2026-06-10T22:46:23.642+0000] {processor.py:183} INFO - Processing /home/airflow/.local/lib/python3.12/site-packages/airflow/example_dags/example_datasets.py took 0.679 seconds
[2026-06-10T22:46:54.636+0000] {processor.py:161} INFO - Started process (PID=3791) to work on /home/airflow/.local/lib/python3.12/site-packages/airflow/example_dags/example_datasets.py
[2026-06-10T22:46:54.641+0000] {processor.py:830} INFO - Processing file /home/airflow/.local/lib/python3.12/site-packages/airflow/example_dags/example_datasets.py for tasks to queue
[2026-06-10T22:46:54.647+0000] {logging_mixin.py:188} INFO - [2026-06-10T22:46:54.647+0000] {dagbag.py:545} INFO - Filling up the DagBag from /home/airflow/.local/lib/python3.12/site-packages/airflow/example_dags/example_datasets.py
[2026-06-10T22:46:54.698+0000] {processor.py:840} INFO - DAG(s) 'dataset_produces_1', 'dataset_produces_2', 'dataset_consumes_unknown_never_scheduled', 'conditional_dataset_and_time_based_timetable', 'consume_1_and_2_with_dataset_expressions', 'dataset_consumes_1', 'consume_1_or_2_with_dataset_expressions', 'dataset_consumes_1_never_scheduled', 'dataset_consumes_1_and_2', 'consume_1_or_both_2_and_3_with_dataset_expressions' retrieved from /home/airflow/.local/lib/python3.12/site-packages/airflow/example_dags/example_datasets.py
[2026-06-10T22:46:54.834+0000] {logging_mixin.py:188} INFO - [2026-06-10T22:46:54.834+0000] {dag.py:3096} INFO - Sync 10 DAGs
[2026-06-10T22:46:54.906+0000] {logging_mixin.py:188} INFO - [2026-06-10T22:46:54.905+0000] {dag.py:3954} INFO - Setting next_dagrun for conditional_dataset_and_time_based_timetable to 2026-06-10 01:00:00+00:00, run_after=2026-06-10 01:00:00+00:00
[2026-06-10T22:46:54.914+0000] {logging_mixin.py:188} INFO - [2026-06-10T22:46:54.914+0000] {dag.py:3954} INFO - Setting next_dagrun for consume_1_and_2_with_dataset_expressions to None, run_after=None
[2026-06-10T22:46:54.918+0000] {logging_mixin.py:188} INFO - [2026-06-10T22:46:54.918+0000] {dag.py:3954} INFO - Setting next_dagrun for consume_1_or_2_with_dataset_expressions to None, run_after=None
[2026-06-10T22:46:54.930+0000] {logging_mixin.py:188} INFO - [2026-06-10T22:46:54.929+0000] {dag.py:3954} INFO - Setting next_dagrun for consume_1_or_both_2_and_3_with_dataset_expressions to None, run_after=None
[2026-06-10T22:46:54.934+0000] {logging_mixin.py:188} INFO - [2026-06-10T22:46:54.933+0000] {dag.py:3954} INFO - Setting next_dagrun for dataset_consumes_1 to None, run_after=None
[2026-06-10T22:46:54.939+0000] {logging_mixin.py:188} INFO - [2026-06-10T22:46:54.939+0000] {dag.py:3954} INFO - Setting next_dagrun for dataset_consumes_1_and_2 to None, run_after=None
[2026-06-10T22:46:54.942+0000] {logging_mixin.py:188} INFO - [2026-06-10T22:46:54.941+0000] {dag.py:3954} INFO - Setting next_dagrun for dataset_consumes_1_never_scheduled to None, run_after=None
[2026-06-10T22:46:54.949+0000] {logging_mixin.py:188} INFO - [2026-06-10T22:46:54.949+0000] {dag.py:3954} INFO - Setting next_dagrun for dataset_consumes_unknown_never_scheduled to None, run_after=None
[2026-06-10T22:46:54.956+0000] {logging_mixin.py:188} INFO - [2026-06-10T22:46:54.955+0000] {dag.py:3954} INFO - Setting next_dagrun for dataset_produces_1 to 2026-06-09 00:00:00+00:00, run_after=2026-06-10 00:00:00+00:00
[2026-06-10T22:46:54.959+0000] {logging_mixin.py:188} INFO - [2026-06-10T22:46:54.959+0000] {dag.py:3954} INFO - Setting next_dagrun for dataset_produces_2 to None, run_after=None
[2026-06-10T22:46:55.042+0000] {processor.py:183} INFO - Processing /home/airflow/.local/lib/python3.12/site-packages/airflow/example_dags/example_datasets.py took 0.436 seconds
[2026-06-10T22:47:25.805+0000] {processor.py:161} INFO - Started process (PID=3852) to work on /home/airflow/.local/lib/python3.12/site-packages/airflow/example_dags/example_datasets.py
[2026-06-10T22:47:25.807+0000] {processor.py:830} INFO - Processing file /home/airflow/.local/lib/python3.12/site-packages/airflow/example_dags/example_datasets.py for tasks to queue
[2026-06-10T22:47:25.811+0000] {logging_mixin.py:188} INFO - [2026-06-10T22:47:25.810+0000] {dagbag.py:545} INFO - Filling up the DagBag from /home/airflow/.local/lib/python3.12/site-packages/airflow/example_dags/example_datasets.py
[2026-06-10T22:47:25.837+0000] {processor.py:840} INFO - DAG(s) 'dataset_consumes_1_and_2', 'dataset_produces_2', 'consume_1_or_both_2_and_3_with_dataset_expressions', 'dataset_produces_1', 'conditional_dataset_and_time_based_timetable', 'consume_1_or_2_with_dataset_expressions', 'dataset_consumes_unknown_never_scheduled', 'dataset_consumes_1', 'dataset_consumes_1_never_scheduled', 'consume_1_and_2_with_dataset_expressions' retrieved from /home/airflow/.local/lib/python3.12/site-packages/airflow/example_dags/example_datasets.py
[2026-06-10T22:47:25.913+0000] {logging_mixin.py:188} INFO - [2026-06-10T22:47:25.913+0000] {dag.py:3096} INFO - Sync 10 DAGs
[2026-06-10T22:47:25.960+0000] {logging_mixin.py:188} INFO - [2026-06-10T22:47:25.960+0000] {dag.py:3954} INFO - Setting next_dagrun for conditional_dataset_and_time_based_timetable to 2026-06-10 01:00:00+00:00, run_after=2026-06-10 01:00:00+00:00
[2026-06-10T22:47:25.965+0000] {logging_mixin.py:188} INFO - [2026-06-10T22:47:25.965+0000] {dag.py:3954} INFO - Setting next_dagrun for consume_1_and_2_with_dataset_expressions to None, run_after=None
[2026-06-10T22:47:25.968+0000] {logging_mixin.py:188} INFO - [2026-06-10T22:47:25.968+0000] {dag.py:3954} INFO - Setting next_dagrun for consume_1_or_2_with_dataset_expressions to None, run_after=None
[2026-06-10T22:47:25.970+0000] {logging_mixin.py:188} INFO - [2026-06-10T22:47:25.969+0000] {dag.py:3954} INFO - Setting next_dagrun for consume_1_or_both_2_and_3_with_dataset_expressions to None, run_after=None
[2026-06-10T22:47:25.971+0000] {logging_mixin.py:188} INFO - [2026-06-10T22:47:25.971+0000] {dag.py:3954} INFO - Setting next_dagrun for dataset_consumes_1 to None, run_after=None
[2026-06-10T22:47:25.973+0000] {logging_mixin.py:188} INFO - [2026-06-10T22:47:25.973+0000] {dag.py:3954} INFO - Setting next_dagrun for dataset_consumes_1_and_2 to None, run_after=None
[2026-06-10T22:47:25.974+0000] {logging_mixin.py:188} INFO - [2026-06-10T22:47:25.974+0000] {dag.py:3954} INFO - Setting next_dagrun for dataset_consumes_1_never_scheduled to None, run_after=None
[2026-06-10T22:47:25.976+0000] {logging_mixin.py:188} INFO - [2026-06-10T22:47:25.976+0000] {dag.py:3954} INFO - Setting next_dagrun for dataset_consumes_unknown_never_scheduled to None, run_after=None
[2026-06-10T22:47:25.980+0000] {logging_mixin.py:188} INFO - [2026-06-10T22:47:25.979+0000] {dag.py:3954} INFO - Setting next_dagrun for dataset_produces_1 to 2026-06-09 00:00:00+00:00, run_after=2026-06-10 00:00:00+00:00
[2026-06-10T22:47:25.981+0000] {logging_mixin.py:188} INFO - [2026-06-10T22:47:25.981+0000] {dag.py:3954} INFO - Setting next_dagrun for dataset_produces_2 to None, run_after=None
[2026-06-10T22:47:26.020+0000] {processor.py:183} INFO - Processing /home/airflow/.local/lib/python3.12/site-packages/airflow/example_dags/example_datasets.py took 0.225 seconds
[2026-06-10T22:47:56.740+0000] {processor.py:161} INFO - Started process (PID=3913) to work on /home/airflow/.local/lib/python3.12/site-packages/airflow/example_dags/example_datasets.py
[2026-06-10T22:47:56.741+0000] {processor.py:830} INFO - Processing file /home/airflow/.local/lib/python3.12/site-packages/airflow/example_dags/example_datasets.py for tasks to queue
[2026-06-10T22:47:56.743+0000] {logging_mixin.py:188} INFO - [2026-06-10T22:47:56.743+0000] {dagbag.py:545} INFO - Filling up the DagBag from /home/airflow/.local/lib/python3.12/site-packages/airflow/example_dags/example_datasets.py
[2026-06-10T22:47:56.762+0000] {processor.py:840} INFO - DAG(s) 'consume_1_and_2_with_dataset_expressions', 'dataset_consumes_1_never_scheduled', 'dataset_consumes_1_and_2', 'conditional_dataset_and_time_based_timetable', 'dataset_produces_2', 'consume_1_or_both_2_and_3_with_dataset_expressions', 'dataset_consumes_unknown_never_scheduled', 'dataset_consumes_1', 'dataset_produces_1', 'consume_1_or_2_with_dataset_expressions' retrieved from /home/airflow/.local/lib/python3.12/site-packages/airflow/example_dags/example_datasets.py
[2026-06-10T22:47:56.841+0000] {logging_mixin.py:188} INFO - [2026-06-10T22:47:56.840+0000] {dag.py:3096} INFO - Sync 10 DAGs
[2026-06-10T22:47:56.878+0000] {logging_mixin.py:188} INFO - [2026-06-10T22:47:56.878+0000] {dag.py:3954} INFO - Setting next_dagrun for conditional_dataset_and_time_based_timetable to 2026-06-10 01:00:00+00:00, run_after=2026-06-10 01:00:00+00:00
[2026-06-10T22:47:56.883+0000] {logging_mixin.py:188} INFO - [2026-06-10T22:47:56.882+0000] {dag.py:3954} INFO - Setting next_dagrun for consume_1_and_2_with_dataset_expressions to None, run_after=None
[2026-06-10T22:47:56.884+0000] {logging_mixin.py:188} INFO - [2026-06-10T22:47:56.884+0000] {dag.py:3954} INFO - Setting next_dagrun for consume_1_or_2_with_dataset_expressions to None, run_after=None
[2026-06-10T22:47:56.886+0000] {logging_mixin.py:188} INFO - [2026-06-10T22:47:56.885+0000] {dag.py:3954} INFO - Setting next_dagrun for consume_1_or_both_2_and_3_with_dataset_expressions to None, run_after=None
[2026-06-10T22:47:56.887+0000] {logging_mixin.py:188} INFO - [2026-06-10T22:47:56.887+0000] {dag.py:3954} INFO - Setting next_dagrun for dataset_consumes_1 to None, run_after=None
[2026-06-10T22:47:56.889+0000] {logging_mixin.py:188} INFO - [2026-06-10T22:47:56.888+0000] {dag.py:3954} INFO - Setting next_dagrun for dataset_consumes_1_and_2 to None, run_after=None
[2026-06-10T22:47:56.890+0000] {logging_mixin.py:188} INFO - [2026-06-10T22:47:56.890+0000] {dag.py:3954} INFO - Setting next_dagrun for dataset_consumes_1_never_scheduled to None, run_after=None
[2026-06-10T22:47:56.891+0000] {logging_mixin.py:188} INFO - [2026-06-10T22:47:56.891+0000] {dag.py:3954} INFO - Setting next_dagrun for dataset_consumes_unknown_never_scheduled to None, run_after=None
[2026-06-10T22:47:56.895+0000] {logging_mixin.py:188} INFO - [2026-06-10T22:47:56.894+0000] {dag.py:3954} INFO - Setting next_dagrun for dataset_produces_1 to 2026-06-09 00:00:00+00:00, run_after=2026-06-10 00:00:00+00:00
[2026-06-10T22:47:56.896+0000] {logging_mixin.py:188} INFO - [2026-06-10T22:47:56.896+0000] {dag.py:3954} INFO - Setting next_dagrun for dataset_produces_2 to None, run_after=None
[2026-06-10T22:47:56.935+0000] {processor.py:183} INFO - Processing /home/airflow/.local/lib/python3.12/site-packages/airflow/example_dags/example_datasets.py took 0.203 seconds
[2026-06-10T22:48:27.779+0000] {processor.py:161} INFO - Started process (PID=3973) to work on /home/airflow/.local/lib/python3.12/site-packages/airflow/example_dags/example_datasets.py
[2026-06-10T22:48:27.783+0000] {processor.py:830} INFO - Processing file /home/airflow/.local/lib/python3.12/site-packages/airflow/example_dags/example_datasets.py for tasks to queue
[2026-06-10T22:48:27.800+0000] {logging_mixin.py:188} INFO - [2026-06-10T22:48:27.792+0000] {dagbag.py:545} INFO - Filling up the DagBag from /home/airflow/.local/lib/python3.12/site-packages/airflow/example_dags/example_datasets.py
[2026-06-10T22:48:27.884+0000] {processor.py:840} INFO - DAG(s) 'dataset_produces_2', 'dataset_consumes_1_never_scheduled', 'dataset_consumes_1', 'consume_1_or_both_2_and_3_with_dataset_expressions', 'conditional_dataset_and_time_based_timetable', 'dataset_produces_1', 'dataset_consumes_1_and_2', 'consume_1_and_2_with_dataset_expressions', 'dataset_consumes_unknown_never_scheduled', 'consume_1_or_2_with_dataset_expressions' retrieved from /home/airflow/.local/lib/python3.12/site-packages/airflow/example_dags/example_datasets.py
[2026-06-10T22:48:28.119+0000] {logging_mixin.py:188} INFO - [2026-06-10T22:48:28.119+0000] {dag.py:3096} INFO - Sync 10 DAGs
[2026-06-10T22:48:28.200+0000] {logging_mixin.py:188} INFO - [2026-06-10T22:48:28.199+0000] {dag.py:3954} INFO - Setting next_dagrun for conditional_dataset_and_time_based_timetable to 2026-06-10 01:00:00+00:00, run_after=2026-06-10 01:00:00+00:00
[2026-06-10T22:48:28.208+0000] {logging_mixin.py:188} INFO - [2026-06-10T22:48:28.208+0000] {dag.py:3954} INFO - Setting next_dagrun for consume_1_and_2_with_dataset_expressions to None, run_after=None
[2026-06-10T22:48:28.210+0000] {logging_mixin.py:188} INFO - [2026-06-10T22:48:28.209+0000] {dag.py:3954} INFO - Setting next_dagrun for consume_1_or_2_with_dataset_expressions to None, run_after=None
[2026-06-10T22:48:28.211+0000] {logging_mixin.py:188} INFO - [2026-06-10T22:48:28.211+0000] {dag.py:3954} INFO - Setting next_dagrun for consume_1_or_both_2_and_3_with_dataset_expressions to None, run_after=None
[2026-06-10T22:48:28.213+0000] {logging_mixin.py:188} INFO - [2026-06-10T22:48:28.212+0000] {dag.py:3954} INFO - Setting next_dagrun for dataset_consumes_1 to None, run_after=None
[2026-06-10T22:48:28.214+0000] {logging_mixin.py:188} INFO - [2026-06-10T22:48:28.214+0000] {dag.py:3954} INFO - Setting next_dagrun for dataset_consumes_1_and_2 to None, run_after=None
[2026-06-10T22:48:28.215+0000] {logging_mixin.py:188} INFO - [2026-06-10T22:48:28.215+0000] {dag.py:3954} INFO - Setting next_dagrun for dataset_consumes_1_never_scheduled to None, run_after=None
[2026-06-10T22:48:28.217+0000] {logging_mixin.py:188} INFO - [2026-06-10T22:48:28.216+0000] {dag.py:3954} INFO - Setting next_dagrun for dataset_consumes_unknown_never_scheduled to None, run_after=None
[2026-06-10T22:48:28.220+0000] {logging_mixin.py:188} INFO - [2026-06-10T22:48:28.219+0000] {dag.py:3954} INFO - Setting next_dagrun for dataset_produces_1 to 2026-06-09 00:00:00+00:00, run_after=2026-06-10 00:00:00+00:00
[2026-06-10T22:48:28.221+0000] {logging_mixin.py:188} INFO - [2026-06-10T22:48:28.221+0000] {dag.py:3954} INFO - Setting next_dagrun for dataset_produces_2 to None, run_after=None
[2026-06-10T22:48:28.307+0000] {processor.py:183} INFO - Processing /home/airflow/.local/lib/python3.12/site-packages/airflow/example_dags/example_datasets.py took 0.555 seconds
[2026-06-10T22:48:59.074+0000] {processor.py:161} INFO - Started process (PID=4034) to work on /home/airflow/.local/lib/python3.12/site-packages/airflow/example_dags/example_datasets.py
[2026-06-10T22:48:59.075+0000] {processor.py:830} INFO - Processing file /home/airflow/.local/lib/python3.12/site-packages/airflow/example_dags/example_datasets.py for tasks to queue
[2026-06-10T22:48:59.077+0000] {logging_mixin.py:188} INFO - [2026-06-10T22:48:59.077+0000] {dagbag.py:545} INFO - Filling up the DagBag from /home/airflow/.local/lib/python3.12/site-packages/airflow/example_dags/example_datasets.py
[2026-06-10T22:48:59.097+0000] {processor.py:840} INFO - DAG(s) 'dataset_produces_2', 'consume_1_or_2_with_dataset_expressions', 'consume_1_or_both_2_and_3_with_dataset_expressions', 'consume_1_and_2_with_dataset_expressions', 'conditional_dataset_and_time_based_timetable', 'dataset_consumes_1_and_2', 'dataset_consumes_1', 'dataset_consumes_1_never_scheduled', 'dataset_consumes_unknown_never_scheduled', 'dataset_produces_1' retrieved from /home/airflow/.local/lib/python3.12/site-packages/airflow/example_dags/example_datasets.py
[2026-06-10T22:48:59.162+0000] {logging_mixin.py:188} INFO - [2026-06-10T22:48:59.161+0000] {dag.py:3096} INFO - Sync 10 DAGs
[2026-06-10T22:48:59.197+0000] {logging_mixin.py:188} INFO - [2026-06-10T22:48:59.197+0000] {dag.py:3954} INFO - Setting next_dagrun for conditional_dataset_and_time_based_timetable to 2026-06-10 01:00:00+00:00, run_after=2026-06-10 01:00:00+00:00
[2026-06-10T22:48:59.202+0000] {logging_mixin.py:188} INFO - [2026-06-10T22:48:59.202+0000] {dag.py:3954} INFO - Setting next_dagrun for consume_1_and_2_with_dataset_expressions to None, run_after=None
[2026-06-10T22:48:59.204+0000] {logging_mixin.py:188} INFO - [2026-06-10T22:48:59.203+0000] {dag.py:3954} INFO - Setting next_dagrun for consume_1_or_2_with_dataset_expressions to None, run_after=None
[2026-06-10T22:48:59.205+0000] {logging_mixin.py:188} INFO - [2026-06-10T22:48:59.205+0000] {dag.py:3954} INFO - Setting next_dagrun for consume_1_or_both_2_and_3_with_dataset_expressions to None, run_after=None
[2026-06-10T22:48:59.207+0000] {logging_mixin.py:188} INFO - [2026-06-10T22:48:59.206+0000] {dag.py:3954} INFO - Setting next_dagrun for dataset_consumes_1 to None, run_after=None
[2026-06-10T22:48:59.208+0000] {logging_mixin.py:188} INFO - [2026-06-10T22:48:59.208+0000] {dag.py:3954} INFO - Setting next_dagrun for dataset_consumes_1_and_2 to None, run_after=None
[2026-06-10T22:48:59.210+0000] {logging_mixin.py:188} INFO - [2026-06-10T22:48:59.209+0000] {dag.py:3954} INFO - Setting next_dagrun for dataset_consumes_1_never_scheduled to None, run_after=None
[2026-06-10T22:48:59.211+0000] {logging_mixin.py:188} INFO - [2026-06-10T22:48:59.211+0000] {dag.py:3954} INFO - Setting next_dagrun for dataset_consumes_unknown_never_scheduled to None, run_after=None
[2026-06-10T22:48:59.214+0000] {logging_mixin.py:188} INFO - [2026-06-10T22:48:59.214+0000] {dag.py:3954} INFO - Setting next_dagrun for dataset_produces_1 to 2026-06-09 00:00:00+00:00, run_after=2026-06-10 00:00:00+00:00
[2026-06-10T22:48:59.216+0000] {logging_mixin.py:188} INFO - [2026-06-10T22:48:59.216+0000] {dag.py:3954} INFO - Setting next_dagrun for dataset_produces_2 to None, run_after=None
[2026-06-10T22:48:59.269+0000] {processor.py:183} INFO - Processing /home/airflow/.local/lib/python3.12/site-packages/airflow/example_dags/example_datasets.py took 0.207 seconds
[2026-06-10T22:49:29.857+0000] {processor.py:161} INFO - Started process (PID=4095) to work on /home/airflow/.local/lib/python3.12/site-packages/airflow/example_dags/example_datasets.py
[2026-06-10T22:49:29.858+0000] {processor.py:830} INFO - Processing file /home/airflow/.local/lib/python3.12/site-packages/airflow/example_dags/example_datasets.py for tasks to queue
[2026-06-10T22:49:29.862+0000] {logging_mixin.py:188} INFO - [2026-06-10T22:49:29.862+0000] {dagbag.py:545} INFO - Filling up the DagBag from /home/airflow/.local/lib/python3.12/site-packages/airflow/example_dags/example_datasets.py
[2026-06-10T22:49:29.988+0000] {processor.py:840} INFO - DAG(s) 'dataset_produces_1', 'consume_1_or_2_with_dataset_expressions', 'consume_1_and_2_with_dataset_expressions', 'dataset_consumes_1_never_scheduled', 'dataset_produces_2', 'consume_1_or_both_2_and_3_with_dataset_expressions', 'dataset_consumes_1', 'dataset_consumes_1_and_2', 'conditional_dataset_and_time_based_timetable', 'dataset_consumes_unknown_never_scheduled' retrieved from /home/airflow/.local/lib/python3.12/site-packages/airflow/example_dags/example_datasets.py
[2026-06-10T22:49:30.133+0000] {logging_mixin.py:188} INFO - [2026-06-10T22:49:30.132+0000] {dag.py:3096} INFO - Sync 10 DAGs
[2026-06-10T22:49:30.232+0000] {logging_mixin.py:188} INFO - [2026-06-10T22:49:30.227+0000] {dag.py:3954} INFO - Setting next_dagrun for conditional_dataset_and_time_based_timetable to 2026-06-10 01:00:00+00:00, run_after=2026-06-10 01:00:00+00:00
[2026-06-10T22:49:30.254+0000] {logging_mixin.py:188} INFO - [2026-06-10T22:49:30.253+0000] {dag.py:3954} INFO - Setting next_dagrun for consume_1_and_2_with_dataset_expressions to None, run_after=None
[2026-06-10T22:49:30.258+0000] {logging_mixin.py:188} INFO - [2026-06-10T22:49:30.257+0000] {dag.py:3954} INFO - Setting next_dagrun for consume_1_or_2_with_dataset_expressions to None, run_after=None
[2026-06-10T22:49:30.263+0000] {logging_mixin.py:188} INFO - [2026-06-10T22:49:30.263+0000] {dag.py:3954} INFO - Setting next_dagrun for consume_1_or_both_2_and_3_with_dataset_expressions to None, run_after=None
[2026-06-10T22:49:30.267+0000] {logging_mixin.py:188} INFO - [2026-06-10T22:49:30.267+0000] {dag.py:3954} INFO - Setting next_dagrun for dataset_consumes_1 to None, run_after=None
[2026-06-10T22:49:30.271+0000] {logging_mixin.py:188} INFO - [2026-06-10T22:49:30.271+0000] {dag.py:3954} INFO - Setting next_dagrun for dataset_consumes_1_and_2 to None, run_after=None
[2026-06-10T22:49:30.274+0000] {logging_mixin.py:188} INFO - [2026-06-10T22:49:30.274+0000] {dag.py:3954} INFO - Setting next_dagrun for dataset_consumes_1_never_scheduled to None, run_after=None
[2026-06-10T22:49:30.278+0000] {logging_mixin.py:188} INFO - [2026-06-10T22:49:30.277+0000] {dag.py:3954} INFO - Setting next_dagrun for dataset_consumes_unknown_never_scheduled to None, run_after=None
[2026-06-10T22:49:30.287+0000] {logging_mixin.py:188} INFO - [2026-06-10T22:49:30.286+0000] {dag.py:3954} INFO - Setting next_dagrun for dataset_produces_1 to 2026-06-09 00:00:00+00:00, run_after=2026-06-10 00:00:00+00:00
[2026-06-10T22:49:30.290+0000] {logging_mixin.py:188} INFO - [2026-06-10T22:49:30.290+0000] {dag.py:3954} INFO - Setting next_dagrun for dataset_produces_2 to None, run_after=None
[2026-06-10T22:49:30.355+0000] {processor.py:183} INFO - Processing /home/airflow/.local/lib/python3.12/site-packages/airflow/example_dags/example_datasets.py took 0.516 seconds
[2026-06-10T22:50:01.185+0000] {processor.py:161} INFO - Started process (PID=4156) to work on /home/airflow/.local/lib/python3.12/site-packages/airflow/example_dags/example_datasets.py
[2026-06-10T22:50:01.194+0000] {processor.py:830} INFO - Processing file /home/airflow/.local/lib/python3.12/site-packages/airflow/example_dags/example_datasets.py for tasks to queue
[2026-06-10T22:50:01.199+0000] {logging_mixin.py:188} INFO - [2026-06-10T22:50:01.198+0000] {dagbag.py:545} INFO - Filling up the DagBag from /home/airflow/.local/lib/python3.12/site-packages/airflow/example_dags/example_datasets.py
[2026-06-10T22:50:01.263+0000] {processor.py:840} INFO - DAG(s) 'dataset_produces_1', 'consume_1_or_2_with_dataset_expressions', 'conditional_dataset_and_time_based_timetable', 'consume_1_and_2_with_dataset_expressions', 'dataset_consumes_1_and_2', 'dataset_produces_2', 'dataset_consumes_1', 'dataset_consumes_1_never_scheduled', 'dataset_consumes_unknown_never_scheduled', 'consume_1_or_both_2_and_3_with_dataset_expressions' retrieved from /home/airflow/.local/lib/python3.12/site-packages/airflow/example_dags/example_datasets.py
[2026-06-10T22:50:01.451+0000] {logging_mixin.py:188} INFO - [2026-06-10T22:50:01.451+0000] {dag.py:3096} INFO - Sync 10 DAGs
[2026-06-10T22:50:01.529+0000] {logging_mixin.py:188} INFO - [2026-06-10T22:50:01.529+0000] {dag.py:3954} INFO - Setting next_dagrun for conditional_dataset_and_time_based_timetable to 2026-06-10 01:00:00+00:00, run_after=2026-06-10 01:00:00+00:00
[2026-06-10T22:50:01.538+0000] {logging_mixin.py:188} INFO - [2026-06-10T22:50:01.538+0000] {dag.py:3954} INFO - Setting next_dagrun for consume_1_and_2_with_dataset_expressions to None, run_after=None
[2026-06-10T22:50:01.542+0000] {logging_mixin.py:188} INFO - [2026-06-10T22:50:01.541+0000] {dag.py:3954} INFO - Setting next_dagrun for consume_1_or_2_with_dataset_expressions to None, run_after=None
[2026-06-10T22:50:01.547+0000] {logging_mixin.py:188} INFO - [2026-06-10T22:50:01.547+0000] {dag.py:3954} INFO - Setting next_dagrun for consume_1_or_both_2_and_3_with_dataset_expressions to None, run_after=None
[2026-06-10T22:50:01.555+0000] {logging_mixin.py:188} INFO - [2026-06-10T22:50:01.552+0000] {dag.py:3954} INFO - Setting next_dagrun for dataset_consumes_1 to None, run_after=None
[2026-06-10T22:50:01.559+0000] {logging_mixin.py:188} INFO - [2026-06-10T22:50:01.559+0000] {dag.py:3954} INFO - Setting next_dagrun for dataset_consumes_1_and_2 to None, run_after=None
[2026-06-10T22:50:01.565+0000] {logging_mixin.py:188} INFO - [2026-06-10T22:50:01.565+0000] {dag.py:3954} INFO - Setting next_dagrun for dataset_consumes_1_never_scheduled to None, run_after=None
[2026-06-10T22:50:01.572+0000] {logging_mixin.py:188} INFO - [2026-06-10T22:50:01.569+0000] {dag.py:3954} INFO - Setting next_dagrun for dataset_consumes_unknown_never_scheduled to None, run_after=None
[2026-06-10T22:50:01.580+0000] {logging_mixin.py:188} INFO - [2026-06-10T22:50:01.579+0000] {dag.py:3954} INFO - Setting next_dagrun for dataset_produces_1 to 2026-06-09 00:00:00+00:00, run_after=2026-06-10 00:00:00+00:00
[2026-06-10T22:50:01.583+0000] {logging_mixin.py:188} INFO - [2026-06-10T22:50:01.583+0000] {dag.py:3954} INFO - Setting next_dagrun for dataset_produces_2 to None, run_after=None
[2026-06-10T22:50:01.660+0000] {processor.py:183} INFO - Processing /home/airflow/.local/lib/python3.12/site-packages/airflow/example_dags/example_datasets.py took 0.508 seconds
[2026-06-10T22:50:32.635+0000] {processor.py:161} INFO - Started process (PID=4217) to work on /home/airflow/.local/lib/python3.12/site-packages/airflow/example_dags/example_datasets.py
[2026-06-10T22:50:32.642+0000] {processor.py:830} INFO - Processing file /home/airflow/.local/lib/python3.12/site-packages/airflow/example_dags/example_datasets.py for tasks to queue
[2026-06-10T22:50:32.645+0000] {logging_mixin.py:188} INFO - [2026-06-10T22:50:32.644+0000] {dagbag.py:545} INFO - Filling up the DagBag from /home/airflow/.local/lib/python3.12/site-packages/airflow/example_dags/example_datasets.py
[2026-06-10T22:50:32.750+0000] {processor.py:840} INFO - DAG(s) 'dataset_produces_1', 'dataset_produces_2', 'dataset_consumes_1_and_2', 'dataset_consumes_unknown_never_scheduled', 'consume_1_or_2_with_dataset_expressions', 'consume_1_and_2_with_dataset_expressions', 'consume_1_or_both_2_and_3_with_dataset_expressions', 'conditional_dataset_and_time_based_timetable', 'dataset_consumes_1_never_scheduled', 'dataset_consumes_1' retrieved from /home/airflow/.local/lib/python3.12/site-packages/airflow/example_dags/example_datasets.py
[2026-06-10T22:50:32.844+0000] {logging_mixin.py:188} INFO - [2026-06-10T22:50:32.843+0000] {dag.py:3096} INFO - Sync 10 DAGs
[2026-06-10T22:50:32.886+0000] {logging_mixin.py:188} INFO - [2026-06-10T22:50:32.885+0000] {dag.py:3954} INFO - Setting next_dagrun for conditional_dataset_and_time_based_timetable to 2026-06-10 01:00:00+00:00, run_after=2026-06-10 01:00:00+00:00
[2026-06-10T22:50:32.896+0000] {logging_mixin.py:188} INFO - [2026-06-10T22:50:32.895+0000] {dag.py:3954} INFO - Setting next_dagrun for consume_1_and_2_with_dataset_expressions to None, run_after=None
[2026-06-10T22:50:32.898+0000] {logging_mixin.py:188} INFO - [2026-06-10T22:50:32.898+0000] {dag.py:3954} INFO - Setting next_dagrun for consume_1_or_2_with_dataset_expressions to None, run_after=None
[2026-06-10T22:50:32.899+0000] {logging_mixin.py:188} INFO - [2026-06-10T22:50:32.899+0000] {dag.py:3954} INFO - Setting next_dagrun for consume_1_or_both_2_and_3_with_dataset_expressions to None, run_after=None
[2026-06-10T22:50:32.901+0000] {logging_mixin.py:188} INFO - [2026-06-10T22:50:32.900+0000] {dag.py:3954} INFO - Setting next_dagrun for dataset_consumes_1 to None, run_after=None
[2026-06-10T22:50:32.902+0000] {logging_mixin.py:188} INFO - [2026-06-10T22:50:32.902+0000] {dag.py:3954} INFO - Setting next_dagrun for dataset_consumes_1_and_2 to None, run_after=None
[2026-06-10T22:50:32.904+0000] {logging_mixin.py:188} INFO - [2026-06-10T22:50:32.903+0000] {dag.py:3954} INFO - Setting next_dagrun for dataset_consumes_1_never_scheduled to None, run_after=None
[2026-06-10T22:50:32.905+0000] {logging_mixin.py:188} INFO - [2026-06-10T22:50:32.905+0000] {dag.py:3954} INFO - Setting next_dagrun for dataset_consumes_unknown_never_scheduled to None, run_after=None
[2026-06-10T22:50:32.908+0000] {logging_mixin.py:188} INFO - [2026-06-10T22:50:32.908+0000] {dag.py:3954} INFO - Setting next_dagrun for dataset_produces_1 to 2026-06-09 00:00:00+00:00, run_after=2026-06-10 00:00:00+00:00
[2026-06-10T22:50:32.910+0000] {logging_mixin.py:188} INFO - [2026-06-10T22:50:32.910+0000] {dag.py:3954} INFO - Setting next_dagrun for dataset_produces_2 to None, run_after=None
[2026-06-10T22:50:32.992+0000] {processor.py:183} INFO - Processing /home/airflow/.local/lib/python3.12/site-packages/airflow/example_dags/example_datasets.py took 0.368 seconds
[2026-06-10T22:51:03.842+0000] {processor.py:161} INFO - Started process (PID=4278) to work on /home/airflow/.local/lib/python3.12/site-packages/airflow/example_dags/example_datasets.py
[2026-06-10T22:51:03.845+0000] {processor.py:830} INFO - Processing file /home/airflow/.local/lib/python3.12/site-packages/airflow/example_dags/example_datasets.py for tasks to queue
[2026-06-10T22:51:03.847+0000] {logging_mixin.py:188} INFO - [2026-06-10T22:51:03.847+0000] {dagbag.py:545} INFO - Filling up the DagBag from /home/airflow/.local/lib/python3.12/site-packages/airflow/example_dags/example_datasets.py
[2026-06-10T22:51:03.957+0000] {processor.py:840} INFO - DAG(s) 'dataset_consumes_1_and_2', 'consume_1_and_2_with_dataset_expressions', 'conditional_dataset_and_time_based_timetable', 'dataset_consumes_1_never_scheduled', 'dataset_consumes_unknown_never_scheduled', 'consume_1_or_2_with_dataset_expressions', 'dataset_consumes_1', 'consume_1_or_both_2_and_3_with_dataset_expressions', 'dataset_produces_2', 'dataset_produces_1' retrieved from /home/airflow/.local/lib/python3.12/site-packages/airflow/example_dags/example_datasets.py
[2026-06-10T22:51:04.081+0000] {logging_mixin.py:188} INFO - [2026-06-10T22:51:04.081+0000] {dag.py:3096} INFO - Sync 10 DAGs
[2026-06-10T22:51:04.153+0000] {logging_mixin.py:188} INFO - [2026-06-10T22:51:04.153+0000] {dag.py:3954} INFO - Setting next_dagrun for conditional_dataset_and_time_based_timetable to 2026-06-10 01:00:00+00:00, run_after=2026-06-10 01:00:00+00:00
[2026-06-10T22:51:04.166+0000] {logging_mixin.py:188} INFO - [2026-06-10T22:51:04.166+0000] {dag.py:3954} INFO - Setting next_dagrun for consume_1_and_2_with_dataset_expressions to None, run_after=None
[2026-06-10T22:51:04.170+0000] {logging_mixin.py:188} INFO - [2026-06-10T22:51:04.169+0000] {dag.py:3954} INFO - Setting next_dagrun for consume_1_or_2_with_dataset_expressions to None, run_after=None
[2026-06-10T22:51:04.173+0000] {logging_mixin.py:188} INFO - [2026-06-10T22:51:04.173+0000] {dag.py:3954} INFO - Setting next_dagrun for consume_1_or_both_2_and_3_with_dataset_expressions to None, run_after=None
[2026-06-10T22:51:04.176+0000] {logging_mixin.py:188} INFO - [2026-06-10T22:51:04.176+0000] {dag.py:3954} INFO - Setting next_dagrun for dataset_consumes_1 to None, run_after=None
[2026-06-10T22:51:04.181+0000] {logging_mixin.py:188} INFO - [2026-06-10T22:51:04.181+0000] {dag.py:3954} INFO - Setting next_dagrun for dataset_consumes_1_and_2 to None, run_after=None
[2026-06-10T22:51:04.184+0000] {logging_mixin.py:188} INFO - [2026-06-10T22:51:04.184+0000] {dag.py:3954} INFO - Setting next_dagrun for dataset_consumes_1_never_scheduled to None, run_after=None
[2026-06-10T22:51:04.187+0000] {logging_mixin.py:188} INFO - [2026-06-10T22:51:04.187+0000] {dag.py:3954} INFO - Setting next_dagrun for dataset_consumes_unknown_never_scheduled to None, run_after=None
[2026-06-10T22:51:04.194+0000] {logging_mixin.py:188} INFO - [2026-06-10T22:51:04.194+0000] {dag.py:3954} INFO - Setting next_dagrun for dataset_produces_1 to 2026-06-09 00:00:00+00:00, run_after=2026-06-10 00:00:00+00:00
[2026-06-10T22:51:04.197+0000] {logging_mixin.py:188} INFO - [2026-06-10T22:51:04.197+0000] {dag.py:3954} INFO - Setting next_dagrun for dataset_produces_2 to None, run_after=None
[2026-06-10T22:51:04.286+0000] {processor.py:183} INFO - Processing /home/airflow/.local/lib/python3.12/site-packages/airflow/example_dags/example_datasets.py took 0.456 seconds
[2026-06-10T22:51:35.202+0000] {processor.py:161} INFO - Started process (PID=4339) to work on /home/airflow/.local/lib/python3.12/site-packages/airflow/example_dags/example_datasets.py
[2026-06-10T22:51:35.213+0000] {processor.py:830} INFO - Processing file /home/airflow/.local/lib/python3.12/site-packages/airflow/example_dags/example_datasets.py for tasks to queue
[2026-06-10T22:51:35.222+0000] {logging_mixin.py:188} INFO - [2026-06-10T22:51:35.222+0000] {dagbag.py:545} INFO - Filling up the DagBag from /home/airflow/.local/lib/python3.12/site-packages/airflow/example_dags/example_datasets.py
[2026-06-10T22:51:35.291+0000] {processor.py:840} INFO - DAG(s) 'dataset_consumes_1_and_2', 'consume_1_or_2_with_dataset_expressions', 'dataset_consumes_1', 'dataset_consumes_1_never_scheduled', 'conditional_dataset_and_time_based_timetable', 'dataset_consumes_unknown_never_scheduled', 'consume_1_or_both_2_and_3_with_dataset_expressions', 'consume_1_and_2_with_dataset_expressions', 'dataset_produces_2', 'dataset_produces_1' retrieved from /home/airflow/.local/lib/python3.12/site-packages/airflow/example_dags/example_datasets.py
[2026-06-10T22:51:35.385+0000] {logging_mixin.py:188} INFO - [2026-06-10T22:51:35.385+0000] {dag.py:3096} INFO - Sync 10 DAGs
[2026-06-10T22:51:35.423+0000] {logging_mixin.py:188} INFO - [2026-06-10T22:51:35.422+0000] {dag.py:3954} INFO - Setting next_dagrun for conditional_dataset_and_time_based_timetable to 2026-06-10 01:00:00+00:00, run_after=2026-06-10 01:00:00+00:00
[2026-06-10T22:51:35.427+0000] {logging_mixin.py:188} INFO - [2026-06-10T22:51:35.427+0000] {dag.py:3954} INFO - Setting next_dagrun for consume_1_and_2_with_dataset_expressions to None, run_after=None
[2026-06-10T22:51:35.429+0000] {logging_mixin.py:188} INFO - [2026-06-10T22:51:35.429+0000] {dag.py:3954} INFO - Setting next_dagrun for consume_1_or_2_with_dataset_expressions to None, run_after=None
[2026-06-10T22:51:35.430+0000] {logging_mixin.py:188} INFO - [2026-06-10T22:51:35.430+0000] {dag.py:3954} INFO - Setting next_dagrun for consume_1_or_both_2_and_3_with_dataset_expressions to None, run_after=None
[2026-06-10T22:51:35.432+0000] {logging_mixin.py:188} INFO - [2026-06-10T22:51:35.431+0000] {dag.py:3954} INFO - Setting next_dagrun for dataset_consumes_1 to None, run_after=None
[2026-06-10T22:51:35.433+0000] {logging_mixin.py:188} INFO - [2026-06-10T22:51:35.433+0000] {dag.py:3954} INFO - Setting next_dagrun for dataset_consumes_1_and_2 to None, run_after=None
[2026-06-10T22:51:35.438+0000] {logging_mixin.py:188} INFO - [2026-06-10T22:51:35.437+0000] {dag.py:3954} INFO - Setting next_dagrun for dataset_consumes_1_never_scheduled to None, run_after=None
[2026-06-10T22:51:35.440+0000] {logging_mixin.py:188} INFO - [2026-06-10T22:51:35.440+0000] {dag.py:3954} INFO - Setting next_dagrun for dataset_consumes_unknown_never_scheduled to None, run_after=None
[2026-06-10T22:51:35.445+0000] {logging_mixin.py:188} INFO - [2026-06-10T22:51:35.445+0000] {dag.py:3954} INFO - Setting next_dagrun for dataset_produces_1 to 2026-06-09 00:00:00+00:00, run_after=2026-06-10 00:00:00+00:00
[2026-06-10T22:51:35.446+0000] {logging_mixin.py:188} INFO - [2026-06-10T22:51:35.446+0000] {dag.py:3954} INFO - Setting next_dagrun for dataset_produces_2 to None, run_after=None
[2026-06-10T22:51:35.507+0000] {processor.py:183} INFO - Processing /home/airflow/.local/lib/python3.12/site-packages/airflow/example_dags/example_datasets.py took 0.313 seconds
[2026-06-10T22:52:06.443+0000] {processor.py:161} INFO - Started process (PID=4400) to work on /home/airflow/.local/lib/python3.12/site-packages/airflow/example_dags/example_datasets.py
[2026-06-10T22:52:06.444+0000] {processor.py:830} INFO - Processing file /home/airflow/.local/lib/python3.12/site-packages/airflow/example_dags/example_datasets.py for tasks to queue
[2026-06-10T22:52:06.446+0000] {logging_mixin.py:188} INFO - [2026-06-10T22:52:06.446+0000] {dagbag.py:545} INFO - Filling up the DagBag from /home/airflow/.local/lib/python3.12/site-packages/airflow/example_dags/example_datasets.py
[2026-06-10T22:52:06.468+0000] {processor.py:840} INFO - DAG(s) 'dataset_produces_1', 'conditional_dataset_and_time_based_timetable', 'consume_1_and_2_with_dataset_expressions', 'dataset_consumes_1_never_scheduled', 'dataset_consumes_1', 'dataset_consumes_1_and_2', 'consume_1_or_both_2_and_3_with_dataset_expressions', 'dataset_produces_2', 'dataset_consumes_unknown_never_scheduled', 'consume_1_or_2_with_dataset_expressions' retrieved from /home/airflow/.local/lib/python3.12/site-packages/airflow/example_dags/example_datasets.py
[2026-06-10T22:52:06.547+0000] {logging_mixin.py:188} INFO - [2026-06-10T22:52:06.547+0000] {dag.py:3096} INFO - Sync 10 DAGs
[2026-06-10T22:52:06.583+0000] {logging_mixin.py:188} INFO - [2026-06-10T22:52:06.583+0000] {dag.py:3954} INFO - Setting next_dagrun for conditional_dataset_and_time_based_timetable to 2026-06-10 01:00:00+00:00, run_after=2026-06-10 01:00:00+00:00
[2026-06-10T22:52:06.588+0000] {logging_mixin.py:188} INFO - [2026-06-10T22:52:06.588+0000] {dag.py:3954} INFO - Setting next_dagrun for consume_1_and_2_with_dataset_expressions to None, run_after=None
[2026-06-10T22:52:06.589+0000] {logging_mixin.py:188} INFO - [2026-06-10T22:52:06.589+0000] {dag.py:3954} INFO - Setting next_dagrun for consume_1_or_2_with_dataset_expressions to None, run_after=None
[2026-06-10T22:52:06.591+0000] {logging_mixin.py:188} INFO - [2026-06-10T22:52:06.591+0000] {dag.py:3954} INFO - Setting next_dagrun for consume_1_or_both_2_and_3_with_dataset_expressions to None, run_after=None
[2026-06-10T22:52:06.592+0000] {logging_mixin.py:188} INFO - [2026-06-10T22:52:06.592+0000] {dag.py:3954} INFO - Setting next_dagrun for dataset_consumes_1 to None, run_after=None
[2026-06-10T22:52:06.594+0000] {logging_mixin.py:188} INFO - [2026-06-10T22:52:06.593+0000] {dag.py:3954} INFO - Setting next_dagrun for dataset_consumes_1_and_2 to None, run_after=None
[2026-06-10T22:52:06.595+0000] {logging_mixin.py:188} INFO - [2026-06-10T22:52:06.595+0000] {dag.py:3954} INFO - Setting next_dagrun for dataset_consumes_1_never_scheduled to None, run_after=None
[2026-06-10T22:52:06.597+0000] {logging_mixin.py:188} INFO - [2026-06-10T22:52:06.597+0000] {dag.py:3954} INFO - Setting next_dagrun for dataset_consumes_unknown_never_scheduled to None, run_after=None
[2026-06-10T22:52:06.603+0000] {logging_mixin.py:188} INFO - [2026-06-10T22:52:06.603+0000] {dag.py:3954} INFO - Setting next_dagrun for dataset_produces_1 to 2026-06-09 00:00:00+00:00, run_after=2026-06-10 00:00:00+00:00
[2026-06-10T22:52:06.608+0000] {logging_mixin.py:188} INFO - [2026-06-10T22:52:06.608+0000] {dag.py:3954} INFO - Setting next_dagrun for dataset_produces_2 to None, run_after=None
[2026-06-10T22:52:06.658+0000] {processor.py:183} INFO - Processing /home/airflow/.local/lib/python3.12/site-packages/airflow/example_dags/example_datasets.py took 0.222 seconds
[2026-06-10T22:52:37.156+0000] {processor.py:161} INFO - Started process (PID=4461) to work on /home/airflow/.local/lib/python3.12/site-packages/airflow/example_dags/example_datasets.py
[2026-06-10T22:52:37.159+0000] {processor.py:830} INFO - Processing file /home/airflow/.local/lib/python3.12/site-packages/airflow/example_dags/example_datasets.py for tasks to queue
[2026-06-10T22:52:37.161+0000] {logging_mixin.py:188} INFO - [2026-06-10T22:52:37.161+0000] {dagbag.py:545} INFO - Filling up the DagBag from /home/airflow/.local/lib/python3.12/site-packages/airflow/example_dags/example_datasets.py
[2026-06-10T22:52:37.198+0000] {processor.py:840} INFO - DAG(s) 'dataset_consumes_unknown_never_scheduled', 'conditional_dataset_and_time_based_timetable', 'dataset_consumes_1', 'consume_1_and_2_with_dataset_expressions', 'dataset_produces_1', 'dataset_produces_2', 'dataset_consumes_1_never_scheduled', 'consume_1_or_both_2_and_3_with_dataset_expressions', 'consume_1_or_2_with_dataset_expressions', 'dataset_consumes_1_and_2' retrieved from /home/airflow/.local/lib/python3.12/site-packages/airflow/example_dags/example_datasets.py
[2026-06-10T22:52:37.276+0000] {logging_mixin.py:188} INFO - [2026-06-10T22:52:37.276+0000] {dag.py:3096} INFO - Sync 10 DAGs
[2026-06-10T22:52:37.314+0000] {logging_mixin.py:188} INFO - [2026-06-10T22:52:37.314+0000] {dag.py:3954} INFO - Setting next_dagrun for conditional_dataset_and_time_based_timetable to 2026-06-10 01:00:00+00:00, run_after=2026-06-10 01:00:00+00:00
[2026-06-10T22:52:37.319+0000] {logging_mixin.py:188} INFO - [2026-06-10T22:52:37.319+0000] {dag.py:3954} INFO - Setting next_dagrun for consume_1_and_2_with_dataset_expressions to None, run_after=None
[2026-06-10T22:52:37.320+0000] {logging_mixin.py:188} INFO - [2026-06-10T22:52:37.320+0000] {dag.py:3954} INFO - Setting next_dagrun for consume_1_or_2_with_dataset_expressions to None, run_after=None
[2026-06-10T22:52:37.322+0000] {logging_mixin.py:188} INFO - [2026-06-10T22:52:37.322+0000] {dag.py:3954} INFO - Setting next_dagrun for consume_1_or_both_2_and_3_with_dataset_expressions to None, run_after=None
[2026-06-10T22:52:37.323+0000] {logging_mixin.py:188} INFO - [2026-06-10T22:52:37.323+0000] {dag.py:3954} INFO - Setting next_dagrun for dataset_consumes_1 to None, run_after=None
[2026-06-10T22:52:37.325+0000] {logging_mixin.py:188} INFO - [2026-06-10T22:52:37.325+0000] {dag.py:3954} INFO - Setting next_dagrun for dataset_consumes_1_and_2 to None, run_after=None
[2026-06-10T22:52:37.326+0000] {logging_mixin.py:188} INFO - [2026-06-10T22:52:37.326+0000] {dag.py:3954} INFO - Setting next_dagrun for dataset_consumes_1_never_scheduled to None, run_after=None
[2026-06-10T22:52:37.328+0000] {logging_mixin.py:188} INFO - [2026-06-10T22:52:37.327+0000] {dag.py:3954} INFO - Setting next_dagrun for dataset_consumes_unknown_never_scheduled to None, run_after=None
[2026-06-10T22:52:37.332+0000] {logging_mixin.py:188} INFO - [2026-06-10T22:52:37.332+0000] {dag.py:3954} INFO - Setting next_dagrun for dataset_produces_1 to 2026-06-09 00:00:00+00:00, run_after=2026-06-10 00:00:00+00:00
[2026-06-10T22:52:37.334+0000] {logging_mixin.py:188} INFO - [2026-06-10T22:52:37.333+0000] {dag.py:3954} INFO - Setting next_dagrun for dataset_produces_2 to None, run_after=None
[2026-06-10T22:52:37.379+0000] {processor.py:183} INFO - Processing /home/airflow/.local/lib/python3.12/site-packages/airflow/example_dags/example_datasets.py took 0.230 seconds
[2026-06-10T22:53:07.440+0000] {processor.py:161} INFO - Started process (PID=4521) to work on /home/airflow/.local/lib/python3.12/site-packages/airflow/example_dags/example_datasets.py
[2026-06-10T22:53:07.446+0000] {processor.py:830} INFO - Processing file /home/airflow/.local/lib/python3.12/site-packages/airflow/example_dags/example_datasets.py for tasks to queue
[2026-06-10T22:53:07.449+0000] {logging_mixin.py:188} INFO - [2026-06-10T22:53:07.448+0000] {dagbag.py:545} INFO - Filling up the DagBag from /home/airflow/.local/lib/python3.12/site-packages/airflow/example_dags/example_datasets.py
[2026-06-10T22:53:07.479+0000] {processor.py:840} INFO - DAG(s) 'consume_1_or_2_with_dataset_expressions', 'consume_1_or_both_2_and_3_with_dataset_expressions', 'consume_1_and_2_with_dataset_expressions', 'dataset_produces_1', 'conditional_dataset_and_time_based_timetable', 'dataset_consumes_unknown_never_scheduled', 'dataset_consumes_1_and_2', 'dataset_produces_2', 'dataset_consumes_1_never_scheduled', 'dataset_consumes_1' retrieved from /home/airflow/.local/lib/python3.12/site-packages/airflow/example_dags/example_datasets.py
[2026-06-10T22:53:07.552+0000] {logging_mixin.py:188} INFO - [2026-06-10T22:53:07.551+0000] {dag.py:3096} INFO - Sync 10 DAGs
[2026-06-10T22:53:07.600+0000] {logging_mixin.py:188} INFO - [2026-06-10T22:53:07.600+0000] {dag.py:3954} INFO - Setting next_dagrun for conditional_dataset_and_time_based_timetable to 2026-06-10 01:00:00+00:00, run_after=2026-06-10 01:00:00+00:00
[2026-06-10T22:53:07.611+0000] {logging_mixin.py:188} INFO - [2026-06-10T22:53:07.611+0000] {dag.py:3954} INFO - Setting next_dagrun for consume_1_and_2_with_dataset_expressions to None, run_after=None
[2026-06-10T22:53:07.616+0000] {logging_mixin.py:188} INFO - [2026-06-10T22:53:07.616+0000] {dag.py:3954} INFO - Setting next_dagrun for consume_1_or_2_with_dataset_expressions to None, run_after=None
[2026-06-10T22:53:07.619+0000] {logging_mixin.py:188} INFO - [2026-06-10T22:53:07.619+0000] {dag.py:3954} INFO - Setting next_dagrun for consume_1_or_both_2_and_3_with_dataset_expressions to None, run_after=None
[2026-06-10T22:53:07.621+0000] {logging_mixin.py:188} INFO - [2026-06-10T22:53:07.621+0000] {dag.py:3954} INFO - Setting next_dagrun for dataset_consumes_1 to None, run_after=None
[2026-06-10T22:53:07.628+0000] {logging_mixin.py:188} INFO - [2026-06-10T22:53:07.628+0000] {dag.py:3954} INFO - Setting next_dagrun for dataset_consumes_1_and_2 to None, run_after=None
[2026-06-10T22:53:07.630+0000] {logging_mixin.py:188} INFO - [2026-06-10T22:53:07.630+0000] {dag.py:3954} INFO - Setting next_dagrun for dataset_consumes_1_never_scheduled to None, run_after=None
[2026-06-10T22:53:07.635+0000] {logging_mixin.py:188} INFO - [2026-06-10T22:53:07.635+0000] {dag.py:3954} INFO - Setting next_dagrun for dataset_consumes_unknown_never_scheduled to None, run_after=None
[2026-06-10T22:53:07.642+0000] {logging_mixin.py:188} INFO - [2026-06-10T22:53:07.642+0000] {dag.py:3954} INFO - Setting next_dagrun for dataset_produces_1 to 2026-06-09 00:00:00+00:00, run_after=2026-06-10 00:00:00+00:00
[2026-06-10T22:53:07.645+0000] {logging_mixin.py:188} INFO - [2026-06-10T22:53:07.645+0000] {dag.py:3954} INFO - Setting next_dagrun for dataset_produces_2 to None, run_after=None
[2026-06-10T22:53:07.712+0000] {processor.py:183} INFO - Processing /home/airflow/.local/lib/python3.12/site-packages/airflow/example_dags/example_datasets.py took 0.287 seconds
[2026-06-10T22:53:38.312+0000] {processor.py:161} INFO - Started process (PID=4583) to work on /home/airflow/.local/lib/python3.12/site-packages/airflow/example_dags/example_datasets.py
[2026-06-10T22:53:38.314+0000] {processor.py:830} INFO - Processing file /home/airflow/.local/lib/python3.12/site-packages/airflow/example_dags/example_datasets.py for tasks to queue
[2026-06-10T22:53:38.316+0000] {logging_mixin.py:188} INFO - [2026-06-10T22:53:38.316+0000] {dagbag.py:545} INFO - Filling up the DagBag from /home/airflow/.local/lib/python3.12/site-packages/airflow/example_dags/example_datasets.py
[2026-06-10T22:53:38.357+0000] {processor.py:840} INFO - DAG(s) 'conditional_dataset_and_time_based_timetable', 'dataset_produces_1', 'consume_1_or_both_2_and_3_with_dataset_expressions', 'dataset_consumes_1_and_2', 'dataset_consumes_unknown_never_scheduled', 'dataset_produces_2', 'dataset_consumes_1', 'consume_1_or_2_with_dataset_expressions', 'dataset_consumes_1_never_scheduled', 'consume_1_and_2_with_dataset_expressions' retrieved from /home/airflow/.local/lib/python3.12/site-packages/airflow/example_dags/example_datasets.py
[2026-06-10T22:53:38.432+0000] {logging_mixin.py:188} INFO - [2026-06-10T22:53:38.431+0000] {dag.py:3096} INFO - Sync 10 DAGs
[2026-06-10T22:53:38.472+0000] {logging_mixin.py:188} INFO - [2026-06-10T22:53:38.472+0000] {dag.py:3954} INFO - Setting next_dagrun for conditional_dataset_and_time_based_timetable to 2026-06-10 01:00:00+00:00, run_after=2026-06-10 01:00:00+00:00
[2026-06-10T22:53:38.477+0000] {logging_mixin.py:188} INFO - [2026-06-10T22:53:38.477+0000] {dag.py:3954} INFO - Setting next_dagrun for consume_1_and_2_with_dataset_expressions to None, run_after=None
[2026-06-10T22:53:38.478+0000] {logging_mixin.py:188} INFO - [2026-06-10T22:53:38.478+0000] {dag.py:3954} INFO - Setting next_dagrun for consume_1_or_2_with_dataset_expressions to None, run_after=None
[2026-06-10T22:53:38.480+0000] {logging_mixin.py:188} INFO - [2026-06-10T22:53:38.480+0000] {dag.py:3954} INFO - Setting next_dagrun for consume_1_or_both_2_and_3_with_dataset_expressions to None, run_after=None
[2026-06-10T22:53:38.482+0000] {logging_mixin.py:188} INFO - [2026-06-10T22:53:38.481+0000] {dag.py:3954} INFO - Setting next_dagrun for dataset_consumes_1 to None, run_after=None
[2026-06-10T22:53:38.483+0000] {logging_mixin.py:188} INFO - [2026-06-10T22:53:38.483+0000] {dag.py:3954} INFO - Setting next_dagrun for dataset_consumes_1_and_2 to None, run_after=None
[2026-06-10T22:53:38.485+0000] {logging_mixin.py:188} INFO - [2026-06-10T22:53:38.484+0000] {dag.py:3954} INFO - Setting next_dagrun for dataset_consumes_1_never_scheduled to None, run_after=None
[2026-06-10T22:53:38.486+0000] {logging_mixin.py:188} INFO - [2026-06-10T22:53:38.486+0000] {dag.py:3954} INFO - Setting next_dagrun for dataset_consumes_unknown_never_scheduled to None, run_after=None
[2026-06-10T22:53:38.489+0000] {logging_mixin.py:188} INFO - [2026-06-10T22:53:38.489+0000] {dag.py:3954} INFO - Setting next_dagrun for dataset_produces_1 to 2026-06-09 00:00:00+00:00, run_after=2026-06-10 00:00:00+00:00
[2026-06-10T22:53:38.491+0000] {logging_mixin.py:188} INFO - [2026-06-10T22:53:38.490+0000] {dag.py:3954} INFO - Setting next_dagrun for dataset_produces_2 to None, run_after=None
[2026-06-10T22:53:38.533+0000] {processor.py:183} INFO - Processing /home/airflow/.local/lib/python3.12/site-packages/airflow/example_dags/example_datasets.py took 0.229 seconds
[2026-06-10T22:54:08.785+0000] {processor.py:161} INFO - Started process (PID=4644) to work on /home/airflow/.local/lib/python3.12/site-packages/airflow/example_dags/example_datasets.py
[2026-06-10T22:54:08.788+0000] {processor.py:830} INFO - Processing file /home/airflow/.local/lib/python3.12/site-packages/airflow/example_dags/example_datasets.py for tasks to queue
[2026-06-10T22:54:08.790+0000] {logging_mixin.py:188} INFO - [2026-06-10T22:54:08.790+0000] {dagbag.py:545} INFO - Filling up the DagBag from /home/airflow/.local/lib/python3.12/site-packages/airflow/example_dags/example_datasets.py
[2026-06-10T22:54:08.831+0000] {processor.py:840} INFO - DAG(s) 'dataset_produces_1', 'consume_1_and_2_with_dataset_expressions', 'conditional_dataset_and_time_based_timetable', 'dataset_consumes_1_and_2', 'consume_1_or_2_with_dataset_expressions', 'dataset_produces_2', 'consume_1_or_both_2_and_3_with_dataset_expressions', 'dataset_consumes_unknown_never_scheduled', 'dataset_consumes_1_never_scheduled', 'dataset_consumes_1' retrieved from /home/airflow/.local/lib/python3.12/site-packages/airflow/example_dags/example_datasets.py
[2026-06-10T22:54:08.896+0000] {logging_mixin.py:188} INFO - [2026-06-10T22:54:08.896+0000] {dag.py:3096} INFO - Sync 10 DAGs
[2026-06-10T22:54:08.933+0000] {logging_mixin.py:188} INFO - [2026-06-10T22:54:08.933+0000] {dag.py:3954} INFO - Setting next_dagrun for conditional_dataset_and_time_based_timetable to 2026-06-10 01:00:00+00:00, run_after=2026-06-10 01:00:00+00:00
[2026-06-10T22:54:08.938+0000] {logging_mixin.py:188} INFO - [2026-06-10T22:54:08.938+0000] {dag.py:3954} INFO - Setting next_dagrun for consume_1_and_2_with_dataset_expressions to None, run_after=None
[2026-06-10T22:54:08.940+0000] {logging_mixin.py:188} INFO - [2026-06-10T22:54:08.939+0000] {dag.py:3954} INFO - Setting next_dagrun for consume_1_or_2_with_dataset_expressions to None, run_after=None
[2026-06-10T22:54:08.941+0000] {logging_mixin.py:188} INFO - [2026-06-10T22:54:08.941+0000] {dag.py:3954} INFO - Setting next_dagrun for consume_1_or_both_2_and_3_with_dataset_expressions to None, run_after=None
[2026-06-10T22:54:08.943+0000] {logging_mixin.py:188} INFO - [2026-06-10T22:54:08.943+0000] {dag.py:3954} INFO - Setting next_dagrun for dataset_consumes_1 to None, run_after=None
[2026-06-10T22:54:08.945+0000] {logging_mixin.py:188} INFO - [2026-06-10T22:54:08.945+0000] {dag.py:3954} INFO - Setting next_dagrun for dataset_consumes_1_and_2 to None, run_after=None
[2026-06-10T22:54:08.947+0000] {logging_mixin.py:188} INFO - [2026-06-10T22:54:08.947+0000] {dag.py:3954} INFO - Setting next_dagrun for dataset_consumes_1_never_scheduled to None, run_after=None
[2026-06-10T22:54:08.948+0000] {logging_mixin.py:188} INFO - [2026-06-10T22:54:08.948+0000] {dag.py:3954} INFO - Setting next_dagrun for dataset_consumes_unknown_never_scheduled to None, run_after=None
[2026-06-10T22:54:08.952+0000] {logging_mixin.py:188} INFO - [2026-06-10T22:54:08.952+0000] {dag.py:3954} INFO - Setting next_dagrun for dataset_produces_1 to 2026-06-09 00:00:00+00:00, run_after=2026-06-10 00:00:00+00:00
[2026-06-10T22:54:08.954+0000] {logging_mixin.py:188} INFO - [2026-06-10T22:54:08.954+0000] {dag.py:3954} INFO - Setting next_dagrun for dataset_produces_2 to None, run_after=None
[2026-06-10T22:54:09.030+0000] {processor.py:183} INFO - Processing /home/airflow/.local/lib/python3.12/site-packages/airflow/example_dags/example_datasets.py took 0.253 seconds
[2026-06-10T22:54:39.524+0000] {processor.py:161} INFO - Started process (PID=4705) to work on /home/airflow/.local/lib/python3.12/site-packages/airflow/example_dags/example_datasets.py
[2026-06-10T22:54:39.527+0000] {processor.py:830} INFO - Processing file /home/airflow/.local/lib/python3.12/site-packages/airflow/example_dags/example_datasets.py for tasks to queue
[2026-06-10T22:54:39.534+0000] {logging_mixin.py:188} INFO - [2026-06-10T22:54:39.531+0000] {dagbag.py:545} INFO - Filling up the DagBag from /home/airflow/.local/lib/python3.12/site-packages/airflow/example_dags/example_datasets.py
[2026-06-10T22:54:39.627+0000] {processor.py:840} INFO - DAG(s) 'dataset_consumes_1_and_2', 'dataset_consumes_1_never_scheduled', 'dataset_consumes_unknown_never_scheduled', 'consume_1_or_both_2_and_3_with_dataset_expressions', 'dataset_produces_1', 'dataset_produces_2', 'consume_1_or_2_with_dataset_expressions', 'dataset_consumes_1', 'consume_1_and_2_with_dataset_expressions', 'conditional_dataset_and_time_based_timetable' retrieved from /home/airflow/.local/lib/python3.12/site-packages/airflow/example_dags/example_datasets.py
[2026-06-10T22:54:39.730+0000] {logging_mixin.py:188} INFO - [2026-06-10T22:54:39.730+0000] {dag.py:3096} INFO - Sync 10 DAGs
[2026-06-10T22:54:39.776+0000] {logging_mixin.py:188} INFO - [2026-06-10T22:54:39.776+0000] {dag.py:3954} INFO - Setting next_dagrun for conditional_dataset_and_time_based_timetable to 2026-06-10 01:00:00+00:00, run_after=2026-06-10 01:00:00+00:00
[2026-06-10T22:54:39.782+0000] {logging_mixin.py:188} INFO - [2026-06-10T22:54:39.782+0000] {dag.py:3954} INFO - Setting next_dagrun for consume_1_and_2_with_dataset_expressions to None, run_after=None
[2026-06-10T22:54:39.784+0000] {logging_mixin.py:188} INFO - [2026-06-10T22:54:39.784+0000] {dag.py:3954} INFO - Setting next_dagrun for consume_1_or_2_with_dataset_expressions to None, run_after=None
[2026-06-10T22:54:39.786+0000] {logging_mixin.py:188} INFO - [2026-06-10T22:54:39.786+0000] {dag.py:3954} INFO - Setting next_dagrun for consume_1_or_both_2_and_3_with_dataset_expressions to None, run_after=None
[2026-06-10T22:54:39.788+0000] {logging_mixin.py:188} INFO - [2026-06-10T22:54:39.788+0000] {dag.py:3954} INFO - Setting next_dagrun for dataset_consumes_1 to None, run_after=None
[2026-06-10T22:54:39.791+0000] {logging_mixin.py:188} INFO - [2026-06-10T22:54:39.791+0000] {dag.py:3954} INFO - Setting next_dagrun for dataset_consumes_1_and_2 to None, run_after=None
[2026-06-10T22:54:39.793+0000] {logging_mixin.py:188} INFO - [2026-06-10T22:54:39.793+0000] {dag.py:3954} INFO - Setting next_dagrun for dataset_consumes_1_never_scheduled to None, run_after=None
[2026-06-10T22:54:39.794+0000] {logging_mixin.py:188} INFO - [2026-06-10T22:54:39.794+0000] {dag.py:3954} INFO - Setting next_dagrun for dataset_consumes_unknown_never_scheduled to None, run_after=None
[2026-06-10T22:54:39.798+0000] {logging_mixin.py:188} INFO - [2026-06-10T22:54:39.798+0000] {dag.py:3954} INFO - Setting next_dagrun for dataset_produces_1 to 2026-06-09 00:00:00+00:00, run_after=2026-06-10 00:00:00+00:00
[2026-06-10T22:54:39.799+0000] {logging_mixin.py:188} INFO - [2026-06-10T22:54:39.799+0000] {dag.py:3954} INFO - Setting next_dagrun for dataset_produces_2 to None, run_after=None
[2026-06-10T22:54:39.847+0000] {processor.py:183} INFO - Processing /home/airflow/.local/lib/python3.12/site-packages/airflow/example_dags/example_datasets.py took 0.348 seconds
[2026-06-10T22:55:10.316+0000] {processor.py:161} INFO - Started process (PID=4765) to work on /home/airflow/.local/lib/python3.12/site-packages/airflow/example_dags/example_datasets.py
[2026-06-10T22:55:10.317+0000] {processor.py:830} INFO - Processing file /home/airflow/.local/lib/python3.12/site-packages/airflow/example_dags/example_datasets.py for tasks to queue
[2026-06-10T22:55:10.319+0000] {logging_mixin.py:188} INFO - [2026-06-10T22:55:10.319+0000] {dagbag.py:545} INFO - Filling up the DagBag from /home/airflow/.local/lib/python3.12/site-packages/airflow/example_dags/example_datasets.py
[2026-06-10T22:55:10.342+0000] {processor.py:840} INFO - DAG(s) 'consume_1_and_2_with_dataset_expressions', 'dataset_consumes_1_and_2', 'conditional_dataset_and_time_based_timetable', 'dataset_consumes_1_never_scheduled', 'dataset_consumes_1', 'dataset_produces_1', 'dataset_produces_2', 'dataset_consumes_unknown_never_scheduled', 'consume_1_or_2_with_dataset_expressions', 'consume_1_or_both_2_and_3_with_dataset_expressions' retrieved from /home/airflow/.local/lib/python3.12/site-packages/airflow/example_dags/example_datasets.py
[2026-06-10T22:55:10.409+0000] {logging_mixin.py:188} INFO - [2026-06-10T22:55:10.409+0000] {dag.py:3096} INFO - Sync 10 DAGs
[2026-06-10T22:55:10.444+0000] {logging_mixin.py:188} INFO - [2026-06-10T22:55:10.444+0000] {dag.py:3954} INFO - Setting next_dagrun for conditional_dataset_and_time_based_timetable to 2026-06-10 01:00:00+00:00, run_after=2026-06-10 01:00:00+00:00
[2026-06-10T22:55:10.449+0000] {logging_mixin.py:188} INFO - [2026-06-10T22:55:10.448+0000] {dag.py:3954} INFO - Setting next_dagrun for consume_1_and_2_with_dataset_expressions to None, run_after=None
[2026-06-10T22:55:10.450+0000] {logging_mixin.py:188} INFO - [2026-06-10T22:55:10.450+0000] {dag.py:3954} INFO - Setting next_dagrun for consume_1_or_2_with_dataset_expressions to None, run_after=None
[2026-06-10T22:55:10.452+0000] {logging_mixin.py:188} INFO - [2026-06-10T22:55:10.451+0000] {dag.py:3954} INFO - Setting next_dagrun for consume_1_or_both_2_and_3_with_dataset_expressions to None, run_after=None
[2026-06-10T22:55:10.453+0000] {logging_mixin.py:188} INFO - [2026-06-10T22:55:10.453+0000] {dag.py:3954} INFO - Setting next_dagrun for dataset_consumes_1 to None, run_after=None
[2026-06-10T22:55:10.455+0000] {logging_mixin.py:188} INFO - [2026-06-10T22:55:10.454+0000] {dag.py:3954} INFO - Setting next_dagrun for dataset_consumes_1_and_2 to None, run_after=None
[2026-06-10T22:55:10.456+0000] {logging_mixin.py:188} INFO - [2026-06-10T22:55:10.456+0000] {dag.py:3954} INFO - Setting next_dagrun for dataset_consumes_1_never_scheduled to None, run_after=None
[2026-06-10T22:55:10.457+0000] {logging_mixin.py:188} INFO - [2026-06-10T22:55:10.457+0000] {dag.py:3954} INFO - Setting next_dagrun for dataset_consumes_unknown_never_scheduled to None, run_after=None
[2026-06-10T22:55:10.461+0000] {logging_mixin.py:188} INFO - [2026-06-10T22:55:10.460+0000] {dag.py:3954} INFO - Setting next_dagrun for dataset_produces_1 to 2026-06-09 00:00:00+00:00, run_after=2026-06-10 00:00:00+00:00
[2026-06-10T22:55:10.462+0000] {logging_mixin.py:188} INFO - [2026-06-10T22:55:10.462+0000] {dag.py:3954} INFO - Setting next_dagrun for dataset_produces_2 to None, run_after=None
[2026-06-10T22:55:10.505+0000] {processor.py:183} INFO - Processing /home/airflow/.local/lib/python3.12/site-packages/airflow/example_dags/example_datasets.py took 0.196 seconds
[2026-06-10T22:55:41.405+0000] {processor.py:161} INFO - Started process (PID=4826) to work on /home/airflow/.local/lib/python3.12/site-packages/airflow/example_dags/example_datasets.py
[2026-06-10T22:55:41.409+0000] {processor.py:830} INFO - Processing file /home/airflow/.local/lib/python3.12/site-packages/airflow/example_dags/example_datasets.py for tasks to queue
[2026-06-10T22:55:41.411+0000] {logging_mixin.py:188} INFO - [2026-06-10T22:55:41.410+0000] {dagbag.py:545} INFO - Filling up the DagBag from /home/airflow/.local/lib/python3.12/site-packages/airflow/example_dags/example_datasets.py
[2026-06-10T22:55:41.446+0000] {processor.py:840} INFO - DAG(s) 'dataset_consumes_unknown_never_scheduled', 'consume_1_and_2_with_dataset_expressions', 'dataset_consumes_1_never_scheduled', 'dataset_consumes_1', 'dataset_produces_1', 'conditional_dataset_and_time_based_timetable', 'dataset_produces_2', 'consume_1_or_both_2_and_3_with_dataset_expressions', 'consume_1_or_2_with_dataset_expressions', 'dataset_consumes_1_and_2' retrieved from /home/airflow/.local/lib/python3.12/site-packages/airflow/example_dags/example_datasets.py
[2026-06-10T22:55:41.515+0000] {logging_mixin.py:188} INFO - [2026-06-10T22:55:41.515+0000] {dag.py:3096} INFO - Sync 10 DAGs
[2026-06-10T22:55:41.559+0000] {logging_mixin.py:188} INFO - [2026-06-10T22:55:41.559+0000] {dag.py:3954} INFO - Setting next_dagrun for conditional_dataset_and_time_based_timetable to 2026-06-10 01:00:00+00:00, run_after=2026-06-10 01:00:00+00:00
[2026-06-10T22:55:41.566+0000] {logging_mixin.py:188} INFO - [2026-06-10T22:55:41.566+0000] {dag.py:3954} INFO - Setting next_dagrun for consume_1_and_2_with_dataset_expressions to None, run_after=None
[2026-06-10T22:55:41.568+0000] {logging_mixin.py:188} INFO - [2026-06-10T22:55:41.568+0000] {dag.py:3954} INFO - Setting next_dagrun for consume_1_or_2_with_dataset_expressions to None, run_after=None
[2026-06-10T22:55:41.570+0000] {logging_mixin.py:188} INFO - [2026-06-10T22:55:41.570+0000] {dag.py:3954} INFO - Setting next_dagrun for consume_1_or_both_2_and_3_with_dataset_expressions to None, run_after=None
[2026-06-10T22:55:41.571+0000] {logging_mixin.py:188} INFO - [2026-06-10T22:55:41.571+0000] {dag.py:3954} INFO - Setting next_dagrun for dataset_consumes_1 to None, run_after=None
[2026-06-10T22:55:41.574+0000] {logging_mixin.py:188} INFO - [2026-06-10T22:55:41.573+0000] {dag.py:3954} INFO - Setting next_dagrun for dataset_consumes_1_and_2 to None, run_after=None
[2026-06-10T22:55:41.575+0000] {logging_mixin.py:188} INFO - [2026-06-10T22:55:41.575+0000] {dag.py:3954} INFO - Setting next_dagrun for dataset_consumes_1_never_scheduled to None, run_after=None
[2026-06-10T22:55:41.577+0000] {logging_mixin.py:188} INFO - [2026-06-10T22:55:41.576+0000] {dag.py:3954} INFO - Setting next_dagrun for dataset_consumes_unknown_never_scheduled to None, run_after=None
[2026-06-10T22:55:41.580+0000] {logging_mixin.py:188} INFO - [2026-06-10T22:55:41.580+0000] {dag.py:3954} INFO - Setting next_dagrun for dataset_produces_1 to 2026-06-09 00:00:00+00:00, run_after=2026-06-10 00:00:00+00:00
[2026-06-10T22:55:41.581+0000] {logging_mixin.py:188} INFO - [2026-06-10T22:55:41.581+0000] {dag.py:3954} INFO - Setting next_dagrun for dataset_produces_2 to None, run_after=None
[2026-06-10T22:55:41.626+0000] {processor.py:183} INFO - Processing /home/airflow/.local/lib/python3.12/site-packages/airflow/example_dags/example_datasets.py took 0.229 seconds
[2026-06-10T22:56:12.052+0000] {processor.py:161} INFO - Started process (PID=4886) to work on /home/airflow/.local/lib/python3.12/site-packages/airflow/example_dags/example_datasets.py
[2026-06-10T22:56:12.054+0000] {processor.py:830} INFO - Processing file /home/airflow/.local/lib/python3.12/site-packages/airflow/example_dags/example_datasets.py for tasks to queue
[2026-06-10T22:56:12.056+0000] {logging_mixin.py:188} INFO - [2026-06-10T22:56:12.056+0000] {dagbag.py:545} INFO - Filling up the DagBag from /home/airflow/.local/lib/python3.12/site-packages/airflow/example_dags/example_datasets.py
[2026-06-10T22:56:12.078+0000] {processor.py:840} INFO - DAG(s) 'dataset_produces_1', 'dataset_produces_2', 'consume_1_and_2_with_dataset_expressions', 'consume_1_or_both_2_and_3_with_dataset_expressions', 'consume_1_or_2_with_dataset_expressions', 'conditional_dataset_and_time_based_timetable', 'dataset_consumes_1_never_scheduled', 'dataset_consumes_unknown_never_scheduled', 'dataset_consumes_1', 'dataset_consumes_1_and_2' retrieved from /home/airflow/.local/lib/python3.12/site-packages/airflow/example_dags/example_datasets.py
[2026-06-10T22:56:12.148+0000] {logging_mixin.py:188} INFO - [2026-06-10T22:56:12.148+0000] {dag.py:3096} INFO - Sync 10 DAGs
[2026-06-10T22:56:12.191+0000] {logging_mixin.py:188} INFO - [2026-06-10T22:56:12.191+0000] {dag.py:3954} INFO - Setting next_dagrun for conditional_dataset_and_time_based_timetable to 2026-06-10 01:00:00+00:00, run_after=2026-06-10 01:00:00+00:00
[2026-06-10T22:56:12.198+0000] {logging_mixin.py:188} INFO - [2026-06-10T22:56:12.198+0000] {dag.py:3954} INFO - Setting next_dagrun for consume_1_and_2_with_dataset_expressions to None, run_after=None
[2026-06-10T22:56:12.201+0000] {logging_mixin.py:188} INFO - [2026-06-10T22:56:12.201+0000] {dag.py:3954} INFO - Setting next_dagrun for consume_1_or_2_with_dataset_expressions to None, run_after=None
[2026-06-10T22:56:12.203+0000] {logging_mixin.py:188} INFO - [2026-06-10T22:56:12.203+0000] {dag.py:3954} INFO - Setting next_dagrun for consume_1_or_both_2_and_3_with_dataset_expressions to None, run_after=None
[2026-06-10T22:56:12.207+0000] {logging_mixin.py:188} INFO - [2026-06-10T22:56:12.206+0000] {dag.py:3954} INFO - Setting next_dagrun for dataset_consumes_1 to None, run_after=None
[2026-06-10T22:56:12.208+0000] {logging_mixin.py:188} INFO - [2026-06-10T22:56:12.208+0000] {dag.py:3954} INFO - Setting next_dagrun for dataset_consumes_1_and_2 to None, run_after=None
[2026-06-10T22:56:12.210+0000] {logging_mixin.py:188} INFO - [2026-06-10T22:56:12.210+0000] {dag.py:3954} INFO - Setting next_dagrun for dataset_consumes_1_never_scheduled to None, run_after=None
[2026-06-10T22:56:12.211+0000] {logging_mixin.py:188} INFO - [2026-06-10T22:56:12.211+0000] {dag.py:3954} INFO - Setting next_dagrun for dataset_consumes_unknown_never_scheduled to None, run_after=None
[2026-06-10T22:56:12.215+0000] {logging_mixin.py:188} INFO - [2026-06-10T22:56:12.214+0000] {dag.py:3954} INFO - Setting next_dagrun for dataset_produces_1 to 2026-06-09 00:00:00+00:00, run_after=2026-06-10 00:00:00+00:00
[2026-06-10T22:56:12.216+0000] {logging_mixin.py:188} INFO - [2026-06-10T22:56:12.216+0000] {dag.py:3954} INFO - Setting next_dagrun for dataset_produces_2 to None, run_after=None
[2026-06-10T22:56:12.261+0000] {processor.py:183} INFO - Processing /home/airflow/.local/lib/python3.12/site-packages/airflow/example_dags/example_datasets.py took 0.216 seconds
[2026-06-10T22:56:42.989+0000] {processor.py:161} INFO - Started process (PID=4946) to work on /home/airflow/.local/lib/python3.12/site-packages/airflow/example_dags/example_datasets.py
[2026-06-10T22:56:42.991+0000] {processor.py:830} INFO - Processing file /home/airflow/.local/lib/python3.12/site-packages/airflow/example_dags/example_datasets.py for tasks to queue
[2026-06-10T22:56:42.993+0000] {logging_mixin.py:188} INFO - [2026-06-10T22:56:42.992+0000] {dagbag.py:545} INFO - Filling up the DagBag from /home/airflow/.local/lib/python3.12/site-packages/airflow/example_dags/example_datasets.py
[2026-06-10T22:56:43.031+0000] {processor.py:840} INFO - DAG(s) 'dataset_consumes_1_and_2', 'consume_1_or_both_2_and_3_with_dataset_expressions', 'consume_1_or_2_with_dataset_expressions', 'dataset_consumes_unknown_never_scheduled', 'dataset_produces_2', 'conditional_dataset_and_time_based_timetable', 'dataset_consumes_1', 'dataset_consumes_1_never_scheduled', 'dataset_produces_1', 'consume_1_and_2_with_dataset_expressions' retrieved from /home/airflow/.local/lib/python3.12/site-packages/airflow/example_dags/example_datasets.py
[2026-06-10T22:56:43.220+0000] {logging_mixin.py:188} INFO - [2026-06-10T22:56:43.220+0000] {dag.py:3096} INFO - Sync 10 DAGs
[2026-06-10T22:56:43.317+0000] {logging_mixin.py:188} INFO - [2026-06-10T22:56:43.316+0000] {dag.py:3954} INFO - Setting next_dagrun for conditional_dataset_and_time_based_timetable to 2026-06-10 01:00:00+00:00, run_after=2026-06-10 01:00:00+00:00
[2026-06-10T22:56:43.329+0000] {logging_mixin.py:188} INFO - [2026-06-10T22:56:43.328+0000] {dag.py:3954} INFO - Setting next_dagrun for consume_1_and_2_with_dataset_expressions to None, run_after=None
[2026-06-10T22:56:43.332+0000] {logging_mixin.py:188} INFO - [2026-06-10T22:56:43.332+0000] {dag.py:3954} INFO - Setting next_dagrun for consume_1_or_2_with_dataset_expressions to None, run_after=None
[2026-06-10T22:56:43.338+0000] {logging_mixin.py:188} INFO - [2026-06-10T22:56:43.338+0000] {dag.py:3954} INFO - Setting next_dagrun for consume_1_or_both_2_and_3_with_dataset_expressions to None, run_after=None
[2026-06-10T22:56:43.342+0000] {logging_mixin.py:188} INFO - [2026-06-10T22:56:43.341+0000] {dag.py:3954} INFO - Setting next_dagrun for dataset_consumes_1 to None, run_after=None
[2026-06-10T22:56:43.345+0000] {logging_mixin.py:188} INFO - [2026-06-10T22:56:43.345+0000] {dag.py:3954} INFO - Setting next_dagrun for dataset_consumes_1_and_2 to None, run_after=None
[2026-06-10T22:56:43.348+0000] {logging_mixin.py:188} INFO - [2026-06-10T22:56:43.347+0000] {dag.py:3954} INFO - Setting next_dagrun for dataset_consumes_1_never_scheduled to None, run_after=None
[2026-06-10T22:56:43.349+0000] {logging_mixin.py:188} INFO - [2026-06-10T22:56:43.349+0000] {dag.py:3954} INFO - Setting next_dagrun for dataset_consumes_unknown_never_scheduled to None, run_after=None
[2026-06-10T22:56:43.353+0000] {logging_mixin.py:188} INFO - [2026-06-10T22:56:43.353+0000] {dag.py:3954} INFO - Setting next_dagrun for dataset_produces_1 to 2026-06-09 00:00:00+00:00, run_after=2026-06-10 00:00:00+00:00
[2026-06-10T22:56:43.358+0000] {logging_mixin.py:188} INFO - [2026-06-10T22:56:43.356+0000] {dag.py:3954} INFO - Setting next_dagrun for dataset_produces_2 to None, run_after=None
[2026-06-10T22:56:43.432+0000] {processor.py:183} INFO - Processing /home/airflow/.local/lib/python3.12/site-packages/airflow/example_dags/example_datasets.py took 0.450 seconds
[2026-06-10T22:57:13.761+0000] {processor.py:161} INFO - Started process (PID=5006) to work on /home/airflow/.local/lib/python3.12/site-packages/airflow/example_dags/example_datasets.py
[2026-06-10T22:57:13.765+0000] {processor.py:830} INFO - Processing file /home/airflow/.local/lib/python3.12/site-packages/airflow/example_dags/example_datasets.py for tasks to queue
[2026-06-10T22:57:13.769+0000] {logging_mixin.py:188} INFO - [2026-06-10T22:57:13.769+0000] {dagbag.py:545} INFO - Filling up the DagBag from /home/airflow/.local/lib/python3.12/site-packages/airflow/example_dags/example_datasets.py
[2026-06-10T22:57:13.829+0000] {processor.py:840} INFO - DAG(s) 'consume_1_or_2_with_dataset_expressions', 'dataset_consumes_1_and_2', 'conditional_dataset_and_time_based_timetable', 'dataset_produces_2', 'dataset_consumes_1_never_scheduled', 'dataset_consumes_unknown_never_scheduled', 'dataset_consumes_1', 'consume_1_and_2_with_dataset_expressions', 'dataset_produces_1', 'consume_1_or_both_2_and_3_with_dataset_expressions' retrieved from /home/airflow/.local/lib/python3.12/site-packages/airflow/example_dags/example_datasets.py
[2026-06-10T22:57:13.958+0000] {logging_mixin.py:188} INFO - [2026-06-10T22:57:13.957+0000] {dag.py:3096} INFO - Sync 10 DAGs
[2026-06-10T22:57:13.995+0000] {logging_mixin.py:188} INFO - [2026-06-10T22:57:13.994+0000] {dag.py:3954} INFO - Setting next_dagrun for conditional_dataset_and_time_based_timetable to 2026-06-10 01:00:00+00:00, run_after=2026-06-10 01:00:00+00:00
[2026-06-10T22:57:14.002+0000] {logging_mixin.py:188} INFO - [2026-06-10T22:57:14.002+0000] {dag.py:3954} INFO - Setting next_dagrun for consume_1_and_2_with_dataset_expressions to None, run_after=None
[2026-06-10T22:57:14.004+0000] {logging_mixin.py:188} INFO - [2026-06-10T22:57:14.004+0000] {dag.py:3954} INFO - Setting next_dagrun for consume_1_or_2_with_dataset_expressions to None, run_after=None
[2026-06-10T22:57:14.005+0000] {logging_mixin.py:188} INFO - [2026-06-10T22:57:14.005+0000] {dag.py:3954} INFO - Setting next_dagrun for consume_1_or_both_2_and_3_with_dataset_expressions to None, run_after=None
[2026-06-10T22:57:14.007+0000] {logging_mixin.py:188} INFO - [2026-06-10T22:57:14.006+0000] {dag.py:3954} INFO - Setting next_dagrun for dataset_consumes_1 to None, run_after=None
[2026-06-10T22:57:14.008+0000] {logging_mixin.py:188} INFO - [2026-06-10T22:57:14.008+0000] {dag.py:3954} INFO - Setting next_dagrun for dataset_consumes_1_and_2 to None, run_after=None
[2026-06-10T22:57:14.010+0000] {logging_mixin.py:188} INFO - [2026-06-10T22:57:14.010+0000] {dag.py:3954} INFO - Setting next_dagrun for dataset_consumes_1_never_scheduled to None, run_after=None
[2026-06-10T22:57:14.011+0000] {logging_mixin.py:188} INFO - [2026-06-10T22:57:14.011+0000] {dag.py:3954} INFO - Setting next_dagrun for dataset_consumes_unknown_never_scheduled to None, run_after=None
[2026-06-10T22:57:14.015+0000] {logging_mixin.py:188} INFO - [2026-06-10T22:57:14.014+0000] {dag.py:3954} INFO - Setting next_dagrun for dataset_produces_1 to 2026-06-09 00:00:00+00:00, run_after=2026-06-10 00:00:00+00:00
[2026-06-10T22:57:14.016+0000] {logging_mixin.py:188} INFO - [2026-06-10T22:57:14.016+0000] {dag.py:3954} INFO - Setting next_dagrun for dataset_produces_2 to None, run_after=None
[2026-06-10T22:57:14.066+0000] {processor.py:183} INFO - Processing /home/airflow/.local/lib/python3.12/site-packages/airflow/example_dags/example_datasets.py took 0.331 seconds
[2026-06-10T22:57:44.718+0000] {processor.py:161} INFO - Started process (PID=5067) to work on /home/airflow/.local/lib/python3.12/site-packages/airflow/example_dags/example_datasets.py
[2026-06-10T22:57:44.722+0000] {processor.py:830} INFO - Processing file /home/airflow/.local/lib/python3.12/site-packages/airflow/example_dags/example_datasets.py for tasks to queue
[2026-06-10T22:57:44.725+0000] {logging_mixin.py:188} INFO - [2026-06-10T22:57:44.725+0000] {dagbag.py:545} INFO - Filling up the DagBag from /home/airflow/.local/lib/python3.12/site-packages/airflow/example_dags/example_datasets.py
[2026-06-10T22:57:44.787+0000] {processor.py:840} INFO - DAG(s) 'dataset_produces_2', 'dataset_consumes_unknown_never_scheduled', 'dataset_consumes_1', 'consume_1_or_both_2_and_3_with_dataset_expressions', 'dataset_consumes_1_never_scheduled', 'dataset_consumes_1_and_2', 'consume_1_and_2_with_dataset_expressions', 'conditional_dataset_and_time_based_timetable', 'dataset_produces_1', 'consume_1_or_2_with_dataset_expressions' retrieved from /home/airflow/.local/lib/python3.12/site-packages/airflow/example_dags/example_datasets.py
[2026-06-10T22:57:44.956+0000] {logging_mixin.py:188} INFO - [2026-06-10T22:57:44.955+0000] {dag.py:3096} INFO - Sync 10 DAGs
[2026-06-10T22:57:45.038+0000] {logging_mixin.py:188} INFO - [2026-06-10T22:57:45.036+0000] {dag.py:3954} INFO - Setting next_dagrun for conditional_dataset_and_time_based_timetable to 2026-06-10 01:00:00+00:00, run_after=2026-06-10 01:00:00+00:00
[2026-06-10T22:57:45.054+0000] {logging_mixin.py:188} INFO - [2026-06-10T22:57:45.052+0000] {dag.py:3954} INFO - Setting next_dagrun for consume_1_and_2_with_dataset_expressions to None, run_after=None
[2026-06-10T22:57:45.060+0000] {logging_mixin.py:188} INFO - [2026-06-10T22:57:45.060+0000] {dag.py:3954} INFO - Setting next_dagrun for consume_1_or_2_with_dataset_expressions to None, run_after=None
[2026-06-10T22:57:45.072+0000] {logging_mixin.py:188} INFO - [2026-06-10T22:57:45.070+0000] {dag.py:3954} INFO - Setting next_dagrun for consume_1_or_both_2_and_3_with_dataset_expressions to None, run_after=None
[2026-06-10T22:57:45.085+0000] {logging_mixin.py:188} INFO - [2026-06-10T22:57:45.085+0000] {dag.py:3954} INFO - Setting next_dagrun for dataset_consumes_1 to None, run_after=None
[2026-06-10T22:57:45.115+0000] {logging_mixin.py:188} INFO - [2026-06-10T22:57:45.111+0000] {dag.py:3954} INFO - Setting next_dagrun for dataset_consumes_1_and_2 to None, run_after=None
[2026-06-10T22:57:45.124+0000] {logging_mixin.py:188} INFO - [2026-06-10T22:57:45.121+0000] {dag.py:3954} INFO - Setting next_dagrun for dataset_consumes_1_never_scheduled to None, run_after=None
[2026-06-10T22:57:45.135+0000] {logging_mixin.py:188} INFO - [2026-06-10T22:57:45.133+0000] {dag.py:3954} INFO - Setting next_dagrun for dataset_consumes_unknown_never_scheduled to None, run_after=None
[2026-06-10T22:57:45.142+0000] {logging_mixin.py:188} INFO - [2026-06-10T22:57:45.141+0000] {dag.py:3954} INFO - Setting next_dagrun for dataset_produces_1 to 2026-06-09 00:00:00+00:00, run_after=2026-06-10 00:00:00+00:00
[2026-06-10T22:57:45.145+0000] {logging_mixin.py:188} INFO - [2026-06-10T22:57:45.145+0000] {dag.py:3954} INFO - Setting next_dagrun for dataset_produces_2 to None, run_after=None
[2026-06-10T22:57:45.282+0000] {processor.py:183} INFO - Processing /home/airflow/.local/lib/python3.12/site-packages/airflow/example_dags/example_datasets.py took 0.575 seconds
[2026-06-10T22:58:15.370+0000] {processor.py:161} INFO - Started process (PID=5126) to work on /home/airflow/.local/lib/python3.12/site-packages/airflow/example_dags/example_datasets.py
[2026-06-10T22:58:15.371+0000] {processor.py:830} INFO - Processing file /home/airflow/.local/lib/python3.12/site-packages/airflow/example_dags/example_datasets.py for tasks to queue
[2026-06-10T22:58:15.373+0000] {logging_mixin.py:188} INFO - [2026-06-10T22:58:15.373+0000] {dagbag.py:545} INFO - Filling up the DagBag from /home/airflow/.local/lib/python3.12/site-packages/airflow/example_dags/example_datasets.py
[2026-06-10T22:58:15.418+0000] {processor.py:840} INFO - DAG(s) 'dataset_consumes_1_and_2', 'dataset_consumes_1_never_scheduled', 'dataset_produces_1', 'dataset_consumes_1', 'conditional_dataset_and_time_based_timetable', 'consume_1_or_2_with_dataset_expressions', 'dataset_consumes_unknown_never_scheduled', 'consume_1_and_2_with_dataset_expressions', 'dataset_produces_2', 'consume_1_or_both_2_and_3_with_dataset_expressions' retrieved from /home/airflow/.local/lib/python3.12/site-packages/airflow/example_dags/example_datasets.py
[2026-06-10T22:58:15.492+0000] {logging_mixin.py:188} INFO - [2026-06-10T22:58:15.491+0000] {dag.py:3096} INFO - Sync 10 DAGs
[2026-06-10T22:58:15.574+0000] {logging_mixin.py:188} INFO - [2026-06-10T22:58:15.574+0000] {dag.py:3954} INFO - Setting next_dagrun for conditional_dataset_and_time_based_timetable to 2026-06-10 01:00:00+00:00, run_after=2026-06-10 01:00:00+00:00
[2026-06-10T22:58:15.584+0000] {logging_mixin.py:188} INFO - [2026-06-10T22:58:15.583+0000] {dag.py:3954} INFO - Setting next_dagrun for consume_1_and_2_with_dataset_expressions to None, run_after=None
[2026-06-10T22:58:15.587+0000] {logging_mixin.py:188} INFO - [2026-06-10T22:58:15.587+0000] {dag.py:3954} INFO - Setting next_dagrun for consume_1_or_2_with_dataset_expressions to None, run_after=None
[2026-06-10T22:58:15.591+0000] {logging_mixin.py:188} INFO - [2026-06-10T22:58:15.591+0000] {dag.py:3954} INFO - Setting next_dagrun for consume_1_or_both_2_and_3_with_dataset_expressions to None, run_after=None
[2026-06-10T22:58:15.594+0000] {logging_mixin.py:188} INFO - [2026-06-10T22:58:15.593+0000] {dag.py:3954} INFO - Setting next_dagrun for dataset_consumes_1 to None, run_after=None
[2026-06-10T22:58:15.596+0000] {logging_mixin.py:188} INFO - [2026-06-10T22:58:15.595+0000] {dag.py:3954} INFO - Setting next_dagrun for dataset_consumes_1_and_2 to None, run_after=None
[2026-06-10T22:58:15.599+0000] {logging_mixin.py:188} INFO - [2026-06-10T22:58:15.598+0000] {dag.py:3954} INFO - Setting next_dagrun for dataset_consumes_1_never_scheduled to None, run_after=None
[2026-06-10T22:58:15.601+0000] {logging_mixin.py:188} INFO - [2026-06-10T22:58:15.601+0000] {dag.py:3954} INFO - Setting next_dagrun for dataset_consumes_unknown_never_scheduled to None, run_after=None
[2026-06-10T22:58:15.606+0000] {logging_mixin.py:188} INFO - [2026-06-10T22:58:15.606+0000] {dag.py:3954} INFO - Setting next_dagrun for dataset_produces_1 to 2026-06-09 00:00:00+00:00, run_after=2026-06-10 00:00:00+00:00
[2026-06-10T22:58:15.608+0000] {logging_mixin.py:188} INFO - [2026-06-10T22:58:15.608+0000] {dag.py:3954} INFO - Setting next_dagrun for dataset_produces_2 to None, run_after=None
[2026-06-10T22:58:15.695+0000] {processor.py:183} INFO - Processing /home/airflow/.local/lib/python3.12/site-packages/airflow/example_dags/example_datasets.py took 0.332 seconds
[2026-06-10T22:58:46.110+0000] {processor.py:161} INFO - Started process (PID=5188) to work on /home/airflow/.local/lib/python3.12/site-packages/airflow/example_dags/example_datasets.py
[2026-06-10T22:58:46.113+0000] {processor.py:830} INFO - Processing file /home/airflow/.local/lib/python3.12/site-packages/airflow/example_dags/example_datasets.py for tasks to queue
[2026-06-10T22:58:46.115+0000] {logging_mixin.py:188} INFO - [2026-06-10T22:58:46.114+0000] {dagbag.py:545} INFO - Filling up the DagBag from /home/airflow/.local/lib/python3.12/site-packages/airflow/example_dags/example_datasets.py
[2026-06-10T22:58:46.141+0000] {processor.py:840} INFO - DAG(s) 'consume_1_or_both_2_and_3_with_dataset_expressions', 'conditional_dataset_and_time_based_timetable', 'dataset_consumes_1_and_2', 'consume_1_and_2_with_dataset_expressions', 'dataset_produces_2', 'consume_1_or_2_with_dataset_expressions', 'dataset_consumes_1', 'dataset_produces_1', 'dataset_consumes_unknown_never_scheduled', 'dataset_consumes_1_never_scheduled' retrieved from /home/airflow/.local/lib/python3.12/site-packages/airflow/example_dags/example_datasets.py
[2026-06-10T22:58:46.207+0000] {logging_mixin.py:188} INFO - [2026-06-10T22:58:46.207+0000] {dag.py:3096} INFO - Sync 10 DAGs
[2026-06-10T22:58:46.243+0000] {logging_mixin.py:188} INFO - [2026-06-10T22:58:46.243+0000] {dag.py:3954} INFO - Setting next_dagrun for conditional_dataset_and_time_based_timetable to 2026-06-10 01:00:00+00:00, run_after=2026-06-10 01:00:00+00:00
[2026-06-10T22:58:46.251+0000] {logging_mixin.py:188} INFO - [2026-06-10T22:58:46.249+0000] {dag.py:3954} INFO - Setting next_dagrun for consume_1_and_2_with_dataset_expressions to None, run_after=None
[2026-06-10T22:58:46.254+0000] {logging_mixin.py:188} INFO - [2026-06-10T22:58:46.253+0000] {dag.py:3954} INFO - Setting next_dagrun for consume_1_or_2_with_dataset_expressions to None, run_after=None
[2026-06-10T22:58:46.258+0000] {logging_mixin.py:188} INFO - [2026-06-10T22:58:46.258+0000] {dag.py:3954} INFO - Setting next_dagrun for consume_1_or_both_2_and_3_with_dataset_expressions to None, run_after=None
[2026-06-10T22:58:46.260+0000] {logging_mixin.py:188} INFO - [2026-06-10T22:58:46.259+0000] {dag.py:3954} INFO - Setting next_dagrun for dataset_consumes_1 to None, run_after=None
[2026-06-10T22:58:46.262+0000] {logging_mixin.py:188} INFO - [2026-06-10T22:58:46.261+0000] {dag.py:3954} INFO - Setting next_dagrun for dataset_consumes_1_and_2 to None, run_after=None
[2026-06-10T22:58:46.264+0000] {logging_mixin.py:188} INFO - [2026-06-10T22:58:46.264+0000] {dag.py:3954} INFO - Setting next_dagrun for dataset_consumes_1_never_scheduled to None, run_after=None
[2026-06-10T22:58:46.266+0000] {logging_mixin.py:188} INFO - [2026-06-10T22:58:46.265+0000] {dag.py:3954} INFO - Setting next_dagrun for dataset_consumes_unknown_never_scheduled to None, run_after=None
[2026-06-10T22:58:46.271+0000] {logging_mixin.py:188} INFO - [2026-06-10T22:58:46.271+0000] {dag.py:3954} INFO - Setting next_dagrun for dataset_produces_1 to 2026-06-09 00:00:00+00:00, run_after=2026-06-10 00:00:00+00:00
[2026-06-10T22:58:46.275+0000] {logging_mixin.py:188} INFO - [2026-06-10T22:58:46.275+0000] {dag.py:3954} INFO - Setting next_dagrun for dataset_produces_2 to None, run_after=None
[2026-06-10T22:58:46.318+0000] {processor.py:183} INFO - Processing /home/airflow/.local/lib/python3.12/site-packages/airflow/example_dags/example_datasets.py took 0.216 seconds
