[2026-06-10T21:51:18.902+0000] {processor.py:161} INFO - Started process (PID=95) to work on /home/airflow/.local/lib/python3.12/site-packages/airflow/example_dags/example_xcomargs.py
[2026-06-10T21:51:18.910+0000] {processor.py:830} INFO - Processing file /home/airflow/.local/lib/python3.12/site-packages/airflow/example_dags/example_xcomargs.py for tasks to queue
[2026-06-10T21:51:18.920+0000] {logging_mixin.py:188} INFO - [2026-06-10T21:51:18.920+0000] {dagbag.py:545} INFO - Filling up the DagBag from /home/airflow/.local/lib/python3.12/site-packages/airflow/example_dags/example_xcomargs.py
[2026-06-10T21:51:18.938+0000] {processor.py:840} INFO - DAG(s) 'example_xcom_args_with_operators', 'example_xcom_args' retrieved from /home/airflow/.local/lib/python3.12/site-packages/airflow/example_dags/example_xcomargs.py
[2026-06-10T21:51:19.486+0000] {logging_mixin.py:188} INFO - [2026-06-10T21:51:19.486+0000] {override.py:1829} INFO - Created Permission View: can edit on DAG:example_xcom_args_with_operators
[2026-06-10T21:51:19.553+0000] {logging_mixin.py:188} INFO - [2026-06-10T21:51:19.552+0000] {override.py:1829} INFO - Created Permission View: can read on DAG:example_xcom_args_with_operators
[2026-06-10T21:51:19.606+0000] {logging_mixin.py:188} INFO - [2026-06-10T21:51:19.606+0000] {override.py:1829} INFO - Created Permission View: can delete on DAG:example_xcom_args_with_operators
[2026-06-10T21:51:19.702+0000] {logging_mixin.py:188} INFO - [2026-06-10T21:51:19.702+0000] {override.py:1829} INFO - Created Permission View: can edit on DAG:example_xcom_args
[2026-06-10T21:51:19.736+0000] {logging_mixin.py:188} INFO - [2026-06-10T21:51:19.735+0000] {override.py:1829} INFO - Created Permission View: can read on DAG:example_xcom_args
[2026-06-10T21:51:19.765+0000] {logging_mixin.py:188} INFO - [2026-06-10T21:51:19.764+0000] {override.py:1829} INFO - Created Permission View: can delete on DAG:example_xcom_args
[2026-06-10T21:51:19.769+0000] {logging_mixin.py:188} INFO - [2026-06-10T21:51:19.769+0000] {dag.py:3096} INFO - Sync 2 DAGs
[2026-06-10T21:51:19.879+0000] {logging_mixin.py:188} INFO - [2026-06-10T21:51:19.879+0000] {dag.py:3118} INFO - Creating ORM DAG for example_xcom_args_with_operators
[2026-06-10T21:51:19.880+0000] {logging_mixin.py:188} INFO - [2026-06-10T21:51:19.880+0000] {dag.py:3118} INFO - Creating ORM DAG for example_xcom_args
[2026-06-10T21:51:19.883+0000] {logging_mixin.py:188} INFO - [2026-06-10T21:51:19.880+0000] {dag.py:3954} INFO - Setting next_dagrun for example_xcom_args to None, run_after=None
[2026-06-10T21:51:19.884+0000] {logging_mixin.py:188} INFO - [2026-06-10T21:51:19.884+0000] {dag.py:3954} INFO - Setting next_dagrun for example_xcom_args_with_operators to None, run_after=None
[2026-06-10T21:51:19.992+0000] {processor.py:183} INFO - Processing /home/airflow/.local/lib/python3.12/site-packages/airflow/example_dags/example_xcomargs.py took 1.113 seconds
[2026-06-10T21:51:50.511+0000] {processor.py:161} INFO - Started process (PID=155) to work on /home/airflow/.local/lib/python3.12/site-packages/airflow/example_dags/example_xcomargs.py
[2026-06-10T21:51:50.539+0000] {processor.py:830} INFO - Processing file /home/airflow/.local/lib/python3.12/site-packages/airflow/example_dags/example_xcomargs.py for tasks to queue
[2026-06-10T21:51:50.547+0000] {logging_mixin.py:188} INFO - [2026-06-10T21:51:50.547+0000] {dagbag.py:545} INFO - Filling up the DagBag from /home/airflow/.local/lib/python3.12/site-packages/airflow/example_dags/example_xcomargs.py
[2026-06-10T21:51:50.604+0000] {processor.py:840} INFO - DAG(s) 'example_xcom_args', 'example_xcom_args_with_operators' retrieved from /home/airflow/.local/lib/python3.12/site-packages/airflow/example_dags/example_xcomargs.py
[2026-06-10T21:51:50.718+0000] {logging_mixin.py:188} INFO - [2026-06-10T21:51:50.718+0000] {dag.py:3096} INFO - Sync 2 DAGs
[2026-06-10T21:51:50.777+0000] {logging_mixin.py:188} INFO - [2026-06-10T21:51:50.776+0000] {dag.py:3954} INFO - Setting next_dagrun for example_xcom_args to None, run_after=None
[2026-06-10T21:51:50.796+0000] {logging_mixin.py:188} INFO - [2026-06-10T21:51:50.795+0000] {dag.py:3954} INFO - Setting next_dagrun for example_xcom_args_with_operators to None, run_after=None
[2026-06-10T21:51:51.318+0000] {processor.py:183} INFO - Processing /home/airflow/.local/lib/python3.12/site-packages/airflow/example_dags/example_xcomargs.py took 0.830 seconds
[2026-06-10T21:52:21.937+0000] {processor.py:161} INFO - Started process (PID=213) to work on /home/airflow/.local/lib/python3.12/site-packages/airflow/example_dags/example_xcomargs.py
[2026-06-10T21:52:21.940+0000] {processor.py:830} INFO - Processing file /home/airflow/.local/lib/python3.12/site-packages/airflow/example_dags/example_xcomargs.py for tasks to queue
[2026-06-10T21:52:21.944+0000] {logging_mixin.py:188} INFO - [2026-06-10T21:52:21.944+0000] {dagbag.py:545} INFO - Filling up the DagBag from /home/airflow/.local/lib/python3.12/site-packages/airflow/example_dags/example_xcomargs.py
[2026-06-10T21:52:21.968+0000] {processor.py:840} INFO - DAG(s) 'example_xcom_args', 'example_xcom_args_with_operators' retrieved from /home/airflow/.local/lib/python3.12/site-packages/airflow/example_dags/example_xcomargs.py
[2026-06-10T21:52:22.014+0000] {logging_mixin.py:188} INFO - [2026-06-10T21:52:22.013+0000] {dag.py:3096} INFO - Sync 2 DAGs
[2026-06-10T21:52:22.045+0000] {logging_mixin.py:188} INFO - [2026-06-10T21:52:22.044+0000] {dag.py:3954} INFO - Setting next_dagrun for example_xcom_args to None, run_after=None
[2026-06-10T21:52:22.055+0000] {logging_mixin.py:188} INFO - [2026-06-10T21:52:22.055+0000] {dag.py:3954} INFO - Setting next_dagrun for example_xcom_args_with_operators to None, run_after=None
[2026-06-10T21:52:22.074+0000] {processor.py:183} INFO - Processing /home/airflow/.local/lib/python3.12/site-packages/airflow/example_dags/example_xcomargs.py took 0.156 seconds
[2026-06-10T21:52:52.190+0000] {processor.py:161} INFO - Started process (PID=272) to work on /home/airflow/.local/lib/python3.12/site-packages/airflow/example_dags/example_xcomargs.py
[2026-06-10T21:52:52.192+0000] {processor.py:830} INFO - Processing file /home/airflow/.local/lib/python3.12/site-packages/airflow/example_dags/example_xcomargs.py for tasks to queue
[2026-06-10T21:52:52.195+0000] {logging_mixin.py:188} INFO - [2026-06-10T21:52:52.194+0000] {dagbag.py:545} INFO - Filling up the DagBag from /home/airflow/.local/lib/python3.12/site-packages/airflow/example_dags/example_xcomargs.py
[2026-06-10T21:52:52.205+0000] {processor.py:840} INFO - DAG(s) 'example_xcom_args', 'example_xcom_args_with_operators' retrieved from /home/airflow/.local/lib/python3.12/site-packages/airflow/example_dags/example_xcomargs.py
[2026-06-10T21:52:52.237+0000] {logging_mixin.py:188} INFO - [2026-06-10T21:52:52.236+0000] {dag.py:3096} INFO - Sync 2 DAGs
[2026-06-10T21:52:52.260+0000] {logging_mixin.py:188} INFO - [2026-06-10T21:52:52.259+0000] {dag.py:3954} INFO - Setting next_dagrun for example_xcom_args to None, run_after=None
[2026-06-10T21:52:52.264+0000] {logging_mixin.py:188} INFO - [2026-06-10T21:52:52.264+0000] {dag.py:3954} INFO - Setting next_dagrun for example_xcom_args_with_operators to None, run_after=None
[2026-06-10T21:52:52.284+0000] {processor.py:183} INFO - Processing /home/airflow/.local/lib/python3.12/site-packages/airflow/example_dags/example_xcomargs.py took 0.101 seconds
[2026-06-10T21:53:23.108+0000] {processor.py:161} INFO - Started process (PID=331) to work on /home/airflow/.local/lib/python3.12/site-packages/airflow/example_dags/example_xcomargs.py
[2026-06-10T21:53:23.111+0000] {processor.py:830} INFO - Processing file /home/airflow/.local/lib/python3.12/site-packages/airflow/example_dags/example_xcomargs.py for tasks to queue
[2026-06-10T21:53:23.113+0000] {logging_mixin.py:188} INFO - [2026-06-10T21:53:23.113+0000] {dagbag.py:545} INFO - Filling up the DagBag from /home/airflow/.local/lib/python3.12/site-packages/airflow/example_dags/example_xcomargs.py
[2026-06-10T21:53:23.124+0000] {processor.py:840} INFO - DAG(s) 'example_xcom_args_with_operators', 'example_xcom_args' retrieved from /home/airflow/.local/lib/python3.12/site-packages/airflow/example_dags/example_xcomargs.py
[2026-06-10T21:53:23.188+0000] {logging_mixin.py:188} INFO - [2026-06-10T21:53:23.188+0000] {dag.py:3096} INFO - Sync 2 DAGs
[2026-06-10T21:53:23.222+0000] {logging_mixin.py:188} INFO - [2026-06-10T21:53:23.222+0000] {dag.py:3954} INFO - Setting next_dagrun for example_xcom_args to None, run_after=None
[2026-06-10T21:53:23.237+0000] {logging_mixin.py:188} INFO - [2026-06-10T21:53:23.237+0000] {dag.py:3954} INFO - Setting next_dagrun for example_xcom_args_with_operators to None, run_after=None
[2026-06-10T21:53:23.280+0000] {processor.py:183} INFO - Processing /home/airflow/.local/lib/python3.12/site-packages/airflow/example_dags/example_xcomargs.py took 0.185 seconds
[2026-06-10T21:53:53.849+0000] {processor.py:161} INFO - Started process (PID=391) to work on /home/airflow/.local/lib/python3.12/site-packages/airflow/example_dags/example_xcomargs.py
[2026-06-10T21:53:53.854+0000] {processor.py:830} INFO - Processing file /home/airflow/.local/lib/python3.12/site-packages/airflow/example_dags/example_xcomargs.py for tasks to queue
[2026-06-10T21:53:53.858+0000] {logging_mixin.py:188} INFO - [2026-06-10T21:53:53.858+0000] {dagbag.py:545} INFO - Filling up the DagBag from /home/airflow/.local/lib/python3.12/site-packages/airflow/example_dags/example_xcomargs.py
[2026-06-10T21:53:53.894+0000] {processor.py:840} INFO - DAG(s) 'example_xcom_args', 'example_xcom_args_with_operators' retrieved from /home/airflow/.local/lib/python3.12/site-packages/airflow/example_dags/example_xcomargs.py
[2026-06-10T21:53:54.034+0000] {logging_mixin.py:188} INFO - [2026-06-10T21:53:54.034+0000] {dag.py:3096} INFO - Sync 2 DAGs
[2026-06-10T21:53:54.134+0000] {logging_mixin.py:188} INFO - [2026-06-10T21:53:54.134+0000] {dag.py:3954} INFO - Setting next_dagrun for example_xcom_args to None, run_after=None
[2026-06-10T21:53:54.154+0000] {logging_mixin.py:188} INFO - [2026-06-10T21:53:54.154+0000] {dag.py:3954} INFO - Setting next_dagrun for example_xcom_args_with_operators to None, run_after=None
[2026-06-10T21:53:54.244+0000] {processor.py:183} INFO - Processing /home/airflow/.local/lib/python3.12/site-packages/airflow/example_dags/example_xcomargs.py took 0.411 seconds
[2026-06-10T21:54:24.442+0000] {processor.py:161} INFO - Started process (PID=450) to work on /home/airflow/.local/lib/python3.12/site-packages/airflow/example_dags/example_xcomargs.py
[2026-06-10T21:54:24.443+0000] {processor.py:830} INFO - Processing file /home/airflow/.local/lib/python3.12/site-packages/airflow/example_dags/example_xcomargs.py for tasks to queue
[2026-06-10T21:54:24.445+0000] {logging_mixin.py:188} INFO - [2026-06-10T21:54:24.445+0000] {dagbag.py:545} INFO - Filling up the DagBag from /home/airflow/.local/lib/python3.12/site-packages/airflow/example_dags/example_xcomargs.py
[2026-06-10T21:54:24.455+0000] {processor.py:840} INFO - DAG(s) 'example_xcom_args', 'example_xcom_args_with_operators' retrieved from /home/airflow/.local/lib/python3.12/site-packages/airflow/example_dags/example_xcomargs.py
[2026-06-10T21:54:24.478+0000] {logging_mixin.py:188} INFO - [2026-06-10T21:54:24.478+0000] {dag.py:3096} INFO - Sync 2 DAGs
[2026-06-10T21:54:24.489+0000] {logging_mixin.py:188} INFO - [2026-06-10T21:54:24.489+0000] {dag.py:3954} INFO - Setting next_dagrun for example_xcom_args to None, run_after=None
[2026-06-10T21:54:24.492+0000] {logging_mixin.py:188} INFO - [2026-06-10T21:54:24.492+0000] {dag.py:3954} INFO - Setting next_dagrun for example_xcom_args_with_operators to None, run_after=None
[2026-06-10T21:54:24.506+0000] {processor.py:183} INFO - Processing /home/airflow/.local/lib/python3.12/site-packages/airflow/example_dags/example_xcomargs.py took 0.072 seconds
[2026-06-10T21:54:54.956+0000] {processor.py:161} INFO - Started process (PID=511) to work on /home/airflow/.local/lib/python3.12/site-packages/airflow/example_dags/example_xcomargs.py
[2026-06-10T21:54:54.957+0000] {processor.py:830} INFO - Processing file /home/airflow/.local/lib/python3.12/site-packages/airflow/example_dags/example_xcomargs.py for tasks to queue
[2026-06-10T21:54:54.959+0000] {logging_mixin.py:188} INFO - [2026-06-10T21:54:54.958+0000] {dagbag.py:545} INFO - Filling up the DagBag from /home/airflow/.local/lib/python3.12/site-packages/airflow/example_dags/example_xcomargs.py
[2026-06-10T21:54:54.969+0000] {processor.py:840} INFO - DAG(s) 'example_xcom_args_with_operators', 'example_xcom_args' retrieved from /home/airflow/.local/lib/python3.12/site-packages/airflow/example_dags/example_xcomargs.py
[2026-06-10T21:54:54.999+0000] {logging_mixin.py:188} INFO - [2026-06-10T21:54:54.999+0000] {dag.py:3096} INFO - Sync 2 DAGs
[2026-06-10T21:54:55.016+0000] {logging_mixin.py:188} INFO - [2026-06-10T21:54:55.015+0000] {dag.py:3954} INFO - Setting next_dagrun for example_xcom_args to None, run_after=None
[2026-06-10T21:54:55.020+0000] {logging_mixin.py:188} INFO - [2026-06-10T21:54:55.020+0000] {dag.py:3954} INFO - Setting next_dagrun for example_xcom_args_with_operators to None, run_after=None
[2026-06-10T21:54:55.059+0000] {processor.py:183} INFO - Processing /home/airflow/.local/lib/python3.12/site-packages/airflow/example_dags/example_xcomargs.py took 0.109 seconds
[2026-06-10T21:55:25.841+0000] {processor.py:161} INFO - Started process (PID=571) to work on /home/airflow/.local/lib/python3.12/site-packages/airflow/example_dags/example_xcomargs.py
[2026-06-10T21:55:25.843+0000] {processor.py:830} INFO - Processing file /home/airflow/.local/lib/python3.12/site-packages/airflow/example_dags/example_xcomargs.py for tasks to queue
[2026-06-10T21:55:25.845+0000] {logging_mixin.py:188} INFO - [2026-06-10T21:55:25.844+0000] {dagbag.py:545} INFO - Filling up the DagBag from /home/airflow/.local/lib/python3.12/site-packages/airflow/example_dags/example_xcomargs.py
[2026-06-10T21:55:25.854+0000] {processor.py:840} INFO - DAG(s) 'example_xcom_args_with_operators', 'example_xcom_args' retrieved from /home/airflow/.local/lib/python3.12/site-packages/airflow/example_dags/example_xcomargs.py
[2026-06-10T21:55:25.884+0000] {logging_mixin.py:188} INFO - [2026-06-10T21:55:25.883+0000] {dag.py:3096} INFO - Sync 2 DAGs
[2026-06-10T21:55:25.901+0000] {logging_mixin.py:188} INFO - [2026-06-10T21:55:25.901+0000] {dag.py:3954} INFO - Setting next_dagrun for example_xcom_args to None, run_after=None
[2026-06-10T21:55:25.906+0000] {logging_mixin.py:188} INFO - [2026-06-10T21:55:25.905+0000] {dag.py:3954} INFO - Setting next_dagrun for example_xcom_args_with_operators to None, run_after=None
[2026-06-10T21:55:25.926+0000] {processor.py:183} INFO - Processing /home/airflow/.local/lib/python3.12/site-packages/airflow/example_dags/example_xcomargs.py took 0.091 seconds
[2026-06-10T21:55:56.687+0000] {processor.py:161} INFO - Started process (PID=631) to work on /home/airflow/.local/lib/python3.12/site-packages/airflow/example_dags/example_xcomargs.py
[2026-06-10T21:55:56.688+0000] {processor.py:830} INFO - Processing file /home/airflow/.local/lib/python3.12/site-packages/airflow/example_dags/example_xcomargs.py for tasks to queue
[2026-06-10T21:55:56.690+0000] {logging_mixin.py:188} INFO - [2026-06-10T21:55:56.690+0000] {dagbag.py:545} INFO - Filling up the DagBag from /home/airflow/.local/lib/python3.12/site-packages/airflow/example_dags/example_xcomargs.py
[2026-06-10T21:55:56.700+0000] {processor.py:840} INFO - DAG(s) 'example_xcom_args_with_operators', 'example_xcom_args' retrieved from /home/airflow/.local/lib/python3.12/site-packages/airflow/example_dags/example_xcomargs.py
[2026-06-10T21:55:56.729+0000] {logging_mixin.py:188} INFO - [2026-06-10T21:55:56.729+0000] {dag.py:3096} INFO - Sync 2 DAGs
[2026-06-10T21:55:56.747+0000] {logging_mixin.py:188} INFO - [2026-06-10T21:55:56.747+0000] {dag.py:3954} INFO - Setting next_dagrun for example_xcom_args to None, run_after=None
[2026-06-10T21:55:56.751+0000] {logging_mixin.py:188} INFO - [2026-06-10T21:55:56.751+0000] {dag.py:3954} INFO - Setting next_dagrun for example_xcom_args_with_operators to None, run_after=None
[2026-06-10T21:55:56.771+0000] {processor.py:183} INFO - Processing /home/airflow/.local/lib/python3.12/site-packages/airflow/example_dags/example_xcomargs.py took 0.094 seconds
[2026-06-10T21:56:27.340+0000] {processor.py:161} INFO - Started process (PID=691) to work on /home/airflow/.local/lib/python3.12/site-packages/airflow/example_dags/example_xcomargs.py
[2026-06-10T21:56:27.341+0000] {processor.py:830} INFO - Processing file /home/airflow/.local/lib/python3.12/site-packages/airflow/example_dags/example_xcomargs.py for tasks to queue
[2026-06-10T21:56:27.343+0000] {logging_mixin.py:188} INFO - [2026-06-10T21:56:27.342+0000] {dagbag.py:545} INFO - Filling up the DagBag from /home/airflow/.local/lib/python3.12/site-packages/airflow/example_dags/example_xcomargs.py
[2026-06-10T21:56:27.352+0000] {processor.py:840} INFO - DAG(s) 'example_xcom_args', 'example_xcom_args_with_operators' retrieved from /home/airflow/.local/lib/python3.12/site-packages/airflow/example_dags/example_xcomargs.py
[2026-06-10T21:56:27.383+0000] {logging_mixin.py:188} INFO - [2026-06-10T21:56:27.382+0000] {dag.py:3096} INFO - Sync 2 DAGs
[2026-06-10T21:56:27.402+0000] {logging_mixin.py:188} INFO - [2026-06-10T21:56:27.402+0000] {dag.py:3954} INFO - Setting next_dagrun for example_xcom_args to None, run_after=None
[2026-06-10T21:56:27.409+0000] {logging_mixin.py:188} INFO - [2026-06-10T21:56:27.408+0000] {dag.py:3954} INFO - Setting next_dagrun for example_xcom_args_with_operators to None, run_after=None
[2026-06-10T21:56:27.426+0000] {processor.py:183} INFO - Processing /home/airflow/.local/lib/python3.12/site-packages/airflow/example_dags/example_xcomargs.py took 0.093 seconds
[2026-06-10T21:56:57.681+0000] {processor.py:161} INFO - Started process (PID=750) to work on /home/airflow/.local/lib/python3.12/site-packages/airflow/example_dags/example_xcomargs.py
[2026-06-10T21:56:57.682+0000] {processor.py:830} INFO - Processing file /home/airflow/.local/lib/python3.12/site-packages/airflow/example_dags/example_xcomargs.py for tasks to queue
[2026-06-10T21:56:57.684+0000] {logging_mixin.py:188} INFO - [2026-06-10T21:56:57.684+0000] {dagbag.py:545} INFO - Filling up the DagBag from /home/airflow/.local/lib/python3.12/site-packages/airflow/example_dags/example_xcomargs.py
[2026-06-10T21:56:57.694+0000] {processor.py:840} INFO - DAG(s) 'example_xcom_args', 'example_xcom_args_with_operators' retrieved from /home/airflow/.local/lib/python3.12/site-packages/airflow/example_dags/example_xcomargs.py
[2026-06-10T21:56:57.725+0000] {logging_mixin.py:188} INFO - [2026-06-10T21:56:57.725+0000] {dag.py:3096} INFO - Sync 2 DAGs
[2026-06-10T21:56:57.743+0000] {logging_mixin.py:188} INFO - [2026-06-10T21:56:57.742+0000] {dag.py:3954} INFO - Setting next_dagrun for example_xcom_args to None, run_after=None
[2026-06-10T21:56:57.748+0000] {logging_mixin.py:188} INFO - [2026-06-10T21:56:57.748+0000] {dag.py:3954} INFO - Setting next_dagrun for example_xcom_args_with_operators to None, run_after=None
[2026-06-10T21:56:57.766+0000] {processor.py:183} INFO - Processing /home/airflow/.local/lib/python3.12/site-packages/airflow/example_dags/example_xcomargs.py took 0.091 seconds
[2026-06-10T21:57:28.181+0000] {processor.py:161} INFO - Started process (PID=809) to work on /home/airflow/.local/lib/python3.12/site-packages/airflow/example_dags/example_xcomargs.py
[2026-06-10T21:57:28.189+0000] {processor.py:830} INFO - Processing file /home/airflow/.local/lib/python3.12/site-packages/airflow/example_dags/example_xcomargs.py for tasks to queue
[2026-06-10T21:57:28.194+0000] {logging_mixin.py:188} INFO - [2026-06-10T21:57:28.194+0000] {dagbag.py:545} INFO - Filling up the DagBag from /home/airflow/.local/lib/python3.12/site-packages/airflow/example_dags/example_xcomargs.py
[2026-06-10T21:57:28.237+0000] {processor.py:840} INFO - DAG(s) 'example_xcom_args', 'example_xcom_args_with_operators' retrieved from /home/airflow/.local/lib/python3.12/site-packages/airflow/example_dags/example_xcomargs.py
[2026-06-10T21:57:28.335+0000] {logging_mixin.py:188} INFO - [2026-06-10T21:57:28.335+0000] {dag.py:3096} INFO - Sync 2 DAGs
[2026-06-10T21:57:28.389+0000] {logging_mixin.py:188} INFO - [2026-06-10T21:57:28.386+0000] {dag.py:3954} INFO - Setting next_dagrun for example_xcom_args to None, run_after=None
[2026-06-10T21:57:28.404+0000] {logging_mixin.py:188} INFO - [2026-06-10T21:57:28.404+0000] {dag.py:3954} INFO - Setting next_dagrun for example_xcom_args_with_operators to None, run_after=None
[2026-06-10T21:57:28.487+0000] {processor.py:183} INFO - Processing /home/airflow/.local/lib/python3.12/site-packages/airflow/example_dags/example_xcomargs.py took 0.320 seconds
[2026-06-10T21:57:58.843+0000] {processor.py:161} INFO - Started process (PID=868) to work on /home/airflow/.local/lib/python3.12/site-packages/airflow/example_dags/example_xcomargs.py
[2026-06-10T21:57:58.848+0000] {processor.py:830} INFO - Processing file /home/airflow/.local/lib/python3.12/site-packages/airflow/example_dags/example_xcomargs.py for tasks to queue
[2026-06-10T21:57:58.856+0000] {logging_mixin.py:188} INFO - [2026-06-10T21:57:58.849+0000] {dagbag.py:545} INFO - Filling up the DagBag from /home/airflow/.local/lib/python3.12/site-packages/airflow/example_dags/example_xcomargs.py
[2026-06-10T21:57:58.899+0000] {processor.py:840} INFO - DAG(s) 'example_xcom_args_with_operators', 'example_xcom_args' retrieved from /home/airflow/.local/lib/python3.12/site-packages/airflow/example_dags/example_xcomargs.py
[2026-06-10T21:57:58.929+0000] {logging_mixin.py:188} INFO - [2026-06-10T21:57:58.929+0000] {dag.py:3096} INFO - Sync 2 DAGs
[2026-06-10T21:57:58.946+0000] {logging_mixin.py:188} INFO - [2026-06-10T21:57:58.946+0000] {dag.py:3954} INFO - Setting next_dagrun for example_xcom_args to None, run_after=None
[2026-06-10T21:57:58.951+0000] {logging_mixin.py:188} INFO - [2026-06-10T21:57:58.951+0000] {dag.py:3954} INFO - Setting next_dagrun for example_xcom_args_with_operators to None, run_after=None
[2026-06-10T21:57:58.992+0000] {processor.py:183} INFO - Processing /home/airflow/.local/lib/python3.12/site-packages/airflow/example_dags/example_xcomargs.py took 0.175 seconds
[2026-06-10T21:58:29.990+0000] {processor.py:161} INFO - Started process (PID=927) to work on /home/airflow/.local/lib/python3.12/site-packages/airflow/example_dags/example_xcomargs.py
[2026-06-10T21:58:29.994+0000] {processor.py:830} INFO - Processing file /home/airflow/.local/lib/python3.12/site-packages/airflow/example_dags/example_xcomargs.py for tasks to queue
[2026-06-10T21:58:29.997+0000] {logging_mixin.py:188} INFO - [2026-06-10T21:58:29.997+0000] {dagbag.py:545} INFO - Filling up the DagBag from /home/airflow/.local/lib/python3.12/site-packages/airflow/example_dags/example_xcomargs.py
[2026-06-10T21:58:30.014+0000] {processor.py:840} INFO - DAG(s) 'example_xcom_args', 'example_xcom_args_with_operators' retrieved from /home/airflow/.local/lib/python3.12/site-packages/airflow/example_dags/example_xcomargs.py
[2026-06-10T21:58:30.063+0000] {logging_mixin.py:188} INFO - [2026-06-10T21:58:30.063+0000] {dag.py:3096} INFO - Sync 2 DAGs
[2026-06-10T21:58:30.081+0000] {logging_mixin.py:188} INFO - [2026-06-10T21:58:30.081+0000] {dag.py:3954} INFO - Setting next_dagrun for example_xcom_args to None, run_after=None
[2026-06-10T21:58:30.086+0000] {logging_mixin.py:188} INFO - [2026-06-10T21:58:30.086+0000] {dag.py:3954} INFO - Setting next_dagrun for example_xcom_args_with_operators to None, run_after=None
[2026-06-10T21:58:30.106+0000] {processor.py:183} INFO - Processing /home/airflow/.local/lib/python3.12/site-packages/airflow/example_dags/example_xcomargs.py took 0.140 seconds
[2026-06-10T21:59:00.342+0000] {processor.py:161} INFO - Started process (PID=986) to work on /home/airflow/.local/lib/python3.12/site-packages/airflow/example_dags/example_xcomargs.py
[2026-06-10T21:59:00.344+0000] {processor.py:830} INFO - Processing file /home/airflow/.local/lib/python3.12/site-packages/airflow/example_dags/example_xcomargs.py for tasks to queue
[2026-06-10T21:59:00.346+0000] {logging_mixin.py:188} INFO - [2026-06-10T21:59:00.346+0000] {dagbag.py:545} INFO - Filling up the DagBag from /home/airflow/.local/lib/python3.12/site-packages/airflow/example_dags/example_xcomargs.py
[2026-06-10T21:59:00.356+0000] {processor.py:840} INFO - DAG(s) 'example_xcom_args', 'example_xcom_args_with_operators' retrieved from /home/airflow/.local/lib/python3.12/site-packages/airflow/example_dags/example_xcomargs.py
[2026-06-10T21:59:00.392+0000] {logging_mixin.py:188} INFO - [2026-06-10T21:59:00.391+0000] {dag.py:3096} INFO - Sync 2 DAGs
[2026-06-10T21:59:00.419+0000] {logging_mixin.py:188} INFO - [2026-06-10T21:59:00.419+0000] {dag.py:3954} INFO - Setting next_dagrun for example_xcom_args to None, run_after=None
[2026-06-10T21:59:00.429+0000] {logging_mixin.py:188} INFO - [2026-06-10T21:59:00.429+0000] {dag.py:3954} INFO - Setting next_dagrun for example_xcom_args_with_operators to None, run_after=None
[2026-06-10T21:59:00.464+0000] {processor.py:183} INFO - Processing /home/airflow/.local/lib/python3.12/site-packages/airflow/example_dags/example_xcomargs.py took 0.142 seconds
[2026-06-10T21:59:30.770+0000] {processor.py:161} INFO - Started process (PID=1045) to work on /home/airflow/.local/lib/python3.12/site-packages/airflow/example_dags/example_xcomargs.py
[2026-06-10T21:59:30.771+0000] {processor.py:830} INFO - Processing file /home/airflow/.local/lib/python3.12/site-packages/airflow/example_dags/example_xcomargs.py for tasks to queue
[2026-06-10T21:59:30.773+0000] {logging_mixin.py:188} INFO - [2026-06-10T21:59:30.773+0000] {dagbag.py:545} INFO - Filling up the DagBag from /home/airflow/.local/lib/python3.12/site-packages/airflow/example_dags/example_xcomargs.py
[2026-06-10T21:59:30.784+0000] {processor.py:840} INFO - DAG(s) 'example_xcom_args', 'example_xcom_args_with_operators' retrieved from /home/airflow/.local/lib/python3.12/site-packages/airflow/example_dags/example_xcomargs.py
[2026-06-10T21:59:30.826+0000] {logging_mixin.py:188} INFO - [2026-06-10T21:59:30.825+0000] {dag.py:3096} INFO - Sync 2 DAGs
[2026-06-10T21:59:30.888+0000] {logging_mixin.py:188} INFO - [2026-06-10T21:59:30.887+0000] {dag.py:3954} INFO - Setting next_dagrun for example_xcom_args to None, run_after=None
[2026-06-10T21:59:30.901+0000] {logging_mixin.py:188} INFO - [2026-06-10T21:59:30.901+0000] {dag.py:3954} INFO - Setting next_dagrun for example_xcom_args_with_operators to None, run_after=None
[2026-06-10T21:59:31.013+0000] {processor.py:183} INFO - Processing /home/airflow/.local/lib/python3.12/site-packages/airflow/example_dags/example_xcomargs.py took 0.252 seconds
[2026-06-10T22:00:01.182+0000] {processor.py:161} INFO - Started process (PID=1103) to work on /home/airflow/.local/lib/python3.12/site-packages/airflow/example_dags/example_xcomargs.py
[2026-06-10T22:00:01.183+0000] {processor.py:830} INFO - Processing file /home/airflow/.local/lib/python3.12/site-packages/airflow/example_dags/example_xcomargs.py for tasks to queue
[2026-06-10T22:00:01.185+0000] {logging_mixin.py:188} INFO - [2026-06-10T22:00:01.184+0000] {dagbag.py:545} INFO - Filling up the DagBag from /home/airflow/.local/lib/python3.12/site-packages/airflow/example_dags/example_xcomargs.py
[2026-06-10T22:00:01.192+0000] {processor.py:840} INFO - DAG(s) 'example_xcom_args_with_operators', 'example_xcom_args' retrieved from /home/airflow/.local/lib/python3.12/site-packages/airflow/example_dags/example_xcomargs.py
[2026-06-10T22:00:01.214+0000] {logging_mixin.py:188} INFO - [2026-06-10T22:00:01.213+0000] {dag.py:3096} INFO - Sync 2 DAGs
[2026-06-10T22:00:01.226+0000] {logging_mixin.py:188} INFO - [2026-06-10T22:00:01.225+0000] {dag.py:3954} INFO - Setting next_dagrun for example_xcom_args to None, run_after=None
[2026-06-10T22:00:01.229+0000] {logging_mixin.py:188} INFO - [2026-06-10T22:00:01.229+0000] {dag.py:3954} INFO - Setting next_dagrun for example_xcom_args_with_operators to None, run_after=None
[2026-06-10T22:00:01.243+0000] {processor.py:183} INFO - Processing /home/airflow/.local/lib/python3.12/site-packages/airflow/example_dags/example_xcomargs.py took 0.066 seconds
[2026-06-10T22:00:31.426+0000] {processor.py:161} INFO - Started process (PID=1162) to work on /home/airflow/.local/lib/python3.12/site-packages/airflow/example_dags/example_xcomargs.py
[2026-06-10T22:00:31.427+0000] {processor.py:830} INFO - Processing file /home/airflow/.local/lib/python3.12/site-packages/airflow/example_dags/example_xcomargs.py for tasks to queue
[2026-06-10T22:00:31.429+0000] {logging_mixin.py:188} INFO - [2026-06-10T22:00:31.428+0000] {dagbag.py:545} INFO - Filling up the DagBag from /home/airflow/.local/lib/python3.12/site-packages/airflow/example_dags/example_xcomargs.py
[2026-06-10T22:00:31.436+0000] {processor.py:840} INFO - DAG(s) 'example_xcom_args', 'example_xcom_args_with_operators' retrieved from /home/airflow/.local/lib/python3.12/site-packages/airflow/example_dags/example_xcomargs.py
[2026-06-10T22:00:31.459+0000] {logging_mixin.py:188} INFO - [2026-06-10T22:00:31.458+0000] {dag.py:3096} INFO - Sync 2 DAGs
[2026-06-10T22:00:31.470+0000] {logging_mixin.py:188} INFO - [2026-06-10T22:00:31.470+0000] {dag.py:3954} INFO - Setting next_dagrun for example_xcom_args to None, run_after=None
[2026-06-10T22:00:31.473+0000] {logging_mixin.py:188} INFO - [2026-06-10T22:00:31.473+0000] {dag.py:3954} INFO - Setting next_dagrun for example_xcom_args_with_operators to None, run_after=None
[2026-06-10T22:00:31.486+0000] {processor.py:183} INFO - Processing /home/airflow/.local/lib/python3.12/site-packages/airflow/example_dags/example_xcomargs.py took 0.065 seconds
[2026-06-10T22:01:01.574+0000] {processor.py:161} INFO - Started process (PID=1221) to work on /home/airflow/.local/lib/python3.12/site-packages/airflow/example_dags/example_xcomargs.py
[2026-06-10T22:01:01.575+0000] {processor.py:830} INFO - Processing file /home/airflow/.local/lib/python3.12/site-packages/airflow/example_dags/example_xcomargs.py for tasks to queue
[2026-06-10T22:01:01.577+0000] {logging_mixin.py:188} INFO - [2026-06-10T22:01:01.576+0000] {dagbag.py:545} INFO - Filling up the DagBag from /home/airflow/.local/lib/python3.12/site-packages/airflow/example_dags/example_xcomargs.py
[2026-06-10T22:01:01.588+0000] {processor.py:840} INFO - DAG(s) 'example_xcom_args', 'example_xcom_args_with_operators' retrieved from /home/airflow/.local/lib/python3.12/site-packages/airflow/example_dags/example_xcomargs.py
[2026-06-10T22:01:01.619+0000] {logging_mixin.py:188} INFO - [2026-06-10T22:01:01.619+0000] {dag.py:3096} INFO - Sync 2 DAGs
[2026-06-10T22:01:01.643+0000] {logging_mixin.py:188} INFO - [2026-06-10T22:01:01.643+0000] {dag.py:3954} INFO - Setting next_dagrun for example_xcom_args to None, run_after=None
[2026-06-10T22:01:01.650+0000] {logging_mixin.py:188} INFO - [2026-06-10T22:01:01.650+0000] {dag.py:3954} INFO - Setting next_dagrun for example_xcom_args_with_operators to None, run_after=None
[2026-06-10T22:01:01.666+0000] {processor.py:183} INFO - Processing /home/airflow/.local/lib/python3.12/site-packages/airflow/example_dags/example_xcomargs.py took 0.101 seconds
[2026-06-10T22:01:31.890+0000] {processor.py:161} INFO - Started process (PID=1281) to work on /home/airflow/.local/lib/python3.12/site-packages/airflow/example_dags/example_xcomargs.py
[2026-06-10T22:01:31.892+0000] {processor.py:830} INFO - Processing file /home/airflow/.local/lib/python3.12/site-packages/airflow/example_dags/example_xcomargs.py for tasks to queue
[2026-06-10T22:01:31.894+0000] {logging_mixin.py:188} INFO - [2026-06-10T22:01:31.893+0000] {dagbag.py:545} INFO - Filling up the DagBag from /home/airflow/.local/lib/python3.12/site-packages/airflow/example_dags/example_xcomargs.py
[2026-06-10T22:01:31.917+0000] {processor.py:840} INFO - DAG(s) 'example_xcom_args', 'example_xcom_args_with_operators' retrieved from /home/airflow/.local/lib/python3.12/site-packages/airflow/example_dags/example_xcomargs.py
[2026-06-10T22:01:31.949+0000] {logging_mixin.py:188} INFO - [2026-06-10T22:01:31.949+0000] {dag.py:3096} INFO - Sync 2 DAGs
[2026-06-10T22:01:31.966+0000] {logging_mixin.py:188} INFO - [2026-06-10T22:01:31.966+0000] {dag.py:3954} INFO - Setting next_dagrun for example_xcom_args to None, run_after=None
[2026-06-10T22:01:31.974+0000] {logging_mixin.py:188} INFO - [2026-06-10T22:01:31.973+0000] {dag.py:3954} INFO - Setting next_dagrun for example_xcom_args_with_operators to None, run_after=None
[2026-06-10T22:01:31.990+0000] {processor.py:183} INFO - Processing /home/airflow/.local/lib/python3.12/site-packages/airflow/example_dags/example_xcomargs.py took 0.110 seconds
[2026-06-10T22:02:02.266+0000] {processor.py:161} INFO - Started process (PID=1341) to work on /home/airflow/.local/lib/python3.12/site-packages/airflow/example_dags/example_xcomargs.py
[2026-06-10T22:02:02.268+0000] {processor.py:830} INFO - Processing file /home/airflow/.local/lib/python3.12/site-packages/airflow/example_dags/example_xcomargs.py for tasks to queue
[2026-06-10T22:02:02.272+0000] {logging_mixin.py:188} INFO - [2026-06-10T22:02:02.271+0000] {dagbag.py:545} INFO - Filling up the DagBag from /home/airflow/.local/lib/python3.12/site-packages/airflow/example_dags/example_xcomargs.py
[2026-06-10T22:02:02.287+0000] {processor.py:840} INFO - DAG(s) 'example_xcom_args_with_operators', 'example_xcom_args' retrieved from /home/airflow/.local/lib/python3.12/site-packages/airflow/example_dags/example_xcomargs.py
[2026-06-10T22:02:02.319+0000] {logging_mixin.py:188} INFO - [2026-06-10T22:02:02.319+0000] {dag.py:3096} INFO - Sync 2 DAGs
[2026-06-10T22:02:02.337+0000] {logging_mixin.py:188} INFO - [2026-06-10T22:02:02.336+0000] {dag.py:3954} INFO - Setting next_dagrun for example_xcom_args to None, run_after=None
[2026-06-10T22:02:02.341+0000] {logging_mixin.py:188} INFO - [2026-06-10T22:02:02.341+0000] {dag.py:3954} INFO - Setting next_dagrun for example_xcom_args_with_operators to None, run_after=None
[2026-06-10T22:02:02.358+0000] {processor.py:183} INFO - Processing /home/airflow/.local/lib/python3.12/site-packages/airflow/example_dags/example_xcomargs.py took 0.099 seconds
[2026-06-10T22:02:32.767+0000] {processor.py:161} INFO - Started process (PID=1401) to work on /home/airflow/.local/lib/python3.12/site-packages/airflow/example_dags/example_xcomargs.py
[2026-06-10T22:02:32.768+0000] {processor.py:830} INFO - Processing file /home/airflow/.local/lib/python3.12/site-packages/airflow/example_dags/example_xcomargs.py for tasks to queue
[2026-06-10T22:02:32.770+0000] {logging_mixin.py:188} INFO - [2026-06-10T22:02:32.769+0000] {dagbag.py:545} INFO - Filling up the DagBag from /home/airflow/.local/lib/python3.12/site-packages/airflow/example_dags/example_xcomargs.py
[2026-06-10T22:02:32.780+0000] {processor.py:840} INFO - DAG(s) 'example_xcom_args_with_operators', 'example_xcom_args' retrieved from /home/airflow/.local/lib/python3.12/site-packages/airflow/example_dags/example_xcomargs.py
[2026-06-10T22:02:32.818+0000] {logging_mixin.py:188} INFO - [2026-06-10T22:02:32.817+0000] {dag.py:3096} INFO - Sync 2 DAGs
[2026-06-10T22:02:32.836+0000] {logging_mixin.py:188} INFO - [2026-06-10T22:02:32.835+0000] {dag.py:3954} INFO - Setting next_dagrun for example_xcom_args to None, run_after=None
[2026-06-10T22:02:32.841+0000] {logging_mixin.py:188} INFO - [2026-06-10T22:02:32.840+0000] {dag.py:3954} INFO - Setting next_dagrun for example_xcom_args_with_operators to None, run_after=None
[2026-06-10T22:02:32.858+0000] {processor.py:183} INFO - Processing /home/airflow/.local/lib/python3.12/site-packages/airflow/example_dags/example_xcomargs.py took 0.098 seconds
[2026-06-10T22:03:03.674+0000] {processor.py:161} INFO - Started process (PID=1461) to work on /home/airflow/.local/lib/python3.12/site-packages/airflow/example_dags/example_xcomargs.py
[2026-06-10T22:03:03.678+0000] {processor.py:830} INFO - Processing file /home/airflow/.local/lib/python3.12/site-packages/airflow/example_dags/example_xcomargs.py for tasks to queue
[2026-06-10T22:03:03.682+0000] {logging_mixin.py:188} INFO - [2026-06-10T22:03:03.682+0000] {dagbag.py:545} INFO - Filling up the DagBag from /home/airflow/.local/lib/python3.12/site-packages/airflow/example_dags/example_xcomargs.py
[2026-06-10T22:03:03.702+0000] {processor.py:840} INFO - DAG(s) 'example_xcom_args', 'example_xcom_args_with_operators' retrieved from /home/airflow/.local/lib/python3.12/site-packages/airflow/example_dags/example_xcomargs.py
[2026-06-10T22:03:03.760+0000] {logging_mixin.py:188} INFO - [2026-06-10T22:03:03.759+0000] {dag.py:3096} INFO - Sync 2 DAGs
[2026-06-10T22:03:03.793+0000] {logging_mixin.py:188} INFO - [2026-06-10T22:03:03.793+0000] {dag.py:3954} INFO - Setting next_dagrun for example_xcom_args to None, run_after=None
[2026-06-10T22:03:03.808+0000] {logging_mixin.py:188} INFO - [2026-06-10T22:03:03.808+0000] {dag.py:3954} INFO - Setting next_dagrun for example_xcom_args_with_operators to None, run_after=None
[2026-06-10T22:03:03.847+0000] {processor.py:183} INFO - Processing /home/airflow/.local/lib/python3.12/site-packages/airflow/example_dags/example_xcomargs.py took 0.187 seconds
[2026-06-10T22:03:34.917+0000] {processor.py:161} INFO - Started process (PID=1521) to work on /home/airflow/.local/lib/python3.12/site-packages/airflow/example_dags/example_xcomargs.py
[2026-06-10T22:03:34.920+0000] {processor.py:830} INFO - Processing file /home/airflow/.local/lib/python3.12/site-packages/airflow/example_dags/example_xcomargs.py for tasks to queue
[2026-06-10T22:03:34.924+0000] {logging_mixin.py:188} INFO - [2026-06-10T22:03:34.924+0000] {dagbag.py:545} INFO - Filling up the DagBag from /home/airflow/.local/lib/python3.12/site-packages/airflow/example_dags/example_xcomargs.py
[2026-06-10T22:03:34.952+0000] {processor.py:840} INFO - DAG(s) 'example_xcom_args', 'example_xcom_args_with_operators' retrieved from /home/airflow/.local/lib/python3.12/site-packages/airflow/example_dags/example_xcomargs.py
[2026-06-10T22:03:35.129+0000] {logging_mixin.py:188} INFO - [2026-06-10T22:03:35.129+0000] {dag.py:3096} INFO - Sync 2 DAGs
[2026-06-10T22:03:35.209+0000] {logging_mixin.py:188} INFO - [2026-06-10T22:03:35.206+0000] {dag.py:3954} INFO - Setting next_dagrun for example_xcom_args to None, run_after=None
[2026-06-10T22:03:35.237+0000] {logging_mixin.py:188} INFO - [2026-06-10T22:03:35.237+0000] {dag.py:3954} INFO - Setting next_dagrun for example_xcom_args_with_operators to None, run_after=None
[2026-06-10T22:03:35.310+0000] {processor.py:183} INFO - Processing /home/airflow/.local/lib/python3.12/site-packages/airflow/example_dags/example_xcomargs.py took 0.414 seconds
[2026-06-10T22:04:05.989+0000] {processor.py:161} INFO - Started process (PID=1582) to work on /home/airflow/.local/lib/python3.12/site-packages/airflow/example_dags/example_xcomargs.py
[2026-06-10T22:04:05.990+0000] {processor.py:830} INFO - Processing file /home/airflow/.local/lib/python3.12/site-packages/airflow/example_dags/example_xcomargs.py for tasks to queue
[2026-06-10T22:04:05.992+0000] {logging_mixin.py:188} INFO - [2026-06-10T22:04:05.991+0000] {dagbag.py:545} INFO - Filling up the DagBag from /home/airflow/.local/lib/python3.12/site-packages/airflow/example_dags/example_xcomargs.py
[2026-06-10T22:04:06.001+0000] {processor.py:840} INFO - DAG(s) 'example_xcom_args_with_operators', 'example_xcom_args' retrieved from /home/airflow/.local/lib/python3.12/site-packages/airflow/example_dags/example_xcomargs.py
[2026-06-10T22:04:06.029+0000] {logging_mixin.py:188} INFO - [2026-06-10T22:04:06.028+0000] {dag.py:3096} INFO - Sync 2 DAGs
[2026-06-10T22:04:06.047+0000] {logging_mixin.py:188} INFO - [2026-06-10T22:04:06.047+0000] {dag.py:3954} INFO - Setting next_dagrun for example_xcom_args to None, run_after=None
[2026-06-10T22:04:06.052+0000] {logging_mixin.py:188} INFO - [2026-06-10T22:04:06.052+0000] {dag.py:3954} INFO - Setting next_dagrun for example_xcom_args_with_operators to None, run_after=None
[2026-06-10T22:04:06.072+0000] {processor.py:183} INFO - Processing /home/airflow/.local/lib/python3.12/site-packages/airflow/example_dags/example_xcomargs.py took 0.090 seconds
[2026-06-10T22:04:36.662+0000] {processor.py:161} INFO - Started process (PID=1643) to work on /home/airflow/.local/lib/python3.12/site-packages/airflow/example_dags/example_xcomargs.py
[2026-06-10T22:04:36.663+0000] {processor.py:830} INFO - Processing file /home/airflow/.local/lib/python3.12/site-packages/airflow/example_dags/example_xcomargs.py for tasks to queue
[2026-06-10T22:04:36.671+0000] {logging_mixin.py:188} INFO - [2026-06-10T22:04:36.670+0000] {dagbag.py:545} INFO - Filling up the DagBag from /home/airflow/.local/lib/python3.12/site-packages/airflow/example_dags/example_xcomargs.py
[2026-06-10T22:04:36.693+0000] {processor.py:840} INFO - DAG(s) 'example_xcom_args', 'example_xcom_args_with_operators' retrieved from /home/airflow/.local/lib/python3.12/site-packages/airflow/example_dags/example_xcomargs.py
[2026-06-10T22:04:36.810+0000] {logging_mixin.py:188} INFO - [2026-06-10T22:04:36.810+0000] {dag.py:3096} INFO - Sync 2 DAGs
[2026-06-10T22:04:36.838+0000] {logging_mixin.py:188} INFO - [2026-06-10T22:04:36.838+0000] {dag.py:3954} INFO - Setting next_dagrun for example_xcom_args to None, run_after=None
[2026-06-10T22:04:36.848+0000] {logging_mixin.py:188} INFO - [2026-06-10T22:04:36.848+0000] {dag.py:3954} INFO - Setting next_dagrun for example_xcom_args_with_operators to None, run_after=None
[2026-06-10T22:04:36.894+0000] {processor.py:183} INFO - Processing /home/airflow/.local/lib/python3.12/site-packages/airflow/example_dags/example_xcomargs.py took 0.274 seconds
[2026-06-10T22:05:07.675+0000] {processor.py:161} INFO - Started process (PID=1702) to work on /home/airflow/.local/lib/python3.12/site-packages/airflow/example_dags/example_xcomargs.py
[2026-06-10T22:05:07.676+0000] {processor.py:830} INFO - Processing file /home/airflow/.local/lib/python3.12/site-packages/airflow/example_dags/example_xcomargs.py for tasks to queue
[2026-06-10T22:05:07.678+0000] {logging_mixin.py:188} INFO - [2026-06-10T22:05:07.677+0000] {dagbag.py:545} INFO - Filling up the DagBag from /home/airflow/.local/lib/python3.12/site-packages/airflow/example_dags/example_xcomargs.py
[2026-06-10T22:05:07.688+0000] {processor.py:840} INFO - DAG(s) 'example_xcom_args', 'example_xcom_args_with_operators' retrieved from /home/airflow/.local/lib/python3.12/site-packages/airflow/example_dags/example_xcomargs.py
[2026-06-10T22:05:07.718+0000] {logging_mixin.py:188} INFO - [2026-06-10T22:05:07.718+0000] {dag.py:3096} INFO - Sync 2 DAGs
[2026-06-10T22:05:07.736+0000] {logging_mixin.py:188} INFO - [2026-06-10T22:05:07.736+0000] {dag.py:3954} INFO - Setting next_dagrun for example_xcom_args to None, run_after=None
[2026-06-10T22:05:07.740+0000] {logging_mixin.py:188} INFO - [2026-06-10T22:05:07.740+0000] {dag.py:3954} INFO - Setting next_dagrun for example_xcom_args_with_operators to None, run_after=None
[2026-06-10T22:05:07.759+0000] {processor.py:183} INFO - Processing /home/airflow/.local/lib/python3.12/site-packages/airflow/example_dags/example_xcomargs.py took 0.091 seconds
[2026-06-10T22:05:38.282+0000] {processor.py:161} INFO - Started process (PID=1762) to work on /home/airflow/.local/lib/python3.12/site-packages/airflow/example_dags/example_xcomargs.py
[2026-06-10T22:05:38.283+0000] {processor.py:830} INFO - Processing file /home/airflow/.local/lib/python3.12/site-packages/airflow/example_dags/example_xcomargs.py for tasks to queue
[2026-06-10T22:05:38.284+0000] {logging_mixin.py:188} INFO - [2026-06-10T22:05:38.284+0000] {dagbag.py:545} INFO - Filling up the DagBag from /home/airflow/.local/lib/python3.12/site-packages/airflow/example_dags/example_xcomargs.py
[2026-06-10T22:05:38.295+0000] {processor.py:840} INFO - DAG(s) 'example_xcom_args', 'example_xcom_args_with_operators' retrieved from /home/airflow/.local/lib/python3.12/site-packages/airflow/example_dags/example_xcomargs.py
[2026-06-10T22:05:38.324+0000] {logging_mixin.py:188} INFO - [2026-06-10T22:05:38.323+0000] {dag.py:3096} INFO - Sync 2 DAGs
[2026-06-10T22:05:38.341+0000] {logging_mixin.py:188} INFO - [2026-06-10T22:05:38.341+0000] {dag.py:3954} INFO - Setting next_dagrun for example_xcom_args to None, run_after=None
[2026-06-10T22:05:38.346+0000] {logging_mixin.py:188} INFO - [2026-06-10T22:05:38.345+0000] {dag.py:3954} INFO - Setting next_dagrun for example_xcom_args_with_operators to None, run_after=None
[2026-06-10T22:05:38.365+0000] {processor.py:183} INFO - Processing /home/airflow/.local/lib/python3.12/site-packages/airflow/example_dags/example_xcomargs.py took 0.090 seconds
[2026-06-10T22:06:08.480+0000] {processor.py:161} INFO - Started process (PID=1821) to work on /home/airflow/.local/lib/python3.12/site-packages/airflow/example_dags/example_xcomargs.py
[2026-06-10T22:06:08.480+0000] {processor.py:830} INFO - Processing file /home/airflow/.local/lib/python3.12/site-packages/airflow/example_dags/example_xcomargs.py for tasks to queue
[2026-06-10T22:06:08.482+0000] {logging_mixin.py:188} INFO - [2026-06-10T22:06:08.482+0000] {dagbag.py:545} INFO - Filling up the DagBag from /home/airflow/.local/lib/python3.12/site-packages/airflow/example_dags/example_xcomargs.py
[2026-06-10T22:06:08.489+0000] {processor.py:840} INFO - DAG(s) 'example_xcom_args_with_operators', 'example_xcom_args' retrieved from /home/airflow/.local/lib/python3.12/site-packages/airflow/example_dags/example_xcomargs.py
[2026-06-10T22:06:08.511+0000] {logging_mixin.py:188} INFO - [2026-06-10T22:06:08.511+0000] {dag.py:3096} INFO - Sync 2 DAGs
[2026-06-10T22:06:08.522+0000] {logging_mixin.py:188} INFO - [2026-06-10T22:06:08.522+0000] {dag.py:3954} INFO - Setting next_dagrun for example_xcom_args to None, run_after=None
[2026-06-10T22:06:08.525+0000] {logging_mixin.py:188} INFO - [2026-06-10T22:06:08.525+0000] {dag.py:3954} INFO - Setting next_dagrun for example_xcom_args_with_operators to None, run_after=None
[2026-06-10T22:06:08.538+0000] {processor.py:183} INFO - Processing /home/airflow/.local/lib/python3.12/site-packages/airflow/example_dags/example_xcomargs.py took 0.063 seconds
[2026-06-10T22:06:39.324+0000] {processor.py:161} INFO - Started process (PID=1881) to work on /home/airflow/.local/lib/python3.12/site-packages/airflow/example_dags/example_xcomargs.py
[2026-06-10T22:06:39.325+0000] {processor.py:830} INFO - Processing file /home/airflow/.local/lib/python3.12/site-packages/airflow/example_dags/example_xcomargs.py for tasks to queue
[2026-06-10T22:06:39.328+0000] {logging_mixin.py:188} INFO - [2026-06-10T22:06:39.327+0000] {dagbag.py:545} INFO - Filling up the DagBag from /home/airflow/.local/lib/python3.12/site-packages/airflow/example_dags/example_xcomargs.py
[2026-06-10T22:06:39.337+0000] {processor.py:840} INFO - DAG(s) 'example_xcom_args_with_operators', 'example_xcom_args' retrieved from /home/airflow/.local/lib/python3.12/site-packages/airflow/example_dags/example_xcomargs.py
[2026-06-10T22:06:39.378+0000] {logging_mixin.py:188} INFO - [2026-06-10T22:06:39.378+0000] {dag.py:3096} INFO - Sync 2 DAGs
[2026-06-10T22:06:39.396+0000] {logging_mixin.py:188} INFO - [2026-06-10T22:06:39.395+0000] {dag.py:3954} INFO - Setting next_dagrun for example_xcom_args to None, run_after=None
[2026-06-10T22:06:39.400+0000] {logging_mixin.py:188} INFO - [2026-06-10T22:06:39.400+0000] {dag.py:3954} INFO - Setting next_dagrun for example_xcom_args_with_operators to None, run_after=None
[2026-06-10T22:06:39.417+0000] {processor.py:183} INFO - Processing /home/airflow/.local/lib/python3.12/site-packages/airflow/example_dags/example_xcomargs.py took 0.100 seconds
[2026-06-10T22:07:09.677+0000] {processor.py:161} INFO - Started process (PID=1940) to work on /home/airflow/.local/lib/python3.12/site-packages/airflow/example_dags/example_xcomargs.py
[2026-06-10T22:07:09.680+0000] {processor.py:830} INFO - Processing file /home/airflow/.local/lib/python3.12/site-packages/airflow/example_dags/example_xcomargs.py for tasks to queue
[2026-06-10T22:07:09.682+0000] {logging_mixin.py:188} INFO - [2026-06-10T22:07:09.682+0000] {dagbag.py:545} INFO - Filling up the DagBag from /home/airflow/.local/lib/python3.12/site-packages/airflow/example_dags/example_xcomargs.py
[2026-06-10T22:07:09.697+0000] {processor.py:840} INFO - DAG(s) 'example_xcom_args_with_operators', 'example_xcom_args' retrieved from /home/airflow/.local/lib/python3.12/site-packages/airflow/example_dags/example_xcomargs.py
[2026-06-10T22:07:09.726+0000] {logging_mixin.py:188} INFO - [2026-06-10T22:07:09.726+0000] {dag.py:3096} INFO - Sync 2 DAGs
[2026-06-10T22:07:09.743+0000] {logging_mixin.py:188} INFO - [2026-06-10T22:07:09.742+0000] {dag.py:3954} INFO - Setting next_dagrun for example_xcom_args to None, run_after=None
[2026-06-10T22:07:09.747+0000] {logging_mixin.py:188} INFO - [2026-06-10T22:07:09.747+0000] {dag.py:3954} INFO - Setting next_dagrun for example_xcom_args_with_operators to None, run_after=None
[2026-06-10T22:07:09.768+0000] {processor.py:183} INFO - Processing /home/airflow/.local/lib/python3.12/site-packages/airflow/example_dags/example_xcomargs.py took 0.098 seconds
[2026-06-10T22:07:40.012+0000] {processor.py:161} INFO - Started process (PID=2000) to work on /home/airflow/.local/lib/python3.12/site-packages/airflow/example_dags/example_xcomargs.py
[2026-06-10T22:07:40.013+0000] {processor.py:830} INFO - Processing file /home/airflow/.local/lib/python3.12/site-packages/airflow/example_dags/example_xcomargs.py for tasks to queue
[2026-06-10T22:07:40.015+0000] {logging_mixin.py:188} INFO - [2026-06-10T22:07:40.015+0000] {dagbag.py:545} INFO - Filling up the DagBag from /home/airflow/.local/lib/python3.12/site-packages/airflow/example_dags/example_xcomargs.py
[2026-06-10T22:07:40.025+0000] {processor.py:840} INFO - DAG(s) 'example_xcom_args_with_operators', 'example_xcom_args' retrieved from /home/airflow/.local/lib/python3.12/site-packages/airflow/example_dags/example_xcomargs.py
[2026-06-10T22:07:40.070+0000] {logging_mixin.py:188} INFO - [2026-06-10T22:07:40.070+0000] {dag.py:3096} INFO - Sync 2 DAGs
[2026-06-10T22:07:40.087+0000] {logging_mixin.py:188} INFO - [2026-06-10T22:07:40.086+0000] {dag.py:3954} INFO - Setting next_dagrun for example_xcom_args to None, run_after=None
[2026-06-10T22:07:40.091+0000] {logging_mixin.py:188} INFO - [2026-06-10T22:07:40.091+0000] {dag.py:3954} INFO - Setting next_dagrun for example_xcom_args_with_operators to None, run_after=None
[2026-06-10T22:07:40.112+0000] {processor.py:183} INFO - Processing /home/airflow/.local/lib/python3.12/site-packages/airflow/example_dags/example_xcomargs.py took 0.106 seconds
[2026-06-10T22:08:10.989+0000] {processor.py:161} INFO - Started process (PID=2060) to work on /home/airflow/.local/lib/python3.12/site-packages/airflow/example_dags/example_xcomargs.py
[2026-06-10T22:08:10.991+0000] {processor.py:830} INFO - Processing file /home/airflow/.local/lib/python3.12/site-packages/airflow/example_dags/example_xcomargs.py for tasks to queue
[2026-06-10T22:08:10.993+0000] {logging_mixin.py:188} INFO - [2026-06-10T22:08:10.992+0000] {dagbag.py:545} INFO - Filling up the DagBag from /home/airflow/.local/lib/python3.12/site-packages/airflow/example_dags/example_xcomargs.py
[2026-06-10T22:08:11.003+0000] {processor.py:840} INFO - DAG(s) 'example_xcom_args', 'example_xcom_args_with_operators' retrieved from /home/airflow/.local/lib/python3.12/site-packages/airflow/example_dags/example_xcomargs.py
[2026-06-10T22:08:11.039+0000] {logging_mixin.py:188} INFO - [2026-06-10T22:08:11.039+0000] {dag.py:3096} INFO - Sync 2 DAGs
[2026-06-10T22:08:11.056+0000] {logging_mixin.py:188} INFO - [2026-06-10T22:08:11.055+0000] {dag.py:3954} INFO - Setting next_dagrun for example_xcom_args to None, run_after=None
[2026-06-10T22:08:11.060+0000] {logging_mixin.py:188} INFO - [2026-06-10T22:08:11.060+0000] {dag.py:3954} INFO - Setting next_dagrun for example_xcom_args_with_operators to None, run_after=None
[2026-06-10T22:08:11.079+0000] {processor.py:183} INFO - Processing /home/airflow/.local/lib/python3.12/site-packages/airflow/example_dags/example_xcomargs.py took 0.097 seconds
[2026-06-10T22:08:41.194+0000] {processor.py:161} INFO - Started process (PID=2120) to work on /home/airflow/.local/lib/python3.12/site-packages/airflow/example_dags/example_xcomargs.py
[2026-06-10T22:08:41.196+0000] {processor.py:830} INFO - Processing file /home/airflow/.local/lib/python3.12/site-packages/airflow/example_dags/example_xcomargs.py for tasks to queue
[2026-06-10T22:08:41.199+0000] {logging_mixin.py:188} INFO - [2026-06-10T22:08:41.199+0000] {dagbag.py:545} INFO - Filling up the DagBag from /home/airflow/.local/lib/python3.12/site-packages/airflow/example_dags/example_xcomargs.py
[2026-06-10T22:08:41.209+0000] {processor.py:840} INFO - DAG(s) 'example_xcom_args_with_operators', 'example_xcom_args' retrieved from /home/airflow/.local/lib/python3.12/site-packages/airflow/example_dags/example_xcomargs.py
[2026-06-10T22:08:41.238+0000] {logging_mixin.py:188} INFO - [2026-06-10T22:08:41.237+0000] {dag.py:3096} INFO - Sync 2 DAGs
[2026-06-10T22:08:41.261+0000] {logging_mixin.py:188} INFO - [2026-06-10T22:08:41.261+0000] {dag.py:3954} INFO - Setting next_dagrun for example_xcom_args to None, run_after=None
[2026-06-10T22:08:41.266+0000] {logging_mixin.py:188} INFO - [2026-06-10T22:08:41.266+0000] {dag.py:3954} INFO - Setting next_dagrun for example_xcom_args_with_operators to None, run_after=None
[2026-06-10T22:08:41.288+0000] {processor.py:183} INFO - Processing /home/airflow/.local/lib/python3.12/site-packages/airflow/example_dags/example_xcomargs.py took 0.111 seconds
[2026-06-10T22:09:11.714+0000] {processor.py:161} INFO - Started process (PID=2179) to work on /home/airflow/.local/lib/python3.12/site-packages/airflow/example_dags/example_xcomargs.py
[2026-06-10T22:09:11.715+0000] {processor.py:830} INFO - Processing file /home/airflow/.local/lib/python3.12/site-packages/airflow/example_dags/example_xcomargs.py for tasks to queue
[2026-06-10T22:09:11.717+0000] {logging_mixin.py:188} INFO - [2026-06-10T22:09:11.716+0000] {dagbag.py:545} INFO - Filling up the DagBag from /home/airflow/.local/lib/python3.12/site-packages/airflow/example_dags/example_xcomargs.py
[2026-06-10T22:09:11.758+0000] {processor.py:840} INFO - DAG(s) 'example_xcom_args_with_operators', 'example_xcom_args' retrieved from /home/airflow/.local/lib/python3.12/site-packages/airflow/example_dags/example_xcomargs.py
[2026-06-10T22:09:11.835+0000] {logging_mixin.py:188} INFO - [2026-06-10T22:09:11.835+0000] {dag.py:3096} INFO - Sync 2 DAGs
[2026-06-10T22:09:11.883+0000] {logging_mixin.py:188} INFO - [2026-06-10T22:09:11.883+0000] {dag.py:3954} INFO - Setting next_dagrun for example_xcom_args to None, run_after=None
[2026-06-10T22:09:11.898+0000] {logging_mixin.py:188} INFO - [2026-06-10T22:09:11.898+0000] {dag.py:3954} INFO - Setting next_dagrun for example_xcom_args_with_operators to None, run_after=None
[2026-06-10T22:09:11.947+0000] {processor.py:183} INFO - Processing /home/airflow/.local/lib/python3.12/site-packages/airflow/example_dags/example_xcomargs.py took 0.243 seconds
[2026-06-10T22:09:42.403+0000] {processor.py:161} INFO - Started process (PID=2239) to work on /home/airflow/.local/lib/python3.12/site-packages/airflow/example_dags/example_xcomargs.py
[2026-06-10T22:09:42.406+0000] {processor.py:830} INFO - Processing file /home/airflow/.local/lib/python3.12/site-packages/airflow/example_dags/example_xcomargs.py for tasks to queue
[2026-06-10T22:09:42.409+0000] {logging_mixin.py:188} INFO - [2026-06-10T22:09:42.409+0000] {dagbag.py:545} INFO - Filling up the DagBag from /home/airflow/.local/lib/python3.12/site-packages/airflow/example_dags/example_xcomargs.py
[2026-06-10T22:09:42.422+0000] {processor.py:840} INFO - DAG(s) 'example_xcom_args', 'example_xcom_args_with_operators' retrieved from /home/airflow/.local/lib/python3.12/site-packages/airflow/example_dags/example_xcomargs.py
[2026-06-10T22:09:42.451+0000] {logging_mixin.py:188} INFO - [2026-06-10T22:09:42.451+0000] {dag.py:3096} INFO - Sync 2 DAGs
[2026-06-10T22:09:42.468+0000] {logging_mixin.py:188} INFO - [2026-06-10T22:09:42.468+0000] {dag.py:3954} INFO - Setting next_dagrun for example_xcom_args to None, run_after=None
[2026-06-10T22:09:42.473+0000] {logging_mixin.py:188} INFO - [2026-06-10T22:09:42.473+0000] {dag.py:3954} INFO - Setting next_dagrun for example_xcom_args_with_operators to None, run_after=None
[2026-06-10T22:09:42.493+0000] {processor.py:183} INFO - Processing /home/airflow/.local/lib/python3.12/site-packages/airflow/example_dags/example_xcomargs.py took 0.097 seconds
[2026-06-10T22:10:13.404+0000] {processor.py:161} INFO - Started process (PID=2298) to work on /home/airflow/.local/lib/python3.12/site-packages/airflow/example_dags/example_xcomargs.py
[2026-06-10T22:10:13.406+0000] {processor.py:830} INFO - Processing file /home/airflow/.local/lib/python3.12/site-packages/airflow/example_dags/example_xcomargs.py for tasks to queue
[2026-06-10T22:10:13.408+0000] {logging_mixin.py:188} INFO - [2026-06-10T22:10:13.408+0000] {dagbag.py:545} INFO - Filling up the DagBag from /home/airflow/.local/lib/python3.12/site-packages/airflow/example_dags/example_xcomargs.py
[2026-06-10T22:10:13.418+0000] {processor.py:840} INFO - DAG(s) 'example_xcom_args_with_operators', 'example_xcom_args' retrieved from /home/airflow/.local/lib/python3.12/site-packages/airflow/example_dags/example_xcomargs.py
[2026-06-10T22:10:13.456+0000] {logging_mixin.py:188} INFO - [2026-06-10T22:10:13.455+0000] {dag.py:3096} INFO - Sync 2 DAGs
[2026-06-10T22:10:13.473+0000] {logging_mixin.py:188} INFO - [2026-06-10T22:10:13.472+0000] {dag.py:3954} INFO - Setting next_dagrun for example_xcom_args to None, run_after=None
[2026-06-10T22:10:13.477+0000] {logging_mixin.py:188} INFO - [2026-06-10T22:10:13.477+0000] {dag.py:3954} INFO - Setting next_dagrun for example_xcom_args_with_operators to None, run_after=None
[2026-06-10T22:10:13.496+0000] {processor.py:183} INFO - Processing /home/airflow/.local/lib/python3.12/site-packages/airflow/example_dags/example_xcomargs.py took 0.099 seconds
[2026-06-10T22:10:44.119+0000] {processor.py:161} INFO - Started process (PID=2358) to work on /home/airflow/.local/lib/python3.12/site-packages/airflow/example_dags/example_xcomargs.py
[2026-06-10T22:10:44.121+0000] {processor.py:830} INFO - Processing file /home/airflow/.local/lib/python3.12/site-packages/airflow/example_dags/example_xcomargs.py for tasks to queue
[2026-06-10T22:10:44.128+0000] {logging_mixin.py:188} INFO - [2026-06-10T22:10:44.128+0000] {dagbag.py:545} INFO - Filling up the DagBag from /home/airflow/.local/lib/python3.12/site-packages/airflow/example_dags/example_xcomargs.py
[2026-06-10T22:10:44.167+0000] {processor.py:840} INFO - DAG(s) 'example_xcom_args', 'example_xcom_args_with_operators' retrieved from /home/airflow/.local/lib/python3.12/site-packages/airflow/example_dags/example_xcomargs.py
[2026-06-10T22:10:44.278+0000] {logging_mixin.py:188} INFO - [2026-06-10T22:10:44.273+0000] {dag.py:3096} INFO - Sync 2 DAGs
[2026-06-10T22:10:44.364+0000] {logging_mixin.py:188} INFO - [2026-06-10T22:10:44.364+0000] {dag.py:3954} INFO - Setting next_dagrun for example_xcom_args to None, run_after=None
[2026-06-10T22:10:44.378+0000] {logging_mixin.py:188} INFO - [2026-06-10T22:10:44.378+0000] {dag.py:3954} INFO - Setting next_dagrun for example_xcom_args_with_operators to None, run_after=None
[2026-06-10T22:10:44.438+0000] {processor.py:183} INFO - Processing /home/airflow/.local/lib/python3.12/site-packages/airflow/example_dags/example_xcomargs.py took 0.347 seconds
[2026-06-10T22:11:15.412+0000] {processor.py:161} INFO - Started process (PID=2418) to work on /home/airflow/.local/lib/python3.12/site-packages/airflow/example_dags/example_xcomargs.py
[2026-06-10T22:11:15.414+0000] {processor.py:830} INFO - Processing file /home/airflow/.local/lib/python3.12/site-packages/airflow/example_dags/example_xcomargs.py for tasks to queue
[2026-06-10T22:11:15.416+0000] {logging_mixin.py:188} INFO - [2026-06-10T22:11:15.415+0000] {dagbag.py:545} INFO - Filling up the DagBag from /home/airflow/.local/lib/python3.12/site-packages/airflow/example_dags/example_xcomargs.py
[2026-06-10T22:11:15.426+0000] {processor.py:840} INFO - DAG(s) 'example_xcom_args', 'example_xcom_args_with_operators' retrieved from /home/airflow/.local/lib/python3.12/site-packages/airflow/example_dags/example_xcomargs.py
[2026-06-10T22:11:15.461+0000] {logging_mixin.py:188} INFO - [2026-06-10T22:11:15.461+0000] {dag.py:3096} INFO - Sync 2 DAGs
[2026-06-10T22:11:15.481+0000] {logging_mixin.py:188} INFO - [2026-06-10T22:11:15.481+0000] {dag.py:3954} INFO - Setting next_dagrun for example_xcom_args to None, run_after=None
[2026-06-10T22:11:15.490+0000] {logging_mixin.py:188} INFO - [2026-06-10T22:11:15.489+0000] {dag.py:3954} INFO - Setting next_dagrun for example_xcom_args_with_operators to None, run_after=None
[2026-06-10T22:11:15.510+0000] {processor.py:183} INFO - Processing /home/airflow/.local/lib/python3.12/site-packages/airflow/example_dags/example_xcomargs.py took 0.114 seconds
[2026-06-10T22:11:45.748+0000] {processor.py:161} INFO - Started process (PID=2478) to work on /home/airflow/.local/lib/python3.12/site-packages/airflow/example_dags/example_xcomargs.py
[2026-06-10T22:11:45.748+0000] {processor.py:830} INFO - Processing file /home/airflow/.local/lib/python3.12/site-packages/airflow/example_dags/example_xcomargs.py for tasks to queue
[2026-06-10T22:11:45.750+0000] {logging_mixin.py:188} INFO - [2026-06-10T22:11:45.750+0000] {dagbag.py:545} INFO - Filling up the DagBag from /home/airflow/.local/lib/python3.12/site-packages/airflow/example_dags/example_xcomargs.py
[2026-06-10T22:11:45.760+0000] {processor.py:840} INFO - DAG(s) 'example_xcom_args', 'example_xcom_args_with_operators' retrieved from /home/airflow/.local/lib/python3.12/site-packages/airflow/example_dags/example_xcomargs.py
[2026-06-10T22:11:45.790+0000] {logging_mixin.py:188} INFO - [2026-06-10T22:11:45.790+0000] {dag.py:3096} INFO - Sync 2 DAGs
[2026-06-10T22:11:45.810+0000] {logging_mixin.py:188} INFO - [2026-06-10T22:11:45.810+0000] {dag.py:3954} INFO - Setting next_dagrun for example_xcom_args to None, run_after=None
[2026-06-10T22:11:45.821+0000] {logging_mixin.py:188} INFO - [2026-06-10T22:11:45.821+0000] {dag.py:3954} INFO - Setting next_dagrun for example_xcom_args_with_operators to None, run_after=None
[2026-06-10T22:11:45.840+0000] {processor.py:183} INFO - Processing /home/airflow/.local/lib/python3.12/site-packages/airflow/example_dags/example_xcomargs.py took 0.099 seconds
[2026-06-10T22:12:16.027+0000] {processor.py:161} INFO - Started process (PID=2538) to work on /home/airflow/.local/lib/python3.12/site-packages/airflow/example_dags/example_xcomargs.py
[2026-06-10T22:12:16.027+0000] {processor.py:830} INFO - Processing file /home/airflow/.local/lib/python3.12/site-packages/airflow/example_dags/example_xcomargs.py for tasks to queue
[2026-06-10T22:12:16.029+0000] {logging_mixin.py:188} INFO - [2026-06-10T22:12:16.029+0000] {dagbag.py:545} INFO - Filling up the DagBag from /home/airflow/.local/lib/python3.12/site-packages/airflow/example_dags/example_xcomargs.py
[2026-06-10T22:12:16.039+0000] {processor.py:840} INFO - DAG(s) 'example_xcom_args', 'example_xcom_args_with_operators' retrieved from /home/airflow/.local/lib/python3.12/site-packages/airflow/example_dags/example_xcomargs.py
[2026-06-10T22:12:16.071+0000] {logging_mixin.py:188} INFO - [2026-06-10T22:12:16.071+0000] {dag.py:3096} INFO - Sync 2 DAGs
[2026-06-10T22:12:16.090+0000] {logging_mixin.py:188} INFO - [2026-06-10T22:12:16.090+0000] {dag.py:3954} INFO - Setting next_dagrun for example_xcom_args to None, run_after=None
[2026-06-10T22:12:16.096+0000] {logging_mixin.py:188} INFO - [2026-06-10T22:12:16.095+0000] {dag.py:3954} INFO - Setting next_dagrun for example_xcom_args_with_operators to None, run_after=None
[2026-06-10T22:12:16.119+0000] {processor.py:183} INFO - Processing /home/airflow/.local/lib/python3.12/site-packages/airflow/example_dags/example_xcomargs.py took 0.099 seconds
[2026-06-10T22:12:46.717+0000] {processor.py:161} INFO - Started process (PID=2598) to work on /home/airflow/.local/lib/python3.12/site-packages/airflow/example_dags/example_xcomargs.py
[2026-06-10T22:12:46.718+0000] {processor.py:830} INFO - Processing file /home/airflow/.local/lib/python3.12/site-packages/airflow/example_dags/example_xcomargs.py for tasks to queue
[2026-06-10T22:12:46.720+0000] {logging_mixin.py:188} INFO - [2026-06-10T22:12:46.720+0000] {dagbag.py:545} INFO - Filling up the DagBag from /home/airflow/.local/lib/python3.12/site-packages/airflow/example_dags/example_xcomargs.py
[2026-06-10T22:12:46.730+0000] {processor.py:840} INFO - DAG(s) 'example_xcom_args_with_operators', 'example_xcom_args' retrieved from /home/airflow/.local/lib/python3.12/site-packages/airflow/example_dags/example_xcomargs.py
[2026-06-10T22:12:46.760+0000] {logging_mixin.py:188} INFO - [2026-06-10T22:12:46.759+0000] {dag.py:3096} INFO - Sync 2 DAGs
[2026-06-10T22:12:46.778+0000] {logging_mixin.py:188} INFO - [2026-06-10T22:12:46.777+0000] {dag.py:3954} INFO - Setting next_dagrun for example_xcom_args to None, run_after=None
[2026-06-10T22:12:46.782+0000] {logging_mixin.py:188} INFO - [2026-06-10T22:12:46.782+0000] {dag.py:3954} INFO - Setting next_dagrun for example_xcom_args_with_operators to None, run_after=None
[2026-06-10T22:12:46.804+0000] {processor.py:183} INFO - Processing /home/airflow/.local/lib/python3.12/site-packages/airflow/example_dags/example_xcomargs.py took 0.093 seconds
[2026-06-10T22:13:17.494+0000] {processor.py:161} INFO - Started process (PID=2658) to work on /home/airflow/.local/lib/python3.12/site-packages/airflow/example_dags/example_xcomargs.py
[2026-06-10T22:13:17.498+0000] {processor.py:830} INFO - Processing file /home/airflow/.local/lib/python3.12/site-packages/airflow/example_dags/example_xcomargs.py for tasks to queue
[2026-06-10T22:13:17.501+0000] {logging_mixin.py:188} INFO - [2026-06-10T22:13:17.501+0000] {dagbag.py:545} INFO - Filling up the DagBag from /home/airflow/.local/lib/python3.12/site-packages/airflow/example_dags/example_xcomargs.py
[2026-06-10T22:13:17.542+0000] {processor.py:840} INFO - DAG(s) 'example_xcom_args_with_operators', 'example_xcom_args' retrieved from /home/airflow/.local/lib/python3.12/site-packages/airflow/example_dags/example_xcomargs.py
[2026-06-10T22:13:17.639+0000] {logging_mixin.py:188} INFO - [2026-06-10T22:13:17.639+0000] {dag.py:3096} INFO - Sync 2 DAGs
[2026-06-10T22:13:17.674+0000] {logging_mixin.py:188} INFO - [2026-06-10T22:13:17.673+0000] {dag.py:3954} INFO - Setting next_dagrun for example_xcom_args to None, run_after=None
[2026-06-10T22:13:17.682+0000] {logging_mixin.py:188} INFO - [2026-06-10T22:13:17.682+0000] {dag.py:3954} INFO - Setting next_dagrun for example_xcom_args_with_operators to None, run_after=None
[2026-06-10T22:13:17.727+0000] {processor.py:183} INFO - Processing /home/airflow/.local/lib/python3.12/site-packages/airflow/example_dags/example_xcomargs.py took 0.270 seconds
[2026-06-10T22:15:34.401+0000] {processor.py:161} INFO - Started process (PID=92) to work on /home/airflow/.local/lib/python3.12/site-packages/airflow/example_dags/example_xcomargs.py
[2026-06-10T22:15:34.412+0000] {processor.py:830} INFO - Processing file /home/airflow/.local/lib/python3.12/site-packages/airflow/example_dags/example_xcomargs.py for tasks to queue
[2026-06-10T22:15:34.420+0000] {logging_mixin.py:188} INFO - [2026-06-10T22:15:34.420+0000] {dagbag.py:545} INFO - Filling up the DagBag from /home/airflow/.local/lib/python3.12/site-packages/airflow/example_dags/example_xcomargs.py
[2026-06-10T22:15:34.480+0000] {processor.py:840} INFO - DAG(s) 'example_xcom_args_with_operators', 'example_xcom_args' retrieved from /home/airflow/.local/lib/python3.12/site-packages/airflow/example_dags/example_xcomargs.py
[2026-06-10T22:15:35.354+0000] {logging_mixin.py:188} INFO - [2026-06-10T22:15:35.354+0000] {dag.py:3096} INFO - Sync 2 DAGs
[2026-06-10T22:15:35.447+0000] {logging_mixin.py:188} INFO - [2026-06-10T22:15:35.446+0000] {dag.py:3954} INFO - Setting next_dagrun for example_xcom_args to None, run_after=None
[2026-06-10T22:15:35.478+0000] {logging_mixin.py:188} INFO - [2026-06-10T22:15:35.475+0000] {dag.py:3954} INFO - Setting next_dagrun for example_xcom_args_with_operators to None, run_after=None
[2026-06-10T22:15:35.641+0000] {processor.py:183} INFO - Processing /home/airflow/.local/lib/python3.12/site-packages/airflow/example_dags/example_xcomargs.py took 1.268 seconds
[2026-06-10T22:16:15.847+0000] {processor.py:161} INFO - Started process (PID=158) to work on /home/airflow/.local/lib/python3.12/site-packages/airflow/example_dags/example_xcomargs.py
[2026-06-10T22:16:15.855+0000] {processor.py:830} INFO - Processing file /home/airflow/.local/lib/python3.12/site-packages/airflow/example_dags/example_xcomargs.py for tasks to queue
[2026-06-10T22:16:15.868+0000] {logging_mixin.py:188} INFO - [2026-06-10T22:16:15.868+0000] {dagbag.py:545} INFO - Filling up the DagBag from /home/airflow/.local/lib/python3.12/site-packages/airflow/example_dags/example_xcomargs.py
[2026-06-10T22:16:15.937+0000] {processor.py:840} INFO - DAG(s) 'example_xcom_args', 'example_xcom_args_with_operators' retrieved from /home/airflow/.local/lib/python3.12/site-packages/airflow/example_dags/example_xcomargs.py
[2026-06-10T22:16:16.130+0000] {logging_mixin.py:188} INFO - [2026-06-10T22:16:16.130+0000] {dag.py:3096} INFO - Sync 2 DAGs
[2026-06-10T22:16:16.223+0000] {logging_mixin.py:188} INFO - [2026-06-10T22:16:16.223+0000] {dag.py:3954} INFO - Setting next_dagrun for example_xcom_args to None, run_after=None
[2026-06-10T22:16:16.260+0000] {logging_mixin.py:188} INFO - [2026-06-10T22:16:16.258+0000] {dag.py:3954} INFO - Setting next_dagrun for example_xcom_args_with_operators to None, run_after=None
[2026-06-10T22:16:16.397+0000] {processor.py:183} INFO - Processing /home/airflow/.local/lib/python3.12/site-packages/airflow/example_dags/example_xcomargs.py took 0.609 seconds
[2026-06-10T22:16:46.625+0000] {processor.py:161} INFO - Started process (PID=216) to work on /home/airflow/.local/lib/python3.12/site-packages/airflow/example_dags/example_xcomargs.py
[2026-06-10T22:16:46.626+0000] {processor.py:830} INFO - Processing file /home/airflow/.local/lib/python3.12/site-packages/airflow/example_dags/example_xcomargs.py for tasks to queue
[2026-06-10T22:16:46.629+0000] {logging_mixin.py:188} INFO - [2026-06-10T22:16:46.628+0000] {dagbag.py:545} INFO - Filling up the DagBag from /home/airflow/.local/lib/python3.12/site-packages/airflow/example_dags/example_xcomargs.py
[2026-06-10T22:16:46.640+0000] {processor.py:840} INFO - DAG(s) 'example_xcom_args', 'example_xcom_args_with_operators' retrieved from /home/airflow/.local/lib/python3.12/site-packages/airflow/example_dags/example_xcomargs.py
[2026-06-10T22:16:47.003+0000] {logging_mixin.py:188} INFO - [2026-06-10T22:16:47.003+0000] {dag.py:3096} INFO - Sync 2 DAGs
[2026-06-10T22:16:47.068+0000] {logging_mixin.py:188} INFO - [2026-06-10T22:16:47.066+0000] {dag.py:3954} INFO - Setting next_dagrun for example_xcom_args to None, run_after=None
[2026-06-10T22:16:47.077+0000] {logging_mixin.py:188} INFO - [2026-06-10T22:16:47.076+0000] {dag.py:3954} INFO - Setting next_dagrun for example_xcom_args_with_operators to None, run_after=None
[2026-06-10T22:16:47.126+0000] {processor.py:183} INFO - Processing /home/airflow/.local/lib/python3.12/site-packages/airflow/example_dags/example_xcomargs.py took 0.509 seconds
[2026-06-10T22:17:17.990+0000] {processor.py:161} INFO - Started process (PID=275) to work on /home/airflow/.local/lib/python3.12/site-packages/airflow/example_dags/example_xcomargs.py
[2026-06-10T22:17:17.991+0000] {processor.py:830} INFO - Processing file /home/airflow/.local/lib/python3.12/site-packages/airflow/example_dags/example_xcomargs.py for tasks to queue
[2026-06-10T22:17:17.993+0000] {logging_mixin.py:188} INFO - [2026-06-10T22:17:17.992+0000] {dagbag.py:545} INFO - Filling up the DagBag from /home/airflow/.local/lib/python3.12/site-packages/airflow/example_dags/example_xcomargs.py
[2026-06-10T22:17:18.000+0000] {processor.py:840} INFO - DAG(s) 'example_xcom_args', 'example_xcom_args_with_operators' retrieved from /home/airflow/.local/lib/python3.12/site-packages/airflow/example_dags/example_xcomargs.py
[2026-06-10T22:17:18.020+0000] {logging_mixin.py:188} INFO - [2026-06-10T22:17:18.020+0000] {dag.py:3096} INFO - Sync 2 DAGs
[2026-06-10T22:17:18.031+0000] {logging_mixin.py:188} INFO - [2026-06-10T22:17:18.031+0000] {dag.py:3954} INFO - Setting next_dagrun for example_xcom_args to None, run_after=None
[2026-06-10T22:17:18.035+0000] {logging_mixin.py:188} INFO - [2026-06-10T22:17:18.034+0000] {dag.py:3954} INFO - Setting next_dagrun for example_xcom_args_with_operators to None, run_after=None
[2026-06-10T22:17:18.050+0000] {processor.py:183} INFO - Processing /home/airflow/.local/lib/python3.12/site-packages/airflow/example_dags/example_xcomargs.py took 0.065 seconds
[2026-06-10T22:17:48.907+0000] {processor.py:161} INFO - Started process (PID=335) to work on /home/airflow/.local/lib/python3.12/site-packages/airflow/example_dags/example_xcomargs.py
[2026-06-10T22:17:48.909+0000] {processor.py:830} INFO - Processing file /home/airflow/.local/lib/python3.12/site-packages/airflow/example_dags/example_xcomargs.py for tasks to queue
[2026-06-10T22:17:48.913+0000] {logging_mixin.py:188} INFO - [2026-06-10T22:17:48.913+0000] {dagbag.py:545} INFO - Filling up the DagBag from /home/airflow/.local/lib/python3.12/site-packages/airflow/example_dags/example_xcomargs.py
[2026-06-10T22:17:48.936+0000] {processor.py:840} INFO - DAG(s) 'example_xcom_args', 'example_xcom_args_with_operators' retrieved from /home/airflow/.local/lib/python3.12/site-packages/airflow/example_dags/example_xcomargs.py
[2026-06-10T22:17:48.990+0000] {logging_mixin.py:188} INFO - [2026-06-10T22:17:48.990+0000] {dag.py:3096} INFO - Sync 2 DAGs
[2026-06-10T22:17:49.029+0000] {logging_mixin.py:188} INFO - [2026-06-10T22:17:49.029+0000] {dag.py:3954} INFO - Setting next_dagrun for example_xcom_args to None, run_after=None
[2026-06-10T22:17:49.048+0000] {logging_mixin.py:188} INFO - [2026-06-10T22:17:49.048+0000] {dag.py:3954} INFO - Setting next_dagrun for example_xcom_args_with_operators to None, run_after=None
[2026-06-10T22:17:49.093+0000] {processor.py:183} INFO - Processing /home/airflow/.local/lib/python3.12/site-packages/airflow/example_dags/example_xcomargs.py took 0.205 seconds
[2026-06-10T22:18:19.656+0000] {processor.py:161} INFO - Started process (PID=395) to work on /home/airflow/.local/lib/python3.12/site-packages/airflow/example_dags/example_xcomargs.py
[2026-06-10T22:18:19.657+0000] {processor.py:830} INFO - Processing file /home/airflow/.local/lib/python3.12/site-packages/airflow/example_dags/example_xcomargs.py for tasks to queue
[2026-06-10T22:18:19.659+0000] {logging_mixin.py:188} INFO - [2026-06-10T22:18:19.659+0000] {dagbag.py:545} INFO - Filling up the DagBag from /home/airflow/.local/lib/python3.12/site-packages/airflow/example_dags/example_xcomargs.py
[2026-06-10T22:18:19.670+0000] {processor.py:840} INFO - DAG(s) 'example_xcom_args', 'example_xcom_args_with_operators' retrieved from /home/airflow/.local/lib/python3.12/site-packages/airflow/example_dags/example_xcomargs.py
[2026-06-10T22:18:19.701+0000] {logging_mixin.py:188} INFO - [2026-06-10T22:18:19.700+0000] {dag.py:3096} INFO - Sync 2 DAGs
[2026-06-10T22:18:19.718+0000] {logging_mixin.py:188} INFO - [2026-06-10T22:18:19.718+0000] {dag.py:3954} INFO - Setting next_dagrun for example_xcom_args to None, run_after=None
[2026-06-10T22:18:19.724+0000] {logging_mixin.py:188} INFO - [2026-06-10T22:18:19.724+0000] {dag.py:3954} INFO - Setting next_dagrun for example_xcom_args_with_operators to None, run_after=None
[2026-06-10T22:18:19.750+0000] {processor.py:183} INFO - Processing /home/airflow/.local/lib/python3.12/site-packages/airflow/example_dags/example_xcomargs.py took 0.102 seconds
[2026-06-10T22:18:50.093+0000] {processor.py:161} INFO - Started process (PID=455) to work on /home/airflow/.local/lib/python3.12/site-packages/airflow/example_dags/example_xcomargs.py
[2026-06-10T22:18:50.094+0000] {processor.py:830} INFO - Processing file /home/airflow/.local/lib/python3.12/site-packages/airflow/example_dags/example_xcomargs.py for tasks to queue
[2026-06-10T22:18:50.095+0000] {logging_mixin.py:188} INFO - [2026-06-10T22:18:50.095+0000] {dagbag.py:545} INFO - Filling up the DagBag from /home/airflow/.local/lib/python3.12/site-packages/airflow/example_dags/example_xcomargs.py
[2026-06-10T22:18:50.103+0000] {processor.py:840} INFO - DAG(s) 'example_xcom_args_with_operators', 'example_xcom_args' retrieved from /home/airflow/.local/lib/python3.12/site-packages/airflow/example_dags/example_xcomargs.py
[2026-06-10T22:18:50.124+0000] {logging_mixin.py:188} INFO - [2026-06-10T22:18:50.124+0000] {dag.py:3096} INFO - Sync 2 DAGs
[2026-06-10T22:18:50.136+0000] {logging_mixin.py:188} INFO - [2026-06-10T22:18:50.136+0000] {dag.py:3954} INFO - Setting next_dagrun for example_xcom_args to None, run_after=None
[2026-06-10T22:18:50.139+0000] {logging_mixin.py:188} INFO - [2026-06-10T22:18:50.139+0000] {dag.py:3954} INFO - Setting next_dagrun for example_xcom_args_with_operators to None, run_after=None
[2026-06-10T22:18:50.153+0000] {processor.py:183} INFO - Processing /home/airflow/.local/lib/python3.12/site-packages/airflow/example_dags/example_xcomargs.py took 0.064 seconds
[2026-06-10T22:19:20.255+0000] {processor.py:161} INFO - Started process (PID=515) to work on /home/airflow/.local/lib/python3.12/site-packages/airflow/example_dags/example_xcomargs.py
[2026-06-10T22:19:20.255+0000] {processor.py:830} INFO - Processing file /home/airflow/.local/lib/python3.12/site-packages/airflow/example_dags/example_xcomargs.py for tasks to queue
[2026-06-10T22:19:20.257+0000] {logging_mixin.py:188} INFO - [2026-06-10T22:19:20.257+0000] {dagbag.py:545} INFO - Filling up the DagBag from /home/airflow/.local/lib/python3.12/site-packages/airflow/example_dags/example_xcomargs.py
[2026-06-10T22:19:20.264+0000] {processor.py:840} INFO - DAG(s) 'example_xcom_args', 'example_xcom_args_with_operators' retrieved from /home/airflow/.local/lib/python3.12/site-packages/airflow/example_dags/example_xcomargs.py
[2026-06-10T22:19:20.285+0000] {logging_mixin.py:188} INFO - [2026-06-10T22:19:20.284+0000] {dag.py:3096} INFO - Sync 2 DAGs
[2026-06-10T22:19:20.296+0000] {logging_mixin.py:188} INFO - [2026-06-10T22:19:20.296+0000] {dag.py:3954} INFO - Setting next_dagrun for example_xcom_args to None, run_after=None
[2026-06-10T22:19:20.299+0000] {logging_mixin.py:188} INFO - [2026-06-10T22:19:20.299+0000] {dag.py:3954} INFO - Setting next_dagrun for example_xcom_args_with_operators to None, run_after=None
[2026-06-10T22:19:20.314+0000] {processor.py:183} INFO - Processing /home/airflow/.local/lib/python3.12/site-packages/airflow/example_dags/example_xcomargs.py took 0.064 seconds
[2026-06-10T22:19:50.869+0000] {processor.py:161} INFO - Started process (PID=575) to work on /home/airflow/.local/lib/python3.12/site-packages/airflow/example_dags/example_xcomargs.py
[2026-06-10T22:19:50.870+0000] {processor.py:830} INFO - Processing file /home/airflow/.local/lib/python3.12/site-packages/airflow/example_dags/example_xcomargs.py for tasks to queue
[2026-06-10T22:19:50.872+0000] {logging_mixin.py:188} INFO - [2026-06-10T22:19:50.871+0000] {dagbag.py:545} INFO - Filling up the DagBag from /home/airflow/.local/lib/python3.12/site-packages/airflow/example_dags/example_xcomargs.py
[2026-06-10T22:19:50.881+0000] {processor.py:840} INFO - DAG(s) 'example_xcom_args', 'example_xcom_args_with_operators' retrieved from /home/airflow/.local/lib/python3.12/site-packages/airflow/example_dags/example_xcomargs.py
[2026-06-10T22:19:50.904+0000] {logging_mixin.py:188} INFO - [2026-06-10T22:19:50.904+0000] {dag.py:3096} INFO - Sync 2 DAGs
[2026-06-10T22:19:50.916+0000] {logging_mixin.py:188} INFO - [2026-06-10T22:19:50.916+0000] {dag.py:3954} INFO - Setting next_dagrun for example_xcom_args to None, run_after=None
[2026-06-10T22:19:50.920+0000] {logging_mixin.py:188} INFO - [2026-06-10T22:19:50.919+0000] {dag.py:3954} INFO - Setting next_dagrun for example_xcom_args_with_operators to None, run_after=None
[2026-06-10T22:19:50.934+0000] {processor.py:183} INFO - Processing /home/airflow/.local/lib/python3.12/site-packages/airflow/example_dags/example_xcomargs.py took 0.072 seconds
[2026-06-10T22:20:21.079+0000] {processor.py:161} INFO - Started process (PID=635) to work on /home/airflow/.local/lib/python3.12/site-packages/airflow/example_dags/example_xcomargs.py
[2026-06-10T22:20:21.080+0000] {processor.py:830} INFO - Processing file /home/airflow/.local/lib/python3.12/site-packages/airflow/example_dags/example_xcomargs.py for tasks to queue
[2026-06-10T22:20:21.082+0000] {logging_mixin.py:188} INFO - [2026-06-10T22:20:21.081+0000] {dagbag.py:545} INFO - Filling up the DagBag from /home/airflow/.local/lib/python3.12/site-packages/airflow/example_dags/example_xcomargs.py
[2026-06-10T22:20:21.089+0000] {processor.py:840} INFO - DAG(s) 'example_xcom_args_with_operators', 'example_xcom_args' retrieved from /home/airflow/.local/lib/python3.12/site-packages/airflow/example_dags/example_xcomargs.py
[2026-06-10T22:20:21.111+0000] {logging_mixin.py:188} INFO - [2026-06-10T22:20:21.111+0000] {dag.py:3096} INFO - Sync 2 DAGs
[2026-06-10T22:20:21.123+0000] {logging_mixin.py:188} INFO - [2026-06-10T22:20:21.123+0000] {dag.py:3954} INFO - Setting next_dagrun for example_xcom_args to None, run_after=None
[2026-06-10T22:20:21.126+0000] {logging_mixin.py:188} INFO - [2026-06-10T22:20:21.126+0000] {dag.py:3954} INFO - Setting next_dagrun for example_xcom_args_with_operators to None, run_after=None
[2026-06-10T22:20:21.141+0000] {processor.py:183} INFO - Processing /home/airflow/.local/lib/python3.12/site-packages/airflow/example_dags/example_xcomargs.py took 0.067 seconds
[2026-06-10T22:20:51.625+0000] {processor.py:161} INFO - Started process (PID=695) to work on /home/airflow/.local/lib/python3.12/site-packages/airflow/example_dags/example_xcomargs.py
[2026-06-10T22:20:51.626+0000] {processor.py:830} INFO - Processing file /home/airflow/.local/lib/python3.12/site-packages/airflow/example_dags/example_xcomargs.py for tasks to queue
[2026-06-10T22:20:51.627+0000] {logging_mixin.py:188} INFO - [2026-06-10T22:20:51.627+0000] {dagbag.py:545} INFO - Filling up the DagBag from /home/airflow/.local/lib/python3.12/site-packages/airflow/example_dags/example_xcomargs.py
[2026-06-10T22:20:51.634+0000] {processor.py:840} INFO - DAG(s) 'example_xcom_args', 'example_xcom_args_with_operators' retrieved from /home/airflow/.local/lib/python3.12/site-packages/airflow/example_dags/example_xcomargs.py
[2026-06-10T22:20:51.655+0000] {logging_mixin.py:188} INFO - [2026-06-10T22:20:51.655+0000] {dag.py:3096} INFO - Sync 2 DAGs
[2026-06-10T22:20:51.667+0000] {logging_mixin.py:188} INFO - [2026-06-10T22:20:51.667+0000] {dag.py:3954} INFO - Setting next_dagrun for example_xcom_args to None, run_after=None
[2026-06-10T22:20:51.671+0000] {logging_mixin.py:188} INFO - [2026-06-10T22:20:51.671+0000] {dag.py:3954} INFO - Setting next_dagrun for example_xcom_args_with_operators to None, run_after=None
[2026-06-10T22:20:51.686+0000] {processor.py:183} INFO - Processing /home/airflow/.local/lib/python3.12/site-packages/airflow/example_dags/example_xcomargs.py took 0.066 seconds
[2026-06-10T22:21:21.897+0000] {processor.py:161} INFO - Started process (PID=755) to work on /home/airflow/.local/lib/python3.12/site-packages/airflow/example_dags/example_xcomargs.py
[2026-06-10T22:21:21.898+0000] {processor.py:830} INFO - Processing file /home/airflow/.local/lib/python3.12/site-packages/airflow/example_dags/example_xcomargs.py for tasks to queue
[2026-06-10T22:21:21.902+0000] {logging_mixin.py:188} INFO - [2026-06-10T22:21:21.902+0000] {dagbag.py:545} INFO - Filling up the DagBag from /home/airflow/.local/lib/python3.12/site-packages/airflow/example_dags/example_xcomargs.py
[2026-06-10T22:21:21.916+0000] {processor.py:840} INFO - DAG(s) 'example_xcom_args_with_operators', 'example_xcom_args' retrieved from /home/airflow/.local/lib/python3.12/site-packages/airflow/example_dags/example_xcomargs.py
[2026-06-10T22:21:21.937+0000] {logging_mixin.py:188} INFO - [2026-06-10T22:21:21.937+0000] {dag.py:3096} INFO - Sync 2 DAGs
[2026-06-10T22:21:21.949+0000] {logging_mixin.py:188} INFO - [2026-06-10T22:21:21.949+0000] {dag.py:3954} INFO - Setting next_dagrun for example_xcom_args to None, run_after=None
[2026-06-10T22:21:21.953+0000] {logging_mixin.py:188} INFO - [2026-06-10T22:21:21.952+0000] {dag.py:3954} INFO - Setting next_dagrun for example_xcom_args_with_operators to None, run_after=None
[2026-06-10T22:21:21.966+0000] {processor.py:183} INFO - Processing /home/airflow/.local/lib/python3.12/site-packages/airflow/example_dags/example_xcomargs.py took 0.077 seconds
[2026-06-10T22:21:52.347+0000] {processor.py:161} INFO - Started process (PID=815) to work on /home/airflow/.local/lib/python3.12/site-packages/airflow/example_dags/example_xcomargs.py
[2026-06-10T22:21:52.348+0000] {processor.py:830} INFO - Processing file /home/airflow/.local/lib/python3.12/site-packages/airflow/example_dags/example_xcomargs.py for tasks to queue
[2026-06-10T22:21:52.350+0000] {logging_mixin.py:188} INFO - [2026-06-10T22:21:52.349+0000] {dagbag.py:545} INFO - Filling up the DagBag from /home/airflow/.local/lib/python3.12/site-packages/airflow/example_dags/example_xcomargs.py
[2026-06-10T22:21:52.356+0000] {processor.py:840} INFO - DAG(s) 'example_xcom_args_with_operators', 'example_xcom_args' retrieved from /home/airflow/.local/lib/python3.12/site-packages/airflow/example_dags/example_xcomargs.py
[2026-06-10T22:21:52.384+0000] {logging_mixin.py:188} INFO - [2026-06-10T22:21:52.384+0000] {dag.py:3096} INFO - Sync 2 DAGs
[2026-06-10T22:21:52.396+0000] {logging_mixin.py:188} INFO - [2026-06-10T22:21:52.396+0000] {dag.py:3954} INFO - Setting next_dagrun for example_xcom_args to None, run_after=None
[2026-06-10T22:21:52.399+0000] {logging_mixin.py:188} INFO - [2026-06-10T22:21:52.399+0000] {dag.py:3954} INFO - Setting next_dagrun for example_xcom_args_with_operators to None, run_after=None
[2026-06-10T22:21:52.412+0000] {processor.py:183} INFO - Processing /home/airflow/.local/lib/python3.12/site-packages/airflow/example_dags/example_xcomargs.py took 0.070 seconds
[2026-06-10T22:22:22.568+0000] {processor.py:161} INFO - Started process (PID=874) to work on /home/airflow/.local/lib/python3.12/site-packages/airflow/example_dags/example_xcomargs.py
[2026-06-10T22:22:22.569+0000] {processor.py:830} INFO - Processing file /home/airflow/.local/lib/python3.12/site-packages/airflow/example_dags/example_xcomargs.py for tasks to queue
[2026-06-10T22:22:22.570+0000] {logging_mixin.py:188} INFO - [2026-06-10T22:22:22.570+0000] {dagbag.py:545} INFO - Filling up the DagBag from /home/airflow/.local/lib/python3.12/site-packages/airflow/example_dags/example_xcomargs.py
[2026-06-10T22:22:22.578+0000] {processor.py:840} INFO - DAG(s) 'example_xcom_args', 'example_xcom_args_with_operators' retrieved from /home/airflow/.local/lib/python3.12/site-packages/airflow/example_dags/example_xcomargs.py
[2026-06-10T22:22:22.609+0000] {logging_mixin.py:188} INFO - [2026-06-10T22:22:22.609+0000] {dag.py:3096} INFO - Sync 2 DAGs
[2026-06-10T22:22:22.633+0000] {logging_mixin.py:188} INFO - [2026-06-10T22:22:22.630+0000] {dag.py:3954} INFO - Setting next_dagrun for example_xcom_args to None, run_after=None
[2026-06-10T22:22:22.641+0000] {logging_mixin.py:188} INFO - [2026-06-10T22:22:22.640+0000] {dag.py:3954} INFO - Setting next_dagrun for example_xcom_args_with_operators to None, run_after=None
[2026-06-10T22:22:22.656+0000] {processor.py:183} INFO - Processing /home/airflow/.local/lib/python3.12/site-packages/airflow/example_dags/example_xcomargs.py took 0.093 seconds
[2026-06-10T22:22:53.418+0000] {processor.py:161} INFO - Started process (PID=934) to work on /home/airflow/.local/lib/python3.12/site-packages/airflow/example_dags/example_xcomargs.py
[2026-06-10T22:22:53.420+0000] {processor.py:830} INFO - Processing file /home/airflow/.local/lib/python3.12/site-packages/airflow/example_dags/example_xcomargs.py for tasks to queue
[2026-06-10T22:22:53.422+0000] {logging_mixin.py:188} INFO - [2026-06-10T22:22:53.421+0000] {dagbag.py:545} INFO - Filling up the DagBag from /home/airflow/.local/lib/python3.12/site-packages/airflow/example_dags/example_xcomargs.py
[2026-06-10T22:22:53.432+0000] {processor.py:840} INFO - DAG(s) 'example_xcom_args_with_operators', 'example_xcom_args' retrieved from /home/airflow/.local/lib/python3.12/site-packages/airflow/example_dags/example_xcomargs.py
[2026-06-10T22:22:53.453+0000] {logging_mixin.py:188} INFO - [2026-06-10T22:22:53.453+0000] {dag.py:3096} INFO - Sync 2 DAGs
[2026-06-10T22:22:53.465+0000] {logging_mixin.py:188} INFO - [2026-06-10T22:22:53.465+0000] {dag.py:3954} INFO - Setting next_dagrun for example_xcom_args to None, run_after=None
[2026-06-10T22:22:53.468+0000] {logging_mixin.py:188} INFO - [2026-06-10T22:22:53.468+0000] {dag.py:3954} INFO - Setting next_dagrun for example_xcom_args_with_operators to None, run_after=None
[2026-06-10T22:22:53.482+0000] {processor.py:183} INFO - Processing /home/airflow/.local/lib/python3.12/site-packages/airflow/example_dags/example_xcomargs.py took 0.074 seconds
[2026-06-10T22:23:24.072+0000] {processor.py:161} INFO - Started process (PID=993) to work on /home/airflow/.local/lib/python3.12/site-packages/airflow/example_dags/example_xcomargs.py
[2026-06-10T22:23:24.074+0000] {processor.py:830} INFO - Processing file /home/airflow/.local/lib/python3.12/site-packages/airflow/example_dags/example_xcomargs.py for tasks to queue
[2026-06-10T22:23:24.076+0000] {logging_mixin.py:188} INFO - [2026-06-10T22:23:24.076+0000] {dagbag.py:545} INFO - Filling up the DagBag from /home/airflow/.local/lib/python3.12/site-packages/airflow/example_dags/example_xcomargs.py
[2026-06-10T22:23:24.087+0000] {processor.py:840} INFO - DAG(s) 'example_xcom_args', 'example_xcom_args_with_operators' retrieved from /home/airflow/.local/lib/python3.12/site-packages/airflow/example_dags/example_xcomargs.py
[2026-06-10T22:23:24.117+0000] {logging_mixin.py:188} INFO - [2026-06-10T22:23:24.117+0000] {dag.py:3096} INFO - Sync 2 DAGs
[2026-06-10T22:23:24.135+0000] {logging_mixin.py:188} INFO - [2026-06-10T22:23:24.135+0000] {dag.py:3954} INFO - Setting next_dagrun for example_xcom_args to None, run_after=None
[2026-06-10T22:23:24.140+0000] {logging_mixin.py:188} INFO - [2026-06-10T22:23:24.140+0000] {dag.py:3954} INFO - Setting next_dagrun for example_xcom_args_with_operators to None, run_after=None
[2026-06-10T22:23:24.159+0000] {processor.py:183} INFO - Processing /home/airflow/.local/lib/python3.12/site-packages/airflow/example_dags/example_xcomargs.py took 0.095 seconds
[2026-06-10T22:23:54.435+0000] {processor.py:161} INFO - Started process (PID=1053) to work on /home/airflow/.local/lib/python3.12/site-packages/airflow/example_dags/example_xcomargs.py
[2026-06-10T22:23:54.436+0000] {processor.py:830} INFO - Processing file /home/airflow/.local/lib/python3.12/site-packages/airflow/example_dags/example_xcomargs.py for tasks to queue
[2026-06-10T22:23:54.437+0000] {logging_mixin.py:188} INFO - [2026-06-10T22:23:54.437+0000] {dagbag.py:545} INFO - Filling up the DagBag from /home/airflow/.local/lib/python3.12/site-packages/airflow/example_dags/example_xcomargs.py
[2026-06-10T22:23:54.447+0000] {processor.py:840} INFO - DAG(s) 'example_xcom_args', 'example_xcom_args_with_operators' retrieved from /home/airflow/.local/lib/python3.12/site-packages/airflow/example_dags/example_xcomargs.py
[2026-06-10T22:23:54.474+0000] {logging_mixin.py:188} INFO - [2026-06-10T22:23:54.474+0000] {dag.py:3096} INFO - Sync 2 DAGs
[2026-06-10T22:23:54.492+0000] {logging_mixin.py:188} INFO - [2026-06-10T22:23:54.492+0000] {dag.py:3954} INFO - Setting next_dagrun for example_xcom_args to None, run_after=None
[2026-06-10T22:23:54.497+0000] {logging_mixin.py:188} INFO - [2026-06-10T22:23:54.497+0000] {dag.py:3954} INFO - Setting next_dagrun for example_xcom_args_with_operators to None, run_after=None
[2026-06-10T22:23:54.516+0000] {processor.py:183} INFO - Processing /home/airflow/.local/lib/python3.12/site-packages/airflow/example_dags/example_xcomargs.py took 0.088 seconds
[2026-06-10T22:24:25.028+0000] {processor.py:161} INFO - Started process (PID=1113) to work on /home/airflow/.local/lib/python3.12/site-packages/airflow/example_dags/example_xcomargs.py
[2026-06-10T22:24:25.031+0000] {processor.py:830} INFO - Processing file /home/airflow/.local/lib/python3.12/site-packages/airflow/example_dags/example_xcomargs.py for tasks to queue
[2026-06-10T22:24:25.034+0000] {logging_mixin.py:188} INFO - [2026-06-10T22:24:25.033+0000] {dagbag.py:545} INFO - Filling up the DagBag from /home/airflow/.local/lib/python3.12/site-packages/airflow/example_dags/example_xcomargs.py
[2026-06-10T22:24:25.058+0000] {processor.py:840} INFO - DAG(s) 'example_xcom_args_with_operators', 'example_xcom_args' retrieved from /home/airflow/.local/lib/python3.12/site-packages/airflow/example_dags/example_xcomargs.py
[2026-06-10T22:24:25.108+0000] {logging_mixin.py:188} INFO - [2026-06-10T22:24:25.108+0000] {dag.py:3096} INFO - Sync 2 DAGs
[2026-06-10T22:24:25.133+0000] {logging_mixin.py:188} INFO - [2026-06-10T22:24:25.132+0000] {dag.py:3954} INFO - Setting next_dagrun for example_xcom_args to None, run_after=None
[2026-06-10T22:24:25.139+0000] {logging_mixin.py:188} INFO - [2026-06-10T22:24:25.138+0000] {dag.py:3954} INFO - Setting next_dagrun for example_xcom_args_with_operators to None, run_after=None
[2026-06-10T22:24:25.166+0000] {processor.py:183} INFO - Processing /home/airflow/.local/lib/python3.12/site-packages/airflow/example_dags/example_xcomargs.py took 0.153 seconds
[2026-06-10T22:24:56.841+0000] {processor.py:161} INFO - Started process (PID=1173) to work on /home/airflow/.local/lib/python3.12/site-packages/airflow/example_dags/example_xcomargs.py
[2026-06-10T22:24:56.841+0000] {processor.py:830} INFO - Processing file /home/airflow/.local/lib/python3.12/site-packages/airflow/example_dags/example_xcomargs.py for tasks to queue
[2026-06-10T22:24:56.843+0000] {logging_mixin.py:188} INFO - [2026-06-10T22:24:56.843+0000] {dagbag.py:545} INFO - Filling up the DagBag from /home/airflow/.local/lib/python3.12/site-packages/airflow/example_dags/example_xcomargs.py
[2026-06-10T22:24:56.850+0000] {processor.py:840} INFO - DAG(s) 'example_xcom_args', 'example_xcom_args_with_operators' retrieved from /home/airflow/.local/lib/python3.12/site-packages/airflow/example_dags/example_xcomargs.py
[2026-06-10T22:24:56.871+0000] {logging_mixin.py:188} INFO - [2026-06-10T22:24:56.871+0000] {dag.py:3096} INFO - Sync 2 DAGs
[2026-06-10T22:24:56.882+0000] {logging_mixin.py:188} INFO - [2026-06-10T22:24:56.882+0000] {dag.py:3954} INFO - Setting next_dagrun for example_xcom_args to None, run_after=None
[2026-06-10T22:24:56.886+0000] {logging_mixin.py:188} INFO - [2026-06-10T22:24:56.886+0000] {dag.py:3954} INFO - Setting next_dagrun for example_xcom_args_with_operators to None, run_after=None
[2026-06-10T22:24:56.899+0000] {processor.py:183} INFO - Processing /home/airflow/.local/lib/python3.12/site-packages/airflow/example_dags/example_xcomargs.py took 0.064 seconds
[2026-06-10T22:25:27.862+0000] {processor.py:161} INFO - Started process (PID=1233) to work on /home/airflow/.local/lib/python3.12/site-packages/airflow/example_dags/example_xcomargs.py
[2026-06-10T22:25:27.863+0000] {processor.py:830} INFO - Processing file /home/airflow/.local/lib/python3.12/site-packages/airflow/example_dags/example_xcomargs.py for tasks to queue
[2026-06-10T22:25:27.865+0000] {logging_mixin.py:188} INFO - [2026-06-10T22:25:27.865+0000] {dagbag.py:545} INFO - Filling up the DagBag from /home/airflow/.local/lib/python3.12/site-packages/airflow/example_dags/example_xcomargs.py
[2026-06-10T22:25:27.875+0000] {processor.py:840} INFO - DAG(s) 'example_xcom_args', 'example_xcom_args_with_operators' retrieved from /home/airflow/.local/lib/python3.12/site-packages/airflow/example_dags/example_xcomargs.py
[2026-06-10T22:25:27.911+0000] {logging_mixin.py:188} INFO - [2026-06-10T22:25:27.911+0000] {dag.py:3096} INFO - Sync 2 DAGs
[2026-06-10T22:25:27.926+0000] {logging_mixin.py:188} INFO - [2026-06-10T22:25:27.926+0000] {dag.py:3954} INFO - Setting next_dagrun for example_xcom_args to None, run_after=None
[2026-06-10T22:25:27.930+0000] {logging_mixin.py:188} INFO - [2026-06-10T22:25:27.930+0000] {dag.py:3954} INFO - Setting next_dagrun for example_xcom_args_with_operators to None, run_after=None
[2026-06-10T22:25:27.943+0000] {processor.py:183} INFO - Processing /home/airflow/.local/lib/python3.12/site-packages/airflow/example_dags/example_xcomargs.py took 0.088 seconds
[2026-06-10T22:25:58.535+0000] {processor.py:161} INFO - Started process (PID=1294) to work on /home/airflow/.local/lib/python3.12/site-packages/airflow/example_dags/example_xcomargs.py
[2026-06-10T22:25:58.536+0000] {processor.py:830} INFO - Processing file /home/airflow/.local/lib/python3.12/site-packages/airflow/example_dags/example_xcomargs.py for tasks to queue
[2026-06-10T22:25:58.538+0000] {logging_mixin.py:188} INFO - [2026-06-10T22:25:58.537+0000] {dagbag.py:545} INFO - Filling up the DagBag from /home/airflow/.local/lib/python3.12/site-packages/airflow/example_dags/example_xcomargs.py
[2026-06-10T22:25:58.548+0000] {processor.py:840} INFO - DAG(s) 'example_xcom_args_with_operators', 'example_xcom_args' retrieved from /home/airflow/.local/lib/python3.12/site-packages/airflow/example_dags/example_xcomargs.py
[2026-06-10T22:25:58.581+0000] {logging_mixin.py:188} INFO - [2026-06-10T22:25:58.581+0000] {dag.py:3096} INFO - Sync 2 DAGs
[2026-06-10T22:25:58.598+0000] {logging_mixin.py:188} INFO - [2026-06-10T22:25:58.598+0000] {dag.py:3954} INFO - Setting next_dagrun for example_xcom_args to None, run_after=None
[2026-06-10T22:25:58.602+0000] {logging_mixin.py:188} INFO - [2026-06-10T22:25:58.602+0000] {dag.py:3954} INFO - Setting next_dagrun for example_xcom_args_with_operators to None, run_after=None
[2026-06-10T22:25:58.618+0000] {processor.py:183} INFO - Processing /home/airflow/.local/lib/python3.12/site-packages/airflow/example_dags/example_xcomargs.py took 0.091 seconds
[2026-06-10T22:26:29.388+0000] {processor.py:161} INFO - Started process (PID=1355) to work on /home/airflow/.local/lib/python3.12/site-packages/airflow/example_dags/example_xcomargs.py
[2026-06-10T22:26:29.388+0000] {processor.py:830} INFO - Processing file /home/airflow/.local/lib/python3.12/site-packages/airflow/example_dags/example_xcomargs.py for tasks to queue
[2026-06-10T22:26:29.390+0000] {logging_mixin.py:188} INFO - [2026-06-10T22:26:29.390+0000] {dagbag.py:545} INFO - Filling up the DagBag from /home/airflow/.local/lib/python3.12/site-packages/airflow/example_dags/example_xcomargs.py
[2026-06-10T22:26:29.410+0000] {processor.py:840} INFO - DAG(s) 'example_xcom_args', 'example_xcom_args_with_operators' retrieved from /home/airflow/.local/lib/python3.12/site-packages/airflow/example_dags/example_xcomargs.py
[2026-06-10T22:26:29.435+0000] {logging_mixin.py:188} INFO - [2026-06-10T22:26:29.435+0000] {dag.py:3096} INFO - Sync 2 DAGs
[2026-06-10T22:26:29.447+0000] {logging_mixin.py:188} INFO - [2026-06-10T22:26:29.447+0000] {dag.py:3954} INFO - Setting next_dagrun for example_xcom_args to None, run_after=None
[2026-06-10T22:26:29.450+0000] {logging_mixin.py:188} INFO - [2026-06-10T22:26:29.450+0000] {dag.py:3954} INFO - Setting next_dagrun for example_xcom_args_with_operators to None, run_after=None
[2026-06-10T22:26:29.470+0000] {processor.py:183} INFO - Processing /home/airflow/.local/lib/python3.12/site-packages/airflow/example_dags/example_xcomargs.py took 0.090 seconds
[2026-06-10T22:27:00.034+0000] {processor.py:161} INFO - Started process (PID=1416) to work on /home/airflow/.local/lib/python3.12/site-packages/airflow/example_dags/example_xcomargs.py
[2026-06-10T22:27:00.035+0000] {processor.py:830} INFO - Processing file /home/airflow/.local/lib/python3.12/site-packages/airflow/example_dags/example_xcomargs.py for tasks to queue
[2026-06-10T22:27:00.037+0000] {logging_mixin.py:188} INFO - [2026-06-10T22:27:00.037+0000] {dagbag.py:545} INFO - Filling up the DagBag from /home/airflow/.local/lib/python3.12/site-packages/airflow/example_dags/example_xcomargs.py
[2026-06-10T22:27:00.047+0000] {processor.py:840} INFO - DAG(s) 'example_xcom_args', 'example_xcom_args_with_operators' retrieved from /home/airflow/.local/lib/python3.12/site-packages/airflow/example_dags/example_xcomargs.py
[2026-06-10T22:27:00.078+0000] {logging_mixin.py:188} INFO - [2026-06-10T22:27:00.078+0000] {dag.py:3096} INFO - Sync 2 DAGs
[2026-06-10T22:27:00.116+0000] {logging_mixin.py:188} INFO - [2026-06-10T22:27:00.116+0000] {dag.py:3954} INFO - Setting next_dagrun for example_xcom_args to None, run_after=None
[2026-06-10T22:27:00.127+0000] {logging_mixin.py:188} INFO - [2026-06-10T22:27:00.127+0000] {dag.py:3954} INFO - Setting next_dagrun for example_xcom_args_with_operators to None, run_after=None
[2026-06-10T22:27:00.165+0000] {processor.py:183} INFO - Processing /home/airflow/.local/lib/python3.12/site-packages/airflow/example_dags/example_xcomargs.py took 0.138 seconds
[2026-06-10T22:27:31.278+0000] {processor.py:161} INFO - Started process (PID=1477) to work on /home/airflow/.local/lib/python3.12/site-packages/airflow/example_dags/example_xcomargs.py
[2026-06-10T22:27:31.279+0000] {processor.py:830} INFO - Processing file /home/airflow/.local/lib/python3.12/site-packages/airflow/example_dags/example_xcomargs.py for tasks to queue
[2026-06-10T22:27:31.281+0000] {logging_mixin.py:188} INFO - [2026-06-10T22:27:31.281+0000] {dagbag.py:545} INFO - Filling up the DagBag from /home/airflow/.local/lib/python3.12/site-packages/airflow/example_dags/example_xcomargs.py
[2026-06-10T22:27:31.291+0000] {processor.py:840} INFO - DAG(s) 'example_xcom_args', 'example_xcom_args_with_operators' retrieved from /home/airflow/.local/lib/python3.12/site-packages/airflow/example_dags/example_xcomargs.py
[2026-06-10T22:27:31.320+0000] {logging_mixin.py:188} INFO - [2026-06-10T22:27:31.320+0000] {dag.py:3096} INFO - Sync 2 DAGs
[2026-06-10T22:27:31.335+0000] {logging_mixin.py:188} INFO - [2026-06-10T22:27:31.335+0000] {dag.py:3954} INFO - Setting next_dagrun for example_xcom_args to None, run_after=None
[2026-06-10T22:27:31.339+0000] {logging_mixin.py:188} INFO - [2026-06-10T22:27:31.338+0000] {dag.py:3954} INFO - Setting next_dagrun for example_xcom_args_with_operators to None, run_after=None
[2026-06-10T22:27:31.352+0000] {processor.py:183} INFO - Processing /home/airflow/.local/lib/python3.12/site-packages/airflow/example_dags/example_xcomargs.py took 0.082 seconds
[2026-06-10T22:28:01.960+0000] {processor.py:161} INFO - Started process (PID=1538) to work on /home/airflow/.local/lib/python3.12/site-packages/airflow/example_dags/example_xcomargs.py
[2026-06-10T22:28:01.961+0000] {processor.py:830} INFO - Processing file /home/airflow/.local/lib/python3.12/site-packages/airflow/example_dags/example_xcomargs.py for tasks to queue
[2026-06-10T22:28:01.963+0000] {logging_mixin.py:188} INFO - [2026-06-10T22:28:01.963+0000] {dagbag.py:545} INFO - Filling up the DagBag from /home/airflow/.local/lib/python3.12/site-packages/airflow/example_dags/example_xcomargs.py
[2026-06-10T22:28:01.973+0000] {processor.py:840} INFO - DAG(s) 'example_xcom_args_with_operators', 'example_xcom_args' retrieved from /home/airflow/.local/lib/python3.12/site-packages/airflow/example_dags/example_xcomargs.py
[2026-06-10T22:28:02.002+0000] {logging_mixin.py:188} INFO - [2026-06-10T22:28:02.002+0000] {dag.py:3096} INFO - Sync 2 DAGs
[2026-06-10T22:28:02.019+0000] {logging_mixin.py:188} INFO - [2026-06-10T22:28:02.019+0000] {dag.py:3954} INFO - Setting next_dagrun for example_xcom_args to None, run_after=None
[2026-06-10T22:28:02.024+0000] {logging_mixin.py:188} INFO - [2026-06-10T22:28:02.023+0000] {dag.py:3954} INFO - Setting next_dagrun for example_xcom_args_with_operators to None, run_after=None
[2026-06-10T22:28:02.201+0000] {processor.py:183} INFO - Processing /home/airflow/.local/lib/python3.12/site-packages/airflow/example_dags/example_xcomargs.py took 0.248 seconds
[2026-06-10T22:28:32.724+0000] {processor.py:161} INFO - Started process (PID=1599) to work on /home/airflow/.local/lib/python3.12/site-packages/airflow/example_dags/example_xcomargs.py
[2026-06-10T22:28:32.725+0000] {processor.py:830} INFO - Processing file /home/airflow/.local/lib/python3.12/site-packages/airflow/example_dags/example_xcomargs.py for tasks to queue
[2026-06-10T22:28:32.727+0000] {logging_mixin.py:188} INFO - [2026-06-10T22:28:32.726+0000] {dagbag.py:545} INFO - Filling up the DagBag from /home/airflow/.local/lib/python3.12/site-packages/airflow/example_dags/example_xcomargs.py
[2026-06-10T22:28:32.734+0000] {processor.py:840} INFO - DAG(s) 'example_xcom_args_with_operators', 'example_xcom_args' retrieved from /home/airflow/.local/lib/python3.12/site-packages/airflow/example_dags/example_xcomargs.py
[2026-06-10T22:28:32.755+0000] {logging_mixin.py:188} INFO - [2026-06-10T22:28:32.755+0000] {dag.py:3096} INFO - Sync 2 DAGs
[2026-06-10T22:28:32.767+0000] {logging_mixin.py:188} INFO - [2026-06-10T22:28:32.767+0000] {dag.py:3954} INFO - Setting next_dagrun for example_xcom_args to None, run_after=None
[2026-06-10T22:28:32.772+0000] {logging_mixin.py:188} INFO - [2026-06-10T22:28:32.772+0000] {dag.py:3954} INFO - Setting next_dagrun for example_xcom_args_with_operators to None, run_after=None
[2026-06-10T22:28:32.793+0000] {processor.py:183} INFO - Processing /home/airflow/.local/lib/python3.12/site-packages/airflow/example_dags/example_xcomargs.py took 0.074 seconds
[2026-06-10T22:29:04.355+0000] {processor.py:161} INFO - Started process (PID=1661) to work on /home/airflow/.local/lib/python3.12/site-packages/airflow/example_dags/example_xcomargs.py
[2026-06-10T22:29:04.358+0000] {processor.py:830} INFO - Processing file /home/airflow/.local/lib/python3.12/site-packages/airflow/example_dags/example_xcomargs.py for tasks to queue
[2026-06-10T22:29:04.361+0000] {logging_mixin.py:188} INFO - [2026-06-10T22:29:04.361+0000] {dagbag.py:545} INFO - Filling up the DagBag from /home/airflow/.local/lib/python3.12/site-packages/airflow/example_dags/example_xcomargs.py
[2026-06-10T22:29:04.405+0000] {processor.py:840} INFO - DAG(s) 'example_xcom_args_with_operators', 'example_xcom_args' retrieved from /home/airflow/.local/lib/python3.12/site-packages/airflow/example_dags/example_xcomargs.py
[2026-06-10T22:29:04.517+0000] {logging_mixin.py:188} INFO - [2026-06-10T22:29:04.517+0000] {dag.py:3096} INFO - Sync 2 DAGs
[2026-06-10T22:29:04.571+0000] {logging_mixin.py:188} INFO - [2026-06-10T22:29:04.571+0000] {dag.py:3954} INFO - Setting next_dagrun for example_xcom_args to None, run_after=None
[2026-06-10T22:29:04.582+0000] {logging_mixin.py:188} INFO - [2026-06-10T22:29:04.582+0000] {dag.py:3954} INFO - Setting next_dagrun for example_xcom_args_with_operators to None, run_after=None
[2026-06-10T22:29:05.290+0000] {processor.py:183} INFO - Processing /home/airflow/.local/lib/python3.12/site-packages/airflow/example_dags/example_xcomargs.py took 0.993 seconds
[2026-06-10T22:29:35.771+0000] {processor.py:161} INFO - Started process (PID=1722) to work on /home/airflow/.local/lib/python3.12/site-packages/airflow/example_dags/example_xcomargs.py
[2026-06-10T22:29:35.773+0000] {processor.py:830} INFO - Processing file /home/airflow/.local/lib/python3.12/site-packages/airflow/example_dags/example_xcomargs.py for tasks to queue
[2026-06-10T22:29:35.775+0000] {logging_mixin.py:188} INFO - [2026-06-10T22:29:35.775+0000] {dagbag.py:545} INFO - Filling up the DagBag from /home/airflow/.local/lib/python3.12/site-packages/airflow/example_dags/example_xcomargs.py
[2026-06-10T22:29:35.797+0000] {processor.py:840} INFO - DAG(s) 'example_xcom_args', 'example_xcom_args_with_operators' retrieved from /home/airflow/.local/lib/python3.12/site-packages/airflow/example_dags/example_xcomargs.py
[2026-06-10T22:29:35.855+0000] {logging_mixin.py:188} INFO - [2026-06-10T22:29:35.855+0000] {dag.py:3096} INFO - Sync 2 DAGs
[2026-06-10T22:29:35.893+0000] {logging_mixin.py:188} INFO - [2026-06-10T22:29:35.893+0000] {dag.py:3954} INFO - Setting next_dagrun for example_xcom_args to None, run_after=None
[2026-06-10T22:29:35.904+0000] {logging_mixin.py:188} INFO - [2026-06-10T22:29:35.904+0000] {dag.py:3954} INFO - Setting next_dagrun for example_xcom_args_with_operators to None, run_after=None
[2026-06-10T22:29:36.345+0000] {processor.py:183} INFO - Processing /home/airflow/.local/lib/python3.12/site-packages/airflow/example_dags/example_xcomargs.py took 0.589 seconds
[2026-06-10T22:30:07.222+0000] {processor.py:161} INFO - Started process (PID=1783) to work on /home/airflow/.local/lib/python3.12/site-packages/airflow/example_dags/example_xcomargs.py
[2026-06-10T22:30:07.223+0000] {processor.py:830} INFO - Processing file /home/airflow/.local/lib/python3.12/site-packages/airflow/example_dags/example_xcomargs.py for tasks to queue
[2026-06-10T22:30:07.225+0000] {logging_mixin.py:188} INFO - [2026-06-10T22:30:07.225+0000] {dagbag.py:545} INFO - Filling up the DagBag from /home/airflow/.local/lib/python3.12/site-packages/airflow/example_dags/example_xcomargs.py
[2026-06-10T22:30:07.235+0000] {processor.py:840} INFO - DAG(s) 'example_xcom_args', 'example_xcom_args_with_operators' retrieved from /home/airflow/.local/lib/python3.12/site-packages/airflow/example_dags/example_xcomargs.py
[2026-06-10T22:30:07.264+0000] {logging_mixin.py:188} INFO - [2026-06-10T22:30:07.264+0000] {dag.py:3096} INFO - Sync 2 DAGs
[2026-06-10T22:30:07.283+0000] {logging_mixin.py:188} INFO - [2026-06-10T22:30:07.283+0000] {dag.py:3954} INFO - Setting next_dagrun for example_xcom_args to None, run_after=None
[2026-06-10T22:30:07.288+0000] {logging_mixin.py:188} INFO - [2026-06-10T22:30:07.288+0000] {dag.py:3954} INFO - Setting next_dagrun for example_xcom_args_with_operators to None, run_after=None
[2026-06-10T22:30:07.306+0000] {processor.py:183} INFO - Processing /home/airflow/.local/lib/python3.12/site-packages/airflow/example_dags/example_xcomargs.py took 0.090 seconds
[2026-06-10T22:30:37.570+0000] {processor.py:161} INFO - Started process (PID=1845) to work on /home/airflow/.local/lib/python3.12/site-packages/airflow/example_dags/example_xcomargs.py
[2026-06-10T22:30:37.571+0000] {processor.py:830} INFO - Processing file /home/airflow/.local/lib/python3.12/site-packages/airflow/example_dags/example_xcomargs.py for tasks to queue
[2026-06-10T22:30:37.573+0000] {logging_mixin.py:188} INFO - [2026-06-10T22:30:37.572+0000] {dagbag.py:545} INFO - Filling up the DagBag from /home/airflow/.local/lib/python3.12/site-packages/airflow/example_dags/example_xcomargs.py
[2026-06-10T22:30:37.582+0000] {processor.py:840} INFO - DAG(s) 'example_xcom_args', 'example_xcom_args_with_operators' retrieved from /home/airflow/.local/lib/python3.12/site-packages/airflow/example_dags/example_xcomargs.py
[2026-06-10T22:30:37.612+0000] {logging_mixin.py:188} INFO - [2026-06-10T22:30:37.612+0000] {dag.py:3096} INFO - Sync 2 DAGs
[2026-06-10T22:30:37.630+0000] {logging_mixin.py:188} INFO - [2026-06-10T22:30:37.630+0000] {dag.py:3954} INFO - Setting next_dagrun for example_xcom_args to None, run_after=None
[2026-06-10T22:30:37.634+0000] {logging_mixin.py:188} INFO - [2026-06-10T22:30:37.634+0000] {dag.py:3954} INFO - Setting next_dagrun for example_xcom_args_with_operators to None, run_after=None
[2026-06-10T22:30:37.653+0000] {processor.py:183} INFO - Processing /home/airflow/.local/lib/python3.12/site-packages/airflow/example_dags/example_xcomargs.py took 0.089 seconds
[2026-06-10T22:31:08.163+0000] {processor.py:161} INFO - Started process (PID=1906) to work on /home/airflow/.local/lib/python3.12/site-packages/airflow/example_dags/example_xcomargs.py
[2026-06-10T22:31:08.165+0000] {processor.py:830} INFO - Processing file /home/airflow/.local/lib/python3.12/site-packages/airflow/example_dags/example_xcomargs.py for tasks to queue
[2026-06-10T22:31:08.168+0000] {logging_mixin.py:188} INFO - [2026-06-10T22:31:08.167+0000] {dagbag.py:545} INFO - Filling up the DagBag from /home/airflow/.local/lib/python3.12/site-packages/airflow/example_dags/example_xcomargs.py
[2026-06-10T22:31:08.178+0000] {processor.py:840} INFO - DAG(s) 'example_xcom_args', 'example_xcom_args_with_operators' retrieved from /home/airflow/.local/lib/python3.12/site-packages/airflow/example_dags/example_xcomargs.py
[2026-06-10T22:31:08.233+0000] {logging_mixin.py:188} INFO - [2026-06-10T22:31:08.233+0000] {dag.py:3096} INFO - Sync 2 DAGs
[2026-06-10T22:31:08.256+0000] {logging_mixin.py:188} INFO - [2026-06-10T22:31:08.256+0000] {dag.py:3954} INFO - Setting next_dagrun for example_xcom_args to None, run_after=None
[2026-06-10T22:31:08.261+0000] {logging_mixin.py:188} INFO - [2026-06-10T22:31:08.260+0000] {dag.py:3954} INFO - Setting next_dagrun for example_xcom_args_with_operators to None, run_after=None
[2026-06-10T22:31:08.290+0000] {processor.py:183} INFO - Processing /home/airflow/.local/lib/python3.12/site-packages/airflow/example_dags/example_xcomargs.py took 0.142 seconds
[2026-06-10T22:31:38.417+0000] {processor.py:161} INFO - Started process (PID=1967) to work on /home/airflow/.local/lib/python3.12/site-packages/airflow/example_dags/example_xcomargs.py
[2026-06-10T22:31:38.417+0000] {processor.py:830} INFO - Processing file /home/airflow/.local/lib/python3.12/site-packages/airflow/example_dags/example_xcomargs.py for tasks to queue
[2026-06-10T22:31:38.419+0000] {logging_mixin.py:188} INFO - [2026-06-10T22:31:38.418+0000] {dagbag.py:545} INFO - Filling up the DagBag from /home/airflow/.local/lib/python3.12/site-packages/airflow/example_dags/example_xcomargs.py
[2026-06-10T22:31:38.426+0000] {processor.py:840} INFO - DAG(s) 'example_xcom_args', 'example_xcom_args_with_operators' retrieved from /home/airflow/.local/lib/python3.12/site-packages/airflow/example_dags/example_xcomargs.py
[2026-06-10T22:31:38.447+0000] {logging_mixin.py:188} INFO - [2026-06-10T22:31:38.446+0000] {dag.py:3096} INFO - Sync 2 DAGs
[2026-06-10T22:31:38.462+0000] {logging_mixin.py:188} INFO - [2026-06-10T22:31:38.462+0000] {dag.py:3954} INFO - Setting next_dagrun for example_xcom_args to None, run_after=None
[2026-06-10T22:31:38.467+0000] {logging_mixin.py:188} INFO - [2026-06-10T22:31:38.467+0000] {dag.py:3954} INFO - Setting next_dagrun for example_xcom_args_with_operators to None, run_after=None
[2026-06-10T22:31:38.484+0000] {processor.py:183} INFO - Processing /home/airflow/.local/lib/python3.12/site-packages/airflow/example_dags/example_xcomargs.py took 0.073 seconds
[2026-06-10T22:32:08.596+0000] {processor.py:161} INFO - Started process (PID=2028) to work on /home/airflow/.local/lib/python3.12/site-packages/airflow/example_dags/example_xcomargs.py
[2026-06-10T22:32:08.596+0000] {processor.py:830} INFO - Processing file /home/airflow/.local/lib/python3.12/site-packages/airflow/example_dags/example_xcomargs.py for tasks to queue
[2026-06-10T22:32:08.598+0000] {logging_mixin.py:188} INFO - [2026-06-10T22:32:08.598+0000] {dagbag.py:545} INFO - Filling up the DagBag from /home/airflow/.local/lib/python3.12/site-packages/airflow/example_dags/example_xcomargs.py
[2026-06-10T22:32:08.605+0000] {processor.py:840} INFO - DAG(s) 'example_xcom_args_with_operators', 'example_xcom_args' retrieved from /home/airflow/.local/lib/python3.12/site-packages/airflow/example_dags/example_xcomargs.py
[2026-06-10T22:32:08.625+0000] {logging_mixin.py:188} INFO - [2026-06-10T22:32:08.625+0000] {dag.py:3096} INFO - Sync 2 DAGs
[2026-06-10T22:32:08.636+0000] {logging_mixin.py:188} INFO - [2026-06-10T22:32:08.636+0000] {dag.py:3954} INFO - Setting next_dagrun for example_xcom_args to None, run_after=None
[2026-06-10T22:32:08.640+0000] {logging_mixin.py:188} INFO - [2026-06-10T22:32:08.640+0000] {dag.py:3954} INFO - Setting next_dagrun for example_xcom_args_with_operators to None, run_after=None
[2026-06-10T22:32:08.654+0000] {processor.py:183} INFO - Processing /home/airflow/.local/lib/python3.12/site-packages/airflow/example_dags/example_xcomargs.py took 0.063 seconds
[2026-06-10T22:32:39.151+0000] {processor.py:161} INFO - Started process (PID=2089) to work on /home/airflow/.local/lib/python3.12/site-packages/airflow/example_dags/example_xcomargs.py
[2026-06-10T22:32:39.155+0000] {processor.py:830} INFO - Processing file /home/airflow/.local/lib/python3.12/site-packages/airflow/example_dags/example_xcomargs.py for tasks to queue
[2026-06-10T22:32:39.157+0000] {logging_mixin.py:188} INFO - [2026-06-10T22:32:39.157+0000] {dagbag.py:545} INFO - Filling up the DagBag from /home/airflow/.local/lib/python3.12/site-packages/airflow/example_dags/example_xcomargs.py
[2026-06-10T22:32:39.168+0000] {processor.py:840} INFO - DAG(s) 'example_xcom_args_with_operators', 'example_xcom_args' retrieved from /home/airflow/.local/lib/python3.12/site-packages/airflow/example_dags/example_xcomargs.py
[2026-06-10T22:32:39.205+0000] {logging_mixin.py:188} INFO - [2026-06-10T22:32:39.205+0000] {dag.py:3096} INFO - Sync 2 DAGs
[2026-06-10T22:32:39.224+0000] {logging_mixin.py:188} INFO - [2026-06-10T22:32:39.223+0000] {dag.py:3954} INFO - Setting next_dagrun for example_xcom_args to None, run_after=None
[2026-06-10T22:32:39.229+0000] {logging_mixin.py:188} INFO - [2026-06-10T22:32:39.229+0000] {dag.py:3954} INFO - Setting next_dagrun for example_xcom_args_with_operators to None, run_after=None
[2026-06-10T22:32:39.248+0000] {processor.py:183} INFO - Processing /home/airflow/.local/lib/python3.12/site-packages/airflow/example_dags/example_xcomargs.py took 0.112 seconds
[2026-06-10T22:33:09.984+0000] {processor.py:161} INFO - Started process (PID=2149) to work on /home/airflow/.local/lib/python3.12/site-packages/airflow/example_dags/example_xcomargs.py
[2026-06-10T22:33:09.985+0000] {processor.py:830} INFO - Processing file /home/airflow/.local/lib/python3.12/site-packages/airflow/example_dags/example_xcomargs.py for tasks to queue
[2026-06-10T22:33:09.987+0000] {logging_mixin.py:188} INFO - [2026-06-10T22:33:09.986+0000] {dagbag.py:545} INFO - Filling up the DagBag from /home/airflow/.local/lib/python3.12/site-packages/airflow/example_dags/example_xcomargs.py
[2026-06-10T22:33:09.997+0000] {processor.py:840} INFO - DAG(s) 'example_xcom_args_with_operators', 'example_xcom_args' retrieved from /home/airflow/.local/lib/python3.12/site-packages/airflow/example_dags/example_xcomargs.py
[2026-06-10T22:33:10.028+0000] {logging_mixin.py:188} INFO - [2026-06-10T22:33:10.028+0000] {dag.py:3096} INFO - Sync 2 DAGs
[2026-06-10T22:33:10.047+0000] {logging_mixin.py:188} INFO - [2026-06-10T22:33:10.047+0000] {dag.py:3954} INFO - Setting next_dagrun for example_xcom_args to None, run_after=None
[2026-06-10T22:33:10.052+0000] {logging_mixin.py:188} INFO - [2026-06-10T22:33:10.052+0000] {dag.py:3954} INFO - Setting next_dagrun for example_xcom_args_with_operators to None, run_after=None
[2026-06-10T22:33:10.073+0000] {processor.py:183} INFO - Processing /home/airflow/.local/lib/python3.12/site-packages/airflow/example_dags/example_xcomargs.py took 0.096 seconds
[2026-06-10T22:33:40.522+0000] {processor.py:161} INFO - Started process (PID=2216) to work on /home/airflow/.local/lib/python3.12/site-packages/airflow/example_dags/example_xcomargs.py
[2026-06-10T22:33:40.523+0000] {processor.py:830} INFO - Processing file /home/airflow/.local/lib/python3.12/site-packages/airflow/example_dags/example_xcomargs.py for tasks to queue
[2026-06-10T22:33:40.525+0000] {logging_mixin.py:188} INFO - [2026-06-10T22:33:40.525+0000] {dagbag.py:545} INFO - Filling up the DagBag from /home/airflow/.local/lib/python3.12/site-packages/airflow/example_dags/example_xcomargs.py
[2026-06-10T22:33:40.537+0000] {processor.py:840} INFO - DAG(s) 'example_xcom_args_with_operators', 'example_xcom_args' retrieved from /home/airflow/.local/lib/python3.12/site-packages/airflow/example_dags/example_xcomargs.py
[2026-06-10T22:33:40.569+0000] {logging_mixin.py:188} INFO - [2026-06-10T22:33:40.569+0000] {dag.py:3096} INFO - Sync 2 DAGs
[2026-06-10T22:33:40.599+0000] {logging_mixin.py:188} INFO - [2026-06-10T22:33:40.599+0000] {dag.py:3954} INFO - Setting next_dagrun for example_xcom_args to None, run_after=None
[2026-06-10T22:33:40.610+0000] {logging_mixin.py:188} INFO - [2026-06-10T22:33:40.610+0000] {dag.py:3954} INFO - Setting next_dagrun for example_xcom_args_with_operators to None, run_after=None
[2026-06-10T22:33:40.636+0000] {processor.py:183} INFO - Processing /home/airflow/.local/lib/python3.12/site-packages/airflow/example_dags/example_xcomargs.py took 0.120 seconds
[2026-06-10T22:34:11.228+0000] {processor.py:161} INFO - Started process (PID=2277) to work on /home/airflow/.local/lib/python3.12/site-packages/airflow/example_dags/example_xcomargs.py
[2026-06-10T22:34:11.233+0000] {processor.py:830} INFO - Processing file /home/airflow/.local/lib/python3.12/site-packages/airflow/example_dags/example_xcomargs.py for tasks to queue
[2026-06-10T22:34:11.235+0000] {logging_mixin.py:188} INFO - [2026-06-10T22:34:11.234+0000] {dagbag.py:545} INFO - Filling up the DagBag from /home/airflow/.local/lib/python3.12/site-packages/airflow/example_dags/example_xcomargs.py
[2026-06-10T22:34:11.244+0000] {processor.py:840} INFO - DAG(s) 'example_xcom_args_with_operators', 'example_xcom_args' retrieved from /home/airflow/.local/lib/python3.12/site-packages/airflow/example_dags/example_xcomargs.py
[2026-06-10T22:34:11.282+0000] {logging_mixin.py:188} INFO - [2026-06-10T22:34:11.282+0000] {dag.py:3096} INFO - Sync 2 DAGs
[2026-06-10T22:34:11.300+0000] {logging_mixin.py:188} INFO - [2026-06-10T22:34:11.300+0000] {dag.py:3954} INFO - Setting next_dagrun for example_xcom_args to None, run_after=None
[2026-06-10T22:34:11.305+0000] {logging_mixin.py:188} INFO - [2026-06-10T22:34:11.305+0000] {dag.py:3954} INFO - Setting next_dagrun for example_xcom_args_with_operators to None, run_after=None
[2026-06-10T22:34:11.334+0000] {processor.py:183} INFO - Processing /home/airflow/.local/lib/python3.12/site-packages/airflow/example_dags/example_xcomargs.py took 0.113 seconds
[2026-06-10T22:34:41.714+0000] {processor.py:161} INFO - Started process (PID=2338) to work on /home/airflow/.local/lib/python3.12/site-packages/airflow/example_dags/example_xcomargs.py
[2026-06-10T22:34:41.715+0000] {processor.py:830} INFO - Processing file /home/airflow/.local/lib/python3.12/site-packages/airflow/example_dags/example_xcomargs.py for tasks to queue
[2026-06-10T22:34:41.718+0000] {logging_mixin.py:188} INFO - [2026-06-10T22:34:41.716+0000] {dagbag.py:545} INFO - Filling up the DagBag from /home/airflow/.local/lib/python3.12/site-packages/airflow/example_dags/example_xcomargs.py
[2026-06-10T22:34:41.750+0000] {processor.py:840} INFO - DAG(s) 'example_xcom_args', 'example_xcom_args_with_operators' retrieved from /home/airflow/.local/lib/python3.12/site-packages/airflow/example_dags/example_xcomargs.py
[2026-06-10T22:34:41.819+0000] {logging_mixin.py:188} INFO - [2026-06-10T22:34:41.818+0000] {dag.py:3096} INFO - Sync 2 DAGs
[2026-06-10T22:34:41.849+0000] {logging_mixin.py:188} INFO - [2026-06-10T22:34:41.849+0000] {dag.py:3954} INFO - Setting next_dagrun for example_xcom_args to None, run_after=None
[2026-06-10T22:34:41.854+0000] {logging_mixin.py:188} INFO - [2026-06-10T22:34:41.853+0000] {dag.py:3954} INFO - Setting next_dagrun for example_xcom_args_with_operators to None, run_after=None
[2026-06-10T22:34:41.874+0000] {processor.py:183} INFO - Processing /home/airflow/.local/lib/python3.12/site-packages/airflow/example_dags/example_xcomargs.py took 0.177 seconds
[2026-06-10T22:35:12.695+0000] {processor.py:161} INFO - Started process (PID=2398) to work on /home/airflow/.local/lib/python3.12/site-packages/airflow/example_dags/example_xcomargs.py
[2026-06-10T22:35:12.700+0000] {processor.py:830} INFO - Processing file /home/airflow/.local/lib/python3.12/site-packages/airflow/example_dags/example_xcomargs.py for tasks to queue
[2026-06-10T22:35:12.702+0000] {logging_mixin.py:188} INFO - [2026-06-10T22:35:12.702+0000] {dagbag.py:545} INFO - Filling up the DagBag from /home/airflow/.local/lib/python3.12/site-packages/airflow/example_dags/example_xcomargs.py
[2026-06-10T22:35:12.713+0000] {processor.py:840} INFO - DAG(s) 'example_xcom_args_with_operators', 'example_xcom_args' retrieved from /home/airflow/.local/lib/python3.12/site-packages/airflow/example_dags/example_xcomargs.py
[2026-06-10T22:35:12.836+0000] {logging_mixin.py:188} INFO - [2026-06-10T22:35:12.836+0000] {dag.py:3096} INFO - Sync 2 DAGs
[2026-06-10T22:35:12.876+0000] {logging_mixin.py:188} INFO - [2026-06-10T22:35:12.875+0000] {dag.py:3954} INFO - Setting next_dagrun for example_xcom_args to None, run_after=None
[2026-06-10T22:35:12.888+0000] {logging_mixin.py:188} INFO - [2026-06-10T22:35:12.888+0000] {dag.py:3954} INFO - Setting next_dagrun for example_xcom_args_with_operators to None, run_after=None
[2026-06-10T22:35:12.933+0000] {processor.py:183} INFO - Processing /home/airflow/.local/lib/python3.12/site-packages/airflow/example_dags/example_xcomargs.py took 0.253 seconds
[2026-06-10T22:35:43.119+0000] {processor.py:161} INFO - Started process (PID=2459) to work on /home/airflow/.local/lib/python3.12/site-packages/airflow/example_dags/example_xcomargs.py
[2026-06-10T22:35:43.122+0000] {processor.py:830} INFO - Processing file /home/airflow/.local/lib/python3.12/site-packages/airflow/example_dags/example_xcomargs.py for tasks to queue
[2026-06-10T22:35:43.131+0000] {logging_mixin.py:188} INFO - [2026-06-10T22:35:43.128+0000] {dagbag.py:545} INFO - Filling up the DagBag from /home/airflow/.local/lib/python3.12/site-packages/airflow/example_dags/example_xcomargs.py
[2026-06-10T22:35:43.170+0000] {processor.py:840} INFO - DAG(s) 'example_xcom_args_with_operators', 'example_xcom_args' retrieved from /home/airflow/.local/lib/python3.12/site-packages/airflow/example_dags/example_xcomargs.py
[2026-06-10T22:35:43.258+0000] {logging_mixin.py:188} INFO - [2026-06-10T22:35:43.257+0000] {dag.py:3096} INFO - Sync 2 DAGs
[2026-06-10T22:35:43.304+0000] {logging_mixin.py:188} INFO - [2026-06-10T22:35:43.303+0000] {dag.py:3954} INFO - Setting next_dagrun for example_xcom_args to None, run_after=None
[2026-06-10T22:35:43.313+0000] {logging_mixin.py:188} INFO - [2026-06-10T22:35:43.313+0000] {dag.py:3954} INFO - Setting next_dagrun for example_xcom_args_with_operators to None, run_after=None
[2026-06-10T22:35:43.366+0000] {processor.py:183} INFO - Processing /home/airflow/.local/lib/python3.12/site-packages/airflow/example_dags/example_xcomargs.py took 0.273 seconds
[2026-06-10T22:36:13.583+0000] {processor.py:161} INFO - Started process (PID=2519) to work on /home/airflow/.local/lib/python3.12/site-packages/airflow/example_dags/example_xcomargs.py
[2026-06-10T22:36:13.583+0000] {processor.py:830} INFO - Processing file /home/airflow/.local/lib/python3.12/site-packages/airflow/example_dags/example_xcomargs.py for tasks to queue
[2026-06-10T22:36:13.585+0000] {logging_mixin.py:188} INFO - [2026-06-10T22:36:13.585+0000] {dagbag.py:545} INFO - Filling up the DagBag from /home/airflow/.local/lib/python3.12/site-packages/airflow/example_dags/example_xcomargs.py
[2026-06-10T22:36:13.611+0000] {processor.py:840} INFO - DAG(s) 'example_xcom_args', 'example_xcom_args_with_operators' retrieved from /home/airflow/.local/lib/python3.12/site-packages/airflow/example_dags/example_xcomargs.py
[2026-06-10T22:36:13.713+0000] {logging_mixin.py:188} INFO - [2026-06-10T22:36:13.712+0000] {dag.py:3096} INFO - Sync 2 DAGs
[2026-06-10T22:36:13.733+0000] {logging_mixin.py:188} INFO - [2026-06-10T22:36:13.733+0000] {dag.py:3954} INFO - Setting next_dagrun for example_xcom_args to None, run_after=None
[2026-06-10T22:36:13.747+0000] {logging_mixin.py:188} INFO - [2026-06-10T22:36:13.747+0000] {dag.py:3954} INFO - Setting next_dagrun for example_xcom_args_with_operators to None, run_after=None
[2026-06-10T22:36:13.778+0000] {processor.py:183} INFO - Processing /home/airflow/.local/lib/python3.12/site-packages/airflow/example_dags/example_xcomargs.py took 0.202 seconds
[2026-06-10T22:36:44.272+0000] {processor.py:161} INFO - Started process (PID=2579) to work on /home/airflow/.local/lib/python3.12/site-packages/airflow/example_dags/example_xcomargs.py
[2026-06-10T22:36:44.275+0000] {processor.py:830} INFO - Processing file /home/airflow/.local/lib/python3.12/site-packages/airflow/example_dags/example_xcomargs.py for tasks to queue
[2026-06-10T22:36:44.279+0000] {logging_mixin.py:188} INFO - [2026-06-10T22:36:44.278+0000] {dagbag.py:545} INFO - Filling up the DagBag from /home/airflow/.local/lib/python3.12/site-packages/airflow/example_dags/example_xcomargs.py
[2026-06-10T22:36:44.298+0000] {processor.py:840} INFO - DAG(s) 'example_xcom_args_with_operators', 'example_xcom_args' retrieved from /home/airflow/.local/lib/python3.12/site-packages/airflow/example_dags/example_xcomargs.py
[2026-06-10T22:36:44.336+0000] {logging_mixin.py:188} INFO - [2026-06-10T22:36:44.335+0000] {dag.py:3096} INFO - Sync 2 DAGs
[2026-06-10T22:36:44.353+0000] {logging_mixin.py:188} INFO - [2026-06-10T22:36:44.353+0000] {dag.py:3954} INFO - Setting next_dagrun for example_xcom_args to None, run_after=None
[2026-06-10T22:36:44.358+0000] {logging_mixin.py:188} INFO - [2026-06-10T22:36:44.358+0000] {dag.py:3954} INFO - Setting next_dagrun for example_xcom_args_with_operators to None, run_after=None
[2026-06-10T22:36:44.376+0000] {processor.py:183} INFO - Processing /home/airflow/.local/lib/python3.12/site-packages/airflow/example_dags/example_xcomargs.py took 0.125 seconds
[2026-06-10T22:37:14.505+0000] {processor.py:161} INFO - Started process (PID=2638) to work on /home/airflow/.local/lib/python3.12/site-packages/airflow/example_dags/example_xcomargs.py
[2026-06-10T22:37:14.506+0000] {processor.py:830} INFO - Processing file /home/airflow/.local/lib/python3.12/site-packages/airflow/example_dags/example_xcomargs.py for tasks to queue
[2026-06-10T22:37:14.509+0000] {logging_mixin.py:188} INFO - [2026-06-10T22:37:14.508+0000] {dagbag.py:545} INFO - Filling up the DagBag from /home/airflow/.local/lib/python3.12/site-packages/airflow/example_dags/example_xcomargs.py
[2026-06-10T22:37:14.520+0000] {processor.py:840} INFO - DAG(s) 'example_xcom_args', 'example_xcom_args_with_operators' retrieved from /home/airflow/.local/lib/python3.12/site-packages/airflow/example_dags/example_xcomargs.py
[2026-06-10T22:37:14.580+0000] {logging_mixin.py:188} INFO - [2026-06-10T22:37:14.579+0000] {dag.py:3096} INFO - Sync 2 DAGs
[2026-06-10T22:37:14.598+0000] {logging_mixin.py:188} INFO - [2026-06-10T22:37:14.598+0000] {dag.py:3954} INFO - Setting next_dagrun for example_xcom_args to None, run_after=None
[2026-06-10T22:37:14.604+0000] {logging_mixin.py:188} INFO - [2026-06-10T22:37:14.604+0000] {dag.py:3954} INFO - Setting next_dagrun for example_xcom_args_with_operators to None, run_after=None
[2026-06-10T22:37:14.633+0000] {processor.py:183} INFO - Processing /home/airflow/.local/lib/python3.12/site-packages/airflow/example_dags/example_xcomargs.py took 0.135 seconds
[2026-06-10T22:37:45.087+0000] {processor.py:161} INFO - Started process (PID=2699) to work on /home/airflow/.local/lib/python3.12/site-packages/airflow/example_dags/example_xcomargs.py
[2026-06-10T22:37:45.089+0000] {processor.py:830} INFO - Processing file /home/airflow/.local/lib/python3.12/site-packages/airflow/example_dags/example_xcomargs.py for tasks to queue
[2026-06-10T22:37:45.091+0000] {logging_mixin.py:188} INFO - [2026-06-10T22:37:45.090+0000] {dagbag.py:545} INFO - Filling up the DagBag from /home/airflow/.local/lib/python3.12/site-packages/airflow/example_dags/example_xcomargs.py
[2026-06-10T22:37:45.101+0000] {processor.py:840} INFO - DAG(s) 'example_xcom_args', 'example_xcom_args_with_operators' retrieved from /home/airflow/.local/lib/python3.12/site-packages/airflow/example_dags/example_xcomargs.py
[2026-06-10T22:37:45.131+0000] {logging_mixin.py:188} INFO - [2026-06-10T22:37:45.131+0000] {dag.py:3096} INFO - Sync 2 DAGs
[2026-06-10T22:37:45.149+0000] {logging_mixin.py:188} INFO - [2026-06-10T22:37:45.149+0000] {dag.py:3954} INFO - Setting next_dagrun for example_xcom_args to None, run_after=None
[2026-06-10T22:37:45.154+0000] {logging_mixin.py:188} INFO - [2026-06-10T22:37:45.154+0000] {dag.py:3954} INFO - Setting next_dagrun for example_xcom_args_with_operators to None, run_after=None
[2026-06-10T22:37:45.172+0000] {processor.py:183} INFO - Processing /home/airflow/.local/lib/python3.12/site-packages/airflow/example_dags/example_xcomargs.py took 0.091 seconds
[2026-06-10T22:38:16.037+0000] {processor.py:161} INFO - Started process (PID=2760) to work on /home/airflow/.local/lib/python3.12/site-packages/airflow/example_dags/example_xcomargs.py
[2026-06-10T22:38:16.038+0000] {processor.py:830} INFO - Processing file /home/airflow/.local/lib/python3.12/site-packages/airflow/example_dags/example_xcomargs.py for tasks to queue
[2026-06-10T22:38:16.040+0000] {logging_mixin.py:188} INFO - [2026-06-10T22:38:16.040+0000] {dagbag.py:545} INFO - Filling up the DagBag from /home/airflow/.local/lib/python3.12/site-packages/airflow/example_dags/example_xcomargs.py
[2026-06-10T22:38:16.051+0000] {processor.py:840} INFO - DAG(s) 'example_xcom_args', 'example_xcom_args_with_operators' retrieved from /home/airflow/.local/lib/python3.12/site-packages/airflow/example_dags/example_xcomargs.py
[2026-06-10T22:38:16.081+0000] {logging_mixin.py:188} INFO - [2026-06-10T22:38:16.081+0000] {dag.py:3096} INFO - Sync 2 DAGs
[2026-06-10T22:38:16.100+0000] {logging_mixin.py:188} INFO - [2026-06-10T22:38:16.099+0000] {dag.py:3954} INFO - Setting next_dagrun for example_xcom_args to None, run_after=None
[2026-06-10T22:38:16.106+0000] {logging_mixin.py:188} INFO - [2026-06-10T22:38:16.105+0000] {dag.py:3954} INFO - Setting next_dagrun for example_xcom_args_with_operators to None, run_after=None
[2026-06-10T22:38:16.131+0000] {processor.py:183} INFO - Processing /home/airflow/.local/lib/python3.12/site-packages/airflow/example_dags/example_xcomargs.py took 0.100 seconds
[2026-06-10T22:38:46.562+0000] {processor.py:161} INFO - Started process (PID=2821) to work on /home/airflow/.local/lib/python3.12/site-packages/airflow/example_dags/example_xcomargs.py
[2026-06-10T22:38:46.564+0000] {processor.py:830} INFO - Processing file /home/airflow/.local/lib/python3.12/site-packages/airflow/example_dags/example_xcomargs.py for tasks to queue
[2026-06-10T22:38:46.567+0000] {logging_mixin.py:188} INFO - [2026-06-10T22:38:46.565+0000] {dagbag.py:545} INFO - Filling up the DagBag from /home/airflow/.local/lib/python3.12/site-packages/airflow/example_dags/example_xcomargs.py
[2026-06-10T22:38:46.577+0000] {processor.py:840} INFO - DAG(s) 'example_xcom_args_with_operators', 'example_xcom_args' retrieved from /home/airflow/.local/lib/python3.12/site-packages/airflow/example_dags/example_xcomargs.py
[2026-06-10T22:38:46.606+0000] {logging_mixin.py:188} INFO - [2026-06-10T22:38:46.606+0000] {dag.py:3096} INFO - Sync 2 DAGs
[2026-06-10T22:38:46.624+0000] {logging_mixin.py:188} INFO - [2026-06-10T22:38:46.624+0000] {dag.py:3954} INFO - Setting next_dagrun for example_xcom_args to None, run_after=None
[2026-06-10T22:38:46.629+0000] {logging_mixin.py:188} INFO - [2026-06-10T22:38:46.629+0000] {dag.py:3954} INFO - Setting next_dagrun for example_xcom_args_with_operators to None, run_after=None
[2026-06-10T22:38:46.650+0000] {processor.py:183} INFO - Processing /home/airflow/.local/lib/python3.12/site-packages/airflow/example_dags/example_xcomargs.py took 0.094 seconds
[2026-06-10T22:39:17.126+0000] {processor.py:161} INFO - Started process (PID=2882) to work on /home/airflow/.local/lib/python3.12/site-packages/airflow/example_dags/example_xcomargs.py
[2026-06-10T22:39:17.129+0000] {processor.py:830} INFO - Processing file /home/airflow/.local/lib/python3.12/site-packages/airflow/example_dags/example_xcomargs.py for tasks to queue
[2026-06-10T22:39:17.136+0000] {logging_mixin.py:188} INFO - [2026-06-10T22:39:17.135+0000] {dagbag.py:545} INFO - Filling up the DagBag from /home/airflow/.local/lib/python3.12/site-packages/airflow/example_dags/example_xcomargs.py
[2026-06-10T22:39:17.146+0000] {processor.py:840} INFO - DAG(s) 'example_xcom_args', 'example_xcom_args_with_operators' retrieved from /home/airflow/.local/lib/python3.12/site-packages/airflow/example_dags/example_xcomargs.py
[2026-06-10T22:39:17.191+0000] {logging_mixin.py:188} INFO - [2026-06-10T22:39:17.190+0000] {dag.py:3096} INFO - Sync 2 DAGs
[2026-06-10T22:39:17.231+0000] {logging_mixin.py:188} INFO - [2026-06-10T22:39:17.228+0000] {dag.py:3954} INFO - Setting next_dagrun for example_xcom_args to None, run_after=None
[2026-06-10T22:39:17.238+0000] {logging_mixin.py:188} INFO - [2026-06-10T22:39:17.238+0000] {dag.py:3954} INFO - Setting next_dagrun for example_xcom_args_with_operators to None, run_after=None
[2026-06-10T22:39:17.301+0000] {processor.py:183} INFO - Processing /home/airflow/.local/lib/python3.12/site-packages/airflow/example_dags/example_xcomargs.py took 0.182 seconds
[2026-06-10T22:39:48.198+0000] {processor.py:161} INFO - Started process (PID=2943) to work on /home/airflow/.local/lib/python3.12/site-packages/airflow/example_dags/example_xcomargs.py
[2026-06-10T22:39:48.199+0000] {processor.py:830} INFO - Processing file /home/airflow/.local/lib/python3.12/site-packages/airflow/example_dags/example_xcomargs.py for tasks to queue
[2026-06-10T22:39:48.201+0000] {logging_mixin.py:188} INFO - [2026-06-10T22:39:48.201+0000] {dagbag.py:545} INFO - Filling up the DagBag from /home/airflow/.local/lib/python3.12/site-packages/airflow/example_dags/example_xcomargs.py
[2026-06-10T22:39:48.231+0000] {processor.py:840} INFO - DAG(s) 'example_xcom_args_with_operators', 'example_xcom_args' retrieved from /home/airflow/.local/lib/python3.12/site-packages/airflow/example_dags/example_xcomargs.py
[2026-06-10T22:39:48.273+0000] {logging_mixin.py:188} INFO - [2026-06-10T22:39:48.273+0000] {dag.py:3096} INFO - Sync 2 DAGs
[2026-06-10T22:39:48.293+0000] {logging_mixin.py:188} INFO - [2026-06-10T22:39:48.292+0000] {dag.py:3954} INFO - Setting next_dagrun for example_xcom_args to None, run_after=None
[2026-06-10T22:39:48.301+0000] {logging_mixin.py:188} INFO - [2026-06-10T22:39:48.301+0000] {dag.py:3954} INFO - Setting next_dagrun for example_xcom_args_with_operators to None, run_after=None
[2026-06-10T22:39:48.325+0000] {processor.py:183} INFO - Processing /home/airflow/.local/lib/python3.12/site-packages/airflow/example_dags/example_xcomargs.py took 0.136 seconds
[2026-06-10T22:40:18.523+0000] {processor.py:161} INFO - Started process (PID=3004) to work on /home/airflow/.local/lib/python3.12/site-packages/airflow/example_dags/example_xcomargs.py
[2026-06-10T22:40:18.524+0000] {processor.py:830} INFO - Processing file /home/airflow/.local/lib/python3.12/site-packages/airflow/example_dags/example_xcomargs.py for tasks to queue
[2026-06-10T22:40:18.525+0000] {logging_mixin.py:188} INFO - [2026-06-10T22:40:18.525+0000] {dagbag.py:545} INFO - Filling up the DagBag from /home/airflow/.local/lib/python3.12/site-packages/airflow/example_dags/example_xcomargs.py
[2026-06-10T22:40:18.532+0000] {processor.py:840} INFO - DAG(s) 'example_xcom_args', 'example_xcom_args_with_operators' retrieved from /home/airflow/.local/lib/python3.12/site-packages/airflow/example_dags/example_xcomargs.py
[2026-06-10T22:40:18.553+0000] {logging_mixin.py:188} INFO - [2026-06-10T22:40:18.553+0000] {dag.py:3096} INFO - Sync 2 DAGs
[2026-06-10T22:40:18.564+0000] {logging_mixin.py:188} INFO - [2026-06-10T22:40:18.564+0000] {dag.py:3954} INFO - Setting next_dagrun for example_xcom_args to None, run_after=None
[2026-06-10T22:40:18.568+0000] {logging_mixin.py:188} INFO - [2026-06-10T22:40:18.568+0000] {dag.py:3954} INFO - Setting next_dagrun for example_xcom_args_with_operators to None, run_after=None
[2026-06-10T22:40:18.590+0000] {processor.py:183} INFO - Processing /home/airflow/.local/lib/python3.12/site-packages/airflow/example_dags/example_xcomargs.py took 0.072 seconds
[2026-06-10T22:40:49.454+0000] {processor.py:161} INFO - Started process (PID=3065) to work on /home/airflow/.local/lib/python3.12/site-packages/airflow/example_dags/example_xcomargs.py
[2026-06-10T22:40:49.455+0000] {processor.py:830} INFO - Processing file /home/airflow/.local/lib/python3.12/site-packages/airflow/example_dags/example_xcomargs.py for tasks to queue
[2026-06-10T22:40:49.459+0000] {logging_mixin.py:188} INFO - [2026-06-10T22:40:49.459+0000] {dagbag.py:545} INFO - Filling up the DagBag from /home/airflow/.local/lib/python3.12/site-packages/airflow/example_dags/example_xcomargs.py
[2026-06-10T22:40:49.476+0000] {processor.py:840} INFO - DAG(s) 'example_xcom_args_with_operators', 'example_xcom_args' retrieved from /home/airflow/.local/lib/python3.12/site-packages/airflow/example_dags/example_xcomargs.py
[2026-06-10T22:40:49.510+0000] {logging_mixin.py:188} INFO - [2026-06-10T22:40:49.510+0000] {dag.py:3096} INFO - Sync 2 DAGs
[2026-06-10T22:40:49.527+0000] {logging_mixin.py:188} INFO - [2026-06-10T22:40:49.527+0000] {dag.py:3954} INFO - Setting next_dagrun for example_xcom_args to None, run_after=None
[2026-06-10T22:40:49.532+0000] {logging_mixin.py:188} INFO - [2026-06-10T22:40:49.532+0000] {dag.py:3954} INFO - Setting next_dagrun for example_xcom_args_with_operators to None, run_after=None
[2026-06-10T22:40:49.553+0000] {processor.py:183} INFO - Processing /home/airflow/.local/lib/python3.12/site-packages/airflow/example_dags/example_xcomargs.py took 0.106 seconds
[2026-06-10T22:41:19.955+0000] {processor.py:161} INFO - Started process (PID=3126) to work on /home/airflow/.local/lib/python3.12/site-packages/airflow/example_dags/example_xcomargs.py
[2026-06-10T22:41:19.957+0000] {processor.py:830} INFO - Processing file /home/airflow/.local/lib/python3.12/site-packages/airflow/example_dags/example_xcomargs.py for tasks to queue
[2026-06-10T22:41:19.959+0000] {logging_mixin.py:188} INFO - [2026-06-10T22:41:19.959+0000] {dagbag.py:545} INFO - Filling up the DagBag from /home/airflow/.local/lib/python3.12/site-packages/airflow/example_dags/example_xcomargs.py
[2026-06-10T22:41:19.969+0000] {processor.py:840} INFO - DAG(s) 'example_xcom_args_with_operators', 'example_xcom_args' retrieved from /home/airflow/.local/lib/python3.12/site-packages/airflow/example_dags/example_xcomargs.py
[2026-06-10T22:41:20.008+0000] {logging_mixin.py:188} INFO - [2026-06-10T22:41:20.008+0000] {dag.py:3096} INFO - Sync 2 DAGs
[2026-06-10T22:41:20.027+0000] {logging_mixin.py:188} INFO - [2026-06-10T22:41:20.027+0000] {dag.py:3954} INFO - Setting next_dagrun for example_xcom_args to None, run_after=None
[2026-06-10T22:41:20.032+0000] {logging_mixin.py:188} INFO - [2026-06-10T22:41:20.032+0000] {dag.py:3954} INFO - Setting next_dagrun for example_xcom_args_with_operators to None, run_after=None
[2026-06-10T22:41:20.061+0000] {processor.py:183} INFO - Processing /home/airflow/.local/lib/python3.12/site-packages/airflow/example_dags/example_xcomargs.py took 0.124 seconds
[2026-06-10T22:41:50.551+0000] {processor.py:161} INFO - Started process (PID=3187) to work on /home/airflow/.local/lib/python3.12/site-packages/airflow/example_dags/example_xcomargs.py
[2026-06-10T22:41:50.552+0000] {processor.py:830} INFO - Processing file /home/airflow/.local/lib/python3.12/site-packages/airflow/example_dags/example_xcomargs.py for tasks to queue
[2026-06-10T22:41:50.554+0000] {logging_mixin.py:188} INFO - [2026-06-10T22:41:50.554+0000] {dagbag.py:545} INFO - Filling up the DagBag from /home/airflow/.local/lib/python3.12/site-packages/airflow/example_dags/example_xcomargs.py
[2026-06-10T22:41:50.565+0000] {processor.py:840} INFO - DAG(s) 'example_xcom_args_with_operators', 'example_xcom_args' retrieved from /home/airflow/.local/lib/python3.12/site-packages/airflow/example_dags/example_xcomargs.py
[2026-06-10T22:41:50.599+0000] {logging_mixin.py:188} INFO - [2026-06-10T22:41:50.598+0000] {dag.py:3096} INFO - Sync 2 DAGs
[2026-06-10T22:41:50.635+0000] {logging_mixin.py:188} INFO - [2026-06-10T22:41:50.635+0000] {dag.py:3954} INFO - Setting next_dagrun for example_xcom_args to None, run_after=None
[2026-06-10T22:41:50.645+0000] {logging_mixin.py:188} INFO - [2026-06-10T22:41:50.645+0000] {dag.py:3954} INFO - Setting next_dagrun for example_xcom_args_with_operators to None, run_after=None
[2026-06-10T22:41:50.692+0000] {processor.py:183} INFO - Processing /home/airflow/.local/lib/python3.12/site-packages/airflow/example_dags/example_xcomargs.py took 0.152 seconds
[2026-06-10T22:42:20.921+0000] {processor.py:161} INFO - Started process (PID=3248) to work on /home/airflow/.local/lib/python3.12/site-packages/airflow/example_dags/example_xcomargs.py
[2026-06-10T22:42:20.922+0000] {processor.py:830} INFO - Processing file /home/airflow/.local/lib/python3.12/site-packages/airflow/example_dags/example_xcomargs.py for tasks to queue
[2026-06-10T22:42:20.925+0000] {logging_mixin.py:188} INFO - [2026-06-10T22:42:20.924+0000] {dagbag.py:545} INFO - Filling up the DagBag from /home/airflow/.local/lib/python3.12/site-packages/airflow/example_dags/example_xcomargs.py
[2026-06-10T22:42:20.939+0000] {processor.py:840} INFO - DAG(s) 'example_xcom_args_with_operators', 'example_xcom_args' retrieved from /home/airflow/.local/lib/python3.12/site-packages/airflow/example_dags/example_xcomargs.py
[2026-06-10T22:42:21.112+0000] {logging_mixin.py:188} INFO - [2026-06-10T22:42:21.112+0000] {dag.py:3096} INFO - Sync 2 DAGs
[2026-06-10T22:42:21.134+0000] {logging_mixin.py:188} INFO - [2026-06-10T22:42:21.133+0000] {dag.py:3954} INFO - Setting next_dagrun for example_xcom_args to None, run_after=None
[2026-06-10T22:42:21.138+0000] {logging_mixin.py:188} INFO - [2026-06-10T22:42:21.138+0000] {dag.py:3954} INFO - Setting next_dagrun for example_xcom_args_with_operators to None, run_after=None
[2026-06-10T22:42:21.172+0000] {processor.py:183} INFO - Processing /home/airflow/.local/lib/python3.12/site-packages/airflow/example_dags/example_xcomargs.py took 0.265 seconds
[2026-06-10T22:42:51.218+0000] {processor.py:161} INFO - Started process (PID=3308) to work on /home/airflow/.local/lib/python3.12/site-packages/airflow/example_dags/example_xcomargs.py
[2026-06-10T22:42:51.219+0000] {processor.py:830} INFO - Processing file /home/airflow/.local/lib/python3.12/site-packages/airflow/example_dags/example_xcomargs.py for tasks to queue
[2026-06-10T22:42:51.221+0000] {logging_mixin.py:188} INFO - [2026-06-10T22:42:51.220+0000] {dagbag.py:545} INFO - Filling up the DagBag from /home/airflow/.local/lib/python3.12/site-packages/airflow/example_dags/example_xcomargs.py
[2026-06-10T22:42:51.228+0000] {processor.py:840} INFO - DAG(s) 'example_xcom_args_with_operators', 'example_xcom_args' retrieved from /home/airflow/.local/lib/python3.12/site-packages/airflow/example_dags/example_xcomargs.py
[2026-06-10T22:42:51.248+0000] {logging_mixin.py:188} INFO - [2026-06-10T22:42:51.248+0000] {dag.py:3096} INFO - Sync 2 DAGs
[2026-06-10T22:42:51.260+0000] {logging_mixin.py:188} INFO - [2026-06-10T22:42:51.260+0000] {dag.py:3954} INFO - Setting next_dagrun for example_xcom_args to None, run_after=None
[2026-06-10T22:42:51.263+0000] {logging_mixin.py:188} INFO - [2026-06-10T22:42:51.263+0000] {dag.py:3954} INFO - Setting next_dagrun for example_xcom_args_with_operators to None, run_after=None
[2026-06-10T22:42:51.281+0000] {processor.py:183} INFO - Processing /home/airflow/.local/lib/python3.12/site-packages/airflow/example_dags/example_xcomargs.py took 0.068 seconds
[2026-06-10T22:43:21.522+0000] {processor.py:161} INFO - Started process (PID=3369) to work on /home/airflow/.local/lib/python3.12/site-packages/airflow/example_dags/example_xcomargs.py
[2026-06-10T22:43:21.523+0000] {processor.py:830} INFO - Processing file /home/airflow/.local/lib/python3.12/site-packages/airflow/example_dags/example_xcomargs.py for tasks to queue
[2026-06-10T22:43:21.525+0000] {logging_mixin.py:188} INFO - [2026-06-10T22:43:21.525+0000] {dagbag.py:545} INFO - Filling up the DagBag from /home/airflow/.local/lib/python3.12/site-packages/airflow/example_dags/example_xcomargs.py
[2026-06-10T22:43:21.535+0000] {processor.py:840} INFO - DAG(s) 'example_xcom_args', 'example_xcom_args_with_operators' retrieved from /home/airflow/.local/lib/python3.12/site-packages/airflow/example_dags/example_xcomargs.py
[2026-06-10T22:43:21.569+0000] {logging_mixin.py:188} INFO - [2026-06-10T22:43:21.568+0000] {dag.py:3096} INFO - Sync 2 DAGs
[2026-06-10T22:43:21.586+0000] {logging_mixin.py:188} INFO - [2026-06-10T22:43:21.586+0000] {dag.py:3954} INFO - Setting next_dagrun for example_xcom_args to None, run_after=None
[2026-06-10T22:43:21.591+0000] {logging_mixin.py:188} INFO - [2026-06-10T22:43:21.591+0000] {dag.py:3954} INFO - Setting next_dagrun for example_xcom_args_with_operators to None, run_after=None
[2026-06-10T22:43:21.612+0000] {processor.py:183} INFO - Processing /home/airflow/.local/lib/python3.12/site-packages/airflow/example_dags/example_xcomargs.py took 0.096 seconds
[2026-06-10T22:43:52.398+0000] {processor.py:161} INFO - Started process (PID=3430) to work on /home/airflow/.local/lib/python3.12/site-packages/airflow/example_dags/example_xcomargs.py
[2026-06-10T22:43:52.404+0000] {processor.py:830} INFO - Processing file /home/airflow/.local/lib/python3.12/site-packages/airflow/example_dags/example_xcomargs.py for tasks to queue
[2026-06-10T22:43:52.409+0000] {logging_mixin.py:188} INFO - [2026-06-10T22:43:52.405+0000] {dagbag.py:545} INFO - Filling up the DagBag from /home/airflow/.local/lib/python3.12/site-packages/airflow/example_dags/example_xcomargs.py
[2026-06-10T22:43:52.429+0000] {processor.py:840} INFO - DAG(s) 'example_xcom_args', 'example_xcom_args_with_operators' retrieved from /home/airflow/.local/lib/python3.12/site-packages/airflow/example_dags/example_xcomargs.py
[2026-06-10T22:43:52.461+0000] {logging_mixin.py:188} INFO - [2026-06-10T22:43:52.460+0000] {dag.py:3096} INFO - Sync 2 DAGs
[2026-06-10T22:43:52.480+0000] {logging_mixin.py:188} INFO - [2026-06-10T22:43:52.480+0000] {dag.py:3954} INFO - Setting next_dagrun for example_xcom_args to None, run_after=None
[2026-06-10T22:43:52.486+0000] {logging_mixin.py:188} INFO - [2026-06-10T22:43:52.485+0000] {dag.py:3954} INFO - Setting next_dagrun for example_xcom_args_with_operators to None, run_after=None
[2026-06-10T22:43:52.506+0000] {processor.py:183} INFO - Processing /home/airflow/.local/lib/python3.12/site-packages/airflow/example_dags/example_xcomargs.py took 0.115 seconds
[2026-06-10T22:44:22.715+0000] {processor.py:161} INFO - Started process (PID=3491) to work on /home/airflow/.local/lib/python3.12/site-packages/airflow/example_dags/example_xcomargs.py
[2026-06-10T22:44:22.718+0000] {processor.py:830} INFO - Processing file /home/airflow/.local/lib/python3.12/site-packages/airflow/example_dags/example_xcomargs.py for tasks to queue
[2026-06-10T22:44:22.720+0000] {logging_mixin.py:188} INFO - [2026-06-10T22:44:22.720+0000] {dagbag.py:545} INFO - Filling up the DagBag from /home/airflow/.local/lib/python3.12/site-packages/airflow/example_dags/example_xcomargs.py
[2026-06-10T22:44:22.731+0000] {processor.py:840} INFO - DAG(s) 'example_xcom_args', 'example_xcom_args_with_operators' retrieved from /home/airflow/.local/lib/python3.12/site-packages/airflow/example_dags/example_xcomargs.py
[2026-06-10T22:44:22.791+0000] {logging_mixin.py:188} INFO - [2026-06-10T22:44:22.791+0000] {dag.py:3096} INFO - Sync 2 DAGs
[2026-06-10T22:44:22.817+0000] {logging_mixin.py:188} INFO - [2026-06-10T22:44:22.817+0000] {dag.py:3954} INFO - Setting next_dagrun for example_xcom_args to None, run_after=None
[2026-06-10T22:44:22.822+0000] {logging_mixin.py:188} INFO - [2026-06-10T22:44:22.822+0000] {dag.py:3954} INFO - Setting next_dagrun for example_xcom_args_with_operators to None, run_after=None
[2026-06-10T22:44:22.869+0000] {processor.py:183} INFO - Processing /home/airflow/.local/lib/python3.12/site-packages/airflow/example_dags/example_xcomargs.py took 0.171 seconds
[2026-06-10T22:44:53.790+0000] {processor.py:161} INFO - Started process (PID=3552) to work on /home/airflow/.local/lib/python3.12/site-packages/airflow/example_dags/example_xcomargs.py
[2026-06-10T22:44:53.796+0000] {processor.py:830} INFO - Processing file /home/airflow/.local/lib/python3.12/site-packages/airflow/example_dags/example_xcomargs.py for tasks to queue
[2026-06-10T22:44:53.801+0000] {logging_mixin.py:188} INFO - [2026-06-10T22:44:53.801+0000] {dagbag.py:545} INFO - Filling up the DagBag from /home/airflow/.local/lib/python3.12/site-packages/airflow/example_dags/example_xcomargs.py
[2026-06-10T22:44:53.827+0000] {processor.py:840} INFO - DAG(s) 'example_xcom_args_with_operators', 'example_xcom_args' retrieved from /home/airflow/.local/lib/python3.12/site-packages/airflow/example_dags/example_xcomargs.py
[2026-06-10T22:44:53.891+0000] {logging_mixin.py:188} INFO - [2026-06-10T22:44:53.891+0000] {dag.py:3096} INFO - Sync 2 DAGs
[2026-06-10T22:44:53.910+0000] {logging_mixin.py:188} INFO - [2026-06-10T22:44:53.909+0000] {dag.py:3954} INFO - Setting next_dagrun for example_xcom_args to None, run_after=None
[2026-06-10T22:44:53.915+0000] {logging_mixin.py:188} INFO - [2026-06-10T22:44:53.914+0000] {dag.py:3954} INFO - Setting next_dagrun for example_xcom_args_with_operators to None, run_after=None
[2026-06-10T22:44:53.934+0000] {processor.py:183} INFO - Processing /home/airflow/.local/lib/python3.12/site-packages/airflow/example_dags/example_xcomargs.py took 0.164 seconds
[2026-06-10T22:45:24.360+0000] {processor.py:161} INFO - Started process (PID=3612) to work on /home/airflow/.local/lib/python3.12/site-packages/airflow/example_dags/example_xcomargs.py
[2026-06-10T22:45:24.361+0000] {processor.py:830} INFO - Processing file /home/airflow/.local/lib/python3.12/site-packages/airflow/example_dags/example_xcomargs.py for tasks to queue
[2026-06-10T22:45:24.363+0000] {logging_mixin.py:188} INFO - [2026-06-10T22:45:24.363+0000] {dagbag.py:545} INFO - Filling up the DagBag from /home/airflow/.local/lib/python3.12/site-packages/airflow/example_dags/example_xcomargs.py
[2026-06-10T22:45:24.373+0000] {processor.py:840} INFO - DAG(s) 'example_xcom_args_with_operators', 'example_xcom_args' retrieved from /home/airflow/.local/lib/python3.12/site-packages/airflow/example_dags/example_xcomargs.py
[2026-06-10T22:45:24.434+0000] {logging_mixin.py:188} INFO - [2026-06-10T22:45:24.434+0000] {dag.py:3096} INFO - Sync 2 DAGs
[2026-06-10T22:45:24.453+0000] {logging_mixin.py:188} INFO - [2026-06-10T22:45:24.453+0000] {dag.py:3954} INFO - Setting next_dagrun for example_xcom_args to None, run_after=None
[2026-06-10T22:45:24.458+0000] {logging_mixin.py:188} INFO - [2026-06-10T22:45:24.457+0000] {dag.py:3954} INFO - Setting next_dagrun for example_xcom_args_with_operators to None, run_after=None
[2026-06-10T22:45:24.477+0000] {processor.py:183} INFO - Processing /home/airflow/.local/lib/python3.12/site-packages/airflow/example_dags/example_xcomargs.py took 0.123 seconds
[2026-06-10T22:45:55.170+0000] {processor.py:161} INFO - Started process (PID=3673) to work on /home/airflow/.local/lib/python3.12/site-packages/airflow/example_dags/example_xcomargs.py
[2026-06-10T22:45:55.171+0000] {processor.py:830} INFO - Processing file /home/airflow/.local/lib/python3.12/site-packages/airflow/example_dags/example_xcomargs.py for tasks to queue
[2026-06-10T22:45:55.173+0000] {logging_mixin.py:188} INFO - [2026-06-10T22:45:55.172+0000] {dagbag.py:545} INFO - Filling up the DagBag from /home/airflow/.local/lib/python3.12/site-packages/airflow/example_dags/example_xcomargs.py
[2026-06-10T22:45:55.185+0000] {processor.py:840} INFO - DAG(s) 'example_xcom_args', 'example_xcom_args_with_operators' retrieved from /home/airflow/.local/lib/python3.12/site-packages/airflow/example_dags/example_xcomargs.py
[2026-06-10T22:45:55.214+0000] {logging_mixin.py:188} INFO - [2026-06-10T22:45:55.214+0000] {dag.py:3096} INFO - Sync 2 DAGs
[2026-06-10T22:45:55.240+0000] {logging_mixin.py:188} INFO - [2026-06-10T22:45:55.240+0000] {dag.py:3954} INFO - Setting next_dagrun for example_xcom_args to None, run_after=None
[2026-06-10T22:45:55.245+0000] {logging_mixin.py:188} INFO - [2026-06-10T22:45:55.245+0000] {dag.py:3954} INFO - Setting next_dagrun for example_xcom_args_with_operators to None, run_after=None
[2026-06-10T22:45:55.275+0000] {processor.py:183} INFO - Processing /home/airflow/.local/lib/python3.12/site-packages/airflow/example_dags/example_xcomargs.py took 0.112 seconds
[2026-06-10T22:46:25.458+0000] {processor.py:161} INFO - Started process (PID=3734) to work on /home/airflow/.local/lib/python3.12/site-packages/airflow/example_dags/example_xcomargs.py
[2026-06-10T22:46:25.459+0000] {processor.py:830} INFO - Processing file /home/airflow/.local/lib/python3.12/site-packages/airflow/example_dags/example_xcomargs.py for tasks to queue
[2026-06-10T22:46:25.463+0000] {logging_mixin.py:188} INFO - [2026-06-10T22:46:25.463+0000] {dagbag.py:545} INFO - Filling up the DagBag from /home/airflow/.local/lib/python3.12/site-packages/airflow/example_dags/example_xcomargs.py
[2026-06-10T22:46:25.478+0000] {processor.py:840} INFO - DAG(s) 'example_xcom_args_with_operators', 'example_xcom_args' retrieved from /home/airflow/.local/lib/python3.12/site-packages/airflow/example_dags/example_xcomargs.py
[2026-06-10T22:46:25.524+0000] {logging_mixin.py:188} INFO - [2026-06-10T22:46:25.522+0000] {dag.py:3096} INFO - Sync 2 DAGs
[2026-06-10T22:46:25.556+0000] {logging_mixin.py:188} INFO - [2026-06-10T22:46:25.555+0000] {dag.py:3954} INFO - Setting next_dagrun for example_xcom_args to None, run_after=None
[2026-06-10T22:46:25.561+0000] {logging_mixin.py:188} INFO - [2026-06-10T22:46:25.561+0000] {dag.py:3954} INFO - Setting next_dagrun for example_xcom_args_with_operators to None, run_after=None
[2026-06-10T22:46:25.578+0000] {processor.py:183} INFO - Processing /home/airflow/.local/lib/python3.12/site-packages/airflow/example_dags/example_xcomargs.py took 0.130 seconds
[2026-06-10T22:46:55.967+0000] {processor.py:161} INFO - Started process (PID=3795) to work on /home/airflow/.local/lib/python3.12/site-packages/airflow/example_dags/example_xcomargs.py
[2026-06-10T22:46:55.971+0000] {processor.py:830} INFO - Processing file /home/airflow/.local/lib/python3.12/site-packages/airflow/example_dags/example_xcomargs.py for tasks to queue
[2026-06-10T22:46:55.974+0000] {logging_mixin.py:188} INFO - [2026-06-10T22:46:55.974+0000] {dagbag.py:545} INFO - Filling up the DagBag from /home/airflow/.local/lib/python3.12/site-packages/airflow/example_dags/example_xcomargs.py
[2026-06-10T22:46:55.996+0000] {processor.py:840} INFO - DAG(s) 'example_xcom_args_with_operators', 'example_xcom_args' retrieved from /home/airflow/.local/lib/python3.12/site-packages/airflow/example_dags/example_xcomargs.py
[2026-06-10T22:46:56.070+0000] {logging_mixin.py:188} INFO - [2026-06-10T22:46:56.070+0000] {dag.py:3096} INFO - Sync 2 DAGs
[2026-06-10T22:46:56.123+0000] {logging_mixin.py:188} INFO - [2026-06-10T22:46:56.123+0000] {dag.py:3954} INFO - Setting next_dagrun for example_xcom_args to None, run_after=None
[2026-06-10T22:46:56.138+0000] {logging_mixin.py:188} INFO - [2026-06-10T22:46:56.137+0000] {dag.py:3954} INFO - Setting next_dagrun for example_xcom_args_with_operators to None, run_after=None
[2026-06-10T22:46:56.180+0000] {processor.py:183} INFO - Processing /home/airflow/.local/lib/python3.12/site-packages/airflow/example_dags/example_xcomargs.py took 0.228 seconds
[2026-06-10T22:47:26.396+0000] {processor.py:161} INFO - Started process (PID=3854) to work on /home/airflow/.local/lib/python3.12/site-packages/airflow/example_dags/example_xcomargs.py
[2026-06-10T22:47:26.397+0000] {processor.py:830} INFO - Processing file /home/airflow/.local/lib/python3.12/site-packages/airflow/example_dags/example_xcomargs.py for tasks to queue
[2026-06-10T22:47:26.401+0000] {logging_mixin.py:188} INFO - [2026-06-10T22:47:26.401+0000] {dagbag.py:545} INFO - Filling up the DagBag from /home/airflow/.local/lib/python3.12/site-packages/airflow/example_dags/example_xcomargs.py
[2026-06-10T22:47:26.414+0000] {processor.py:840} INFO - DAG(s) 'example_xcom_args_with_operators', 'example_xcom_args' retrieved from /home/airflow/.local/lib/python3.12/site-packages/airflow/example_dags/example_xcomargs.py
[2026-06-10T22:47:26.444+0000] {logging_mixin.py:188} INFO - [2026-06-10T22:47:26.444+0000] {dag.py:3096} INFO - Sync 2 DAGs
[2026-06-10T22:47:26.465+0000] {logging_mixin.py:188} INFO - [2026-06-10T22:47:26.465+0000] {dag.py:3954} INFO - Setting next_dagrun for example_xcom_args to None, run_after=None
[2026-06-10T22:47:26.473+0000] {logging_mixin.py:188} INFO - [2026-06-10T22:47:26.473+0000] {dag.py:3954} INFO - Setting next_dagrun for example_xcom_args_with_operators to None, run_after=None
[2026-06-10T22:47:26.506+0000] {processor.py:183} INFO - Processing /home/airflow/.local/lib/python3.12/site-packages/airflow/example_dags/example_xcomargs.py took 0.117 seconds
[2026-06-10T22:47:56.971+0000] {processor.py:161} INFO - Started process (PID=3914) to work on /home/airflow/.local/lib/python3.12/site-packages/airflow/example_dags/example_xcomargs.py
[2026-06-10T22:47:56.971+0000] {processor.py:830} INFO - Processing file /home/airflow/.local/lib/python3.12/site-packages/airflow/example_dags/example_xcomargs.py for tasks to queue
[2026-06-10T22:47:56.973+0000] {logging_mixin.py:188} INFO - [2026-06-10T22:47:56.973+0000] {dagbag.py:545} INFO - Filling up the DagBag from /home/airflow/.local/lib/python3.12/site-packages/airflow/example_dags/example_xcomargs.py
[2026-06-10T22:47:56.982+0000] {processor.py:840} INFO - DAG(s) 'example_xcom_args_with_operators', 'example_xcom_args' retrieved from /home/airflow/.local/lib/python3.12/site-packages/airflow/example_dags/example_xcomargs.py
[2026-06-10T22:47:57.005+0000] {logging_mixin.py:188} INFO - [2026-06-10T22:47:57.005+0000] {dag.py:3096} INFO - Sync 2 DAGs
[2026-06-10T22:47:57.017+0000] {logging_mixin.py:188} INFO - [2026-06-10T22:47:57.016+0000] {dag.py:3954} INFO - Setting next_dagrun for example_xcom_args to None, run_after=None
[2026-06-10T22:47:57.020+0000] {logging_mixin.py:188} INFO - [2026-06-10T22:47:57.020+0000] {dag.py:3954} INFO - Setting next_dagrun for example_xcom_args_with_operators to None, run_after=None
[2026-06-10T22:47:57.034+0000] {processor.py:183} INFO - Processing /home/airflow/.local/lib/python3.12/site-packages/airflow/example_dags/example_xcomargs.py took 0.070 seconds
[2026-06-10T22:48:28.274+0000] {processor.py:161} INFO - Started process (PID=3974) to work on /home/airflow/.local/lib/python3.12/site-packages/airflow/example_dags/example_xcomargs.py
[2026-06-10T22:48:28.275+0000] {processor.py:830} INFO - Processing file /home/airflow/.local/lib/python3.12/site-packages/airflow/example_dags/example_xcomargs.py for tasks to queue
[2026-06-10T22:48:28.282+0000] {logging_mixin.py:188} INFO - [2026-06-10T22:48:28.280+0000] {dagbag.py:545} INFO - Filling up the DagBag from /home/airflow/.local/lib/python3.12/site-packages/airflow/example_dags/example_xcomargs.py
[2026-06-10T22:48:28.331+0000] {processor.py:840} INFO - DAG(s) 'example_xcom_args', 'example_xcom_args_with_operators' retrieved from /home/airflow/.local/lib/python3.12/site-packages/airflow/example_dags/example_xcomargs.py
[2026-06-10T22:48:28.432+0000] {logging_mixin.py:188} INFO - [2026-06-10T22:48:28.432+0000] {dag.py:3096} INFO - Sync 2 DAGs
[2026-06-10T22:48:28.468+0000] {logging_mixin.py:188} INFO - [2026-06-10T22:48:28.467+0000] {dag.py:3954} INFO - Setting next_dagrun for example_xcom_args to None, run_after=None
[2026-06-10T22:48:28.478+0000] {logging_mixin.py:188} INFO - [2026-06-10T22:48:28.478+0000] {dag.py:3954} INFO - Setting next_dagrun for example_xcom_args_with_operators to None, run_after=None
[2026-06-10T22:48:28.511+0000] {processor.py:183} INFO - Processing /home/airflow/.local/lib/python3.12/site-packages/airflow/example_dags/example_xcomargs.py took 0.263 seconds
[2026-06-10T22:48:59.317+0000] {processor.py:161} INFO - Started process (PID=4035) to work on /home/airflow/.local/lib/python3.12/site-packages/airflow/example_dags/example_xcomargs.py
[2026-06-10T22:48:59.318+0000] {processor.py:830} INFO - Processing file /home/airflow/.local/lib/python3.12/site-packages/airflow/example_dags/example_xcomargs.py for tasks to queue
[2026-06-10T22:48:59.320+0000] {logging_mixin.py:188} INFO - [2026-06-10T22:48:59.319+0000] {dagbag.py:545} INFO - Filling up the DagBag from /home/airflow/.local/lib/python3.12/site-packages/airflow/example_dags/example_xcomargs.py
[2026-06-10T22:48:59.330+0000] {processor.py:840} INFO - DAG(s) 'example_xcom_args_with_operators', 'example_xcom_args' retrieved from /home/airflow/.local/lib/python3.12/site-packages/airflow/example_dags/example_xcomargs.py
[2026-06-10T22:48:59.366+0000] {logging_mixin.py:188} INFO - [2026-06-10T22:48:59.366+0000] {dag.py:3096} INFO - Sync 2 DAGs
[2026-06-10T22:48:59.386+0000] {logging_mixin.py:188} INFO - [2026-06-10T22:48:59.386+0000] {dag.py:3954} INFO - Setting next_dagrun for example_xcom_args to None, run_after=None
[2026-06-10T22:48:59.391+0000] {logging_mixin.py:188} INFO - [2026-06-10T22:48:59.391+0000] {dag.py:3954} INFO - Setting next_dagrun for example_xcom_args_with_operators to None, run_after=None
[2026-06-10T22:48:59.419+0000] {processor.py:183} INFO - Processing /home/airflow/.local/lib/python3.12/site-packages/airflow/example_dags/example_xcomargs.py took 0.110 seconds
[2026-06-10T22:49:30.333+0000] {processor.py:161} INFO - Started process (PID=4096) to work on /home/airflow/.local/lib/python3.12/site-packages/airflow/example_dags/example_xcomargs.py
[2026-06-10T22:49:30.335+0000] {processor.py:830} INFO - Processing file /home/airflow/.local/lib/python3.12/site-packages/airflow/example_dags/example_xcomargs.py for tasks to queue
[2026-06-10T22:49:30.338+0000] {logging_mixin.py:188} INFO - [2026-06-10T22:49:30.338+0000] {dagbag.py:545} INFO - Filling up the DagBag from /home/airflow/.local/lib/python3.12/site-packages/airflow/example_dags/example_xcomargs.py
[2026-06-10T22:49:30.365+0000] {processor.py:840} INFO - DAG(s) 'example_xcom_args_with_operators', 'example_xcom_args' retrieved from /home/airflow/.local/lib/python3.12/site-packages/airflow/example_dags/example_xcomargs.py
[2026-06-10T22:49:30.431+0000] {logging_mixin.py:188} INFO - [2026-06-10T22:49:30.430+0000] {dag.py:3096} INFO - Sync 2 DAGs
[2026-06-10T22:49:30.472+0000] {logging_mixin.py:188} INFO - [2026-06-10T22:49:30.471+0000] {dag.py:3954} INFO - Setting next_dagrun for example_xcom_args to None, run_after=None
[2026-06-10T22:49:30.483+0000] {logging_mixin.py:188} INFO - [2026-06-10T22:49:30.483+0000] {dag.py:3954} INFO - Setting next_dagrun for example_xcom_args_with_operators to None, run_after=None
[2026-06-10T22:49:30.507+0000] {processor.py:183} INFO - Processing /home/airflow/.local/lib/python3.12/site-packages/airflow/example_dags/example_xcomargs.py took 0.195 seconds
[2026-06-10T22:50:01.806+0000] {processor.py:161} INFO - Started process (PID=4157) to work on /home/airflow/.local/lib/python3.12/site-packages/airflow/example_dags/example_xcomargs.py
[2026-06-10T22:50:01.811+0000] {processor.py:830} INFO - Processing file /home/airflow/.local/lib/python3.12/site-packages/airflow/example_dags/example_xcomargs.py for tasks to queue
[2026-06-10T22:50:01.816+0000] {logging_mixin.py:188} INFO - [2026-06-10T22:50:01.816+0000] {dagbag.py:545} INFO - Filling up the DagBag from /home/airflow/.local/lib/python3.12/site-packages/airflow/example_dags/example_xcomargs.py
[2026-06-10T22:50:01.838+0000] {processor.py:840} INFO - DAG(s) 'example_xcom_args', 'example_xcom_args_with_operators' retrieved from /home/airflow/.local/lib/python3.12/site-packages/airflow/example_dags/example_xcomargs.py
[2026-06-10T22:50:01.926+0000] {logging_mixin.py:188} INFO - [2026-06-10T22:50:01.925+0000] {dag.py:3096} INFO - Sync 2 DAGs
[2026-06-10T22:50:01.969+0000] {logging_mixin.py:188} INFO - [2026-06-10T22:50:01.968+0000] {dag.py:3954} INFO - Setting next_dagrun for example_xcom_args to None, run_after=None
[2026-06-10T22:50:01.979+0000] {logging_mixin.py:188} INFO - [2026-06-10T22:50:01.979+0000] {dag.py:3954} INFO - Setting next_dagrun for example_xcom_args_with_operators to None, run_after=None
[2026-06-10T22:50:02.031+0000] {processor.py:183} INFO - Processing /home/airflow/.local/lib/python3.12/site-packages/airflow/example_dags/example_xcomargs.py took 0.275 seconds
[2026-06-10T22:50:33.045+0000] {processor.py:161} INFO - Started process (PID=4218) to work on /home/airflow/.local/lib/python3.12/site-packages/airflow/example_dags/example_xcomargs.py
[2026-06-10T22:50:33.046+0000] {processor.py:830} INFO - Processing file /home/airflow/.local/lib/python3.12/site-packages/airflow/example_dags/example_xcomargs.py for tasks to queue
[2026-06-10T22:50:33.048+0000] {logging_mixin.py:188} INFO - [2026-06-10T22:50:33.048+0000] {dagbag.py:545} INFO - Filling up the DagBag from /home/airflow/.local/lib/python3.12/site-packages/airflow/example_dags/example_xcomargs.py
[2026-06-10T22:50:33.060+0000] {processor.py:840} INFO - DAG(s) 'example_xcom_args', 'example_xcom_args_with_operators' retrieved from /home/airflow/.local/lib/python3.12/site-packages/airflow/example_dags/example_xcomargs.py
[2026-06-10T22:50:33.105+0000] {logging_mixin.py:188} INFO - [2026-06-10T22:50:33.105+0000] {dag.py:3096} INFO - Sync 2 DAGs
[2026-06-10T22:50:33.124+0000] {logging_mixin.py:188} INFO - [2026-06-10T22:50:33.124+0000] {dag.py:3954} INFO - Setting next_dagrun for example_xcom_args to None, run_after=None
[2026-06-10T22:50:33.129+0000] {logging_mixin.py:188} INFO - [2026-06-10T22:50:33.129+0000] {dag.py:3954} INFO - Setting next_dagrun for example_xcom_args_with_operators to None, run_after=None
[2026-06-10T22:50:33.150+0000] {processor.py:183} INFO - Processing /home/airflow/.local/lib/python3.12/site-packages/airflow/example_dags/example_xcomargs.py took 0.113 seconds
[2026-06-10T22:51:04.363+0000] {processor.py:161} INFO - Started process (PID=4279) to work on /home/airflow/.local/lib/python3.12/site-packages/airflow/example_dags/example_xcomargs.py
[2026-06-10T22:51:04.367+0000] {processor.py:830} INFO - Processing file /home/airflow/.local/lib/python3.12/site-packages/airflow/example_dags/example_xcomargs.py for tasks to queue
[2026-06-10T22:51:04.369+0000] {logging_mixin.py:188} INFO - [2026-06-10T22:51:04.368+0000] {dagbag.py:545} INFO - Filling up the DagBag from /home/airflow/.local/lib/python3.12/site-packages/airflow/example_dags/example_xcomargs.py
[2026-06-10T22:51:04.391+0000] {processor.py:840} INFO - DAG(s) 'example_xcom_args_with_operators', 'example_xcom_args' retrieved from /home/airflow/.local/lib/python3.12/site-packages/airflow/example_dags/example_xcomargs.py
[2026-06-10T22:51:04.482+0000] {logging_mixin.py:188} INFO - [2026-06-10T22:51:04.480+0000] {dag.py:3096} INFO - Sync 2 DAGs
[2026-06-10T22:51:04.520+0000] {logging_mixin.py:188} INFO - [2026-06-10T22:51:04.520+0000] {dag.py:3954} INFO - Setting next_dagrun for example_xcom_args to None, run_after=None
[2026-06-10T22:51:04.530+0000] {logging_mixin.py:188} INFO - [2026-06-10T22:51:04.530+0000] {dag.py:3954} INFO - Setting next_dagrun for example_xcom_args_with_operators to None, run_after=None
[2026-06-10T22:51:04.574+0000] {processor.py:183} INFO - Processing /home/airflow/.local/lib/python3.12/site-packages/airflow/example_dags/example_xcomargs.py took 0.228 seconds
[2026-06-10T22:51:35.545+0000] {processor.py:161} INFO - Started process (PID=4340) to work on /home/airflow/.local/lib/python3.12/site-packages/airflow/example_dags/example_xcomargs.py
[2026-06-10T22:51:35.548+0000] {processor.py:830} INFO - Processing file /home/airflow/.local/lib/python3.12/site-packages/airflow/example_dags/example_xcomargs.py for tasks to queue
[2026-06-10T22:51:35.550+0000] {logging_mixin.py:188} INFO - [2026-06-10T22:51:35.550+0000] {dagbag.py:545} INFO - Filling up the DagBag from /home/airflow/.local/lib/python3.12/site-packages/airflow/example_dags/example_xcomargs.py
[2026-06-10T22:51:35.561+0000] {processor.py:840} INFO - DAG(s) 'example_xcom_args_with_operators', 'example_xcom_args' retrieved from /home/airflow/.local/lib/python3.12/site-packages/airflow/example_dags/example_xcomargs.py
[2026-06-10T22:51:35.601+0000] {logging_mixin.py:188} INFO - [2026-06-10T22:51:35.601+0000] {dag.py:3096} INFO - Sync 2 DAGs
[2026-06-10T22:51:35.618+0000] {logging_mixin.py:188} INFO - [2026-06-10T22:51:35.618+0000] {dag.py:3954} INFO - Setting next_dagrun for example_xcom_args to None, run_after=None
[2026-06-10T22:51:35.623+0000] {logging_mixin.py:188} INFO - [2026-06-10T22:51:35.623+0000] {dag.py:3954} INFO - Setting next_dagrun for example_xcom_args_with_operators to None, run_after=None
[2026-06-10T22:51:35.644+0000] {processor.py:183} INFO - Processing /home/airflow/.local/lib/python3.12/site-packages/airflow/example_dags/example_xcomargs.py took 0.112 seconds
[2026-06-10T22:52:06.685+0000] {processor.py:161} INFO - Started process (PID=4401) to work on /home/airflow/.local/lib/python3.12/site-packages/airflow/example_dags/example_xcomargs.py
[2026-06-10T22:52:06.686+0000] {processor.py:830} INFO - Processing file /home/airflow/.local/lib/python3.12/site-packages/airflow/example_dags/example_xcomargs.py for tasks to queue
[2026-06-10T22:52:06.687+0000] {logging_mixin.py:188} INFO - [2026-06-10T22:52:06.687+0000] {dagbag.py:545} INFO - Filling up the DagBag from /home/airflow/.local/lib/python3.12/site-packages/airflow/example_dags/example_xcomargs.py
[2026-06-10T22:52:06.697+0000] {processor.py:840} INFO - DAG(s) 'example_xcom_args_with_operators', 'example_xcom_args' retrieved from /home/airflow/.local/lib/python3.12/site-packages/airflow/example_dags/example_xcomargs.py
[2026-06-10T22:52:06.726+0000] {logging_mixin.py:188} INFO - [2026-06-10T22:52:06.726+0000] {dag.py:3096} INFO - Sync 2 DAGs
[2026-06-10T22:52:06.744+0000] {logging_mixin.py:188} INFO - [2026-06-10T22:52:06.744+0000] {dag.py:3954} INFO - Setting next_dagrun for example_xcom_args to None, run_after=None
[2026-06-10T22:52:06.749+0000] {logging_mixin.py:188} INFO - [2026-06-10T22:52:06.749+0000] {dag.py:3954} INFO - Setting next_dagrun for example_xcom_args_with_operators to None, run_after=None
[2026-06-10T22:52:06.766+0000] {processor.py:183} INFO - Processing /home/airflow/.local/lib/python3.12/site-packages/airflow/example_dags/example_xcomargs.py took 0.089 seconds
[2026-06-10T22:52:37.421+0000] {processor.py:161} INFO - Started process (PID=4462) to work on /home/airflow/.local/lib/python3.12/site-packages/airflow/example_dags/example_xcomargs.py
[2026-06-10T22:52:37.423+0000] {processor.py:830} INFO - Processing file /home/airflow/.local/lib/python3.12/site-packages/airflow/example_dags/example_xcomargs.py for tasks to queue
[2026-06-10T22:52:37.425+0000] {logging_mixin.py:188} INFO - [2026-06-10T22:52:37.424+0000] {dagbag.py:545} INFO - Filling up the DagBag from /home/airflow/.local/lib/python3.12/site-packages/airflow/example_dags/example_xcomargs.py
[2026-06-10T22:52:37.436+0000] {processor.py:840} INFO - DAG(s) 'example_xcom_args_with_operators', 'example_xcom_args' retrieved from /home/airflow/.local/lib/python3.12/site-packages/airflow/example_dags/example_xcomargs.py
[2026-06-10T22:52:37.476+0000] {logging_mixin.py:188} INFO - [2026-06-10T22:52:37.476+0000] {dag.py:3096} INFO - Sync 2 DAGs
[2026-06-10T22:52:37.577+0000] {logging_mixin.py:188} INFO - [2026-06-10T22:52:37.577+0000] {dag.py:3954} INFO - Setting next_dagrun for example_xcom_args to None, run_after=None
[2026-06-10T22:52:37.601+0000] {logging_mixin.py:188} INFO - [2026-06-10T22:52:37.601+0000] {dag.py:3954} INFO - Setting next_dagrun for example_xcom_args_with_operators to None, run_after=None
[2026-06-10T22:52:37.698+0000] {processor.py:183} INFO - Processing /home/airflow/.local/lib/python3.12/site-packages/airflow/example_dags/example_xcomargs.py took 0.286 seconds
[2026-06-10T22:53:07.780+0000] {processor.py:161} INFO - Started process (PID=4523) to work on /home/airflow/.local/lib/python3.12/site-packages/airflow/example_dags/example_xcomargs.py
[2026-06-10T22:53:07.795+0000] {processor.py:830} INFO - Processing file /home/airflow/.local/lib/python3.12/site-packages/airflow/example_dags/example_xcomargs.py for tasks to queue
[2026-06-10T22:53:07.800+0000] {logging_mixin.py:188} INFO - [2026-06-10T22:53:07.800+0000] {dagbag.py:545} INFO - Filling up the DagBag from /home/airflow/.local/lib/python3.12/site-packages/airflow/example_dags/example_xcomargs.py
[2026-06-10T22:53:07.856+0000] {processor.py:840} INFO - DAG(s) 'example_xcom_args_with_operators', 'example_xcom_args' retrieved from /home/airflow/.local/lib/python3.12/site-packages/airflow/example_dags/example_xcomargs.py
[2026-06-10T22:53:07.939+0000] {logging_mixin.py:188} INFO - [2026-06-10T22:53:07.939+0000] {dag.py:3096} INFO - Sync 2 DAGs
[2026-06-10T22:53:07.997+0000] {logging_mixin.py:188} INFO - [2026-06-10T22:53:07.996+0000] {dag.py:3954} INFO - Setting next_dagrun for example_xcom_args to None, run_after=None
[2026-06-10T22:53:08.005+0000] {logging_mixin.py:188} INFO - [2026-06-10T22:53:08.005+0000] {dag.py:3954} INFO - Setting next_dagrun for example_xcom_args_with_operators to None, run_after=None
[2026-06-10T22:53:08.039+0000] {processor.py:183} INFO - Processing /home/airflow/.local/lib/python3.12/site-packages/airflow/example_dags/example_xcomargs.py took 0.274 seconds
[2026-06-10T22:53:38.576+0000] {processor.py:161} INFO - Started process (PID=4584) to work on /home/airflow/.local/lib/python3.12/site-packages/airflow/example_dags/example_xcomargs.py
[2026-06-10T22:53:38.578+0000] {processor.py:830} INFO - Processing file /home/airflow/.local/lib/python3.12/site-packages/airflow/example_dags/example_xcomargs.py for tasks to queue
[2026-06-10T22:53:38.580+0000] {logging_mixin.py:188} INFO - [2026-06-10T22:53:38.579+0000] {dagbag.py:545} INFO - Filling up the DagBag from /home/airflow/.local/lib/python3.12/site-packages/airflow/example_dags/example_xcomargs.py
[2026-06-10T22:53:38.590+0000] {processor.py:840} INFO - DAG(s) 'example_xcom_args_with_operators', 'example_xcom_args' retrieved from /home/airflow/.local/lib/python3.12/site-packages/airflow/example_dags/example_xcomargs.py
[2026-06-10T22:53:38.630+0000] {logging_mixin.py:188} INFO - [2026-06-10T22:53:38.629+0000] {dag.py:3096} INFO - Sync 2 DAGs
[2026-06-10T22:53:38.648+0000] {logging_mixin.py:188} INFO - [2026-06-10T22:53:38.648+0000] {dag.py:3954} INFO - Setting next_dagrun for example_xcom_args to None, run_after=None
[2026-06-10T22:53:38.653+0000] {logging_mixin.py:188} INFO - [2026-06-10T22:53:38.653+0000] {dag.py:3954} INFO - Setting next_dagrun for example_xcom_args_with_operators to None, run_after=None
[2026-06-10T22:53:38.673+0000] {processor.py:183} INFO - Processing /home/airflow/.local/lib/python3.12/site-packages/airflow/example_dags/example_xcomargs.py took 0.105 seconds
[2026-06-10T22:54:09.173+0000] {processor.py:161} INFO - Started process (PID=4645) to work on /home/airflow/.local/lib/python3.12/site-packages/airflow/example_dags/example_xcomargs.py
[2026-06-10T22:54:09.182+0000] {processor.py:830} INFO - Processing file /home/airflow/.local/lib/python3.12/site-packages/airflow/example_dags/example_xcomargs.py for tasks to queue
[2026-06-10T22:54:09.185+0000] {logging_mixin.py:188} INFO - [2026-06-10T22:54:09.185+0000] {dagbag.py:545} INFO - Filling up the DagBag from /home/airflow/.local/lib/python3.12/site-packages/airflow/example_dags/example_xcomargs.py
[2026-06-10T22:54:09.198+0000] {processor.py:840} INFO - DAG(s) 'example_xcom_args', 'example_xcom_args_with_operators' retrieved from /home/airflow/.local/lib/python3.12/site-packages/airflow/example_dags/example_xcomargs.py
[2026-06-10T22:54:09.233+0000] {logging_mixin.py:188} INFO - [2026-06-10T22:54:09.232+0000] {dag.py:3096} INFO - Sync 2 DAGs
[2026-06-10T22:54:09.265+0000] {logging_mixin.py:188} INFO - [2026-06-10T22:54:09.265+0000] {dag.py:3954} INFO - Setting next_dagrun for example_xcom_args to None, run_after=None
[2026-06-10T22:54:09.288+0000] {logging_mixin.py:188} INFO - [2026-06-10T22:54:09.288+0000] {dag.py:3954} INFO - Setting next_dagrun for example_xcom_args_with_operators to None, run_after=None
[2026-06-10T22:54:09.326+0000] {processor.py:183} INFO - Processing /home/airflow/.local/lib/python3.12/site-packages/airflow/example_dags/example_xcomargs.py took 0.164 seconds
[2026-06-10T22:54:39.925+0000] {processor.py:161} INFO - Started process (PID=4706) to work on /home/airflow/.local/lib/python3.12/site-packages/airflow/example_dags/example_xcomargs.py
[2026-06-10T22:54:39.927+0000] {processor.py:830} INFO - Processing file /home/airflow/.local/lib/python3.12/site-packages/airflow/example_dags/example_xcomargs.py for tasks to queue
[2026-06-10T22:54:39.933+0000] {logging_mixin.py:188} INFO - [2026-06-10T22:54:39.933+0000] {dagbag.py:545} INFO - Filling up the DagBag from /home/airflow/.local/lib/python3.12/site-packages/airflow/example_dags/example_xcomargs.py
[2026-06-10T22:54:39.956+0000] {processor.py:840} INFO - DAG(s) 'example_xcom_args_with_operators', 'example_xcom_args' retrieved from /home/airflow/.local/lib/python3.12/site-packages/airflow/example_dags/example_xcomargs.py
[2026-06-10T22:54:40.022+0000] {logging_mixin.py:188} INFO - [2026-06-10T22:54:40.021+0000] {dag.py:3096} INFO - Sync 2 DAGs
[2026-06-10T22:54:40.048+0000] {logging_mixin.py:188} INFO - [2026-06-10T22:54:40.047+0000] {dag.py:3954} INFO - Setting next_dagrun for example_xcom_args to None, run_after=None
[2026-06-10T22:54:40.053+0000] {logging_mixin.py:188} INFO - [2026-06-10T22:54:40.053+0000] {dag.py:3954} INFO - Setting next_dagrun for example_xcom_args_with_operators to None, run_after=None
[2026-06-10T22:54:40.082+0000] {processor.py:183} INFO - Processing /home/airflow/.local/lib/python3.12/site-packages/airflow/example_dags/example_xcomargs.py took 0.171 seconds
[2026-06-10T22:55:10.538+0000] {processor.py:161} INFO - Started process (PID=4766) to work on /home/airflow/.local/lib/python3.12/site-packages/airflow/example_dags/example_xcomargs.py
[2026-06-10T22:55:10.541+0000] {processor.py:830} INFO - Processing file /home/airflow/.local/lib/python3.12/site-packages/airflow/example_dags/example_xcomargs.py for tasks to queue
[2026-06-10T22:55:10.542+0000] {logging_mixin.py:188} INFO - [2026-06-10T22:55:10.542+0000] {dagbag.py:545} INFO - Filling up the DagBag from /home/airflow/.local/lib/python3.12/site-packages/airflow/example_dags/example_xcomargs.py
[2026-06-10T22:55:10.557+0000] {processor.py:840} INFO - DAG(s) 'example_xcom_args', 'example_xcom_args_with_operators' retrieved from /home/airflow/.local/lib/python3.12/site-packages/airflow/example_dags/example_xcomargs.py
[2026-06-10T22:55:10.587+0000] {logging_mixin.py:188} INFO - [2026-06-10T22:55:10.587+0000] {dag.py:3096} INFO - Sync 2 DAGs
[2026-06-10T22:55:10.598+0000] {logging_mixin.py:188} INFO - [2026-06-10T22:55:10.598+0000] {dag.py:3954} INFO - Setting next_dagrun for example_xcom_args to None, run_after=None
[2026-06-10T22:55:10.602+0000] {logging_mixin.py:188} INFO - [2026-06-10T22:55:10.601+0000] {dag.py:3954} INFO - Setting next_dagrun for example_xcom_args_with_operators to None, run_after=None
[2026-06-10T22:55:10.615+0000] {processor.py:183} INFO - Processing /home/airflow/.local/lib/python3.12/site-packages/airflow/example_dags/example_xcomargs.py took 0.084 seconds
[2026-06-10T22:55:41.655+0000] {processor.py:161} INFO - Started process (PID=4827) to work on /home/airflow/.local/lib/python3.12/site-packages/airflow/example_dags/example_xcomargs.py
[2026-06-10T22:55:41.657+0000] {processor.py:830} INFO - Processing file /home/airflow/.local/lib/python3.12/site-packages/airflow/example_dags/example_xcomargs.py for tasks to queue
[2026-06-10T22:55:41.659+0000] {logging_mixin.py:188} INFO - [2026-06-10T22:55:41.658+0000] {dagbag.py:545} INFO - Filling up the DagBag from /home/airflow/.local/lib/python3.12/site-packages/airflow/example_dags/example_xcomargs.py
[2026-06-10T22:55:41.667+0000] {processor.py:840} INFO - DAG(s) 'example_xcom_args', 'example_xcom_args_with_operators' retrieved from /home/airflow/.local/lib/python3.12/site-packages/airflow/example_dags/example_xcomargs.py
[2026-06-10T22:55:41.692+0000] {logging_mixin.py:188} INFO - [2026-06-10T22:55:41.692+0000] {dag.py:3096} INFO - Sync 2 DAGs
[2026-06-10T22:55:41.704+0000] {logging_mixin.py:188} INFO - [2026-06-10T22:55:41.703+0000] {dag.py:3954} INFO - Setting next_dagrun for example_xcom_args to None, run_after=None
[2026-06-10T22:55:41.707+0000] {logging_mixin.py:188} INFO - [2026-06-10T22:55:41.707+0000] {dag.py:3954} INFO - Setting next_dagrun for example_xcom_args_with_operators to None, run_after=None
[2026-06-10T22:55:41.720+0000] {processor.py:183} INFO - Processing /home/airflow/.local/lib/python3.12/site-packages/airflow/example_dags/example_xcomargs.py took 0.071 seconds
[2026-06-10T22:56:12.305+0000] {processor.py:161} INFO - Started process (PID=4888) to work on /home/airflow/.local/lib/python3.12/site-packages/airflow/example_dags/example_xcomargs.py
[2026-06-10T22:56:12.309+0000] {processor.py:830} INFO - Processing file /home/airflow/.local/lib/python3.12/site-packages/airflow/example_dags/example_xcomargs.py for tasks to queue
[2026-06-10T22:56:12.311+0000] {logging_mixin.py:188} INFO - [2026-06-10T22:56:12.311+0000] {dagbag.py:545} INFO - Filling up the DagBag from /home/airflow/.local/lib/python3.12/site-packages/airflow/example_dags/example_xcomargs.py
[2026-06-10T22:56:12.321+0000] {processor.py:840} INFO - DAG(s) 'example_xcom_args', 'example_xcom_args_with_operators' retrieved from /home/airflow/.local/lib/python3.12/site-packages/airflow/example_dags/example_xcomargs.py
[2026-06-10T22:56:12.358+0000] {logging_mixin.py:188} INFO - [2026-06-10T22:56:12.358+0000] {dag.py:3096} INFO - Sync 2 DAGs
[2026-06-10T22:56:12.376+0000] {logging_mixin.py:188} INFO - [2026-06-10T22:56:12.375+0000] {dag.py:3954} INFO - Setting next_dagrun for example_xcom_args to None, run_after=None
[2026-06-10T22:56:12.381+0000] {logging_mixin.py:188} INFO - [2026-06-10T22:56:12.381+0000] {dag.py:3954} INFO - Setting next_dagrun for example_xcom_args_with_operators to None, run_after=None
[2026-06-10T22:56:12.426+0000] {processor.py:183} INFO - Processing /home/airflow/.local/lib/python3.12/site-packages/airflow/example_dags/example_xcomargs.py took 0.130 seconds
[2026-06-10T22:56:43.034+0000] {processor.py:161} INFO - Started process (PID=4947) to work on /home/airflow/.local/lib/python3.12/site-packages/airflow/example_dags/example_xcomargs.py
[2026-06-10T22:56:43.038+0000] {processor.py:830} INFO - Processing file /home/airflow/.local/lib/python3.12/site-packages/airflow/example_dags/example_xcomargs.py for tasks to queue
[2026-06-10T22:56:43.046+0000] {logging_mixin.py:188} INFO - [2026-06-10T22:56:43.045+0000] {dagbag.py:545} INFO - Filling up the DagBag from /home/airflow/.local/lib/python3.12/site-packages/airflow/example_dags/example_xcomargs.py
[2026-06-10T22:56:43.092+0000] {processor.py:840} INFO - DAG(s) 'example_xcom_args', 'example_xcom_args_with_operators' retrieved from /home/airflow/.local/lib/python3.12/site-packages/airflow/example_dags/example_xcomargs.py
[2026-06-10T22:56:43.139+0000] {logging_mixin.py:188} INFO - [2026-06-10T22:56:43.138+0000] {dag.py:3096} INFO - Sync 2 DAGs
[2026-06-10T22:56:43.158+0000] {logging_mixin.py:188} INFO - [2026-06-10T22:56:43.158+0000] {dag.py:3954} INFO - Setting next_dagrun for example_xcom_args to None, run_after=None
[2026-06-10T22:56:43.163+0000] {logging_mixin.py:188} INFO - [2026-06-10T22:56:43.162+0000] {dag.py:3954} INFO - Setting next_dagrun for example_xcom_args_with_operators to None, run_after=None
[2026-06-10T22:56:43.181+0000] {processor.py:183} INFO - Processing /home/airflow/.local/lib/python3.12/site-packages/airflow/example_dags/example_xcomargs.py took 0.167 seconds
[2026-06-10T22:57:14.112+0000] {processor.py:161} INFO - Started process (PID=5007) to work on /home/airflow/.local/lib/python3.12/site-packages/airflow/example_dags/example_xcomargs.py
[2026-06-10T22:57:14.113+0000] {processor.py:830} INFO - Processing file /home/airflow/.local/lib/python3.12/site-packages/airflow/example_dags/example_xcomargs.py for tasks to queue
[2026-06-10T22:57:14.115+0000] {logging_mixin.py:188} INFO - [2026-06-10T22:57:14.114+0000] {dagbag.py:545} INFO - Filling up the DagBag from /home/airflow/.local/lib/python3.12/site-packages/airflow/example_dags/example_xcomargs.py
[2026-06-10T22:57:14.127+0000] {processor.py:840} INFO - DAG(s) 'example_xcom_args', 'example_xcom_args_with_operators' retrieved from /home/airflow/.local/lib/python3.12/site-packages/airflow/example_dags/example_xcomargs.py
[2026-06-10T22:57:14.160+0000] {logging_mixin.py:188} INFO - [2026-06-10T22:57:14.159+0000] {dag.py:3096} INFO - Sync 2 DAGs
[2026-06-10T22:57:14.179+0000] {logging_mixin.py:188} INFO - [2026-06-10T22:57:14.179+0000] {dag.py:3954} INFO - Setting next_dagrun for example_xcom_args to None, run_after=None
[2026-06-10T22:57:14.184+0000] {logging_mixin.py:188} INFO - [2026-06-10T22:57:14.183+0000] {dag.py:3954} INFO - Setting next_dagrun for example_xcom_args_with_operators to None, run_after=None
[2026-06-10T22:57:14.201+0000] {processor.py:183} INFO - Processing /home/airflow/.local/lib/python3.12/site-packages/airflow/example_dags/example_xcomargs.py took 0.097 seconds
[2026-06-10T22:57:45.359+0000] {processor.py:161} INFO - Started process (PID=5068) to work on /home/airflow/.local/lib/python3.12/site-packages/airflow/example_dags/example_xcomargs.py
[2026-06-10T22:57:45.376+0000] {processor.py:830} INFO - Processing file /home/airflow/.local/lib/python3.12/site-packages/airflow/example_dags/example_xcomargs.py for tasks to queue
[2026-06-10T22:57:45.381+0000] {logging_mixin.py:188} INFO - [2026-06-10T22:57:45.380+0000] {dagbag.py:545} INFO - Filling up the DagBag from /home/airflow/.local/lib/python3.12/site-packages/airflow/example_dags/example_xcomargs.py
[2026-06-10T22:57:45.404+0000] {processor.py:840} INFO - DAG(s) 'example_xcom_args', 'example_xcom_args_with_operators' retrieved from /home/airflow/.local/lib/python3.12/site-packages/airflow/example_dags/example_xcomargs.py
[2026-06-10T22:57:45.468+0000] {logging_mixin.py:188} INFO - [2026-06-10T22:57:45.468+0000] {dag.py:3096} INFO - Sync 2 DAGs
[2026-06-10T22:57:45.505+0000] {logging_mixin.py:188} INFO - [2026-06-10T22:57:45.504+0000] {dag.py:3954} INFO - Setting next_dagrun for example_xcom_args to None, run_after=None
[2026-06-10T22:57:45.515+0000] {logging_mixin.py:188} INFO - [2026-06-10T22:57:45.514+0000] {dag.py:3954} INFO - Setting next_dagrun for example_xcom_args_with_operators to None, run_after=None
[2026-06-10T22:57:45.547+0000] {processor.py:183} INFO - Processing /home/airflow/.local/lib/python3.12/site-packages/airflow/example_dags/example_xcomargs.py took 0.198 seconds
[2026-06-10T22:58:15.740+0000] {processor.py:161} INFO - Started process (PID=5128) to work on /home/airflow/.local/lib/python3.12/site-packages/airflow/example_dags/example_xcomargs.py
[2026-06-10T22:58:15.741+0000] {processor.py:830} INFO - Processing file /home/airflow/.local/lib/python3.12/site-packages/airflow/example_dags/example_xcomargs.py for tasks to queue
[2026-06-10T22:58:15.743+0000] {logging_mixin.py:188} INFO - [2026-06-10T22:58:15.743+0000] {dagbag.py:545} INFO - Filling up the DagBag from /home/airflow/.local/lib/python3.12/site-packages/airflow/example_dags/example_xcomargs.py
[2026-06-10T22:58:15.754+0000] {processor.py:840} INFO - DAG(s) 'example_xcom_args_with_operators', 'example_xcom_args' retrieved from /home/airflow/.local/lib/python3.12/site-packages/airflow/example_dags/example_xcomargs.py
[2026-06-10T22:58:15.801+0000] {logging_mixin.py:188} INFO - [2026-06-10T22:58:15.801+0000] {dag.py:3096} INFO - Sync 2 DAGs
[2026-06-10T22:58:15.819+0000] {logging_mixin.py:188} INFO - [2026-06-10T22:58:15.819+0000] {dag.py:3954} INFO - Setting next_dagrun for example_xcom_args to None, run_after=None
[2026-06-10T22:58:15.824+0000] {logging_mixin.py:188} INFO - [2026-06-10T22:58:15.824+0000] {dag.py:3954} INFO - Setting next_dagrun for example_xcom_args_with_operators to None, run_after=None
[2026-06-10T22:58:15.843+0000] {processor.py:183} INFO - Processing /home/airflow/.local/lib/python3.12/site-packages/airflow/example_dags/example_xcomargs.py took 0.110 seconds
[2026-06-10T22:58:46.517+0000] {processor.py:161} INFO - Started process (PID=5189) to work on /home/airflow/.local/lib/python3.12/site-packages/airflow/example_dags/example_xcomargs.py
[2026-06-10T22:58:46.520+0000] {processor.py:830} INFO - Processing file /home/airflow/.local/lib/python3.12/site-packages/airflow/example_dags/example_xcomargs.py for tasks to queue
[2026-06-10T22:58:46.528+0000] {logging_mixin.py:188} INFO - [2026-06-10T22:58:46.528+0000] {dagbag.py:545} INFO - Filling up the DagBag from /home/airflow/.local/lib/python3.12/site-packages/airflow/example_dags/example_xcomargs.py
[2026-06-10T22:58:46.581+0000] {processor.py:840} INFO - DAG(s) 'example_xcom_args_with_operators', 'example_xcom_args' retrieved from /home/airflow/.local/lib/python3.12/site-packages/airflow/example_dags/example_xcomargs.py
[2026-06-10T22:58:46.670+0000] {logging_mixin.py:188} INFO - [2026-06-10T22:58:46.670+0000] {dag.py:3096} INFO - Sync 2 DAGs
[2026-06-10T22:58:46.755+0000] {logging_mixin.py:188} INFO - [2026-06-10T22:58:46.753+0000] {dag.py:3954} INFO - Setting next_dagrun for example_xcom_args to None, run_after=None
[2026-06-10T22:58:46.763+0000] {logging_mixin.py:188} INFO - [2026-06-10T22:58:46.763+0000] {dag.py:3954} INFO - Setting next_dagrun for example_xcom_args_with_operators to None, run_after=None
[2026-06-10T22:58:46.797+0000] {processor.py:183} INFO - Processing /home/airflow/.local/lib/python3.12/site-packages/airflow/example_dags/example_xcomargs.py took 0.324 seconds
