[2026-06-10T21:51:20.744+0000] {processor.py:161} INFO - Started process (PID=98) to work on /home/airflow/.local/lib/python3.12/site-packages/airflow/example_dags/example_short_circuit_operator.py
[2026-06-10T21:51:20.752+0000] {processor.py:830} INFO - Processing file /home/airflow/.local/lib/python3.12/site-packages/airflow/example_dags/example_short_circuit_operator.py for tasks to queue
[2026-06-10T21:51:20.764+0000] {logging_mixin.py:188} INFO - [2026-06-10T21:51:20.764+0000] {dagbag.py:545} INFO - Filling up the DagBag from /home/airflow/.local/lib/python3.12/site-packages/airflow/example_dags/example_short_circuit_operator.py
[2026-06-10T21:51:20.840+0000] {processor.py:840} INFO - DAG(s) 'example_short_circuit_operator' retrieved from /home/airflow/.local/lib/python3.12/site-packages/airflow/example_dags/example_short_circuit_operator.py
[2026-06-10T21:51:21.213+0000] {logging_mixin.py:188} INFO - [2026-06-10T21:51:21.213+0000] {override.py:1829} INFO - Created Permission View: can edit on DAG:example_short_circuit_operator
[2026-06-10T21:51:21.266+0000] {logging_mixin.py:188} INFO - [2026-06-10T21:51:21.263+0000] {override.py:1829} INFO - Created Permission View: can read on DAG:example_short_circuit_operator
[2026-06-10T21:51:21.303+0000] {logging_mixin.py:188} INFO - [2026-06-10T21:51:21.303+0000] {override.py:1829} INFO - Created Permission View: can delete on DAG:example_short_circuit_operator
[2026-06-10T21:51:21.304+0000] {logging_mixin.py:188} INFO - [2026-06-10T21:51:21.304+0000] {dag.py:3096} INFO - Sync 1 DAGs
[2026-06-10T21:51:21.356+0000] {logging_mixin.py:188} INFO - [2026-06-10T21:51:21.356+0000] {dag.py:3118} INFO - Creating ORM DAG for example_short_circuit_operator
[2026-06-10T21:51:21.402+0000] {logging_mixin.py:188} INFO - [2026-06-10T21:51:21.402+0000] {dag.py:3954} INFO - Setting next_dagrun for example_short_circuit_operator to 2026-06-09 00:00:00+00:00, run_after=2026-06-10 00:00:00+00:00
[2026-06-10T21:51:21.463+0000] {processor.py:183} INFO - Processing /home/airflow/.local/lib/python3.12/site-packages/airflow/example_dags/example_short_circuit_operator.py took 0.786 seconds
[2026-06-10T21:51:52.232+0000] {processor.py:161} INFO - Started process (PID=158) to work on /home/airflow/.local/lib/python3.12/site-packages/airflow/example_dags/example_short_circuit_operator.py
[2026-06-10T21:51:52.235+0000] {processor.py:830} INFO - Processing file /home/airflow/.local/lib/python3.12/site-packages/airflow/example_dags/example_short_circuit_operator.py for tasks to queue
[2026-06-10T21:51:52.238+0000] {logging_mixin.py:188} INFO - [2026-06-10T21:51:52.237+0000] {dagbag.py:545} INFO - Filling up the DagBag from /home/airflow/.local/lib/python3.12/site-packages/airflow/example_dags/example_short_circuit_operator.py
[2026-06-10T21:51:52.275+0000] {processor.py:840} INFO - DAG(s) 'example_short_circuit_operator' retrieved from /home/airflow/.local/lib/python3.12/site-packages/airflow/example_dags/example_short_circuit_operator.py
[2026-06-10T21:51:52.380+0000] {logging_mixin.py:188} INFO - [2026-06-10T21:51:52.379+0000] {dag.py:3096} INFO - Sync 1 DAGs
[2026-06-10T21:51:52.454+0000] {logging_mixin.py:188} INFO - [2026-06-10T21:51:52.454+0000] {dag.py:3954} INFO - Setting next_dagrun for example_short_circuit_operator to 2026-06-09 00:00:00+00:00, run_after=2026-06-10 00:00:00+00:00
[2026-06-10T21:51:52.512+0000] {processor.py:183} INFO - Processing /home/airflow/.local/lib/python3.12/site-packages/airflow/example_dags/example_short_circuit_operator.py took 0.286 seconds
[2026-06-10T21:52:23.122+0000] {processor.py:161} INFO - Started process (PID=216) to work on /home/airflow/.local/lib/python3.12/site-packages/airflow/example_dags/example_short_circuit_operator.py
[2026-06-10T21:52:23.123+0000] {processor.py:830} INFO - Processing file /home/airflow/.local/lib/python3.12/site-packages/airflow/example_dags/example_short_circuit_operator.py for tasks to queue
[2026-06-10T21:52:23.125+0000] {logging_mixin.py:188} INFO - [2026-06-10T21:52:23.125+0000] {dagbag.py:545} INFO - Filling up the DagBag from /home/airflow/.local/lib/python3.12/site-packages/airflow/example_dags/example_short_circuit_operator.py
[2026-06-10T21:52:23.134+0000] {processor.py:840} INFO - DAG(s) 'example_short_circuit_operator' retrieved from /home/airflow/.local/lib/python3.12/site-packages/airflow/example_dags/example_short_circuit_operator.py
[2026-06-10T21:52:23.162+0000] {logging_mixin.py:188} INFO - [2026-06-10T21:52:23.162+0000] {dag.py:3096} INFO - Sync 1 DAGs
[2026-06-10T21:52:23.190+0000] {logging_mixin.py:188} INFO - [2026-06-10T21:52:23.190+0000] {dag.py:3954} INFO - Setting next_dagrun for example_short_circuit_operator to 2026-06-09 00:00:00+00:00, run_after=2026-06-10 00:00:00+00:00
[2026-06-10T21:52:23.213+0000] {processor.py:183} INFO - Processing /home/airflow/.local/lib/python3.12/site-packages/airflow/example_dags/example_short_circuit_operator.py took 0.098 seconds
[2026-06-10T21:52:53.335+0000] {processor.py:161} INFO - Started process (PID=275) to work on /home/airflow/.local/lib/python3.12/site-packages/airflow/example_dags/example_short_circuit_operator.py
[2026-06-10T21:52:53.335+0000] {processor.py:830} INFO - Processing file /home/airflow/.local/lib/python3.12/site-packages/airflow/example_dags/example_short_circuit_operator.py for tasks to queue
[2026-06-10T21:52:53.338+0000] {logging_mixin.py:188} INFO - [2026-06-10T21:52:53.337+0000] {dagbag.py:545} INFO - Filling up the DagBag from /home/airflow/.local/lib/python3.12/site-packages/airflow/example_dags/example_short_circuit_operator.py
[2026-06-10T21:52:53.361+0000] {processor.py:840} INFO - DAG(s) 'example_short_circuit_operator' retrieved from /home/airflow/.local/lib/python3.12/site-packages/airflow/example_dags/example_short_circuit_operator.py
[2026-06-10T21:52:53.392+0000] {logging_mixin.py:188} INFO - [2026-06-10T21:52:53.391+0000] {dag.py:3096} INFO - Sync 1 DAGs
[2026-06-10T21:52:53.424+0000] {logging_mixin.py:188} INFO - [2026-06-10T21:52:53.424+0000] {dag.py:3954} INFO - Setting next_dagrun for example_short_circuit_operator to 2026-06-09 00:00:00+00:00, run_after=2026-06-10 00:00:00+00:00
[2026-06-10T21:52:53.465+0000] {processor.py:183} INFO - Processing /home/airflow/.local/lib/python3.12/site-packages/airflow/example_dags/example_short_circuit_operator.py took 0.140 seconds
[2026-06-10T21:53:24.390+0000] {processor.py:161} INFO - Started process (PID=334) to work on /home/airflow/.local/lib/python3.12/site-packages/airflow/example_dags/example_short_circuit_operator.py
[2026-06-10T21:53:24.393+0000] {processor.py:830} INFO - Processing file /home/airflow/.local/lib/python3.12/site-packages/airflow/example_dags/example_short_circuit_operator.py for tasks to queue
[2026-06-10T21:53:24.398+0000] {logging_mixin.py:188} INFO - [2026-06-10T21:53:24.398+0000] {dagbag.py:545} INFO - Filling up the DagBag from /home/airflow/.local/lib/python3.12/site-packages/airflow/example_dags/example_short_circuit_operator.py
[2026-06-10T21:53:24.419+0000] {processor.py:840} INFO - DAG(s) 'example_short_circuit_operator' retrieved from /home/airflow/.local/lib/python3.12/site-packages/airflow/example_dags/example_short_circuit_operator.py
[2026-06-10T21:53:24.491+0000] {logging_mixin.py:188} INFO - [2026-06-10T21:53:24.486+0000] {dag.py:3096} INFO - Sync 1 DAGs
[2026-06-10T21:53:24.554+0000] {logging_mixin.py:188} INFO - [2026-06-10T21:53:24.554+0000] {dag.py:3954} INFO - Setting next_dagrun for example_short_circuit_operator to 2026-06-09 00:00:00+00:00, run_after=2026-06-10 00:00:00+00:00
[2026-06-10T21:53:24.597+0000] {processor.py:183} INFO - Processing /home/airflow/.local/lib/python3.12/site-packages/airflow/example_dags/example_short_circuit_operator.py took 0.235 seconds
[2026-06-10T21:53:55.441+0000] {processor.py:161} INFO - Started process (PID=394) to work on /home/airflow/.local/lib/python3.12/site-packages/airflow/example_dags/example_short_circuit_operator.py
[2026-06-10T21:53:55.446+0000] {processor.py:830} INFO - Processing file /home/airflow/.local/lib/python3.12/site-packages/airflow/example_dags/example_short_circuit_operator.py for tasks to queue
[2026-06-10T21:53:55.450+0000] {logging_mixin.py:188} INFO - [2026-06-10T21:53:55.450+0000] {dagbag.py:545} INFO - Filling up the DagBag from /home/airflow/.local/lib/python3.12/site-packages/airflow/example_dags/example_short_circuit_operator.py
[2026-06-10T21:53:55.484+0000] {processor.py:840} INFO - DAG(s) 'example_short_circuit_operator' retrieved from /home/airflow/.local/lib/python3.12/site-packages/airflow/example_dags/example_short_circuit_operator.py
[2026-06-10T21:53:55.668+0000] {logging_mixin.py:188} INFO - [2026-06-10T21:53:55.668+0000] {dag.py:3096} INFO - Sync 1 DAGs
[2026-06-10T21:53:55.885+0000] {logging_mixin.py:188} INFO - [2026-06-10T21:53:55.885+0000] {dag.py:3954} INFO - Setting next_dagrun for example_short_circuit_operator to 2026-06-09 00:00:00+00:00, run_after=2026-06-10 00:00:00+00:00
[2026-06-10T21:53:55.963+0000] {processor.py:183} INFO - Processing /home/airflow/.local/lib/python3.12/site-packages/airflow/example_dags/example_short_circuit_operator.py took 0.561 seconds
[2026-06-10T21:54:26.566+0000] {processor.py:161} INFO - Started process (PID=453) to work on /home/airflow/.local/lib/python3.12/site-packages/airflow/example_dags/example_short_circuit_operator.py
[2026-06-10T21:54:26.567+0000] {processor.py:830} INFO - Processing file /home/airflow/.local/lib/python3.12/site-packages/airflow/example_dags/example_short_circuit_operator.py for tasks to queue
[2026-06-10T21:54:26.569+0000] {logging_mixin.py:188} INFO - [2026-06-10T21:54:26.568+0000] {dagbag.py:545} INFO - Filling up the DagBag from /home/airflow/.local/lib/python3.12/site-packages/airflow/example_dags/example_short_circuit_operator.py
[2026-06-10T21:54:26.579+0000] {processor.py:840} INFO - DAG(s) 'example_short_circuit_operator' retrieved from /home/airflow/.local/lib/python3.12/site-packages/airflow/example_dags/example_short_circuit_operator.py
[2026-06-10T21:54:26.609+0000] {logging_mixin.py:188} INFO - [2026-06-10T21:54:26.609+0000] {dag.py:3096} INFO - Sync 1 DAGs
[2026-06-10T21:54:26.642+0000] {logging_mixin.py:188} INFO - [2026-06-10T21:54:26.641+0000] {dag.py:3954} INFO - Setting next_dagrun for example_short_circuit_operator to 2026-06-09 00:00:00+00:00, run_after=2026-06-10 00:00:00+00:00
[2026-06-10T21:54:26.663+0000] {processor.py:183} INFO - Processing /home/airflow/.local/lib/python3.12/site-packages/airflow/example_dags/example_short_circuit_operator.py took 0.106 seconds
[2026-06-10T21:54:57.141+0000] {processor.py:161} INFO - Started process (PID=514) to work on /home/airflow/.local/lib/python3.12/site-packages/airflow/example_dags/example_short_circuit_operator.py
[2026-06-10T21:54:57.144+0000] {processor.py:830} INFO - Processing file /home/airflow/.local/lib/python3.12/site-packages/airflow/example_dags/example_short_circuit_operator.py for tasks to queue
[2026-06-10T21:54:57.150+0000] {logging_mixin.py:188} INFO - [2026-06-10T21:54:57.149+0000] {dagbag.py:545} INFO - Filling up the DagBag from /home/airflow/.local/lib/python3.12/site-packages/airflow/example_dags/example_short_circuit_operator.py
[2026-06-10T21:54:57.189+0000] {processor.py:840} INFO - DAG(s) 'example_short_circuit_operator' retrieved from /home/airflow/.local/lib/python3.12/site-packages/airflow/example_dags/example_short_circuit_operator.py
[2026-06-10T21:54:57.285+0000] {logging_mixin.py:188} INFO - [2026-06-10T21:54:57.284+0000] {dag.py:3096} INFO - Sync 1 DAGs
[2026-06-10T21:54:57.330+0000] {logging_mixin.py:188} INFO - [2026-06-10T21:54:57.330+0000] {dag.py:3954} INFO - Setting next_dagrun for example_short_circuit_operator to 2026-06-09 00:00:00+00:00, run_after=2026-06-10 00:00:00+00:00
[2026-06-10T21:54:57.387+0000] {processor.py:183} INFO - Processing /home/airflow/.local/lib/python3.12/site-packages/airflow/example_dags/example_short_circuit_operator.py took 0.266 seconds
[2026-06-10T21:55:27.980+0000] {processor.py:161} INFO - Started process (PID=574) to work on /home/airflow/.local/lib/python3.12/site-packages/airflow/example_dags/example_short_circuit_operator.py
[2026-06-10T21:55:27.982+0000] {processor.py:830} INFO - Processing file /home/airflow/.local/lib/python3.12/site-packages/airflow/example_dags/example_short_circuit_operator.py for tasks to queue
[2026-06-10T21:55:27.984+0000] {logging_mixin.py:188} INFO - [2026-06-10T21:55:27.984+0000] {dagbag.py:545} INFO - Filling up the DagBag from /home/airflow/.local/lib/python3.12/site-packages/airflow/example_dags/example_short_circuit_operator.py
[2026-06-10T21:55:27.994+0000] {processor.py:840} INFO - DAG(s) 'example_short_circuit_operator' retrieved from /home/airflow/.local/lib/python3.12/site-packages/airflow/example_dags/example_short_circuit_operator.py
[2026-06-10T21:55:28.023+0000] {logging_mixin.py:188} INFO - [2026-06-10T21:55:28.023+0000] {dag.py:3096} INFO - Sync 1 DAGs
[2026-06-10T21:55:28.052+0000] {logging_mixin.py:188} INFO - [2026-06-10T21:55:28.052+0000] {dag.py:3954} INFO - Setting next_dagrun for example_short_circuit_operator to 2026-06-09 00:00:00+00:00, run_after=2026-06-10 00:00:00+00:00
[2026-06-10T21:55:28.072+0000] {processor.py:183} INFO - Processing /home/airflow/.local/lib/python3.12/site-packages/airflow/example_dags/example_short_circuit_operator.py took 0.099 seconds
[2026-06-10T21:55:58.857+0000] {processor.py:161} INFO - Started process (PID=634) to work on /home/airflow/.local/lib/python3.12/site-packages/airflow/example_dags/example_short_circuit_operator.py
[2026-06-10T21:55:58.858+0000] {processor.py:830} INFO - Processing file /home/airflow/.local/lib/python3.12/site-packages/airflow/example_dags/example_short_circuit_operator.py for tasks to queue
[2026-06-10T21:55:58.860+0000] {logging_mixin.py:188} INFO - [2026-06-10T21:55:58.860+0000] {dagbag.py:545} INFO - Filling up the DagBag from /home/airflow/.local/lib/python3.12/site-packages/airflow/example_dags/example_short_circuit_operator.py
[2026-06-10T21:55:58.870+0000] {processor.py:840} INFO - DAG(s) 'example_short_circuit_operator' retrieved from /home/airflow/.local/lib/python3.12/site-packages/airflow/example_dags/example_short_circuit_operator.py
[2026-06-10T21:55:58.906+0000] {logging_mixin.py:188} INFO - [2026-06-10T21:55:58.906+0000] {dag.py:3096} INFO - Sync 1 DAGs
[2026-06-10T21:55:58.936+0000] {logging_mixin.py:188} INFO - [2026-06-10T21:55:58.936+0000] {dag.py:3954} INFO - Setting next_dagrun for example_short_circuit_operator to 2026-06-09 00:00:00+00:00, run_after=2026-06-10 00:00:00+00:00
[2026-06-10T21:55:58.974+0000] {processor.py:183} INFO - Processing /home/airflow/.local/lib/python3.12/site-packages/airflow/example_dags/example_short_circuit_operator.py took 0.140 seconds
[2026-06-10T21:56:29.498+0000] {processor.py:161} INFO - Started process (PID=694) to work on /home/airflow/.local/lib/python3.12/site-packages/airflow/example_dags/example_short_circuit_operator.py
[2026-06-10T21:56:29.504+0000] {processor.py:830} INFO - Processing file /home/airflow/.local/lib/python3.12/site-packages/airflow/example_dags/example_short_circuit_operator.py for tasks to queue
[2026-06-10T21:56:29.517+0000] {logging_mixin.py:188} INFO - [2026-06-10T21:56:29.517+0000] {dagbag.py:545} INFO - Filling up the DagBag from /home/airflow/.local/lib/python3.12/site-packages/airflow/example_dags/example_short_circuit_operator.py
[2026-06-10T21:56:29.538+0000] {processor.py:840} INFO - DAG(s) 'example_short_circuit_operator' retrieved from /home/airflow/.local/lib/python3.12/site-packages/airflow/example_dags/example_short_circuit_operator.py
[2026-06-10T21:56:29.570+0000] {logging_mixin.py:188} INFO - [2026-06-10T21:56:29.569+0000] {dag.py:3096} INFO - Sync 1 DAGs
[2026-06-10T21:56:29.601+0000] {logging_mixin.py:188} INFO - [2026-06-10T21:56:29.598+0000] {dag.py:3954} INFO - Setting next_dagrun for example_short_circuit_operator to 2026-06-09 00:00:00+00:00, run_after=2026-06-10 00:00:00+00:00
[2026-06-10T21:56:29.624+0000] {processor.py:183} INFO - Processing /home/airflow/.local/lib/python3.12/site-packages/airflow/example_dags/example_short_circuit_operator.py took 0.147 seconds
[2026-06-10T21:56:59.821+0000] {processor.py:161} INFO - Started process (PID=753) to work on /home/airflow/.local/lib/python3.12/site-packages/airflow/example_dags/example_short_circuit_operator.py
[2026-06-10T21:56:59.824+0000] {processor.py:830} INFO - Processing file /home/airflow/.local/lib/python3.12/site-packages/airflow/example_dags/example_short_circuit_operator.py for tasks to queue
[2026-06-10T21:56:59.827+0000] {logging_mixin.py:188} INFO - [2026-06-10T21:56:59.827+0000] {dagbag.py:545} INFO - Filling up the DagBag from /home/airflow/.local/lib/python3.12/site-packages/airflow/example_dags/example_short_circuit_operator.py
[2026-06-10T21:56:59.837+0000] {processor.py:840} INFO - DAG(s) 'example_short_circuit_operator' retrieved from /home/airflow/.local/lib/python3.12/site-packages/airflow/example_dags/example_short_circuit_operator.py
[2026-06-10T21:56:59.866+0000] {logging_mixin.py:188} INFO - [2026-06-10T21:56:59.866+0000] {dag.py:3096} INFO - Sync 1 DAGs
[2026-06-10T21:56:59.894+0000] {logging_mixin.py:188} INFO - [2026-06-10T21:56:59.894+0000] {dag.py:3954} INFO - Setting next_dagrun for example_short_circuit_operator to 2026-06-09 00:00:00+00:00, run_after=2026-06-10 00:00:00+00:00
[2026-06-10T21:56:59.914+0000] {processor.py:183} INFO - Processing /home/airflow/.local/lib/python3.12/site-packages/airflow/example_dags/example_short_circuit_operator.py took 0.099 seconds
[2026-06-10T21:57:30.235+0000] {processor.py:161} INFO - Started process (PID=812) to work on /home/airflow/.local/lib/python3.12/site-packages/airflow/example_dags/example_short_circuit_operator.py
[2026-06-10T21:57:30.237+0000] {processor.py:830} INFO - Processing file /home/airflow/.local/lib/python3.12/site-packages/airflow/example_dags/example_short_circuit_operator.py for tasks to queue
[2026-06-10T21:57:30.243+0000] {logging_mixin.py:188} INFO - [2026-06-10T21:57:30.241+0000] {dagbag.py:545} INFO - Filling up the DagBag from /home/airflow/.local/lib/python3.12/site-packages/airflow/example_dags/example_short_circuit_operator.py
[2026-06-10T21:57:30.271+0000] {processor.py:840} INFO - DAG(s) 'example_short_circuit_operator' retrieved from /home/airflow/.local/lib/python3.12/site-packages/airflow/example_dags/example_short_circuit_operator.py
[2026-06-10T21:57:30.335+0000] {logging_mixin.py:188} INFO - [2026-06-10T21:57:30.335+0000] {dag.py:3096} INFO - Sync 1 DAGs
[2026-06-10T21:57:30.364+0000] {logging_mixin.py:188} INFO - [2026-06-10T21:57:30.364+0000] {dag.py:3954} INFO - Setting next_dagrun for example_short_circuit_operator to 2026-06-09 00:00:00+00:00, run_after=2026-06-10 00:00:00+00:00
[2026-06-10T21:57:30.393+0000] {processor.py:183} INFO - Processing /home/airflow/.local/lib/python3.12/site-packages/airflow/example_dags/example_short_circuit_operator.py took 0.187 seconds
[2026-06-10T21:58:01.115+0000] {processor.py:161} INFO - Started process (PID=871) to work on /home/airflow/.local/lib/python3.12/site-packages/airflow/example_dags/example_short_circuit_operator.py
[2026-06-10T21:58:01.120+0000] {processor.py:830} INFO - Processing file /home/airflow/.local/lib/python3.12/site-packages/airflow/example_dags/example_short_circuit_operator.py for tasks to queue
[2026-06-10T21:58:01.128+0000] {logging_mixin.py:188} INFO - [2026-06-10T21:58:01.121+0000] {dagbag.py:545} INFO - Filling up the DagBag from /home/airflow/.local/lib/python3.12/site-packages/airflow/example_dags/example_short_circuit_operator.py
[2026-06-10T21:58:01.161+0000] {processor.py:840} INFO - DAG(s) 'example_short_circuit_operator' retrieved from /home/airflow/.local/lib/python3.12/site-packages/airflow/example_dags/example_short_circuit_operator.py
[2026-06-10T21:58:01.236+0000] {logging_mixin.py:188} INFO - [2026-06-10T21:58:01.235+0000] {dag.py:3096} INFO - Sync 1 DAGs
[2026-06-10T21:58:01.393+0000] {logging_mixin.py:188} INFO - [2026-06-10T21:58:01.393+0000] {dag.py:3954} INFO - Setting next_dagrun for example_short_circuit_operator to 2026-06-09 00:00:00+00:00, run_after=2026-06-10 00:00:00+00:00
[2026-06-10T21:58:01.511+0000] {processor.py:183} INFO - Processing /home/airflow/.local/lib/python3.12/site-packages/airflow/example_dags/example_short_circuit_operator.py took 0.422 seconds
[2026-06-10T21:58:32.474+0000] {processor.py:161} INFO - Started process (PID=930) to work on /home/airflow/.local/lib/python3.12/site-packages/airflow/example_dags/example_short_circuit_operator.py
[2026-06-10T21:58:32.475+0000] {processor.py:830} INFO - Processing file /home/airflow/.local/lib/python3.12/site-packages/airflow/example_dags/example_short_circuit_operator.py for tasks to queue
[2026-06-10T21:58:32.477+0000] {logging_mixin.py:188} INFO - [2026-06-10T21:58:32.477+0000] {dagbag.py:545} INFO - Filling up the DagBag from /home/airflow/.local/lib/python3.12/site-packages/airflow/example_dags/example_short_circuit_operator.py
[2026-06-10T21:58:32.486+0000] {processor.py:840} INFO - DAG(s) 'example_short_circuit_operator' retrieved from /home/airflow/.local/lib/python3.12/site-packages/airflow/example_dags/example_short_circuit_operator.py
[2026-06-10T21:58:32.530+0000] {logging_mixin.py:188} INFO - [2026-06-10T21:58:32.529+0000] {dag.py:3096} INFO - Sync 1 DAGs
[2026-06-10T21:58:32.670+0000] {logging_mixin.py:188} INFO - [2026-06-10T21:58:32.669+0000] {dag.py:3954} INFO - Setting next_dagrun for example_short_circuit_operator to 2026-06-09 00:00:00+00:00, run_after=2026-06-10 00:00:00+00:00
[2026-06-10T21:58:32.793+0000] {processor.py:183} INFO - Processing /home/airflow/.local/lib/python3.12/site-packages/airflow/example_dags/example_short_circuit_operator.py took 0.326 seconds
[2026-06-10T21:59:02.965+0000] {processor.py:161} INFO - Started process (PID=989) to work on /home/airflow/.local/lib/python3.12/site-packages/airflow/example_dags/example_short_circuit_operator.py
[2026-06-10T21:59:02.969+0000] {processor.py:830} INFO - Processing file /home/airflow/.local/lib/python3.12/site-packages/airflow/example_dags/example_short_circuit_operator.py for tasks to queue
[2026-06-10T21:59:02.972+0000] {logging_mixin.py:188} INFO - [2026-06-10T21:59:02.972+0000] {dagbag.py:545} INFO - Filling up the DagBag from /home/airflow/.local/lib/python3.12/site-packages/airflow/example_dags/example_short_circuit_operator.py
[2026-06-10T21:59:02.994+0000] {processor.py:840} INFO - DAG(s) 'example_short_circuit_operator' retrieved from /home/airflow/.local/lib/python3.12/site-packages/airflow/example_dags/example_short_circuit_operator.py
[2026-06-10T21:59:03.060+0000] {logging_mixin.py:188} INFO - [2026-06-10T21:59:03.060+0000] {dag.py:3096} INFO - Sync 1 DAGs
[2026-06-10T21:59:03.126+0000] {logging_mixin.py:188} INFO - [2026-06-10T21:59:03.123+0000] {dag.py:3954} INFO - Setting next_dagrun for example_short_circuit_operator to 2026-06-09 00:00:00+00:00, run_after=2026-06-10 00:00:00+00:00
[2026-06-10T21:59:03.177+0000] {processor.py:183} INFO - Processing /home/airflow/.local/lib/python3.12/site-packages/airflow/example_dags/example_short_circuit_operator.py took 0.228 seconds
[2026-06-10T21:59:33.254+0000] {processor.py:161} INFO - Started process (PID=1048) to work on /home/airflow/.local/lib/python3.12/site-packages/airflow/example_dags/example_short_circuit_operator.py
[2026-06-10T21:59:33.255+0000] {processor.py:830} INFO - Processing file /home/airflow/.local/lib/python3.12/site-packages/airflow/example_dags/example_short_circuit_operator.py for tasks to queue
[2026-06-10T21:59:33.257+0000] {logging_mixin.py:188} INFO - [2026-06-10T21:59:33.256+0000] {dagbag.py:545} INFO - Filling up the DagBag from /home/airflow/.local/lib/python3.12/site-packages/airflow/example_dags/example_short_circuit_operator.py
[2026-06-10T21:59:33.266+0000] {processor.py:840} INFO - DAG(s) 'example_short_circuit_operator' retrieved from /home/airflow/.local/lib/python3.12/site-packages/airflow/example_dags/example_short_circuit_operator.py
[2026-06-10T21:59:33.297+0000] {logging_mixin.py:188} INFO - [2026-06-10T21:59:33.297+0000] {dag.py:3096} INFO - Sync 1 DAGs
[2026-06-10T21:59:33.328+0000] {logging_mixin.py:188} INFO - [2026-06-10T21:59:33.328+0000] {dag.py:3954} INFO - Setting next_dagrun for example_short_circuit_operator to 2026-06-09 00:00:00+00:00, run_after=2026-06-10 00:00:00+00:00
[2026-06-10T21:59:33.351+0000] {processor.py:183} INFO - Processing /home/airflow/.local/lib/python3.12/site-packages/airflow/example_dags/example_short_circuit_operator.py took 0.104 seconds
[2026-06-10T22:00:03.531+0000] {processor.py:161} INFO - Started process (PID=1107) to work on /home/airflow/.local/lib/python3.12/site-packages/airflow/example_dags/example_short_circuit_operator.py
[2026-06-10T22:00:03.532+0000] {processor.py:830} INFO - Processing file /home/airflow/.local/lib/python3.12/site-packages/airflow/example_dags/example_short_circuit_operator.py for tasks to queue
[2026-06-10T22:00:03.534+0000] {logging_mixin.py:188} INFO - [2026-06-10T22:00:03.534+0000] {dagbag.py:545} INFO - Filling up the DagBag from /home/airflow/.local/lib/python3.12/site-packages/airflow/example_dags/example_short_circuit_operator.py
[2026-06-10T22:00:03.544+0000] {processor.py:840} INFO - DAG(s) 'example_short_circuit_operator' retrieved from /home/airflow/.local/lib/python3.12/site-packages/airflow/example_dags/example_short_circuit_operator.py
[2026-06-10T22:00:03.603+0000] {logging_mixin.py:188} INFO - [2026-06-10T22:00:03.603+0000] {dag.py:3096} INFO - Sync 1 DAGs
[2026-06-10T22:00:03.636+0000] {logging_mixin.py:188} INFO - [2026-06-10T22:00:03.636+0000] {dag.py:3954} INFO - Setting next_dagrun for example_short_circuit_operator to 2026-06-09 00:00:00+00:00, run_after=2026-06-10 00:00:00+00:00
[2026-06-10T22:00:03.656+0000] {processor.py:183} INFO - Processing /home/airflow/.local/lib/python3.12/site-packages/airflow/example_dags/example_short_circuit_operator.py took 0.132 seconds
[2026-06-10T22:00:33.723+0000] {processor.py:161} INFO - Started process (PID=1166) to work on /home/airflow/.local/lib/python3.12/site-packages/airflow/example_dags/example_short_circuit_operator.py
[2026-06-10T22:00:33.724+0000] {processor.py:830} INFO - Processing file /home/airflow/.local/lib/python3.12/site-packages/airflow/example_dags/example_short_circuit_operator.py for tasks to queue
[2026-06-10T22:00:33.726+0000] {logging_mixin.py:188} INFO - [2026-06-10T22:00:33.726+0000] {dagbag.py:545} INFO - Filling up the DagBag from /home/airflow/.local/lib/python3.12/site-packages/airflow/example_dags/example_short_circuit_operator.py
[2026-06-10T22:00:33.735+0000] {processor.py:840} INFO - DAG(s) 'example_short_circuit_operator' retrieved from /home/airflow/.local/lib/python3.12/site-packages/airflow/example_dags/example_short_circuit_operator.py
[2026-06-10T22:00:33.767+0000] {logging_mixin.py:188} INFO - [2026-06-10T22:00:33.767+0000] {dag.py:3096} INFO - Sync 1 DAGs
[2026-06-10T22:00:33.795+0000] {logging_mixin.py:188} INFO - [2026-06-10T22:00:33.794+0000] {dag.py:3954} INFO - Setting next_dagrun for example_short_circuit_operator to 2026-06-09 00:00:00+00:00, run_after=2026-06-10 00:00:00+00:00
[2026-06-10T22:00:33.819+0000] {processor.py:183} INFO - Processing /home/airflow/.local/lib/python3.12/site-packages/airflow/example_dags/example_short_circuit_operator.py took 0.102 seconds
[2026-06-10T22:01:04.115+0000] {processor.py:161} INFO - Started process (PID=1225) to work on /home/airflow/.local/lib/python3.12/site-packages/airflow/example_dags/example_short_circuit_operator.py
[2026-06-10T22:01:04.116+0000] {processor.py:830} INFO - Processing file /home/airflow/.local/lib/python3.12/site-packages/airflow/example_dags/example_short_circuit_operator.py for tasks to queue
[2026-06-10T22:01:04.118+0000] {logging_mixin.py:188} INFO - [2026-06-10T22:01:04.118+0000] {dagbag.py:545} INFO - Filling up the DagBag from /home/airflow/.local/lib/python3.12/site-packages/airflow/example_dags/example_short_circuit_operator.py
[2026-06-10T22:01:04.128+0000] {processor.py:840} INFO - DAG(s) 'example_short_circuit_operator' retrieved from /home/airflow/.local/lib/python3.12/site-packages/airflow/example_dags/example_short_circuit_operator.py
[2026-06-10T22:01:04.159+0000] {logging_mixin.py:188} INFO - [2026-06-10T22:01:04.159+0000] {dag.py:3096} INFO - Sync 1 DAGs
[2026-06-10T22:01:04.190+0000] {logging_mixin.py:188} INFO - [2026-06-10T22:01:04.189+0000] {dag.py:3954} INFO - Setting next_dagrun for example_short_circuit_operator to 2026-06-09 00:00:00+00:00, run_after=2026-06-10 00:00:00+00:00
[2026-06-10T22:01:04.215+0000] {processor.py:183} INFO - Processing /home/airflow/.local/lib/python3.12/site-packages/airflow/example_dags/example_short_circuit_operator.py took 0.107 seconds
[2026-06-10T22:01:34.333+0000] {processor.py:161} INFO - Started process (PID=1285) to work on /home/airflow/.local/lib/python3.12/site-packages/airflow/example_dags/example_short_circuit_operator.py
[2026-06-10T22:01:34.334+0000] {processor.py:830} INFO - Processing file /home/airflow/.local/lib/python3.12/site-packages/airflow/example_dags/example_short_circuit_operator.py for tasks to queue
[2026-06-10T22:01:34.336+0000] {logging_mixin.py:188} INFO - [2026-06-10T22:01:34.336+0000] {dagbag.py:545} INFO - Filling up the DagBag from /home/airflow/.local/lib/python3.12/site-packages/airflow/example_dags/example_short_circuit_operator.py
[2026-06-10T22:01:34.346+0000] {processor.py:840} INFO - DAG(s) 'example_short_circuit_operator' retrieved from /home/airflow/.local/lib/python3.12/site-packages/airflow/example_dags/example_short_circuit_operator.py
[2026-06-10T22:01:34.389+0000] {logging_mixin.py:188} INFO - [2026-06-10T22:01:34.388+0000] {dag.py:3096} INFO - Sync 1 DAGs
[2026-06-10T22:01:34.423+0000] {logging_mixin.py:188} INFO - [2026-06-10T22:01:34.422+0000] {dag.py:3954} INFO - Setting next_dagrun for example_short_circuit_operator to 2026-06-09 00:00:00+00:00, run_after=2026-06-10 00:00:00+00:00
[2026-06-10T22:01:34.443+0000] {processor.py:183} INFO - Processing /home/airflow/.local/lib/python3.12/site-packages/airflow/example_dags/example_short_circuit_operator.py took 0.117 seconds
[2026-06-10T22:02:04.626+0000] {processor.py:161} INFO - Started process (PID=1345) to work on /home/airflow/.local/lib/python3.12/site-packages/airflow/example_dags/example_short_circuit_operator.py
[2026-06-10T22:02:04.627+0000] {processor.py:830} INFO - Processing file /home/airflow/.local/lib/python3.12/site-packages/airflow/example_dags/example_short_circuit_operator.py for tasks to queue
[2026-06-10T22:02:04.628+0000] {logging_mixin.py:188} INFO - [2026-06-10T22:02:04.628+0000] {dagbag.py:545} INFO - Filling up the DagBag from /home/airflow/.local/lib/python3.12/site-packages/airflow/example_dags/example_short_circuit_operator.py
[2026-06-10T22:02:04.638+0000] {processor.py:840} INFO - DAG(s) 'example_short_circuit_operator' retrieved from /home/airflow/.local/lib/python3.12/site-packages/airflow/example_dags/example_short_circuit_operator.py
[2026-06-10T22:02:04.671+0000] {logging_mixin.py:188} INFO - [2026-06-10T22:02:04.671+0000] {dag.py:3096} INFO - Sync 1 DAGs
[2026-06-10T22:02:04.700+0000] {logging_mixin.py:188} INFO - [2026-06-10T22:02:04.700+0000] {dag.py:3954} INFO - Setting next_dagrun for example_short_circuit_operator to 2026-06-09 00:00:00+00:00, run_after=2026-06-10 00:00:00+00:00
[2026-06-10T22:02:04.724+0000] {processor.py:183} INFO - Processing /home/airflow/.local/lib/python3.12/site-packages/airflow/example_dags/example_short_circuit_operator.py took 0.105 seconds
[2026-06-10T22:02:35.114+0000] {processor.py:161} INFO - Started process (PID=1405) to work on /home/airflow/.local/lib/python3.12/site-packages/airflow/example_dags/example_short_circuit_operator.py
[2026-06-10T22:02:35.115+0000] {processor.py:830} INFO - Processing file /home/airflow/.local/lib/python3.12/site-packages/airflow/example_dags/example_short_circuit_operator.py for tasks to queue
[2026-06-10T22:02:35.118+0000] {logging_mixin.py:188} INFO - [2026-06-10T22:02:35.117+0000] {dagbag.py:545} INFO - Filling up the DagBag from /home/airflow/.local/lib/python3.12/site-packages/airflow/example_dags/example_short_circuit_operator.py
[2026-06-10T22:02:35.127+0000] {processor.py:840} INFO - DAG(s) 'example_short_circuit_operator' retrieved from /home/airflow/.local/lib/python3.12/site-packages/airflow/example_dags/example_short_circuit_operator.py
[2026-06-10T22:02:35.163+0000] {logging_mixin.py:188} INFO - [2026-06-10T22:02:35.163+0000] {dag.py:3096} INFO - Sync 1 DAGs
[2026-06-10T22:02:35.191+0000] {logging_mixin.py:188} INFO - [2026-06-10T22:02:35.191+0000] {dag.py:3954} INFO - Setting next_dagrun for example_short_circuit_operator to 2026-06-09 00:00:00+00:00, run_after=2026-06-10 00:00:00+00:00
[2026-06-10T22:02:35.211+0000] {processor.py:183} INFO - Processing /home/airflow/.local/lib/python3.12/site-packages/airflow/example_dags/example_short_circuit_operator.py took 0.103 seconds
[2026-06-10T22:03:06.159+0000] {processor.py:161} INFO - Started process (PID=1465) to work on /home/airflow/.local/lib/python3.12/site-packages/airflow/example_dags/example_short_circuit_operator.py
[2026-06-10T22:03:06.160+0000] {processor.py:830} INFO - Processing file /home/airflow/.local/lib/python3.12/site-packages/airflow/example_dags/example_short_circuit_operator.py for tasks to queue
[2026-06-10T22:03:06.162+0000] {logging_mixin.py:188} INFO - [2026-06-10T22:03:06.162+0000] {dagbag.py:545} INFO - Filling up the DagBag from /home/airflow/.local/lib/python3.12/site-packages/airflow/example_dags/example_short_circuit_operator.py
[2026-06-10T22:03:06.172+0000] {processor.py:840} INFO - DAG(s) 'example_short_circuit_operator' retrieved from /home/airflow/.local/lib/python3.12/site-packages/airflow/example_dags/example_short_circuit_operator.py
[2026-06-10T22:03:06.203+0000] {logging_mixin.py:188} INFO - [2026-06-10T22:03:06.202+0000] {dag.py:3096} INFO - Sync 1 DAGs
[2026-06-10T22:03:06.231+0000] {logging_mixin.py:188} INFO - [2026-06-10T22:03:06.230+0000] {dag.py:3954} INFO - Setting next_dagrun for example_short_circuit_operator to 2026-06-09 00:00:00+00:00, run_after=2026-06-10 00:00:00+00:00
[2026-06-10T22:03:06.251+0000] {processor.py:183} INFO - Processing /home/airflow/.local/lib/python3.12/site-packages/airflow/example_dags/example_short_circuit_operator.py took 0.099 seconds
[2026-06-10T22:03:36.886+0000] {processor.py:161} INFO - Started process (PID=1525) to work on /home/airflow/.local/lib/python3.12/site-packages/airflow/example_dags/example_short_circuit_operator.py
[2026-06-10T22:03:36.890+0000] {processor.py:830} INFO - Processing file /home/airflow/.local/lib/python3.12/site-packages/airflow/example_dags/example_short_circuit_operator.py for tasks to queue
[2026-06-10T22:03:36.894+0000] {logging_mixin.py:188} INFO - [2026-06-10T22:03:36.894+0000] {dagbag.py:545} INFO - Filling up the DagBag from /home/airflow/.local/lib/python3.12/site-packages/airflow/example_dags/example_short_circuit_operator.py
[2026-06-10T22:03:36.934+0000] {processor.py:840} INFO - DAG(s) 'example_short_circuit_operator' retrieved from /home/airflow/.local/lib/python3.12/site-packages/airflow/example_dags/example_short_circuit_operator.py
[2026-06-10T22:03:37.023+0000] {logging_mixin.py:188} INFO - [2026-06-10T22:03:37.021+0000] {dag.py:3096} INFO - Sync 1 DAGs
[2026-06-10T22:03:37.089+0000] {logging_mixin.py:188} INFO - [2026-06-10T22:03:37.089+0000] {dag.py:3954} INFO - Setting next_dagrun for example_short_circuit_operator to 2026-06-09 00:00:00+00:00, run_after=2026-06-10 00:00:00+00:00
[2026-06-10T22:03:37.126+0000] {processor.py:183} INFO - Processing /home/airflow/.local/lib/python3.12/site-packages/airflow/example_dags/example_short_circuit_operator.py took 0.283 seconds
[2026-06-10T22:04:07.273+0000] {processor.py:161} INFO - Started process (PID=1585) to work on /home/airflow/.local/lib/python3.12/site-packages/airflow/example_dags/example_short_circuit_operator.py
[2026-06-10T22:04:07.274+0000] {processor.py:830} INFO - Processing file /home/airflow/.local/lib/python3.12/site-packages/airflow/example_dags/example_short_circuit_operator.py for tasks to queue
[2026-06-10T22:04:07.276+0000] {logging_mixin.py:188} INFO - [2026-06-10T22:04:07.276+0000] {dagbag.py:545} INFO - Filling up the DagBag from /home/airflow/.local/lib/python3.12/site-packages/airflow/example_dags/example_short_circuit_operator.py
[2026-06-10T22:04:07.286+0000] {processor.py:840} INFO - DAG(s) 'example_short_circuit_operator' retrieved from /home/airflow/.local/lib/python3.12/site-packages/airflow/example_dags/example_short_circuit_operator.py
[2026-06-10T22:04:07.323+0000] {logging_mixin.py:188} INFO - [2026-06-10T22:04:07.323+0000] {dag.py:3096} INFO - Sync 1 DAGs
[2026-06-10T22:04:07.366+0000] {logging_mixin.py:188} INFO - [2026-06-10T22:04:07.366+0000] {dag.py:3954} INFO - Setting next_dagrun for example_short_circuit_operator to 2026-06-09 00:00:00+00:00, run_after=2026-06-10 00:00:00+00:00
[2026-06-10T22:04:07.411+0000] {processor.py:183} INFO - Processing /home/airflow/.local/lib/python3.12/site-packages/airflow/example_dags/example_short_circuit_operator.py took 0.145 seconds
[2026-06-10T22:04:37.685+0000] {processor.py:161} INFO - Started process (PID=1646) to work on /home/airflow/.local/lib/python3.12/site-packages/airflow/example_dags/example_short_circuit_operator.py
[2026-06-10T22:04:37.688+0000] {processor.py:830} INFO - Processing file /home/airflow/.local/lib/python3.12/site-packages/airflow/example_dags/example_short_circuit_operator.py for tasks to queue
[2026-06-10T22:04:37.691+0000] {logging_mixin.py:188} INFO - [2026-06-10T22:04:37.691+0000] {dagbag.py:545} INFO - Filling up the DagBag from /home/airflow/.local/lib/python3.12/site-packages/airflow/example_dags/example_short_circuit_operator.py
[2026-06-10T22:04:37.709+0000] {processor.py:840} INFO - DAG(s) 'example_short_circuit_operator' retrieved from /home/airflow/.local/lib/python3.12/site-packages/airflow/example_dags/example_short_circuit_operator.py
[2026-06-10T22:04:37.770+0000] {logging_mixin.py:188} INFO - [2026-06-10T22:04:37.769+0000] {dag.py:3096} INFO - Sync 1 DAGs
[2026-06-10T22:04:37.799+0000] {logging_mixin.py:188} INFO - [2026-06-10T22:04:37.798+0000] {dag.py:3954} INFO - Setting next_dagrun for example_short_circuit_operator to 2026-06-09 00:00:00+00:00, run_after=2026-06-10 00:00:00+00:00
[2026-06-10T22:04:38.137+0000] {processor.py:183} INFO - Processing /home/airflow/.local/lib/python3.12/site-packages/airflow/example_dags/example_short_circuit_operator.py took 0.470 seconds
[2026-06-10T22:05:09.042+0000] {processor.py:161} INFO - Started process (PID=1705) to work on /home/airflow/.local/lib/python3.12/site-packages/airflow/example_dags/example_short_circuit_operator.py
[2026-06-10T22:05:09.045+0000] {processor.py:830} INFO - Processing file /home/airflow/.local/lib/python3.12/site-packages/airflow/example_dags/example_short_circuit_operator.py for tasks to queue
[2026-06-10T22:05:09.049+0000] {logging_mixin.py:188} INFO - [2026-06-10T22:05:09.049+0000] {dagbag.py:545} INFO - Filling up the DagBag from /home/airflow/.local/lib/python3.12/site-packages/airflow/example_dags/example_short_circuit_operator.py
[2026-06-10T22:05:09.069+0000] {processor.py:840} INFO - DAG(s) 'example_short_circuit_operator' retrieved from /home/airflow/.local/lib/python3.12/site-packages/airflow/example_dags/example_short_circuit_operator.py
[2026-06-10T22:05:09.145+0000] {logging_mixin.py:188} INFO - [2026-06-10T22:05:09.145+0000] {dag.py:3096} INFO - Sync 1 DAGs
[2026-06-10T22:05:09.207+0000] {logging_mixin.py:188} INFO - [2026-06-10T22:05:09.207+0000] {dag.py:3954} INFO - Setting next_dagrun for example_short_circuit_operator to 2026-06-09 00:00:00+00:00, run_after=2026-06-10 00:00:00+00:00
[2026-06-10T22:05:09.253+0000] {processor.py:183} INFO - Processing /home/airflow/.local/lib/python3.12/site-packages/airflow/example_dags/example_short_circuit_operator.py took 0.227 seconds
[2026-06-10T22:05:39.587+0000] {processor.py:161} INFO - Started process (PID=1765) to work on /home/airflow/.local/lib/python3.12/site-packages/airflow/example_dags/example_short_circuit_operator.py
[2026-06-10T22:05:39.588+0000] {processor.py:830} INFO - Processing file /home/airflow/.local/lib/python3.12/site-packages/airflow/example_dags/example_short_circuit_operator.py for tasks to queue
[2026-06-10T22:05:39.590+0000] {logging_mixin.py:188} INFO - [2026-06-10T22:05:39.589+0000] {dagbag.py:545} INFO - Filling up the DagBag from /home/airflow/.local/lib/python3.12/site-packages/airflow/example_dags/example_short_circuit_operator.py
[2026-06-10T22:05:39.600+0000] {processor.py:840} INFO - DAG(s) 'example_short_circuit_operator' retrieved from /home/airflow/.local/lib/python3.12/site-packages/airflow/example_dags/example_short_circuit_operator.py
[2026-06-10T22:05:39.711+0000] {logging_mixin.py:188} INFO - [2026-06-10T22:05:39.710+0000] {dag.py:3096} INFO - Sync 1 DAGs
[2026-06-10T22:05:39.738+0000] {logging_mixin.py:188} INFO - [2026-06-10T22:05:39.738+0000] {dag.py:3954} INFO - Setting next_dagrun for example_short_circuit_operator to 2026-06-09 00:00:00+00:00, run_after=2026-06-10 00:00:00+00:00
[2026-06-10T22:05:39.759+0000] {processor.py:183} INFO - Processing /home/airflow/.local/lib/python3.12/site-packages/airflow/example_dags/example_short_circuit_operator.py took 0.179 seconds
[2026-06-10T22:06:09.872+0000] {processor.py:161} INFO - Started process (PID=1825) to work on /home/airflow/.local/lib/python3.12/site-packages/airflow/example_dags/example_short_circuit_operator.py
[2026-06-10T22:06:09.873+0000] {processor.py:830} INFO - Processing file /home/airflow/.local/lib/python3.12/site-packages/airflow/example_dags/example_short_circuit_operator.py for tasks to queue
[2026-06-10T22:06:09.878+0000] {logging_mixin.py:188} INFO - [2026-06-10T22:06:09.877+0000] {dagbag.py:545} INFO - Filling up the DagBag from /home/airflow/.local/lib/python3.12/site-packages/airflow/example_dags/example_short_circuit_operator.py
[2026-06-10T22:06:09.892+0000] {processor.py:840} INFO - DAG(s) 'example_short_circuit_operator' retrieved from /home/airflow/.local/lib/python3.12/site-packages/airflow/example_dags/example_short_circuit_operator.py
[2026-06-10T22:06:09.941+0000] {logging_mixin.py:188} INFO - [2026-06-10T22:06:09.940+0000] {dag.py:3096} INFO - Sync 1 DAGs
[2026-06-10T22:06:09.969+0000] {logging_mixin.py:188} INFO - [2026-06-10T22:06:09.969+0000] {dag.py:3954} INFO - Setting next_dagrun for example_short_circuit_operator to 2026-06-09 00:00:00+00:00, run_after=2026-06-10 00:00:00+00:00
[2026-06-10T22:06:09.988+0000] {processor.py:183} INFO - Processing /home/airflow/.local/lib/python3.12/site-packages/airflow/example_dags/example_short_circuit_operator.py took 0.130 seconds
[2026-06-10T22:06:40.637+0000] {processor.py:161} INFO - Started process (PID=1885) to work on /home/airflow/.local/lib/python3.12/site-packages/airflow/example_dags/example_short_circuit_operator.py
[2026-06-10T22:06:40.638+0000] {processor.py:830} INFO - Processing file /home/airflow/.local/lib/python3.12/site-packages/airflow/example_dags/example_short_circuit_operator.py for tasks to queue
[2026-06-10T22:06:40.641+0000] {logging_mixin.py:188} INFO - [2026-06-10T22:06:40.640+0000] {dagbag.py:545} INFO - Filling up the DagBag from /home/airflow/.local/lib/python3.12/site-packages/airflow/example_dags/example_short_circuit_operator.py
[2026-06-10T22:06:40.650+0000] {processor.py:840} INFO - DAG(s) 'example_short_circuit_operator' retrieved from /home/airflow/.local/lib/python3.12/site-packages/airflow/example_dags/example_short_circuit_operator.py
[2026-06-10T22:06:40.678+0000] {logging_mixin.py:188} INFO - [2026-06-10T22:06:40.678+0000] {dag.py:3096} INFO - Sync 1 DAGs
[2026-06-10T22:06:40.720+0000] {logging_mixin.py:188} INFO - [2026-06-10T22:06:40.720+0000] {dag.py:3954} INFO - Setting next_dagrun for example_short_circuit_operator to 2026-06-09 00:00:00+00:00, run_after=2026-06-10 00:00:00+00:00
[2026-06-10T22:06:40.752+0000] {processor.py:183} INFO - Processing /home/airflow/.local/lib/python3.12/site-packages/airflow/example_dags/example_short_circuit_operator.py took 0.122 seconds
[2026-06-10T22:07:11.060+0000] {processor.py:161} INFO - Started process (PID=1944) to work on /home/airflow/.local/lib/python3.12/site-packages/airflow/example_dags/example_short_circuit_operator.py
[2026-06-10T22:07:11.061+0000] {processor.py:830} INFO - Processing file /home/airflow/.local/lib/python3.12/site-packages/airflow/example_dags/example_short_circuit_operator.py for tasks to queue
[2026-06-10T22:07:11.063+0000] {logging_mixin.py:188} INFO - [2026-06-10T22:07:11.063+0000] {dagbag.py:545} INFO - Filling up the DagBag from /home/airflow/.local/lib/python3.12/site-packages/airflow/example_dags/example_short_circuit_operator.py
[2026-06-10T22:07:11.072+0000] {processor.py:840} INFO - DAG(s) 'example_short_circuit_operator' retrieved from /home/airflow/.local/lib/python3.12/site-packages/airflow/example_dags/example_short_circuit_operator.py
[2026-06-10T22:07:11.103+0000] {logging_mixin.py:188} INFO - [2026-06-10T22:07:11.102+0000] {dag.py:3096} INFO - Sync 1 DAGs
[2026-06-10T22:07:11.163+0000] {logging_mixin.py:188} INFO - [2026-06-10T22:07:11.163+0000] {dag.py:3954} INFO - Setting next_dagrun for example_short_circuit_operator to 2026-06-09 00:00:00+00:00, run_after=2026-06-10 00:00:00+00:00
[2026-06-10T22:07:11.252+0000] {processor.py:183} INFO - Processing /home/airflow/.local/lib/python3.12/site-packages/airflow/example_dags/example_short_circuit_operator.py took 0.200 seconds
[2026-06-10T22:07:41.321+0000] {processor.py:161} INFO - Started process (PID=2004) to work on /home/airflow/.local/lib/python3.12/site-packages/airflow/example_dags/example_short_circuit_operator.py
[2026-06-10T22:07:41.322+0000] {processor.py:830} INFO - Processing file /home/airflow/.local/lib/python3.12/site-packages/airflow/example_dags/example_short_circuit_operator.py for tasks to queue
[2026-06-10T22:07:41.324+0000] {logging_mixin.py:188} INFO - [2026-06-10T22:07:41.324+0000] {dagbag.py:545} INFO - Filling up the DagBag from /home/airflow/.local/lib/python3.12/site-packages/airflow/example_dags/example_short_circuit_operator.py
[2026-06-10T22:07:41.333+0000] {processor.py:840} INFO - DAG(s) 'example_short_circuit_operator' retrieved from /home/airflow/.local/lib/python3.12/site-packages/airflow/example_dags/example_short_circuit_operator.py
[2026-06-10T22:07:41.365+0000] {logging_mixin.py:188} INFO - [2026-06-10T22:07:41.364+0000] {dag.py:3096} INFO - Sync 1 DAGs
[2026-06-10T22:07:41.388+0000] {logging_mixin.py:188} INFO - [2026-06-10T22:07:41.388+0000] {dag.py:3954} INFO - Setting next_dagrun for example_short_circuit_operator to 2026-06-09 00:00:00+00:00, run_after=2026-06-10 00:00:00+00:00
[2026-06-10T22:07:41.402+0000] {processor.py:183} INFO - Processing /home/airflow/.local/lib/python3.12/site-packages/airflow/example_dags/example_short_circuit_operator.py took 0.089 seconds
[2026-06-10T22:08:12.271+0000] {processor.py:161} INFO - Started process (PID=2064) to work on /home/airflow/.local/lib/python3.12/site-packages/airflow/example_dags/example_short_circuit_operator.py
[2026-06-10T22:08:12.272+0000] {processor.py:830} INFO - Processing file /home/airflow/.local/lib/python3.12/site-packages/airflow/example_dags/example_short_circuit_operator.py for tasks to queue
[2026-06-10T22:08:12.274+0000] {logging_mixin.py:188} INFO - [2026-06-10T22:08:12.273+0000] {dagbag.py:545} INFO - Filling up the DagBag from /home/airflow/.local/lib/python3.12/site-packages/airflow/example_dags/example_short_circuit_operator.py
[2026-06-10T22:08:12.283+0000] {processor.py:840} INFO - DAG(s) 'example_short_circuit_operator' retrieved from /home/airflow/.local/lib/python3.12/site-packages/airflow/example_dags/example_short_circuit_operator.py
[2026-06-10T22:08:12.348+0000] {logging_mixin.py:188} INFO - [2026-06-10T22:08:12.348+0000] {dag.py:3096} INFO - Sync 1 DAGs
[2026-06-10T22:08:12.377+0000] {logging_mixin.py:188} INFO - [2026-06-10T22:08:12.376+0000] {dag.py:3954} INFO - Setting next_dagrun for example_short_circuit_operator to 2026-06-09 00:00:00+00:00, run_after=2026-06-10 00:00:00+00:00
[2026-06-10T22:08:12.396+0000] {processor.py:183} INFO - Processing /home/airflow/.local/lib/python3.12/site-packages/airflow/example_dags/example_short_circuit_operator.py took 0.133 seconds
[2026-06-10T22:08:42.464+0000] {processor.py:161} INFO - Started process (PID=2124) to work on /home/airflow/.local/lib/python3.12/site-packages/airflow/example_dags/example_short_circuit_operator.py
[2026-06-10T22:08:42.468+0000] {processor.py:830} INFO - Processing file /home/airflow/.local/lib/python3.12/site-packages/airflow/example_dags/example_short_circuit_operator.py for tasks to queue
[2026-06-10T22:08:42.470+0000] {logging_mixin.py:188} INFO - [2026-06-10T22:08:42.470+0000] {dagbag.py:545} INFO - Filling up the DagBag from /home/airflow/.local/lib/python3.12/site-packages/airflow/example_dags/example_short_circuit_operator.py
[2026-06-10T22:08:42.484+0000] {processor.py:840} INFO - DAG(s) 'example_short_circuit_operator' retrieved from /home/airflow/.local/lib/python3.12/site-packages/airflow/example_dags/example_short_circuit_operator.py
[2026-06-10T22:08:42.519+0000] {logging_mixin.py:188} INFO - [2026-06-10T22:08:42.519+0000] {dag.py:3096} INFO - Sync 1 DAGs
[2026-06-10T22:08:42.560+0000] {logging_mixin.py:188} INFO - [2026-06-10T22:08:42.560+0000] {dag.py:3954} INFO - Setting next_dagrun for example_short_circuit_operator to 2026-06-09 00:00:00+00:00, run_after=2026-06-10 00:00:00+00:00
[2026-06-10T22:08:42.583+0000] {processor.py:183} INFO - Processing /home/airflow/.local/lib/python3.12/site-packages/airflow/example_dags/example_short_circuit_operator.py took 0.136 seconds
[2026-06-10T22:09:13.529+0000] {processor.py:161} INFO - Started process (PID=2183) to work on /home/airflow/.local/lib/python3.12/site-packages/airflow/example_dags/example_short_circuit_operator.py
[2026-06-10T22:09:13.530+0000] {processor.py:830} INFO - Processing file /home/airflow/.local/lib/python3.12/site-packages/airflow/example_dags/example_short_circuit_operator.py for tasks to queue
[2026-06-10T22:09:13.532+0000] {logging_mixin.py:188} INFO - [2026-06-10T22:09:13.532+0000] {dagbag.py:545} INFO - Filling up the DagBag from /home/airflow/.local/lib/python3.12/site-packages/airflow/example_dags/example_short_circuit_operator.py
[2026-06-10T22:09:13.542+0000] {processor.py:840} INFO - DAG(s) 'example_short_circuit_operator' retrieved from /home/airflow/.local/lib/python3.12/site-packages/airflow/example_dags/example_short_circuit_operator.py
[2026-06-10T22:09:13.575+0000] {logging_mixin.py:188} INFO - [2026-06-10T22:09:13.575+0000] {dag.py:3096} INFO - Sync 1 DAGs
[2026-06-10T22:09:13.642+0000] {logging_mixin.py:188} INFO - [2026-06-10T22:09:13.642+0000] {dag.py:3954} INFO - Setting next_dagrun for example_short_circuit_operator to 2026-06-09 00:00:00+00:00, run_after=2026-06-10 00:00:00+00:00
[2026-06-10T22:09:13.666+0000] {processor.py:183} INFO - Processing /home/airflow/.local/lib/python3.12/site-packages/airflow/example_dags/example_short_circuit_operator.py took 0.146 seconds
[2026-06-10T22:09:43.752+0000] {processor.py:161} INFO - Started process (PID=2242) to work on /home/airflow/.local/lib/python3.12/site-packages/airflow/example_dags/example_short_circuit_operator.py
[2026-06-10T22:09:43.752+0000] {processor.py:830} INFO - Processing file /home/airflow/.local/lib/python3.12/site-packages/airflow/example_dags/example_short_circuit_operator.py for tasks to queue
[2026-06-10T22:09:43.754+0000] {logging_mixin.py:188} INFO - [2026-06-10T22:09:43.754+0000] {dagbag.py:545} INFO - Filling up the DagBag from /home/airflow/.local/lib/python3.12/site-packages/airflow/example_dags/example_short_circuit_operator.py
[2026-06-10T22:09:43.762+0000] {processor.py:840} INFO - DAG(s) 'example_short_circuit_operator' retrieved from /home/airflow/.local/lib/python3.12/site-packages/airflow/example_dags/example_short_circuit_operator.py
[2026-06-10T22:09:43.787+0000] {logging_mixin.py:188} INFO - [2026-06-10T22:09:43.787+0000] {dag.py:3096} INFO - Sync 1 DAGs
[2026-06-10T22:09:43.807+0000] {logging_mixin.py:188} INFO - [2026-06-10T22:09:43.806+0000] {dag.py:3954} INFO - Setting next_dagrun for example_short_circuit_operator to 2026-06-09 00:00:00+00:00, run_after=2026-06-10 00:00:00+00:00
[2026-06-10T22:09:43.822+0000] {processor.py:183} INFO - Processing /home/airflow/.local/lib/python3.12/site-packages/airflow/example_dags/example_short_circuit_operator.py took 0.076 seconds
[2026-06-10T22:10:14.692+0000] {processor.py:161} INFO - Started process (PID=2302) to work on /home/airflow/.local/lib/python3.12/site-packages/airflow/example_dags/example_short_circuit_operator.py
[2026-06-10T22:10:14.692+0000] {processor.py:830} INFO - Processing file /home/airflow/.local/lib/python3.12/site-packages/airflow/example_dags/example_short_circuit_operator.py for tasks to queue
[2026-06-10T22:10:14.694+0000] {logging_mixin.py:188} INFO - [2026-06-10T22:10:14.694+0000] {dagbag.py:545} INFO - Filling up the DagBag from /home/airflow/.local/lib/python3.12/site-packages/airflow/example_dags/example_short_circuit_operator.py
[2026-06-10T22:10:14.704+0000] {processor.py:840} INFO - DAG(s) 'example_short_circuit_operator' retrieved from /home/airflow/.local/lib/python3.12/site-packages/airflow/example_dags/example_short_circuit_operator.py
[2026-06-10T22:10:14.734+0000] {logging_mixin.py:188} INFO - [2026-06-10T22:10:14.734+0000] {dag.py:3096} INFO - Sync 1 DAGs
[2026-06-10T22:10:14.766+0000] {logging_mixin.py:188} INFO - [2026-06-10T22:10:14.765+0000] {dag.py:3954} INFO - Setting next_dagrun for example_short_circuit_operator to 2026-06-09 00:00:00+00:00, run_after=2026-06-10 00:00:00+00:00
[2026-06-10T22:10:14.781+0000] {processor.py:183} INFO - Processing /home/airflow/.local/lib/python3.12/site-packages/airflow/example_dags/example_short_circuit_operator.py took 0.098 seconds
[2026-06-10T22:10:45.799+0000] {processor.py:161} INFO - Started process (PID=2362) to work on /home/airflow/.local/lib/python3.12/site-packages/airflow/example_dags/example_short_circuit_operator.py
[2026-06-10T22:10:45.801+0000] {processor.py:830} INFO - Processing file /home/airflow/.local/lib/python3.12/site-packages/airflow/example_dags/example_short_circuit_operator.py for tasks to queue
[2026-06-10T22:10:45.804+0000] {logging_mixin.py:188} INFO - [2026-06-10T22:10:45.804+0000] {dagbag.py:545} INFO - Filling up the DagBag from /home/airflow/.local/lib/python3.12/site-packages/airflow/example_dags/example_short_circuit_operator.py
[2026-06-10T22:10:45.813+0000] {processor.py:840} INFO - DAG(s) 'example_short_circuit_operator' retrieved from /home/airflow/.local/lib/python3.12/site-packages/airflow/example_dags/example_short_circuit_operator.py
[2026-06-10T22:10:45.834+0000] {logging_mixin.py:188} INFO - [2026-06-10T22:10:45.833+0000] {dag.py:3096} INFO - Sync 1 DAGs
[2026-06-10T22:10:45.852+0000] {logging_mixin.py:188} INFO - [2026-06-10T22:10:45.852+0000] {dag.py:3954} INFO - Setting next_dagrun for example_short_circuit_operator to 2026-06-09 00:00:00+00:00, run_after=2026-06-10 00:00:00+00:00
[2026-06-10T22:10:45.867+0000] {processor.py:183} INFO - Processing /home/airflow/.local/lib/python3.12/site-packages/airflow/example_dags/example_short_circuit_operator.py took 0.076 seconds
[2026-06-10T22:11:16.757+0000] {processor.py:161} INFO - Started process (PID=2422) to work on /home/airflow/.local/lib/python3.12/site-packages/airflow/example_dags/example_short_circuit_operator.py
[2026-06-10T22:11:16.758+0000] {processor.py:830} INFO - Processing file /home/airflow/.local/lib/python3.12/site-packages/airflow/example_dags/example_short_circuit_operator.py for tasks to queue
[2026-06-10T22:11:16.764+0000] {logging_mixin.py:188} INFO - [2026-06-10T22:11:16.763+0000] {dagbag.py:545} INFO - Filling up the DagBag from /home/airflow/.local/lib/python3.12/site-packages/airflow/example_dags/example_short_circuit_operator.py
[2026-06-10T22:11:16.818+0000] {processor.py:840} INFO - DAG(s) 'example_short_circuit_operator' retrieved from /home/airflow/.local/lib/python3.12/site-packages/airflow/example_dags/example_short_circuit_operator.py
[2026-06-10T22:11:17.047+0000] {logging_mixin.py:188} INFO - [2026-06-10T22:11:17.047+0000] {dag.py:3096} INFO - Sync 1 DAGs
[2026-06-10T22:11:17.151+0000] {logging_mixin.py:188} INFO - [2026-06-10T22:11:17.151+0000] {dag.py:3954} INFO - Setting next_dagrun for example_short_circuit_operator to 2026-06-09 00:00:00+00:00, run_after=2026-06-10 00:00:00+00:00
[2026-06-10T22:11:17.223+0000] {processor.py:183} INFO - Processing /home/airflow/.local/lib/python3.12/site-packages/airflow/example_dags/example_short_circuit_operator.py took 0.476 seconds
[2026-06-10T22:11:47.989+0000] {processor.py:161} INFO - Started process (PID=2482) to work on /home/airflow/.local/lib/python3.12/site-packages/airflow/example_dags/example_short_circuit_operator.py
[2026-06-10T22:11:47.990+0000] {processor.py:830} INFO - Processing file /home/airflow/.local/lib/python3.12/site-packages/airflow/example_dags/example_short_circuit_operator.py for tasks to queue
[2026-06-10T22:11:47.993+0000] {logging_mixin.py:188} INFO - [2026-06-10T22:11:47.992+0000] {dagbag.py:545} INFO - Filling up the DagBag from /home/airflow/.local/lib/python3.12/site-packages/airflow/example_dags/example_short_circuit_operator.py
[2026-06-10T22:11:48.011+0000] {processor.py:840} INFO - DAG(s) 'example_short_circuit_operator' retrieved from /home/airflow/.local/lib/python3.12/site-packages/airflow/example_dags/example_short_circuit_operator.py
[2026-06-10T22:11:48.078+0000] {logging_mixin.py:188} INFO - [2026-06-10T22:11:48.078+0000] {dag.py:3096} INFO - Sync 1 DAGs
[2026-06-10T22:11:48.141+0000] {logging_mixin.py:188} INFO - [2026-06-10T22:11:48.140+0000] {dag.py:3954} INFO - Setting next_dagrun for example_short_circuit_operator to 2026-06-09 00:00:00+00:00, run_after=2026-06-10 00:00:00+00:00
[2026-06-10T22:11:48.187+0000] {processor.py:183} INFO - Processing /home/airflow/.local/lib/python3.12/site-packages/airflow/example_dags/example_short_circuit_operator.py took 0.220 seconds
[2026-06-10T22:12:18.234+0000] {processor.py:161} INFO - Started process (PID=2541) to work on /home/airflow/.local/lib/python3.12/site-packages/airflow/example_dags/example_short_circuit_operator.py
[2026-06-10T22:12:18.235+0000] {processor.py:830} INFO - Processing file /home/airflow/.local/lib/python3.12/site-packages/airflow/example_dags/example_short_circuit_operator.py for tasks to queue
[2026-06-10T22:12:18.237+0000] {logging_mixin.py:188} INFO - [2026-06-10T22:12:18.237+0000] {dagbag.py:545} INFO - Filling up the DagBag from /home/airflow/.local/lib/python3.12/site-packages/airflow/example_dags/example_short_circuit_operator.py
[2026-06-10T22:12:18.244+0000] {processor.py:840} INFO - DAG(s) 'example_short_circuit_operator' retrieved from /home/airflow/.local/lib/python3.12/site-packages/airflow/example_dags/example_short_circuit_operator.py
[2026-06-10T22:12:18.269+0000] {logging_mixin.py:188} INFO - [2026-06-10T22:12:18.269+0000] {dag.py:3096} INFO - Sync 1 DAGs
[2026-06-10T22:12:18.290+0000] {logging_mixin.py:188} INFO - [2026-06-10T22:12:18.290+0000] {dag.py:3954} INFO - Setting next_dagrun for example_short_circuit_operator to 2026-06-09 00:00:00+00:00, run_after=2026-06-10 00:00:00+00:00
[2026-06-10T22:12:18.305+0000] {processor.py:183} INFO - Processing /home/airflow/.local/lib/python3.12/site-packages/airflow/example_dags/example_short_circuit_operator.py took 0.079 seconds
[2026-06-10T22:12:48.889+0000] {processor.py:161} INFO - Started process (PID=2601) to work on /home/airflow/.local/lib/python3.12/site-packages/airflow/example_dags/example_short_circuit_operator.py
[2026-06-10T22:12:48.890+0000] {processor.py:830} INFO - Processing file /home/airflow/.local/lib/python3.12/site-packages/airflow/example_dags/example_short_circuit_operator.py for tasks to queue
[2026-06-10T22:12:48.891+0000] {logging_mixin.py:188} INFO - [2026-06-10T22:12:48.891+0000] {dagbag.py:545} INFO - Filling up the DagBag from /home/airflow/.local/lib/python3.12/site-packages/airflow/example_dags/example_short_circuit_operator.py
[2026-06-10T22:12:48.898+0000] {processor.py:840} INFO - DAG(s) 'example_short_circuit_operator' retrieved from /home/airflow/.local/lib/python3.12/site-packages/airflow/example_dags/example_short_circuit_operator.py
[2026-06-10T22:12:48.925+0000] {logging_mixin.py:188} INFO - [2026-06-10T22:12:48.925+0000] {dag.py:3096} INFO - Sync 1 DAGs
[2026-06-10T22:12:48.944+0000] {logging_mixin.py:188} INFO - [2026-06-10T22:12:48.944+0000] {dag.py:3954} INFO - Setting next_dagrun for example_short_circuit_operator to 2026-06-09 00:00:00+00:00, run_after=2026-06-10 00:00:00+00:00
[2026-06-10T22:12:48.961+0000] {processor.py:183} INFO - Processing /home/airflow/.local/lib/python3.12/site-packages/airflow/example_dags/example_short_circuit_operator.py took 0.077 seconds
[2026-06-10T22:13:20.016+0000] {processor.py:161} INFO - Started process (PID=2661) to work on /home/airflow/.local/lib/python3.12/site-packages/airflow/example_dags/example_short_circuit_operator.py
[2026-06-10T22:13:20.019+0000] {processor.py:830} INFO - Processing file /home/airflow/.local/lib/python3.12/site-packages/airflow/example_dags/example_short_circuit_operator.py for tasks to queue
[2026-06-10T22:13:20.023+0000] {logging_mixin.py:188} INFO - [2026-06-10T22:13:20.023+0000] {dagbag.py:545} INFO - Filling up the DagBag from /home/airflow/.local/lib/python3.12/site-packages/airflow/example_dags/example_short_circuit_operator.py
[2026-06-10T22:13:20.059+0000] {processor.py:840} INFO - DAG(s) 'example_short_circuit_operator' retrieved from /home/airflow/.local/lib/python3.12/site-packages/airflow/example_dags/example_short_circuit_operator.py
[2026-06-10T22:13:20.122+0000] {logging_mixin.py:188} INFO - [2026-06-10T22:13:20.122+0000] {dag.py:3096} INFO - Sync 1 DAGs
[2026-06-10T22:13:20.201+0000] {logging_mixin.py:188} INFO - [2026-06-10T22:13:20.200+0000] {dag.py:3954} INFO - Setting next_dagrun for example_short_circuit_operator to 2026-06-09 00:00:00+00:00, run_after=2026-06-10 00:00:00+00:00
[2026-06-10T22:13:20.246+0000] {processor.py:183} INFO - Processing /home/airflow/.local/lib/python3.12/site-packages/airflow/example_dags/example_short_circuit_operator.py took 0.256 seconds
[2026-06-10T22:15:35.927+0000] {processor.py:161} INFO - Started process (PID=100) to work on /home/airflow/.local/lib/python3.12/site-packages/airflow/example_dags/example_short_circuit_operator.py
[2026-06-10T22:15:35.933+0000] {processor.py:830} INFO - Processing file /home/airflow/.local/lib/python3.12/site-packages/airflow/example_dags/example_short_circuit_operator.py for tasks to queue
[2026-06-10T22:15:35.971+0000] {logging_mixin.py:188} INFO - [2026-06-10T22:15:35.947+0000] {dagbag.py:545} INFO - Filling up the DagBag from /home/airflow/.local/lib/python3.12/site-packages/airflow/example_dags/example_short_circuit_operator.py
[2026-06-10T22:15:36.373+0000] {processor.py:840} INFO - DAG(s) 'example_short_circuit_operator' retrieved from /home/airflow/.local/lib/python3.12/site-packages/airflow/example_dags/example_short_circuit_operator.py
[2026-06-10T22:15:37.518+0000] {logging_mixin.py:188} INFO - [2026-06-10T22:15:37.518+0000] {dag.py:3096} INFO - Sync 1 DAGs
[2026-06-10T22:15:37.626+0000] {logging_mixin.py:188} INFO - [2026-06-10T22:15:37.626+0000] {dag.py:3954} INFO - Setting next_dagrun for example_short_circuit_operator to 2026-06-09 00:00:00+00:00, run_after=2026-06-10 00:00:00+00:00
[2026-06-10T22:15:37.698+0000] {processor.py:183} INFO - Processing /home/airflow/.local/lib/python3.12/site-packages/airflow/example_dags/example_short_circuit_operator.py took 1.839 seconds
[2026-06-10T22:16:18.610+0000] {processor.py:161} INFO - Started process (PID=161) to work on /home/airflow/.local/lib/python3.12/site-packages/airflow/example_dags/example_short_circuit_operator.py
[2026-06-10T22:16:18.617+0000] {processor.py:830} INFO - Processing file /home/airflow/.local/lib/python3.12/site-packages/airflow/example_dags/example_short_circuit_operator.py for tasks to queue
[2026-06-10T22:16:18.621+0000] {logging_mixin.py:188} INFO - [2026-06-10T22:16:18.620+0000] {dagbag.py:545} INFO - Filling up the DagBag from /home/airflow/.local/lib/python3.12/site-packages/airflow/example_dags/example_short_circuit_operator.py
[2026-06-10T22:16:18.668+0000] {processor.py:840} INFO - DAG(s) 'example_short_circuit_operator' retrieved from /home/airflow/.local/lib/python3.12/site-packages/airflow/example_dags/example_short_circuit_operator.py
[2026-06-10T22:16:18.884+0000] {logging_mixin.py:188} INFO - [2026-06-10T22:16:18.883+0000] {dag.py:3096} INFO - Sync 1 DAGs
[2026-06-10T22:16:19.273+0000] {logging_mixin.py:188} INFO - [2026-06-10T22:16:19.270+0000] {dag.py:3954} INFO - Setting next_dagrun for example_short_circuit_operator to 2026-06-09 00:00:00+00:00, run_after=2026-06-10 00:00:00+00:00
[2026-06-10T22:16:19.383+0000] {processor.py:183} INFO - Processing /home/airflow/.local/lib/python3.12/site-packages/airflow/example_dags/example_short_circuit_operator.py took 0.818 seconds
[2026-06-10T22:16:50.239+0000] {processor.py:161} INFO - Started process (PID=219) to work on /home/airflow/.local/lib/python3.12/site-packages/airflow/example_dags/example_short_circuit_operator.py
[2026-06-10T22:16:50.240+0000] {processor.py:830} INFO - Processing file /home/airflow/.local/lib/python3.12/site-packages/airflow/example_dags/example_short_circuit_operator.py for tasks to queue
[2026-06-10T22:16:50.243+0000] {logging_mixin.py:188} INFO - [2026-06-10T22:16:50.242+0000] {dagbag.py:545} INFO - Filling up the DagBag from /home/airflow/.local/lib/python3.12/site-packages/airflow/example_dags/example_short_circuit_operator.py
[2026-06-10T22:16:50.253+0000] {processor.py:840} INFO - DAG(s) 'example_short_circuit_operator' retrieved from /home/airflow/.local/lib/python3.12/site-packages/airflow/example_dags/example_short_circuit_operator.py
[2026-06-10T22:16:50.415+0000] {logging_mixin.py:188} INFO - [2026-06-10T22:16:50.415+0000] {dag.py:3096} INFO - Sync 1 DAGs
[2026-06-10T22:16:50.440+0000] {logging_mixin.py:188} INFO - [2026-06-10T22:16:50.440+0000] {dag.py:3954} INFO - Setting next_dagrun for example_short_circuit_operator to 2026-06-09 00:00:00+00:00, run_after=2026-06-10 00:00:00+00:00
[2026-06-10T22:16:50.463+0000] {processor.py:183} INFO - Processing /home/airflow/.local/lib/python3.12/site-packages/airflow/example_dags/example_short_circuit_operator.py took 0.230 seconds
[2026-06-10T22:17:20.626+0000] {processor.py:161} INFO - Started process (PID=278) to work on /home/airflow/.local/lib/python3.12/site-packages/airflow/example_dags/example_short_circuit_operator.py
[2026-06-10T22:17:20.629+0000] {processor.py:830} INFO - Processing file /home/airflow/.local/lib/python3.12/site-packages/airflow/example_dags/example_short_circuit_operator.py for tasks to queue
[2026-06-10T22:17:20.631+0000] {logging_mixin.py:188} INFO - [2026-06-10T22:17:20.630+0000] {dagbag.py:545} INFO - Filling up the DagBag from /home/airflow/.local/lib/python3.12/site-packages/airflow/example_dags/example_short_circuit_operator.py
[2026-06-10T22:17:20.640+0000] {processor.py:840} INFO - DAG(s) 'example_short_circuit_operator' retrieved from /home/airflow/.local/lib/python3.12/site-packages/airflow/example_dags/example_short_circuit_operator.py
[2026-06-10T22:17:20.670+0000] {logging_mixin.py:188} INFO - [2026-06-10T22:17:20.670+0000] {dag.py:3096} INFO - Sync 1 DAGs
[2026-06-10T22:17:20.699+0000] {logging_mixin.py:188} INFO - [2026-06-10T22:17:20.699+0000] {dag.py:3954} INFO - Setting next_dagrun for example_short_circuit_operator to 2026-06-09 00:00:00+00:00, run_after=2026-06-10 00:00:00+00:00
[2026-06-10T22:17:20.724+0000] {processor.py:183} INFO - Processing /home/airflow/.local/lib/python3.12/site-packages/airflow/example_dags/example_short_circuit_operator.py took 0.105 seconds
[2026-06-10T22:17:51.257+0000] {processor.py:161} INFO - Started process (PID=338) to work on /home/airflow/.local/lib/python3.12/site-packages/airflow/example_dags/example_short_circuit_operator.py
[2026-06-10T22:17:51.274+0000] {processor.py:830} INFO - Processing file /home/airflow/.local/lib/python3.12/site-packages/airflow/example_dags/example_short_circuit_operator.py for tasks to queue
[2026-06-10T22:17:51.291+0000] {logging_mixin.py:188} INFO - [2026-06-10T22:17:51.289+0000] {dagbag.py:545} INFO - Filling up the DagBag from /home/airflow/.local/lib/python3.12/site-packages/airflow/example_dags/example_short_circuit_operator.py
[2026-06-10T22:17:51.349+0000] {processor.py:840} INFO - DAG(s) 'example_short_circuit_operator' retrieved from /home/airflow/.local/lib/python3.12/site-packages/airflow/example_dags/example_short_circuit_operator.py
[2026-06-10T22:17:51.472+0000] {logging_mixin.py:188} INFO - [2026-06-10T22:17:51.472+0000] {dag.py:3096} INFO - Sync 1 DAGs
[2026-06-10T22:17:51.565+0000] {logging_mixin.py:188} INFO - [2026-06-10T22:17:51.565+0000] {dag.py:3954} INFO - Setting next_dagrun for example_short_circuit_operator to 2026-06-09 00:00:00+00:00, run_after=2026-06-10 00:00:00+00:00
[2026-06-10T22:17:51.714+0000] {processor.py:183} INFO - Processing /home/airflow/.local/lib/python3.12/site-packages/airflow/example_dags/example_short_circuit_operator.py took 0.487 seconds
[2026-06-10T22:18:22.066+0000] {processor.py:161} INFO - Started process (PID=398) to work on /home/airflow/.local/lib/python3.12/site-packages/airflow/example_dags/example_short_circuit_operator.py
[2026-06-10T22:18:22.067+0000] {processor.py:830} INFO - Processing file /home/airflow/.local/lib/python3.12/site-packages/airflow/example_dags/example_short_circuit_operator.py for tasks to queue
[2026-06-10T22:18:22.069+0000] {logging_mixin.py:188} INFO - [2026-06-10T22:18:22.068+0000] {dagbag.py:545} INFO - Filling up the DagBag from /home/airflow/.local/lib/python3.12/site-packages/airflow/example_dags/example_short_circuit_operator.py
[2026-06-10T22:18:22.078+0000] {processor.py:840} INFO - DAG(s) 'example_short_circuit_operator' retrieved from /home/airflow/.local/lib/python3.12/site-packages/airflow/example_dags/example_short_circuit_operator.py
[2026-06-10T22:18:22.150+0000] {logging_mixin.py:188} INFO - [2026-06-10T22:18:22.149+0000] {dag.py:3096} INFO - Sync 1 DAGs
[2026-06-10T22:18:22.213+0000] {logging_mixin.py:188} INFO - [2026-06-10T22:18:22.213+0000] {dag.py:3954} INFO - Setting next_dagrun for example_short_circuit_operator to 2026-06-09 00:00:00+00:00, run_after=2026-06-10 00:00:00+00:00
[2026-06-10T22:18:22.279+0000] {processor.py:183} INFO - Processing /home/airflow/.local/lib/python3.12/site-packages/airflow/example_dags/example_short_circuit_operator.py took 0.226 seconds
[2026-06-10T22:18:52.471+0000] {processor.py:161} INFO - Started process (PID=458) to work on /home/airflow/.local/lib/python3.12/site-packages/airflow/example_dags/example_short_circuit_operator.py
[2026-06-10T22:18:52.474+0000] {processor.py:830} INFO - Processing file /home/airflow/.local/lib/python3.12/site-packages/airflow/example_dags/example_short_circuit_operator.py for tasks to queue
[2026-06-10T22:18:52.481+0000] {logging_mixin.py:188} INFO - [2026-06-10T22:18:52.481+0000] {dagbag.py:545} INFO - Filling up the DagBag from /home/airflow/.local/lib/python3.12/site-packages/airflow/example_dags/example_short_circuit_operator.py
[2026-06-10T22:18:52.507+0000] {processor.py:840} INFO - DAG(s) 'example_short_circuit_operator' retrieved from /home/airflow/.local/lib/python3.12/site-packages/airflow/example_dags/example_short_circuit_operator.py
[2026-06-10T22:18:52.574+0000] {logging_mixin.py:188} INFO - [2026-06-10T22:18:52.574+0000] {dag.py:3096} INFO - Sync 1 DAGs
[2026-06-10T22:18:52.612+0000] {logging_mixin.py:188} INFO - [2026-06-10T22:18:52.611+0000] {dag.py:3954} INFO - Setting next_dagrun for example_short_circuit_operator to 2026-06-09 00:00:00+00:00, run_after=2026-06-10 00:00:00+00:00
[2026-06-10T22:18:52.650+0000] {processor.py:183} INFO - Processing /home/airflow/.local/lib/python3.12/site-packages/airflow/example_dags/example_short_circuit_operator.py took 0.197 seconds
[2026-06-10T22:19:23.355+0000] {processor.py:161} INFO - Started process (PID=518) to work on /home/airflow/.local/lib/python3.12/site-packages/airflow/example_dags/example_short_circuit_operator.py
[2026-06-10T22:19:23.356+0000] {processor.py:830} INFO - Processing file /home/airflow/.local/lib/python3.12/site-packages/airflow/example_dags/example_short_circuit_operator.py for tasks to queue
[2026-06-10T22:19:23.358+0000] {logging_mixin.py:188} INFO - [2026-06-10T22:19:23.357+0000] {dagbag.py:545} INFO - Filling up the DagBag from /home/airflow/.local/lib/python3.12/site-packages/airflow/example_dags/example_short_circuit_operator.py
[2026-06-10T22:19:23.367+0000] {processor.py:840} INFO - DAG(s) 'example_short_circuit_operator' retrieved from /home/airflow/.local/lib/python3.12/site-packages/airflow/example_dags/example_short_circuit_operator.py
[2026-06-10T22:19:23.397+0000] {logging_mixin.py:188} INFO - [2026-06-10T22:19:23.397+0000] {dag.py:3096} INFO - Sync 1 DAGs
[2026-06-10T22:19:23.430+0000] {logging_mixin.py:188} INFO - [2026-06-10T22:19:23.430+0000] {dag.py:3954} INFO - Setting next_dagrun for example_short_circuit_operator to 2026-06-09 00:00:00+00:00, run_after=2026-06-10 00:00:00+00:00
[2026-06-10T22:19:23.473+0000] {processor.py:183} INFO - Processing /home/airflow/.local/lib/python3.12/site-packages/airflow/example_dags/example_short_circuit_operator.py took 0.125 seconds
[2026-06-10T22:19:54.067+0000] {processor.py:161} INFO - Started process (PID=578) to work on /home/airflow/.local/lib/python3.12/site-packages/airflow/example_dags/example_short_circuit_operator.py
[2026-06-10T22:19:54.070+0000] {processor.py:830} INFO - Processing file /home/airflow/.local/lib/python3.12/site-packages/airflow/example_dags/example_short_circuit_operator.py for tasks to queue
[2026-06-10T22:19:54.072+0000] {logging_mixin.py:188} INFO - [2026-06-10T22:19:54.072+0000] {dagbag.py:545} INFO - Filling up the DagBag from /home/airflow/.local/lib/python3.12/site-packages/airflow/example_dags/example_short_circuit_operator.py
[2026-06-10T22:19:54.084+0000] {processor.py:840} INFO - DAG(s) 'example_short_circuit_operator' retrieved from /home/airflow/.local/lib/python3.12/site-packages/airflow/example_dags/example_short_circuit_operator.py
[2026-06-10T22:19:54.158+0000] {logging_mixin.py:188} INFO - [2026-06-10T22:19:54.158+0000] {dag.py:3096} INFO - Sync 1 DAGs
[2026-06-10T22:19:54.188+0000] {logging_mixin.py:188} INFO - [2026-06-10T22:19:54.188+0000] {dag.py:3954} INFO - Setting next_dagrun for example_short_circuit_operator to 2026-06-09 00:00:00+00:00, run_after=2026-06-10 00:00:00+00:00
[2026-06-10T22:19:54.208+0000] {processor.py:183} INFO - Processing /home/airflow/.local/lib/python3.12/site-packages/airflow/example_dags/example_short_circuit_operator.py took 0.148 seconds
[2026-06-10T22:20:24.279+0000] {processor.py:161} INFO - Started process (PID=638) to work on /home/airflow/.local/lib/python3.12/site-packages/airflow/example_dags/example_short_circuit_operator.py
[2026-06-10T22:20:24.280+0000] {processor.py:830} INFO - Processing file /home/airflow/.local/lib/python3.12/site-packages/airflow/example_dags/example_short_circuit_operator.py for tasks to queue
[2026-06-10T22:20:24.282+0000] {logging_mixin.py:188} INFO - [2026-06-10T22:20:24.282+0000] {dagbag.py:545} INFO - Filling up the DagBag from /home/airflow/.local/lib/python3.12/site-packages/airflow/example_dags/example_short_circuit_operator.py
[2026-06-10T22:20:24.291+0000] {processor.py:840} INFO - DAG(s) 'example_short_circuit_operator' retrieved from /home/airflow/.local/lib/python3.12/site-packages/airflow/example_dags/example_short_circuit_operator.py
[2026-06-10T22:20:24.327+0000] {logging_mixin.py:188} INFO - [2026-06-10T22:20:24.326+0000] {dag.py:3096} INFO - Sync 1 DAGs
[2026-06-10T22:20:24.367+0000] {logging_mixin.py:188} INFO - [2026-06-10T22:20:24.367+0000] {dag.py:3954} INFO - Setting next_dagrun for example_short_circuit_operator to 2026-06-09 00:00:00+00:00, run_after=2026-06-10 00:00:00+00:00
[2026-06-10T22:20:24.398+0000] {processor.py:183} INFO - Processing /home/airflow/.local/lib/python3.12/site-packages/airflow/example_dags/example_short_circuit_operator.py took 0.125 seconds
[2026-06-10T22:20:54.926+0000] {processor.py:161} INFO - Started process (PID=698) to work on /home/airflow/.local/lib/python3.12/site-packages/airflow/example_dags/example_short_circuit_operator.py
[2026-06-10T22:20:54.932+0000] {processor.py:830} INFO - Processing file /home/airflow/.local/lib/python3.12/site-packages/airflow/example_dags/example_short_circuit_operator.py for tasks to queue
[2026-06-10T22:20:54.936+0000] {logging_mixin.py:188} INFO - [2026-06-10T22:20:54.935+0000] {dagbag.py:545} INFO - Filling up the DagBag from /home/airflow/.local/lib/python3.12/site-packages/airflow/example_dags/example_short_circuit_operator.py
[2026-06-10T22:20:54.971+0000] {processor.py:840} INFO - DAG(s) 'example_short_circuit_operator' retrieved from /home/airflow/.local/lib/python3.12/site-packages/airflow/example_dags/example_short_circuit_operator.py
[2026-06-10T22:20:55.065+0000] {logging_mixin.py:188} INFO - [2026-06-10T22:20:55.065+0000] {dag.py:3096} INFO - Sync 1 DAGs
[2026-06-10T22:20:55.146+0000] {logging_mixin.py:188} INFO - [2026-06-10T22:20:55.146+0000] {dag.py:3954} INFO - Setting next_dagrun for example_short_circuit_operator to 2026-06-09 00:00:00+00:00, run_after=2026-06-10 00:00:00+00:00
[2026-06-10T22:20:55.190+0000] {processor.py:183} INFO - Processing /home/airflow/.local/lib/python3.12/site-packages/airflow/example_dags/example_short_circuit_operator.py took 0.300 seconds
[2026-06-10T22:21:26.015+0000] {processor.py:161} INFO - Started process (PID=758) to work on /home/airflow/.local/lib/python3.12/site-packages/airflow/example_dags/example_short_circuit_operator.py
[2026-06-10T22:21:26.017+0000] {processor.py:830} INFO - Processing file /home/airflow/.local/lib/python3.12/site-packages/airflow/example_dags/example_short_circuit_operator.py for tasks to queue
[2026-06-10T22:21:26.019+0000] {logging_mixin.py:188} INFO - [2026-06-10T22:21:26.018+0000] {dagbag.py:545} INFO - Filling up the DagBag from /home/airflow/.local/lib/python3.12/site-packages/airflow/example_dags/example_short_circuit_operator.py
[2026-06-10T22:21:26.031+0000] {processor.py:840} INFO - DAG(s) 'example_short_circuit_operator' retrieved from /home/airflow/.local/lib/python3.12/site-packages/airflow/example_dags/example_short_circuit_operator.py
[2026-06-10T22:21:26.063+0000] {logging_mixin.py:188} INFO - [2026-06-10T22:21:26.063+0000] {dag.py:3096} INFO - Sync 1 DAGs
[2026-06-10T22:21:26.109+0000] {logging_mixin.py:188} INFO - [2026-06-10T22:21:26.108+0000] {dag.py:3954} INFO - Setting next_dagrun for example_short_circuit_operator to 2026-06-09 00:00:00+00:00, run_after=2026-06-10 00:00:00+00:00
[2026-06-10T22:21:26.137+0000] {processor.py:183} INFO - Processing /home/airflow/.local/lib/python3.12/site-packages/airflow/example_dags/example_short_circuit_operator.py took 0.128 seconds
[2026-06-10T22:21:56.462+0000] {processor.py:161} INFO - Started process (PID=818) to work on /home/airflow/.local/lib/python3.12/site-packages/airflow/example_dags/example_short_circuit_operator.py
[2026-06-10T22:21:56.463+0000] {processor.py:830} INFO - Processing file /home/airflow/.local/lib/python3.12/site-packages/airflow/example_dags/example_short_circuit_operator.py for tasks to queue
[2026-06-10T22:21:56.465+0000] {logging_mixin.py:188} INFO - [2026-06-10T22:21:56.465+0000] {dagbag.py:545} INFO - Filling up the DagBag from /home/airflow/.local/lib/python3.12/site-packages/airflow/example_dags/example_short_circuit_operator.py
[2026-06-10T22:21:56.474+0000] {processor.py:840} INFO - DAG(s) 'example_short_circuit_operator' retrieved from /home/airflow/.local/lib/python3.12/site-packages/airflow/example_dags/example_short_circuit_operator.py
[2026-06-10T22:21:56.506+0000] {logging_mixin.py:188} INFO - [2026-06-10T22:21:56.505+0000] {dag.py:3096} INFO - Sync 1 DAGs
[2026-06-10T22:21:56.536+0000] {logging_mixin.py:188} INFO - [2026-06-10T22:21:56.535+0000] {dag.py:3954} INFO - Setting next_dagrun for example_short_circuit_operator to 2026-06-09 00:00:00+00:00, run_after=2026-06-10 00:00:00+00:00
[2026-06-10T22:21:56.559+0000] {processor.py:183} INFO - Processing /home/airflow/.local/lib/python3.12/site-packages/airflow/example_dags/example_short_circuit_operator.py took 0.103 seconds
[2026-06-10T22:22:26.793+0000] {processor.py:161} INFO - Started process (PID=877) to work on /home/airflow/.local/lib/python3.12/site-packages/airflow/example_dags/example_short_circuit_operator.py
[2026-06-10T22:22:26.794+0000] {processor.py:830} INFO - Processing file /home/airflow/.local/lib/python3.12/site-packages/airflow/example_dags/example_short_circuit_operator.py for tasks to queue
[2026-06-10T22:22:26.796+0000] {logging_mixin.py:188} INFO - [2026-06-10T22:22:26.796+0000] {dagbag.py:545} INFO - Filling up the DagBag from /home/airflow/.local/lib/python3.12/site-packages/airflow/example_dags/example_short_circuit_operator.py
[2026-06-10T22:22:26.805+0000] {processor.py:840} INFO - DAG(s) 'example_short_circuit_operator' retrieved from /home/airflow/.local/lib/python3.12/site-packages/airflow/example_dags/example_short_circuit_operator.py
[2026-06-10T22:22:26.837+0000] {logging_mixin.py:188} INFO - [2026-06-10T22:22:26.836+0000] {dag.py:3096} INFO - Sync 1 DAGs
[2026-06-10T22:22:26.865+0000] {logging_mixin.py:188} INFO - [2026-06-10T22:22:26.865+0000] {dag.py:3954} INFO - Setting next_dagrun for example_short_circuit_operator to 2026-06-09 00:00:00+00:00, run_after=2026-06-10 00:00:00+00:00
[2026-06-10T22:22:26.887+0000] {processor.py:183} INFO - Processing /home/airflow/.local/lib/python3.12/site-packages/airflow/example_dags/example_short_circuit_operator.py took 0.100 seconds
[2026-06-10T22:22:57.579+0000] {processor.py:161} INFO - Started process (PID=937) to work on /home/airflow/.local/lib/python3.12/site-packages/airflow/example_dags/example_short_circuit_operator.py
[2026-06-10T22:22:57.582+0000] {processor.py:830} INFO - Processing file /home/airflow/.local/lib/python3.12/site-packages/airflow/example_dags/example_short_circuit_operator.py for tasks to queue
[2026-06-10T22:22:57.585+0000] {logging_mixin.py:188} INFO - [2026-06-10T22:22:57.583+0000] {dagbag.py:545} INFO - Filling up the DagBag from /home/airflow/.local/lib/python3.12/site-packages/airflow/example_dags/example_short_circuit_operator.py
[2026-06-10T22:22:57.596+0000] {processor.py:840} INFO - DAG(s) 'example_short_circuit_operator' retrieved from /home/airflow/.local/lib/python3.12/site-packages/airflow/example_dags/example_short_circuit_operator.py
[2026-06-10T22:22:57.628+0000] {logging_mixin.py:188} INFO - [2026-06-10T22:22:57.627+0000] {dag.py:3096} INFO - Sync 1 DAGs
[2026-06-10T22:22:57.657+0000] {logging_mixin.py:188} INFO - [2026-06-10T22:22:57.656+0000] {dag.py:3954} INFO - Setting next_dagrun for example_short_circuit_operator to 2026-06-09 00:00:00+00:00, run_after=2026-06-10 00:00:00+00:00
[2026-06-10T22:22:57.682+0000] {processor.py:183} INFO - Processing /home/airflow/.local/lib/python3.12/site-packages/airflow/example_dags/example_short_circuit_operator.py took 0.110 seconds
[2026-06-10T22:23:28.413+0000] {processor.py:161} INFO - Started process (PID=996) to work on /home/airflow/.local/lib/python3.12/site-packages/airflow/example_dags/example_short_circuit_operator.py
[2026-06-10T22:23:28.413+0000] {processor.py:830} INFO - Processing file /home/airflow/.local/lib/python3.12/site-packages/airflow/example_dags/example_short_circuit_operator.py for tasks to queue
[2026-06-10T22:23:28.415+0000] {logging_mixin.py:188} INFO - [2026-06-10T22:23:28.415+0000] {dagbag.py:545} INFO - Filling up the DagBag from /home/airflow/.local/lib/python3.12/site-packages/airflow/example_dags/example_short_circuit_operator.py
[2026-06-10T22:23:28.425+0000] {processor.py:840} INFO - DAG(s) 'example_short_circuit_operator' retrieved from /home/airflow/.local/lib/python3.12/site-packages/airflow/example_dags/example_short_circuit_operator.py
[2026-06-10T22:23:28.467+0000] {logging_mixin.py:188} INFO - [2026-06-10T22:23:28.467+0000] {dag.py:3096} INFO - Sync 1 DAGs
[2026-06-10T22:23:28.507+0000] {logging_mixin.py:188} INFO - [2026-06-10T22:23:28.507+0000] {dag.py:3954} INFO - Setting next_dagrun for example_short_circuit_operator to 2026-06-09 00:00:00+00:00, run_after=2026-06-10 00:00:00+00:00
[2026-06-10T22:23:28.527+0000] {processor.py:183} INFO - Processing /home/airflow/.local/lib/python3.12/site-packages/airflow/example_dags/example_short_circuit_operator.py took 0.121 seconds
[2026-06-10T22:23:58.842+0000] {processor.py:161} INFO - Started process (PID=1056) to work on /home/airflow/.local/lib/python3.12/site-packages/airflow/example_dags/example_short_circuit_operator.py
[2026-06-10T22:23:58.843+0000] {processor.py:830} INFO - Processing file /home/airflow/.local/lib/python3.12/site-packages/airflow/example_dags/example_short_circuit_operator.py for tasks to queue
[2026-06-10T22:23:58.847+0000] {logging_mixin.py:188} INFO - [2026-06-10T22:23:58.847+0000] {dagbag.py:545} INFO - Filling up the DagBag from /home/airflow/.local/lib/python3.12/site-packages/airflow/example_dags/example_short_circuit_operator.py
[2026-06-10T22:23:58.868+0000] {processor.py:840} INFO - DAG(s) 'example_short_circuit_operator' retrieved from /home/airflow/.local/lib/python3.12/site-packages/airflow/example_dags/example_short_circuit_operator.py
[2026-06-10T22:23:58.926+0000] {logging_mixin.py:188} INFO - [2026-06-10T22:23:58.926+0000] {dag.py:3096} INFO - Sync 1 DAGs
[2026-06-10T22:23:59.043+0000] {logging_mixin.py:188} INFO - [2026-06-10T22:23:59.043+0000] {dag.py:3954} INFO - Setting next_dagrun for example_short_circuit_operator to 2026-06-09 00:00:00+00:00, run_after=2026-06-10 00:00:00+00:00
[2026-06-10T22:23:59.172+0000] {processor.py:183} INFO - Processing /home/airflow/.local/lib/python3.12/site-packages/airflow/example_dags/example_short_circuit_operator.py took 0.350 seconds
[2026-06-10T22:24:29.560+0000] {processor.py:161} INFO - Started process (PID=1116) to work on /home/airflow/.local/lib/python3.12/site-packages/airflow/example_dags/example_short_circuit_operator.py
[2026-06-10T22:24:29.563+0000] {processor.py:830} INFO - Processing file /home/airflow/.local/lib/python3.12/site-packages/airflow/example_dags/example_short_circuit_operator.py for tasks to queue
[2026-06-10T22:24:29.567+0000] {logging_mixin.py:188} INFO - [2026-06-10T22:24:29.567+0000] {dagbag.py:545} INFO - Filling up the DagBag from /home/airflow/.local/lib/python3.12/site-packages/airflow/example_dags/example_short_circuit_operator.py
[2026-06-10T22:24:29.611+0000] {processor.py:840} INFO - DAG(s) 'example_short_circuit_operator' retrieved from /home/airflow/.local/lib/python3.12/site-packages/airflow/example_dags/example_short_circuit_operator.py
[2026-06-10T22:24:29.691+0000] {logging_mixin.py:188} INFO - [2026-06-10T22:24:29.690+0000] {dag.py:3096} INFO - Sync 1 DAGs
[2026-06-10T22:24:29.753+0000] {logging_mixin.py:188} INFO - [2026-06-10T22:24:29.749+0000] {dag.py:3954} INFO - Setting next_dagrun for example_short_circuit_operator to 2026-06-09 00:00:00+00:00, run_after=2026-06-10 00:00:00+00:00
[2026-06-10T22:24:29.807+0000] {processor.py:183} INFO - Processing /home/airflow/.local/lib/python3.12/site-packages/airflow/example_dags/example_short_circuit_operator.py took 0.290 seconds
[2026-06-10T22:25:00.083+0000] {processor.py:161} INFO - Started process (PID=1176) to work on /home/airflow/.local/lib/python3.12/site-packages/airflow/example_dags/example_short_circuit_operator.py
[2026-06-10T22:25:00.092+0000] {processor.py:830} INFO - Processing file /home/airflow/.local/lib/python3.12/site-packages/airflow/example_dags/example_short_circuit_operator.py for tasks to queue
[2026-06-10T22:25:00.095+0000] {logging_mixin.py:188} INFO - [2026-06-10T22:25:00.095+0000] {dagbag.py:545} INFO - Filling up the DagBag from /home/airflow/.local/lib/python3.12/site-packages/airflow/example_dags/example_short_circuit_operator.py
[2026-06-10T22:25:00.136+0000] {processor.py:840} INFO - DAG(s) 'example_short_circuit_operator' retrieved from /home/airflow/.local/lib/python3.12/site-packages/airflow/example_dags/example_short_circuit_operator.py
[2026-06-10T22:25:00.208+0000] {logging_mixin.py:188} INFO - [2026-06-10T22:25:00.208+0000] {dag.py:3096} INFO - Sync 1 DAGs
[2026-06-10T22:25:00.326+0000] {logging_mixin.py:188} INFO - [2026-06-10T22:25:00.325+0000] {dag.py:3954} INFO - Setting next_dagrun for example_short_circuit_operator to 2026-06-09 00:00:00+00:00, run_after=2026-06-10 00:00:00+00:00
[2026-06-10T22:25:00.372+0000] {processor.py:183} INFO - Processing /home/airflow/.local/lib/python3.12/site-packages/airflow/example_dags/example_short_circuit_operator.py took 0.336 seconds
[2026-06-10T22:25:31.089+0000] {processor.py:161} INFO - Started process (PID=1236) to work on /home/airflow/.local/lib/python3.12/site-packages/airflow/example_dags/example_short_circuit_operator.py
[2026-06-10T22:25:31.089+0000] {processor.py:830} INFO - Processing file /home/airflow/.local/lib/python3.12/site-packages/airflow/example_dags/example_short_circuit_operator.py for tasks to queue
[2026-06-10T22:25:31.091+0000] {logging_mixin.py:188} INFO - [2026-06-10T22:25:31.091+0000] {dagbag.py:545} INFO - Filling up the DagBag from /home/airflow/.local/lib/python3.12/site-packages/airflow/example_dags/example_short_circuit_operator.py
[2026-06-10T22:25:31.100+0000] {processor.py:840} INFO - DAG(s) 'example_short_circuit_operator' retrieved from /home/airflow/.local/lib/python3.12/site-packages/airflow/example_dags/example_short_circuit_operator.py
[2026-06-10T22:25:31.133+0000] {logging_mixin.py:188} INFO - [2026-06-10T22:25:31.132+0000] {dag.py:3096} INFO - Sync 1 DAGs
[2026-06-10T22:25:31.160+0000] {logging_mixin.py:188} INFO - [2026-06-10T22:25:31.160+0000] {dag.py:3954} INFO - Setting next_dagrun for example_short_circuit_operator to 2026-06-09 00:00:00+00:00, run_after=2026-06-10 00:00:00+00:00
[2026-06-10T22:25:31.183+0000] {processor.py:183} INFO - Processing /home/airflow/.local/lib/python3.12/site-packages/airflow/example_dags/example_short_circuit_operator.py took 0.101 seconds
[2026-06-10T22:26:01.805+0000] {processor.py:161} INFO - Started process (PID=1297) to work on /home/airflow/.local/lib/python3.12/site-packages/airflow/example_dags/example_short_circuit_operator.py
[2026-06-10T22:26:01.809+0000] {processor.py:830} INFO - Processing file /home/airflow/.local/lib/python3.12/site-packages/airflow/example_dags/example_short_circuit_operator.py for tasks to queue
[2026-06-10T22:26:01.816+0000] {logging_mixin.py:188} INFO - [2026-06-10T22:26:01.810+0000] {dagbag.py:545} INFO - Filling up the DagBag from /home/airflow/.local/lib/python3.12/site-packages/airflow/example_dags/example_short_circuit_operator.py
[2026-06-10T22:26:01.838+0000] {processor.py:840} INFO - DAG(s) 'example_short_circuit_operator' retrieved from /home/airflow/.local/lib/python3.12/site-packages/airflow/example_dags/example_short_circuit_operator.py
[2026-06-10T22:26:01.907+0000] {logging_mixin.py:188} INFO - [2026-06-10T22:26:01.907+0000] {dag.py:3096} INFO - Sync 1 DAGs
[2026-06-10T22:26:01.940+0000] {logging_mixin.py:188} INFO - [2026-06-10T22:26:01.940+0000] {dag.py:3954} INFO - Setting next_dagrun for example_short_circuit_operator to 2026-06-09 00:00:00+00:00, run_after=2026-06-10 00:00:00+00:00
[2026-06-10T22:26:01.959+0000] {processor.py:183} INFO - Processing /home/airflow/.local/lib/python3.12/site-packages/airflow/example_dags/example_short_circuit_operator.py took 0.173 seconds
[2026-06-10T22:26:32.571+0000] {processor.py:161} INFO - Started process (PID=1358) to work on /home/airflow/.local/lib/python3.12/site-packages/airflow/example_dags/example_short_circuit_operator.py
[2026-06-10T22:26:32.575+0000] {processor.py:830} INFO - Processing file /home/airflow/.local/lib/python3.12/site-packages/airflow/example_dags/example_short_circuit_operator.py for tasks to queue
[2026-06-10T22:26:32.579+0000] {logging_mixin.py:188} INFO - [2026-06-10T22:26:32.579+0000] {dagbag.py:545} INFO - Filling up the DagBag from /home/airflow/.local/lib/python3.12/site-packages/airflow/example_dags/example_short_circuit_operator.py
[2026-06-10T22:26:32.604+0000] {processor.py:840} INFO - DAG(s) 'example_short_circuit_operator' retrieved from /home/airflow/.local/lib/python3.12/site-packages/airflow/example_dags/example_short_circuit_operator.py
[2026-06-10T22:26:32.679+0000] {logging_mixin.py:188} INFO - [2026-06-10T22:26:32.679+0000] {dag.py:3096} INFO - Sync 1 DAGs
[2026-06-10T22:26:32.709+0000] {logging_mixin.py:188} INFO - [2026-06-10T22:26:32.709+0000] {dag.py:3954} INFO - Setting next_dagrun for example_short_circuit_operator to 2026-06-09 00:00:00+00:00, run_after=2026-06-10 00:00:00+00:00
[2026-06-10T22:26:32.730+0000] {processor.py:183} INFO - Processing /home/airflow/.local/lib/python3.12/site-packages/airflow/example_dags/example_short_circuit_operator.py took 0.168 seconds
[2026-06-10T22:27:03.501+0000] {processor.py:161} INFO - Started process (PID=1419) to work on /home/airflow/.local/lib/python3.12/site-packages/airflow/example_dags/example_short_circuit_operator.py
[2026-06-10T22:27:03.502+0000] {processor.py:830} INFO - Processing file /home/airflow/.local/lib/python3.12/site-packages/airflow/example_dags/example_short_circuit_operator.py for tasks to queue
[2026-06-10T22:27:03.504+0000] {logging_mixin.py:188} INFO - [2026-06-10T22:27:03.504+0000] {dagbag.py:545} INFO - Filling up the DagBag from /home/airflow/.local/lib/python3.12/site-packages/airflow/example_dags/example_short_circuit_operator.py
[2026-06-10T22:27:03.513+0000] {processor.py:840} INFO - DAG(s) 'example_short_circuit_operator' retrieved from /home/airflow/.local/lib/python3.12/site-packages/airflow/example_dags/example_short_circuit_operator.py
[2026-06-10T22:27:03.547+0000] {logging_mixin.py:188} INFO - [2026-06-10T22:27:03.546+0000] {dag.py:3096} INFO - Sync 1 DAGs
[2026-06-10T22:27:03.601+0000] {logging_mixin.py:188} INFO - [2026-06-10T22:27:03.601+0000] {dag.py:3954} INFO - Setting next_dagrun for example_short_circuit_operator to 2026-06-09 00:00:00+00:00, run_after=2026-06-10 00:00:00+00:00
[2026-06-10T22:27:03.636+0000] {processor.py:183} INFO - Processing /home/airflow/.local/lib/python3.12/site-packages/airflow/example_dags/example_short_circuit_operator.py took 0.141 seconds
[2026-06-10T22:27:34.498+0000] {processor.py:161} INFO - Started process (PID=1480) to work on /home/airflow/.local/lib/python3.12/site-packages/airflow/example_dags/example_short_circuit_operator.py
[2026-06-10T22:27:34.499+0000] {processor.py:830} INFO - Processing file /home/airflow/.local/lib/python3.12/site-packages/airflow/example_dags/example_short_circuit_operator.py for tasks to queue
[2026-06-10T22:27:34.501+0000] {logging_mixin.py:188} INFO - [2026-06-10T22:27:34.501+0000] {dagbag.py:545} INFO - Filling up the DagBag from /home/airflow/.local/lib/python3.12/site-packages/airflow/example_dags/example_short_circuit_operator.py
[2026-06-10T22:27:34.511+0000] {processor.py:840} INFO - DAG(s) 'example_short_circuit_operator' retrieved from /home/airflow/.local/lib/python3.12/site-packages/airflow/example_dags/example_short_circuit_operator.py
[2026-06-10T22:27:34.543+0000] {logging_mixin.py:188} INFO - [2026-06-10T22:27:34.542+0000] {dag.py:3096} INFO - Sync 1 DAGs
[2026-06-10T22:27:34.591+0000] {logging_mixin.py:188} INFO - [2026-06-10T22:27:34.591+0000] {dag.py:3954} INFO - Setting next_dagrun for example_short_circuit_operator to 2026-06-09 00:00:00+00:00, run_after=2026-06-10 00:00:00+00:00
[2026-06-10T22:27:34.627+0000] {processor.py:183} INFO - Processing /home/airflow/.local/lib/python3.12/site-packages/airflow/example_dags/example_short_circuit_operator.py took 0.135 seconds
[2026-06-10T22:28:05.335+0000] {processor.py:161} INFO - Started process (PID=1541) to work on /home/airflow/.local/lib/python3.12/site-packages/airflow/example_dags/example_short_circuit_operator.py
[2026-06-10T22:28:05.336+0000] {processor.py:830} INFO - Processing file /home/airflow/.local/lib/python3.12/site-packages/airflow/example_dags/example_short_circuit_operator.py for tasks to queue
[2026-06-10T22:28:05.338+0000] {logging_mixin.py:188} INFO - [2026-06-10T22:28:05.338+0000] {dagbag.py:545} INFO - Filling up the DagBag from /home/airflow/.local/lib/python3.12/site-packages/airflow/example_dags/example_short_circuit_operator.py
[2026-06-10T22:28:05.348+0000] {processor.py:840} INFO - DAG(s) 'example_short_circuit_operator' retrieved from /home/airflow/.local/lib/python3.12/site-packages/airflow/example_dags/example_short_circuit_operator.py
[2026-06-10T22:28:05.379+0000] {logging_mixin.py:188} INFO - [2026-06-10T22:28:05.379+0000] {dag.py:3096} INFO - Sync 1 DAGs
[2026-06-10T22:28:05.408+0000] {logging_mixin.py:188} INFO - [2026-06-10T22:28:05.408+0000] {dag.py:3954} INFO - Setting next_dagrun for example_short_circuit_operator to 2026-06-09 00:00:00+00:00, run_after=2026-06-10 00:00:00+00:00
[2026-06-10T22:28:05.430+0000] {processor.py:183} INFO - Processing /home/airflow/.local/lib/python3.12/site-packages/airflow/example_dags/example_short_circuit_operator.py took 0.102 seconds
[2026-06-10T22:28:36.054+0000] {processor.py:161} INFO - Started process (PID=1602) to work on /home/airflow/.local/lib/python3.12/site-packages/airflow/example_dags/example_short_circuit_operator.py
[2026-06-10T22:28:36.055+0000] {processor.py:830} INFO - Processing file /home/airflow/.local/lib/python3.12/site-packages/airflow/example_dags/example_short_circuit_operator.py for tasks to queue
[2026-06-10T22:28:36.057+0000] {logging_mixin.py:188} INFO - [2026-06-10T22:28:36.057+0000] {dagbag.py:545} INFO - Filling up the DagBag from /home/airflow/.local/lib/python3.12/site-packages/airflow/example_dags/example_short_circuit_operator.py
[2026-06-10T22:28:36.067+0000] {processor.py:840} INFO - DAG(s) 'example_short_circuit_operator' retrieved from /home/airflow/.local/lib/python3.12/site-packages/airflow/example_dags/example_short_circuit_operator.py
[2026-06-10T22:28:36.098+0000] {logging_mixin.py:188} INFO - [2026-06-10T22:28:36.098+0000] {dag.py:3096} INFO - Sync 1 DAGs
[2026-06-10T22:28:36.127+0000] {logging_mixin.py:188} INFO - [2026-06-10T22:28:36.126+0000] {dag.py:3954} INFO - Setting next_dagrun for example_short_circuit_operator to 2026-06-09 00:00:00+00:00, run_after=2026-06-10 00:00:00+00:00
[2026-06-10T22:28:36.323+0000] {processor.py:183} INFO - Processing /home/airflow/.local/lib/python3.12/site-packages/airflow/example_dags/example_short_circuit_operator.py took 0.275 seconds
[2026-06-10T22:29:06.624+0000] {processor.py:161} INFO - Started process (PID=1664) to work on /home/airflow/.local/lib/python3.12/site-packages/airflow/example_dags/example_short_circuit_operator.py
[2026-06-10T22:29:06.625+0000] {processor.py:830} INFO - Processing file /home/airflow/.local/lib/python3.12/site-packages/airflow/example_dags/example_short_circuit_operator.py for tasks to queue
[2026-06-10T22:29:06.628+0000] {logging_mixin.py:188} INFO - [2026-06-10T22:29:06.627+0000] {dagbag.py:545} INFO - Filling up the DagBag from /home/airflow/.local/lib/python3.12/site-packages/airflow/example_dags/example_short_circuit_operator.py
[2026-06-10T22:29:06.637+0000] {processor.py:840} INFO - DAG(s) 'example_short_circuit_operator' retrieved from /home/airflow/.local/lib/python3.12/site-packages/airflow/example_dags/example_short_circuit_operator.py
[2026-06-10T22:29:06.668+0000] {logging_mixin.py:188} INFO - [2026-06-10T22:29:06.668+0000] {dag.py:3096} INFO - Sync 1 DAGs
[2026-06-10T22:29:06.882+0000] {logging_mixin.py:188} INFO - [2026-06-10T22:29:06.882+0000] {dag.py:3954} INFO - Setting next_dagrun for example_short_circuit_operator to 2026-06-09 00:00:00+00:00, run_after=2026-06-10 00:00:00+00:00
[2026-06-10T22:29:06.900+0000] {processor.py:183} INFO - Processing /home/airflow/.local/lib/python3.12/site-packages/airflow/example_dags/example_short_circuit_operator.py took 0.283 seconds
[2026-06-10T22:29:37.539+0000] {processor.py:161} INFO - Started process (PID=1725) to work on /home/airflow/.local/lib/python3.12/site-packages/airflow/example_dags/example_short_circuit_operator.py
[2026-06-10T22:29:37.539+0000] {processor.py:830} INFO - Processing file /home/airflow/.local/lib/python3.12/site-packages/airflow/example_dags/example_short_circuit_operator.py for tasks to queue
[2026-06-10T22:29:37.542+0000] {logging_mixin.py:188} INFO - [2026-06-10T22:29:37.541+0000] {dagbag.py:545} INFO - Filling up the DagBag from /home/airflow/.local/lib/python3.12/site-packages/airflow/example_dags/example_short_circuit_operator.py
[2026-06-10T22:29:37.551+0000] {processor.py:840} INFO - DAG(s) 'example_short_circuit_operator' retrieved from /home/airflow/.local/lib/python3.12/site-packages/airflow/example_dags/example_short_circuit_operator.py
[2026-06-10T22:29:37.610+0000] {logging_mixin.py:188} INFO - [2026-06-10T22:29:37.610+0000] {dag.py:3096} INFO - Sync 1 DAGs
[2026-06-10T22:29:37.905+0000] {logging_mixin.py:188} INFO - [2026-06-10T22:29:37.904+0000] {dag.py:3954} INFO - Setting next_dagrun for example_short_circuit_operator to 2026-06-09 00:00:00+00:00, run_after=2026-06-10 00:00:00+00:00
[2026-06-10T22:29:37.958+0000] {processor.py:183} INFO - Processing /home/airflow/.local/lib/python3.12/site-packages/airflow/example_dags/example_short_circuit_operator.py took 0.433 seconds
[2026-06-10T22:30:08.407+0000] {processor.py:161} INFO - Started process (PID=1786) to work on /home/airflow/.local/lib/python3.12/site-packages/airflow/example_dags/example_short_circuit_operator.py
[2026-06-10T22:30:08.408+0000] {processor.py:830} INFO - Processing file /home/airflow/.local/lib/python3.12/site-packages/airflow/example_dags/example_short_circuit_operator.py for tasks to queue
[2026-06-10T22:30:08.411+0000] {logging_mixin.py:188} INFO - [2026-06-10T22:30:08.410+0000] {dagbag.py:545} INFO - Filling up the DagBag from /home/airflow/.local/lib/python3.12/site-packages/airflow/example_dags/example_short_circuit_operator.py
[2026-06-10T22:30:08.420+0000] {processor.py:840} INFO - DAG(s) 'example_short_circuit_operator' retrieved from /home/airflow/.local/lib/python3.12/site-packages/airflow/example_dags/example_short_circuit_operator.py
[2026-06-10T22:30:08.493+0000] {logging_mixin.py:188} INFO - [2026-06-10T22:30:08.492+0000] {dag.py:3096} INFO - Sync 1 DAGs
[2026-06-10T22:30:08.618+0000] {logging_mixin.py:188} INFO - [2026-06-10T22:30:08.618+0000] {dag.py:3954} INFO - Setting next_dagrun for example_short_circuit_operator to 2026-06-09 00:00:00+00:00, run_after=2026-06-10 00:00:00+00:00
[2026-06-10T22:30:08.666+0000] {processor.py:183} INFO - Processing /home/airflow/.local/lib/python3.12/site-packages/airflow/example_dags/example_short_circuit_operator.py took 0.273 seconds
[2026-06-10T22:30:38.735+0000] {processor.py:161} INFO - Started process (PID=1848) to work on /home/airflow/.local/lib/python3.12/site-packages/airflow/example_dags/example_short_circuit_operator.py
[2026-06-10T22:30:38.736+0000] {processor.py:830} INFO - Processing file /home/airflow/.local/lib/python3.12/site-packages/airflow/example_dags/example_short_circuit_operator.py for tasks to queue
[2026-06-10T22:30:38.737+0000] {logging_mixin.py:188} INFO - [2026-06-10T22:30:38.737+0000] {dagbag.py:545} INFO - Filling up the DagBag from /home/airflow/.local/lib/python3.12/site-packages/airflow/example_dags/example_short_circuit_operator.py
[2026-06-10T22:30:38.744+0000] {processor.py:840} INFO - DAG(s) 'example_short_circuit_operator' retrieved from /home/airflow/.local/lib/python3.12/site-packages/airflow/example_dags/example_short_circuit_operator.py
[2026-06-10T22:30:38.765+0000] {logging_mixin.py:188} INFO - [2026-06-10T22:30:38.765+0000] {dag.py:3096} INFO - Sync 1 DAGs
[2026-06-10T22:30:38.786+0000] {logging_mixin.py:188} INFO - [2026-06-10T22:30:38.786+0000] {dag.py:3954} INFO - Setting next_dagrun for example_short_circuit_operator to 2026-06-09 00:00:00+00:00, run_after=2026-06-10 00:00:00+00:00
[2026-06-10T22:30:38.811+0000] {processor.py:183} INFO - Processing /home/airflow/.local/lib/python3.12/site-packages/airflow/example_dags/example_short_circuit_operator.py took 0.081 seconds
[2026-06-10T22:31:09.574+0000] {processor.py:161} INFO - Started process (PID=1909) to work on /home/airflow/.local/lib/python3.12/site-packages/airflow/example_dags/example_short_circuit_operator.py
[2026-06-10T22:31:09.603+0000] {processor.py:830} INFO - Processing file /home/airflow/.local/lib/python3.12/site-packages/airflow/example_dags/example_short_circuit_operator.py for tasks to queue
[2026-06-10T22:31:09.619+0000] {logging_mixin.py:188} INFO - [2026-06-10T22:31:09.619+0000] {dagbag.py:545} INFO - Filling up the DagBag from /home/airflow/.local/lib/python3.12/site-packages/airflow/example_dags/example_short_circuit_operator.py
[2026-06-10T22:31:09.681+0000] {processor.py:840} INFO - DAG(s) 'example_short_circuit_operator' retrieved from /home/airflow/.local/lib/python3.12/site-packages/airflow/example_dags/example_short_circuit_operator.py
[2026-06-10T22:31:09.840+0000] {logging_mixin.py:188} INFO - [2026-06-10T22:31:09.836+0000] {dag.py:3096} INFO - Sync 1 DAGs
[2026-06-10T22:31:09.946+0000] {logging_mixin.py:188} INFO - [2026-06-10T22:31:09.946+0000] {dag.py:3954} INFO - Setting next_dagrun for example_short_circuit_operator to 2026-06-09 00:00:00+00:00, run_after=2026-06-10 00:00:00+00:00
[2026-06-10T22:31:09.972+0000] {processor.py:183} INFO - Processing /home/airflow/.local/lib/python3.12/site-packages/airflow/example_dags/example_short_circuit_operator.py took 0.459 seconds
[2026-06-10T22:31:40.632+0000] {processor.py:161} INFO - Started process (PID=1976) to work on /home/airflow/.local/lib/python3.12/site-packages/airflow/example_dags/example_short_circuit_operator.py
[2026-06-10T22:31:40.633+0000] {processor.py:830} INFO - Processing file /home/airflow/.local/lib/python3.12/site-packages/airflow/example_dags/example_short_circuit_operator.py for tasks to queue
[2026-06-10T22:31:40.635+0000] {logging_mixin.py:188} INFO - [2026-06-10T22:31:40.635+0000] {dagbag.py:545} INFO - Filling up the DagBag from /home/airflow/.local/lib/python3.12/site-packages/airflow/example_dags/example_short_circuit_operator.py
[2026-06-10T22:31:40.645+0000] {processor.py:840} INFO - DAG(s) 'example_short_circuit_operator' retrieved from /home/airflow/.local/lib/python3.12/site-packages/airflow/example_dags/example_short_circuit_operator.py
[2026-06-10T22:31:40.705+0000] {logging_mixin.py:188} INFO - [2026-06-10T22:31:40.705+0000] {dag.py:3096} INFO - Sync 1 DAGs
[2026-06-10T22:31:40.967+0000] {logging_mixin.py:188} INFO - [2026-06-10T22:31:40.961+0000] {dag.py:3954} INFO - Setting next_dagrun for example_short_circuit_operator to 2026-06-09 00:00:00+00:00, run_after=2026-06-10 00:00:00+00:00
[2026-06-10T22:31:41.080+0000] {processor.py:183} INFO - Processing /home/airflow/.local/lib/python3.12/site-packages/airflow/example_dags/example_short_circuit_operator.py took 0.454 seconds
[2026-06-10T22:32:11.813+0000] {processor.py:161} INFO - Started process (PID=2037) to work on /home/airflow/.local/lib/python3.12/site-packages/airflow/example_dags/example_short_circuit_operator.py
[2026-06-10T22:32:11.817+0000] {processor.py:830} INFO - Processing file /home/airflow/.local/lib/python3.12/site-packages/airflow/example_dags/example_short_circuit_operator.py for tasks to queue
[2026-06-10T22:32:11.819+0000] {logging_mixin.py:188} INFO - [2026-06-10T22:32:11.818+0000] {dagbag.py:545} INFO - Filling up the DagBag from /home/airflow/.local/lib/python3.12/site-packages/airflow/example_dags/example_short_circuit_operator.py
[2026-06-10T22:32:11.828+0000] {processor.py:840} INFO - DAG(s) 'example_short_circuit_operator' retrieved from /home/airflow/.local/lib/python3.12/site-packages/airflow/example_dags/example_short_circuit_operator.py
[2026-06-10T22:32:11.861+0000] {logging_mixin.py:188} INFO - [2026-06-10T22:32:11.860+0000] {dag.py:3096} INFO - Sync 1 DAGs
[2026-06-10T22:32:11.893+0000] {logging_mixin.py:188} INFO - [2026-06-10T22:32:11.893+0000] {dag.py:3954} INFO - Setting next_dagrun for example_short_circuit_operator to 2026-06-09 00:00:00+00:00, run_after=2026-06-10 00:00:00+00:00
[2026-06-10T22:32:11.913+0000] {processor.py:183} INFO - Processing /home/airflow/.local/lib/python3.12/site-packages/airflow/example_dags/example_short_circuit_operator.py took 0.107 seconds
[2026-06-10T22:32:42.348+0000] {processor.py:161} INFO - Started process (PID=2097) to work on /home/airflow/.local/lib/python3.12/site-packages/airflow/example_dags/example_short_circuit_operator.py
[2026-06-10T22:32:42.349+0000] {processor.py:830} INFO - Processing file /home/airflow/.local/lib/python3.12/site-packages/airflow/example_dags/example_short_circuit_operator.py for tasks to queue
[2026-06-10T22:32:42.351+0000] {logging_mixin.py:188} INFO - [2026-06-10T22:32:42.351+0000] {dagbag.py:545} INFO - Filling up the DagBag from /home/airflow/.local/lib/python3.12/site-packages/airflow/example_dags/example_short_circuit_operator.py
[2026-06-10T22:32:42.361+0000] {processor.py:840} INFO - DAG(s) 'example_short_circuit_operator' retrieved from /home/airflow/.local/lib/python3.12/site-packages/airflow/example_dags/example_short_circuit_operator.py
[2026-06-10T22:32:42.396+0000] {logging_mixin.py:188} INFO - [2026-06-10T22:32:42.396+0000] {dag.py:3096} INFO - Sync 1 DAGs
[2026-06-10T22:32:42.447+0000] {logging_mixin.py:188} INFO - [2026-06-10T22:32:42.447+0000] {dag.py:3954} INFO - Setting next_dagrun for example_short_circuit_operator to 2026-06-09 00:00:00+00:00, run_after=2026-06-10 00:00:00+00:00
[2026-06-10T22:32:42.471+0000] {processor.py:183} INFO - Processing /home/airflow/.local/lib/python3.12/site-packages/airflow/example_dags/example_short_circuit_operator.py took 0.132 seconds
[2026-06-10T22:33:13.180+0000] {processor.py:161} INFO - Started process (PID=2158) to work on /home/airflow/.local/lib/python3.12/site-packages/airflow/example_dags/example_short_circuit_operator.py
[2026-06-10T22:33:13.182+0000] {processor.py:830} INFO - Processing file /home/airflow/.local/lib/python3.12/site-packages/airflow/example_dags/example_short_circuit_operator.py for tasks to queue
[2026-06-10T22:33:13.184+0000] {logging_mixin.py:188} INFO - [2026-06-10T22:33:13.184+0000] {dagbag.py:545} INFO - Filling up the DagBag from /home/airflow/.local/lib/python3.12/site-packages/airflow/example_dags/example_short_circuit_operator.py
[2026-06-10T22:33:13.196+0000] {processor.py:840} INFO - DAG(s) 'example_short_circuit_operator' retrieved from /home/airflow/.local/lib/python3.12/site-packages/airflow/example_dags/example_short_circuit_operator.py
[2026-06-10T22:33:13.229+0000] {logging_mixin.py:188} INFO - [2026-06-10T22:33:13.229+0000] {dag.py:3096} INFO - Sync 1 DAGs
[2026-06-10T22:33:13.256+0000] {logging_mixin.py:188} INFO - [2026-06-10T22:33:13.256+0000] {dag.py:3954} INFO - Setting next_dagrun for example_short_circuit_operator to 2026-06-09 00:00:00+00:00, run_after=2026-06-10 00:00:00+00:00
[2026-06-10T22:33:13.277+0000] {processor.py:183} INFO - Processing /home/airflow/.local/lib/python3.12/site-packages/airflow/example_dags/example_short_circuit_operator.py took 0.104 seconds
[2026-06-10T22:33:43.809+0000] {processor.py:161} INFO - Started process (PID=2219) to work on /home/airflow/.local/lib/python3.12/site-packages/airflow/example_dags/example_short_circuit_operator.py
[2026-06-10T22:33:43.810+0000] {processor.py:830} INFO - Processing file /home/airflow/.local/lib/python3.12/site-packages/airflow/example_dags/example_short_circuit_operator.py for tasks to queue
[2026-06-10T22:33:43.813+0000] {logging_mixin.py:188} INFO - [2026-06-10T22:33:43.813+0000] {dagbag.py:545} INFO - Filling up the DagBag from /home/airflow/.local/lib/python3.12/site-packages/airflow/example_dags/example_short_circuit_operator.py
[2026-06-10T22:33:43.823+0000] {processor.py:840} INFO - DAG(s) 'example_short_circuit_operator' retrieved from /home/airflow/.local/lib/python3.12/site-packages/airflow/example_dags/example_short_circuit_operator.py
[2026-06-10T22:33:43.854+0000] {logging_mixin.py:188} INFO - [2026-06-10T22:33:43.853+0000] {dag.py:3096} INFO - Sync 1 DAGs
[2026-06-10T22:33:43.889+0000] {logging_mixin.py:188} INFO - [2026-06-10T22:33:43.889+0000] {dag.py:3954} INFO - Setting next_dagrun for example_short_circuit_operator to 2026-06-09 00:00:00+00:00, run_after=2026-06-10 00:00:00+00:00
[2026-06-10T22:33:43.910+0000] {processor.py:183} INFO - Processing /home/airflow/.local/lib/python3.12/site-packages/airflow/example_dags/example_short_circuit_operator.py took 0.107 seconds
[2026-06-10T22:34:14.438+0000] {processor.py:161} INFO - Started process (PID=2280) to work on /home/airflow/.local/lib/python3.12/site-packages/airflow/example_dags/example_short_circuit_operator.py
[2026-06-10T22:34:14.439+0000] {processor.py:830} INFO - Processing file /home/airflow/.local/lib/python3.12/site-packages/airflow/example_dags/example_short_circuit_operator.py for tasks to queue
[2026-06-10T22:34:14.441+0000] {logging_mixin.py:188} INFO - [2026-06-10T22:34:14.441+0000] {dagbag.py:545} INFO - Filling up the DagBag from /home/airflow/.local/lib/python3.12/site-packages/airflow/example_dags/example_short_circuit_operator.py
[2026-06-10T22:34:14.451+0000] {processor.py:840} INFO - DAG(s) 'example_short_circuit_operator' retrieved from /home/airflow/.local/lib/python3.12/site-packages/airflow/example_dags/example_short_circuit_operator.py
[2026-06-10T22:34:14.484+0000] {logging_mixin.py:188} INFO - [2026-06-10T22:34:14.483+0000] {dag.py:3096} INFO - Sync 1 DAGs
[2026-06-10T22:34:14.512+0000] {logging_mixin.py:188} INFO - [2026-06-10T22:34:14.512+0000] {dag.py:3954} INFO - Setting next_dagrun for example_short_circuit_operator to 2026-06-09 00:00:00+00:00, run_after=2026-06-10 00:00:00+00:00
[2026-06-10T22:34:14.535+0000] {processor.py:183} INFO - Processing /home/airflow/.local/lib/python3.12/site-packages/airflow/example_dags/example_short_circuit_operator.py took 0.104 seconds
[2026-06-10T22:34:44.934+0000] {processor.py:161} INFO - Started process (PID=2341) to work on /home/airflow/.local/lib/python3.12/site-packages/airflow/example_dags/example_short_circuit_operator.py
[2026-06-10T22:34:44.935+0000] {processor.py:830} INFO - Processing file /home/airflow/.local/lib/python3.12/site-packages/airflow/example_dags/example_short_circuit_operator.py for tasks to queue
[2026-06-10T22:34:44.937+0000] {logging_mixin.py:188} INFO - [2026-06-10T22:34:44.937+0000] {dagbag.py:545} INFO - Filling up the DagBag from /home/airflow/.local/lib/python3.12/site-packages/airflow/example_dags/example_short_circuit_operator.py
[2026-06-10T22:34:44.947+0000] {processor.py:840} INFO - DAG(s) 'example_short_circuit_operator' retrieved from /home/airflow/.local/lib/python3.12/site-packages/airflow/example_dags/example_short_circuit_operator.py
[2026-06-10T22:34:44.979+0000] {logging_mixin.py:188} INFO - [2026-06-10T22:34:44.979+0000] {dag.py:3096} INFO - Sync 1 DAGs
[2026-06-10T22:34:45.012+0000] {logging_mixin.py:188} INFO - [2026-06-10T22:34:45.012+0000] {dag.py:3954} INFO - Setting next_dagrun for example_short_circuit_operator to 2026-06-09 00:00:00+00:00, run_after=2026-06-10 00:00:00+00:00
[2026-06-10T22:34:45.037+0000] {processor.py:183} INFO - Processing /home/airflow/.local/lib/python3.12/site-packages/airflow/example_dags/example_short_circuit_operator.py took 0.110 seconds
[2026-06-10T22:35:15.202+0000] {processor.py:161} INFO - Started process (PID=2401) to work on /home/airflow/.local/lib/python3.12/site-packages/airflow/example_dags/example_short_circuit_operator.py
[2026-06-10T22:35:15.203+0000] {processor.py:830} INFO - Processing file /home/airflow/.local/lib/python3.12/site-packages/airflow/example_dags/example_short_circuit_operator.py for tasks to queue
[2026-06-10T22:35:15.205+0000] {logging_mixin.py:188} INFO - [2026-06-10T22:35:15.205+0000] {dagbag.py:545} INFO - Filling up the DagBag from /home/airflow/.local/lib/python3.12/site-packages/airflow/example_dags/example_short_circuit_operator.py
[2026-06-10T22:35:15.215+0000] {processor.py:840} INFO - DAG(s) 'example_short_circuit_operator' retrieved from /home/airflow/.local/lib/python3.12/site-packages/airflow/example_dags/example_short_circuit_operator.py
[2026-06-10T22:35:15.248+0000] {logging_mixin.py:188} INFO - [2026-06-10T22:35:15.248+0000] {dag.py:3096} INFO - Sync 1 DAGs
[2026-06-10T22:35:15.280+0000] {logging_mixin.py:188} INFO - [2026-06-10T22:35:15.280+0000] {dag.py:3954} INFO - Setting next_dagrun for example_short_circuit_operator to 2026-06-09 00:00:00+00:00, run_after=2026-06-10 00:00:00+00:00
[2026-06-10T22:35:15.303+0000] {processor.py:183} INFO - Processing /home/airflow/.local/lib/python3.12/site-packages/airflow/example_dags/example_short_circuit_operator.py took 0.109 seconds
[2026-06-10T22:35:45.482+0000] {processor.py:161} INFO - Started process (PID=2462) to work on /home/airflow/.local/lib/python3.12/site-packages/airflow/example_dags/example_short_circuit_operator.py
[2026-06-10T22:35:45.483+0000] {processor.py:830} INFO - Processing file /home/airflow/.local/lib/python3.12/site-packages/airflow/example_dags/example_short_circuit_operator.py for tasks to queue
[2026-06-10T22:35:45.487+0000] {logging_mixin.py:188} INFO - [2026-06-10T22:35:45.484+0000] {dagbag.py:545} INFO - Filling up the DagBag from /home/airflow/.local/lib/python3.12/site-packages/airflow/example_dags/example_short_circuit_operator.py
[2026-06-10T22:35:45.508+0000] {processor.py:840} INFO - DAG(s) 'example_short_circuit_operator' retrieved from /home/airflow/.local/lib/python3.12/site-packages/airflow/example_dags/example_short_circuit_operator.py
[2026-06-10T22:35:45.629+0000] {logging_mixin.py:188} INFO - [2026-06-10T22:35:45.624+0000] {dag.py:3096} INFO - Sync 1 DAGs
[2026-06-10T22:35:45.733+0000] {logging_mixin.py:188} INFO - [2026-06-10T22:35:45.733+0000] {dag.py:3954} INFO - Setting next_dagrun for example_short_circuit_operator to 2026-06-09 00:00:00+00:00, run_after=2026-06-10 00:00:00+00:00
[2026-06-10T22:35:45.754+0000] {processor.py:183} INFO - Processing /home/airflow/.local/lib/python3.12/site-packages/airflow/example_dags/example_short_circuit_operator.py took 0.292 seconds
[2026-06-10T22:36:15.976+0000] {processor.py:161} INFO - Started process (PID=2522) to work on /home/airflow/.local/lib/python3.12/site-packages/airflow/example_dags/example_short_circuit_operator.py
[2026-06-10T22:36:15.977+0000] {processor.py:830} INFO - Processing file /home/airflow/.local/lib/python3.12/site-packages/airflow/example_dags/example_short_circuit_operator.py for tasks to queue
[2026-06-10T22:36:15.979+0000] {logging_mixin.py:188} INFO - [2026-06-10T22:36:15.978+0000] {dagbag.py:545} INFO - Filling up the DagBag from /home/airflow/.local/lib/python3.12/site-packages/airflow/example_dags/example_short_circuit_operator.py
[2026-06-10T22:36:15.985+0000] {processor.py:840} INFO - DAG(s) 'example_short_circuit_operator' retrieved from /home/airflow/.local/lib/python3.12/site-packages/airflow/example_dags/example_short_circuit_operator.py
[2026-06-10T22:36:16.006+0000] {logging_mixin.py:188} INFO - [2026-06-10T22:36:16.006+0000] {dag.py:3096} INFO - Sync 1 DAGs
[2026-06-10T22:36:16.024+0000] {logging_mixin.py:188} INFO - [2026-06-10T22:36:16.024+0000] {dag.py:3954} INFO - Setting next_dagrun for example_short_circuit_operator to 2026-06-09 00:00:00+00:00, run_after=2026-06-10 00:00:00+00:00
[2026-06-10T22:36:16.039+0000] {processor.py:183} INFO - Processing /home/airflow/.local/lib/python3.12/site-packages/airflow/example_dags/example_short_circuit_operator.py took 0.068 seconds
[2026-06-10T22:36:46.891+0000] {processor.py:161} INFO - Started process (PID=2583) to work on /home/airflow/.local/lib/python3.12/site-packages/airflow/example_dags/example_short_circuit_operator.py
[2026-06-10T22:36:46.892+0000] {processor.py:830} INFO - Processing file /home/airflow/.local/lib/python3.12/site-packages/airflow/example_dags/example_short_circuit_operator.py for tasks to queue
[2026-06-10T22:36:46.894+0000] {logging_mixin.py:188} INFO - [2026-06-10T22:36:46.894+0000] {dagbag.py:545} INFO - Filling up the DagBag from /home/airflow/.local/lib/python3.12/site-packages/airflow/example_dags/example_short_circuit_operator.py
[2026-06-10T22:36:46.903+0000] {processor.py:840} INFO - DAG(s) 'example_short_circuit_operator' retrieved from /home/airflow/.local/lib/python3.12/site-packages/airflow/example_dags/example_short_circuit_operator.py
[2026-06-10T22:36:46.934+0000] {logging_mixin.py:188} INFO - [2026-06-10T22:36:46.933+0000] {dag.py:3096} INFO - Sync 1 DAGs
[2026-06-10T22:36:46.979+0000] {logging_mixin.py:188} INFO - [2026-06-10T22:36:46.979+0000] {dag.py:3954} INFO - Setting next_dagrun for example_short_circuit_operator to 2026-06-09 00:00:00+00:00, run_after=2026-06-10 00:00:00+00:00
[2026-06-10T22:36:47.006+0000] {processor.py:183} INFO - Processing /home/airflow/.local/lib/python3.12/site-packages/airflow/example_dags/example_short_circuit_operator.py took 0.123 seconds
[2026-06-10T22:37:17.110+0000] {processor.py:161} INFO - Started process (PID=2643) to work on /home/airflow/.local/lib/python3.12/site-packages/airflow/example_dags/example_short_circuit_operator.py
[2026-06-10T22:37:17.111+0000] {processor.py:830} INFO - Processing file /home/airflow/.local/lib/python3.12/site-packages/airflow/example_dags/example_short_circuit_operator.py for tasks to queue
[2026-06-10T22:37:17.113+0000] {logging_mixin.py:188} INFO - [2026-06-10T22:37:17.113+0000] {dagbag.py:545} INFO - Filling up the DagBag from /home/airflow/.local/lib/python3.12/site-packages/airflow/example_dags/example_short_circuit_operator.py
[2026-06-10T22:37:17.123+0000] {processor.py:840} INFO - DAG(s) 'example_short_circuit_operator' retrieved from /home/airflow/.local/lib/python3.12/site-packages/airflow/example_dags/example_short_circuit_operator.py
[2026-06-10T22:37:17.154+0000] {logging_mixin.py:188} INFO - [2026-06-10T22:37:17.154+0000] {dag.py:3096} INFO - Sync 1 DAGs
[2026-06-10T22:37:17.191+0000] {logging_mixin.py:188} INFO - [2026-06-10T22:37:17.191+0000] {dag.py:3954} INFO - Setting next_dagrun for example_short_circuit_operator to 2026-06-09 00:00:00+00:00, run_after=2026-06-10 00:00:00+00:00
[2026-06-10T22:37:17.215+0000] {processor.py:183} INFO - Processing /home/airflow/.local/lib/python3.12/site-packages/airflow/example_dags/example_short_circuit_operator.py took 0.113 seconds
[2026-06-10T22:37:47.336+0000] {processor.py:161} INFO - Started process (PID=2704) to work on /home/airflow/.local/lib/python3.12/site-packages/airflow/example_dags/example_short_circuit_operator.py
[2026-06-10T22:37:47.337+0000] {processor.py:830} INFO - Processing file /home/airflow/.local/lib/python3.12/site-packages/airflow/example_dags/example_short_circuit_operator.py for tasks to queue
[2026-06-10T22:37:47.338+0000] {logging_mixin.py:188} INFO - [2026-06-10T22:37:47.338+0000] {dagbag.py:545} INFO - Filling up the DagBag from /home/airflow/.local/lib/python3.12/site-packages/airflow/example_dags/example_short_circuit_operator.py
[2026-06-10T22:37:47.344+0000] {processor.py:840} INFO - DAG(s) 'example_short_circuit_operator' retrieved from /home/airflow/.local/lib/python3.12/site-packages/airflow/example_dags/example_short_circuit_operator.py
[2026-06-10T22:37:47.383+0000] {logging_mixin.py:188} INFO - [2026-06-10T22:37:47.383+0000] {dag.py:3096} INFO - Sync 1 DAGs
[2026-06-10T22:37:47.412+0000] {logging_mixin.py:188} INFO - [2026-06-10T22:37:47.412+0000] {dag.py:3954} INFO - Setting next_dagrun for example_short_circuit_operator to 2026-06-09 00:00:00+00:00, run_after=2026-06-10 00:00:00+00:00
[2026-06-10T22:37:47.443+0000] {processor.py:183} INFO - Processing /home/airflow/.local/lib/python3.12/site-packages/airflow/example_dags/example_short_circuit_operator.py took 0.112 seconds
[2026-06-10T22:38:17.881+0000] {processor.py:161} INFO - Started process (PID=2765) to work on /home/airflow/.local/lib/python3.12/site-packages/airflow/example_dags/example_short_circuit_operator.py
[2026-06-10T22:38:17.882+0000] {processor.py:830} INFO - Processing file /home/airflow/.local/lib/python3.12/site-packages/airflow/example_dags/example_short_circuit_operator.py for tasks to queue
[2026-06-10T22:38:17.884+0000] {logging_mixin.py:188} INFO - [2026-06-10T22:38:17.883+0000] {dagbag.py:545} INFO - Filling up the DagBag from /home/airflow/.local/lib/python3.12/site-packages/airflow/example_dags/example_short_circuit_operator.py
[2026-06-10T22:38:17.892+0000] {processor.py:840} INFO - DAG(s) 'example_short_circuit_operator' retrieved from /home/airflow/.local/lib/python3.12/site-packages/airflow/example_dags/example_short_circuit_operator.py
[2026-06-10T22:38:17.920+0000] {logging_mixin.py:188} INFO - [2026-06-10T22:38:17.919+0000] {dag.py:3096} INFO - Sync 1 DAGs
[2026-06-10T22:38:17.940+0000] {logging_mixin.py:188} INFO - [2026-06-10T22:38:17.940+0000] {dag.py:3954} INFO - Setting next_dagrun for example_short_circuit_operator to 2026-06-09 00:00:00+00:00, run_after=2026-06-10 00:00:00+00:00
[2026-06-10T22:38:17.956+0000] {processor.py:183} INFO - Processing /home/airflow/.local/lib/python3.12/site-packages/airflow/example_dags/example_short_circuit_operator.py took 0.082 seconds
[2026-06-10T22:38:48.850+0000] {processor.py:161} INFO - Started process (PID=2825) to work on /home/airflow/.local/lib/python3.12/site-packages/airflow/example_dags/example_short_circuit_operator.py
[2026-06-10T22:38:48.854+0000] {processor.py:830} INFO - Processing file /home/airflow/.local/lib/python3.12/site-packages/airflow/example_dags/example_short_circuit_operator.py for tasks to queue
[2026-06-10T22:38:48.862+0000] {logging_mixin.py:188} INFO - [2026-06-10T22:38:48.859+0000] {dagbag.py:545} INFO - Filling up the DagBag from /home/airflow/.local/lib/python3.12/site-packages/airflow/example_dags/example_short_circuit_operator.py
[2026-06-10T22:38:48.881+0000] {processor.py:840} INFO - DAG(s) 'example_short_circuit_operator' retrieved from /home/airflow/.local/lib/python3.12/site-packages/airflow/example_dags/example_short_circuit_operator.py
[2026-06-10T22:38:48.923+0000] {logging_mixin.py:188} INFO - [2026-06-10T22:38:48.923+0000] {dag.py:3096} INFO - Sync 1 DAGs
[2026-06-10T22:38:49.002+0000] {logging_mixin.py:188} INFO - [2026-06-10T22:38:49.002+0000] {dag.py:3954} INFO - Setting next_dagrun for example_short_circuit_operator to 2026-06-09 00:00:00+00:00, run_after=2026-06-10 00:00:00+00:00
[2026-06-10T22:38:49.031+0000] {processor.py:183} INFO - Processing /home/airflow/.local/lib/python3.12/site-packages/airflow/example_dags/example_short_circuit_operator.py took 0.189 seconds
[2026-06-10T22:39:19.365+0000] {processor.py:161} INFO - Started process (PID=2885) to work on /home/airflow/.local/lib/python3.12/site-packages/airflow/example_dags/example_short_circuit_operator.py
[2026-06-10T22:39:19.368+0000] {processor.py:830} INFO - Processing file /home/airflow/.local/lib/python3.12/site-packages/airflow/example_dags/example_short_circuit_operator.py for tasks to queue
[2026-06-10T22:39:19.370+0000] {logging_mixin.py:188} INFO - [2026-06-10T22:39:19.369+0000] {dagbag.py:545} INFO - Filling up the DagBag from /home/airflow/.local/lib/python3.12/site-packages/airflow/example_dags/example_short_circuit_operator.py
[2026-06-10T22:39:19.389+0000] {processor.py:840} INFO - DAG(s) 'example_short_circuit_operator' retrieved from /home/airflow/.local/lib/python3.12/site-packages/airflow/example_dags/example_short_circuit_operator.py
[2026-06-10T22:39:19.423+0000] {logging_mixin.py:188} INFO - [2026-06-10T22:39:19.423+0000] {dag.py:3096} INFO - Sync 1 DAGs
[2026-06-10T22:39:19.448+0000] {logging_mixin.py:188} INFO - [2026-06-10T22:39:19.448+0000] {dag.py:3954} INFO - Setting next_dagrun for example_short_circuit_operator to 2026-06-09 00:00:00+00:00, run_after=2026-06-10 00:00:00+00:00
[2026-06-10T22:39:19.463+0000] {processor.py:183} INFO - Processing /home/airflow/.local/lib/python3.12/site-packages/airflow/example_dags/example_short_circuit_operator.py took 0.105 seconds
[2026-06-10T22:39:49.626+0000] {processor.py:161} INFO - Started process (PID=2946) to work on /home/airflow/.local/lib/python3.12/site-packages/airflow/example_dags/example_short_circuit_operator.py
[2026-06-10T22:39:49.629+0000] {processor.py:830} INFO - Processing file /home/airflow/.local/lib/python3.12/site-packages/airflow/example_dags/example_short_circuit_operator.py for tasks to queue
[2026-06-10T22:39:49.635+0000] {logging_mixin.py:188} INFO - [2026-06-10T22:39:49.634+0000] {dagbag.py:545} INFO - Filling up the DagBag from /home/airflow/.local/lib/python3.12/site-packages/airflow/example_dags/example_short_circuit_operator.py
[2026-06-10T22:39:49.663+0000] {processor.py:840} INFO - DAG(s) 'example_short_circuit_operator' retrieved from /home/airflow/.local/lib/python3.12/site-packages/airflow/example_dags/example_short_circuit_operator.py
[2026-06-10T22:39:49.746+0000] {logging_mixin.py:188} INFO - [2026-06-10T22:39:49.746+0000] {dag.py:3096} INFO - Sync 1 DAGs
[2026-06-10T22:39:49.794+0000] {logging_mixin.py:188} INFO - [2026-06-10T22:39:49.794+0000] {dag.py:3954} INFO - Setting next_dagrun for example_short_circuit_operator to 2026-06-09 00:00:00+00:00, run_after=2026-06-10 00:00:00+00:00
[2026-06-10T22:39:49.852+0000] {processor.py:183} INFO - Processing /home/airflow/.local/lib/python3.12/site-packages/airflow/example_dags/example_short_circuit_operator.py took 0.243 seconds
[2026-06-10T22:40:20.840+0000] {processor.py:161} INFO - Started process (PID=3007) to work on /home/airflow/.local/lib/python3.12/site-packages/airflow/example_dags/example_short_circuit_operator.py
[2026-06-10T22:40:20.848+0000] {processor.py:830} INFO - Processing file /home/airflow/.local/lib/python3.12/site-packages/airflow/example_dags/example_short_circuit_operator.py for tasks to queue
[2026-06-10T22:40:20.856+0000] {logging_mixin.py:188} INFO - [2026-06-10T22:40:20.855+0000] {dagbag.py:545} INFO - Filling up the DagBag from /home/airflow/.local/lib/python3.12/site-packages/airflow/example_dags/example_short_circuit_operator.py
[2026-06-10T22:40:20.878+0000] {processor.py:840} INFO - DAG(s) 'example_short_circuit_operator' retrieved from /home/airflow/.local/lib/python3.12/site-packages/airflow/example_dags/example_short_circuit_operator.py
[2026-06-10T22:40:20.938+0000] {logging_mixin.py:188} INFO - [2026-06-10T22:40:20.938+0000] {dag.py:3096} INFO - Sync 1 DAGs
[2026-06-10T22:40:20.994+0000] {logging_mixin.py:188} INFO - [2026-06-10T22:40:20.994+0000] {dag.py:3954} INFO - Setting next_dagrun for example_short_circuit_operator to 2026-06-09 00:00:00+00:00, run_after=2026-06-10 00:00:00+00:00
[2026-06-10T22:40:21.030+0000] {processor.py:183} INFO - Processing /home/airflow/.local/lib/python3.12/site-packages/airflow/example_dags/example_short_circuit_operator.py took 0.247 seconds
[2026-06-10T22:40:51.703+0000] {processor.py:161} INFO - Started process (PID=3068) to work on /home/airflow/.local/lib/python3.12/site-packages/airflow/example_dags/example_short_circuit_operator.py
[2026-06-10T22:40:51.704+0000] {processor.py:830} INFO - Processing file /home/airflow/.local/lib/python3.12/site-packages/airflow/example_dags/example_short_circuit_operator.py for tasks to queue
[2026-06-10T22:40:51.706+0000] {logging_mixin.py:188} INFO - [2026-06-10T22:40:51.706+0000] {dagbag.py:545} INFO - Filling up the DagBag from /home/airflow/.local/lib/python3.12/site-packages/airflow/example_dags/example_short_circuit_operator.py
[2026-06-10T22:40:51.724+0000] {processor.py:840} INFO - DAG(s) 'example_short_circuit_operator' retrieved from /home/airflow/.local/lib/python3.12/site-packages/airflow/example_dags/example_short_circuit_operator.py
[2026-06-10T22:40:51.778+0000] {logging_mixin.py:188} INFO - [2026-06-10T22:40:51.778+0000] {dag.py:3096} INFO - Sync 1 DAGs
[2026-06-10T22:40:51.818+0000] {logging_mixin.py:188} INFO - [2026-06-10T22:40:51.818+0000] {dag.py:3954} INFO - Setting next_dagrun for example_short_circuit_operator to 2026-06-09 00:00:00+00:00, run_after=2026-06-10 00:00:00+00:00
[2026-06-10T22:40:51.849+0000] {processor.py:183} INFO - Processing /home/airflow/.local/lib/python3.12/site-packages/airflow/example_dags/example_short_circuit_operator.py took 0.167 seconds
[2026-06-10T22:41:22.205+0000] {processor.py:161} INFO - Started process (PID=3129) to work on /home/airflow/.local/lib/python3.12/site-packages/airflow/example_dags/example_short_circuit_operator.py
[2026-06-10T22:41:22.206+0000] {processor.py:830} INFO - Processing file /home/airflow/.local/lib/python3.12/site-packages/airflow/example_dags/example_short_circuit_operator.py for tasks to queue
[2026-06-10T22:41:22.208+0000] {logging_mixin.py:188} INFO - [2026-06-10T22:41:22.207+0000] {dagbag.py:545} INFO - Filling up the DagBag from /home/airflow/.local/lib/python3.12/site-packages/airflow/example_dags/example_short_circuit_operator.py
[2026-06-10T22:41:22.214+0000] {processor.py:840} INFO - DAG(s) 'example_short_circuit_operator' retrieved from /home/airflow/.local/lib/python3.12/site-packages/airflow/example_dags/example_short_circuit_operator.py
[2026-06-10T22:41:22.245+0000] {logging_mixin.py:188} INFO - [2026-06-10T22:41:22.245+0000] {dag.py:3096} INFO - Sync 1 DAGs
[2026-06-10T22:41:22.266+0000] {logging_mixin.py:188} INFO - [2026-06-10T22:41:22.266+0000] {dag.py:3954} INFO - Setting next_dagrun for example_short_circuit_operator to 2026-06-09 00:00:00+00:00, run_after=2026-06-10 00:00:00+00:00
[2026-06-10T22:41:22.300+0000] {processor.py:183} INFO - Processing /home/airflow/.local/lib/python3.12/site-packages/airflow/example_dags/example_short_circuit_operator.py took 0.103 seconds
[2026-06-10T22:41:52.992+0000] {processor.py:161} INFO - Started process (PID=3190) to work on /home/airflow/.local/lib/python3.12/site-packages/airflow/example_dags/example_short_circuit_operator.py
[2026-06-10T22:41:52.995+0000] {processor.py:830} INFO - Processing file /home/airflow/.local/lib/python3.12/site-packages/airflow/example_dags/example_short_circuit_operator.py for tasks to queue
[2026-06-10T22:41:53.000+0000] {logging_mixin.py:188} INFO - [2026-06-10T22:41:53.000+0000] {dagbag.py:545} INFO - Filling up the DagBag from /home/airflow/.local/lib/python3.12/site-packages/airflow/example_dags/example_short_circuit_operator.py
[2026-06-10T22:41:53.036+0000] {processor.py:840} INFO - DAG(s) 'example_short_circuit_operator' retrieved from /home/airflow/.local/lib/python3.12/site-packages/airflow/example_dags/example_short_circuit_operator.py
[2026-06-10T22:41:53.119+0000] {logging_mixin.py:188} INFO - [2026-06-10T22:41:53.119+0000] {dag.py:3096} INFO - Sync 1 DAGs
[2026-06-10T22:41:53.151+0000] {logging_mixin.py:188} INFO - [2026-06-10T22:41:53.150+0000] {dag.py:3954} INFO - Setting next_dagrun for example_short_circuit_operator to 2026-06-09 00:00:00+00:00, run_after=2026-06-10 00:00:00+00:00
[2026-06-10T22:41:53.189+0000] {processor.py:183} INFO - Processing /home/airflow/.local/lib/python3.12/site-packages/airflow/example_dags/example_short_circuit_operator.py took 0.236 seconds
[2026-06-10T22:42:23.252+0000] {processor.py:161} INFO - Started process (PID=3251) to work on /home/airflow/.local/lib/python3.12/site-packages/airflow/example_dags/example_short_circuit_operator.py
[2026-06-10T22:42:23.254+0000] {processor.py:830} INFO - Processing file /home/airflow/.local/lib/python3.12/site-packages/airflow/example_dags/example_short_circuit_operator.py for tasks to queue
[2026-06-10T22:42:23.258+0000] {logging_mixin.py:188} INFO - [2026-06-10T22:42:23.258+0000] {dagbag.py:545} INFO - Filling up the DagBag from /home/airflow/.local/lib/python3.12/site-packages/airflow/example_dags/example_short_circuit_operator.py
[2026-06-10T22:42:23.270+0000] {processor.py:840} INFO - DAG(s) 'example_short_circuit_operator' retrieved from /home/airflow/.local/lib/python3.12/site-packages/airflow/example_dags/example_short_circuit_operator.py
[2026-06-10T22:42:23.315+0000] {logging_mixin.py:188} INFO - [2026-06-10T22:42:23.314+0000] {dag.py:3096} INFO - Sync 1 DAGs
[2026-06-10T22:42:23.351+0000] {logging_mixin.py:188} INFO - [2026-06-10T22:42:23.350+0000] {dag.py:3954} INFO - Setting next_dagrun for example_short_circuit_operator to 2026-06-09 00:00:00+00:00, run_after=2026-06-10 00:00:00+00:00
[2026-06-10T22:42:23.372+0000] {processor.py:183} INFO - Processing /home/airflow/.local/lib/python3.12/site-packages/airflow/example_dags/example_short_circuit_operator.py took 0.129 seconds
[2026-06-10T22:42:53.445+0000] {processor.py:161} INFO - Started process (PID=3311) to work on /home/airflow/.local/lib/python3.12/site-packages/airflow/example_dags/example_short_circuit_operator.py
[2026-06-10T22:42:53.446+0000] {processor.py:830} INFO - Processing file /home/airflow/.local/lib/python3.12/site-packages/airflow/example_dags/example_short_circuit_operator.py for tasks to queue
[2026-06-10T22:42:53.448+0000] {logging_mixin.py:188} INFO - [2026-06-10T22:42:53.447+0000] {dagbag.py:545} INFO - Filling up the DagBag from /home/airflow/.local/lib/python3.12/site-packages/airflow/example_dags/example_short_circuit_operator.py
[2026-06-10T22:42:53.454+0000] {processor.py:840} INFO - DAG(s) 'example_short_circuit_operator' retrieved from /home/airflow/.local/lib/python3.12/site-packages/airflow/example_dags/example_short_circuit_operator.py
[2026-06-10T22:42:53.484+0000] {logging_mixin.py:188} INFO - [2026-06-10T22:42:53.484+0000] {dag.py:3096} INFO - Sync 1 DAGs
[2026-06-10T22:42:53.503+0000] {logging_mixin.py:188} INFO - [2026-06-10T22:42:53.503+0000] {dag.py:3954} INFO - Setting next_dagrun for example_short_circuit_operator to 2026-06-09 00:00:00+00:00, run_after=2026-06-10 00:00:00+00:00
[2026-06-10T22:42:53.519+0000] {processor.py:183} INFO - Processing /home/airflow/.local/lib/python3.12/site-packages/airflow/example_dags/example_short_circuit_operator.py took 0.080 seconds
[2026-06-10T22:43:23.710+0000] {processor.py:161} INFO - Started process (PID=3372) to work on /home/airflow/.local/lib/python3.12/site-packages/airflow/example_dags/example_short_circuit_operator.py
[2026-06-10T22:43:23.711+0000] {processor.py:830} INFO - Processing file /home/airflow/.local/lib/python3.12/site-packages/airflow/example_dags/example_short_circuit_operator.py for tasks to queue
[2026-06-10T22:43:23.713+0000] {logging_mixin.py:188} INFO - [2026-06-10T22:43:23.713+0000] {dagbag.py:545} INFO - Filling up the DagBag from /home/airflow/.local/lib/python3.12/site-packages/airflow/example_dags/example_short_circuit_operator.py
[2026-06-10T22:43:23.720+0000] {processor.py:840} INFO - DAG(s) 'example_short_circuit_operator' retrieved from /home/airflow/.local/lib/python3.12/site-packages/airflow/example_dags/example_short_circuit_operator.py
[2026-06-10T22:43:23.741+0000] {logging_mixin.py:188} INFO - [2026-06-10T22:43:23.740+0000] {dag.py:3096} INFO - Sync 1 DAGs
[2026-06-10T22:43:23.760+0000] {logging_mixin.py:188} INFO - [2026-06-10T22:43:23.760+0000] {dag.py:3954} INFO - Setting next_dagrun for example_short_circuit_operator to 2026-06-09 00:00:00+00:00, run_after=2026-06-10 00:00:00+00:00
[2026-06-10T22:43:23.779+0000] {processor.py:183} INFO - Processing /home/airflow/.local/lib/python3.12/site-packages/airflow/example_dags/example_short_circuit_operator.py took 0.074 seconds
[2026-06-10T22:43:54.625+0000] {processor.py:161} INFO - Started process (PID=3433) to work on /home/airflow/.local/lib/python3.12/site-packages/airflow/example_dags/example_short_circuit_operator.py
[2026-06-10T22:43:54.626+0000] {processor.py:830} INFO - Processing file /home/airflow/.local/lib/python3.12/site-packages/airflow/example_dags/example_short_circuit_operator.py for tasks to queue
[2026-06-10T22:43:54.628+0000] {logging_mixin.py:188} INFO - [2026-06-10T22:43:54.627+0000] {dagbag.py:545} INFO - Filling up the DagBag from /home/airflow/.local/lib/python3.12/site-packages/airflow/example_dags/example_short_circuit_operator.py
[2026-06-10T22:43:54.637+0000] {processor.py:840} INFO - DAG(s) 'example_short_circuit_operator' retrieved from /home/airflow/.local/lib/python3.12/site-packages/airflow/example_dags/example_short_circuit_operator.py
[2026-06-10T22:43:54.657+0000] {logging_mixin.py:188} INFO - [2026-06-10T22:43:54.657+0000] {dag.py:3096} INFO - Sync 1 DAGs
[2026-06-10T22:43:54.686+0000] {logging_mixin.py:188} INFO - [2026-06-10T22:43:54.685+0000] {dag.py:3954} INFO - Setting next_dagrun for example_short_circuit_operator to 2026-06-09 00:00:00+00:00, run_after=2026-06-10 00:00:00+00:00
[2026-06-10T22:43:54.701+0000] {processor.py:183} INFO - Processing /home/airflow/.local/lib/python3.12/site-packages/airflow/example_dags/example_short_circuit_operator.py took 0.084 seconds
[2026-06-10T22:44:25.176+0000] {processor.py:161} INFO - Started process (PID=3494) to work on /home/airflow/.local/lib/python3.12/site-packages/airflow/example_dags/example_short_circuit_operator.py
[2026-06-10T22:44:25.177+0000] {processor.py:830} INFO - Processing file /home/airflow/.local/lib/python3.12/site-packages/airflow/example_dags/example_short_circuit_operator.py for tasks to queue
[2026-06-10T22:44:25.180+0000] {logging_mixin.py:188} INFO - [2026-06-10T22:44:25.179+0000] {dagbag.py:545} INFO - Filling up the DagBag from /home/airflow/.local/lib/python3.12/site-packages/airflow/example_dags/example_short_circuit_operator.py
[2026-06-10T22:44:25.193+0000] {processor.py:840} INFO - DAG(s) 'example_short_circuit_operator' retrieved from /home/airflow/.local/lib/python3.12/site-packages/airflow/example_dags/example_short_circuit_operator.py
[2026-06-10T22:44:25.227+0000] {logging_mixin.py:188} INFO - [2026-06-10T22:44:25.227+0000] {dag.py:3096} INFO - Sync 1 DAGs
[2026-06-10T22:44:25.247+0000] {logging_mixin.py:188} INFO - [2026-06-10T22:44:25.246+0000] {dag.py:3954} INFO - Setting next_dagrun for example_short_circuit_operator to 2026-06-09 00:00:00+00:00, run_after=2026-06-10 00:00:00+00:00
[2026-06-10T22:44:25.263+0000] {processor.py:183} INFO - Processing /home/airflow/.local/lib/python3.12/site-packages/airflow/example_dags/example_short_circuit_operator.py took 0.095 seconds
[2026-06-10T22:44:56.017+0000] {processor.py:161} INFO - Started process (PID=3555) to work on /home/airflow/.local/lib/python3.12/site-packages/airflow/example_dags/example_short_circuit_operator.py
[2026-06-10T22:44:56.018+0000] {processor.py:830} INFO - Processing file /home/airflow/.local/lib/python3.12/site-packages/airflow/example_dags/example_short_circuit_operator.py for tasks to queue
[2026-06-10T22:44:56.020+0000] {logging_mixin.py:188} INFO - [2026-06-10T22:44:56.020+0000] {dagbag.py:545} INFO - Filling up the DagBag from /home/airflow/.local/lib/python3.12/site-packages/airflow/example_dags/example_short_circuit_operator.py
[2026-06-10T22:44:56.030+0000] {processor.py:840} INFO - DAG(s) 'example_short_circuit_operator' retrieved from /home/airflow/.local/lib/python3.12/site-packages/airflow/example_dags/example_short_circuit_operator.py
[2026-06-10T22:44:56.064+0000] {logging_mixin.py:188} INFO - [2026-06-10T22:44:56.064+0000] {dag.py:3096} INFO - Sync 1 DAGs
[2026-06-10T22:44:56.098+0000] {logging_mixin.py:188} INFO - [2026-06-10T22:44:56.097+0000] {dag.py:3954} INFO - Setting next_dagrun for example_short_circuit_operator to 2026-06-09 00:00:00+00:00, run_after=2026-06-10 00:00:00+00:00
[2026-06-10T22:44:56.122+0000] {processor.py:183} INFO - Processing /home/airflow/.local/lib/python3.12/site-packages/airflow/example_dags/example_short_circuit_operator.py took 0.113 seconds
[2026-06-10T22:45:26.627+0000] {processor.py:161} INFO - Started process (PID=3615) to work on /home/airflow/.local/lib/python3.12/site-packages/airflow/example_dags/example_short_circuit_operator.py
[2026-06-10T22:45:26.628+0000] {processor.py:830} INFO - Processing file /home/airflow/.local/lib/python3.12/site-packages/airflow/example_dags/example_short_circuit_operator.py for tasks to queue
[2026-06-10T22:45:26.629+0000] {logging_mixin.py:188} INFO - [2026-06-10T22:45:26.629+0000] {dagbag.py:545} INFO - Filling up the DagBag from /home/airflow/.local/lib/python3.12/site-packages/airflow/example_dags/example_short_circuit_operator.py
[2026-06-10T22:45:26.636+0000] {processor.py:840} INFO - DAG(s) 'example_short_circuit_operator' retrieved from /home/airflow/.local/lib/python3.12/site-packages/airflow/example_dags/example_short_circuit_operator.py
[2026-06-10T22:45:26.657+0000] {logging_mixin.py:188} INFO - [2026-06-10T22:45:26.656+0000] {dag.py:3096} INFO - Sync 1 DAGs
[2026-06-10T22:45:26.685+0000] {logging_mixin.py:188} INFO - [2026-06-10T22:45:26.685+0000] {dag.py:3954} INFO - Setting next_dagrun for example_short_circuit_operator to 2026-06-09 00:00:00+00:00, run_after=2026-06-10 00:00:00+00:00
[2026-06-10T22:45:26.701+0000] {processor.py:183} INFO - Processing /home/airflow/.local/lib/python3.12/site-packages/airflow/example_dags/example_short_circuit_operator.py took 0.079 seconds
[2026-06-10T22:45:57.433+0000] {processor.py:161} INFO - Started process (PID=3676) to work on /home/airflow/.local/lib/python3.12/site-packages/airflow/example_dags/example_short_circuit_operator.py
[2026-06-10T22:45:57.434+0000] {processor.py:830} INFO - Processing file /home/airflow/.local/lib/python3.12/site-packages/airflow/example_dags/example_short_circuit_operator.py for tasks to queue
[2026-06-10T22:45:57.435+0000] {logging_mixin.py:188} INFO - [2026-06-10T22:45:57.435+0000] {dagbag.py:545} INFO - Filling up the DagBag from /home/airflow/.local/lib/python3.12/site-packages/airflow/example_dags/example_short_circuit_operator.py
[2026-06-10T22:45:57.442+0000] {processor.py:840} INFO - DAG(s) 'example_short_circuit_operator' retrieved from /home/airflow/.local/lib/python3.12/site-packages/airflow/example_dags/example_short_circuit_operator.py
[2026-06-10T22:45:57.464+0000] {logging_mixin.py:188} INFO - [2026-06-10T22:45:57.464+0000] {dag.py:3096} INFO - Sync 1 DAGs
[2026-06-10T22:45:57.492+0000] {logging_mixin.py:188} INFO - [2026-06-10T22:45:57.492+0000] {dag.py:3954} INFO - Setting next_dagrun for example_short_circuit_operator to 2026-06-09 00:00:00+00:00, run_after=2026-06-10 00:00:00+00:00
[2026-06-10T22:45:57.508+0000] {processor.py:183} INFO - Processing /home/airflow/.local/lib/python3.12/site-packages/airflow/example_dags/example_short_circuit_operator.py took 0.081 seconds
[2026-06-10T22:46:27.753+0000] {processor.py:161} INFO - Started process (PID=3737) to work on /home/airflow/.local/lib/python3.12/site-packages/airflow/example_dags/example_short_circuit_operator.py
[2026-06-10T22:46:27.753+0000] {processor.py:830} INFO - Processing file /home/airflow/.local/lib/python3.12/site-packages/airflow/example_dags/example_short_circuit_operator.py for tasks to queue
[2026-06-10T22:46:27.755+0000] {logging_mixin.py:188} INFO - [2026-06-10T22:46:27.755+0000] {dagbag.py:545} INFO - Filling up the DagBag from /home/airflow/.local/lib/python3.12/site-packages/airflow/example_dags/example_short_circuit_operator.py
[2026-06-10T22:46:27.761+0000] {processor.py:840} INFO - DAG(s) 'example_short_circuit_operator' retrieved from /home/airflow/.local/lib/python3.12/site-packages/airflow/example_dags/example_short_circuit_operator.py
[2026-06-10T22:46:27.796+0000] {logging_mixin.py:188} INFO - [2026-06-10T22:46:27.796+0000] {dag.py:3096} INFO - Sync 1 DAGs
[2026-06-10T22:46:27.815+0000] {logging_mixin.py:188} INFO - [2026-06-10T22:46:27.815+0000] {dag.py:3954} INFO - Setting next_dagrun for example_short_circuit_operator to 2026-06-09 00:00:00+00:00, run_after=2026-06-10 00:00:00+00:00
[2026-06-10T22:46:27.833+0000] {processor.py:183} INFO - Processing /home/airflow/.local/lib/python3.12/site-packages/airflow/example_dags/example_short_circuit_operator.py took 0.085 seconds
[2026-06-10T22:46:58.471+0000] {processor.py:161} INFO - Started process (PID=3798) to work on /home/airflow/.local/lib/python3.12/site-packages/airflow/example_dags/example_short_circuit_operator.py
[2026-06-10T22:46:58.472+0000] {processor.py:830} INFO - Processing file /home/airflow/.local/lib/python3.12/site-packages/airflow/example_dags/example_short_circuit_operator.py for tasks to queue
[2026-06-10T22:46:58.474+0000] {logging_mixin.py:188} INFO - [2026-06-10T22:46:58.473+0000] {dagbag.py:545} INFO - Filling up the DagBag from /home/airflow/.local/lib/python3.12/site-packages/airflow/example_dags/example_short_circuit_operator.py
[2026-06-10T22:46:58.482+0000] {processor.py:840} INFO - DAG(s) 'example_short_circuit_operator' retrieved from /home/airflow/.local/lib/python3.12/site-packages/airflow/example_dags/example_short_circuit_operator.py
[2026-06-10T22:46:58.504+0000] {logging_mixin.py:188} INFO - [2026-06-10T22:46:58.504+0000] {dag.py:3096} INFO - Sync 1 DAGs
[2026-06-10T22:46:58.522+0000] {logging_mixin.py:188} INFO - [2026-06-10T22:46:58.522+0000] {dag.py:3954} INFO - Setting next_dagrun for example_short_circuit_operator to 2026-06-09 00:00:00+00:00, run_after=2026-06-10 00:00:00+00:00
[2026-06-10T22:46:58.537+0000] {processor.py:183} INFO - Processing /home/airflow/.local/lib/python3.12/site-packages/airflow/example_dags/example_short_circuit_operator.py took 0.073 seconds
[2026-06-10T22:47:28.941+0000] {processor.py:161} INFO - Started process (PID=3859) to work on /home/airflow/.local/lib/python3.12/site-packages/airflow/example_dags/example_short_circuit_operator.py
[2026-06-10T22:47:28.943+0000] {processor.py:830} INFO - Processing file /home/airflow/.local/lib/python3.12/site-packages/airflow/example_dags/example_short_circuit_operator.py for tasks to queue
[2026-06-10T22:47:28.945+0000] {logging_mixin.py:188} INFO - [2026-06-10T22:47:28.944+0000] {dagbag.py:545} INFO - Filling up the DagBag from /home/airflow/.local/lib/python3.12/site-packages/airflow/example_dags/example_short_circuit_operator.py
[2026-06-10T22:47:28.954+0000] {processor.py:840} INFO - DAG(s) 'example_short_circuit_operator' retrieved from /home/airflow/.local/lib/python3.12/site-packages/airflow/example_dags/example_short_circuit_operator.py
[2026-06-10T22:47:28.989+0000] {logging_mixin.py:188} INFO - [2026-06-10T22:47:28.989+0000] {dag.py:3096} INFO - Sync 1 DAGs
[2026-06-10T22:47:29.019+0000] {logging_mixin.py:188} INFO - [2026-06-10T22:47:29.019+0000] {dag.py:3954} INFO - Setting next_dagrun for example_short_circuit_operator to 2026-06-09 00:00:00+00:00, run_after=2026-06-10 00:00:00+00:00
[2026-06-10T22:47:29.040+0000] {processor.py:183} INFO - Processing /home/airflow/.local/lib/python3.12/site-packages/airflow/example_dags/example_short_circuit_operator.py took 0.105 seconds
[2026-06-10T22:47:59.554+0000] {processor.py:161} INFO - Started process (PID=3920) to work on /home/airflow/.local/lib/python3.12/site-packages/airflow/example_dags/example_short_circuit_operator.py
[2026-06-10T22:47:59.555+0000] {processor.py:830} INFO - Processing file /home/airflow/.local/lib/python3.12/site-packages/airflow/example_dags/example_short_circuit_operator.py for tasks to queue
[2026-06-10T22:47:59.557+0000] {logging_mixin.py:188} INFO - [2026-06-10T22:47:59.557+0000] {dagbag.py:545} INFO - Filling up the DagBag from /home/airflow/.local/lib/python3.12/site-packages/airflow/example_dags/example_short_circuit_operator.py
[2026-06-10T22:47:59.564+0000] {processor.py:840} INFO - DAG(s) 'example_short_circuit_operator' retrieved from /home/airflow/.local/lib/python3.12/site-packages/airflow/example_dags/example_short_circuit_operator.py
[2026-06-10T22:47:59.593+0000] {logging_mixin.py:188} INFO - [2026-06-10T22:47:59.593+0000] {dag.py:3096} INFO - Sync 1 DAGs
[2026-06-10T22:47:59.612+0000] {logging_mixin.py:188} INFO - [2026-06-10T22:47:59.612+0000] {dag.py:3954} INFO - Setting next_dagrun for example_short_circuit_operator to 2026-06-09 00:00:00+00:00, run_after=2026-06-10 00:00:00+00:00
[2026-06-10T22:47:59.628+0000] {processor.py:183} INFO - Processing /home/airflow/.local/lib/python3.12/site-packages/airflow/example_dags/example_short_circuit_operator.py took 0.084 seconds
[2026-06-10T22:48:30.026+0000] {processor.py:161} INFO - Started process (PID=3980) to work on /home/airflow/.local/lib/python3.12/site-packages/airflow/example_dags/example_short_circuit_operator.py
[2026-06-10T22:48:30.027+0000] {processor.py:830} INFO - Processing file /home/airflow/.local/lib/python3.12/site-packages/airflow/example_dags/example_short_circuit_operator.py for tasks to queue
[2026-06-10T22:48:30.031+0000] {logging_mixin.py:188} INFO - [2026-06-10T22:48:30.031+0000] {dagbag.py:545} INFO - Filling up the DagBag from /home/airflow/.local/lib/python3.12/site-packages/airflow/example_dags/example_short_circuit_operator.py
[2026-06-10T22:48:30.049+0000] {processor.py:840} INFO - DAG(s) 'example_short_circuit_operator' retrieved from /home/airflow/.local/lib/python3.12/site-packages/airflow/example_dags/example_short_circuit_operator.py
[2026-06-10T22:48:30.112+0000] {logging_mixin.py:188} INFO - [2026-06-10T22:48:30.112+0000] {dag.py:3096} INFO - Sync 1 DAGs
[2026-06-10T22:48:30.173+0000] {logging_mixin.py:188} INFO - [2026-06-10T22:48:30.170+0000] {dag.py:3954} INFO - Setting next_dagrun for example_short_circuit_operator to 2026-06-09 00:00:00+00:00, run_after=2026-06-10 00:00:00+00:00
[2026-06-10T22:48:30.217+0000] {processor.py:183} INFO - Processing /home/airflow/.local/lib/python3.12/site-packages/airflow/example_dags/example_short_circuit_operator.py took 0.207 seconds
[2026-06-10T22:49:00.543+0000] {processor.py:161} INFO - Started process (PID=4038) to work on /home/airflow/.local/lib/python3.12/site-packages/airflow/example_dags/example_short_circuit_operator.py
[2026-06-10T22:49:00.547+0000] {processor.py:830} INFO - Processing file /home/airflow/.local/lib/python3.12/site-packages/airflow/example_dags/example_short_circuit_operator.py for tasks to queue
[2026-06-10T22:49:00.549+0000] {logging_mixin.py:188} INFO - [2026-06-10T22:49:00.549+0000] {dagbag.py:545} INFO - Filling up the DagBag from /home/airflow/.local/lib/python3.12/site-packages/airflow/example_dags/example_short_circuit_operator.py
[2026-06-10T22:49:00.561+0000] {processor.py:840} INFO - DAG(s) 'example_short_circuit_operator' retrieved from /home/airflow/.local/lib/python3.12/site-packages/airflow/example_dags/example_short_circuit_operator.py
[2026-06-10T22:49:00.618+0000] {logging_mixin.py:188} INFO - [2026-06-10T22:49:00.618+0000] {dag.py:3096} INFO - Sync 1 DAGs
[2026-06-10T22:49:00.679+0000] {logging_mixin.py:188} INFO - [2026-06-10T22:49:00.679+0000] {dag.py:3954} INFO - Setting next_dagrun for example_short_circuit_operator to 2026-06-09 00:00:00+00:00, run_after=2026-06-10 00:00:00+00:00
[2026-06-10T22:49:00.746+0000] {processor.py:183} INFO - Processing /home/airflow/.local/lib/python3.12/site-packages/airflow/example_dags/example_short_circuit_operator.py took 0.216 seconds
[2026-06-10T22:49:31.789+0000] {processor.py:161} INFO - Started process (PID=4099) to work on /home/airflow/.local/lib/python3.12/site-packages/airflow/example_dags/example_short_circuit_operator.py
[2026-06-10T22:49:31.790+0000] {processor.py:830} INFO - Processing file /home/airflow/.local/lib/python3.12/site-packages/airflow/example_dags/example_short_circuit_operator.py for tasks to queue
[2026-06-10T22:49:31.792+0000] {logging_mixin.py:188} INFO - [2026-06-10T22:49:31.792+0000] {dagbag.py:545} INFO - Filling up the DagBag from /home/airflow/.local/lib/python3.12/site-packages/airflow/example_dags/example_short_circuit_operator.py
[2026-06-10T22:49:31.802+0000] {processor.py:840} INFO - DAG(s) 'example_short_circuit_operator' retrieved from /home/airflow/.local/lib/python3.12/site-packages/airflow/example_dags/example_short_circuit_operator.py
[2026-06-10T22:49:31.833+0000] {logging_mixin.py:188} INFO - [2026-06-10T22:49:31.833+0000] {dag.py:3096} INFO - Sync 1 DAGs
[2026-06-10T22:49:31.861+0000] {logging_mixin.py:188} INFO - [2026-06-10T22:49:31.861+0000] {dag.py:3954} INFO - Setting next_dagrun for example_short_circuit_operator to 2026-06-09 00:00:00+00:00, run_after=2026-06-10 00:00:00+00:00
[2026-06-10T22:49:31.882+0000] {processor.py:183} INFO - Processing /home/airflow/.local/lib/python3.12/site-packages/airflow/example_dags/example_short_circuit_operator.py took 0.105 seconds
[2026-06-10T22:50:02.336+0000] {processor.py:161} INFO - Started process (PID=4160) to work on /home/airflow/.local/lib/python3.12/site-packages/airflow/example_dags/example_short_circuit_operator.py
[2026-06-10T22:50:02.338+0000] {processor.py:830} INFO - Processing file /home/airflow/.local/lib/python3.12/site-packages/airflow/example_dags/example_short_circuit_operator.py for tasks to queue
[2026-06-10T22:50:02.341+0000] {logging_mixin.py:188} INFO - [2026-06-10T22:50:02.340+0000] {dagbag.py:545} INFO - Filling up the DagBag from /home/airflow/.local/lib/python3.12/site-packages/airflow/example_dags/example_short_circuit_operator.py
[2026-06-10T22:50:02.359+0000] {processor.py:840} INFO - DAG(s) 'example_short_circuit_operator' retrieved from /home/airflow/.local/lib/python3.12/site-packages/airflow/example_dags/example_short_circuit_operator.py
[2026-06-10T22:50:02.456+0000] {logging_mixin.py:188} INFO - [2026-06-10T22:50:02.455+0000] {dag.py:3096} INFO - Sync 1 DAGs
[2026-06-10T22:50:02.561+0000] {logging_mixin.py:188} INFO - [2026-06-10T22:50:02.560+0000] {dag.py:3954} INFO - Setting next_dagrun for example_short_circuit_operator to 2026-06-09 00:00:00+00:00, run_after=2026-06-10 00:00:00+00:00
[2026-06-10T22:50:02.602+0000] {processor.py:183} INFO - Processing /home/airflow/.local/lib/python3.12/site-packages/airflow/example_dags/example_short_circuit_operator.py took 0.274 seconds
[2026-06-10T22:50:33.480+0000] {processor.py:161} INFO - Started process (PID=4221) to work on /home/airflow/.local/lib/python3.12/site-packages/airflow/example_dags/example_short_circuit_operator.py
[2026-06-10T22:50:33.484+0000] {processor.py:830} INFO - Processing file /home/airflow/.local/lib/python3.12/site-packages/airflow/example_dags/example_short_circuit_operator.py for tasks to queue
[2026-06-10T22:50:33.486+0000] {logging_mixin.py:188} INFO - [2026-06-10T22:50:33.486+0000] {dagbag.py:545} INFO - Filling up the DagBag from /home/airflow/.local/lib/python3.12/site-packages/airflow/example_dags/example_short_circuit_operator.py
[2026-06-10T22:50:33.501+0000] {processor.py:840} INFO - DAG(s) 'example_short_circuit_operator' retrieved from /home/airflow/.local/lib/python3.12/site-packages/airflow/example_dags/example_short_circuit_operator.py
[2026-06-10T22:50:33.543+0000] {logging_mixin.py:188} INFO - [2026-06-10T22:50:33.542+0000] {dag.py:3096} INFO - Sync 1 DAGs
[2026-06-10T22:50:33.574+0000] {logging_mixin.py:188} INFO - [2026-06-10T22:50:33.573+0000] {dag.py:3954} INFO - Setting next_dagrun for example_short_circuit_operator to 2026-06-09 00:00:00+00:00, run_after=2026-06-10 00:00:00+00:00
[2026-06-10T22:50:33.594+0000] {processor.py:183} INFO - Processing /home/airflow/.local/lib/python3.12/site-packages/airflow/example_dags/example_short_circuit_operator.py took 0.122 seconds
[2026-06-10T22:51:04.817+0000] {processor.py:161} INFO - Started process (PID=4282) to work on /home/airflow/.local/lib/python3.12/site-packages/airflow/example_dags/example_short_circuit_operator.py
[2026-06-10T22:51:04.819+0000] {processor.py:830} INFO - Processing file /home/airflow/.local/lib/python3.12/site-packages/airflow/example_dags/example_short_circuit_operator.py for tasks to queue
[2026-06-10T22:51:04.821+0000] {logging_mixin.py:188} INFO - [2026-06-10T22:51:04.821+0000] {dagbag.py:545} INFO - Filling up the DagBag from /home/airflow/.local/lib/python3.12/site-packages/airflow/example_dags/example_short_circuit_operator.py
[2026-06-10T22:51:04.833+0000] {processor.py:840} INFO - DAG(s) 'example_short_circuit_operator' retrieved from /home/airflow/.local/lib/python3.12/site-packages/airflow/example_dags/example_short_circuit_operator.py
[2026-06-10T22:51:04.869+0000] {logging_mixin.py:188} INFO - [2026-06-10T22:51:04.868+0000] {dag.py:3096} INFO - Sync 1 DAGs
[2026-06-10T22:51:04.900+0000] {logging_mixin.py:188} INFO - [2026-06-10T22:51:04.900+0000] {dag.py:3954} INFO - Setting next_dagrun for example_short_circuit_operator to 2026-06-09 00:00:00+00:00, run_after=2026-06-10 00:00:00+00:00
[2026-06-10T22:51:04.935+0000] {processor.py:183} INFO - Processing /home/airflow/.local/lib/python3.12/site-packages/airflow/example_dags/example_short_circuit_operator.py took 0.135 seconds
[2026-06-10T22:51:35.795+0000] {processor.py:161} INFO - Started process (PID=4343) to work on /home/airflow/.local/lib/python3.12/site-packages/airflow/example_dags/example_short_circuit_operator.py
[2026-06-10T22:51:35.799+0000] {processor.py:830} INFO - Processing file /home/airflow/.local/lib/python3.12/site-packages/airflow/example_dags/example_short_circuit_operator.py for tasks to queue
[2026-06-10T22:51:35.801+0000] {logging_mixin.py:188} INFO - [2026-06-10T22:51:35.800+0000] {dagbag.py:545} INFO - Filling up the DagBag from /home/airflow/.local/lib/python3.12/site-packages/airflow/example_dags/example_short_circuit_operator.py
[2026-06-10T22:51:35.820+0000] {processor.py:840} INFO - DAG(s) 'example_short_circuit_operator' retrieved from /home/airflow/.local/lib/python3.12/site-packages/airflow/example_dags/example_short_circuit_operator.py
[2026-06-10T22:51:35.897+0000] {logging_mixin.py:188} INFO - [2026-06-10T22:51:35.896+0000] {dag.py:3096} INFO - Sync 1 DAGs
[2026-06-10T22:51:35.974+0000] {logging_mixin.py:188} INFO - [2026-06-10T22:51:35.968+0000] {dag.py:3954} INFO - Setting next_dagrun for example_short_circuit_operator to 2026-06-09 00:00:00+00:00, run_after=2026-06-10 00:00:00+00:00
[2026-06-10T22:51:36.034+0000] {processor.py:183} INFO - Processing /home/airflow/.local/lib/python3.12/site-packages/airflow/example_dags/example_short_circuit_operator.py took 0.247 seconds
[2026-06-10T22:52:06.870+0000] {processor.py:161} INFO - Started process (PID=4404) to work on /home/airflow/.local/lib/python3.12/site-packages/airflow/example_dags/example_short_circuit_operator.py
[2026-06-10T22:52:06.874+0000] {processor.py:830} INFO - Processing file /home/airflow/.local/lib/python3.12/site-packages/airflow/example_dags/example_short_circuit_operator.py for tasks to queue
[2026-06-10T22:52:06.876+0000] {logging_mixin.py:188} INFO - [2026-06-10T22:52:06.876+0000] {dagbag.py:545} INFO - Filling up the DagBag from /home/airflow/.local/lib/python3.12/site-packages/airflow/example_dags/example_short_circuit_operator.py
[2026-06-10T22:52:06.891+0000] {processor.py:840} INFO - DAG(s) 'example_short_circuit_operator' retrieved from /home/airflow/.local/lib/python3.12/site-packages/airflow/example_dags/example_short_circuit_operator.py
[2026-06-10T22:52:06.919+0000] {logging_mixin.py:188} INFO - [2026-06-10T22:52:06.919+0000] {dag.py:3096} INFO - Sync 1 DAGs
[2026-06-10T22:52:06.946+0000] {logging_mixin.py:188} INFO - [2026-06-10T22:52:06.946+0000] {dag.py:3954} INFO - Setting next_dagrun for example_short_circuit_operator to 2026-06-09 00:00:00+00:00, run_after=2026-06-10 00:00:00+00:00
[2026-06-10T22:52:06.971+0000] {processor.py:183} INFO - Processing /home/airflow/.local/lib/python3.12/site-packages/airflow/example_dags/example_short_circuit_operator.py took 0.109 seconds
[2026-06-10T22:52:37.926+0000] {processor.py:161} INFO - Started process (PID=4465) to work on /home/airflow/.local/lib/python3.12/site-packages/airflow/example_dags/example_short_circuit_operator.py
[2026-06-10T22:52:37.931+0000] {processor.py:830} INFO - Processing file /home/airflow/.local/lib/python3.12/site-packages/airflow/example_dags/example_short_circuit_operator.py for tasks to queue
[2026-06-10T22:52:37.933+0000] {logging_mixin.py:188} INFO - [2026-06-10T22:52:37.933+0000] {dagbag.py:545} INFO - Filling up the DagBag from /home/airflow/.local/lib/python3.12/site-packages/airflow/example_dags/example_short_circuit_operator.py
[2026-06-10T22:52:37.942+0000] {processor.py:840} INFO - DAG(s) 'example_short_circuit_operator' retrieved from /home/airflow/.local/lib/python3.12/site-packages/airflow/example_dags/example_short_circuit_operator.py
[2026-06-10T22:52:37.984+0000] {logging_mixin.py:188} INFO - [2026-06-10T22:52:37.983+0000] {dag.py:3096} INFO - Sync 1 DAGs
[2026-06-10T22:52:38.019+0000] {logging_mixin.py:188} INFO - [2026-06-10T22:52:38.019+0000] {dag.py:3954} INFO - Setting next_dagrun for example_short_circuit_operator to 2026-06-09 00:00:00+00:00, run_after=2026-06-10 00:00:00+00:00
[2026-06-10T22:52:38.043+0000] {processor.py:183} INFO - Processing /home/airflow/.local/lib/python3.12/site-packages/airflow/example_dags/example_short_circuit_operator.py took 0.127 seconds
[2026-06-10T22:53:08.312+0000] {processor.py:161} INFO - Started process (PID=4526) to work on /home/airflow/.local/lib/python3.12/site-packages/airflow/example_dags/example_short_circuit_operator.py
[2026-06-10T22:53:08.315+0000] {processor.py:830} INFO - Processing file /home/airflow/.local/lib/python3.12/site-packages/airflow/example_dags/example_short_circuit_operator.py for tasks to queue
[2026-06-10T22:53:08.317+0000] {logging_mixin.py:188} INFO - [2026-06-10T22:53:08.317+0000] {dagbag.py:545} INFO - Filling up the DagBag from /home/airflow/.local/lib/python3.12/site-packages/airflow/example_dags/example_short_circuit_operator.py
[2026-06-10T22:53:08.335+0000] {processor.py:840} INFO - DAG(s) 'example_short_circuit_operator' retrieved from /home/airflow/.local/lib/python3.12/site-packages/airflow/example_dags/example_short_circuit_operator.py
[2026-06-10T22:53:08.367+0000] {logging_mixin.py:188} INFO - [2026-06-10T22:53:08.367+0000] {dag.py:3096} INFO - Sync 1 DAGs
[2026-06-10T22:53:08.402+0000] {logging_mixin.py:188} INFO - [2026-06-10T22:53:08.402+0000] {dag.py:3954} INFO - Setting next_dagrun for example_short_circuit_operator to 2026-06-09 00:00:00+00:00, run_after=2026-06-10 00:00:00+00:00
[2026-06-10T22:53:08.422+0000] {processor.py:183} INFO - Processing /home/airflow/.local/lib/python3.12/site-packages/airflow/example_dags/example_short_circuit_operator.py took 0.119 seconds
[2026-06-10T22:53:38.719+0000] {processor.py:161} INFO - Started process (PID=4586) to work on /home/airflow/.local/lib/python3.12/site-packages/airflow/example_dags/example_short_circuit_operator.py
[2026-06-10T22:53:38.724+0000] {processor.py:830} INFO - Processing file /home/airflow/.local/lib/python3.12/site-packages/airflow/example_dags/example_short_circuit_operator.py for tasks to queue
[2026-06-10T22:53:38.726+0000] {logging_mixin.py:188} INFO - [2026-06-10T22:53:38.725+0000] {dagbag.py:545} INFO - Filling up the DagBag from /home/airflow/.local/lib/python3.12/site-packages/airflow/example_dags/example_short_circuit_operator.py
[2026-06-10T22:53:38.736+0000] {processor.py:840} INFO - DAG(s) 'example_short_circuit_operator' retrieved from /home/airflow/.local/lib/python3.12/site-packages/airflow/example_dags/example_short_circuit_operator.py
[2026-06-10T22:53:38.771+0000] {logging_mixin.py:188} INFO - [2026-06-10T22:53:38.770+0000] {dag.py:3096} INFO - Sync 1 DAGs
[2026-06-10T22:53:38.803+0000] {logging_mixin.py:188} INFO - [2026-06-10T22:53:38.803+0000] {dag.py:3954} INFO - Setting next_dagrun for example_short_circuit_operator to 2026-06-09 00:00:00+00:00, run_after=2026-06-10 00:00:00+00:00
[2026-06-10T22:53:38.831+0000] {processor.py:183} INFO - Processing /home/airflow/.local/lib/python3.12/site-packages/airflow/example_dags/example_short_circuit_operator.py took 0.124 seconds
[2026-06-10T22:54:09.456+0000] {processor.py:161} INFO - Started process (PID=4648) to work on /home/airflow/.local/lib/python3.12/site-packages/airflow/example_dags/example_short_circuit_operator.py
[2026-06-10T22:54:09.461+0000] {processor.py:830} INFO - Processing file /home/airflow/.local/lib/python3.12/site-packages/airflow/example_dags/example_short_circuit_operator.py for tasks to queue
[2026-06-10T22:54:09.462+0000] {logging_mixin.py:188} INFO - [2026-06-10T22:54:09.462+0000] {dagbag.py:545} INFO - Filling up the DagBag from /home/airflow/.local/lib/python3.12/site-packages/airflow/example_dags/example_short_circuit_operator.py
[2026-06-10T22:54:09.473+0000] {processor.py:840} INFO - DAG(s) 'example_short_circuit_operator' retrieved from /home/airflow/.local/lib/python3.12/site-packages/airflow/example_dags/example_short_circuit_operator.py
[2026-06-10T22:54:09.514+0000] {logging_mixin.py:188} INFO - [2026-06-10T22:54:09.514+0000] {dag.py:3096} INFO - Sync 1 DAGs
[2026-06-10T22:54:09.543+0000] {logging_mixin.py:188} INFO - [2026-06-10T22:54:09.543+0000] {dag.py:3954} INFO - Setting next_dagrun for example_short_circuit_operator to 2026-06-09 00:00:00+00:00, run_after=2026-06-10 00:00:00+00:00
[2026-06-10T22:54:09.570+0000] {processor.py:183} INFO - Processing /home/airflow/.local/lib/python3.12/site-packages/airflow/example_dags/example_short_circuit_operator.py took 0.121 seconds
[2026-06-10T22:54:40.433+0000] {processor.py:161} INFO - Started process (PID=4709) to work on /home/airflow/.local/lib/python3.12/site-packages/airflow/example_dags/example_short_circuit_operator.py
[2026-06-10T22:54:40.436+0000] {processor.py:830} INFO - Processing file /home/airflow/.local/lib/python3.12/site-packages/airflow/example_dags/example_short_circuit_operator.py for tasks to queue
[2026-06-10T22:54:40.439+0000] {logging_mixin.py:188} INFO - [2026-06-10T22:54:40.438+0000] {dagbag.py:545} INFO - Filling up the DagBag from /home/airflow/.local/lib/python3.12/site-packages/airflow/example_dags/example_short_circuit_operator.py
[2026-06-10T22:54:40.452+0000] {processor.py:840} INFO - DAG(s) 'example_short_circuit_operator' retrieved from /home/airflow/.local/lib/python3.12/site-packages/airflow/example_dags/example_short_circuit_operator.py
[2026-06-10T22:54:40.490+0000] {logging_mixin.py:188} INFO - [2026-06-10T22:54:40.490+0000] {dag.py:3096} INFO - Sync 1 DAGs
[2026-06-10T22:54:40.524+0000] {logging_mixin.py:188} INFO - [2026-06-10T22:54:40.523+0000] {dag.py:3954} INFO - Setting next_dagrun for example_short_circuit_operator to 2026-06-09 00:00:00+00:00, run_after=2026-06-10 00:00:00+00:00
[2026-06-10T22:54:40.554+0000] {processor.py:183} INFO - Processing /home/airflow/.local/lib/python3.12/site-packages/airflow/example_dags/example_short_circuit_operator.py took 0.134 seconds
[2026-06-10T22:55:10.826+0000] {processor.py:161} INFO - Started process (PID=4769) to work on /home/airflow/.local/lib/python3.12/site-packages/airflow/example_dags/example_short_circuit_operator.py
[2026-06-10T22:55:10.828+0000] {processor.py:830} INFO - Processing file /home/airflow/.local/lib/python3.12/site-packages/airflow/example_dags/example_short_circuit_operator.py for tasks to queue
[2026-06-10T22:55:10.829+0000] {logging_mixin.py:188} INFO - [2026-06-10T22:55:10.829+0000] {dagbag.py:545} INFO - Filling up the DagBag from /home/airflow/.local/lib/python3.12/site-packages/airflow/example_dags/example_short_circuit_operator.py
[2026-06-10T22:55:10.841+0000] {processor.py:840} INFO - DAG(s) 'example_short_circuit_operator' retrieved from /home/airflow/.local/lib/python3.12/site-packages/airflow/example_dags/example_short_circuit_operator.py
[2026-06-10T22:55:10.873+0000] {logging_mixin.py:188} INFO - [2026-06-10T22:55:10.873+0000] {dag.py:3096} INFO - Sync 1 DAGs
[2026-06-10T22:55:10.902+0000] {logging_mixin.py:188} INFO - [2026-06-10T22:55:10.902+0000] {dag.py:3954} INFO - Setting next_dagrun for example_short_circuit_operator to 2026-06-09 00:00:00+00:00, run_after=2026-06-10 00:00:00+00:00
[2026-06-10T22:55:10.928+0000] {processor.py:183} INFO - Processing /home/airflow/.local/lib/python3.12/site-packages/airflow/example_dags/example_short_circuit_operator.py took 0.112 seconds
[2026-06-10T22:55:42.006+0000] {processor.py:161} INFO - Started process (PID=4830) to work on /home/airflow/.local/lib/python3.12/site-packages/airflow/example_dags/example_short_circuit_operator.py
[2026-06-10T22:55:42.010+0000] {processor.py:830} INFO - Processing file /home/airflow/.local/lib/python3.12/site-packages/airflow/example_dags/example_short_circuit_operator.py for tasks to queue
[2026-06-10T22:55:42.013+0000] {logging_mixin.py:188} INFO - [2026-06-10T22:55:42.012+0000] {dagbag.py:545} INFO - Filling up the DagBag from /home/airflow/.local/lib/python3.12/site-packages/airflow/example_dags/example_short_circuit_operator.py
[2026-06-10T22:55:42.035+0000] {processor.py:840} INFO - DAG(s) 'example_short_circuit_operator' retrieved from /home/airflow/.local/lib/python3.12/site-packages/airflow/example_dags/example_short_circuit_operator.py
[2026-06-10T22:55:42.076+0000] {logging_mixin.py:188} INFO - [2026-06-10T22:55:42.075+0000] {dag.py:3096} INFO - Sync 1 DAGs
[2026-06-10T22:55:42.161+0000] {logging_mixin.py:188} INFO - [2026-06-10T22:55:42.159+0000] {dag.py:3954} INFO - Setting next_dagrun for example_short_circuit_operator to 2026-06-09 00:00:00+00:00, run_after=2026-06-10 00:00:00+00:00
[2026-06-10T22:55:42.212+0000] {processor.py:183} INFO - Processing /home/airflow/.local/lib/python3.12/site-packages/airflow/example_dags/example_short_circuit_operator.py took 0.226 seconds
[2026-06-10T22:56:12.921+0000] {processor.py:161} INFO - Started process (PID=4891) to work on /home/airflow/.local/lib/python3.12/site-packages/airflow/example_dags/example_short_circuit_operator.py
[2026-06-10T22:56:12.925+0000] {processor.py:830} INFO - Processing file /home/airflow/.local/lib/python3.12/site-packages/airflow/example_dags/example_short_circuit_operator.py for tasks to queue
[2026-06-10T22:56:12.927+0000] {logging_mixin.py:188} INFO - [2026-06-10T22:56:12.927+0000] {dagbag.py:545} INFO - Filling up the DagBag from /home/airflow/.local/lib/python3.12/site-packages/airflow/example_dags/example_short_circuit_operator.py
[2026-06-10T22:56:12.937+0000] {processor.py:840} INFO - DAG(s) 'example_short_circuit_operator' retrieved from /home/airflow/.local/lib/python3.12/site-packages/airflow/example_dags/example_short_circuit_operator.py
[2026-06-10T22:56:12.972+0000] {logging_mixin.py:188} INFO - [2026-06-10T22:56:12.971+0000] {dag.py:3096} INFO - Sync 1 DAGs
[2026-06-10T22:56:13.010+0000] {logging_mixin.py:188} INFO - [2026-06-10T22:56:13.010+0000] {dag.py:3954} INFO - Setting next_dagrun for example_short_circuit_operator to 2026-06-09 00:00:00+00:00, run_after=2026-06-10 00:00:00+00:00
[2026-06-10T22:56:13.033+0000] {processor.py:183} INFO - Processing /home/airflow/.local/lib/python3.12/site-packages/airflow/example_dags/example_short_circuit_operator.py took 0.120 seconds
[2026-06-10T22:56:43.706+0000] {processor.py:161} INFO - Started process (PID=4951) to work on /home/airflow/.local/lib/python3.12/site-packages/airflow/example_dags/example_short_circuit_operator.py
[2026-06-10T22:56:43.712+0000] {processor.py:830} INFO - Processing file /home/airflow/.local/lib/python3.12/site-packages/airflow/example_dags/example_short_circuit_operator.py for tasks to queue
[2026-06-10T22:56:43.716+0000] {logging_mixin.py:188} INFO - [2026-06-10T22:56:43.716+0000] {dagbag.py:545} INFO - Filling up the DagBag from /home/airflow/.local/lib/python3.12/site-packages/airflow/example_dags/example_short_circuit_operator.py
[2026-06-10T22:56:43.735+0000] {processor.py:840} INFO - DAG(s) 'example_short_circuit_operator' retrieved from /home/airflow/.local/lib/python3.12/site-packages/airflow/example_dags/example_short_circuit_operator.py
[2026-06-10T22:56:43.783+0000] {logging_mixin.py:188} INFO - [2026-06-10T22:56:43.782+0000] {dag.py:3096} INFO - Sync 1 DAGs
[2026-06-10T22:56:43.817+0000] {logging_mixin.py:188} INFO - [2026-06-10T22:56:43.816+0000] {dag.py:3954} INFO - Setting next_dagrun for example_short_circuit_operator to 2026-06-09 00:00:00+00:00, run_after=2026-06-10 00:00:00+00:00
[2026-06-10T22:56:43.859+0000] {processor.py:183} INFO - Processing /home/airflow/.local/lib/python3.12/site-packages/airflow/example_dags/example_short_circuit_operator.py took 0.168 seconds
[2026-06-10T22:57:14.358+0000] {processor.py:161} INFO - Started process (PID=5010) to work on /home/airflow/.local/lib/python3.12/site-packages/airflow/example_dags/example_short_circuit_operator.py
[2026-06-10T22:57:14.359+0000] {processor.py:830} INFO - Processing file /home/airflow/.local/lib/python3.12/site-packages/airflow/example_dags/example_short_circuit_operator.py for tasks to queue
[2026-06-10T22:57:14.361+0000] {logging_mixin.py:188} INFO - [2026-06-10T22:57:14.361+0000] {dagbag.py:545} INFO - Filling up the DagBag from /home/airflow/.local/lib/python3.12/site-packages/airflow/example_dags/example_short_circuit_operator.py
[2026-06-10T22:57:14.370+0000] {processor.py:840} INFO - DAG(s) 'example_short_circuit_operator' retrieved from /home/airflow/.local/lib/python3.12/site-packages/airflow/example_dags/example_short_circuit_operator.py
[2026-06-10T22:57:14.413+0000] {logging_mixin.py:188} INFO - [2026-06-10T22:57:14.413+0000] {dag.py:3096} INFO - Sync 1 DAGs
[2026-06-10T22:57:14.441+0000] {logging_mixin.py:188} INFO - [2026-06-10T22:57:14.441+0000] {dag.py:3954} INFO - Setting next_dagrun for example_short_circuit_operator to 2026-06-09 00:00:00+00:00, run_after=2026-06-10 00:00:00+00:00
[2026-06-10T22:57:14.461+0000] {processor.py:183} INFO - Processing /home/airflow/.local/lib/python3.12/site-packages/airflow/example_dags/example_short_circuit_operator.py took 0.111 seconds
[2026-06-10T22:57:45.841+0000] {processor.py:161} INFO - Started process (PID=5071) to work on /home/airflow/.local/lib/python3.12/site-packages/airflow/example_dags/example_short_circuit_operator.py
[2026-06-10T22:57:45.845+0000] {processor.py:830} INFO - Processing file /home/airflow/.local/lib/python3.12/site-packages/airflow/example_dags/example_short_circuit_operator.py for tasks to queue
[2026-06-10T22:57:45.851+0000] {logging_mixin.py:188} INFO - [2026-06-10T22:57:45.850+0000] {dagbag.py:545} INFO - Filling up the DagBag from /home/airflow/.local/lib/python3.12/site-packages/airflow/example_dags/example_short_circuit_operator.py
[2026-06-10T22:57:45.867+0000] {processor.py:840} INFO - DAG(s) 'example_short_circuit_operator' retrieved from /home/airflow/.local/lib/python3.12/site-packages/airflow/example_dags/example_short_circuit_operator.py
[2026-06-10T22:57:45.900+0000] {logging_mixin.py:188} INFO - [2026-06-10T22:57:45.900+0000] {dag.py:3096} INFO - Sync 1 DAGs
[2026-06-10T22:57:45.933+0000] {logging_mixin.py:188} INFO - [2026-06-10T22:57:45.933+0000] {dag.py:3954} INFO - Setting next_dagrun for example_short_circuit_operator to 2026-06-09 00:00:00+00:00, run_after=2026-06-10 00:00:00+00:00
[2026-06-10T22:57:45.958+0000] {processor.py:183} INFO - Processing /home/airflow/.local/lib/python3.12/site-packages/airflow/example_dags/example_short_circuit_operator.py took 0.131 seconds
[2026-06-10T22:58:16.091+0000] {processor.py:161} INFO - Started process (PID=5131) to work on /home/airflow/.local/lib/python3.12/site-packages/airflow/example_dags/example_short_circuit_operator.py
[2026-06-10T22:58:16.094+0000] {processor.py:830} INFO - Processing file /home/airflow/.local/lib/python3.12/site-packages/airflow/example_dags/example_short_circuit_operator.py for tasks to queue
[2026-06-10T22:58:16.096+0000] {logging_mixin.py:188} INFO - [2026-06-10T22:58:16.095+0000] {dagbag.py:545} INFO - Filling up the DagBag from /home/airflow/.local/lib/python3.12/site-packages/airflow/example_dags/example_short_circuit_operator.py
[2026-06-10T22:58:16.105+0000] {processor.py:840} INFO - DAG(s) 'example_short_circuit_operator' retrieved from /home/airflow/.local/lib/python3.12/site-packages/airflow/example_dags/example_short_circuit_operator.py
[2026-06-10T22:58:16.137+0000] {logging_mixin.py:188} INFO - [2026-06-10T22:58:16.136+0000] {dag.py:3096} INFO - Sync 1 DAGs
[2026-06-10T22:58:16.164+0000] {logging_mixin.py:188} INFO - [2026-06-10T22:58:16.164+0000] {dag.py:3954} INFO - Setting next_dagrun for example_short_circuit_operator to 2026-06-09 00:00:00+00:00, run_after=2026-06-10 00:00:00+00:00
[2026-06-10T22:58:16.186+0000] {processor.py:183} INFO - Processing /home/airflow/.local/lib/python3.12/site-packages/airflow/example_dags/example_short_circuit_operator.py took 0.108 seconds
[2026-06-10T22:58:47.068+0000] {processor.py:161} INFO - Started process (PID=5192) to work on /home/airflow/.local/lib/python3.12/site-packages/airflow/example_dags/example_short_circuit_operator.py
[2026-06-10T22:58:47.069+0000] {processor.py:830} INFO - Processing file /home/airflow/.local/lib/python3.12/site-packages/airflow/example_dags/example_short_circuit_operator.py for tasks to queue
[2026-06-10T22:58:47.071+0000] {logging_mixin.py:188} INFO - [2026-06-10T22:58:47.070+0000] {dagbag.py:545} INFO - Filling up the DagBag from /home/airflow/.local/lib/python3.12/site-packages/airflow/example_dags/example_short_circuit_operator.py
[2026-06-10T22:58:47.102+0000] {processor.py:840} INFO - DAG(s) 'example_short_circuit_operator' retrieved from /home/airflow/.local/lib/python3.12/site-packages/airflow/example_dags/example_short_circuit_operator.py
[2026-06-10T22:58:47.141+0000] {logging_mixin.py:188} INFO - [2026-06-10T22:58:47.141+0000] {dag.py:3096} INFO - Sync 1 DAGs
[2026-06-10T22:58:47.169+0000] {logging_mixin.py:188} INFO - [2026-06-10T22:58:47.169+0000] {dag.py:3954} INFO - Setting next_dagrun for example_short_circuit_operator to 2026-06-09 00:00:00+00:00, run_after=2026-06-10 00:00:00+00:00
[2026-06-10T22:58:47.188+0000] {processor.py:183} INFO - Processing /home/airflow/.local/lib/python3.12/site-packages/airflow/example_dags/example_short_circuit_operator.py took 0.127 seconds
