[2026-06-10T21:51:33.939+0000] {processor.py:161} INFO - Started process (PID=118) to work on /home/airflow/.local/lib/python3.12/site-packages/airflow/example_dags/tutorial_taskflow_api.py
[2026-06-10T21:51:33.949+0000] {processor.py:830} INFO - Processing file /home/airflow/.local/lib/python3.12/site-packages/airflow/example_dags/tutorial_taskflow_api.py for tasks to queue
[2026-06-10T21:51:33.957+0000] {logging_mixin.py:188} INFO - [2026-06-10T21:51:33.957+0000] {dagbag.py:545} INFO - Filling up the DagBag from /home/airflow/.local/lib/python3.12/site-packages/airflow/example_dags/tutorial_taskflow_api.py
[2026-06-10T21:51:34.014+0000] {processor.py:840} INFO - DAG(s) 'tutorial_taskflow_api' retrieved from /home/airflow/.local/lib/python3.12/site-packages/airflow/example_dags/tutorial_taskflow_api.py
[2026-06-10T21:51:35.098+0000] {logging_mixin.py:188} INFO - [2026-06-10T21:51:35.095+0000] {override.py:1829} INFO - Created Permission View: can edit on DAG:tutorial_taskflow_api
[2026-06-10T21:51:35.153+0000] {logging_mixin.py:188} INFO - [2026-06-10T21:51:35.153+0000] {override.py:1829} INFO - Created Permission View: can read on DAG:tutorial_taskflow_api
[2026-06-10T21:51:35.187+0000] {logging_mixin.py:188} INFO - [2026-06-10T21:51:35.186+0000] {override.py:1829} INFO - Created Permission View: can delete on DAG:tutorial_taskflow_api
[2026-06-10T21:51:35.188+0000] {logging_mixin.py:188} INFO - [2026-06-10T21:51:35.188+0000] {dag.py:3096} INFO - Sync 1 DAGs
[2026-06-10T21:51:35.252+0000] {logging_mixin.py:188} INFO - [2026-06-10T21:51:35.252+0000] {dag.py:3118} INFO - Creating ORM DAG for tutorial_taskflow_api
[2026-06-10T21:51:35.256+0000] {logging_mixin.py:188} INFO - [2026-06-10T21:51:35.256+0000] {dag.py:3954} INFO - Setting next_dagrun for tutorial_taskflow_api to None, run_after=None
[2026-06-10T21:51:35.344+0000] {processor.py:183} INFO - Processing /home/airflow/.local/lib/python3.12/site-packages/airflow/example_dags/tutorial_taskflow_api.py took 1.439 seconds
[2026-06-10T21:52:05.655+0000] {processor.py:161} INFO - Started process (PID=178) to work on /home/airflow/.local/lib/python3.12/site-packages/airflow/example_dags/tutorial_taskflow_api.py
[2026-06-10T21:52:05.661+0000] {processor.py:830} INFO - Processing file /home/airflow/.local/lib/python3.12/site-packages/airflow/example_dags/tutorial_taskflow_api.py for tasks to queue
[2026-06-10T21:52:05.669+0000] {logging_mixin.py:188} INFO - [2026-06-10T21:52:05.669+0000] {dagbag.py:545} INFO - Filling up the DagBag from /home/airflow/.local/lib/python3.12/site-packages/airflow/example_dags/tutorial_taskflow_api.py
[2026-06-10T21:52:05.710+0000] {processor.py:840} INFO - DAG(s) 'tutorial_taskflow_api' retrieved from /home/airflow/.local/lib/python3.12/site-packages/airflow/example_dags/tutorial_taskflow_api.py
[2026-06-10T21:52:05.874+0000] {logging_mixin.py:188} INFO - [2026-06-10T21:52:05.869+0000] {dag.py:3096} INFO - Sync 1 DAGs
[2026-06-10T21:52:05.900+0000] {logging_mixin.py:188} INFO - [2026-06-10T21:52:05.900+0000] {dag.py:3954} INFO - Setting next_dagrun for tutorial_taskflow_api to None, run_after=None
[2026-06-10T21:52:05.937+0000] {processor.py:183} INFO - Processing /home/airflow/.local/lib/python3.12/site-packages/airflow/example_dags/tutorial_taskflow_api.py took 0.328 seconds
[2026-06-10T21:52:36.656+0000] {processor.py:161} INFO - Started process (PID=238) to work on /home/airflow/.local/lib/python3.12/site-packages/airflow/example_dags/tutorial_taskflow_api.py
[2026-06-10T21:52:36.659+0000] {processor.py:830} INFO - Processing file /home/airflow/.local/lib/python3.12/site-packages/airflow/example_dags/tutorial_taskflow_api.py for tasks to queue
[2026-06-10T21:52:36.663+0000] {logging_mixin.py:188} INFO - [2026-06-10T21:52:36.663+0000] {dagbag.py:545} INFO - Filling up the DagBag from /home/airflow/.local/lib/python3.12/site-packages/airflow/example_dags/tutorial_taskflow_api.py
[2026-06-10T21:52:36.679+0000] {processor.py:840} INFO - DAG(s) 'tutorial_taskflow_api' retrieved from /home/airflow/.local/lib/python3.12/site-packages/airflow/example_dags/tutorial_taskflow_api.py
[2026-06-10T21:52:36.729+0000] {logging_mixin.py:188} INFO - [2026-06-10T21:52:36.729+0000] {dag.py:3096} INFO - Sync 1 DAGs
[2026-06-10T21:52:36.775+0000] {logging_mixin.py:188} INFO - [2026-06-10T21:52:36.774+0000] {dag.py:3954} INFO - Setting next_dagrun for tutorial_taskflow_api to None, run_after=None
[2026-06-10T21:52:36.847+0000] {processor.py:183} INFO - Processing /home/airflow/.local/lib/python3.12/site-packages/airflow/example_dags/tutorial_taskflow_api.py took 0.202 seconds
[2026-06-10T21:53:07.746+0000] {processor.py:161} INFO - Started process (PID=297) to work on /home/airflow/.local/lib/python3.12/site-packages/airflow/example_dags/tutorial_taskflow_api.py
[2026-06-10T21:53:07.749+0000] {processor.py:830} INFO - Processing file /home/airflow/.local/lib/python3.12/site-packages/airflow/example_dags/tutorial_taskflow_api.py for tasks to queue
[2026-06-10T21:53:07.751+0000] {logging_mixin.py:188} INFO - [2026-06-10T21:53:07.751+0000] {dagbag.py:545} INFO - Filling up the DagBag from /home/airflow/.local/lib/python3.12/site-packages/airflow/example_dags/tutorial_taskflow_api.py
[2026-06-10T21:53:07.763+0000] {processor.py:840} INFO - DAG(s) 'tutorial_taskflow_api' retrieved from /home/airflow/.local/lib/python3.12/site-packages/airflow/example_dags/tutorial_taskflow_api.py
[2026-06-10T21:53:07.788+0000] {logging_mixin.py:188} INFO - [2026-06-10T21:53:07.787+0000] {dag.py:3096} INFO - Sync 1 DAGs
[2026-06-10T21:53:07.803+0000] {logging_mixin.py:188} INFO - [2026-06-10T21:53:07.802+0000] {dag.py:3954} INFO - Setting next_dagrun for tutorial_taskflow_api to None, run_after=None
[2026-06-10T21:53:07.826+0000] {processor.py:183} INFO - Processing /home/airflow/.local/lib/python3.12/site-packages/airflow/example_dags/tutorial_taskflow_api.py took 0.087 seconds
[2026-06-10T21:53:37.971+0000] {processor.py:161} INFO - Started process (PID=356) to work on /home/airflow/.local/lib/python3.12/site-packages/airflow/example_dags/tutorial_taskflow_api.py
[2026-06-10T21:53:37.972+0000] {processor.py:830} INFO - Processing file /home/airflow/.local/lib/python3.12/site-packages/airflow/example_dags/tutorial_taskflow_api.py for tasks to queue
[2026-06-10T21:53:37.974+0000] {logging_mixin.py:188} INFO - [2026-06-10T21:53:37.974+0000] {dagbag.py:545} INFO - Filling up the DagBag from /home/airflow/.local/lib/python3.12/site-packages/airflow/example_dags/tutorial_taskflow_api.py
[2026-06-10T21:53:37.982+0000] {processor.py:840} INFO - DAG(s) 'tutorial_taskflow_api' retrieved from /home/airflow/.local/lib/python3.12/site-packages/airflow/example_dags/tutorial_taskflow_api.py
[2026-06-10T21:53:38.006+0000] {logging_mixin.py:188} INFO - [2026-06-10T21:53:38.006+0000] {dag.py:3096} INFO - Sync 1 DAGs
[2026-06-10T21:53:38.023+0000] {logging_mixin.py:188} INFO - [2026-06-10T21:53:38.023+0000] {dag.py:3954} INFO - Setting next_dagrun for tutorial_taskflow_api to None, run_after=None
[2026-06-10T21:53:38.045+0000] {processor.py:183} INFO - Processing /home/airflow/.local/lib/python3.12/site-packages/airflow/example_dags/tutorial_taskflow_api.py took 0.081 seconds
[2026-06-10T21:54:08.118+0000] {processor.py:161} INFO - Started process (PID=416) to work on /home/airflow/.local/lib/python3.12/site-packages/airflow/example_dags/tutorial_taskflow_api.py
[2026-06-10T21:54:08.119+0000] {processor.py:830} INFO - Processing file /home/airflow/.local/lib/python3.12/site-packages/airflow/example_dags/tutorial_taskflow_api.py for tasks to queue
[2026-06-10T21:54:08.121+0000] {logging_mixin.py:188} INFO - [2026-06-10T21:54:08.120+0000] {dagbag.py:545} INFO - Filling up the DagBag from /home/airflow/.local/lib/python3.12/site-packages/airflow/example_dags/tutorial_taskflow_api.py
[2026-06-10T21:54:08.126+0000] {processor.py:840} INFO - DAG(s) 'tutorial_taskflow_api' retrieved from /home/airflow/.local/lib/python3.12/site-packages/airflow/example_dags/tutorial_taskflow_api.py
[2026-06-10T21:54:08.144+0000] {logging_mixin.py:188} INFO - [2026-06-10T21:54:08.143+0000] {dag.py:3096} INFO - Sync 1 DAGs
[2026-06-10T21:54:08.154+0000] {logging_mixin.py:188} INFO - [2026-06-10T21:54:08.154+0000] {dag.py:3954} INFO - Setting next_dagrun for tutorial_taskflow_api to None, run_after=None
[2026-06-10T21:54:08.169+0000] {processor.py:183} INFO - Processing /home/airflow/.local/lib/python3.12/site-packages/airflow/example_dags/tutorial_taskflow_api.py took 0.056 seconds
[2026-06-10T21:54:38.610+0000] {processor.py:161} INFO - Started process (PID=475) to work on /home/airflow/.local/lib/python3.12/site-packages/airflow/example_dags/tutorial_taskflow_api.py
[2026-06-10T21:54:38.611+0000] {processor.py:830} INFO - Processing file /home/airflow/.local/lib/python3.12/site-packages/airflow/example_dags/tutorial_taskflow_api.py for tasks to queue
[2026-06-10T21:54:38.613+0000] {logging_mixin.py:188} INFO - [2026-06-10T21:54:38.612+0000] {dagbag.py:545} INFO - Filling up the DagBag from /home/airflow/.local/lib/python3.12/site-packages/airflow/example_dags/tutorial_taskflow_api.py
[2026-06-10T21:54:38.620+0000] {processor.py:840} INFO - DAG(s) 'tutorial_taskflow_api' retrieved from /home/airflow/.local/lib/python3.12/site-packages/airflow/example_dags/tutorial_taskflow_api.py
[2026-06-10T21:54:38.642+0000] {logging_mixin.py:188} INFO - [2026-06-10T21:54:38.642+0000] {dag.py:3096} INFO - Sync 1 DAGs
[2026-06-10T21:54:38.653+0000] {logging_mixin.py:188} INFO - [2026-06-10T21:54:38.653+0000] {dag.py:3954} INFO - Setting next_dagrun for tutorial_taskflow_api to None, run_after=None
[2026-06-10T21:54:38.668+0000] {processor.py:183} INFO - Processing /home/airflow/.local/lib/python3.12/site-packages/airflow/example_dags/tutorial_taskflow_api.py took 0.065 seconds
[2026-06-10T21:55:09.609+0000] {processor.py:161} INFO - Started process (PID=536) to work on /home/airflow/.local/lib/python3.12/site-packages/airflow/example_dags/tutorial_taskflow_api.py
[2026-06-10T21:55:09.610+0000] {processor.py:830} INFO - Processing file /home/airflow/.local/lib/python3.12/site-packages/airflow/example_dags/tutorial_taskflow_api.py for tasks to queue
[2026-06-10T21:55:09.612+0000] {logging_mixin.py:188} INFO - [2026-06-10T21:55:09.612+0000] {dagbag.py:545} INFO - Filling up the DagBag from /home/airflow/.local/lib/python3.12/site-packages/airflow/example_dags/tutorial_taskflow_api.py
[2026-06-10T21:55:09.622+0000] {processor.py:840} INFO - DAG(s) 'tutorial_taskflow_api' retrieved from /home/airflow/.local/lib/python3.12/site-packages/airflow/example_dags/tutorial_taskflow_api.py
[2026-06-10T21:55:09.699+0000] {logging_mixin.py:188} INFO - [2026-06-10T21:55:09.699+0000] {dag.py:3096} INFO - Sync 1 DAGs
[2026-06-10T21:55:09.771+0000] {logging_mixin.py:188} INFO - [2026-06-10T21:55:09.771+0000] {dag.py:3954} INFO - Setting next_dagrun for tutorial_taskflow_api to None, run_after=None
[2026-06-10T21:55:09.845+0000] {processor.py:183} INFO - Processing /home/airflow/.local/lib/python3.12/site-packages/airflow/example_dags/tutorial_taskflow_api.py took 0.243 seconds
[2026-06-10T21:55:41.310+0000] {processor.py:161} INFO - Started process (PID=596) to work on /home/airflow/.local/lib/python3.12/site-packages/airflow/example_dags/tutorial_taskflow_api.py
[2026-06-10T21:55:41.313+0000] {processor.py:830} INFO - Processing file /home/airflow/.local/lib/python3.12/site-packages/airflow/example_dags/tutorial_taskflow_api.py for tasks to queue
[2026-06-10T21:55:41.315+0000] {logging_mixin.py:188} INFO - [2026-06-10T21:55:41.315+0000] {dagbag.py:545} INFO - Filling up the DagBag from /home/airflow/.local/lib/python3.12/site-packages/airflow/example_dags/tutorial_taskflow_api.py
[2026-06-10T21:55:41.337+0000] {processor.py:840} INFO - DAG(s) 'tutorial_taskflow_api' retrieved from /home/airflow/.local/lib/python3.12/site-packages/airflow/example_dags/tutorial_taskflow_api.py
[2026-06-10T21:55:41.442+0000] {logging_mixin.py:188} INFO - [2026-06-10T21:55:41.442+0000] {dag.py:3096} INFO - Sync 1 DAGs
[2026-06-10T21:55:41.575+0000] {logging_mixin.py:188} INFO - [2026-06-10T21:55:41.575+0000] {dag.py:3954} INFO - Setting next_dagrun for tutorial_taskflow_api to None, run_after=None
[2026-06-10T21:55:41.699+0000] {processor.py:183} INFO - Processing /home/airflow/.local/lib/python3.12/site-packages/airflow/example_dags/tutorial_taskflow_api.py took 0.413 seconds
[2026-06-10T21:56:12.269+0000] {processor.py:161} INFO - Started process (PID=657) to work on /home/airflow/.local/lib/python3.12/site-packages/airflow/example_dags/tutorial_taskflow_api.py
[2026-06-10T21:56:12.270+0000] {processor.py:830} INFO - Processing file /home/airflow/.local/lib/python3.12/site-packages/airflow/example_dags/tutorial_taskflow_api.py for tasks to queue
[2026-06-10T21:56:12.273+0000] {logging_mixin.py:188} INFO - [2026-06-10T21:56:12.272+0000] {dagbag.py:545} INFO - Filling up the DagBag from /home/airflow/.local/lib/python3.12/site-packages/airflow/example_dags/tutorial_taskflow_api.py
[2026-06-10T21:56:12.286+0000] {processor.py:840} INFO - DAG(s) 'tutorial_taskflow_api' retrieved from /home/airflow/.local/lib/python3.12/site-packages/airflow/example_dags/tutorial_taskflow_api.py
[2026-06-10T21:56:12.330+0000] {logging_mixin.py:188} INFO - [2026-06-10T21:56:12.330+0000] {dag.py:3096} INFO - Sync 1 DAGs
[2026-06-10T21:56:12.424+0000] {logging_mixin.py:188} INFO - [2026-06-10T21:56:12.408+0000] {dag.py:3954} INFO - Setting next_dagrun for tutorial_taskflow_api to None, run_after=None
[2026-06-10T21:56:12.617+0000] {processor.py:183} INFO - Processing /home/airflow/.local/lib/python3.12/site-packages/airflow/example_dags/tutorial_taskflow_api.py took 0.364 seconds
[2026-06-10T21:56:42.898+0000] {processor.py:161} INFO - Started process (PID=716) to work on /home/airflow/.local/lib/python3.12/site-packages/airflow/example_dags/tutorial_taskflow_api.py
[2026-06-10T21:56:42.899+0000] {processor.py:830} INFO - Processing file /home/airflow/.local/lib/python3.12/site-packages/airflow/example_dags/tutorial_taskflow_api.py for tasks to queue
[2026-06-10T21:56:42.901+0000] {logging_mixin.py:188} INFO - [2026-06-10T21:56:42.900+0000] {dagbag.py:545} INFO - Filling up the DagBag from /home/airflow/.local/lib/python3.12/site-packages/airflow/example_dags/tutorial_taskflow_api.py
[2026-06-10T21:56:42.911+0000] {processor.py:840} INFO - DAG(s) 'tutorial_taskflow_api' retrieved from /home/airflow/.local/lib/python3.12/site-packages/airflow/example_dags/tutorial_taskflow_api.py
[2026-06-10T21:56:42.938+0000] {logging_mixin.py:188} INFO - [2026-06-10T21:56:42.938+0000] {dag.py:3096} INFO - Sync 1 DAGs
[2026-06-10T21:56:42.955+0000] {logging_mixin.py:188} INFO - [2026-06-10T21:56:42.955+0000] {dag.py:3954} INFO - Setting next_dagrun for tutorial_taskflow_api to None, run_after=None
[2026-06-10T21:56:42.978+0000] {processor.py:183} INFO - Processing /home/airflow/.local/lib/python3.12/site-packages/airflow/example_dags/tutorial_taskflow_api.py took 0.087 seconds
[2026-06-10T21:57:13.460+0000] {processor.py:161} INFO - Started process (PID=775) to work on /home/airflow/.local/lib/python3.12/site-packages/airflow/example_dags/tutorial_taskflow_api.py
[2026-06-10T21:57:13.461+0000] {processor.py:830} INFO - Processing file /home/airflow/.local/lib/python3.12/site-packages/airflow/example_dags/tutorial_taskflow_api.py for tasks to queue
[2026-06-10T21:57:13.463+0000] {logging_mixin.py:188} INFO - [2026-06-10T21:57:13.462+0000] {dagbag.py:545} INFO - Filling up the DagBag from /home/airflow/.local/lib/python3.12/site-packages/airflow/example_dags/tutorial_taskflow_api.py
[2026-06-10T21:57:13.470+0000] {processor.py:840} INFO - DAG(s) 'tutorial_taskflow_api' retrieved from /home/airflow/.local/lib/python3.12/site-packages/airflow/example_dags/tutorial_taskflow_api.py
[2026-06-10T21:57:13.499+0000] {logging_mixin.py:188} INFO - [2026-06-10T21:57:13.498+0000] {dag.py:3096} INFO - Sync 1 DAGs
[2026-06-10T21:57:13.515+0000] {logging_mixin.py:188} INFO - [2026-06-10T21:57:13.514+0000] {dag.py:3954} INFO - Setting next_dagrun for tutorial_taskflow_api to None, run_after=None
[2026-06-10T21:57:13.552+0000] {processor.py:183} INFO - Processing /home/airflow/.local/lib/python3.12/site-packages/airflow/example_dags/tutorial_taskflow_api.py took 0.099 seconds
[2026-06-10T21:57:43.705+0000] {processor.py:161} INFO - Started process (PID=834) to work on /home/airflow/.local/lib/python3.12/site-packages/airflow/example_dags/tutorial_taskflow_api.py
[2026-06-10T21:57:43.706+0000] {processor.py:830} INFO - Processing file /home/airflow/.local/lib/python3.12/site-packages/airflow/example_dags/tutorial_taskflow_api.py for tasks to queue
[2026-06-10T21:57:43.708+0000] {logging_mixin.py:188} INFO - [2026-06-10T21:57:43.707+0000] {dagbag.py:545} INFO - Filling up the DagBag from /home/airflow/.local/lib/python3.12/site-packages/airflow/example_dags/tutorial_taskflow_api.py
[2026-06-10T21:57:43.718+0000] {processor.py:840} INFO - DAG(s) 'tutorial_taskflow_api' retrieved from /home/airflow/.local/lib/python3.12/site-packages/airflow/example_dags/tutorial_taskflow_api.py
[2026-06-10T21:57:43.743+0000] {logging_mixin.py:188} INFO - [2026-06-10T21:57:43.743+0000] {dag.py:3096} INFO - Sync 1 DAGs
[2026-06-10T21:57:43.767+0000] {logging_mixin.py:188} INFO - [2026-06-10T21:57:43.767+0000] {dag.py:3954} INFO - Setting next_dagrun for tutorial_taskflow_api to None, run_after=None
[2026-06-10T21:57:43.806+0000] {processor.py:183} INFO - Processing /home/airflow/.local/lib/python3.12/site-packages/airflow/example_dags/tutorial_taskflow_api.py took 0.108 seconds
[2026-06-10T21:58:13.943+0000] {processor.py:161} INFO - Started process (PID=893) to work on /home/airflow/.local/lib/python3.12/site-packages/airflow/example_dags/tutorial_taskflow_api.py
[2026-06-10T21:58:13.944+0000] {processor.py:830} INFO - Processing file /home/airflow/.local/lib/python3.12/site-packages/airflow/example_dags/tutorial_taskflow_api.py for tasks to queue
[2026-06-10T21:58:13.945+0000] {logging_mixin.py:188} INFO - [2026-06-10T21:58:13.945+0000] {dagbag.py:545} INFO - Filling up the DagBag from /home/airflow/.local/lib/python3.12/site-packages/airflow/example_dags/tutorial_taskflow_api.py
[2026-06-10T21:58:13.951+0000] {processor.py:840} INFO - DAG(s) 'tutorial_taskflow_api' retrieved from /home/airflow/.local/lib/python3.12/site-packages/airflow/example_dags/tutorial_taskflow_api.py
[2026-06-10T21:58:13.968+0000] {logging_mixin.py:188} INFO - [2026-06-10T21:58:13.967+0000] {dag.py:3096} INFO - Sync 1 DAGs
[2026-06-10T21:58:13.982+0000] {logging_mixin.py:188} INFO - [2026-06-10T21:58:13.981+0000] {dag.py:3954} INFO - Setting next_dagrun for tutorial_taskflow_api to None, run_after=None
[2026-06-10T21:58:13.997+0000] {processor.py:183} INFO - Processing /home/airflow/.local/lib/python3.12/site-packages/airflow/example_dags/tutorial_taskflow_api.py took 0.059 seconds
[2026-06-10T21:58:44.405+0000] {processor.py:161} INFO - Started process (PID=952) to work on /home/airflow/.local/lib/python3.12/site-packages/airflow/example_dags/tutorial_taskflow_api.py
[2026-06-10T21:58:44.406+0000] {processor.py:830} INFO - Processing file /home/airflow/.local/lib/python3.12/site-packages/airflow/example_dags/tutorial_taskflow_api.py for tasks to queue
[2026-06-10T21:58:44.408+0000] {logging_mixin.py:188} INFO - [2026-06-10T21:58:44.408+0000] {dagbag.py:545} INFO - Filling up the DagBag from /home/airflow/.local/lib/python3.12/site-packages/airflow/example_dags/tutorial_taskflow_api.py
[2026-06-10T21:58:44.417+0000] {processor.py:840} INFO - DAG(s) 'tutorial_taskflow_api' retrieved from /home/airflow/.local/lib/python3.12/site-packages/airflow/example_dags/tutorial_taskflow_api.py
[2026-06-10T21:58:44.441+0000] {logging_mixin.py:188} INFO - [2026-06-10T21:58:44.440+0000] {dag.py:3096} INFO - Sync 1 DAGs
[2026-06-10T21:58:44.458+0000] {logging_mixin.py:188} INFO - [2026-06-10T21:58:44.457+0000] {dag.py:3954} INFO - Setting next_dagrun for tutorial_taskflow_api to None, run_after=None
[2026-06-10T21:58:44.482+0000] {processor.py:183} INFO - Processing /home/airflow/.local/lib/python3.12/site-packages/airflow/example_dags/tutorial_taskflow_api.py took 0.085 seconds
[2026-06-10T21:59:14.739+0000] {processor.py:161} INFO - Started process (PID=1011) to work on /home/airflow/.local/lib/python3.12/site-packages/airflow/example_dags/tutorial_taskflow_api.py
[2026-06-10T21:59:14.740+0000] {processor.py:830} INFO - Processing file /home/airflow/.local/lib/python3.12/site-packages/airflow/example_dags/tutorial_taskflow_api.py for tasks to queue
[2026-06-10T21:59:14.742+0000] {logging_mixin.py:188} INFO - [2026-06-10T21:59:14.741+0000] {dagbag.py:545} INFO - Filling up the DagBag from /home/airflow/.local/lib/python3.12/site-packages/airflow/example_dags/tutorial_taskflow_api.py
[2026-06-10T21:59:14.749+0000] {processor.py:840} INFO - DAG(s) 'tutorial_taskflow_api' retrieved from /home/airflow/.local/lib/python3.12/site-packages/airflow/example_dags/tutorial_taskflow_api.py
[2026-06-10T21:59:14.774+0000] {logging_mixin.py:188} INFO - [2026-06-10T21:59:14.774+0000] {dag.py:3096} INFO - Sync 1 DAGs
[2026-06-10T21:59:14.790+0000] {logging_mixin.py:188} INFO - [2026-06-10T21:59:14.790+0000] {dag.py:3954} INFO - Setting next_dagrun for tutorial_taskflow_api to None, run_after=None
[2026-06-10T21:59:14.810+0000] {processor.py:183} INFO - Processing /home/airflow/.local/lib/python3.12/site-packages/airflow/example_dags/tutorial_taskflow_api.py took 0.078 seconds
[2026-06-10T21:59:45.419+0000] {processor.py:161} INFO - Started process (PID=1070) to work on /home/airflow/.local/lib/python3.12/site-packages/airflow/example_dags/tutorial_taskflow_api.py
[2026-06-10T21:59:45.420+0000] {processor.py:830} INFO - Processing file /home/airflow/.local/lib/python3.12/site-packages/airflow/example_dags/tutorial_taskflow_api.py for tasks to queue
[2026-06-10T21:59:45.422+0000] {logging_mixin.py:188} INFO - [2026-06-10T21:59:45.422+0000] {dagbag.py:545} INFO - Filling up the DagBag from /home/airflow/.local/lib/python3.12/site-packages/airflow/example_dags/tutorial_taskflow_api.py
[2026-06-10T21:59:45.429+0000] {processor.py:840} INFO - DAG(s) 'tutorial_taskflow_api' retrieved from /home/airflow/.local/lib/python3.12/site-packages/airflow/example_dags/tutorial_taskflow_api.py
[2026-06-10T21:59:45.462+0000] {logging_mixin.py:188} INFO - [2026-06-10T21:59:45.462+0000] {dag.py:3096} INFO - Sync 1 DAGs
[2026-06-10T21:59:45.480+0000] {logging_mixin.py:188} INFO - [2026-06-10T21:59:45.480+0000] {dag.py:3954} INFO - Setting next_dagrun for tutorial_taskflow_api to None, run_after=None
[2026-06-10T21:59:45.525+0000] {processor.py:183} INFO - Processing /home/airflow/.local/lib/python3.12/site-packages/airflow/example_dags/tutorial_taskflow_api.py took 0.113 seconds
[2026-06-10T22:00:16.155+0000] {processor.py:161} INFO - Started process (PID=1129) to work on /home/airflow/.local/lib/python3.12/site-packages/airflow/example_dags/tutorial_taskflow_api.py
[2026-06-10T22:00:16.156+0000] {processor.py:830} INFO - Processing file /home/airflow/.local/lib/python3.12/site-packages/airflow/example_dags/tutorial_taskflow_api.py for tasks to queue
[2026-06-10T22:00:16.161+0000] {logging_mixin.py:188} INFO - [2026-06-10T22:00:16.161+0000] {dagbag.py:545} INFO - Filling up the DagBag from /home/airflow/.local/lib/python3.12/site-packages/airflow/example_dags/tutorial_taskflow_api.py
[2026-06-10T22:00:16.176+0000] {processor.py:840} INFO - DAG(s) 'tutorial_taskflow_api' retrieved from /home/airflow/.local/lib/python3.12/site-packages/airflow/example_dags/tutorial_taskflow_api.py
[2026-06-10T22:00:16.229+0000] {logging_mixin.py:188} INFO - [2026-06-10T22:00:16.229+0000] {dag.py:3096} INFO - Sync 1 DAGs
[2026-06-10T22:00:16.260+0000] {logging_mixin.py:188} INFO - [2026-06-10T22:00:16.260+0000] {dag.py:3954} INFO - Setting next_dagrun for tutorial_taskflow_api to None, run_after=None
[2026-06-10T22:00:16.307+0000] {processor.py:183} INFO - Processing /home/airflow/.local/lib/python3.12/site-packages/airflow/example_dags/tutorial_taskflow_api.py took 0.173 seconds
[2026-06-10T22:00:46.544+0000] {processor.py:161} INFO - Started process (PID=1189) to work on /home/airflow/.local/lib/python3.12/site-packages/airflow/example_dags/tutorial_taskflow_api.py
[2026-06-10T22:00:46.545+0000] {processor.py:830} INFO - Processing file /home/airflow/.local/lib/python3.12/site-packages/airflow/example_dags/tutorial_taskflow_api.py for tasks to queue
[2026-06-10T22:00:46.547+0000] {logging_mixin.py:188} INFO - [2026-06-10T22:00:46.547+0000] {dagbag.py:545} INFO - Filling up the DagBag from /home/airflow/.local/lib/python3.12/site-packages/airflow/example_dags/tutorial_taskflow_api.py
[2026-06-10T22:00:46.555+0000] {processor.py:840} INFO - DAG(s) 'tutorial_taskflow_api' retrieved from /home/airflow/.local/lib/python3.12/site-packages/airflow/example_dags/tutorial_taskflow_api.py
[2026-06-10T22:00:46.581+0000] {logging_mixin.py:188} INFO - [2026-06-10T22:00:46.580+0000] {dag.py:3096} INFO - Sync 1 DAGs
[2026-06-10T22:00:46.597+0000] {logging_mixin.py:188} INFO - [2026-06-10T22:00:46.597+0000] {dag.py:3954} INFO - Setting next_dagrun for tutorial_taskflow_api to None, run_after=None
[2026-06-10T22:00:46.616+0000] {processor.py:183} INFO - Processing /home/airflow/.local/lib/python3.12/site-packages/airflow/example_dags/tutorial_taskflow_api.py took 0.080 seconds
[2026-06-10T22:01:17.002+0000] {processor.py:161} INFO - Started process (PID=1248) to work on /home/airflow/.local/lib/python3.12/site-packages/airflow/example_dags/tutorial_taskflow_api.py
[2026-06-10T22:01:17.004+0000] {processor.py:830} INFO - Processing file /home/airflow/.local/lib/python3.12/site-packages/airflow/example_dags/tutorial_taskflow_api.py for tasks to queue
[2026-06-10T22:01:17.008+0000] {logging_mixin.py:188} INFO - [2026-06-10T22:01:17.008+0000] {dagbag.py:545} INFO - Filling up the DagBag from /home/airflow/.local/lib/python3.12/site-packages/airflow/example_dags/tutorial_taskflow_api.py
[2026-06-10T22:01:17.024+0000] {processor.py:840} INFO - DAG(s) 'tutorial_taskflow_api' retrieved from /home/airflow/.local/lib/python3.12/site-packages/airflow/example_dags/tutorial_taskflow_api.py
[2026-06-10T22:01:17.150+0000] {logging_mixin.py:188} INFO - [2026-06-10T22:01:17.150+0000] {dag.py:3096} INFO - Sync 1 DAGs
[2026-06-10T22:01:17.213+0000] {logging_mixin.py:188} INFO - [2026-06-10T22:01:17.213+0000] {dag.py:3954} INFO - Setting next_dagrun for tutorial_taskflow_api to None, run_after=None
[2026-06-10T22:01:17.263+0000] {processor.py:183} INFO - Processing /home/airflow/.local/lib/python3.12/site-packages/airflow/example_dags/tutorial_taskflow_api.py took 0.287 seconds
[2026-06-10T22:01:47.548+0000] {processor.py:161} INFO - Started process (PID=1308) to work on /home/airflow/.local/lib/python3.12/site-packages/airflow/example_dags/tutorial_taskflow_api.py
[2026-06-10T22:01:47.549+0000] {processor.py:830} INFO - Processing file /home/airflow/.local/lib/python3.12/site-packages/airflow/example_dags/tutorial_taskflow_api.py for tasks to queue
[2026-06-10T22:01:47.552+0000] {logging_mixin.py:188} INFO - [2026-06-10T22:01:47.551+0000] {dagbag.py:545} INFO - Filling up the DagBag from /home/airflow/.local/lib/python3.12/site-packages/airflow/example_dags/tutorial_taskflow_api.py
[2026-06-10T22:01:47.564+0000] {processor.py:840} INFO - DAG(s) 'tutorial_taskflow_api' retrieved from /home/airflow/.local/lib/python3.12/site-packages/airflow/example_dags/tutorial_taskflow_api.py
[2026-06-10T22:01:47.606+0000] {logging_mixin.py:188} INFO - [2026-06-10T22:01:47.604+0000] {dag.py:3096} INFO - Sync 1 DAGs
[2026-06-10T22:01:47.643+0000] {logging_mixin.py:188} INFO - [2026-06-10T22:01:47.643+0000] {dag.py:3954} INFO - Setting next_dagrun for tutorial_taskflow_api to None, run_after=None
[2026-06-10T22:01:47.681+0000] {processor.py:183} INFO - Processing /home/airflow/.local/lib/python3.12/site-packages/airflow/example_dags/tutorial_taskflow_api.py took 0.140 seconds
[2026-06-10T22:02:18.150+0000] {processor.py:161} INFO - Started process (PID=1366) to work on /home/airflow/.local/lib/python3.12/site-packages/airflow/example_dags/tutorial_taskflow_api.py
[2026-06-10T22:02:18.151+0000] {processor.py:830} INFO - Processing file /home/airflow/.local/lib/python3.12/site-packages/airflow/example_dags/tutorial_taskflow_api.py for tasks to queue
[2026-06-10T22:02:18.153+0000] {logging_mixin.py:188} INFO - [2026-06-10T22:02:18.152+0000] {dagbag.py:545} INFO - Filling up the DagBag from /home/airflow/.local/lib/python3.12/site-packages/airflow/example_dags/tutorial_taskflow_api.py
[2026-06-10T22:02:18.159+0000] {processor.py:840} INFO - DAG(s) 'tutorial_taskflow_api' retrieved from /home/airflow/.local/lib/python3.12/site-packages/airflow/example_dags/tutorial_taskflow_api.py
[2026-06-10T22:02:18.182+0000] {logging_mixin.py:188} INFO - [2026-06-10T22:02:18.182+0000] {dag.py:3096} INFO - Sync 1 DAGs
[2026-06-10T22:02:18.199+0000] {logging_mixin.py:188} INFO - [2026-06-10T22:02:18.199+0000] {dag.py:3954} INFO - Setting next_dagrun for tutorial_taskflow_api to None, run_after=None
[2026-06-10T22:02:18.220+0000] {processor.py:183} INFO - Processing /home/airflow/.local/lib/python3.12/site-packages/airflow/example_dags/tutorial_taskflow_api.py took 0.078 seconds
[2026-06-10T22:02:48.888+0000] {processor.py:161} INFO - Started process (PID=1426) to work on /home/airflow/.local/lib/python3.12/site-packages/airflow/example_dags/tutorial_taskflow_api.py
[2026-06-10T22:02:48.889+0000] {processor.py:830} INFO - Processing file /home/airflow/.local/lib/python3.12/site-packages/airflow/example_dags/tutorial_taskflow_api.py for tasks to queue
[2026-06-10T22:02:48.891+0000] {logging_mixin.py:188} INFO - [2026-06-10T22:02:48.891+0000] {dagbag.py:545} INFO - Filling up the DagBag from /home/airflow/.local/lib/python3.12/site-packages/airflow/example_dags/tutorial_taskflow_api.py
[2026-06-10T22:02:48.899+0000] {processor.py:840} INFO - DAG(s) 'tutorial_taskflow_api' retrieved from /home/airflow/.local/lib/python3.12/site-packages/airflow/example_dags/tutorial_taskflow_api.py
[2026-06-10T22:02:48.923+0000] {logging_mixin.py:188} INFO - [2026-06-10T22:02:48.923+0000] {dag.py:3096} INFO - Sync 1 DAGs
[2026-06-10T22:02:48.940+0000] {logging_mixin.py:188} INFO - [2026-06-10T22:02:48.940+0000] {dag.py:3954} INFO - Setting next_dagrun for tutorial_taskflow_api to None, run_after=None
[2026-06-10T22:02:48.960+0000] {processor.py:183} INFO - Processing /home/airflow/.local/lib/python3.12/site-packages/airflow/example_dags/tutorial_taskflow_api.py took 0.078 seconds
[2026-06-10T22:03:19.857+0000] {processor.py:161} INFO - Started process (PID=1492) to work on /home/airflow/.local/lib/python3.12/site-packages/airflow/example_dags/tutorial_taskflow_api.py
[2026-06-10T22:03:19.858+0000] {processor.py:830} INFO - Processing file /home/airflow/.local/lib/python3.12/site-packages/airflow/example_dags/tutorial_taskflow_api.py for tasks to queue
[2026-06-10T22:03:19.860+0000] {logging_mixin.py:188} INFO - [2026-06-10T22:03:19.859+0000] {dagbag.py:545} INFO - Filling up the DagBag from /home/airflow/.local/lib/python3.12/site-packages/airflow/example_dags/tutorial_taskflow_api.py
[2026-06-10T22:03:19.867+0000] {processor.py:840} INFO - DAG(s) 'tutorial_taskflow_api' retrieved from /home/airflow/.local/lib/python3.12/site-packages/airflow/example_dags/tutorial_taskflow_api.py
[2026-06-10T22:03:19.894+0000] {logging_mixin.py:188} INFO - [2026-06-10T22:03:19.893+0000] {dag.py:3096} INFO - Sync 1 DAGs
[2026-06-10T22:03:19.911+0000] {logging_mixin.py:188} INFO - [2026-06-10T22:03:19.911+0000] {dag.py:3954} INFO - Setting next_dagrun for tutorial_taskflow_api to None, run_after=None
[2026-06-10T22:03:19.930+0000] {processor.py:183} INFO - Processing /home/airflow/.local/lib/python3.12/site-packages/airflow/example_dags/tutorial_taskflow_api.py took 0.082 seconds
[2026-06-10T22:03:50.797+0000] {processor.py:161} INFO - Started process (PID=1552) to work on /home/airflow/.local/lib/python3.12/site-packages/airflow/example_dags/tutorial_taskflow_api.py
[2026-06-10T22:03:50.798+0000] {processor.py:830} INFO - Processing file /home/airflow/.local/lib/python3.12/site-packages/airflow/example_dags/tutorial_taskflow_api.py for tasks to queue
[2026-06-10T22:03:50.801+0000] {logging_mixin.py:188} INFO - [2026-06-10T22:03:50.801+0000] {dagbag.py:545} INFO - Filling up the DagBag from /home/airflow/.local/lib/python3.12/site-packages/airflow/example_dags/tutorial_taskflow_api.py
[2026-06-10T22:03:50.812+0000] {processor.py:840} INFO - DAG(s) 'tutorial_taskflow_api' retrieved from /home/airflow/.local/lib/python3.12/site-packages/airflow/example_dags/tutorial_taskflow_api.py
[2026-06-10T22:03:50.845+0000] {logging_mixin.py:188} INFO - [2026-06-10T22:03:50.845+0000] {dag.py:3096} INFO - Sync 1 DAGs
[2026-06-10T22:03:50.879+0000] {logging_mixin.py:188} INFO - [2026-06-10T22:03:50.879+0000] {dag.py:3954} INFO - Setting next_dagrun for tutorial_taskflow_api to None, run_after=None
[2026-06-10T22:03:50.936+0000] {processor.py:183} INFO - Processing /home/airflow/.local/lib/python3.12/site-packages/airflow/example_dags/tutorial_taskflow_api.py took 0.148 seconds
[2026-06-10T22:04:21.759+0000] {processor.py:161} INFO - Started process (PID=1613) to work on /home/airflow/.local/lib/python3.12/site-packages/airflow/example_dags/tutorial_taskflow_api.py
[2026-06-10T22:04:21.760+0000] {processor.py:830} INFO - Processing file /home/airflow/.local/lib/python3.12/site-packages/airflow/example_dags/tutorial_taskflow_api.py for tasks to queue
[2026-06-10T22:04:21.761+0000] {logging_mixin.py:188} INFO - [2026-06-10T22:04:21.761+0000] {dagbag.py:545} INFO - Filling up the DagBag from /home/airflow/.local/lib/python3.12/site-packages/airflow/example_dags/tutorial_taskflow_api.py
[2026-06-10T22:04:21.766+0000] {processor.py:840} INFO - DAG(s) 'tutorial_taskflow_api' retrieved from /home/airflow/.local/lib/python3.12/site-packages/airflow/example_dags/tutorial_taskflow_api.py
[2026-06-10T22:04:21.786+0000] {logging_mixin.py:188} INFO - [2026-06-10T22:04:21.786+0000] {dag.py:3096} INFO - Sync 1 DAGs
[2026-06-10T22:04:21.797+0000] {logging_mixin.py:188} INFO - [2026-06-10T22:04:21.796+0000] {dag.py:3954} INFO - Setting next_dagrun for tutorial_taskflow_api to None, run_after=None
[2026-06-10T22:04:21.811+0000] {processor.py:183} INFO - Processing /home/airflow/.local/lib/python3.12/site-packages/airflow/example_dags/tutorial_taskflow_api.py took 0.059 seconds
[2026-06-10T22:04:52.025+0000] {processor.py:161} INFO - Started process (PID=1672) to work on /home/airflow/.local/lib/python3.12/site-packages/airflow/example_dags/tutorial_taskflow_api.py
[2026-06-10T22:04:52.026+0000] {processor.py:830} INFO - Processing file /home/airflow/.local/lib/python3.12/site-packages/airflow/example_dags/tutorial_taskflow_api.py for tasks to queue
[2026-06-10T22:04:52.028+0000] {logging_mixin.py:188} INFO - [2026-06-10T22:04:52.027+0000] {dagbag.py:545} INFO - Filling up the DagBag from /home/airflow/.local/lib/python3.12/site-packages/airflow/example_dags/tutorial_taskflow_api.py
[2026-06-10T22:04:52.033+0000] {processor.py:840} INFO - DAG(s) 'tutorial_taskflow_api' retrieved from /home/airflow/.local/lib/python3.12/site-packages/airflow/example_dags/tutorial_taskflow_api.py
[2026-06-10T22:04:52.052+0000] {logging_mixin.py:188} INFO - [2026-06-10T22:04:52.052+0000] {dag.py:3096} INFO - Sync 1 DAGs
[2026-06-10T22:04:52.063+0000] {logging_mixin.py:188} INFO - [2026-06-10T22:04:52.063+0000] {dag.py:3954} INFO - Setting next_dagrun for tutorial_taskflow_api to None, run_after=None
[2026-06-10T22:04:52.078+0000] {processor.py:183} INFO - Processing /home/airflow/.local/lib/python3.12/site-packages/airflow/example_dags/tutorial_taskflow_api.py took 0.059 seconds
[2026-06-10T22:05:22.463+0000] {processor.py:161} INFO - Started process (PID=1732) to work on /home/airflow/.local/lib/python3.12/site-packages/airflow/example_dags/tutorial_taskflow_api.py
[2026-06-10T22:05:22.464+0000] {processor.py:830} INFO - Processing file /home/airflow/.local/lib/python3.12/site-packages/airflow/example_dags/tutorial_taskflow_api.py for tasks to queue
[2026-06-10T22:05:22.466+0000] {logging_mixin.py:188} INFO - [2026-06-10T22:05:22.465+0000] {dagbag.py:545} INFO - Filling up the DagBag from /home/airflow/.local/lib/python3.12/site-packages/airflow/example_dags/tutorial_taskflow_api.py
[2026-06-10T22:05:22.473+0000] {processor.py:840} INFO - DAG(s) 'tutorial_taskflow_api' retrieved from /home/airflow/.local/lib/python3.12/site-packages/airflow/example_dags/tutorial_taskflow_api.py
[2026-06-10T22:05:22.497+0000] {logging_mixin.py:188} INFO - [2026-06-10T22:05:22.497+0000] {dag.py:3096} INFO - Sync 1 DAGs
[2026-06-10T22:05:22.513+0000] {logging_mixin.py:188} INFO - [2026-06-10T22:05:22.512+0000] {dag.py:3954} INFO - Setting next_dagrun for tutorial_taskflow_api to None, run_after=None
[2026-06-10T22:05:22.531+0000] {processor.py:183} INFO - Processing /home/airflow/.local/lib/python3.12/site-packages/airflow/example_dags/tutorial_taskflow_api.py took 0.076 seconds
[2026-06-10T22:05:53.017+0000] {processor.py:161} INFO - Started process (PID=1792) to work on /home/airflow/.local/lib/python3.12/site-packages/airflow/example_dags/tutorial_taskflow_api.py
[2026-06-10T22:05:53.020+0000] {processor.py:830} INFO - Processing file /home/airflow/.local/lib/python3.12/site-packages/airflow/example_dags/tutorial_taskflow_api.py for tasks to queue
[2026-06-10T22:05:53.022+0000] {logging_mixin.py:188} INFO - [2026-06-10T22:05:53.022+0000] {dagbag.py:545} INFO - Filling up the DagBag from /home/airflow/.local/lib/python3.12/site-packages/airflow/example_dags/tutorial_taskflow_api.py
[2026-06-10T22:05:53.035+0000] {processor.py:840} INFO - DAG(s) 'tutorial_taskflow_api' retrieved from /home/airflow/.local/lib/python3.12/site-packages/airflow/example_dags/tutorial_taskflow_api.py
[2026-06-10T22:05:53.090+0000] {logging_mixin.py:188} INFO - [2026-06-10T22:05:53.090+0000] {dag.py:3096} INFO - Sync 1 DAGs
[2026-06-10T22:05:53.123+0000] {logging_mixin.py:188} INFO - [2026-06-10T22:05:53.120+0000] {dag.py:3954} INFO - Setting next_dagrun for tutorial_taskflow_api to None, run_after=None
[2026-06-10T22:05:53.473+0000] {processor.py:183} INFO - Processing /home/airflow/.local/lib/python3.12/site-packages/airflow/example_dags/tutorial_taskflow_api.py took 0.483 seconds
[2026-06-10T22:06:24.314+0000] {processor.py:161} INFO - Started process (PID=1852) to work on /home/airflow/.local/lib/python3.12/site-packages/airflow/example_dags/tutorial_taskflow_api.py
[2026-06-10T22:06:24.316+0000] {processor.py:830} INFO - Processing file /home/airflow/.local/lib/python3.12/site-packages/airflow/example_dags/tutorial_taskflow_api.py for tasks to queue
[2026-06-10T22:06:24.321+0000] {logging_mixin.py:188} INFO - [2026-06-10T22:06:24.321+0000] {dagbag.py:545} INFO - Filling up the DagBag from /home/airflow/.local/lib/python3.12/site-packages/airflow/example_dags/tutorial_taskflow_api.py
[2026-06-10T22:06:24.330+0000] {processor.py:840} INFO - DAG(s) 'tutorial_taskflow_api' retrieved from /home/airflow/.local/lib/python3.12/site-packages/airflow/example_dags/tutorial_taskflow_api.py
[2026-06-10T22:06:24.354+0000] {logging_mixin.py:188} INFO - [2026-06-10T22:06:24.354+0000] {dag.py:3096} INFO - Sync 1 DAGs
[2026-06-10T22:06:24.617+0000] {logging_mixin.py:188} INFO - [2026-06-10T22:06:24.616+0000] {dag.py:3954} INFO - Setting next_dagrun for tutorial_taskflow_api to None, run_after=None
[2026-06-10T22:06:24.641+0000] {processor.py:183} INFO - Processing /home/airflow/.local/lib/python3.12/site-packages/airflow/example_dags/tutorial_taskflow_api.py took 0.351 seconds
[2026-06-10T22:06:55.366+0000] {processor.py:161} INFO - Started process (PID=1911) to work on /home/airflow/.local/lib/python3.12/site-packages/airflow/example_dags/tutorial_taskflow_api.py
[2026-06-10T22:06:55.366+0000] {processor.py:830} INFO - Processing file /home/airflow/.local/lib/python3.12/site-packages/airflow/example_dags/tutorial_taskflow_api.py for tasks to queue
[2026-06-10T22:06:55.368+0000] {logging_mixin.py:188} INFO - [2026-06-10T22:06:55.368+0000] {dagbag.py:545} INFO - Filling up the DagBag from /home/airflow/.local/lib/python3.12/site-packages/airflow/example_dags/tutorial_taskflow_api.py
[2026-06-10T22:06:55.375+0000] {processor.py:840} INFO - DAG(s) 'tutorial_taskflow_api' retrieved from /home/airflow/.local/lib/python3.12/site-packages/airflow/example_dags/tutorial_taskflow_api.py
[2026-06-10T22:06:55.399+0000] {logging_mixin.py:188} INFO - [2026-06-10T22:06:55.399+0000] {dag.py:3096} INFO - Sync 1 DAGs
[2026-06-10T22:06:55.417+0000] {logging_mixin.py:188} INFO - [2026-06-10T22:06:55.417+0000] {dag.py:3954} INFO - Setting next_dagrun for tutorial_taskflow_api to None, run_after=None
[2026-06-10T22:06:55.442+0000] {processor.py:183} INFO - Processing /home/airflow/.local/lib/python3.12/site-packages/airflow/example_dags/tutorial_taskflow_api.py took 0.083 seconds
[2026-06-10T22:07:25.972+0000] {processor.py:161} INFO - Started process (PID=1971) to work on /home/airflow/.local/lib/python3.12/site-packages/airflow/example_dags/tutorial_taskflow_api.py
[2026-06-10T22:07:25.973+0000] {processor.py:830} INFO - Processing file /home/airflow/.local/lib/python3.12/site-packages/airflow/example_dags/tutorial_taskflow_api.py for tasks to queue
[2026-06-10T22:07:25.975+0000] {logging_mixin.py:188} INFO - [2026-06-10T22:07:25.975+0000] {dagbag.py:545} INFO - Filling up the DagBag from /home/airflow/.local/lib/python3.12/site-packages/airflow/example_dags/tutorial_taskflow_api.py
[2026-06-10T22:07:25.982+0000] {processor.py:840} INFO - DAG(s) 'tutorial_taskflow_api' retrieved from /home/airflow/.local/lib/python3.12/site-packages/airflow/example_dags/tutorial_taskflow_api.py
[2026-06-10T22:07:26.005+0000] {logging_mixin.py:188} INFO - [2026-06-10T22:07:26.005+0000] {dag.py:3096} INFO - Sync 1 DAGs
[2026-06-10T22:07:26.022+0000] {logging_mixin.py:188} INFO - [2026-06-10T22:07:26.022+0000] {dag.py:3954} INFO - Setting next_dagrun for tutorial_taskflow_api to None, run_after=None
[2026-06-10T22:07:26.042+0000] {processor.py:183} INFO - Processing /home/airflow/.local/lib/python3.12/site-packages/airflow/example_dags/tutorial_taskflow_api.py took 0.078 seconds
[2026-06-10T22:07:56.200+0000] {processor.py:161} INFO - Started process (PID=2031) to work on /home/airflow/.local/lib/python3.12/site-packages/airflow/example_dags/tutorial_taskflow_api.py
[2026-06-10T22:07:56.201+0000] {processor.py:830} INFO - Processing file /home/airflow/.local/lib/python3.12/site-packages/airflow/example_dags/tutorial_taskflow_api.py for tasks to queue
[2026-06-10T22:07:56.203+0000] {logging_mixin.py:188} INFO - [2026-06-10T22:07:56.203+0000] {dagbag.py:545} INFO - Filling up the DagBag from /home/airflow/.local/lib/python3.12/site-packages/airflow/example_dags/tutorial_taskflow_api.py
[2026-06-10T22:07:56.211+0000] {processor.py:840} INFO - DAG(s) 'tutorial_taskflow_api' retrieved from /home/airflow/.local/lib/python3.12/site-packages/airflow/example_dags/tutorial_taskflow_api.py
[2026-06-10T22:07:56.237+0000] {logging_mixin.py:188} INFO - [2026-06-10T22:07:56.237+0000] {dag.py:3096} INFO - Sync 1 DAGs
[2026-06-10T22:07:56.255+0000] {logging_mixin.py:188} INFO - [2026-06-10T22:07:56.255+0000] {dag.py:3954} INFO - Setting next_dagrun for tutorial_taskflow_api to None, run_after=None
[2026-06-10T22:07:56.297+0000] {processor.py:183} INFO - Processing /home/airflow/.local/lib/python3.12/site-packages/airflow/example_dags/tutorial_taskflow_api.py took 0.106 seconds
[2026-06-10T22:08:26.688+0000] {processor.py:161} INFO - Started process (PID=2091) to work on /home/airflow/.local/lib/python3.12/site-packages/airflow/example_dags/tutorial_taskflow_api.py
[2026-06-10T22:08:26.689+0000] {processor.py:830} INFO - Processing file /home/airflow/.local/lib/python3.12/site-packages/airflow/example_dags/tutorial_taskflow_api.py for tasks to queue
[2026-06-10T22:08:26.691+0000] {logging_mixin.py:188} INFO - [2026-06-10T22:08:26.691+0000] {dagbag.py:545} INFO - Filling up the DagBag from /home/airflow/.local/lib/python3.12/site-packages/airflow/example_dags/tutorial_taskflow_api.py
[2026-06-10T22:08:26.699+0000] {processor.py:840} INFO - DAG(s) 'tutorial_taskflow_api' retrieved from /home/airflow/.local/lib/python3.12/site-packages/airflow/example_dags/tutorial_taskflow_api.py
[2026-06-10T22:08:26.721+0000] {logging_mixin.py:188} INFO - [2026-06-10T22:08:26.720+0000] {dag.py:3096} INFO - Sync 1 DAGs
[2026-06-10T22:08:26.738+0000] {logging_mixin.py:188} INFO - [2026-06-10T22:08:26.737+0000] {dag.py:3954} INFO - Setting next_dagrun for tutorial_taskflow_api to None, run_after=None
[2026-06-10T22:08:26.764+0000] {processor.py:183} INFO - Processing /home/airflow/.local/lib/python3.12/site-packages/airflow/example_dags/tutorial_taskflow_api.py took 0.084 seconds
[2026-06-10T22:08:57.472+0000] {processor.py:161} INFO - Started process (PID=2150) to work on /home/airflow/.local/lib/python3.12/site-packages/airflow/example_dags/tutorial_taskflow_api.py
[2026-06-10T22:08:57.473+0000] {processor.py:830} INFO - Processing file /home/airflow/.local/lib/python3.12/site-packages/airflow/example_dags/tutorial_taskflow_api.py for tasks to queue
[2026-06-10T22:08:57.479+0000] {logging_mixin.py:188} INFO - [2026-06-10T22:08:57.478+0000] {dagbag.py:545} INFO - Filling up the DagBag from /home/airflow/.local/lib/python3.12/site-packages/airflow/example_dags/tutorial_taskflow_api.py
[2026-06-10T22:08:57.501+0000] {processor.py:840} INFO - DAG(s) 'tutorial_taskflow_api' retrieved from /home/airflow/.local/lib/python3.12/site-packages/airflow/example_dags/tutorial_taskflow_api.py
[2026-06-10T22:08:57.579+0000] {logging_mixin.py:188} INFO - [2026-06-10T22:08:57.578+0000] {dag.py:3096} INFO - Sync 1 DAGs
[2026-06-10T22:08:57.618+0000] {logging_mixin.py:188} INFO - [2026-06-10T22:08:57.617+0000] {dag.py:3954} INFO - Setting next_dagrun for tutorial_taskflow_api to None, run_after=None
[2026-06-10T22:08:57.701+0000] {processor.py:183} INFO - Processing /home/airflow/.local/lib/python3.12/site-packages/airflow/example_dags/tutorial_taskflow_api.py took 0.251 seconds
[2026-06-10T22:09:28.073+0000] {processor.py:161} INFO - Started process (PID=2210) to work on /home/airflow/.local/lib/python3.12/site-packages/airflow/example_dags/tutorial_taskflow_api.py
[2026-06-10T22:09:28.076+0000] {processor.py:830} INFO - Processing file /home/airflow/.local/lib/python3.12/site-packages/airflow/example_dags/tutorial_taskflow_api.py for tasks to queue
[2026-06-10T22:09:28.078+0000] {logging_mixin.py:188} INFO - [2026-06-10T22:09:28.078+0000] {dagbag.py:545} INFO - Filling up the DagBag from /home/airflow/.local/lib/python3.12/site-packages/airflow/example_dags/tutorial_taskflow_api.py
[2026-06-10T22:09:28.085+0000] {processor.py:840} INFO - DAG(s) 'tutorial_taskflow_api' retrieved from /home/airflow/.local/lib/python3.12/site-packages/airflow/example_dags/tutorial_taskflow_api.py
[2026-06-10T22:09:28.107+0000] {logging_mixin.py:188} INFO - [2026-06-10T22:09:28.107+0000] {dag.py:3096} INFO - Sync 1 DAGs
[2026-06-10T22:09:28.125+0000] {logging_mixin.py:188} INFO - [2026-06-10T22:09:28.124+0000] {dag.py:3954} INFO - Setting next_dagrun for tutorial_taskflow_api to None, run_after=None
[2026-06-10T22:09:28.145+0000] {processor.py:183} INFO - Processing /home/airflow/.local/lib/python3.12/site-packages/airflow/example_dags/tutorial_taskflow_api.py took 0.079 seconds
[2026-06-10T22:09:58.478+0000] {processor.py:161} INFO - Started process (PID=2269) to work on /home/airflow/.local/lib/python3.12/site-packages/airflow/example_dags/tutorial_taskflow_api.py
[2026-06-10T22:09:58.478+0000] {processor.py:830} INFO - Processing file /home/airflow/.local/lib/python3.12/site-packages/airflow/example_dags/tutorial_taskflow_api.py for tasks to queue
[2026-06-10T22:09:58.480+0000] {logging_mixin.py:188} INFO - [2026-06-10T22:09:58.480+0000] {dagbag.py:545} INFO - Filling up the DagBag from /home/airflow/.local/lib/python3.12/site-packages/airflow/example_dags/tutorial_taskflow_api.py
[2026-06-10T22:09:58.485+0000] {processor.py:840} INFO - DAG(s) 'tutorial_taskflow_api' retrieved from /home/airflow/.local/lib/python3.12/site-packages/airflow/example_dags/tutorial_taskflow_api.py
[2026-06-10T22:09:58.502+0000] {logging_mixin.py:188} INFO - [2026-06-10T22:09:58.502+0000] {dag.py:3096} INFO - Sync 1 DAGs
[2026-06-10T22:09:58.513+0000] {logging_mixin.py:188} INFO - [2026-06-10T22:09:58.513+0000] {dag.py:3954} INFO - Setting next_dagrun for tutorial_taskflow_api to None, run_after=None
[2026-06-10T22:09:58.528+0000] {processor.py:183} INFO - Processing /home/airflow/.local/lib/python3.12/site-packages/airflow/example_dags/tutorial_taskflow_api.py took 0.055 seconds
[2026-06-10T22:10:29.138+0000] {processor.py:161} INFO - Started process (PID=2329) to work on /home/airflow/.local/lib/python3.12/site-packages/airflow/example_dags/tutorial_taskflow_api.py
[2026-06-10T22:10:29.141+0000] {processor.py:830} INFO - Processing file /home/airflow/.local/lib/python3.12/site-packages/airflow/example_dags/tutorial_taskflow_api.py for tasks to queue
[2026-06-10T22:10:29.144+0000] {logging_mixin.py:188} INFO - [2026-06-10T22:10:29.144+0000] {dagbag.py:545} INFO - Filling up the DagBag from /home/airflow/.local/lib/python3.12/site-packages/airflow/example_dags/tutorial_taskflow_api.py
[2026-06-10T22:10:29.152+0000] {processor.py:840} INFO - DAG(s) 'tutorial_taskflow_api' retrieved from /home/airflow/.local/lib/python3.12/site-packages/airflow/example_dags/tutorial_taskflow_api.py
[2026-06-10T22:10:29.292+0000] {logging_mixin.py:188} INFO - [2026-06-10T22:10:29.292+0000] {dag.py:3096} INFO - Sync 1 DAGs
[2026-06-10T22:10:29.351+0000] {logging_mixin.py:188} INFO - [2026-06-10T22:10:29.350+0000] {dag.py:3954} INFO - Setting next_dagrun for tutorial_taskflow_api to None, run_after=None
[2026-06-10T22:10:29.394+0000] {processor.py:183} INFO - Processing /home/airflow/.local/lib/python3.12/site-packages/airflow/example_dags/tutorial_taskflow_api.py took 0.272 seconds
[2026-06-10T22:11:00.385+0000] {processor.py:161} INFO - Started process (PID=2390) to work on /home/airflow/.local/lib/python3.12/site-packages/airflow/example_dags/tutorial_taskflow_api.py
[2026-06-10T22:11:00.386+0000] {processor.py:830} INFO - Processing file /home/airflow/.local/lib/python3.12/site-packages/airflow/example_dags/tutorial_taskflow_api.py for tasks to queue
[2026-06-10T22:11:00.389+0000] {logging_mixin.py:188} INFO - [2026-06-10T22:11:00.389+0000] {dagbag.py:545} INFO - Filling up the DagBag from /home/airflow/.local/lib/python3.12/site-packages/airflow/example_dags/tutorial_taskflow_api.py
[2026-06-10T22:11:00.397+0000] {processor.py:840} INFO - DAG(s) 'tutorial_taskflow_api' retrieved from /home/airflow/.local/lib/python3.12/site-packages/airflow/example_dags/tutorial_taskflow_api.py
[2026-06-10T22:11:00.445+0000] {logging_mixin.py:188} INFO - [2026-06-10T22:11:00.445+0000] {dag.py:3096} INFO - Sync 1 DAGs
[2026-06-10T22:11:00.461+0000] {logging_mixin.py:188} INFO - [2026-06-10T22:11:00.461+0000] {dag.py:3954} INFO - Setting next_dagrun for tutorial_taskflow_api to None, run_after=None
[2026-06-10T22:11:00.481+0000] {processor.py:183} INFO - Processing /home/airflow/.local/lib/python3.12/site-packages/airflow/example_dags/tutorial_taskflow_api.py took 0.112 seconds
[2026-06-10T22:11:31.018+0000] {processor.py:161} INFO - Started process (PID=2450) to work on /home/airflow/.local/lib/python3.12/site-packages/airflow/example_dags/tutorial_taskflow_api.py
[2026-06-10T22:11:31.019+0000] {processor.py:830} INFO - Processing file /home/airflow/.local/lib/python3.12/site-packages/airflow/example_dags/tutorial_taskflow_api.py for tasks to queue
[2026-06-10T22:11:31.021+0000] {logging_mixin.py:188} INFO - [2026-06-10T22:11:31.020+0000] {dagbag.py:545} INFO - Filling up the DagBag from /home/airflow/.local/lib/python3.12/site-packages/airflow/example_dags/tutorial_taskflow_api.py
[2026-06-10T22:11:31.030+0000] {processor.py:840} INFO - DAG(s) 'tutorial_taskflow_api' retrieved from /home/airflow/.local/lib/python3.12/site-packages/airflow/example_dags/tutorial_taskflow_api.py
[2026-06-10T22:11:31.059+0000] {logging_mixin.py:188} INFO - [2026-06-10T22:11:31.059+0000] {dag.py:3096} INFO - Sync 1 DAGs
[2026-06-10T22:11:31.075+0000] {logging_mixin.py:188} INFO - [2026-06-10T22:11:31.075+0000] {dag.py:3954} INFO - Setting next_dagrun for tutorial_taskflow_api to None, run_after=None
[2026-06-10T22:11:31.097+0000] {processor.py:183} INFO - Processing /home/airflow/.local/lib/python3.12/site-packages/airflow/example_dags/tutorial_taskflow_api.py took 0.086 seconds
[2026-06-10T22:12:02.067+0000] {processor.py:161} INFO - Started process (PID=2510) to work on /home/airflow/.local/lib/python3.12/site-packages/airflow/example_dags/tutorial_taskflow_api.py
[2026-06-10T22:12:02.071+0000] {processor.py:830} INFO - Processing file /home/airflow/.local/lib/python3.12/site-packages/airflow/example_dags/tutorial_taskflow_api.py for tasks to queue
[2026-06-10T22:12:02.074+0000] {logging_mixin.py:188} INFO - [2026-06-10T22:12:02.073+0000] {dagbag.py:545} INFO - Filling up the DagBag from /home/airflow/.local/lib/python3.12/site-packages/airflow/example_dags/tutorial_taskflow_api.py
[2026-06-10T22:12:02.085+0000] {processor.py:840} INFO - DAG(s) 'tutorial_taskflow_api' retrieved from /home/airflow/.local/lib/python3.12/site-packages/airflow/example_dags/tutorial_taskflow_api.py
[2026-06-10T22:12:02.128+0000] {logging_mixin.py:188} INFO - [2026-06-10T22:12:02.127+0000] {dag.py:3096} INFO - Sync 1 DAGs
[2026-06-10T22:12:02.163+0000] {logging_mixin.py:188} INFO - [2026-06-10T22:12:02.157+0000] {dag.py:3954} INFO - Setting next_dagrun for tutorial_taskflow_api to None, run_after=None
[2026-06-10T22:12:02.233+0000] {processor.py:183} INFO - Processing /home/airflow/.local/lib/python3.12/site-packages/airflow/example_dags/tutorial_taskflow_api.py took 0.180 seconds
[2026-06-10T22:12:32.322+0000] {processor.py:161} INFO - Started process (PID=2570) to work on /home/airflow/.local/lib/python3.12/site-packages/airflow/example_dags/tutorial_taskflow_api.py
[2026-06-10T22:12:32.323+0000] {processor.py:830} INFO - Processing file /home/airflow/.local/lib/python3.12/site-packages/airflow/example_dags/tutorial_taskflow_api.py for tasks to queue
[2026-06-10T22:12:32.324+0000] {logging_mixin.py:188} INFO - [2026-06-10T22:12:32.324+0000] {dagbag.py:545} INFO - Filling up the DagBag from /home/airflow/.local/lib/python3.12/site-packages/airflow/example_dags/tutorial_taskflow_api.py
[2026-06-10T22:12:32.330+0000] {processor.py:840} INFO - DAG(s) 'tutorial_taskflow_api' retrieved from /home/airflow/.local/lib/python3.12/site-packages/airflow/example_dags/tutorial_taskflow_api.py
[2026-06-10T22:12:32.346+0000] {logging_mixin.py:188} INFO - [2026-06-10T22:12:32.346+0000] {dag.py:3096} INFO - Sync 1 DAGs
[2026-06-10T22:12:32.357+0000] {logging_mixin.py:188} INFO - [2026-06-10T22:12:32.357+0000] {dag.py:3954} INFO - Setting next_dagrun for tutorial_taskflow_api to None, run_after=None
[2026-06-10T22:12:32.375+0000] {processor.py:183} INFO - Processing /home/airflow/.local/lib/python3.12/site-packages/airflow/example_dags/tutorial_taskflow_api.py took 0.058 seconds
[2026-06-10T22:13:02.740+0000] {processor.py:161} INFO - Started process (PID=2630) to work on /home/airflow/.local/lib/python3.12/site-packages/airflow/example_dags/tutorial_taskflow_api.py
[2026-06-10T22:13:02.741+0000] {processor.py:830} INFO - Processing file /home/airflow/.local/lib/python3.12/site-packages/airflow/example_dags/tutorial_taskflow_api.py for tasks to queue
[2026-06-10T22:13:02.743+0000] {logging_mixin.py:188} INFO - [2026-06-10T22:13:02.743+0000] {dagbag.py:545} INFO - Filling up the DagBag from /home/airflow/.local/lib/python3.12/site-packages/airflow/example_dags/tutorial_taskflow_api.py
[2026-06-10T22:13:02.754+0000] {processor.py:840} INFO - DAG(s) 'tutorial_taskflow_api' retrieved from /home/airflow/.local/lib/python3.12/site-packages/airflow/example_dags/tutorial_taskflow_api.py
[2026-06-10T22:13:02.798+0000] {logging_mixin.py:188} INFO - [2026-06-10T22:13:02.798+0000] {dag.py:3096} INFO - Sync 1 DAGs
[2026-06-10T22:13:02.814+0000] {logging_mixin.py:188} INFO - [2026-06-10T22:13:02.814+0000] {dag.py:3954} INFO - Setting next_dagrun for tutorial_taskflow_api to None, run_after=None
[2026-06-10T22:13:02.848+0000] {processor.py:183} INFO - Processing /home/airflow/.local/lib/python3.12/site-packages/airflow/example_dags/tutorial_taskflow_api.py took 0.114 seconds
[2026-06-10T22:15:48.577+0000] {processor.py:161} INFO - Started process (PID=120) to work on /home/airflow/.local/lib/python3.12/site-packages/airflow/example_dags/tutorial_taskflow_api.py
[2026-06-10T22:15:48.585+0000] {processor.py:830} INFO - Processing file /home/airflow/.local/lib/python3.12/site-packages/airflow/example_dags/tutorial_taskflow_api.py for tasks to queue
[2026-06-10T22:15:48.598+0000] {logging_mixin.py:188} INFO - [2026-06-10T22:15:48.598+0000] {dagbag.py:545} INFO - Filling up the DagBag from /home/airflow/.local/lib/python3.12/site-packages/airflow/example_dags/tutorial_taskflow_api.py
[2026-06-10T22:15:48.702+0000] {processor.py:840} INFO - DAG(s) 'tutorial_taskflow_api' retrieved from /home/airflow/.local/lib/python3.12/site-packages/airflow/example_dags/tutorial_taskflow_api.py
[2026-06-10T22:15:49.732+0000] {logging_mixin.py:188} INFO - [2026-06-10T22:15:49.730+0000] {dag.py:3096} INFO - Sync 1 DAGs
[2026-06-10T22:15:49.811+0000] {logging_mixin.py:188} INFO - [2026-06-10T22:15:49.810+0000] {dag.py:3954} INFO - Setting next_dagrun for tutorial_taskflow_api to None, run_after=None
[2026-06-10T22:15:49.975+0000] {processor.py:183} INFO - Processing /home/airflow/.local/lib/python3.12/site-packages/airflow/example_dags/tutorial_taskflow_api.py took 1.463 seconds
[2026-06-10T22:16:25.978+0000] {processor.py:161} INFO - Started process (PID=181) to work on /home/airflow/.local/lib/python3.12/site-packages/airflow/example_dags/tutorial_taskflow_api.py
[2026-06-10T22:16:25.984+0000] {processor.py:830} INFO - Processing file /home/airflow/.local/lib/python3.12/site-packages/airflow/example_dags/tutorial_taskflow_api.py for tasks to queue
[2026-06-10T22:16:25.991+0000] {logging_mixin.py:188} INFO - [2026-06-10T22:16:25.987+0000] {dagbag.py:545} INFO - Filling up the DagBag from /home/airflow/.local/lib/python3.12/site-packages/airflow/example_dags/tutorial_taskflow_api.py
[2026-06-10T22:16:26.015+0000] {processor.py:840} INFO - DAG(s) 'tutorial_taskflow_api' retrieved from /home/airflow/.local/lib/python3.12/site-packages/airflow/example_dags/tutorial_taskflow_api.py
[2026-06-10T22:16:26.067+0000] {logging_mixin.py:188} INFO - [2026-06-10T22:16:26.067+0000] {dag.py:3096} INFO - Sync 1 DAGs
[2026-06-10T22:16:26.142+0000] {logging_mixin.py:188} INFO - [2026-06-10T22:16:26.137+0000] {dag.py:3954} INFO - Setting next_dagrun for tutorial_taskflow_api to None, run_after=None
[2026-06-10T22:16:26.283+0000] {processor.py:183} INFO - Processing /home/airflow/.local/lib/python3.12/site-packages/airflow/example_dags/tutorial_taskflow_api.py took 0.335 seconds
[2026-06-10T22:16:56.504+0000] {processor.py:161} INFO - Started process (PID=241) to work on /home/airflow/.local/lib/python3.12/site-packages/airflow/example_dags/tutorial_taskflow_api.py
[2026-06-10T22:16:56.505+0000] {processor.py:830} INFO - Processing file /home/airflow/.local/lib/python3.12/site-packages/airflow/example_dags/tutorial_taskflow_api.py for tasks to queue
[2026-06-10T22:16:56.507+0000] {logging_mixin.py:188} INFO - [2026-06-10T22:16:56.506+0000] {dagbag.py:545} INFO - Filling up the DagBag from /home/airflow/.local/lib/python3.12/site-packages/airflow/example_dags/tutorial_taskflow_api.py
[2026-06-10T22:16:56.514+0000] {processor.py:840} INFO - DAG(s) 'tutorial_taskflow_api' retrieved from /home/airflow/.local/lib/python3.12/site-packages/airflow/example_dags/tutorial_taskflow_api.py
[2026-06-10T22:16:56.658+0000] {logging_mixin.py:188} INFO - [2026-06-10T22:16:56.657+0000] {dag.py:3096} INFO - Sync 1 DAGs
[2026-06-10T22:16:56.671+0000] {logging_mixin.py:188} INFO - [2026-06-10T22:16:56.671+0000] {dag.py:3954} INFO - Setting next_dagrun for tutorial_taskflow_api to None, run_after=None
[2026-06-10T22:16:56.703+0000] {processor.py:183} INFO - Processing /home/airflow/.local/lib/python3.12/site-packages/airflow/example_dags/tutorial_taskflow_api.py took 0.207 seconds
[2026-06-10T22:17:27.811+0000] {processor.py:161} INFO - Started process (PID=300) to work on /home/airflow/.local/lib/python3.12/site-packages/airflow/example_dags/tutorial_taskflow_api.py
[2026-06-10T22:17:27.815+0000] {processor.py:830} INFO - Processing file /home/airflow/.local/lib/python3.12/site-packages/airflow/example_dags/tutorial_taskflow_api.py for tasks to queue
[2026-06-10T22:17:27.819+0000] {logging_mixin.py:188} INFO - [2026-06-10T22:17:27.819+0000] {dagbag.py:545} INFO - Filling up the DagBag from /home/airflow/.local/lib/python3.12/site-packages/airflow/example_dags/tutorial_taskflow_api.py
[2026-06-10T22:17:27.835+0000] {processor.py:840} INFO - DAG(s) 'tutorial_taskflow_api' retrieved from /home/airflow/.local/lib/python3.12/site-packages/airflow/example_dags/tutorial_taskflow_api.py
[2026-06-10T22:17:27.879+0000] {logging_mixin.py:188} INFO - [2026-06-10T22:17:27.878+0000] {dag.py:3096} INFO - Sync 1 DAGs
[2026-06-10T22:17:27.912+0000] {logging_mixin.py:188} INFO - [2026-06-10T22:17:27.912+0000] {dag.py:3954} INFO - Setting next_dagrun for tutorial_taskflow_api to None, run_after=None
[2026-06-10T22:17:27.955+0000] {processor.py:183} INFO - Processing /home/airflow/.local/lib/python3.12/site-packages/airflow/example_dags/tutorial_taskflow_api.py took 0.155 seconds
[2026-06-10T22:17:58.528+0000] {processor.py:161} INFO - Started process (PID=360) to work on /home/airflow/.local/lib/python3.12/site-packages/airflow/example_dags/tutorial_taskflow_api.py
[2026-06-10T22:17:58.529+0000] {processor.py:830} INFO - Processing file /home/airflow/.local/lib/python3.12/site-packages/airflow/example_dags/tutorial_taskflow_api.py for tasks to queue
[2026-06-10T22:17:58.531+0000] {logging_mixin.py:188} INFO - [2026-06-10T22:17:58.530+0000] {dagbag.py:545} INFO - Filling up the DagBag from /home/airflow/.local/lib/python3.12/site-packages/airflow/example_dags/tutorial_taskflow_api.py
[2026-06-10T22:17:58.538+0000] {processor.py:840} INFO - DAG(s) 'tutorial_taskflow_api' retrieved from /home/airflow/.local/lib/python3.12/site-packages/airflow/example_dags/tutorial_taskflow_api.py
[2026-06-10T22:17:58.565+0000] {logging_mixin.py:188} INFO - [2026-06-10T22:17:58.564+0000] {dag.py:3096} INFO - Sync 1 DAGs
[2026-06-10T22:17:58.581+0000] {logging_mixin.py:188} INFO - [2026-06-10T22:17:58.581+0000] {dag.py:3954} INFO - Setting next_dagrun for tutorial_taskflow_api to None, run_after=None
[2026-06-10T22:17:58.602+0000] {processor.py:183} INFO - Processing /home/airflow/.local/lib/python3.12/site-packages/airflow/example_dags/tutorial_taskflow_api.py took 0.081 seconds
[2026-06-10T22:18:29.111+0000] {processor.py:161} INFO - Started process (PID=420) to work on /home/airflow/.local/lib/python3.12/site-packages/airflow/example_dags/tutorial_taskflow_api.py
[2026-06-10T22:18:29.112+0000] {processor.py:830} INFO - Processing file /home/airflow/.local/lib/python3.12/site-packages/airflow/example_dags/tutorial_taskflow_api.py for tasks to queue
[2026-06-10T22:18:29.114+0000] {logging_mixin.py:188} INFO - [2026-06-10T22:18:29.113+0000] {dagbag.py:545} INFO - Filling up the DagBag from /home/airflow/.local/lib/python3.12/site-packages/airflow/example_dags/tutorial_taskflow_api.py
[2026-06-10T22:18:29.121+0000] {processor.py:840} INFO - DAG(s) 'tutorial_taskflow_api' retrieved from /home/airflow/.local/lib/python3.12/site-packages/airflow/example_dags/tutorial_taskflow_api.py
[2026-06-10T22:18:29.146+0000] {logging_mixin.py:188} INFO - [2026-06-10T22:18:29.145+0000] {dag.py:3096} INFO - Sync 1 DAGs
[2026-06-10T22:18:29.166+0000] {logging_mixin.py:188} INFO - [2026-06-10T22:18:29.165+0000] {dag.py:3954} INFO - Setting next_dagrun for tutorial_taskflow_api to None, run_after=None
[2026-06-10T22:18:29.185+0000] {processor.py:183} INFO - Processing /home/airflow/.local/lib/python3.12/site-packages/airflow/example_dags/tutorial_taskflow_api.py took 0.085 seconds
[2026-06-10T22:18:59.574+0000] {processor.py:161} INFO - Started process (PID=480) to work on /home/airflow/.local/lib/python3.12/site-packages/airflow/example_dags/tutorial_taskflow_api.py
[2026-06-10T22:18:59.575+0000] {processor.py:830} INFO - Processing file /home/airflow/.local/lib/python3.12/site-packages/airflow/example_dags/tutorial_taskflow_api.py for tasks to queue
[2026-06-10T22:18:59.577+0000] {logging_mixin.py:188} INFO - [2026-06-10T22:18:59.577+0000] {dagbag.py:545} INFO - Filling up the DagBag from /home/airflow/.local/lib/python3.12/site-packages/airflow/example_dags/tutorial_taskflow_api.py
[2026-06-10T22:18:59.584+0000] {processor.py:840} INFO - DAG(s) 'tutorial_taskflow_api' retrieved from /home/airflow/.local/lib/python3.12/site-packages/airflow/example_dags/tutorial_taskflow_api.py
[2026-06-10T22:18:59.610+0000] {logging_mixin.py:188} INFO - [2026-06-10T22:18:59.610+0000] {dag.py:3096} INFO - Sync 1 DAGs
[2026-06-10T22:18:59.633+0000] {logging_mixin.py:188} INFO - [2026-06-10T22:18:59.629+0000] {dag.py:3954} INFO - Setting next_dagrun for tutorial_taskflow_api to None, run_after=None
[2026-06-10T22:18:59.687+0000] {processor.py:183} INFO - Processing /home/airflow/.local/lib/python3.12/site-packages/airflow/example_dags/tutorial_taskflow_api.py took 0.122 seconds
[2026-06-10T22:19:30.378+0000] {processor.py:161} INFO - Started process (PID=540) to work on /home/airflow/.local/lib/python3.12/site-packages/airflow/example_dags/tutorial_taskflow_api.py
[2026-06-10T22:19:30.379+0000] {processor.py:830} INFO - Processing file /home/airflow/.local/lib/python3.12/site-packages/airflow/example_dags/tutorial_taskflow_api.py for tasks to queue
[2026-06-10T22:19:30.381+0000] {logging_mixin.py:188} INFO - [2026-06-10T22:19:30.381+0000] {dagbag.py:545} INFO - Filling up the DagBag from /home/airflow/.local/lib/python3.12/site-packages/airflow/example_dags/tutorial_taskflow_api.py
[2026-06-10T22:19:30.389+0000] {processor.py:840} INFO - DAG(s) 'tutorial_taskflow_api' retrieved from /home/airflow/.local/lib/python3.12/site-packages/airflow/example_dags/tutorial_taskflow_api.py
[2026-06-10T22:19:30.415+0000] {logging_mixin.py:188} INFO - [2026-06-10T22:19:30.414+0000] {dag.py:3096} INFO - Sync 1 DAGs
[2026-06-10T22:19:30.432+0000] {logging_mixin.py:188} INFO - [2026-06-10T22:19:30.432+0000] {dag.py:3954} INFO - Setting next_dagrun for tutorial_taskflow_api to None, run_after=None
[2026-06-10T22:19:30.453+0000] {processor.py:183} INFO - Processing /home/airflow/.local/lib/python3.12/site-packages/airflow/example_dags/tutorial_taskflow_api.py took 0.087 seconds
[2026-06-10T22:20:01.515+0000] {processor.py:161} INFO - Started process (PID=600) to work on /home/airflow/.local/lib/python3.12/site-packages/airflow/example_dags/tutorial_taskflow_api.py
[2026-06-10T22:20:01.518+0000] {processor.py:830} INFO - Processing file /home/airflow/.local/lib/python3.12/site-packages/airflow/example_dags/tutorial_taskflow_api.py for tasks to queue
[2026-06-10T22:20:01.520+0000] {logging_mixin.py:188} INFO - [2026-06-10T22:20:01.520+0000] {dagbag.py:545} INFO - Filling up the DagBag from /home/airflow/.local/lib/python3.12/site-packages/airflow/example_dags/tutorial_taskflow_api.py
[2026-06-10T22:20:01.536+0000] {processor.py:840} INFO - DAG(s) 'tutorial_taskflow_api' retrieved from /home/airflow/.local/lib/python3.12/site-packages/airflow/example_dags/tutorial_taskflow_api.py
[2026-06-10T22:20:01.629+0000] {logging_mixin.py:188} INFO - [2026-06-10T22:20:01.629+0000] {dag.py:3096} INFO - Sync 1 DAGs
[2026-06-10T22:20:01.671+0000] {logging_mixin.py:188} INFO - [2026-06-10T22:20:01.670+0000] {dag.py:3954} INFO - Setting next_dagrun for tutorial_taskflow_api to None, run_after=None
[2026-06-10T22:20:01.711+0000] {processor.py:183} INFO - Processing /home/airflow/.local/lib/python3.12/site-packages/airflow/example_dags/tutorial_taskflow_api.py took 0.211 seconds
[2026-06-10T22:20:31.751+0000] {processor.py:161} INFO - Started process (PID=658) to work on /home/airflow/.local/lib/python3.12/site-packages/airflow/example_dags/tutorial_taskflow_api.py
[2026-06-10T22:20:31.752+0000] {processor.py:830} INFO - Processing file /home/airflow/.local/lib/python3.12/site-packages/airflow/example_dags/tutorial_taskflow_api.py for tasks to queue
[2026-06-10T22:20:31.754+0000] {logging_mixin.py:188} INFO - [2026-06-10T22:20:31.753+0000] {dagbag.py:545} INFO - Filling up the DagBag from /home/airflow/.local/lib/python3.12/site-packages/airflow/example_dags/tutorial_taskflow_api.py
[2026-06-10T22:20:31.768+0000] {processor.py:840} INFO - DAG(s) 'tutorial_taskflow_api' retrieved from /home/airflow/.local/lib/python3.12/site-packages/airflow/example_dags/tutorial_taskflow_api.py
[2026-06-10T22:20:31.796+0000] {logging_mixin.py:188} INFO - [2026-06-10T22:20:31.796+0000] {dag.py:3096} INFO - Sync 1 DAGs
[2026-06-10T22:20:31.814+0000] {logging_mixin.py:188} INFO - [2026-06-10T22:20:31.814+0000] {dag.py:3954} INFO - Setting next_dagrun for tutorial_taskflow_api to None, run_after=None
[2026-06-10T22:20:31.834+0000] {processor.py:183} INFO - Processing /home/airflow/.local/lib/python3.12/site-packages/airflow/example_dags/tutorial_taskflow_api.py took 0.091 seconds
[2026-06-10T22:21:02.234+0000] {processor.py:161} INFO - Started process (PID=718) to work on /home/airflow/.local/lib/python3.12/site-packages/airflow/example_dags/tutorial_taskflow_api.py
[2026-06-10T22:21:02.235+0000] {processor.py:830} INFO - Processing file /home/airflow/.local/lib/python3.12/site-packages/airflow/example_dags/tutorial_taskflow_api.py for tasks to queue
[2026-06-10T22:21:02.237+0000] {logging_mixin.py:188} INFO - [2026-06-10T22:21:02.236+0000] {dagbag.py:545} INFO - Filling up the DagBag from /home/airflow/.local/lib/python3.12/site-packages/airflow/example_dags/tutorial_taskflow_api.py
[2026-06-10T22:21:02.245+0000] {processor.py:840} INFO - DAG(s) 'tutorial_taskflow_api' retrieved from /home/airflow/.local/lib/python3.12/site-packages/airflow/example_dags/tutorial_taskflow_api.py
[2026-06-10T22:21:02.272+0000] {logging_mixin.py:188} INFO - [2026-06-10T22:21:02.271+0000] {dag.py:3096} INFO - Sync 1 DAGs
[2026-06-10T22:21:02.289+0000] {logging_mixin.py:188} INFO - [2026-06-10T22:21:02.289+0000] {dag.py:3954} INFO - Setting next_dagrun for tutorial_taskflow_api to None, run_after=None
[2026-06-10T22:21:02.313+0000] {processor.py:183} INFO - Processing /home/airflow/.local/lib/python3.12/site-packages/airflow/example_dags/tutorial_taskflow_api.py took 0.087 seconds
[2026-06-10T22:21:33.223+0000] {processor.py:161} INFO - Started process (PID=778) to work on /home/airflow/.local/lib/python3.12/site-packages/airflow/example_dags/tutorial_taskflow_api.py
[2026-06-10T22:21:33.224+0000] {processor.py:830} INFO - Processing file /home/airflow/.local/lib/python3.12/site-packages/airflow/example_dags/tutorial_taskflow_api.py for tasks to queue
[2026-06-10T22:21:33.226+0000] {logging_mixin.py:188} INFO - [2026-06-10T22:21:33.226+0000] {dagbag.py:545} INFO - Filling up the DagBag from /home/airflow/.local/lib/python3.12/site-packages/airflow/example_dags/tutorial_taskflow_api.py
[2026-06-10T22:21:33.234+0000] {processor.py:840} INFO - DAG(s) 'tutorial_taskflow_api' retrieved from /home/airflow/.local/lib/python3.12/site-packages/airflow/example_dags/tutorial_taskflow_api.py
[2026-06-10T22:21:33.257+0000] {logging_mixin.py:188} INFO - [2026-06-10T22:21:33.256+0000] {dag.py:3096} INFO - Sync 1 DAGs
[2026-06-10T22:21:33.274+0000] {logging_mixin.py:188} INFO - [2026-06-10T22:21:33.274+0000] {dag.py:3954} INFO - Setting next_dagrun for tutorial_taskflow_api to None, run_after=None
[2026-06-10T22:21:33.296+0000] {processor.py:183} INFO - Processing /home/airflow/.local/lib/python3.12/site-packages/airflow/example_dags/tutorial_taskflow_api.py took 0.080 seconds
[2026-06-10T22:22:03.733+0000] {processor.py:161} INFO - Started process (PID=838) to work on /home/airflow/.local/lib/python3.12/site-packages/airflow/example_dags/tutorial_taskflow_api.py
[2026-06-10T22:22:03.733+0000] {processor.py:830} INFO - Processing file /home/airflow/.local/lib/python3.12/site-packages/airflow/example_dags/tutorial_taskflow_api.py for tasks to queue
[2026-06-10T22:22:03.736+0000] {logging_mixin.py:188} INFO - [2026-06-10T22:22:03.735+0000] {dagbag.py:545} INFO - Filling up the DagBag from /home/airflow/.local/lib/python3.12/site-packages/airflow/example_dags/tutorial_taskflow_api.py
[2026-06-10T22:22:03.742+0000] {processor.py:840} INFO - DAG(s) 'tutorial_taskflow_api' retrieved from /home/airflow/.local/lib/python3.12/site-packages/airflow/example_dags/tutorial_taskflow_api.py
[2026-06-10T22:22:03.759+0000] {logging_mixin.py:188} INFO - [2026-06-10T22:22:03.759+0000] {dag.py:3096} INFO - Sync 1 DAGs
[2026-06-10T22:22:03.774+0000] {logging_mixin.py:188} INFO - [2026-06-10T22:22:03.773+0000] {dag.py:3954} INFO - Setting next_dagrun for tutorial_taskflow_api to None, run_after=None
[2026-06-10T22:22:03.789+0000] {processor.py:183} INFO - Processing /home/airflow/.local/lib/python3.12/site-packages/airflow/example_dags/tutorial_taskflow_api.py took 0.069 seconds
[2026-06-10T22:22:34.178+0000] {processor.py:161} INFO - Started process (PID=897) to work on /home/airflow/.local/lib/python3.12/site-packages/airflow/example_dags/tutorial_taskflow_api.py
[2026-06-10T22:22:34.179+0000] {processor.py:830} INFO - Processing file /home/airflow/.local/lib/python3.12/site-packages/airflow/example_dags/tutorial_taskflow_api.py for tasks to queue
[2026-06-10T22:22:34.181+0000] {logging_mixin.py:188} INFO - [2026-06-10T22:22:34.181+0000] {dagbag.py:545} INFO - Filling up the DagBag from /home/airflow/.local/lib/python3.12/site-packages/airflow/example_dags/tutorial_taskflow_api.py
[2026-06-10T22:22:34.188+0000] {processor.py:840} INFO - DAG(s) 'tutorial_taskflow_api' retrieved from /home/airflow/.local/lib/python3.12/site-packages/airflow/example_dags/tutorial_taskflow_api.py
[2026-06-10T22:22:34.211+0000] {logging_mixin.py:188} INFO - [2026-06-10T22:22:34.211+0000] {dag.py:3096} INFO - Sync 1 DAGs
[2026-06-10T22:22:34.228+0000] {logging_mixin.py:188} INFO - [2026-06-10T22:22:34.228+0000] {dag.py:3954} INFO - Setting next_dagrun for tutorial_taskflow_api to None, run_after=None
[2026-06-10T22:22:34.252+0000] {processor.py:183} INFO - Processing /home/airflow/.local/lib/python3.12/site-packages/airflow/example_dags/tutorial_taskflow_api.py took 0.081 seconds
[2026-06-10T22:23:04.880+0000] {processor.py:161} INFO - Started process (PID=957) to work on /home/airflow/.local/lib/python3.12/site-packages/airflow/example_dags/tutorial_taskflow_api.py
[2026-06-10T22:23:04.881+0000] {processor.py:830} INFO - Processing file /home/airflow/.local/lib/python3.12/site-packages/airflow/example_dags/tutorial_taskflow_api.py for tasks to queue
[2026-06-10T22:23:04.883+0000] {logging_mixin.py:188} INFO - [2026-06-10T22:23:04.883+0000] {dagbag.py:545} INFO - Filling up the DagBag from /home/airflow/.local/lib/python3.12/site-packages/airflow/example_dags/tutorial_taskflow_api.py
[2026-06-10T22:23:04.890+0000] {processor.py:840} INFO - DAG(s) 'tutorial_taskflow_api' retrieved from /home/airflow/.local/lib/python3.12/site-packages/airflow/example_dags/tutorial_taskflow_api.py
[2026-06-10T22:23:04.915+0000] {logging_mixin.py:188} INFO - [2026-06-10T22:23:04.914+0000] {dag.py:3096} INFO - Sync 1 DAGs
[2026-06-10T22:23:04.932+0000] {logging_mixin.py:188} INFO - [2026-06-10T22:23:04.932+0000] {dag.py:3954} INFO - Setting next_dagrun for tutorial_taskflow_api to None, run_after=None
[2026-06-10T22:23:04.955+0000] {processor.py:183} INFO - Processing /home/airflow/.local/lib/python3.12/site-packages/airflow/example_dags/tutorial_taskflow_api.py took 0.081 seconds
[2026-06-10T22:23:35.637+0000] {processor.py:161} INFO - Started process (PID=1016) to work on /home/airflow/.local/lib/python3.12/site-packages/airflow/example_dags/tutorial_taskflow_api.py
[2026-06-10T22:23:35.638+0000] {processor.py:830} INFO - Processing file /home/airflow/.local/lib/python3.12/site-packages/airflow/example_dags/tutorial_taskflow_api.py for tasks to queue
[2026-06-10T22:23:35.640+0000] {logging_mixin.py:188} INFO - [2026-06-10T22:23:35.640+0000] {dagbag.py:545} INFO - Filling up the DagBag from /home/airflow/.local/lib/python3.12/site-packages/airflow/example_dags/tutorial_taskflow_api.py
[2026-06-10T22:23:35.647+0000] {processor.py:840} INFO - DAG(s) 'tutorial_taskflow_api' retrieved from /home/airflow/.local/lib/python3.12/site-packages/airflow/example_dags/tutorial_taskflow_api.py
[2026-06-10T22:23:35.672+0000] {logging_mixin.py:188} INFO - [2026-06-10T22:23:35.672+0000] {dag.py:3096} INFO - Sync 1 DAGs
[2026-06-10T22:23:35.689+0000] {logging_mixin.py:188} INFO - [2026-06-10T22:23:35.688+0000] {dag.py:3954} INFO - Setting next_dagrun for tutorial_taskflow_api to None, run_after=None
[2026-06-10T22:23:35.711+0000] {processor.py:183} INFO - Processing /home/airflow/.local/lib/python3.12/site-packages/airflow/example_dags/tutorial_taskflow_api.py took 0.082 seconds
[2026-06-10T22:24:06.644+0000] {processor.py:161} INFO - Started process (PID=1076) to work on /home/airflow/.local/lib/python3.12/site-packages/airflow/example_dags/tutorial_taskflow_api.py
[2026-06-10T22:24:06.645+0000] {processor.py:830} INFO - Processing file /home/airflow/.local/lib/python3.12/site-packages/airflow/example_dags/tutorial_taskflow_api.py for tasks to queue
[2026-06-10T22:24:06.647+0000] {logging_mixin.py:188} INFO - [2026-06-10T22:24:06.647+0000] {dagbag.py:545} INFO - Filling up the DagBag from /home/airflow/.local/lib/python3.12/site-packages/airflow/example_dags/tutorial_taskflow_api.py
[2026-06-10T22:24:06.655+0000] {processor.py:840} INFO - DAG(s) 'tutorial_taskflow_api' retrieved from /home/airflow/.local/lib/python3.12/site-packages/airflow/example_dags/tutorial_taskflow_api.py
[2026-06-10T22:24:06.676+0000] {logging_mixin.py:188} INFO - [2026-06-10T22:24:06.675+0000] {dag.py:3096} INFO - Sync 1 DAGs
[2026-06-10T22:24:06.689+0000] {logging_mixin.py:188} INFO - [2026-06-10T22:24:06.689+0000] {dag.py:3954} INFO - Setting next_dagrun for tutorial_taskflow_api to None, run_after=None
[2026-06-10T22:24:06.704+0000] {processor.py:183} INFO - Processing /home/airflow/.local/lib/python3.12/site-packages/airflow/example_dags/tutorial_taskflow_api.py took 0.067 seconds
[2026-06-10T22:24:37.685+0000] {processor.py:161} INFO - Started process (PID=1136) to work on /home/airflow/.local/lib/python3.12/site-packages/airflow/example_dags/tutorial_taskflow_api.py
[2026-06-10T22:24:37.685+0000] {processor.py:830} INFO - Processing file /home/airflow/.local/lib/python3.12/site-packages/airflow/example_dags/tutorial_taskflow_api.py for tasks to queue
[2026-06-10T22:24:37.688+0000] {logging_mixin.py:188} INFO - [2026-06-10T22:24:37.687+0000] {dagbag.py:545} INFO - Filling up the DagBag from /home/airflow/.local/lib/python3.12/site-packages/airflow/example_dags/tutorial_taskflow_api.py
[2026-06-10T22:24:37.695+0000] {processor.py:840} INFO - DAG(s) 'tutorial_taskflow_api' retrieved from /home/airflow/.local/lib/python3.12/site-packages/airflow/example_dags/tutorial_taskflow_api.py
[2026-06-10T22:24:37.721+0000] {logging_mixin.py:188} INFO - [2026-06-10T22:24:37.721+0000] {dag.py:3096} INFO - Sync 1 DAGs
[2026-06-10T22:24:37.741+0000] {logging_mixin.py:188} INFO - [2026-06-10T22:24:37.741+0000] {dag.py:3954} INFO - Setting next_dagrun for tutorial_taskflow_api to None, run_after=None
[2026-06-10T22:24:37.762+0000] {processor.py:183} INFO - Processing /home/airflow/.local/lib/python3.12/site-packages/airflow/example_dags/tutorial_taskflow_api.py took 0.085 seconds
[2026-06-10T22:25:08.510+0000] {processor.py:161} INFO - Started process (PID=1196) to work on /home/airflow/.local/lib/python3.12/site-packages/airflow/example_dags/tutorial_taskflow_api.py
[2026-06-10T22:25:08.511+0000] {processor.py:830} INFO - Processing file /home/airflow/.local/lib/python3.12/site-packages/airflow/example_dags/tutorial_taskflow_api.py for tasks to queue
[2026-06-10T22:25:08.518+0000] {logging_mixin.py:188} INFO - [2026-06-10T22:25:08.517+0000] {dagbag.py:545} INFO - Filling up the DagBag from /home/airflow/.local/lib/python3.12/site-packages/airflow/example_dags/tutorial_taskflow_api.py
[2026-06-10T22:25:08.533+0000] {processor.py:840} INFO - DAG(s) 'tutorial_taskflow_api' retrieved from /home/airflow/.local/lib/python3.12/site-packages/airflow/example_dags/tutorial_taskflow_api.py
[2026-06-10T22:25:08.606+0000] {logging_mixin.py:188} INFO - [2026-06-10T22:25:08.605+0000] {dag.py:3096} INFO - Sync 1 DAGs
[2026-06-10T22:25:08.638+0000] {logging_mixin.py:188} INFO - [2026-06-10T22:25:08.638+0000] {dag.py:3954} INFO - Setting next_dagrun for tutorial_taskflow_api to None, run_after=None
[2026-06-10T22:25:08.678+0000] {processor.py:183} INFO - Processing /home/airflow/.local/lib/python3.12/site-packages/airflow/example_dags/tutorial_taskflow_api.py took 0.183 seconds
[2026-06-10T22:25:39.837+0000] {processor.py:161} INFO - Started process (PID=1262) to work on /home/airflow/.local/lib/python3.12/site-packages/airflow/example_dags/tutorial_taskflow_api.py
[2026-06-10T22:25:39.838+0000] {processor.py:830} INFO - Processing file /home/airflow/.local/lib/python3.12/site-packages/airflow/example_dags/tutorial_taskflow_api.py for tasks to queue
[2026-06-10T22:25:39.840+0000] {logging_mixin.py:188} INFO - [2026-06-10T22:25:39.839+0000] {dagbag.py:545} INFO - Filling up the DagBag from /home/airflow/.local/lib/python3.12/site-packages/airflow/example_dags/tutorial_taskflow_api.py
[2026-06-10T22:25:39.848+0000] {processor.py:840} INFO - DAG(s) 'tutorial_taskflow_api' retrieved from /home/airflow/.local/lib/python3.12/site-packages/airflow/example_dags/tutorial_taskflow_api.py
[2026-06-10T22:25:39.873+0000] {logging_mixin.py:188} INFO - [2026-06-10T22:25:39.873+0000] {dag.py:3096} INFO - Sync 1 DAGs
[2026-06-10T22:25:39.890+0000] {logging_mixin.py:188} INFO - [2026-06-10T22:25:39.889+0000] {dag.py:3954} INFO - Setting next_dagrun for tutorial_taskflow_api to None, run_after=None
[2026-06-10T22:25:39.910+0000] {processor.py:183} INFO - Processing /home/airflow/.local/lib/python3.12/site-packages/airflow/example_dags/tutorial_taskflow_api.py took 0.081 seconds
[2026-06-10T22:26:10.492+0000] {processor.py:161} INFO - Started process (PID=1323) to work on /home/airflow/.local/lib/python3.12/site-packages/airflow/example_dags/tutorial_taskflow_api.py
[2026-06-10T22:26:10.493+0000] {processor.py:830} INFO - Processing file /home/airflow/.local/lib/python3.12/site-packages/airflow/example_dags/tutorial_taskflow_api.py for tasks to queue
[2026-06-10T22:26:10.495+0000] {logging_mixin.py:188} INFO - [2026-06-10T22:26:10.495+0000] {dagbag.py:545} INFO - Filling up the DagBag from /home/airflow/.local/lib/python3.12/site-packages/airflow/example_dags/tutorial_taskflow_api.py
[2026-06-10T22:26:10.509+0000] {processor.py:840} INFO - DAG(s) 'tutorial_taskflow_api' retrieved from /home/airflow/.local/lib/python3.12/site-packages/airflow/example_dags/tutorial_taskflow_api.py
[2026-06-10T22:26:10.534+0000] {logging_mixin.py:188} INFO - [2026-06-10T22:26:10.534+0000] {dag.py:3096} INFO - Sync 1 DAGs
[2026-06-10T22:26:10.551+0000] {logging_mixin.py:188} INFO - [2026-06-10T22:26:10.550+0000] {dag.py:3954} INFO - Setting next_dagrun for tutorial_taskflow_api to None, run_after=None
[2026-06-10T22:26:10.576+0000] {processor.py:183} INFO - Processing /home/airflow/.local/lib/python3.12/site-packages/airflow/example_dags/tutorial_taskflow_api.py took 0.092 seconds
[2026-06-10T22:26:41.017+0000] {processor.py:161} INFO - Started process (PID=1384) to work on /home/airflow/.local/lib/python3.12/site-packages/airflow/example_dags/tutorial_taskflow_api.py
[2026-06-10T22:26:41.023+0000] {processor.py:830} INFO - Processing file /home/airflow/.local/lib/python3.12/site-packages/airflow/example_dags/tutorial_taskflow_api.py for tasks to queue
[2026-06-10T22:26:41.031+0000] {logging_mixin.py:188} INFO - [2026-06-10T22:26:41.028+0000] {dagbag.py:545} INFO - Filling up the DagBag from /home/airflow/.local/lib/python3.12/site-packages/airflow/example_dags/tutorial_taskflow_api.py
[2026-06-10T22:26:41.051+0000] {processor.py:840} INFO - DAG(s) 'tutorial_taskflow_api' retrieved from /home/airflow/.local/lib/python3.12/site-packages/airflow/example_dags/tutorial_taskflow_api.py
[2026-06-10T22:26:41.123+0000] {logging_mixin.py:188} INFO - [2026-06-10T22:26:41.123+0000] {dag.py:3096} INFO - Sync 1 DAGs
[2026-06-10T22:26:41.160+0000] {logging_mixin.py:188} INFO - [2026-06-10T22:26:41.160+0000] {dag.py:3954} INFO - Setting next_dagrun for tutorial_taskflow_api to None, run_after=None
[2026-06-10T22:26:41.203+0000] {processor.py:183} INFO - Processing /home/airflow/.local/lib/python3.12/site-packages/airflow/example_dags/tutorial_taskflow_api.py took 0.196 seconds
[2026-06-10T22:27:12.082+0000] {processor.py:161} INFO - Started process (PID=1445) to work on /home/airflow/.local/lib/python3.12/site-packages/airflow/example_dags/tutorial_taskflow_api.py
[2026-06-10T22:27:12.082+0000] {processor.py:830} INFO - Processing file /home/airflow/.local/lib/python3.12/site-packages/airflow/example_dags/tutorial_taskflow_api.py for tasks to queue
[2026-06-10T22:27:12.084+0000] {logging_mixin.py:188} INFO - [2026-06-10T22:27:12.083+0000] {dagbag.py:545} INFO - Filling up the DagBag from /home/airflow/.local/lib/python3.12/site-packages/airflow/example_dags/tutorial_taskflow_api.py
[2026-06-10T22:27:12.089+0000] {processor.py:840} INFO - DAG(s) 'tutorial_taskflow_api' retrieved from /home/airflow/.local/lib/python3.12/site-packages/airflow/example_dags/tutorial_taskflow_api.py
[2026-06-10T22:27:12.108+0000] {logging_mixin.py:188} INFO - [2026-06-10T22:27:12.108+0000] {dag.py:3096} INFO - Sync 1 DAGs
[2026-06-10T22:27:12.120+0000] {logging_mixin.py:188} INFO - [2026-06-10T22:27:12.120+0000] {dag.py:3954} INFO - Setting next_dagrun for tutorial_taskflow_api to None, run_after=None
[2026-06-10T22:27:12.141+0000] {processor.py:183} INFO - Processing /home/airflow/.local/lib/python3.12/site-packages/airflow/example_dags/tutorial_taskflow_api.py took 0.065 seconds
[2026-06-10T22:27:43.049+0000] {processor.py:161} INFO - Started process (PID=1506) to work on /home/airflow/.local/lib/python3.12/site-packages/airflow/example_dags/tutorial_taskflow_api.py
[2026-06-10T22:27:43.050+0000] {processor.py:830} INFO - Processing file /home/airflow/.local/lib/python3.12/site-packages/airflow/example_dags/tutorial_taskflow_api.py for tasks to queue
[2026-06-10T22:27:43.052+0000] {logging_mixin.py:188} INFO - [2026-06-10T22:27:43.052+0000] {dagbag.py:545} INFO - Filling up the DagBag from /home/airflow/.local/lib/python3.12/site-packages/airflow/example_dags/tutorial_taskflow_api.py
[2026-06-10T22:27:43.059+0000] {processor.py:840} INFO - DAG(s) 'tutorial_taskflow_api' retrieved from /home/airflow/.local/lib/python3.12/site-packages/airflow/example_dags/tutorial_taskflow_api.py
[2026-06-10T22:27:43.086+0000] {logging_mixin.py:188} INFO - [2026-06-10T22:27:43.086+0000] {dag.py:3096} INFO - Sync 1 DAGs
[2026-06-10T22:27:43.104+0000] {logging_mixin.py:188} INFO - [2026-06-10T22:27:43.104+0000] {dag.py:3954} INFO - Setting next_dagrun for tutorial_taskflow_api to None, run_after=None
[2026-06-10T22:27:43.128+0000] {processor.py:183} INFO - Processing /home/airflow/.local/lib/python3.12/site-packages/airflow/example_dags/tutorial_taskflow_api.py took 0.086 seconds
[2026-06-10T22:28:13.643+0000] {processor.py:161} INFO - Started process (PID=1567) to work on /home/airflow/.local/lib/python3.12/site-packages/airflow/example_dags/tutorial_taskflow_api.py
[2026-06-10T22:28:13.644+0000] {processor.py:830} INFO - Processing file /home/airflow/.local/lib/python3.12/site-packages/airflow/example_dags/tutorial_taskflow_api.py for tasks to queue
[2026-06-10T22:28:13.646+0000] {logging_mixin.py:188} INFO - [2026-06-10T22:28:13.646+0000] {dagbag.py:545} INFO - Filling up the DagBag from /home/airflow/.local/lib/python3.12/site-packages/airflow/example_dags/tutorial_taskflow_api.py
[2026-06-10T22:28:13.654+0000] {processor.py:840} INFO - DAG(s) 'tutorial_taskflow_api' retrieved from /home/airflow/.local/lib/python3.12/site-packages/airflow/example_dags/tutorial_taskflow_api.py
[2026-06-10T22:28:13.679+0000] {logging_mixin.py:188} INFO - [2026-06-10T22:28:13.678+0000] {dag.py:3096} INFO - Sync 1 DAGs
[2026-06-10T22:28:13.697+0000] {logging_mixin.py:188} INFO - [2026-06-10T22:28:13.697+0000] {dag.py:3954} INFO - Setting next_dagrun for tutorial_taskflow_api to None, run_after=None
[2026-06-10T22:28:13.730+0000] {processor.py:183} INFO - Processing /home/airflow/.local/lib/python3.12/site-packages/airflow/example_dags/tutorial_taskflow_api.py took 0.095 seconds
[2026-06-10T22:28:44.183+0000] {processor.py:161} INFO - Started process (PID=1629) to work on /home/airflow/.local/lib/python3.12/site-packages/airflow/example_dags/tutorial_taskflow_api.py
[2026-06-10T22:28:44.183+0000] {processor.py:830} INFO - Processing file /home/airflow/.local/lib/python3.12/site-packages/airflow/example_dags/tutorial_taskflow_api.py for tasks to queue
[2026-06-10T22:28:44.186+0000] {logging_mixin.py:188} INFO - [2026-06-10T22:28:44.185+0000] {dagbag.py:545} INFO - Filling up the DagBag from /home/airflow/.local/lib/python3.12/site-packages/airflow/example_dags/tutorial_taskflow_api.py
[2026-06-10T22:28:44.193+0000] {processor.py:840} INFO - DAG(s) 'tutorial_taskflow_api' retrieved from /home/airflow/.local/lib/python3.12/site-packages/airflow/example_dags/tutorial_taskflow_api.py
[2026-06-10T22:28:44.216+0000] {logging_mixin.py:188} INFO - [2026-06-10T22:28:44.216+0000] {dag.py:3096} INFO - Sync 1 DAGs
[2026-06-10T22:28:44.233+0000] {logging_mixin.py:188} INFO - [2026-06-10T22:28:44.233+0000] {dag.py:3954} INFO - Setting next_dagrun for tutorial_taskflow_api to None, run_after=None
[2026-06-10T22:28:44.254+0000] {processor.py:183} INFO - Processing /home/airflow/.local/lib/python3.12/site-packages/airflow/example_dags/tutorial_taskflow_api.py took 0.079 seconds
[2026-06-10T22:29:14.488+0000] {processor.py:161} INFO - Started process (PID=1690) to work on /home/airflow/.local/lib/python3.12/site-packages/airflow/example_dags/tutorial_taskflow_api.py
[2026-06-10T22:29:14.490+0000] {processor.py:830} INFO - Processing file /home/airflow/.local/lib/python3.12/site-packages/airflow/example_dags/tutorial_taskflow_api.py for tasks to queue
[2026-06-10T22:29:14.492+0000] {logging_mixin.py:188} INFO - [2026-06-10T22:29:14.492+0000] {dagbag.py:545} INFO - Filling up the DagBag from /home/airflow/.local/lib/python3.12/site-packages/airflow/example_dags/tutorial_taskflow_api.py
[2026-06-10T22:29:14.502+0000] {processor.py:840} INFO - DAG(s) 'tutorial_taskflow_api' retrieved from /home/airflow/.local/lib/python3.12/site-packages/airflow/example_dags/tutorial_taskflow_api.py
[2026-06-10T22:29:14.538+0000] {logging_mixin.py:188} INFO - [2026-06-10T22:29:14.538+0000] {dag.py:3096} INFO - Sync 1 DAGs
[2026-06-10T22:29:14.560+0000] {logging_mixin.py:188} INFO - [2026-06-10T22:29:14.560+0000] {dag.py:3954} INFO - Setting next_dagrun for tutorial_taskflow_api to None, run_after=None
[2026-06-10T22:29:14.583+0000] {processor.py:183} INFO - Processing /home/airflow/.local/lib/python3.12/site-packages/airflow/example_dags/tutorial_taskflow_api.py took 0.106 seconds
[2026-06-10T22:29:45.720+0000] {processor.py:161} INFO - Started process (PID=1751) to work on /home/airflow/.local/lib/python3.12/site-packages/airflow/example_dags/tutorial_taskflow_api.py
[2026-06-10T22:29:45.721+0000] {processor.py:830} INFO - Processing file /home/airflow/.local/lib/python3.12/site-packages/airflow/example_dags/tutorial_taskflow_api.py for tasks to queue
[2026-06-10T22:29:45.723+0000] {logging_mixin.py:188} INFO - [2026-06-10T22:29:45.723+0000] {dagbag.py:545} INFO - Filling up the DagBag from /home/airflow/.local/lib/python3.12/site-packages/airflow/example_dags/tutorial_taskflow_api.py
[2026-06-10T22:29:45.731+0000] {processor.py:840} INFO - DAG(s) 'tutorial_taskflow_api' retrieved from /home/airflow/.local/lib/python3.12/site-packages/airflow/example_dags/tutorial_taskflow_api.py
[2026-06-10T22:29:45.754+0000] {logging_mixin.py:188} INFO - [2026-06-10T22:29:45.754+0000] {dag.py:3096} INFO - Sync 1 DAGs
[2026-06-10T22:29:45.771+0000] {logging_mixin.py:188} INFO - [2026-06-10T22:29:45.770+0000] {dag.py:3954} INFO - Setting next_dagrun for tutorial_taskflow_api to None, run_after=None
[2026-06-10T22:29:45.792+0000] {processor.py:183} INFO - Processing /home/airflow/.local/lib/python3.12/site-packages/airflow/example_dags/tutorial_taskflow_api.py took 0.080 seconds
[2026-06-10T22:30:16.560+0000] {processor.py:161} INFO - Started process (PID=1813) to work on /home/airflow/.local/lib/python3.12/site-packages/airflow/example_dags/tutorial_taskflow_api.py
[2026-06-10T22:30:16.561+0000] {processor.py:830} INFO - Processing file /home/airflow/.local/lib/python3.12/site-packages/airflow/example_dags/tutorial_taskflow_api.py for tasks to queue
[2026-06-10T22:30:16.562+0000] {logging_mixin.py:188} INFO - [2026-06-10T22:30:16.562+0000] {dagbag.py:545} INFO - Filling up the DagBag from /home/airflow/.local/lib/python3.12/site-packages/airflow/example_dags/tutorial_taskflow_api.py
[2026-06-10T22:30:16.570+0000] {processor.py:840} INFO - DAG(s) 'tutorial_taskflow_api' retrieved from /home/airflow/.local/lib/python3.12/site-packages/airflow/example_dags/tutorial_taskflow_api.py
[2026-06-10T22:30:16.594+0000] {logging_mixin.py:188} INFO - [2026-06-10T22:30:16.594+0000] {dag.py:3096} INFO - Sync 1 DAGs
[2026-06-10T22:30:16.610+0000] {logging_mixin.py:188} INFO - [2026-06-10T22:30:16.610+0000] {dag.py:3954} INFO - Setting next_dagrun for tutorial_taskflow_api to None, run_after=None
[2026-06-10T22:30:16.631+0000] {processor.py:183} INFO - Processing /home/airflow/.local/lib/python3.12/site-packages/airflow/example_dags/tutorial_taskflow_api.py took 0.080 seconds
[2026-06-10T22:30:47.107+0000] {processor.py:161} INFO - Started process (PID=1874) to work on /home/airflow/.local/lib/python3.12/site-packages/airflow/example_dags/tutorial_taskflow_api.py
[2026-06-10T22:30:47.108+0000] {processor.py:830} INFO - Processing file /home/airflow/.local/lib/python3.12/site-packages/airflow/example_dags/tutorial_taskflow_api.py for tasks to queue
[2026-06-10T22:30:47.110+0000] {logging_mixin.py:188} INFO - [2026-06-10T22:30:47.109+0000] {dagbag.py:545} INFO - Filling up the DagBag from /home/airflow/.local/lib/python3.12/site-packages/airflow/example_dags/tutorial_taskflow_api.py
[2026-06-10T22:30:47.117+0000] {processor.py:840} INFO - DAG(s) 'tutorial_taskflow_api' retrieved from /home/airflow/.local/lib/python3.12/site-packages/airflow/example_dags/tutorial_taskflow_api.py
[2026-06-10T22:30:47.144+0000] {logging_mixin.py:188} INFO - [2026-06-10T22:30:47.144+0000] {dag.py:3096} INFO - Sync 1 DAGs
[2026-06-10T22:30:47.163+0000] {logging_mixin.py:188} INFO - [2026-06-10T22:30:47.163+0000] {dag.py:3954} INFO - Setting next_dagrun for tutorial_taskflow_api to None, run_after=None
[2026-06-10T22:30:47.184+0000] {processor.py:183} INFO - Processing /home/airflow/.local/lib/python3.12/site-packages/airflow/example_dags/tutorial_taskflow_api.py took 0.083 seconds
[2026-06-10T22:31:17.519+0000] {processor.py:161} INFO - Started process (PID=1935) to work on /home/airflow/.local/lib/python3.12/site-packages/airflow/example_dags/tutorial_taskflow_api.py
[2026-06-10T22:31:17.522+0000] {processor.py:830} INFO - Processing file /home/airflow/.local/lib/python3.12/site-packages/airflow/example_dags/tutorial_taskflow_api.py for tasks to queue
[2026-06-10T22:31:17.526+0000] {logging_mixin.py:188} INFO - [2026-06-10T22:31:17.526+0000] {dagbag.py:545} INFO - Filling up the DagBag from /home/airflow/.local/lib/python3.12/site-packages/airflow/example_dags/tutorial_taskflow_api.py
[2026-06-10T22:31:17.542+0000] {processor.py:840} INFO - DAG(s) 'tutorial_taskflow_api' retrieved from /home/airflow/.local/lib/python3.12/site-packages/airflow/example_dags/tutorial_taskflow_api.py
[2026-06-10T22:31:17.651+0000] {logging_mixin.py:188} INFO - [2026-06-10T22:31:17.650+0000] {dag.py:3096} INFO - Sync 1 DAGs
[2026-06-10T22:31:17.688+0000] {logging_mixin.py:188} INFO - [2026-06-10T22:31:17.688+0000] {dag.py:3954} INFO - Setting next_dagrun for tutorial_taskflow_api to None, run_after=None
[2026-06-10T22:31:17.718+0000] {processor.py:183} INFO - Processing /home/airflow/.local/lib/python3.12/site-packages/airflow/example_dags/tutorial_taskflow_api.py took 0.223 seconds
[2026-06-10T22:31:47.814+0000] {processor.py:161} INFO - Started process (PID=1996) to work on /home/airflow/.local/lib/python3.12/site-packages/airflow/example_dags/tutorial_taskflow_api.py
[2026-06-10T22:31:47.815+0000] {processor.py:830} INFO - Processing file /home/airflow/.local/lib/python3.12/site-packages/airflow/example_dags/tutorial_taskflow_api.py for tasks to queue
[2026-06-10T22:31:47.817+0000] {logging_mixin.py:188} INFO - [2026-06-10T22:31:47.817+0000] {dagbag.py:545} INFO - Filling up the DagBag from /home/airflow/.local/lib/python3.12/site-packages/airflow/example_dags/tutorial_taskflow_api.py
[2026-06-10T22:31:47.828+0000] {processor.py:840} INFO - DAG(s) 'tutorial_taskflow_api' retrieved from /home/airflow/.local/lib/python3.12/site-packages/airflow/example_dags/tutorial_taskflow_api.py
[2026-06-10T22:31:47.854+0000] {logging_mixin.py:188} INFO - [2026-06-10T22:31:47.853+0000] {dag.py:3096} INFO - Sync 1 DAGs
[2026-06-10T22:31:47.869+0000] {logging_mixin.py:188} INFO - [2026-06-10T22:31:47.869+0000] {dag.py:3954} INFO - Setting next_dagrun for tutorial_taskflow_api to None, run_after=None
[2026-06-10T22:31:47.886+0000] {processor.py:183} INFO - Processing /home/airflow/.local/lib/python3.12/site-packages/airflow/example_dags/tutorial_taskflow_api.py took 0.079 seconds
[2026-06-10T22:32:18.317+0000] {processor.py:161} INFO - Started process (PID=2057) to work on /home/airflow/.local/lib/python3.12/site-packages/airflow/example_dags/tutorial_taskflow_api.py
[2026-06-10T22:32:18.318+0000] {processor.py:830} INFO - Processing file /home/airflow/.local/lib/python3.12/site-packages/airflow/example_dags/tutorial_taskflow_api.py for tasks to queue
[2026-06-10T22:32:18.320+0000] {logging_mixin.py:188} INFO - [2026-06-10T22:32:18.320+0000] {dagbag.py:545} INFO - Filling up the DagBag from /home/airflow/.local/lib/python3.12/site-packages/airflow/example_dags/tutorial_taskflow_api.py
[2026-06-10T22:32:18.328+0000] {processor.py:840} INFO - DAG(s) 'tutorial_taskflow_api' retrieved from /home/airflow/.local/lib/python3.12/site-packages/airflow/example_dags/tutorial_taskflow_api.py
[2026-06-10T22:32:18.353+0000] {logging_mixin.py:188} INFO - [2026-06-10T22:32:18.353+0000] {dag.py:3096} INFO - Sync 1 DAGs
[2026-06-10T22:32:18.369+0000] {logging_mixin.py:188} INFO - [2026-06-10T22:32:18.369+0000] {dag.py:3954} INFO - Setting next_dagrun for tutorial_taskflow_api to None, run_after=None
[2026-06-10T22:32:18.390+0000] {processor.py:183} INFO - Processing /home/airflow/.local/lib/python3.12/site-packages/airflow/example_dags/tutorial_taskflow_api.py took 0.080 seconds
[2026-06-10T22:32:49.197+0000] {processor.py:161} INFO - Started process (PID=2117) to work on /home/airflow/.local/lib/python3.12/site-packages/airflow/example_dags/tutorial_taskflow_api.py
[2026-06-10T22:32:49.198+0000] {processor.py:830} INFO - Processing file /home/airflow/.local/lib/python3.12/site-packages/airflow/example_dags/tutorial_taskflow_api.py for tasks to queue
[2026-06-10T22:32:49.200+0000] {logging_mixin.py:188} INFO - [2026-06-10T22:32:49.200+0000] {dagbag.py:545} INFO - Filling up the DagBag from /home/airflow/.local/lib/python3.12/site-packages/airflow/example_dags/tutorial_taskflow_api.py
[2026-06-10T22:32:49.208+0000] {processor.py:840} INFO - DAG(s) 'tutorial_taskflow_api' retrieved from /home/airflow/.local/lib/python3.12/site-packages/airflow/example_dags/tutorial_taskflow_api.py
[2026-06-10T22:32:49.232+0000] {logging_mixin.py:188} INFO - [2026-06-10T22:32:49.232+0000] {dag.py:3096} INFO - Sync 1 DAGs
[2026-06-10T22:32:49.250+0000] {logging_mixin.py:188} INFO - [2026-06-10T22:32:49.250+0000] {dag.py:3954} INFO - Setting next_dagrun for tutorial_taskflow_api to None, run_after=None
[2026-06-10T22:32:49.274+0000] {processor.py:183} INFO - Processing /home/airflow/.local/lib/python3.12/site-packages/airflow/example_dags/tutorial_taskflow_api.py took 0.086 seconds
[2026-06-10T22:33:19.542+0000] {processor.py:161} INFO - Started process (PID=2178) to work on /home/airflow/.local/lib/python3.12/site-packages/airflow/example_dags/tutorial_taskflow_api.py
[2026-06-10T22:33:19.543+0000] {processor.py:830} INFO - Processing file /home/airflow/.local/lib/python3.12/site-packages/airflow/example_dags/tutorial_taskflow_api.py for tasks to queue
[2026-06-10T22:33:19.547+0000] {logging_mixin.py:188} INFO - [2026-06-10T22:33:19.547+0000] {dagbag.py:545} INFO - Filling up the DagBag from /home/airflow/.local/lib/python3.12/site-packages/airflow/example_dags/tutorial_taskflow_api.py
[2026-06-10T22:33:19.555+0000] {processor.py:840} INFO - DAG(s) 'tutorial_taskflow_api' retrieved from /home/airflow/.local/lib/python3.12/site-packages/airflow/example_dags/tutorial_taskflow_api.py
[2026-06-10T22:33:19.581+0000] {logging_mixin.py:188} INFO - [2026-06-10T22:33:19.581+0000] {dag.py:3096} INFO - Sync 1 DAGs
[2026-06-10T22:33:19.599+0000] {logging_mixin.py:188} INFO - [2026-06-10T22:33:19.599+0000] {dag.py:3954} INFO - Setting next_dagrun for tutorial_taskflow_api to None, run_after=None
[2026-06-10T22:33:19.618+0000] {processor.py:183} INFO - Processing /home/airflow/.local/lib/python3.12/site-packages/airflow/example_dags/tutorial_taskflow_api.py took 0.085 seconds
[2026-06-10T22:33:50.333+0000] {processor.py:161} INFO - Started process (PID=2239) to work on /home/airflow/.local/lib/python3.12/site-packages/airflow/example_dags/tutorial_taskflow_api.py
[2026-06-10T22:33:50.334+0000] {processor.py:830} INFO - Processing file /home/airflow/.local/lib/python3.12/site-packages/airflow/example_dags/tutorial_taskflow_api.py for tasks to queue
[2026-06-10T22:33:50.336+0000] {logging_mixin.py:188} INFO - [2026-06-10T22:33:50.336+0000] {dagbag.py:545} INFO - Filling up the DagBag from /home/airflow/.local/lib/python3.12/site-packages/airflow/example_dags/tutorial_taskflow_api.py
[2026-06-10T22:33:50.344+0000] {processor.py:840} INFO - DAG(s) 'tutorial_taskflow_api' retrieved from /home/airflow/.local/lib/python3.12/site-packages/airflow/example_dags/tutorial_taskflow_api.py
[2026-06-10T22:33:50.371+0000] {logging_mixin.py:188} INFO - [2026-06-10T22:33:50.371+0000] {dag.py:3096} INFO - Sync 1 DAGs
[2026-06-10T22:33:50.388+0000] {logging_mixin.py:188} INFO - [2026-06-10T22:33:50.388+0000] {dag.py:3954} INFO - Setting next_dagrun for tutorial_taskflow_api to None, run_after=None
[2026-06-10T22:33:50.408+0000] {processor.py:183} INFO - Processing /home/airflow/.local/lib/python3.12/site-packages/airflow/example_dags/tutorial_taskflow_api.py took 0.082 seconds
[2026-06-10T22:34:21.136+0000] {processor.py:161} INFO - Started process (PID=2300) to work on /home/airflow/.local/lib/python3.12/site-packages/airflow/example_dags/tutorial_taskflow_api.py
[2026-06-10T22:34:21.137+0000] {processor.py:830} INFO - Processing file /home/airflow/.local/lib/python3.12/site-packages/airflow/example_dags/tutorial_taskflow_api.py for tasks to queue
[2026-06-10T22:34:21.140+0000] {logging_mixin.py:188} INFO - [2026-06-10T22:34:21.139+0000] {dagbag.py:545} INFO - Filling up the DagBag from /home/airflow/.local/lib/python3.12/site-packages/airflow/example_dags/tutorial_taskflow_api.py
[2026-06-10T22:34:21.147+0000] {processor.py:840} INFO - DAG(s) 'tutorial_taskflow_api' retrieved from /home/airflow/.local/lib/python3.12/site-packages/airflow/example_dags/tutorial_taskflow_api.py
[2026-06-10T22:34:21.174+0000] {logging_mixin.py:188} INFO - [2026-06-10T22:34:21.174+0000] {dag.py:3096} INFO - Sync 1 DAGs
[2026-06-10T22:34:21.191+0000] {logging_mixin.py:188} INFO - [2026-06-10T22:34:21.191+0000] {dag.py:3954} INFO - Setting next_dagrun for tutorial_taskflow_api to None, run_after=None
[2026-06-10T22:34:21.212+0000] {processor.py:183} INFO - Processing /home/airflow/.local/lib/python3.12/site-packages/airflow/example_dags/tutorial_taskflow_api.py took 0.083 seconds
[2026-06-10T22:34:51.448+0000] {processor.py:161} INFO - Started process (PID=2361) to work on /home/airflow/.local/lib/python3.12/site-packages/airflow/example_dags/tutorial_taskflow_api.py
[2026-06-10T22:34:51.449+0000] {processor.py:830} INFO - Processing file /home/airflow/.local/lib/python3.12/site-packages/airflow/example_dags/tutorial_taskflow_api.py for tasks to queue
[2026-06-10T22:34:51.451+0000] {logging_mixin.py:188} INFO - [2026-06-10T22:34:51.450+0000] {dagbag.py:545} INFO - Filling up the DagBag from /home/airflow/.local/lib/python3.12/site-packages/airflow/example_dags/tutorial_taskflow_api.py
[2026-06-10T22:34:51.458+0000] {processor.py:840} INFO - DAG(s) 'tutorial_taskflow_api' retrieved from /home/airflow/.local/lib/python3.12/site-packages/airflow/example_dags/tutorial_taskflow_api.py
[2026-06-10T22:34:51.489+0000] {logging_mixin.py:188} INFO - [2026-06-10T22:34:51.488+0000] {dag.py:3096} INFO - Sync 1 DAGs
[2026-06-10T22:34:51.506+0000] {logging_mixin.py:188} INFO - [2026-06-10T22:34:51.505+0000] {dag.py:3954} INFO - Setting next_dagrun for tutorial_taskflow_api to None, run_after=None
[2026-06-10T22:34:51.531+0000] {processor.py:183} INFO - Processing /home/airflow/.local/lib/python3.12/site-packages/airflow/example_dags/tutorial_taskflow_api.py took 0.091 seconds
[2026-06-10T22:35:22.216+0000] {processor.py:161} INFO - Started process (PID=2421) to work on /home/airflow/.local/lib/python3.12/site-packages/airflow/example_dags/tutorial_taskflow_api.py
[2026-06-10T22:35:22.220+0000] {processor.py:830} INFO - Processing file /home/airflow/.local/lib/python3.12/site-packages/airflow/example_dags/tutorial_taskflow_api.py for tasks to queue
[2026-06-10T22:35:22.226+0000] {logging_mixin.py:188} INFO - [2026-06-10T22:35:22.224+0000] {dagbag.py:545} INFO - Filling up the DagBag from /home/airflow/.local/lib/python3.12/site-packages/airflow/example_dags/tutorial_taskflow_api.py
[2026-06-10T22:35:22.241+0000] {processor.py:840} INFO - DAG(s) 'tutorial_taskflow_api' retrieved from /home/airflow/.local/lib/python3.12/site-packages/airflow/example_dags/tutorial_taskflow_api.py
[2026-06-10T22:35:22.305+0000] {logging_mixin.py:188} INFO - [2026-06-10T22:35:22.305+0000] {dag.py:3096} INFO - Sync 1 DAGs
[2026-06-10T22:35:22.342+0000] {logging_mixin.py:188} INFO - [2026-06-10T22:35:22.342+0000] {dag.py:3954} INFO - Setting next_dagrun for tutorial_taskflow_api to None, run_after=None
[2026-06-10T22:35:22.372+0000] {processor.py:183} INFO - Processing /home/airflow/.local/lib/python3.12/site-packages/airflow/example_dags/tutorial_taskflow_api.py took 0.167 seconds
[2026-06-10T22:35:52.814+0000] {processor.py:161} INFO - Started process (PID=2482) to work on /home/airflow/.local/lib/python3.12/site-packages/airflow/example_dags/tutorial_taskflow_api.py
[2026-06-10T22:35:52.816+0000] {processor.py:830} INFO - Processing file /home/airflow/.local/lib/python3.12/site-packages/airflow/example_dags/tutorial_taskflow_api.py for tasks to queue
[2026-06-10T22:35:52.820+0000] {logging_mixin.py:188} INFO - [2026-06-10T22:35:52.819+0000] {dagbag.py:545} INFO - Filling up the DagBag from /home/airflow/.local/lib/python3.12/site-packages/airflow/example_dags/tutorial_taskflow_api.py
[2026-06-10T22:35:52.837+0000] {processor.py:840} INFO - DAG(s) 'tutorial_taskflow_api' retrieved from /home/airflow/.local/lib/python3.12/site-packages/airflow/example_dags/tutorial_taskflow_api.py
[2026-06-10T22:35:52.959+0000] {logging_mixin.py:188} INFO - [2026-06-10T22:35:52.959+0000] {dag.py:3096} INFO - Sync 1 DAGs
[2026-06-10T22:35:53.020+0000] {logging_mixin.py:188} INFO - [2026-06-10T22:35:53.020+0000] {dag.py:3954} INFO - Setting next_dagrun for tutorial_taskflow_api to None, run_after=None
[2026-06-10T22:35:53.083+0000] {processor.py:183} INFO - Processing /home/airflow/.local/lib/python3.12/site-packages/airflow/example_dags/tutorial_taskflow_api.py took 0.285 seconds
[2026-06-10T22:36:24.027+0000] {processor.py:161} INFO - Started process (PID=2542) to work on /home/airflow/.local/lib/python3.12/site-packages/airflow/example_dags/tutorial_taskflow_api.py
[2026-06-10T22:36:24.034+0000] {processor.py:830} INFO - Processing file /home/airflow/.local/lib/python3.12/site-packages/airflow/example_dags/tutorial_taskflow_api.py for tasks to queue
[2026-06-10T22:36:24.049+0000] {logging_mixin.py:188} INFO - [2026-06-10T22:36:24.049+0000] {dagbag.py:545} INFO - Filling up the DagBag from /home/airflow/.local/lib/python3.12/site-packages/airflow/example_dags/tutorial_taskflow_api.py
[2026-06-10T22:36:24.074+0000] {processor.py:840} INFO - DAG(s) 'tutorial_taskflow_api' retrieved from /home/airflow/.local/lib/python3.12/site-packages/airflow/example_dags/tutorial_taskflow_api.py
[2026-06-10T22:36:24.136+0000] {logging_mixin.py:188} INFO - [2026-06-10T22:36:24.134+0000] {dag.py:3096} INFO - Sync 1 DAGs
[2026-06-10T22:36:24.159+0000] {logging_mixin.py:188} INFO - [2026-06-10T22:36:24.159+0000] {dag.py:3954} INFO - Setting next_dagrun for tutorial_taskflow_api to None, run_after=None
[2026-06-10T22:36:24.208+0000] {processor.py:183} INFO - Processing /home/airflow/.local/lib/python3.12/site-packages/airflow/example_dags/tutorial_taskflow_api.py took 0.206 seconds
[2026-06-10T22:36:54.321+0000] {processor.py:161} INFO - Started process (PID=2603) to work on /home/airflow/.local/lib/python3.12/site-packages/airflow/example_dags/tutorial_taskflow_api.py
[2026-06-10T22:36:54.321+0000] {processor.py:830} INFO - Processing file /home/airflow/.local/lib/python3.12/site-packages/airflow/example_dags/tutorial_taskflow_api.py for tasks to queue
[2026-06-10T22:36:54.323+0000] {logging_mixin.py:188} INFO - [2026-06-10T22:36:54.323+0000] {dagbag.py:545} INFO - Filling up the DagBag from /home/airflow/.local/lib/python3.12/site-packages/airflow/example_dags/tutorial_taskflow_api.py
[2026-06-10T22:36:54.329+0000] {processor.py:840} INFO - DAG(s) 'tutorial_taskflow_api' retrieved from /home/airflow/.local/lib/python3.12/site-packages/airflow/example_dags/tutorial_taskflow_api.py
[2026-06-10T22:36:54.346+0000] {logging_mixin.py:188} INFO - [2026-06-10T22:36:54.346+0000] {dag.py:3096} INFO - Sync 1 DAGs
[2026-06-10T22:36:54.357+0000] {logging_mixin.py:188} INFO - [2026-06-10T22:36:54.357+0000] {dag.py:3954} INFO - Setting next_dagrun for tutorial_taskflow_api to None, run_after=None
[2026-06-10T22:36:54.373+0000] {processor.py:183} INFO - Processing /home/airflow/.local/lib/python3.12/site-packages/airflow/example_dags/tutorial_taskflow_api.py took 0.058 seconds
[2026-06-10T22:37:24.836+0000] {processor.py:161} INFO - Started process (PID=2663) to work on /home/airflow/.local/lib/python3.12/site-packages/airflow/example_dags/tutorial_taskflow_api.py
[2026-06-10T22:37:24.837+0000] {processor.py:830} INFO - Processing file /home/airflow/.local/lib/python3.12/site-packages/airflow/example_dags/tutorial_taskflow_api.py for tasks to queue
[2026-06-10T22:37:24.839+0000] {logging_mixin.py:188} INFO - [2026-06-10T22:37:24.838+0000] {dagbag.py:545} INFO - Filling up the DagBag from /home/airflow/.local/lib/python3.12/site-packages/airflow/example_dags/tutorial_taskflow_api.py
[2026-06-10T22:37:24.846+0000] {processor.py:840} INFO - DAG(s) 'tutorial_taskflow_api' retrieved from /home/airflow/.local/lib/python3.12/site-packages/airflow/example_dags/tutorial_taskflow_api.py
[2026-06-10T22:37:24.870+0000] {logging_mixin.py:188} INFO - [2026-06-10T22:37:24.869+0000] {dag.py:3096} INFO - Sync 1 DAGs
[2026-06-10T22:37:24.886+0000] {logging_mixin.py:188} INFO - [2026-06-10T22:37:24.886+0000] {dag.py:3954} INFO - Setting next_dagrun for tutorial_taskflow_api to None, run_after=None
[2026-06-10T22:37:24.907+0000] {processor.py:183} INFO - Processing /home/airflow/.local/lib/python3.12/site-packages/airflow/example_dags/tutorial_taskflow_api.py took 0.079 seconds
[2026-06-10T22:37:55.299+0000] {processor.py:161} INFO - Started process (PID=2724) to work on /home/airflow/.local/lib/python3.12/site-packages/airflow/example_dags/tutorial_taskflow_api.py
[2026-06-10T22:37:55.300+0000] {processor.py:830} INFO - Processing file /home/airflow/.local/lib/python3.12/site-packages/airflow/example_dags/tutorial_taskflow_api.py for tasks to queue
[2026-06-10T22:37:55.302+0000] {logging_mixin.py:188} INFO - [2026-06-10T22:37:55.302+0000] {dagbag.py:545} INFO - Filling up the DagBag from /home/airflow/.local/lib/python3.12/site-packages/airflow/example_dags/tutorial_taskflow_api.py
[2026-06-10T22:37:55.308+0000] {processor.py:840} INFO - DAG(s) 'tutorial_taskflow_api' retrieved from /home/airflow/.local/lib/python3.12/site-packages/airflow/example_dags/tutorial_taskflow_api.py
[2026-06-10T22:37:55.326+0000] {logging_mixin.py:188} INFO - [2026-06-10T22:37:55.326+0000] {dag.py:3096} INFO - Sync 1 DAGs
[2026-06-10T22:37:55.337+0000] {logging_mixin.py:188} INFO - [2026-06-10T22:37:55.337+0000] {dag.py:3954} INFO - Setting next_dagrun for tutorial_taskflow_api to None, run_after=None
[2026-06-10T22:37:55.357+0000] {processor.py:183} INFO - Processing /home/airflow/.local/lib/python3.12/site-packages/airflow/example_dags/tutorial_taskflow_api.py took 0.065 seconds
[2026-06-10T22:38:25.884+0000] {processor.py:161} INFO - Started process (PID=2785) to work on /home/airflow/.local/lib/python3.12/site-packages/airflow/example_dags/tutorial_taskflow_api.py
[2026-06-10T22:38:25.885+0000] {processor.py:830} INFO - Processing file /home/airflow/.local/lib/python3.12/site-packages/airflow/example_dags/tutorial_taskflow_api.py for tasks to queue
[2026-06-10T22:38:25.887+0000] {logging_mixin.py:188} INFO - [2026-06-10T22:38:25.886+0000] {dagbag.py:545} INFO - Filling up the DagBag from /home/airflow/.local/lib/python3.12/site-packages/airflow/example_dags/tutorial_taskflow_api.py
[2026-06-10T22:38:25.899+0000] {processor.py:840} INFO - DAG(s) 'tutorial_taskflow_api' retrieved from /home/airflow/.local/lib/python3.12/site-packages/airflow/example_dags/tutorial_taskflow_api.py
[2026-06-10T22:38:25.928+0000] {logging_mixin.py:188} INFO - [2026-06-10T22:38:25.928+0000] {dag.py:3096} INFO - Sync 1 DAGs
[2026-06-10T22:38:25.942+0000] {logging_mixin.py:188} INFO - [2026-06-10T22:38:25.942+0000] {dag.py:3954} INFO - Setting next_dagrun for tutorial_taskflow_api to None, run_after=None
[2026-06-10T22:38:25.962+0000] {processor.py:183} INFO - Processing /home/airflow/.local/lib/python3.12/site-packages/airflow/example_dags/tutorial_taskflow_api.py took 0.085 seconds
[2026-06-10T22:38:56.830+0000] {processor.py:161} INFO - Started process (PID=2846) to work on /home/airflow/.local/lib/python3.12/site-packages/airflow/example_dags/tutorial_taskflow_api.py
[2026-06-10T22:38:56.886+0000] {processor.py:830} INFO - Processing file /home/airflow/.local/lib/python3.12/site-packages/airflow/example_dags/tutorial_taskflow_api.py for tasks to queue
[2026-06-10T22:38:56.893+0000] {logging_mixin.py:188} INFO - [2026-06-10T22:38:56.889+0000] {dagbag.py:545} INFO - Filling up the DagBag from /home/airflow/.local/lib/python3.12/site-packages/airflow/example_dags/tutorial_taskflow_api.py
[2026-06-10T22:38:56.902+0000] {processor.py:840} INFO - DAG(s) 'tutorial_taskflow_api' retrieved from /home/airflow/.local/lib/python3.12/site-packages/airflow/example_dags/tutorial_taskflow_api.py
[2026-06-10T22:38:56.930+0000] {logging_mixin.py:188} INFO - [2026-06-10T22:38:56.930+0000] {dag.py:3096} INFO - Sync 1 DAGs
[2026-06-10T22:38:56.948+0000] {logging_mixin.py:188} INFO - [2026-06-10T22:38:56.948+0000] {dag.py:3954} INFO - Setting next_dagrun for tutorial_taskflow_api to None, run_after=None
[2026-06-10T22:38:56.991+0000] {processor.py:183} INFO - Processing /home/airflow/.local/lib/python3.12/site-packages/airflow/example_dags/tutorial_taskflow_api.py took 0.168 seconds
[2026-06-10T22:39:27.823+0000] {processor.py:161} INFO - Started process (PID=2907) to work on /home/airflow/.local/lib/python3.12/site-packages/airflow/example_dags/tutorial_taskflow_api.py
[2026-06-10T22:39:27.824+0000] {processor.py:830} INFO - Processing file /home/airflow/.local/lib/python3.12/site-packages/airflow/example_dags/tutorial_taskflow_api.py for tasks to queue
[2026-06-10T22:39:27.826+0000] {logging_mixin.py:188} INFO - [2026-06-10T22:39:27.826+0000] {dagbag.py:545} INFO - Filling up the DagBag from /home/airflow/.local/lib/python3.12/site-packages/airflow/example_dags/tutorial_taskflow_api.py
[2026-06-10T22:39:27.831+0000] {processor.py:840} INFO - DAG(s) 'tutorial_taskflow_api' retrieved from /home/airflow/.local/lib/python3.12/site-packages/airflow/example_dags/tutorial_taskflow_api.py
[2026-06-10T22:39:27.853+0000] {logging_mixin.py:188} INFO - [2026-06-10T22:39:27.853+0000] {dag.py:3096} INFO - Sync 1 DAGs
[2026-06-10T22:39:27.873+0000] {logging_mixin.py:188} INFO - [2026-06-10T22:39:27.873+0000] {dag.py:3954} INFO - Setting next_dagrun for tutorial_taskflow_api to None, run_after=None
[2026-06-10T22:39:27.911+0000] {processor.py:183} INFO - Processing /home/airflow/.local/lib/python3.12/site-packages/airflow/example_dags/tutorial_taskflow_api.py took 0.096 seconds
[2026-06-10T22:39:58.850+0000] {processor.py:161} INFO - Started process (PID=2968) to work on /home/airflow/.local/lib/python3.12/site-packages/airflow/example_dags/tutorial_taskflow_api.py
[2026-06-10T22:39:58.851+0000] {processor.py:830} INFO - Processing file /home/airflow/.local/lib/python3.12/site-packages/airflow/example_dags/tutorial_taskflow_api.py for tasks to queue
[2026-06-10T22:39:58.853+0000] {logging_mixin.py:188} INFO - [2026-06-10T22:39:58.853+0000] {dagbag.py:545} INFO - Filling up the DagBag from /home/airflow/.local/lib/python3.12/site-packages/airflow/example_dags/tutorial_taskflow_api.py
[2026-06-10T22:39:58.860+0000] {processor.py:840} INFO - DAG(s) 'tutorial_taskflow_api' retrieved from /home/airflow/.local/lib/python3.12/site-packages/airflow/example_dags/tutorial_taskflow_api.py
[2026-06-10T22:39:58.882+0000] {logging_mixin.py:188} INFO - [2026-06-10T22:39:58.881+0000] {dag.py:3096} INFO - Sync 1 DAGs
[2026-06-10T22:39:58.894+0000] {logging_mixin.py:188} INFO - [2026-06-10T22:39:58.894+0000] {dag.py:3954} INFO - Setting next_dagrun for tutorial_taskflow_api to None, run_after=None
[2026-06-10T22:39:58.910+0000] {processor.py:183} INFO - Processing /home/airflow/.local/lib/python3.12/site-packages/airflow/example_dags/tutorial_taskflow_api.py took 0.067 seconds
[2026-06-10T22:40:29.119+0000] {processor.py:161} INFO - Started process (PID=3029) to work on /home/airflow/.local/lib/python3.12/site-packages/airflow/example_dags/tutorial_taskflow_api.py
[2026-06-10T22:40:29.121+0000] {processor.py:830} INFO - Processing file /home/airflow/.local/lib/python3.12/site-packages/airflow/example_dags/tutorial_taskflow_api.py for tasks to queue
[2026-06-10T22:40:29.124+0000] {logging_mixin.py:188} INFO - [2026-06-10T22:40:29.123+0000] {dagbag.py:545} INFO - Filling up the DagBag from /home/airflow/.local/lib/python3.12/site-packages/airflow/example_dags/tutorial_taskflow_api.py
[2026-06-10T22:40:29.145+0000] {processor.py:840} INFO - DAG(s) 'tutorial_taskflow_api' retrieved from /home/airflow/.local/lib/python3.12/site-packages/airflow/example_dags/tutorial_taskflow_api.py
[2026-06-10T22:40:29.196+0000] {logging_mixin.py:188} INFO - [2026-06-10T22:40:29.195+0000] {dag.py:3096} INFO - Sync 1 DAGs
[2026-06-10T22:40:29.228+0000] {logging_mixin.py:188} INFO - [2026-06-10T22:40:29.228+0000] {dag.py:3954} INFO - Setting next_dagrun for tutorial_taskflow_api to None, run_after=None
[2026-06-10T22:40:29.253+0000] {processor.py:183} INFO - Processing /home/airflow/.local/lib/python3.12/site-packages/airflow/example_dags/tutorial_taskflow_api.py took 0.163 seconds
[2026-06-10T22:40:59.554+0000] {processor.py:161} INFO - Started process (PID=3090) to work on /home/airflow/.local/lib/python3.12/site-packages/airflow/example_dags/tutorial_taskflow_api.py
[2026-06-10T22:40:59.555+0000] {processor.py:830} INFO - Processing file /home/airflow/.local/lib/python3.12/site-packages/airflow/example_dags/tutorial_taskflow_api.py for tasks to queue
[2026-06-10T22:40:59.557+0000] {logging_mixin.py:188} INFO - [2026-06-10T22:40:59.557+0000] {dagbag.py:545} INFO - Filling up the DagBag from /home/airflow/.local/lib/python3.12/site-packages/airflow/example_dags/tutorial_taskflow_api.py
[2026-06-10T22:40:59.565+0000] {processor.py:840} INFO - DAG(s) 'tutorial_taskflow_api' retrieved from /home/airflow/.local/lib/python3.12/site-packages/airflow/example_dags/tutorial_taskflow_api.py
[2026-06-10T22:40:59.593+0000] {logging_mixin.py:188} INFO - [2026-06-10T22:40:59.593+0000] {dag.py:3096} INFO - Sync 1 DAGs
[2026-06-10T22:40:59.610+0000] {logging_mixin.py:188} INFO - [2026-06-10T22:40:59.609+0000] {dag.py:3954} INFO - Setting next_dagrun for tutorial_taskflow_api to None, run_after=None
[2026-06-10T22:40:59.632+0000] {processor.py:183} INFO - Processing /home/airflow/.local/lib/python3.12/site-packages/airflow/example_dags/tutorial_taskflow_api.py took 0.088 seconds
[2026-06-10T22:41:29.830+0000] {processor.py:161} INFO - Started process (PID=3151) to work on /home/airflow/.local/lib/python3.12/site-packages/airflow/example_dags/tutorial_taskflow_api.py
[2026-06-10T22:41:29.831+0000] {processor.py:830} INFO - Processing file /home/airflow/.local/lib/python3.12/site-packages/airflow/example_dags/tutorial_taskflow_api.py for tasks to queue
[2026-06-10T22:41:29.832+0000] {logging_mixin.py:188} INFO - [2026-06-10T22:41:29.832+0000] {dagbag.py:545} INFO - Filling up the DagBag from /home/airflow/.local/lib/python3.12/site-packages/airflow/example_dags/tutorial_taskflow_api.py
[2026-06-10T22:41:29.838+0000] {processor.py:840} INFO - DAG(s) 'tutorial_taskflow_api' retrieved from /home/airflow/.local/lib/python3.12/site-packages/airflow/example_dags/tutorial_taskflow_api.py
[2026-06-10T22:41:29.855+0000] {logging_mixin.py:188} INFO - [2026-06-10T22:41:29.855+0000] {dag.py:3096} INFO - Sync 1 DAGs
[2026-06-10T22:41:29.867+0000] {logging_mixin.py:188} INFO - [2026-06-10T22:41:29.867+0000] {dag.py:3954} INFO - Setting next_dagrun for tutorial_taskflow_api to None, run_after=None
[2026-06-10T22:41:29.897+0000] {processor.py:183} INFO - Processing /home/airflow/.local/lib/python3.12/site-packages/airflow/example_dags/tutorial_taskflow_api.py took 0.073 seconds
[2026-06-10T22:42:00.243+0000] {processor.py:161} INFO - Started process (PID=3212) to work on /home/airflow/.local/lib/python3.12/site-packages/airflow/example_dags/tutorial_taskflow_api.py
[2026-06-10T22:42:00.244+0000] {processor.py:830} INFO - Processing file /home/airflow/.local/lib/python3.12/site-packages/airflow/example_dags/tutorial_taskflow_api.py for tasks to queue
[2026-06-10T22:42:00.246+0000] {logging_mixin.py:188} INFO - [2026-06-10T22:42:00.246+0000] {dagbag.py:545} INFO - Filling up the DagBag from /home/airflow/.local/lib/python3.12/site-packages/airflow/example_dags/tutorial_taskflow_api.py
[2026-06-10T22:42:00.254+0000] {processor.py:840} INFO - DAG(s) 'tutorial_taskflow_api' retrieved from /home/airflow/.local/lib/python3.12/site-packages/airflow/example_dags/tutorial_taskflow_api.py
[2026-06-10T22:42:00.313+0000] {logging_mixin.py:188} INFO - [2026-06-10T22:42:00.313+0000] {dag.py:3096} INFO - Sync 1 DAGs
[2026-06-10T22:42:00.340+0000] {logging_mixin.py:188} INFO - [2026-06-10T22:42:00.340+0000] {dag.py:3954} INFO - Setting next_dagrun for tutorial_taskflow_api to None, run_after=None
[2026-06-10T22:42:00.411+0000] {processor.py:183} INFO - Processing /home/airflow/.local/lib/python3.12/site-packages/airflow/example_dags/tutorial_taskflow_api.py took 0.175 seconds
[2026-06-10T22:42:31.056+0000] {processor.py:161} INFO - Started process (PID=3273) to work on /home/airflow/.local/lib/python3.12/site-packages/airflow/example_dags/tutorial_taskflow_api.py
[2026-06-10T22:42:31.062+0000] {processor.py:830} INFO - Processing file /home/airflow/.local/lib/python3.12/site-packages/airflow/example_dags/tutorial_taskflow_api.py for tasks to queue
[2026-06-10T22:42:31.065+0000] {logging_mixin.py:188} INFO - [2026-06-10T22:42:31.065+0000] {dagbag.py:545} INFO - Filling up the DagBag from /home/airflow/.local/lib/python3.12/site-packages/airflow/example_dags/tutorial_taskflow_api.py
[2026-06-10T22:42:31.080+0000] {processor.py:840} INFO - DAG(s) 'tutorial_taskflow_api' retrieved from /home/airflow/.local/lib/python3.12/site-packages/airflow/example_dags/tutorial_taskflow_api.py
[2026-06-10T22:42:31.130+0000] {logging_mixin.py:188} INFO - [2026-06-10T22:42:31.129+0000] {dag.py:3096} INFO - Sync 1 DAGs
[2026-06-10T22:42:31.148+0000] {logging_mixin.py:188} INFO - [2026-06-10T22:42:31.148+0000] {dag.py:3954} INFO - Setting next_dagrun for tutorial_taskflow_api to None, run_after=None
[2026-06-10T22:42:31.173+0000] {processor.py:183} INFO - Processing /home/airflow/.local/lib/python3.12/site-packages/airflow/example_dags/tutorial_taskflow_api.py took 0.127 seconds
[2026-06-10T22:43:01.997+0000] {processor.py:161} INFO - Started process (PID=3333) to work on /home/airflow/.local/lib/python3.12/site-packages/airflow/example_dags/tutorial_taskflow_api.py
[2026-06-10T22:43:01.998+0000] {processor.py:830} INFO - Processing file /home/airflow/.local/lib/python3.12/site-packages/airflow/example_dags/tutorial_taskflow_api.py for tasks to queue
[2026-06-10T22:43:02.000+0000] {logging_mixin.py:188} INFO - [2026-06-10T22:43:02.000+0000] {dagbag.py:545} INFO - Filling up the DagBag from /home/airflow/.local/lib/python3.12/site-packages/airflow/example_dags/tutorial_taskflow_api.py
[2026-06-10T22:43:02.017+0000] {processor.py:840} INFO - DAG(s) 'tutorial_taskflow_api' retrieved from /home/airflow/.local/lib/python3.12/site-packages/airflow/example_dags/tutorial_taskflow_api.py
[2026-06-10T22:43:02.050+0000] {logging_mixin.py:188} INFO - [2026-06-10T22:43:02.050+0000] {dag.py:3096} INFO - Sync 1 DAGs
[2026-06-10T22:43:02.069+0000] {logging_mixin.py:188} INFO - [2026-06-10T22:43:02.069+0000] {dag.py:3954} INFO - Setting next_dagrun for tutorial_taskflow_api to None, run_after=None
[2026-06-10T22:43:02.099+0000] {processor.py:183} INFO - Processing /home/airflow/.local/lib/python3.12/site-packages/airflow/example_dags/tutorial_taskflow_api.py took 0.111 seconds
[2026-06-10T22:43:32.747+0000] {processor.py:161} INFO - Started process (PID=3394) to work on /home/airflow/.local/lib/python3.12/site-packages/airflow/example_dags/tutorial_taskflow_api.py
[2026-06-10T22:43:32.756+0000] {processor.py:830} INFO - Processing file /home/airflow/.local/lib/python3.12/site-packages/airflow/example_dags/tutorial_taskflow_api.py for tasks to queue
[2026-06-10T22:43:32.763+0000] {logging_mixin.py:188} INFO - [2026-06-10T22:43:32.762+0000] {dagbag.py:545} INFO - Filling up the DagBag from /home/airflow/.local/lib/python3.12/site-packages/airflow/example_dags/tutorial_taskflow_api.py
[2026-06-10T22:43:32.792+0000] {processor.py:840} INFO - DAG(s) 'tutorial_taskflow_api' retrieved from /home/airflow/.local/lib/python3.12/site-packages/airflow/example_dags/tutorial_taskflow_api.py
[2026-06-10T22:43:32.826+0000] {logging_mixin.py:188} INFO - [2026-06-10T22:43:32.826+0000] {dag.py:3096} INFO - Sync 1 DAGs
[2026-06-10T22:43:32.859+0000] {logging_mixin.py:188} INFO - [2026-06-10T22:43:32.858+0000] {dag.py:3954} INFO - Setting next_dagrun for tutorial_taskflow_api to None, run_after=None
[2026-06-10T22:43:32.911+0000] {processor.py:183} INFO - Processing /home/airflow/.local/lib/python3.12/site-packages/airflow/example_dags/tutorial_taskflow_api.py took 0.187 seconds
[2026-06-10T22:44:03.569+0000] {processor.py:161} INFO - Started process (PID=3455) to work on /home/airflow/.local/lib/python3.12/site-packages/airflow/example_dags/tutorial_taskflow_api.py
[2026-06-10T22:44:03.570+0000] {processor.py:830} INFO - Processing file /home/airflow/.local/lib/python3.12/site-packages/airflow/example_dags/tutorial_taskflow_api.py for tasks to queue
[2026-06-10T22:44:03.572+0000] {logging_mixin.py:188} INFO - [2026-06-10T22:44:03.571+0000] {dagbag.py:545} INFO - Filling up the DagBag from /home/airflow/.local/lib/python3.12/site-packages/airflow/example_dags/tutorial_taskflow_api.py
[2026-06-10T22:44:03.581+0000] {processor.py:840} INFO - DAG(s) 'tutorial_taskflow_api' retrieved from /home/airflow/.local/lib/python3.12/site-packages/airflow/example_dags/tutorial_taskflow_api.py
[2026-06-10T22:44:03.615+0000] {logging_mixin.py:188} INFO - [2026-06-10T22:44:03.614+0000] {dag.py:3096} INFO - Sync 1 DAGs
[2026-06-10T22:44:03.636+0000] {logging_mixin.py:188} INFO - [2026-06-10T22:44:03.636+0000] {dag.py:3954} INFO - Setting next_dagrun for tutorial_taskflow_api to None, run_after=None
[2026-06-10T22:44:03.661+0000] {processor.py:183} INFO - Processing /home/airflow/.local/lib/python3.12/site-packages/airflow/example_dags/tutorial_taskflow_api.py took 0.100 seconds
[2026-06-10T22:44:34.648+0000] {processor.py:161} INFO - Started process (PID=3516) to work on /home/airflow/.local/lib/python3.12/site-packages/airflow/example_dags/tutorial_taskflow_api.py
[2026-06-10T22:44:34.650+0000] {processor.py:830} INFO - Processing file /home/airflow/.local/lib/python3.12/site-packages/airflow/example_dags/tutorial_taskflow_api.py for tasks to queue
[2026-06-10T22:44:34.652+0000] {logging_mixin.py:188} INFO - [2026-06-10T22:44:34.652+0000] {dagbag.py:545} INFO - Filling up the DagBag from /home/airflow/.local/lib/python3.12/site-packages/airflow/example_dags/tutorial_taskflow_api.py
[2026-06-10T22:44:34.660+0000] {processor.py:840} INFO - DAG(s) 'tutorial_taskflow_api' retrieved from /home/airflow/.local/lib/python3.12/site-packages/airflow/example_dags/tutorial_taskflow_api.py
[2026-06-10T22:44:34.686+0000] {logging_mixin.py:188} INFO - [2026-06-10T22:44:34.685+0000] {dag.py:3096} INFO - Sync 1 DAGs
[2026-06-10T22:44:34.710+0000] {logging_mixin.py:188} INFO - [2026-06-10T22:44:34.710+0000] {dag.py:3954} INFO - Setting next_dagrun for tutorial_taskflow_api to None, run_after=None
[2026-06-10T22:44:34.732+0000] {processor.py:183} INFO - Processing /home/airflow/.local/lib/python3.12/site-packages/airflow/example_dags/tutorial_taskflow_api.py took 0.091 seconds
[2026-06-10T22:45:05.624+0000] {processor.py:161} INFO - Started process (PID=3577) to work on /home/airflow/.local/lib/python3.12/site-packages/airflow/example_dags/tutorial_taskflow_api.py
[2026-06-10T22:45:05.625+0000] {processor.py:830} INFO - Processing file /home/airflow/.local/lib/python3.12/site-packages/airflow/example_dags/tutorial_taskflow_api.py for tasks to queue
[2026-06-10T22:45:05.627+0000] {logging_mixin.py:188} INFO - [2026-06-10T22:45:05.627+0000] {dagbag.py:545} INFO - Filling up the DagBag from /home/airflow/.local/lib/python3.12/site-packages/airflow/example_dags/tutorial_taskflow_api.py
[2026-06-10T22:45:05.636+0000] {processor.py:840} INFO - DAG(s) 'tutorial_taskflow_api' retrieved from /home/airflow/.local/lib/python3.12/site-packages/airflow/example_dags/tutorial_taskflow_api.py
[2026-06-10T22:45:05.669+0000] {logging_mixin.py:188} INFO - [2026-06-10T22:45:05.669+0000] {dag.py:3096} INFO - Sync 1 DAGs
[2026-06-10T22:45:05.687+0000] {logging_mixin.py:188} INFO - [2026-06-10T22:45:05.687+0000] {dag.py:3954} INFO - Setting next_dagrun for tutorial_taskflow_api to None, run_after=None
[2026-06-10T22:45:05.711+0000] {processor.py:183} INFO - Processing /home/airflow/.local/lib/python3.12/site-packages/airflow/example_dags/tutorial_taskflow_api.py took 0.095 seconds
[2026-06-10T22:45:36.118+0000] {processor.py:161} INFO - Started process (PID=3635) to work on /home/airflow/.local/lib/python3.12/site-packages/airflow/example_dags/tutorial_taskflow_api.py
[2026-06-10T22:45:36.119+0000] {processor.py:830} INFO - Processing file /home/airflow/.local/lib/python3.12/site-packages/airflow/example_dags/tutorial_taskflow_api.py for tasks to queue
[2026-06-10T22:45:36.121+0000] {logging_mixin.py:188} INFO - [2026-06-10T22:45:36.120+0000] {dagbag.py:545} INFO - Filling up the DagBag from /home/airflow/.local/lib/python3.12/site-packages/airflow/example_dags/tutorial_taskflow_api.py
[2026-06-10T22:45:36.128+0000] {processor.py:840} INFO - DAG(s) 'tutorial_taskflow_api' retrieved from /home/airflow/.local/lib/python3.12/site-packages/airflow/example_dags/tutorial_taskflow_api.py
[2026-06-10T22:45:36.151+0000] {logging_mixin.py:188} INFO - [2026-06-10T22:45:36.151+0000] {dag.py:3096} INFO - Sync 1 DAGs
[2026-06-10T22:45:36.168+0000] {logging_mixin.py:188} INFO - [2026-06-10T22:45:36.168+0000] {dag.py:3954} INFO - Setting next_dagrun for tutorial_taskflow_api to None, run_after=None
[2026-06-10T22:45:36.193+0000] {processor.py:183} INFO - Processing /home/airflow/.local/lib/python3.12/site-packages/airflow/example_dags/tutorial_taskflow_api.py took 0.083 seconds
[2026-06-10T22:46:06.515+0000] {processor.py:161} INFO - Started process (PID=3696) to work on /home/airflow/.local/lib/python3.12/site-packages/airflow/example_dags/tutorial_taskflow_api.py
[2026-06-10T22:46:06.516+0000] {processor.py:830} INFO - Processing file /home/airflow/.local/lib/python3.12/site-packages/airflow/example_dags/tutorial_taskflow_api.py for tasks to queue
[2026-06-10T22:46:06.519+0000] {logging_mixin.py:188} INFO - [2026-06-10T22:46:06.519+0000] {dagbag.py:545} INFO - Filling up the DagBag from /home/airflow/.local/lib/python3.12/site-packages/airflow/example_dags/tutorial_taskflow_api.py
[2026-06-10T22:46:06.532+0000] {processor.py:840} INFO - DAG(s) 'tutorial_taskflow_api' retrieved from /home/airflow/.local/lib/python3.12/site-packages/airflow/example_dags/tutorial_taskflow_api.py
[2026-06-10T22:46:06.573+0000] {logging_mixin.py:188} INFO - [2026-06-10T22:46:06.573+0000] {dag.py:3096} INFO - Sync 1 DAGs
[2026-06-10T22:46:06.594+0000] {logging_mixin.py:188} INFO - [2026-06-10T22:46:06.594+0000] {dag.py:3954} INFO - Setting next_dagrun for tutorial_taskflow_api to None, run_after=None
[2026-06-10T22:46:06.620+0000] {processor.py:183} INFO - Processing /home/airflow/.local/lib/python3.12/site-packages/airflow/example_dags/tutorial_taskflow_api.py took 0.113 seconds
[2026-06-10T22:46:37.508+0000] {processor.py:161} INFO - Started process (PID=3757) to work on /home/airflow/.local/lib/python3.12/site-packages/airflow/example_dags/tutorial_taskflow_api.py
[2026-06-10T22:46:37.515+0000] {processor.py:830} INFO - Processing file /home/airflow/.local/lib/python3.12/site-packages/airflow/example_dags/tutorial_taskflow_api.py for tasks to queue
[2026-06-10T22:46:37.527+0000] {logging_mixin.py:188} INFO - [2026-06-10T22:46:37.526+0000] {dagbag.py:545} INFO - Filling up the DagBag from /home/airflow/.local/lib/python3.12/site-packages/airflow/example_dags/tutorial_taskflow_api.py
[2026-06-10T22:46:37.560+0000] {processor.py:840} INFO - DAG(s) 'tutorial_taskflow_api' retrieved from /home/airflow/.local/lib/python3.12/site-packages/airflow/example_dags/tutorial_taskflow_api.py
[2026-06-10T22:46:37.626+0000] {logging_mixin.py:188} INFO - [2026-06-10T22:46:37.626+0000] {dag.py:3096} INFO - Sync 1 DAGs
[2026-06-10T22:46:37.692+0000] {logging_mixin.py:188} INFO - [2026-06-10T22:46:37.692+0000] {dag.py:3954} INFO - Setting next_dagrun for tutorial_taskflow_api to None, run_after=None
[2026-06-10T22:46:37.749+0000] {processor.py:183} INFO - Processing /home/airflow/.local/lib/python3.12/site-packages/airflow/example_dags/tutorial_taskflow_api.py took 0.314 seconds
[2026-06-10T22:47:07.849+0000] {processor.py:161} INFO - Started process (PID=3818) to work on /home/airflow/.local/lib/python3.12/site-packages/airflow/example_dags/tutorial_taskflow_api.py
[2026-06-10T22:47:07.850+0000] {processor.py:830} INFO - Processing file /home/airflow/.local/lib/python3.12/site-packages/airflow/example_dags/tutorial_taskflow_api.py for tasks to queue
[2026-06-10T22:47:07.852+0000] {logging_mixin.py:188} INFO - [2026-06-10T22:47:07.851+0000] {dagbag.py:545} INFO - Filling up the DagBag from /home/airflow/.local/lib/python3.12/site-packages/airflow/example_dags/tutorial_taskflow_api.py
[2026-06-10T22:47:07.860+0000] {processor.py:840} INFO - DAG(s) 'tutorial_taskflow_api' retrieved from /home/airflow/.local/lib/python3.12/site-packages/airflow/example_dags/tutorial_taskflow_api.py
[2026-06-10T22:47:07.886+0000] {logging_mixin.py:188} INFO - [2026-06-10T22:47:07.886+0000] {dag.py:3096} INFO - Sync 1 DAGs
[2026-06-10T22:47:07.903+0000] {logging_mixin.py:188} INFO - [2026-06-10T22:47:07.902+0000] {dag.py:3954} INFO - Setting next_dagrun for tutorial_taskflow_api to None, run_after=None
[2026-06-10T22:47:07.926+0000] {processor.py:183} INFO - Processing /home/airflow/.local/lib/python3.12/site-packages/airflow/example_dags/tutorial_taskflow_api.py took 0.084 seconds
[2026-06-10T22:47:38.635+0000] {processor.py:161} INFO - Started process (PID=3879) to work on /home/airflow/.local/lib/python3.12/site-packages/airflow/example_dags/tutorial_taskflow_api.py
[2026-06-10T22:47:38.636+0000] {processor.py:830} INFO - Processing file /home/airflow/.local/lib/python3.12/site-packages/airflow/example_dags/tutorial_taskflow_api.py for tasks to queue
[2026-06-10T22:47:38.638+0000] {logging_mixin.py:188} INFO - [2026-06-10T22:47:38.638+0000] {dagbag.py:545} INFO - Filling up the DagBag from /home/airflow/.local/lib/python3.12/site-packages/airflow/example_dags/tutorial_taskflow_api.py
[2026-06-10T22:47:38.651+0000] {processor.py:840} INFO - DAG(s) 'tutorial_taskflow_api' retrieved from /home/airflow/.local/lib/python3.12/site-packages/airflow/example_dags/tutorial_taskflow_api.py
[2026-06-10T22:47:38.685+0000] {logging_mixin.py:188} INFO - [2026-06-10T22:47:38.685+0000] {dag.py:3096} INFO - Sync 1 DAGs
[2026-06-10T22:47:38.705+0000] {logging_mixin.py:188} INFO - [2026-06-10T22:47:38.705+0000] {dag.py:3954} INFO - Setting next_dagrun for tutorial_taskflow_api to None, run_after=None
[2026-06-10T22:47:38.748+0000] {processor.py:183} INFO - Processing /home/airflow/.local/lib/python3.12/site-packages/airflow/example_dags/tutorial_taskflow_api.py took 0.120 seconds
[2026-06-10T22:48:09.077+0000] {processor.py:161} INFO - Started process (PID=3940) to work on /home/airflow/.local/lib/python3.12/site-packages/airflow/example_dags/tutorial_taskflow_api.py
[2026-06-10T22:48:09.078+0000] {processor.py:830} INFO - Processing file /home/airflow/.local/lib/python3.12/site-packages/airflow/example_dags/tutorial_taskflow_api.py for tasks to queue
[2026-06-10T22:48:09.080+0000] {logging_mixin.py:188} INFO - [2026-06-10T22:48:09.080+0000] {dagbag.py:545} INFO - Filling up the DagBag from /home/airflow/.local/lib/python3.12/site-packages/airflow/example_dags/tutorial_taskflow_api.py
[2026-06-10T22:48:09.089+0000] {processor.py:840} INFO - DAG(s) 'tutorial_taskflow_api' retrieved from /home/airflow/.local/lib/python3.12/site-packages/airflow/example_dags/tutorial_taskflow_api.py
[2026-06-10T22:48:09.121+0000] {logging_mixin.py:188} INFO - [2026-06-10T22:48:09.121+0000] {dag.py:3096} INFO - Sync 1 DAGs
[2026-06-10T22:48:09.142+0000] {logging_mixin.py:188} INFO - [2026-06-10T22:48:09.141+0000] {dag.py:3954} INFO - Setting next_dagrun for tutorial_taskflow_api to None, run_after=None
[2026-06-10T22:48:09.202+0000] {processor.py:183} INFO - Processing /home/airflow/.local/lib/python3.12/site-packages/airflow/example_dags/tutorial_taskflow_api.py took 0.137 seconds
[2026-06-10T22:48:41.106+0000] {processor.py:161} INFO - Started process (PID=4000) to work on /home/airflow/.local/lib/python3.12/site-packages/airflow/example_dags/tutorial_taskflow_api.py
[2026-06-10T22:48:41.109+0000] {processor.py:830} INFO - Processing file /home/airflow/.local/lib/python3.12/site-packages/airflow/example_dags/tutorial_taskflow_api.py for tasks to queue
[2026-06-10T22:48:41.119+0000] {logging_mixin.py:188} INFO - [2026-06-10T22:48:41.119+0000] {dagbag.py:545} INFO - Filling up the DagBag from /home/airflow/.local/lib/python3.12/site-packages/airflow/example_dags/tutorial_taskflow_api.py
[2026-06-10T22:48:41.146+0000] {processor.py:840} INFO - DAG(s) 'tutorial_taskflow_api' retrieved from /home/airflow/.local/lib/python3.12/site-packages/airflow/example_dags/tutorial_taskflow_api.py
[2026-06-10T22:48:41.245+0000] {logging_mixin.py:188} INFO - [2026-06-10T22:48:41.245+0000] {dag.py:3096} INFO - Sync 1 DAGs
[2026-06-10T22:48:41.274+0000] {logging_mixin.py:188} INFO - [2026-06-10T22:48:41.274+0000] {dag.py:3954} INFO - Setting next_dagrun for tutorial_taskflow_api to None, run_after=None
[2026-06-10T22:48:41.382+0000] {processor.py:183} INFO - Processing /home/airflow/.local/lib/python3.12/site-packages/airflow/example_dags/tutorial_taskflow_api.py took 0.297 seconds
[2026-06-10T22:49:11.698+0000] {processor.py:161} INFO - Started process (PID=4061) to work on /home/airflow/.local/lib/python3.12/site-packages/airflow/example_dags/tutorial_taskflow_api.py
[2026-06-10T22:49:11.699+0000] {processor.py:830} INFO - Processing file /home/airflow/.local/lib/python3.12/site-packages/airflow/example_dags/tutorial_taskflow_api.py for tasks to queue
[2026-06-10T22:49:11.700+0000] {logging_mixin.py:188} INFO - [2026-06-10T22:49:11.700+0000] {dagbag.py:545} INFO - Filling up the DagBag from /home/airflow/.local/lib/python3.12/site-packages/airflow/example_dags/tutorial_taskflow_api.py
[2026-06-10T22:49:11.708+0000] {processor.py:840} INFO - DAG(s) 'tutorial_taskflow_api' retrieved from /home/airflow/.local/lib/python3.12/site-packages/airflow/example_dags/tutorial_taskflow_api.py
[2026-06-10T22:49:11.734+0000] {logging_mixin.py:188} INFO - [2026-06-10T22:49:11.734+0000] {dag.py:3096} INFO - Sync 1 DAGs
[2026-06-10T22:49:11.753+0000] {logging_mixin.py:188} INFO - [2026-06-10T22:49:11.753+0000] {dag.py:3954} INFO - Setting next_dagrun for tutorial_taskflow_api to None, run_after=None
[2026-06-10T22:49:11.820+0000] {processor.py:183} INFO - Processing /home/airflow/.local/lib/python3.12/site-packages/airflow/example_dags/tutorial_taskflow_api.py took 0.129 seconds
[2026-06-10T22:49:41.982+0000] {processor.py:161} INFO - Started process (PID=4122) to work on /home/airflow/.local/lib/python3.12/site-packages/airflow/example_dags/tutorial_taskflow_api.py
[2026-06-10T22:49:41.985+0000] {processor.py:830} INFO - Processing file /home/airflow/.local/lib/python3.12/site-packages/airflow/example_dags/tutorial_taskflow_api.py for tasks to queue
[2026-06-10T22:49:41.987+0000] {logging_mixin.py:188} INFO - [2026-06-10T22:49:41.986+0000] {dagbag.py:545} INFO - Filling up the DagBag from /home/airflow/.local/lib/python3.12/site-packages/airflow/example_dags/tutorial_taskflow_api.py
[2026-06-10T22:49:42.001+0000] {processor.py:840} INFO - DAG(s) 'tutorial_taskflow_api' retrieved from /home/airflow/.local/lib/python3.12/site-packages/airflow/example_dags/tutorial_taskflow_api.py
[2026-06-10T22:49:42.028+0000] {logging_mixin.py:188} INFO - [2026-06-10T22:49:42.028+0000] {dag.py:3096} INFO - Sync 1 DAGs
[2026-06-10T22:49:42.046+0000] {logging_mixin.py:188} INFO - [2026-06-10T22:49:42.046+0000] {dag.py:3954} INFO - Setting next_dagrun for tutorial_taskflow_api to None, run_after=None
[2026-06-10T22:49:42.068+0000] {processor.py:183} INFO - Processing /home/airflow/.local/lib/python3.12/site-packages/airflow/example_dags/tutorial_taskflow_api.py took 0.098 seconds
[2026-06-10T22:50:12.897+0000] {processor.py:161} INFO - Started process (PID=4183) to work on /home/airflow/.local/lib/python3.12/site-packages/airflow/example_dags/tutorial_taskflow_api.py
[2026-06-10T22:50:12.899+0000] {processor.py:830} INFO - Processing file /home/airflow/.local/lib/python3.12/site-packages/airflow/example_dags/tutorial_taskflow_api.py for tasks to queue
[2026-06-10T22:50:12.901+0000] {logging_mixin.py:188} INFO - [2026-06-10T22:50:12.901+0000] {dagbag.py:545} INFO - Filling up the DagBag from /home/airflow/.local/lib/python3.12/site-packages/airflow/example_dags/tutorial_taskflow_api.py
[2026-06-10T22:50:12.916+0000] {processor.py:840} INFO - DAG(s) 'tutorial_taskflow_api' retrieved from /home/airflow/.local/lib/python3.12/site-packages/airflow/example_dags/tutorial_taskflow_api.py
[2026-06-10T22:50:12.963+0000] {logging_mixin.py:188} INFO - [2026-06-10T22:50:12.963+0000] {dag.py:3096} INFO - Sync 1 DAGs
[2026-06-10T22:50:12.996+0000] {logging_mixin.py:188} INFO - [2026-06-10T22:50:12.996+0000] {dag.py:3954} INFO - Setting next_dagrun for tutorial_taskflow_api to None, run_after=None
[2026-06-10T22:50:13.038+0000] {processor.py:183} INFO - Processing /home/airflow/.local/lib/python3.12/site-packages/airflow/example_dags/tutorial_taskflow_api.py took 0.150 seconds
[2026-06-10T22:50:43.351+0000] {processor.py:161} INFO - Started process (PID=4244) to work on /home/airflow/.local/lib/python3.12/site-packages/airflow/example_dags/tutorial_taskflow_api.py
[2026-06-10T22:50:43.353+0000] {processor.py:830} INFO - Processing file /home/airflow/.local/lib/python3.12/site-packages/airflow/example_dags/tutorial_taskflow_api.py for tasks to queue
[2026-06-10T22:50:43.356+0000] {logging_mixin.py:188} INFO - [2026-06-10T22:50:43.356+0000] {dagbag.py:545} INFO - Filling up the DagBag from /home/airflow/.local/lib/python3.12/site-packages/airflow/example_dags/tutorial_taskflow_api.py
[2026-06-10T22:50:43.373+0000] {processor.py:840} INFO - DAG(s) 'tutorial_taskflow_api' retrieved from /home/airflow/.local/lib/python3.12/site-packages/airflow/example_dags/tutorial_taskflow_api.py
[2026-06-10T22:50:43.405+0000] {logging_mixin.py:188} INFO - [2026-06-10T22:50:43.404+0000] {dag.py:3096} INFO - Sync 1 DAGs
[2026-06-10T22:50:43.424+0000] {logging_mixin.py:188} INFO - [2026-06-10T22:50:43.423+0000] {dag.py:3954} INFO - Setting next_dagrun for tutorial_taskflow_api to None, run_after=None
[2026-06-10T22:50:43.448+0000] {processor.py:183} INFO - Processing /home/airflow/.local/lib/python3.12/site-packages/airflow/example_dags/tutorial_taskflow_api.py took 0.115 seconds
[2026-06-10T22:51:14.075+0000] {processor.py:161} INFO - Started process (PID=4305) to work on /home/airflow/.local/lib/python3.12/site-packages/airflow/example_dags/tutorial_taskflow_api.py
[2026-06-10T22:51:14.077+0000] {processor.py:830} INFO - Processing file /home/airflow/.local/lib/python3.12/site-packages/airflow/example_dags/tutorial_taskflow_api.py for tasks to queue
[2026-06-10T22:51:14.079+0000] {logging_mixin.py:188} INFO - [2026-06-10T22:51:14.078+0000] {dagbag.py:545} INFO - Filling up the DagBag from /home/airflow/.local/lib/python3.12/site-packages/airflow/example_dags/tutorial_taskflow_api.py
[2026-06-10T22:51:14.086+0000] {processor.py:840} INFO - DAG(s) 'tutorial_taskflow_api' retrieved from /home/airflow/.local/lib/python3.12/site-packages/airflow/example_dags/tutorial_taskflow_api.py
[2026-06-10T22:51:14.140+0000] {logging_mixin.py:188} INFO - [2026-06-10T22:51:14.139+0000] {dag.py:3096} INFO - Sync 1 DAGs
[2026-06-10T22:51:14.162+0000] {logging_mixin.py:188} INFO - [2026-06-10T22:51:14.160+0000] {dag.py:3954} INFO - Setting next_dagrun for tutorial_taskflow_api to None, run_after=None
[2026-06-10T22:51:14.199+0000] {processor.py:183} INFO - Processing /home/airflow/.local/lib/python3.12/site-packages/airflow/example_dags/tutorial_taskflow_api.py took 0.133 seconds
[2026-06-10T22:51:44.301+0000] {processor.py:161} INFO - Started process (PID=4366) to work on /home/airflow/.local/lib/python3.12/site-packages/airflow/example_dags/tutorial_taskflow_api.py
[2026-06-10T22:51:44.302+0000] {processor.py:830} INFO - Processing file /home/airflow/.local/lib/python3.12/site-packages/airflow/example_dags/tutorial_taskflow_api.py for tasks to queue
[2026-06-10T22:51:44.304+0000] {logging_mixin.py:188} INFO - [2026-06-10T22:51:44.304+0000] {dagbag.py:545} INFO - Filling up the DagBag from /home/airflow/.local/lib/python3.12/site-packages/airflow/example_dags/tutorial_taskflow_api.py
[2026-06-10T22:51:44.315+0000] {processor.py:840} INFO - DAG(s) 'tutorial_taskflow_api' retrieved from /home/airflow/.local/lib/python3.12/site-packages/airflow/example_dags/tutorial_taskflow_api.py
[2026-06-10T22:51:44.367+0000] {logging_mixin.py:188} INFO - [2026-06-10T22:51:44.366+0000] {dag.py:3096} INFO - Sync 1 DAGs
[2026-06-10T22:51:44.398+0000] {logging_mixin.py:188} INFO - [2026-06-10T22:51:44.398+0000] {dag.py:3954} INFO - Setting next_dagrun for tutorial_taskflow_api to None, run_after=None
[2026-06-10T22:51:44.445+0000] {processor.py:183} INFO - Processing /home/airflow/.local/lib/python3.12/site-packages/airflow/example_dags/tutorial_taskflow_api.py took 0.157 seconds
[2026-06-10T22:52:15.015+0000] {processor.py:161} INFO - Started process (PID=4427) to work on /home/airflow/.local/lib/python3.12/site-packages/airflow/example_dags/tutorial_taskflow_api.py
[2026-06-10T22:52:15.029+0000] {processor.py:830} INFO - Processing file /home/airflow/.local/lib/python3.12/site-packages/airflow/example_dags/tutorial_taskflow_api.py for tasks to queue
[2026-06-10T22:52:15.034+0000] {logging_mixin.py:188} INFO - [2026-06-10T22:52:15.033+0000] {dagbag.py:545} INFO - Filling up the DagBag from /home/airflow/.local/lib/python3.12/site-packages/airflow/example_dags/tutorial_taskflow_api.py
[2026-06-10T22:52:15.044+0000] {processor.py:840} INFO - DAG(s) 'tutorial_taskflow_api' retrieved from /home/airflow/.local/lib/python3.12/site-packages/airflow/example_dags/tutorial_taskflow_api.py
[2026-06-10T22:52:15.078+0000] {logging_mixin.py:188} INFO - [2026-06-10T22:52:15.078+0000] {dag.py:3096} INFO - Sync 1 DAGs
[2026-06-10T22:52:15.100+0000] {logging_mixin.py:188} INFO - [2026-06-10T22:52:15.099+0000] {dag.py:3954} INFO - Setting next_dagrun for tutorial_taskflow_api to None, run_after=None
[2026-06-10T22:52:15.154+0000] {processor.py:183} INFO - Processing /home/airflow/.local/lib/python3.12/site-packages/airflow/example_dags/tutorial_taskflow_api.py took 0.153 seconds
[2026-06-10T22:52:45.455+0000] {processor.py:161} INFO - Started process (PID=4488) to work on /home/airflow/.local/lib/python3.12/site-packages/airflow/example_dags/tutorial_taskflow_api.py
[2026-06-10T22:52:45.458+0000] {processor.py:830} INFO - Processing file /home/airflow/.local/lib/python3.12/site-packages/airflow/example_dags/tutorial_taskflow_api.py for tasks to queue
[2026-06-10T22:52:45.460+0000] {logging_mixin.py:188} INFO - [2026-06-10T22:52:45.460+0000] {dagbag.py:545} INFO - Filling up the DagBag from /home/airflow/.local/lib/python3.12/site-packages/airflow/example_dags/tutorial_taskflow_api.py
[2026-06-10T22:52:45.466+0000] {processor.py:840} INFO - DAG(s) 'tutorial_taskflow_api' retrieved from /home/airflow/.local/lib/python3.12/site-packages/airflow/example_dags/tutorial_taskflow_api.py
[2026-06-10T22:52:45.498+0000] {logging_mixin.py:188} INFO - [2026-06-10T22:52:45.498+0000] {dag.py:3096} INFO - Sync 1 DAGs
[2026-06-10T22:52:45.517+0000] {logging_mixin.py:188} INFO - [2026-06-10T22:52:45.517+0000] {dag.py:3954} INFO - Setting next_dagrun for tutorial_taskflow_api to None, run_after=None
[2026-06-10T22:52:45.542+0000] {processor.py:183} INFO - Processing /home/airflow/.local/lib/python3.12/site-packages/airflow/example_dags/tutorial_taskflow_api.py took 0.093 seconds
[2026-06-10T22:53:16.336+0000] {processor.py:161} INFO - Started process (PID=4549) to work on /home/airflow/.local/lib/python3.12/site-packages/airflow/example_dags/tutorial_taskflow_api.py
[2026-06-10T22:53:16.337+0000] {processor.py:830} INFO - Processing file /home/airflow/.local/lib/python3.12/site-packages/airflow/example_dags/tutorial_taskflow_api.py for tasks to queue
[2026-06-10T22:53:16.339+0000] {logging_mixin.py:188} INFO - [2026-06-10T22:53:16.338+0000] {dagbag.py:545} INFO - Filling up the DagBag from /home/airflow/.local/lib/python3.12/site-packages/airflow/example_dags/tutorial_taskflow_api.py
[2026-06-10T22:53:16.348+0000] {processor.py:840} INFO - DAG(s) 'tutorial_taskflow_api' retrieved from /home/airflow/.local/lib/python3.12/site-packages/airflow/example_dags/tutorial_taskflow_api.py
[2026-06-10T22:53:16.382+0000] {logging_mixin.py:188} INFO - [2026-06-10T22:53:16.382+0000] {dag.py:3096} INFO - Sync 1 DAGs
[2026-06-10T22:53:16.422+0000] {logging_mixin.py:188} INFO - [2026-06-10T22:53:16.421+0000] {dag.py:3954} INFO - Setting next_dagrun for tutorial_taskflow_api to None, run_after=None
[2026-06-10T22:53:16.528+0000] {processor.py:183} INFO - Processing /home/airflow/.local/lib/python3.12/site-packages/airflow/example_dags/tutorial_taskflow_api.py took 0.200 seconds
[2026-06-10T22:53:46.992+0000] {processor.py:161} INFO - Started process (PID=4608) to work on /home/airflow/.local/lib/python3.12/site-packages/airflow/example_dags/tutorial_taskflow_api.py
[2026-06-10T22:53:46.997+0000] {processor.py:830} INFO - Processing file /home/airflow/.local/lib/python3.12/site-packages/airflow/example_dags/tutorial_taskflow_api.py for tasks to queue
[2026-06-10T22:53:47.001+0000] {logging_mixin.py:188} INFO - [2026-06-10T22:53:47.001+0000] {dagbag.py:545} INFO - Filling up the DagBag from /home/airflow/.local/lib/python3.12/site-packages/airflow/example_dags/tutorial_taskflow_api.py
[2026-06-10T22:53:47.019+0000] {processor.py:840} INFO - DAG(s) 'tutorial_taskflow_api' retrieved from /home/airflow/.local/lib/python3.12/site-packages/airflow/example_dags/tutorial_taskflow_api.py
[2026-06-10T22:53:47.047+0000] {logging_mixin.py:188} INFO - [2026-06-10T22:53:47.047+0000] {dag.py:3096} INFO - Sync 1 DAGs
[2026-06-10T22:53:47.067+0000] {logging_mixin.py:188} INFO - [2026-06-10T22:53:47.066+0000] {dag.py:3954} INFO - Setting next_dagrun for tutorial_taskflow_api to None, run_after=None
[2026-06-10T22:53:47.088+0000] {processor.py:183} INFO - Processing /home/airflow/.local/lib/python3.12/site-packages/airflow/example_dags/tutorial_taskflow_api.py took 0.114 seconds
[2026-06-10T22:54:18.024+0000] {processor.py:161} INFO - Started process (PID=4674) to work on /home/airflow/.local/lib/python3.12/site-packages/airflow/example_dags/tutorial_taskflow_api.py
[2026-06-10T22:54:18.028+0000] {processor.py:830} INFO - Processing file /home/airflow/.local/lib/python3.12/site-packages/airflow/example_dags/tutorial_taskflow_api.py for tasks to queue
[2026-06-10T22:54:18.031+0000] {logging_mixin.py:188} INFO - [2026-06-10T22:54:18.031+0000] {dagbag.py:545} INFO - Filling up the DagBag from /home/airflow/.local/lib/python3.12/site-packages/airflow/example_dags/tutorial_taskflow_api.py
[2026-06-10T22:54:18.041+0000] {processor.py:840} INFO - DAG(s) 'tutorial_taskflow_api' retrieved from /home/airflow/.local/lib/python3.12/site-packages/airflow/example_dags/tutorial_taskflow_api.py
[2026-06-10T22:54:18.121+0000] {logging_mixin.py:188} INFO - [2026-06-10T22:54:18.121+0000] {dag.py:3096} INFO - Sync 1 DAGs
[2026-06-10T22:54:18.166+0000] {logging_mixin.py:188} INFO - [2026-06-10T22:54:18.166+0000] {dag.py:3954} INFO - Setting next_dagrun for tutorial_taskflow_api to None, run_after=None
[2026-06-10T22:54:18.257+0000] {processor.py:183} INFO - Processing /home/airflow/.local/lib/python3.12/site-packages/airflow/example_dags/tutorial_taskflow_api.py took 0.263 seconds
[2026-06-10T22:54:48.397+0000] {processor.py:161} INFO - Started process (PID=4730) to work on /home/airflow/.local/lib/python3.12/site-packages/airflow/example_dags/tutorial_taskflow_api.py
[2026-06-10T22:54:48.400+0000] {processor.py:830} INFO - Processing file /home/airflow/.local/lib/python3.12/site-packages/airflow/example_dags/tutorial_taskflow_api.py for tasks to queue
[2026-06-10T22:54:48.404+0000] {logging_mixin.py:188} INFO - [2026-06-10T22:54:48.403+0000] {dagbag.py:545} INFO - Filling up the DagBag from /home/airflow/.local/lib/python3.12/site-packages/airflow/example_dags/tutorial_taskflow_api.py
[2026-06-10T22:54:48.413+0000] {processor.py:840} INFO - DAG(s) 'tutorial_taskflow_api' retrieved from /home/airflow/.local/lib/python3.12/site-packages/airflow/example_dags/tutorial_taskflow_api.py
[2026-06-10T22:54:48.436+0000] {logging_mixin.py:188} INFO - [2026-06-10T22:54:48.436+0000] {dag.py:3096} INFO - Sync 1 DAGs
[2026-06-10T22:54:48.454+0000] {logging_mixin.py:188} INFO - [2026-06-10T22:54:48.453+0000] {dag.py:3954} INFO - Setting next_dagrun for tutorial_taskflow_api to None, run_after=None
[2026-06-10T22:54:48.476+0000] {processor.py:183} INFO - Processing /home/airflow/.local/lib/python3.12/site-packages/airflow/example_dags/tutorial_taskflow_api.py took 0.089 seconds
[2026-06-10T22:55:19.151+0000] {processor.py:161} INFO - Started process (PID=4796) to work on /home/airflow/.local/lib/python3.12/site-packages/airflow/example_dags/tutorial_taskflow_api.py
[2026-06-10T22:55:19.159+0000] {processor.py:830} INFO - Processing file /home/airflow/.local/lib/python3.12/site-packages/airflow/example_dags/tutorial_taskflow_api.py for tasks to queue
[2026-06-10T22:55:19.166+0000] {logging_mixin.py:188} INFO - [2026-06-10T22:55:19.165+0000] {dagbag.py:545} INFO - Filling up the DagBag from /home/airflow/.local/lib/python3.12/site-packages/airflow/example_dags/tutorial_taskflow_api.py
[2026-06-10T22:55:19.192+0000] {processor.py:840} INFO - DAG(s) 'tutorial_taskflow_api' retrieved from /home/airflow/.local/lib/python3.12/site-packages/airflow/example_dags/tutorial_taskflow_api.py
[2026-06-10T22:55:19.230+0000] {logging_mixin.py:188} INFO - [2026-06-10T22:55:19.230+0000] {dag.py:3096} INFO - Sync 1 DAGs
[2026-06-10T22:55:19.260+0000] {logging_mixin.py:188} INFO - [2026-06-10T22:55:19.259+0000] {dag.py:3954} INFO - Setting next_dagrun for tutorial_taskflow_api to None, run_after=None
[2026-06-10T22:55:19.297+0000] {processor.py:183} INFO - Processing /home/airflow/.local/lib/python3.12/site-packages/airflow/example_dags/tutorial_taskflow_api.py took 0.162 seconds
[2026-06-10T22:55:49.980+0000] {processor.py:161} INFO - Started process (PID=4857) to work on /home/airflow/.local/lib/python3.12/site-packages/airflow/example_dags/tutorial_taskflow_api.py
[2026-06-10T22:55:49.982+0000] {processor.py:830} INFO - Processing file /home/airflow/.local/lib/python3.12/site-packages/airflow/example_dags/tutorial_taskflow_api.py for tasks to queue
[2026-06-10T22:55:49.986+0000] {logging_mixin.py:188} INFO - [2026-06-10T22:55:49.985+0000] {dagbag.py:545} INFO - Filling up the DagBag from /home/airflow/.local/lib/python3.12/site-packages/airflow/example_dags/tutorial_taskflow_api.py
[2026-06-10T22:55:49.999+0000] {processor.py:840} INFO - DAG(s) 'tutorial_taskflow_api' retrieved from /home/airflow/.local/lib/python3.12/site-packages/airflow/example_dags/tutorial_taskflow_api.py
[2026-06-10T22:55:50.028+0000] {logging_mixin.py:188} INFO - [2026-06-10T22:55:50.027+0000] {dag.py:3096} INFO - Sync 1 DAGs
[2026-06-10T22:55:50.046+0000] {logging_mixin.py:188} INFO - [2026-06-10T22:55:50.045+0000] {dag.py:3954} INFO - Setting next_dagrun for tutorial_taskflow_api to None, run_after=None
[2026-06-10T22:55:50.068+0000] {processor.py:183} INFO - Processing /home/airflow/.local/lib/python3.12/site-packages/airflow/example_dags/tutorial_taskflow_api.py took 0.096 seconds
[2026-06-10T22:56:20.839+0000] {processor.py:161} INFO - Started process (PID=4918) to work on /home/airflow/.local/lib/python3.12/site-packages/airflow/example_dags/tutorial_taskflow_api.py
[2026-06-10T22:56:20.843+0000] {processor.py:830} INFO - Processing file /home/airflow/.local/lib/python3.12/site-packages/airflow/example_dags/tutorial_taskflow_api.py for tasks to queue
[2026-06-10T22:56:20.845+0000] {logging_mixin.py:188} INFO - [2026-06-10T22:56:20.845+0000] {dagbag.py:545} INFO - Filling up the DagBag from /home/airflow/.local/lib/python3.12/site-packages/airflow/example_dags/tutorial_taskflow_api.py
[2026-06-10T22:56:20.852+0000] {processor.py:840} INFO - DAG(s) 'tutorial_taskflow_api' retrieved from /home/airflow/.local/lib/python3.12/site-packages/airflow/example_dags/tutorial_taskflow_api.py
[2026-06-10T22:56:20.881+0000] {logging_mixin.py:188} INFO - [2026-06-10T22:56:20.881+0000] {dag.py:3096} INFO - Sync 1 DAGs
[2026-06-10T22:56:20.902+0000] {logging_mixin.py:188} INFO - [2026-06-10T22:56:20.902+0000] {dag.py:3954} INFO - Setting next_dagrun for tutorial_taskflow_api to None, run_after=None
[2026-06-10T22:56:20.929+0000] {processor.py:183} INFO - Processing /home/airflow/.local/lib/python3.12/site-packages/airflow/example_dags/tutorial_taskflow_api.py took 0.098 seconds
[2026-06-10T22:56:51.689+0000] {processor.py:161} INFO - Started process (PID=4978) to work on /home/airflow/.local/lib/python3.12/site-packages/airflow/example_dags/tutorial_taskflow_api.py
[2026-06-10T22:56:51.692+0000] {processor.py:830} INFO - Processing file /home/airflow/.local/lib/python3.12/site-packages/airflow/example_dags/tutorial_taskflow_api.py for tasks to queue
[2026-06-10T22:56:51.694+0000] {logging_mixin.py:188} INFO - [2026-06-10T22:56:51.694+0000] {dagbag.py:545} INFO - Filling up the DagBag from /home/airflow/.local/lib/python3.12/site-packages/airflow/example_dags/tutorial_taskflow_api.py
[2026-06-10T22:56:51.703+0000] {processor.py:840} INFO - DAG(s) 'tutorial_taskflow_api' retrieved from /home/airflow/.local/lib/python3.12/site-packages/airflow/example_dags/tutorial_taskflow_api.py
[2026-06-10T22:56:51.729+0000] {logging_mixin.py:188} INFO - [2026-06-10T22:56:51.728+0000] {dag.py:3096} INFO - Sync 1 DAGs
[2026-06-10T22:56:51.747+0000] {logging_mixin.py:188} INFO - [2026-06-10T22:56:51.747+0000] {dag.py:3954} INFO - Setting next_dagrun for tutorial_taskflow_api to None, run_after=None
[2026-06-10T22:56:51.810+0000] {processor.py:183} INFO - Processing /home/airflow/.local/lib/python3.12/site-packages/airflow/example_dags/tutorial_taskflow_api.py took 0.129 seconds
[2026-06-10T22:57:22.395+0000] {processor.py:161} INFO - Started process (PID=5039) to work on /home/airflow/.local/lib/python3.12/site-packages/airflow/example_dags/tutorial_taskflow_api.py
[2026-06-10T22:57:22.402+0000] {processor.py:830} INFO - Processing file /home/airflow/.local/lib/python3.12/site-packages/airflow/example_dags/tutorial_taskflow_api.py for tasks to queue
[2026-06-10T22:57:22.406+0000] {logging_mixin.py:188} INFO - [2026-06-10T22:57:22.406+0000] {dagbag.py:545} INFO - Filling up the DagBag from /home/airflow/.local/lib/python3.12/site-packages/airflow/example_dags/tutorial_taskflow_api.py
[2026-06-10T22:57:22.420+0000] {processor.py:840} INFO - DAG(s) 'tutorial_taskflow_api' retrieved from /home/airflow/.local/lib/python3.12/site-packages/airflow/example_dags/tutorial_taskflow_api.py
[2026-06-10T22:57:22.446+0000] {logging_mixin.py:188} INFO - [2026-06-10T22:57:22.446+0000] {dag.py:3096} INFO - Sync 1 DAGs
[2026-06-10T22:57:22.467+0000] {logging_mixin.py:188} INFO - [2026-06-10T22:57:22.466+0000] {dag.py:3954} INFO - Setting next_dagrun for tutorial_taskflow_api to None, run_after=None
[2026-06-10T22:57:22.513+0000] {processor.py:183} INFO - Processing /home/airflow/.local/lib/python3.12/site-packages/airflow/example_dags/tutorial_taskflow_api.py took 0.129 seconds
[2026-06-10T22:57:52.719+0000] {processor.py:161} INFO - Started process (PID=5099) to work on /home/airflow/.local/lib/python3.12/site-packages/airflow/example_dags/tutorial_taskflow_api.py
[2026-06-10T22:57:52.724+0000] {processor.py:830} INFO - Processing file /home/airflow/.local/lib/python3.12/site-packages/airflow/example_dags/tutorial_taskflow_api.py for tasks to queue
[2026-06-10T22:57:52.730+0000] {logging_mixin.py:188} INFO - [2026-06-10T22:57:52.730+0000] {dagbag.py:545} INFO - Filling up the DagBag from /home/airflow/.local/lib/python3.12/site-packages/airflow/example_dags/tutorial_taskflow_api.py
[2026-06-10T22:57:52.736+0000] {processor.py:840} INFO - DAG(s) 'tutorial_taskflow_api' retrieved from /home/airflow/.local/lib/python3.12/site-packages/airflow/example_dags/tutorial_taskflow_api.py
[2026-06-10T22:57:52.754+0000] {logging_mixin.py:188} INFO - [2026-06-10T22:57:52.753+0000] {dag.py:3096} INFO - Sync 1 DAGs
[2026-06-10T22:57:52.765+0000] {logging_mixin.py:188} INFO - [2026-06-10T22:57:52.765+0000] {dag.py:3954} INFO - Setting next_dagrun for tutorial_taskflow_api to None, run_after=None
[2026-06-10T22:57:52.782+0000] {processor.py:183} INFO - Processing /home/airflow/.local/lib/python3.12/site-packages/airflow/example_dags/tutorial_taskflow_api.py took 0.070 seconds
[2026-06-10T22:58:24.041+0000] {processor.py:161} INFO - Started process (PID=5160) to work on /home/airflow/.local/lib/python3.12/site-packages/airflow/example_dags/tutorial_taskflow_api.py
[2026-06-10T22:58:24.047+0000] {processor.py:830} INFO - Processing file /home/airflow/.local/lib/python3.12/site-packages/airflow/example_dags/tutorial_taskflow_api.py for tasks to queue
[2026-06-10T22:58:24.052+0000] {logging_mixin.py:188} INFO - [2026-06-10T22:58:24.050+0000] {dagbag.py:545} INFO - Filling up the DagBag from /home/airflow/.local/lib/python3.12/site-packages/airflow/example_dags/tutorial_taskflow_api.py
[2026-06-10T22:58:24.066+0000] {processor.py:840} INFO - DAG(s) 'tutorial_taskflow_api' retrieved from /home/airflow/.local/lib/python3.12/site-packages/airflow/example_dags/tutorial_taskflow_api.py
[2026-06-10T22:58:24.150+0000] {logging_mixin.py:188} INFO - [2026-06-10T22:58:24.150+0000] {dag.py:3096} INFO - Sync 1 DAGs
[2026-06-10T22:58:24.178+0000] {logging_mixin.py:188} INFO - [2026-06-10T22:58:24.176+0000] {dag.py:3954} INFO - Setting next_dagrun for tutorial_taskflow_api to None, run_after=None
[2026-06-10T22:58:24.253+0000] {processor.py:183} INFO - Processing /home/airflow/.local/lib/python3.12/site-packages/airflow/example_dags/tutorial_taskflow_api.py took 0.226 seconds
[2026-06-10T22:58:54.329+0000] {processor.py:161} INFO - Started process (PID=5220) to work on /home/airflow/.local/lib/python3.12/site-packages/airflow/example_dags/tutorial_taskflow_api.py
[2026-06-10T22:58:54.330+0000] {processor.py:830} INFO - Processing file /home/airflow/.local/lib/python3.12/site-packages/airflow/example_dags/tutorial_taskflow_api.py for tasks to queue
[2026-06-10T22:58:54.331+0000] {logging_mixin.py:188} INFO - [2026-06-10T22:58:54.331+0000] {dagbag.py:545} INFO - Filling up the DagBag from /home/airflow/.local/lib/python3.12/site-packages/airflow/example_dags/tutorial_taskflow_api.py
[2026-06-10T22:58:54.337+0000] {processor.py:840} INFO - DAG(s) 'tutorial_taskflow_api' retrieved from /home/airflow/.local/lib/python3.12/site-packages/airflow/example_dags/tutorial_taskflow_api.py
[2026-06-10T22:58:54.354+0000] {logging_mixin.py:188} INFO - [2026-06-10T22:58:54.354+0000] {dag.py:3096} INFO - Sync 1 DAGs
[2026-06-10T22:58:54.365+0000] {logging_mixin.py:188} INFO - [2026-06-10T22:58:54.365+0000] {dag.py:3954} INFO - Setting next_dagrun for tutorial_taskflow_api to None, run_after=None
[2026-06-10T22:58:54.384+0000] {processor.py:183} INFO - Processing /home/airflow/.local/lib/python3.12/site-packages/airflow/example_dags/tutorial_taskflow_api.py took 0.060 seconds
