[2026-06-10T21:51:36.641+0000] {processor.py:161} INFO - Started process (PID=121) to work on /home/airflow/.local/lib/python3.12/site-packages/airflow/example_dags/tutorial_objectstorage.py
[2026-06-10T21:51:36.651+0000] {processor.py:830} INFO - Processing file /home/airflow/.local/lib/python3.12/site-packages/airflow/example_dags/tutorial_objectstorage.py for tasks to queue
[2026-06-10T21:51:36.663+0000] {logging_mixin.py:188} INFO - [2026-06-10T21:51:36.663+0000] {dagbag.py:545} INFO - Filling up the DagBag from /home/airflow/.local/lib/python3.12/site-packages/airflow/example_dags/tutorial_objectstorage.py
[2026-06-10T21:51:36.731+0000] {processor.py:840} INFO - DAG(s) 'tutorial_objectstorage' retrieved from /home/airflow/.local/lib/python3.12/site-packages/airflow/example_dags/tutorial_objectstorage.py
[2026-06-10T21:51:37.117+0000] {logging_mixin.py:188} INFO - [2026-06-10T21:51:37.117+0000] {override.py:1829} INFO - Created Permission View: can edit on DAG:tutorial_objectstorage
[2026-06-10T21:51:37.142+0000] {logging_mixin.py:188} INFO - [2026-06-10T21:51:37.142+0000] {override.py:1829} INFO - Created Permission View: can read on DAG:tutorial_objectstorage
[2026-06-10T21:51:37.155+0000] {logging_mixin.py:188} INFO - [2026-06-10T21:51:37.155+0000] {override.py:1829} INFO - Created Permission View: can delete on DAG:tutorial_objectstorage
[2026-06-10T21:51:37.155+0000] {logging_mixin.py:188} INFO - [2026-06-10T21:51:37.155+0000] {dag.py:3096} INFO - Sync 1 DAGs
[2026-06-10T21:51:37.187+0000] {logging_mixin.py:188} INFO - [2026-06-10T21:51:37.187+0000] {dag.py:3118} INFO - Creating ORM DAG for tutorial_objectstorage
[2026-06-10T21:51:37.190+0000] {logging_mixin.py:188} INFO - [2026-06-10T21:51:37.190+0000] {dag.py:3954} INFO - Setting next_dagrun for tutorial_objectstorage to None, run_after=None
[2026-06-10T21:51:37.229+0000] {processor.py:183} INFO - Processing /home/airflow/.local/lib/python3.12/site-packages/airflow/example_dags/tutorial_objectstorage.py took 0.634 seconds
[2026-06-10T21:52:08.128+0000] {processor.py:161} INFO - Started process (PID=181) to work on /home/airflow/.local/lib/python3.12/site-packages/airflow/example_dags/tutorial_objectstorage.py
[2026-06-10T21:52:08.134+0000] {processor.py:830} INFO - Processing file /home/airflow/.local/lib/python3.12/site-packages/airflow/example_dags/tutorial_objectstorage.py for tasks to queue
[2026-06-10T21:52:08.150+0000] {logging_mixin.py:188} INFO - [2026-06-10T21:52:08.145+0000] {dagbag.py:545} INFO - Filling up the DagBag from /home/airflow/.local/lib/python3.12/site-packages/airflow/example_dags/tutorial_objectstorage.py
[2026-06-10T21:52:08.196+0000] {processor.py:840} INFO - DAG(s) 'tutorial_objectstorage' retrieved from /home/airflow/.local/lib/python3.12/site-packages/airflow/example_dags/tutorial_objectstorage.py
[2026-06-10T21:52:08.266+0000] {logging_mixin.py:188} INFO - [2026-06-10T21:52:08.258+0000] {dag.py:3096} INFO - Sync 1 DAGs
[2026-06-10T21:52:08.322+0000] {logging_mixin.py:188} INFO - [2026-06-10T21:52:08.322+0000] {dag.py:3954} INFO - Setting next_dagrun for tutorial_objectstorage to None, run_after=None
[2026-06-10T21:52:08.366+0000] {processor.py:183} INFO - Processing /home/airflow/.local/lib/python3.12/site-packages/airflow/example_dags/tutorial_objectstorage.py took 0.272 seconds
[2026-06-10T21:52:38.891+0000] {processor.py:161} INFO - Started process (PID=241) to work on /home/airflow/.local/lib/python3.12/site-packages/airflow/example_dags/tutorial_objectstorage.py
[2026-06-10T21:52:38.892+0000] {processor.py:830} INFO - Processing file /home/airflow/.local/lib/python3.12/site-packages/airflow/example_dags/tutorial_objectstorage.py for tasks to queue
[2026-06-10T21:52:38.893+0000] {logging_mixin.py:188} INFO - [2026-06-10T21:52:38.893+0000] {dagbag.py:545} INFO - Filling up the DagBag from /home/airflow/.local/lib/python3.12/site-packages/airflow/example_dags/tutorial_objectstorage.py
[2026-06-10T21:52:38.902+0000] {processor.py:840} INFO - DAG(s) 'tutorial_objectstorage' retrieved from /home/airflow/.local/lib/python3.12/site-packages/airflow/example_dags/tutorial_objectstorage.py
[2026-06-10T21:52:38.927+0000] {logging_mixin.py:188} INFO - [2026-06-10T21:52:38.927+0000] {dag.py:3096} INFO - Sync 1 DAGs
[2026-06-10T21:52:38.944+0000] {logging_mixin.py:188} INFO - [2026-06-10T21:52:38.944+0000] {dag.py:3954} INFO - Setting next_dagrun for tutorial_objectstorage to None, run_after=None
[2026-06-10T21:52:38.964+0000] {processor.py:183} INFO - Processing /home/airflow/.local/lib/python3.12/site-packages/airflow/example_dags/tutorial_objectstorage.py took 0.081 seconds
[2026-06-10T21:53:09.897+0000] {processor.py:161} INFO - Started process (PID=300) to work on /home/airflow/.local/lib/python3.12/site-packages/airflow/example_dags/tutorial_objectstorage.py
[2026-06-10T21:53:09.899+0000] {processor.py:830} INFO - Processing file /home/airflow/.local/lib/python3.12/site-packages/airflow/example_dags/tutorial_objectstorage.py for tasks to queue
[2026-06-10T21:53:09.901+0000] {logging_mixin.py:188} INFO - [2026-06-10T21:53:09.900+0000] {dagbag.py:545} INFO - Filling up the DagBag from /home/airflow/.local/lib/python3.12/site-packages/airflow/example_dags/tutorial_objectstorage.py
[2026-06-10T21:53:09.910+0000] {processor.py:840} INFO - DAG(s) 'tutorial_objectstorage' retrieved from /home/airflow/.local/lib/python3.12/site-packages/airflow/example_dags/tutorial_objectstorage.py
[2026-06-10T21:53:09.935+0000] {logging_mixin.py:188} INFO - [2026-06-10T21:53:09.934+0000] {dag.py:3096} INFO - Sync 1 DAGs
[2026-06-10T21:53:09.961+0000] {logging_mixin.py:188} INFO - [2026-06-10T21:53:09.960+0000] {dag.py:3954} INFO - Setting next_dagrun for tutorial_objectstorage to None, run_after=None
[2026-06-10T21:53:09.993+0000] {processor.py:183} INFO - Processing /home/airflow/.local/lib/python3.12/site-packages/airflow/example_dags/tutorial_objectstorage.py took 0.102 seconds
[2026-06-10T21:53:40.097+0000] {processor.py:161} INFO - Started process (PID=359) to work on /home/airflow/.local/lib/python3.12/site-packages/airflow/example_dags/tutorial_objectstorage.py
[2026-06-10T21:53:40.098+0000] {processor.py:830} INFO - Processing file /home/airflow/.local/lib/python3.12/site-packages/airflow/example_dags/tutorial_objectstorage.py for tasks to queue
[2026-06-10T21:53:40.100+0000] {logging_mixin.py:188} INFO - [2026-06-10T21:53:40.100+0000] {dagbag.py:545} INFO - Filling up the DagBag from /home/airflow/.local/lib/python3.12/site-packages/airflow/example_dags/tutorial_objectstorage.py
[2026-06-10T21:53:40.109+0000] {processor.py:840} INFO - DAG(s) 'tutorial_objectstorage' retrieved from /home/airflow/.local/lib/python3.12/site-packages/airflow/example_dags/tutorial_objectstorage.py
[2026-06-10T21:53:40.132+0000] {logging_mixin.py:188} INFO - [2026-06-10T21:53:40.132+0000] {dag.py:3096} INFO - Sync 1 DAGs
[2026-06-10T21:53:40.155+0000] {logging_mixin.py:188} INFO - [2026-06-10T21:53:40.154+0000] {dag.py:3954} INFO - Setting next_dagrun for tutorial_objectstorage to None, run_after=None
[2026-06-10T21:53:40.198+0000] {processor.py:183} INFO - Processing /home/airflow/.local/lib/python3.12/site-packages/airflow/example_dags/tutorial_objectstorage.py took 0.107 seconds
[2026-06-10T21:54:10.297+0000] {processor.py:161} INFO - Started process (PID=419) to work on /home/airflow/.local/lib/python3.12/site-packages/airflow/example_dags/tutorial_objectstorage.py
[2026-06-10T21:54:10.298+0000] {processor.py:830} INFO - Processing file /home/airflow/.local/lib/python3.12/site-packages/airflow/example_dags/tutorial_objectstorage.py for tasks to queue
[2026-06-10T21:54:10.300+0000] {logging_mixin.py:188} INFO - [2026-06-10T21:54:10.300+0000] {dagbag.py:545} INFO - Filling up the DagBag from /home/airflow/.local/lib/python3.12/site-packages/airflow/example_dags/tutorial_objectstorage.py
[2026-06-10T21:54:10.313+0000] {processor.py:840} INFO - DAG(s) 'tutorial_objectstorage' retrieved from /home/airflow/.local/lib/python3.12/site-packages/airflow/example_dags/tutorial_objectstorage.py
[2026-06-10T21:54:10.340+0000] {logging_mixin.py:188} INFO - [2026-06-10T21:54:10.340+0000] {dag.py:3096} INFO - Sync 1 DAGs
[2026-06-10T21:54:10.359+0000] {logging_mixin.py:188} INFO - [2026-06-10T21:54:10.359+0000] {dag.py:3954} INFO - Setting next_dagrun for tutorial_objectstorage to None, run_after=None
[2026-06-10T21:54:10.402+0000] {processor.py:183} INFO - Processing /home/airflow/.local/lib/python3.12/site-packages/airflow/example_dags/tutorial_objectstorage.py took 0.113 seconds
[2026-06-10T21:54:40.778+0000] {processor.py:161} INFO - Started process (PID=478) to work on /home/airflow/.local/lib/python3.12/site-packages/airflow/example_dags/tutorial_objectstorage.py
[2026-06-10T21:54:40.779+0000] {processor.py:830} INFO - Processing file /home/airflow/.local/lib/python3.12/site-packages/airflow/example_dags/tutorial_objectstorage.py for tasks to queue
[2026-06-10T21:54:40.781+0000] {logging_mixin.py:188} INFO - [2026-06-10T21:54:40.781+0000] {dagbag.py:545} INFO - Filling up the DagBag from /home/airflow/.local/lib/python3.12/site-packages/airflow/example_dags/tutorial_objectstorage.py
[2026-06-10T21:54:40.791+0000] {processor.py:840} INFO - DAG(s) 'tutorial_objectstorage' retrieved from /home/airflow/.local/lib/python3.12/site-packages/airflow/example_dags/tutorial_objectstorage.py
[2026-06-10T21:54:40.900+0000] {logging_mixin.py:188} INFO - [2026-06-10T21:54:40.899+0000] {dag.py:3096} INFO - Sync 1 DAGs
[2026-06-10T21:54:40.966+0000] {logging_mixin.py:188} INFO - [2026-06-10T21:54:40.964+0000] {dag.py:3954} INFO - Setting next_dagrun for tutorial_objectstorage to None, run_after=None
[2026-06-10T21:54:41.065+0000] {processor.py:183} INFO - Processing /home/airflow/.local/lib/python3.12/site-packages/airflow/example_dags/tutorial_objectstorage.py took 0.295 seconds
[2026-06-10T21:55:11.973+0000] {processor.py:161} INFO - Started process (PID=539) to work on /home/airflow/.local/lib/python3.12/site-packages/airflow/example_dags/tutorial_objectstorage.py
[2026-06-10T21:55:11.974+0000] {processor.py:830} INFO - Processing file /home/airflow/.local/lib/python3.12/site-packages/airflow/example_dags/tutorial_objectstorage.py for tasks to queue
[2026-06-10T21:55:11.976+0000] {logging_mixin.py:188} INFO - [2026-06-10T21:55:11.976+0000] {dagbag.py:545} INFO - Filling up the DagBag from /home/airflow/.local/lib/python3.12/site-packages/airflow/example_dags/tutorial_objectstorage.py
[2026-06-10T21:55:11.985+0000] {processor.py:840} INFO - DAG(s) 'tutorial_objectstorage' retrieved from /home/airflow/.local/lib/python3.12/site-packages/airflow/example_dags/tutorial_objectstorage.py
[2026-06-10T21:55:12.013+0000] {logging_mixin.py:188} INFO - [2026-06-10T21:55:12.013+0000] {dag.py:3096} INFO - Sync 1 DAGs
[2026-06-10T21:55:12.039+0000] {logging_mixin.py:188} INFO - [2026-06-10T21:55:12.038+0000] {dag.py:3954} INFO - Setting next_dagrun for tutorial_objectstorage to None, run_after=None
[2026-06-10T21:55:12.088+0000] {processor.py:183} INFO - Processing /home/airflow/.local/lib/python3.12/site-packages/airflow/example_dags/tutorial_objectstorage.py took 0.122 seconds
[2026-06-10T21:55:42.797+0000] {processor.py:161} INFO - Started process (PID=599) to work on /home/airflow/.local/lib/python3.12/site-packages/airflow/example_dags/tutorial_objectstorage.py
[2026-06-10T21:55:42.798+0000] {processor.py:830} INFO - Processing file /home/airflow/.local/lib/python3.12/site-packages/airflow/example_dags/tutorial_objectstorage.py for tasks to queue
[2026-06-10T21:55:42.800+0000] {logging_mixin.py:188} INFO - [2026-06-10T21:55:42.800+0000] {dagbag.py:545} INFO - Filling up the DagBag from /home/airflow/.local/lib/python3.12/site-packages/airflow/example_dags/tutorial_objectstorage.py
[2026-06-10T21:55:42.808+0000] {processor.py:840} INFO - DAG(s) 'tutorial_objectstorage' retrieved from /home/airflow/.local/lib/python3.12/site-packages/airflow/example_dags/tutorial_objectstorage.py
[2026-06-10T21:55:42.831+0000] {logging_mixin.py:188} INFO - [2026-06-10T21:55:42.831+0000] {dag.py:3096} INFO - Sync 1 DAGs
[2026-06-10T21:55:42.862+0000] {logging_mixin.py:188} INFO - [2026-06-10T21:55:42.862+0000] {dag.py:3954} INFO - Setting next_dagrun for tutorial_objectstorage to None, run_after=None
[2026-06-10T21:55:42.920+0000] {processor.py:183} INFO - Processing /home/airflow/.local/lib/python3.12/site-packages/airflow/example_dags/tutorial_objectstorage.py took 0.137 seconds
[2026-06-10T21:56:13.825+0000] {processor.py:161} INFO - Started process (PID=660) to work on /home/airflow/.local/lib/python3.12/site-packages/airflow/example_dags/tutorial_objectstorage.py
[2026-06-10T21:56:13.827+0000] {processor.py:830} INFO - Processing file /home/airflow/.local/lib/python3.12/site-packages/airflow/example_dags/tutorial_objectstorage.py for tasks to queue
[2026-06-10T21:56:13.831+0000] {logging_mixin.py:188} INFO - [2026-06-10T21:56:13.831+0000] {dagbag.py:545} INFO - Filling up the DagBag from /home/airflow/.local/lib/python3.12/site-packages/airflow/example_dags/tutorial_objectstorage.py
[2026-06-10T21:56:13.848+0000] {processor.py:840} INFO - DAG(s) 'tutorial_objectstorage' retrieved from /home/airflow/.local/lib/python3.12/site-packages/airflow/example_dags/tutorial_objectstorage.py
[2026-06-10T21:56:13.933+0000] {logging_mixin.py:188} INFO - [2026-06-10T21:56:13.933+0000] {dag.py:3096} INFO - Sync 1 DAGs
[2026-06-10T21:56:14.013+0000] {logging_mixin.py:188} INFO - [2026-06-10T21:56:14.013+0000] {dag.py:3954} INFO - Setting next_dagrun for tutorial_objectstorage to None, run_after=None
[2026-06-10T21:56:14.054+0000] {processor.py:183} INFO - Processing /home/airflow/.local/lib/python3.12/site-packages/airflow/example_dags/tutorial_objectstorage.py took 0.244 seconds
[2026-06-10T21:56:44.100+0000] {processor.py:161} INFO - Started process (PID=719) to work on /home/airflow/.local/lib/python3.12/site-packages/airflow/example_dags/tutorial_objectstorage.py
[2026-06-10T21:56:44.101+0000] {processor.py:830} INFO - Processing file /home/airflow/.local/lib/python3.12/site-packages/airflow/example_dags/tutorial_objectstorage.py for tasks to queue
[2026-06-10T21:56:44.102+0000] {logging_mixin.py:188} INFO - [2026-06-10T21:56:44.102+0000] {dagbag.py:545} INFO - Filling up the DagBag from /home/airflow/.local/lib/python3.12/site-packages/airflow/example_dags/tutorial_objectstorage.py
[2026-06-10T21:56:44.108+0000] {processor.py:840} INFO - DAG(s) 'tutorial_objectstorage' retrieved from /home/airflow/.local/lib/python3.12/site-packages/airflow/example_dags/tutorial_objectstorage.py
[2026-06-10T21:56:44.125+0000] {logging_mixin.py:188} INFO - [2026-06-10T21:56:44.125+0000] {dag.py:3096} INFO - Sync 1 DAGs
[2026-06-10T21:56:44.136+0000] {logging_mixin.py:188} INFO - [2026-06-10T21:56:44.136+0000] {dag.py:3954} INFO - Setting next_dagrun for tutorial_objectstorage to None, run_after=None
[2026-06-10T21:56:44.151+0000] {processor.py:183} INFO - Processing /home/airflow/.local/lib/python3.12/site-packages/airflow/example_dags/tutorial_objectstorage.py took 0.056 seconds
[2026-06-10T21:57:14.608+0000] {processor.py:161} INFO - Started process (PID=778) to work on /home/airflow/.local/lib/python3.12/site-packages/airflow/example_dags/tutorial_objectstorage.py
[2026-06-10T21:57:14.609+0000] {processor.py:830} INFO - Processing file /home/airflow/.local/lib/python3.12/site-packages/airflow/example_dags/tutorial_objectstorage.py for tasks to queue
[2026-06-10T21:57:14.611+0000] {logging_mixin.py:188} INFO - [2026-06-10T21:57:14.610+0000] {dagbag.py:545} INFO - Filling up the DagBag from /home/airflow/.local/lib/python3.12/site-packages/airflow/example_dags/tutorial_objectstorage.py
[2026-06-10T21:57:14.619+0000] {processor.py:840} INFO - DAG(s) 'tutorial_objectstorage' retrieved from /home/airflow/.local/lib/python3.12/site-packages/airflow/example_dags/tutorial_objectstorage.py
[2026-06-10T21:57:14.644+0000] {logging_mixin.py:188} INFO - [2026-06-10T21:57:14.643+0000] {dag.py:3096} INFO - Sync 1 DAGs
[2026-06-10T21:57:14.660+0000] {logging_mixin.py:188} INFO - [2026-06-10T21:57:14.660+0000] {dag.py:3954} INFO - Setting next_dagrun for tutorial_objectstorage to None, run_after=None
[2026-06-10T21:57:14.682+0000] {processor.py:183} INFO - Processing /home/airflow/.local/lib/python3.12/site-packages/airflow/example_dags/tutorial_objectstorage.py took 0.081 seconds
[2026-06-10T21:57:44.905+0000] {processor.py:161} INFO - Started process (PID=837) to work on /home/airflow/.local/lib/python3.12/site-packages/airflow/example_dags/tutorial_objectstorage.py
[2026-06-10T21:57:44.906+0000] {processor.py:830} INFO - Processing file /home/airflow/.local/lib/python3.12/site-packages/airflow/example_dags/tutorial_objectstorage.py for tasks to queue
[2026-06-10T21:57:44.908+0000] {logging_mixin.py:188} INFO - [2026-06-10T21:57:44.908+0000] {dagbag.py:545} INFO - Filling up the DagBag from /home/airflow/.local/lib/python3.12/site-packages/airflow/example_dags/tutorial_objectstorage.py
[2026-06-10T21:57:44.917+0000] {processor.py:840} INFO - DAG(s) 'tutorial_objectstorage' retrieved from /home/airflow/.local/lib/python3.12/site-packages/airflow/example_dags/tutorial_objectstorage.py
[2026-06-10T21:57:44.945+0000] {logging_mixin.py:188} INFO - [2026-06-10T21:57:44.945+0000] {dag.py:3096} INFO - Sync 1 DAGs
[2026-06-10T21:57:44.963+0000] {logging_mixin.py:188} INFO - [2026-06-10T21:57:44.962+0000] {dag.py:3954} INFO - Setting next_dagrun for tutorial_objectstorage to None, run_after=None
[2026-06-10T21:57:45.013+0000] {processor.py:183} INFO - Processing /home/airflow/.local/lib/python3.12/site-packages/airflow/example_dags/tutorial_objectstorage.py took 0.117 seconds
[2026-06-10T21:58:15.150+0000] {processor.py:161} INFO - Started process (PID=896) to work on /home/airflow/.local/lib/python3.12/site-packages/airflow/example_dags/tutorial_objectstorage.py
[2026-06-10T21:58:15.151+0000] {processor.py:830} INFO - Processing file /home/airflow/.local/lib/python3.12/site-packages/airflow/example_dags/tutorial_objectstorage.py for tasks to queue
[2026-06-10T21:58:15.152+0000] {logging_mixin.py:188} INFO - [2026-06-10T21:58:15.152+0000] {dagbag.py:545} INFO - Filling up the DagBag from /home/airflow/.local/lib/python3.12/site-packages/airflow/example_dags/tutorial_objectstorage.py
[2026-06-10T21:58:15.158+0000] {processor.py:840} INFO - DAG(s) 'tutorial_objectstorage' retrieved from /home/airflow/.local/lib/python3.12/site-packages/airflow/example_dags/tutorial_objectstorage.py
[2026-06-10T21:58:15.175+0000] {logging_mixin.py:188} INFO - [2026-06-10T21:58:15.175+0000] {dag.py:3096} INFO - Sync 1 DAGs
[2026-06-10T21:58:15.186+0000] {logging_mixin.py:188} INFO - [2026-06-10T21:58:15.186+0000] {dag.py:3954} INFO - Setting next_dagrun for tutorial_objectstorage to None, run_after=None
[2026-06-10T21:58:15.202+0000] {processor.py:183} INFO - Processing /home/airflow/.local/lib/python3.12/site-packages/airflow/example_dags/tutorial_objectstorage.py took 0.058 seconds
[2026-06-10T21:58:45.581+0000] {processor.py:161} INFO - Started process (PID=955) to work on /home/airflow/.local/lib/python3.12/site-packages/airflow/example_dags/tutorial_objectstorage.py
[2026-06-10T21:58:45.582+0000] {processor.py:830} INFO - Processing file /home/airflow/.local/lib/python3.12/site-packages/airflow/example_dags/tutorial_objectstorage.py for tasks to queue
[2026-06-10T21:58:45.584+0000] {logging_mixin.py:188} INFO - [2026-06-10T21:58:45.584+0000] {dagbag.py:545} INFO - Filling up the DagBag from /home/airflow/.local/lib/python3.12/site-packages/airflow/example_dags/tutorial_objectstorage.py
[2026-06-10T21:58:45.592+0000] {processor.py:840} INFO - DAG(s) 'tutorial_objectstorage' retrieved from /home/airflow/.local/lib/python3.12/site-packages/airflow/example_dags/tutorial_objectstorage.py
[2026-06-10T21:58:45.616+0000] {logging_mixin.py:188} INFO - [2026-06-10T21:58:45.616+0000] {dag.py:3096} INFO - Sync 1 DAGs
[2026-06-10T21:58:45.633+0000] {logging_mixin.py:188} INFO - [2026-06-10T21:58:45.633+0000] {dag.py:3954} INFO - Setting next_dagrun for tutorial_objectstorage to None, run_after=None
[2026-06-10T21:58:45.659+0000] {processor.py:183} INFO - Processing /home/airflow/.local/lib/python3.12/site-packages/airflow/example_dags/tutorial_objectstorage.py took 0.084 seconds
[2026-06-10T21:59:15.854+0000] {processor.py:161} INFO - Started process (PID=1014) to work on /home/airflow/.local/lib/python3.12/site-packages/airflow/example_dags/tutorial_objectstorage.py
[2026-06-10T21:59:15.855+0000] {processor.py:830} INFO - Processing file /home/airflow/.local/lib/python3.12/site-packages/airflow/example_dags/tutorial_objectstorage.py for tasks to queue
[2026-06-10T21:59:15.857+0000] {logging_mixin.py:188} INFO - [2026-06-10T21:59:15.857+0000] {dagbag.py:545} INFO - Filling up the DagBag from /home/airflow/.local/lib/python3.12/site-packages/airflow/example_dags/tutorial_objectstorage.py
[2026-06-10T21:59:15.866+0000] {processor.py:840} INFO - DAG(s) 'tutorial_objectstorage' retrieved from /home/airflow/.local/lib/python3.12/site-packages/airflow/example_dags/tutorial_objectstorage.py
[2026-06-10T21:59:15.900+0000] {logging_mixin.py:188} INFO - [2026-06-10T21:59:15.900+0000] {dag.py:3096} INFO - Sync 1 DAGs
[2026-06-10T21:59:15.917+0000] {logging_mixin.py:188} INFO - [2026-06-10T21:59:15.917+0000] {dag.py:3954} INFO - Setting next_dagrun for tutorial_objectstorage to None, run_after=None
[2026-06-10T21:59:15.955+0000] {processor.py:183} INFO - Processing /home/airflow/.local/lib/python3.12/site-packages/airflow/example_dags/tutorial_objectstorage.py took 0.108 seconds
[2026-06-10T21:59:46.588+0000] {processor.py:161} INFO - Started process (PID=1073) to work on /home/airflow/.local/lib/python3.12/site-packages/airflow/example_dags/tutorial_objectstorage.py
[2026-06-10T21:59:46.589+0000] {processor.py:830} INFO - Processing file /home/airflow/.local/lib/python3.12/site-packages/airflow/example_dags/tutorial_objectstorage.py for tasks to queue
[2026-06-10T21:59:46.591+0000] {logging_mixin.py:188} INFO - [2026-06-10T21:59:46.591+0000] {dagbag.py:545} INFO - Filling up the DagBag from /home/airflow/.local/lib/python3.12/site-packages/airflow/example_dags/tutorial_objectstorage.py
[2026-06-10T21:59:46.600+0000] {processor.py:840} INFO - DAG(s) 'tutorial_objectstorage' retrieved from /home/airflow/.local/lib/python3.12/site-packages/airflow/example_dags/tutorial_objectstorage.py
[2026-06-10T21:59:46.625+0000] {logging_mixin.py:188} INFO - [2026-06-10T21:59:46.625+0000] {dag.py:3096} INFO - Sync 1 DAGs
[2026-06-10T21:59:46.641+0000] {logging_mixin.py:188} INFO - [2026-06-10T21:59:46.641+0000] {dag.py:3954} INFO - Setting next_dagrun for tutorial_objectstorage to None, run_after=None
[2026-06-10T21:59:46.661+0000] {processor.py:183} INFO - Processing /home/airflow/.local/lib/python3.12/site-packages/airflow/example_dags/tutorial_objectstorage.py took 0.080 seconds
[2026-06-10T22:00:17.349+0000] {processor.py:161} INFO - Started process (PID=1132) to work on /home/airflow/.local/lib/python3.12/site-packages/airflow/example_dags/tutorial_objectstorage.py
[2026-06-10T22:00:17.350+0000] {processor.py:830} INFO - Processing file /home/airflow/.local/lib/python3.12/site-packages/airflow/example_dags/tutorial_objectstorage.py for tasks to queue
[2026-06-10T22:00:17.352+0000] {logging_mixin.py:188} INFO - [2026-06-10T22:00:17.351+0000] {dagbag.py:545} INFO - Filling up the DagBag from /home/airflow/.local/lib/python3.12/site-packages/airflow/example_dags/tutorial_objectstorage.py
[2026-06-10T22:00:17.360+0000] {processor.py:840} INFO - DAG(s) 'tutorial_objectstorage' retrieved from /home/airflow/.local/lib/python3.12/site-packages/airflow/example_dags/tutorial_objectstorage.py
[2026-06-10T22:00:17.385+0000] {logging_mixin.py:188} INFO - [2026-06-10T22:00:17.384+0000] {dag.py:3096} INFO - Sync 1 DAGs
[2026-06-10T22:00:17.401+0000] {logging_mixin.py:188} INFO - [2026-06-10T22:00:17.401+0000] {dag.py:3954} INFO - Setting next_dagrun for tutorial_objectstorage to None, run_after=None
[2026-06-10T22:00:17.421+0000] {processor.py:183} INFO - Processing /home/airflow/.local/lib/python3.12/site-packages/airflow/example_dags/tutorial_objectstorage.py took 0.079 seconds
[2026-06-10T22:00:47.668+0000] {processor.py:161} INFO - Started process (PID=1191) to work on /home/airflow/.local/lib/python3.12/site-packages/airflow/example_dags/tutorial_objectstorage.py
[2026-06-10T22:00:47.669+0000] {processor.py:830} INFO - Processing file /home/airflow/.local/lib/python3.12/site-packages/airflow/example_dags/tutorial_objectstorage.py for tasks to queue
[2026-06-10T22:00:47.672+0000] {logging_mixin.py:188} INFO - [2026-06-10T22:00:47.671+0000] {dagbag.py:545} INFO - Filling up the DagBag from /home/airflow/.local/lib/python3.12/site-packages/airflow/example_dags/tutorial_objectstorage.py
[2026-06-10T22:00:47.681+0000] {processor.py:840} INFO - DAG(s) 'tutorial_objectstorage' retrieved from /home/airflow/.local/lib/python3.12/site-packages/airflow/example_dags/tutorial_objectstorage.py
[2026-06-10T22:00:47.740+0000] {logging_mixin.py:188} INFO - [2026-06-10T22:00:47.740+0000] {dag.py:3096} INFO - Sync 1 DAGs
[2026-06-10T22:00:47.772+0000] {logging_mixin.py:188} INFO - [2026-06-10T22:00:47.772+0000] {dag.py:3954} INFO - Setting next_dagrun for tutorial_objectstorage to None, run_after=None
[2026-06-10T22:00:47.909+0000] {processor.py:183} INFO - Processing /home/airflow/.local/lib/python3.12/site-packages/airflow/example_dags/tutorial_objectstorage.py took 0.254 seconds
[2026-06-10T22:01:18.440+0000] {processor.py:161} INFO - Started process (PID=1251) to work on /home/airflow/.local/lib/python3.12/site-packages/airflow/example_dags/tutorial_objectstorage.py
[2026-06-10T22:01:18.440+0000] {processor.py:830} INFO - Processing file /home/airflow/.local/lib/python3.12/site-packages/airflow/example_dags/tutorial_objectstorage.py for tasks to queue
[2026-06-10T22:01:18.443+0000] {logging_mixin.py:188} INFO - [2026-06-10T22:01:18.442+0000] {dagbag.py:545} INFO - Filling up the DagBag from /home/airflow/.local/lib/python3.12/site-packages/airflow/example_dags/tutorial_objectstorage.py
[2026-06-10T22:01:18.451+0000] {processor.py:840} INFO - DAG(s) 'tutorial_objectstorage' retrieved from /home/airflow/.local/lib/python3.12/site-packages/airflow/example_dags/tutorial_objectstorage.py
[2026-06-10T22:01:18.479+0000] {logging_mixin.py:188} INFO - [2026-06-10T22:01:18.479+0000] {dag.py:3096} INFO - Sync 1 DAGs
[2026-06-10T22:01:18.496+0000] {logging_mixin.py:188} INFO - [2026-06-10T22:01:18.495+0000] {dag.py:3954} INFO - Setting next_dagrun for tutorial_objectstorage to None, run_after=None
[2026-06-10T22:01:18.515+0000] {processor.py:183} INFO - Processing /home/airflow/.local/lib/python3.12/site-packages/airflow/example_dags/tutorial_objectstorage.py took 0.082 seconds
[2026-06-10T22:01:48.745+0000] {processor.py:161} INFO - Started process (PID=1311) to work on /home/airflow/.local/lib/python3.12/site-packages/airflow/example_dags/tutorial_objectstorage.py
[2026-06-10T22:01:48.746+0000] {processor.py:830} INFO - Processing file /home/airflow/.local/lib/python3.12/site-packages/airflow/example_dags/tutorial_objectstorage.py for tasks to queue
[2026-06-10T22:01:48.749+0000] {logging_mixin.py:188} INFO - [2026-06-10T22:01:48.748+0000] {dagbag.py:545} INFO - Filling up the DagBag from /home/airflow/.local/lib/python3.12/site-packages/airflow/example_dags/tutorial_objectstorage.py
[2026-06-10T22:01:48.758+0000] {processor.py:840} INFO - DAG(s) 'tutorial_objectstorage' retrieved from /home/airflow/.local/lib/python3.12/site-packages/airflow/example_dags/tutorial_objectstorage.py
[2026-06-10T22:01:48.784+0000] {logging_mixin.py:188} INFO - [2026-06-10T22:01:48.783+0000] {dag.py:3096} INFO - Sync 1 DAGs
[2026-06-10T22:01:48.800+0000] {logging_mixin.py:188} INFO - [2026-06-10T22:01:48.800+0000] {dag.py:3954} INFO - Setting next_dagrun for tutorial_objectstorage to None, run_after=None
[2026-06-10T22:01:48.830+0000] {processor.py:183} INFO - Processing /home/airflow/.local/lib/python3.12/site-packages/airflow/example_dags/tutorial_objectstorage.py took 0.102 seconds
[2026-06-10T22:02:18.988+0000] {processor.py:161} INFO - Started process (PID=1371) to work on /home/airflow/.local/lib/python3.12/site-packages/airflow/example_dags/tutorial_objectstorage.py
[2026-06-10T22:02:18.989+0000] {processor.py:830} INFO - Processing file /home/airflow/.local/lib/python3.12/site-packages/airflow/example_dags/tutorial_objectstorage.py for tasks to queue
[2026-06-10T22:02:18.991+0000] {logging_mixin.py:188} INFO - [2026-06-10T22:02:18.991+0000] {dagbag.py:545} INFO - Filling up the DagBag from /home/airflow/.local/lib/python3.12/site-packages/airflow/example_dags/tutorial_objectstorage.py
[2026-06-10T22:02:18.999+0000] {processor.py:840} INFO - DAG(s) 'tutorial_objectstorage' retrieved from /home/airflow/.local/lib/python3.12/site-packages/airflow/example_dags/tutorial_objectstorage.py
[2026-06-10T22:02:19.025+0000] {logging_mixin.py:188} INFO - [2026-06-10T22:02:19.024+0000] {dag.py:3096} INFO - Sync 1 DAGs
[2026-06-10T22:02:19.042+0000] {logging_mixin.py:188} INFO - [2026-06-10T22:02:19.042+0000] {dag.py:3954} INFO - Setting next_dagrun for tutorial_objectstorage to None, run_after=None
[2026-06-10T22:02:19.062+0000] {processor.py:183} INFO - Processing /home/airflow/.local/lib/python3.12/site-packages/airflow/example_dags/tutorial_objectstorage.py took 0.081 seconds
[2026-06-10T22:02:49.120+0000] {processor.py:161} INFO - Started process (PID=1429) to work on /home/airflow/.local/lib/python3.12/site-packages/airflow/example_dags/tutorial_objectstorage.py
[2026-06-10T22:02:49.122+0000] {processor.py:830} INFO - Processing file /home/airflow/.local/lib/python3.12/site-packages/airflow/example_dags/tutorial_objectstorage.py for tasks to queue
[2026-06-10T22:02:49.131+0000] {logging_mixin.py:188} INFO - [2026-06-10T22:02:49.131+0000] {dagbag.py:545} INFO - Filling up the DagBag from /home/airflow/.local/lib/python3.12/site-packages/airflow/example_dags/tutorial_objectstorage.py
[2026-06-10T22:02:49.156+0000] {processor.py:840} INFO - DAG(s) 'tutorial_objectstorage' retrieved from /home/airflow/.local/lib/python3.12/site-packages/airflow/example_dags/tutorial_objectstorage.py
[2026-06-10T22:02:49.231+0000] {logging_mixin.py:188} INFO - [2026-06-10T22:02:49.229+0000] {dag.py:3096} INFO - Sync 1 DAGs
[2026-06-10T22:02:49.270+0000] {logging_mixin.py:188} INFO - [2026-06-10T22:02:49.270+0000] {dag.py:3954} INFO - Setting next_dagrun for tutorial_objectstorage to None, run_after=None
[2026-06-10T22:02:49.339+0000] {processor.py:183} INFO - Processing /home/airflow/.local/lib/python3.12/site-packages/airflow/example_dags/tutorial_objectstorage.py took 0.242 seconds
[2026-06-10T22:03:19.990+0000] {processor.py:161} INFO - Started process (PID=1495) to work on /home/airflow/.local/lib/python3.12/site-packages/airflow/example_dags/tutorial_objectstorage.py
[2026-06-10T22:03:19.991+0000] {processor.py:830} INFO - Processing file /home/airflow/.local/lib/python3.12/site-packages/airflow/example_dags/tutorial_objectstorage.py for tasks to queue
[2026-06-10T22:03:19.993+0000] {logging_mixin.py:188} INFO - [2026-06-10T22:03:19.993+0000] {dagbag.py:545} INFO - Filling up the DagBag from /home/airflow/.local/lib/python3.12/site-packages/airflow/example_dags/tutorial_objectstorage.py
[2026-06-10T22:03:20.002+0000] {processor.py:840} INFO - DAG(s) 'tutorial_objectstorage' retrieved from /home/airflow/.local/lib/python3.12/site-packages/airflow/example_dags/tutorial_objectstorage.py
[2026-06-10T22:03:20.024+0000] {logging_mixin.py:188} INFO - [2026-06-10T22:03:20.024+0000] {dag.py:3096} INFO - Sync 1 DAGs
[2026-06-10T22:03:20.041+0000] {logging_mixin.py:188} INFO - [2026-06-10T22:03:20.041+0000] {dag.py:3954} INFO - Setting next_dagrun for tutorial_objectstorage to None, run_after=None
[2026-06-10T22:03:20.062+0000] {processor.py:183} INFO - Processing /home/airflow/.local/lib/python3.12/site-packages/airflow/example_dags/tutorial_objectstorage.py took 0.080 seconds
[2026-06-10T22:03:51.037+0000] {processor.py:161} INFO - Started process (PID=1555) to work on /home/airflow/.local/lib/python3.12/site-packages/airflow/example_dags/tutorial_objectstorage.py
[2026-06-10T22:03:51.038+0000] {processor.py:830} INFO - Processing file /home/airflow/.local/lib/python3.12/site-packages/airflow/example_dags/tutorial_objectstorage.py for tasks to queue
[2026-06-10T22:03:51.042+0000] {logging_mixin.py:188} INFO - [2026-06-10T22:03:51.041+0000] {dagbag.py:545} INFO - Filling up the DagBag from /home/airflow/.local/lib/python3.12/site-packages/airflow/example_dags/tutorial_objectstorage.py
[2026-06-10T22:03:51.053+0000] {processor.py:840} INFO - DAG(s) 'tutorial_objectstorage' retrieved from /home/airflow/.local/lib/python3.12/site-packages/airflow/example_dags/tutorial_objectstorage.py
[2026-06-10T22:03:51.087+0000] {logging_mixin.py:188} INFO - [2026-06-10T22:03:51.086+0000] {dag.py:3096} INFO - Sync 1 DAGs
[2026-06-10T22:03:51.108+0000] {logging_mixin.py:188} INFO - [2026-06-10T22:03:51.107+0000] {dag.py:3954} INFO - Setting next_dagrun for tutorial_objectstorage to None, run_after=None
[2026-06-10T22:03:51.138+0000] {processor.py:183} INFO - Processing /home/airflow/.local/lib/python3.12/site-packages/airflow/example_dags/tutorial_objectstorage.py took 0.112 seconds
[2026-06-10T22:04:22.039+0000] {processor.py:161} INFO - Started process (PID=1616) to work on /home/airflow/.local/lib/python3.12/site-packages/airflow/example_dags/tutorial_objectstorage.py
[2026-06-10T22:04:22.041+0000] {processor.py:830} INFO - Processing file /home/airflow/.local/lib/python3.12/site-packages/airflow/example_dags/tutorial_objectstorage.py for tasks to queue
[2026-06-10T22:04:22.045+0000] {logging_mixin.py:188} INFO - [2026-06-10T22:04:22.045+0000] {dagbag.py:545} INFO - Filling up the DagBag from /home/airflow/.local/lib/python3.12/site-packages/airflow/example_dags/tutorial_objectstorage.py
[2026-06-10T22:04:22.054+0000] {processor.py:840} INFO - DAG(s) 'tutorial_objectstorage' retrieved from /home/airflow/.local/lib/python3.12/site-packages/airflow/example_dags/tutorial_objectstorage.py
[2026-06-10T22:04:22.077+0000] {logging_mixin.py:188} INFO - [2026-06-10T22:04:22.077+0000] {dag.py:3096} INFO - Sync 1 DAGs
[2026-06-10T22:04:22.093+0000] {logging_mixin.py:188} INFO - [2026-06-10T22:04:22.093+0000] {dag.py:3954} INFO - Setting next_dagrun for tutorial_objectstorage to None, run_after=None
[2026-06-10T22:04:22.127+0000] {processor.py:183} INFO - Processing /home/airflow/.local/lib/python3.12/site-packages/airflow/example_dags/tutorial_objectstorage.py took 0.096 seconds
[2026-06-10T22:04:52.220+0000] {processor.py:161} INFO - Started process (PID=1675) to work on /home/airflow/.local/lib/python3.12/site-packages/airflow/example_dags/tutorial_objectstorage.py
[2026-06-10T22:04:52.221+0000] {processor.py:830} INFO - Processing file /home/airflow/.local/lib/python3.12/site-packages/airflow/example_dags/tutorial_objectstorage.py for tasks to queue
[2026-06-10T22:04:52.223+0000] {logging_mixin.py:188} INFO - [2026-06-10T22:04:52.222+0000] {dagbag.py:545} INFO - Filling up the DagBag from /home/airflow/.local/lib/python3.12/site-packages/airflow/example_dags/tutorial_objectstorage.py
[2026-06-10T22:04:52.229+0000] {processor.py:840} INFO - DAG(s) 'tutorial_objectstorage' retrieved from /home/airflow/.local/lib/python3.12/site-packages/airflow/example_dags/tutorial_objectstorage.py
[2026-06-10T22:04:52.246+0000] {logging_mixin.py:188} INFO - [2026-06-10T22:04:52.245+0000] {dag.py:3096} INFO - Sync 1 DAGs
[2026-06-10T22:04:52.256+0000] {logging_mixin.py:188} INFO - [2026-06-10T22:04:52.256+0000] {dag.py:3954} INFO - Setting next_dagrun for tutorial_objectstorage to None, run_after=None
[2026-06-10T22:04:52.271+0000] {processor.py:183} INFO - Processing /home/airflow/.local/lib/python3.12/site-packages/airflow/example_dags/tutorial_objectstorage.py took 0.056 seconds
[2026-06-10T22:05:22.689+0000] {processor.py:161} INFO - Started process (PID=1735) to work on /home/airflow/.local/lib/python3.12/site-packages/airflow/example_dags/tutorial_objectstorage.py
[2026-06-10T22:05:22.690+0000] {processor.py:830} INFO - Processing file /home/airflow/.local/lib/python3.12/site-packages/airflow/example_dags/tutorial_objectstorage.py for tasks to queue
[2026-06-10T22:05:22.692+0000] {logging_mixin.py:188} INFO - [2026-06-10T22:05:22.692+0000] {dagbag.py:545} INFO - Filling up the DagBag from /home/airflow/.local/lib/python3.12/site-packages/airflow/example_dags/tutorial_objectstorage.py
[2026-06-10T22:05:22.701+0000] {processor.py:840} INFO - DAG(s) 'tutorial_objectstorage' retrieved from /home/airflow/.local/lib/python3.12/site-packages/airflow/example_dags/tutorial_objectstorage.py
[2026-06-10T22:05:22.724+0000] {logging_mixin.py:188} INFO - [2026-06-10T22:05:22.723+0000] {dag.py:3096} INFO - Sync 1 DAGs
[2026-06-10T22:05:22.739+0000] {logging_mixin.py:188} INFO - [2026-06-10T22:05:22.739+0000] {dag.py:3954} INFO - Setting next_dagrun for tutorial_objectstorage to None, run_after=None
[2026-06-10T22:05:22.759+0000] {processor.py:183} INFO - Processing /home/airflow/.local/lib/python3.12/site-packages/airflow/example_dags/tutorial_objectstorage.py took 0.077 seconds
[2026-06-10T22:05:53.781+0000] {processor.py:161} INFO - Started process (PID=1795) to work on /home/airflow/.local/lib/python3.12/site-packages/airflow/example_dags/tutorial_objectstorage.py
[2026-06-10T22:05:53.782+0000] {processor.py:830} INFO - Processing file /home/airflow/.local/lib/python3.12/site-packages/airflow/example_dags/tutorial_objectstorage.py for tasks to queue
[2026-06-10T22:05:53.784+0000] {logging_mixin.py:188} INFO - [2026-06-10T22:05:53.784+0000] {dagbag.py:545} INFO - Filling up the DagBag from /home/airflow/.local/lib/python3.12/site-packages/airflow/example_dags/tutorial_objectstorage.py
[2026-06-10T22:05:53.792+0000] {processor.py:840} INFO - DAG(s) 'tutorial_objectstorage' retrieved from /home/airflow/.local/lib/python3.12/site-packages/airflow/example_dags/tutorial_objectstorage.py
[2026-06-10T22:05:53.816+0000] {logging_mixin.py:188} INFO - [2026-06-10T22:05:53.816+0000] {dag.py:3096} INFO - Sync 1 DAGs
[2026-06-10T22:05:54.043+0000] {logging_mixin.py:188} INFO - [2026-06-10T22:05:54.043+0000] {dag.py:3954} INFO - Setting next_dagrun for tutorial_objectstorage to None, run_after=None
[2026-06-10T22:05:54.110+0000] {processor.py:183} INFO - Processing /home/airflow/.local/lib/python3.12/site-packages/airflow/example_dags/tutorial_objectstorage.py took 0.335 seconds
[2026-06-10T22:06:25.364+0000] {processor.py:161} INFO - Started process (PID=1855) to work on /home/airflow/.local/lib/python3.12/site-packages/airflow/example_dags/tutorial_objectstorage.py
[2026-06-10T22:06:25.365+0000] {processor.py:830} INFO - Processing file /home/airflow/.local/lib/python3.12/site-packages/airflow/example_dags/tutorial_objectstorage.py for tasks to queue
[2026-06-10T22:06:25.368+0000] {logging_mixin.py:188} INFO - [2026-06-10T22:06:25.367+0000] {dagbag.py:545} INFO - Filling up the DagBag from /home/airflow/.local/lib/python3.12/site-packages/airflow/example_dags/tutorial_objectstorage.py
[2026-06-10T22:06:25.376+0000] {processor.py:840} INFO - DAG(s) 'tutorial_objectstorage' retrieved from /home/airflow/.local/lib/python3.12/site-packages/airflow/example_dags/tutorial_objectstorage.py
[2026-06-10T22:06:25.402+0000] {logging_mixin.py:188} INFO - [2026-06-10T22:06:25.402+0000] {dag.py:3096} INFO - Sync 1 DAGs
[2026-06-10T22:06:25.692+0000] {logging_mixin.py:188} INFO - [2026-06-10T22:06:25.692+0000] {dag.py:3954} INFO - Setting next_dagrun for tutorial_objectstorage to None, run_after=None
[2026-06-10T22:06:25.710+0000] {processor.py:183} INFO - Processing /home/airflow/.local/lib/python3.12/site-packages/airflow/example_dags/tutorial_objectstorage.py took 0.353 seconds
[2026-06-10T22:06:56.484+0000] {processor.py:161} INFO - Started process (PID=1914) to work on /home/airflow/.local/lib/python3.12/site-packages/airflow/example_dags/tutorial_objectstorage.py
[2026-06-10T22:06:56.485+0000] {processor.py:830} INFO - Processing file /home/airflow/.local/lib/python3.12/site-packages/airflow/example_dags/tutorial_objectstorage.py for tasks to queue
[2026-06-10T22:06:56.487+0000] {logging_mixin.py:188} INFO - [2026-06-10T22:06:56.487+0000] {dagbag.py:545} INFO - Filling up the DagBag from /home/airflow/.local/lib/python3.12/site-packages/airflow/example_dags/tutorial_objectstorage.py
[2026-06-10T22:06:56.496+0000] {processor.py:840} INFO - DAG(s) 'tutorial_objectstorage' retrieved from /home/airflow/.local/lib/python3.12/site-packages/airflow/example_dags/tutorial_objectstorage.py
[2026-06-10T22:06:56.520+0000] {logging_mixin.py:188} INFO - [2026-06-10T22:06:56.520+0000] {dag.py:3096} INFO - Sync 1 DAGs
[2026-06-10T22:06:56.537+0000] {logging_mixin.py:188} INFO - [2026-06-10T22:06:56.537+0000] {dag.py:3954} INFO - Setting next_dagrun for tutorial_objectstorage to None, run_after=None
[2026-06-10T22:06:56.557+0000] {processor.py:183} INFO - Processing /home/airflow/.local/lib/python3.12/site-packages/airflow/example_dags/tutorial_objectstorage.py took 0.080 seconds
[2026-06-10T22:07:27.119+0000] {processor.py:161} INFO - Started process (PID=1974) to work on /home/airflow/.local/lib/python3.12/site-packages/airflow/example_dags/tutorial_objectstorage.py
[2026-06-10T22:07:27.120+0000] {processor.py:830} INFO - Processing file /home/airflow/.local/lib/python3.12/site-packages/airflow/example_dags/tutorial_objectstorage.py for tasks to queue
[2026-06-10T22:07:27.122+0000] {logging_mixin.py:188} INFO - [2026-06-10T22:07:27.122+0000] {dagbag.py:545} INFO - Filling up the DagBag from /home/airflow/.local/lib/python3.12/site-packages/airflow/example_dags/tutorial_objectstorage.py
[2026-06-10T22:07:27.130+0000] {processor.py:840} INFO - DAG(s) 'tutorial_objectstorage' retrieved from /home/airflow/.local/lib/python3.12/site-packages/airflow/example_dags/tutorial_objectstorage.py
[2026-06-10T22:07:27.175+0000] {logging_mixin.py:188} INFO - [2026-06-10T22:07:27.175+0000] {dag.py:3096} INFO - Sync 1 DAGs
[2026-06-10T22:07:27.212+0000] {logging_mixin.py:188} INFO - [2026-06-10T22:07:27.212+0000] {dag.py:3954} INFO - Setting next_dagrun for tutorial_objectstorage to None, run_after=None
[2026-06-10T22:07:27.265+0000] {processor.py:183} INFO - Processing /home/airflow/.local/lib/python3.12/site-packages/airflow/example_dags/tutorial_objectstorage.py took 0.152 seconds
[2026-06-10T22:07:57.601+0000] {processor.py:161} INFO - Started process (PID=2034) to work on /home/airflow/.local/lib/python3.12/site-packages/airflow/example_dags/tutorial_objectstorage.py
[2026-06-10T22:07:57.603+0000] {processor.py:830} INFO - Processing file /home/airflow/.local/lib/python3.12/site-packages/airflow/example_dags/tutorial_objectstorage.py for tasks to queue
[2026-06-10T22:07:57.610+0000] {logging_mixin.py:188} INFO - [2026-06-10T22:07:57.608+0000] {dagbag.py:545} INFO - Filling up the DagBag from /home/airflow/.local/lib/python3.12/site-packages/airflow/example_dags/tutorial_objectstorage.py
[2026-06-10T22:07:57.629+0000] {processor.py:840} INFO - DAG(s) 'tutorial_objectstorage' retrieved from /home/airflow/.local/lib/python3.12/site-packages/airflow/example_dags/tutorial_objectstorage.py
[2026-06-10T22:07:57.673+0000] {logging_mixin.py:188} INFO - [2026-06-10T22:07:57.673+0000] {dag.py:3096} INFO - Sync 1 DAGs
[2026-06-10T22:07:57.693+0000] {logging_mixin.py:188} INFO - [2026-06-10T22:07:57.693+0000] {dag.py:3954} INFO - Setting next_dagrun for tutorial_objectstorage to None, run_after=None
[2026-06-10T22:07:57.718+0000] {processor.py:183} INFO - Processing /home/airflow/.local/lib/python3.12/site-packages/airflow/example_dags/tutorial_objectstorage.py took 0.135 seconds
[2026-06-10T22:08:27.938+0000] {processor.py:161} INFO - Started process (PID=2094) to work on /home/airflow/.local/lib/python3.12/site-packages/airflow/example_dags/tutorial_objectstorage.py
[2026-06-10T22:08:27.942+0000] {processor.py:830} INFO - Processing file /home/airflow/.local/lib/python3.12/site-packages/airflow/example_dags/tutorial_objectstorage.py for tasks to queue
[2026-06-10T22:08:27.950+0000] {logging_mixin.py:188} INFO - [2026-06-10T22:08:27.947+0000] {dagbag.py:545} INFO - Filling up the DagBag from /home/airflow/.local/lib/python3.12/site-packages/airflow/example_dags/tutorial_objectstorage.py
[2026-06-10T22:08:27.976+0000] {processor.py:840} INFO - DAG(s) 'tutorial_objectstorage' retrieved from /home/airflow/.local/lib/python3.12/site-packages/airflow/example_dags/tutorial_objectstorage.py
[2026-06-10T22:08:28.062+0000] {logging_mixin.py:188} INFO - [2026-06-10T22:08:28.061+0000] {dag.py:3096} INFO - Sync 1 DAGs
[2026-06-10T22:08:28.114+0000] {logging_mixin.py:188} INFO - [2026-06-10T22:08:28.114+0000] {dag.py:3954} INFO - Setting next_dagrun for tutorial_objectstorage to None, run_after=None
[2026-06-10T22:08:28.143+0000] {processor.py:183} INFO - Processing /home/airflow/.local/lib/python3.12/site-packages/airflow/example_dags/tutorial_objectstorage.py took 0.220 seconds
[2026-06-10T22:08:59.022+0000] {processor.py:161} INFO - Started process (PID=2153) to work on /home/airflow/.local/lib/python3.12/site-packages/airflow/example_dags/tutorial_objectstorage.py
[2026-06-10T22:08:59.023+0000] {processor.py:830} INFO - Processing file /home/airflow/.local/lib/python3.12/site-packages/airflow/example_dags/tutorial_objectstorage.py for tasks to queue
[2026-06-10T22:08:59.025+0000] {logging_mixin.py:188} INFO - [2026-06-10T22:08:59.024+0000] {dagbag.py:545} INFO - Filling up the DagBag from /home/airflow/.local/lib/python3.12/site-packages/airflow/example_dags/tutorial_objectstorage.py
[2026-06-10T22:08:59.033+0000] {processor.py:840} INFO - DAG(s) 'tutorial_objectstorage' retrieved from /home/airflow/.local/lib/python3.12/site-packages/airflow/example_dags/tutorial_objectstorage.py
[2026-06-10T22:08:59.063+0000] {logging_mixin.py:188} INFO - [2026-06-10T22:08:59.063+0000] {dag.py:3096} INFO - Sync 1 DAGs
[2026-06-10T22:08:59.078+0000] {logging_mixin.py:188} INFO - [2026-06-10T22:08:59.078+0000] {dag.py:3954} INFO - Setting next_dagrun for tutorial_objectstorage to None, run_after=None
[2026-06-10T22:08:59.105+0000] {processor.py:183} INFO - Processing /home/airflow/.local/lib/python3.12/site-packages/airflow/example_dags/tutorial_objectstorage.py took 0.090 seconds
[2026-06-10T22:09:29.214+0000] {processor.py:161} INFO - Started process (PID=2213) to work on /home/airflow/.local/lib/python3.12/site-packages/airflow/example_dags/tutorial_objectstorage.py
[2026-06-10T22:09:29.215+0000] {processor.py:830} INFO - Processing file /home/airflow/.local/lib/python3.12/site-packages/airflow/example_dags/tutorial_objectstorage.py for tasks to queue
[2026-06-10T22:09:29.217+0000] {logging_mixin.py:188} INFO - [2026-06-10T22:09:29.217+0000] {dagbag.py:545} INFO - Filling up the DagBag from /home/airflow/.local/lib/python3.12/site-packages/airflow/example_dags/tutorial_objectstorage.py
[2026-06-10T22:09:29.226+0000] {processor.py:840} INFO - DAG(s) 'tutorial_objectstorage' retrieved from /home/airflow/.local/lib/python3.12/site-packages/airflow/example_dags/tutorial_objectstorage.py
[2026-06-10T22:09:29.250+0000] {logging_mixin.py:188} INFO - [2026-06-10T22:09:29.250+0000] {dag.py:3096} INFO - Sync 1 DAGs
[2026-06-10T22:09:29.271+0000] {logging_mixin.py:188} INFO - [2026-06-10T22:09:29.271+0000] {dag.py:3954} INFO - Setting next_dagrun for tutorial_objectstorage to None, run_after=None
[2026-06-10T22:09:29.291+0000] {processor.py:183} INFO - Processing /home/airflow/.local/lib/python3.12/site-packages/airflow/example_dags/tutorial_objectstorage.py took 0.084 seconds
[2026-06-10T22:09:59.694+0000] {processor.py:161} INFO - Started process (PID=2272) to work on /home/airflow/.local/lib/python3.12/site-packages/airflow/example_dags/tutorial_objectstorage.py
[2026-06-10T22:09:59.702+0000] {processor.py:830} INFO - Processing file /home/airflow/.local/lib/python3.12/site-packages/airflow/example_dags/tutorial_objectstorage.py for tasks to queue
[2026-06-10T22:09:59.707+0000] {logging_mixin.py:188} INFO - [2026-06-10T22:09:59.707+0000] {dagbag.py:545} INFO - Filling up the DagBag from /home/airflow/.local/lib/python3.12/site-packages/airflow/example_dags/tutorial_objectstorage.py
[2026-06-10T22:09:59.726+0000] {processor.py:840} INFO - DAG(s) 'tutorial_objectstorage' retrieved from /home/airflow/.local/lib/python3.12/site-packages/airflow/example_dags/tutorial_objectstorage.py
[2026-06-10T22:09:59.760+0000] {logging_mixin.py:188} INFO - [2026-06-10T22:09:59.760+0000] {dag.py:3096} INFO - Sync 1 DAGs
[2026-06-10T22:09:59.791+0000] {logging_mixin.py:188} INFO - [2026-06-10T22:09:59.790+0000] {dag.py:3954} INFO - Setting next_dagrun for tutorial_objectstorage to None, run_after=None
[2026-06-10T22:09:59.810+0000] {processor.py:183} INFO - Processing /home/airflow/.local/lib/python3.12/site-packages/airflow/example_dags/tutorial_objectstorage.py took 0.134 seconds
[2026-06-10T22:10:30.459+0000] {processor.py:161} INFO - Started process (PID=2332) to work on /home/airflow/.local/lib/python3.12/site-packages/airflow/example_dags/tutorial_objectstorage.py
[2026-06-10T22:10:30.465+0000] {processor.py:830} INFO - Processing file /home/airflow/.local/lib/python3.12/site-packages/airflow/example_dags/tutorial_objectstorage.py for tasks to queue
[2026-06-10T22:10:30.468+0000] {logging_mixin.py:188} INFO - [2026-06-10T22:10:30.467+0000] {dagbag.py:545} INFO - Filling up the DagBag from /home/airflow/.local/lib/python3.12/site-packages/airflow/example_dags/tutorial_objectstorage.py
[2026-06-10T22:10:30.476+0000] {processor.py:840} INFO - DAG(s) 'tutorial_objectstorage' retrieved from /home/airflow/.local/lib/python3.12/site-packages/airflow/example_dags/tutorial_objectstorage.py
[2026-06-10T22:10:30.498+0000] {logging_mixin.py:188} INFO - [2026-06-10T22:10:30.497+0000] {dag.py:3096} INFO - Sync 1 DAGs
[2026-06-10T22:10:30.513+0000] {logging_mixin.py:188} INFO - [2026-06-10T22:10:30.512+0000] {dag.py:3954} INFO - Setting next_dagrun for tutorial_objectstorage to None, run_after=None
[2026-06-10T22:10:30.532+0000] {processor.py:183} INFO - Processing /home/airflow/.local/lib/python3.12/site-packages/airflow/example_dags/tutorial_objectstorage.py took 0.086 seconds
[2026-06-10T22:11:01.519+0000] {processor.py:161} INFO - Started process (PID=2392) to work on /home/airflow/.local/lib/python3.12/site-packages/airflow/example_dags/tutorial_objectstorage.py
[2026-06-10T22:11:01.520+0000] {processor.py:830} INFO - Processing file /home/airflow/.local/lib/python3.12/site-packages/airflow/example_dags/tutorial_objectstorage.py for tasks to queue
[2026-06-10T22:11:01.528+0000] {logging_mixin.py:188} INFO - [2026-06-10T22:11:01.528+0000] {dagbag.py:545} INFO - Filling up the DagBag from /home/airflow/.local/lib/python3.12/site-packages/airflow/example_dags/tutorial_objectstorage.py
[2026-06-10T22:11:01.574+0000] {processor.py:840} INFO - DAG(s) 'tutorial_objectstorage' retrieved from /home/airflow/.local/lib/python3.12/site-packages/airflow/example_dags/tutorial_objectstorage.py
[2026-06-10T22:11:01.610+0000] {logging_mixin.py:188} INFO - [2026-06-10T22:11:01.609+0000] {dag.py:3096} INFO - Sync 1 DAGs
[2026-06-10T22:11:01.635+0000] {logging_mixin.py:188} INFO - [2026-06-10T22:11:01.634+0000] {dag.py:3954} INFO - Setting next_dagrun for tutorial_objectstorage to None, run_after=None
[2026-06-10T22:11:01.677+0000] {processor.py:183} INFO - Processing /home/airflow/.local/lib/python3.12/site-packages/airflow/example_dags/tutorial_objectstorage.py took 0.165 seconds
[2026-06-10T22:11:32.137+0000] {processor.py:161} INFO - Started process (PID=2452) to work on /home/airflow/.local/lib/python3.12/site-packages/airflow/example_dags/tutorial_objectstorage.py
[2026-06-10T22:11:32.138+0000] {processor.py:830} INFO - Processing file /home/airflow/.local/lib/python3.12/site-packages/airflow/example_dags/tutorial_objectstorage.py for tasks to queue
[2026-06-10T22:11:32.141+0000] {logging_mixin.py:188} INFO - [2026-06-10T22:11:32.140+0000] {dagbag.py:545} INFO - Filling up the DagBag from /home/airflow/.local/lib/python3.12/site-packages/airflow/example_dags/tutorial_objectstorage.py
[2026-06-10T22:11:32.149+0000] {processor.py:840} INFO - DAG(s) 'tutorial_objectstorage' retrieved from /home/airflow/.local/lib/python3.12/site-packages/airflow/example_dags/tutorial_objectstorage.py
[2026-06-10T22:11:32.177+0000] {logging_mixin.py:188} INFO - [2026-06-10T22:11:32.176+0000] {dag.py:3096} INFO - Sync 1 DAGs
[2026-06-10T22:11:32.214+0000] {logging_mixin.py:188} INFO - [2026-06-10T22:11:32.214+0000] {dag.py:3954} INFO - Setting next_dagrun for tutorial_objectstorage to None, run_after=None
[2026-06-10T22:11:32.262+0000] {processor.py:183} INFO - Processing /home/airflow/.local/lib/python3.12/site-packages/airflow/example_dags/tutorial_objectstorage.py took 0.131 seconds
[2026-06-10T22:12:02.383+0000] {processor.py:161} INFO - Started process (PID=2513) to work on /home/airflow/.local/lib/python3.12/site-packages/airflow/example_dags/tutorial_objectstorage.py
[2026-06-10T22:12:02.386+0000] {processor.py:830} INFO - Processing file /home/airflow/.local/lib/python3.12/site-packages/airflow/example_dags/tutorial_objectstorage.py for tasks to queue
[2026-06-10T22:12:02.391+0000] {logging_mixin.py:188} INFO - [2026-06-10T22:12:02.391+0000] {dagbag.py:545} INFO - Filling up the DagBag from /home/airflow/.local/lib/python3.12/site-packages/airflow/example_dags/tutorial_objectstorage.py
[2026-06-10T22:12:02.505+0000] {processor.py:840} INFO - DAG(s) 'tutorial_objectstorage' retrieved from /home/airflow/.local/lib/python3.12/site-packages/airflow/example_dags/tutorial_objectstorage.py
[2026-06-10T22:12:02.585+0000] {logging_mixin.py:188} INFO - [2026-06-10T22:12:02.584+0000] {dag.py:3096} INFO - Sync 1 DAGs
[2026-06-10T22:12:02.603+0000] {logging_mixin.py:188} INFO - [2026-06-10T22:12:02.603+0000] {dag.py:3954} INFO - Setting next_dagrun for tutorial_objectstorage to None, run_after=None
[2026-06-10T22:12:02.667+0000] {processor.py:183} INFO - Processing /home/airflow/.local/lib/python3.12/site-packages/airflow/example_dags/tutorial_objectstorage.py took 0.300 seconds
[2026-06-10T22:12:33.411+0000] {processor.py:161} INFO - Started process (PID=2572) to work on /home/airflow/.local/lib/python3.12/site-packages/airflow/example_dags/tutorial_objectstorage.py
[2026-06-10T22:12:33.412+0000] {processor.py:830} INFO - Processing file /home/airflow/.local/lib/python3.12/site-packages/airflow/example_dags/tutorial_objectstorage.py for tasks to queue
[2026-06-10T22:12:33.414+0000] {logging_mixin.py:188} INFO - [2026-06-10T22:12:33.414+0000] {dagbag.py:545} INFO - Filling up the DagBag from /home/airflow/.local/lib/python3.12/site-packages/airflow/example_dags/tutorial_objectstorage.py
[2026-06-10T22:12:33.423+0000] {processor.py:840} INFO - DAG(s) 'tutorial_objectstorage' retrieved from /home/airflow/.local/lib/python3.12/site-packages/airflow/example_dags/tutorial_objectstorage.py
[2026-06-10T22:12:33.447+0000] {logging_mixin.py:188} INFO - [2026-06-10T22:12:33.447+0000] {dag.py:3096} INFO - Sync 1 DAGs
[2026-06-10T22:12:33.475+0000] {logging_mixin.py:188} INFO - [2026-06-10T22:12:33.474+0000] {dag.py:3954} INFO - Setting next_dagrun for tutorial_objectstorage to None, run_after=None
[2026-06-10T22:12:33.500+0000] {processor.py:183} INFO - Processing /home/airflow/.local/lib/python3.12/site-packages/airflow/example_dags/tutorial_objectstorage.py took 0.096 seconds
[2026-06-10T22:13:03.902+0000] {processor.py:161} INFO - Started process (PID=2632) to work on /home/airflow/.local/lib/python3.12/site-packages/airflow/example_dags/tutorial_objectstorage.py
[2026-06-10T22:13:03.905+0000] {processor.py:830} INFO - Processing file /home/airflow/.local/lib/python3.12/site-packages/airflow/example_dags/tutorial_objectstorage.py for tasks to queue
[2026-06-10T22:13:03.907+0000] {logging_mixin.py:188} INFO - [2026-06-10T22:13:03.907+0000] {dagbag.py:545} INFO - Filling up the DagBag from /home/airflow/.local/lib/python3.12/site-packages/airflow/example_dags/tutorial_objectstorage.py
[2026-06-10T22:13:03.920+0000] {processor.py:840} INFO - DAG(s) 'tutorial_objectstorage' retrieved from /home/airflow/.local/lib/python3.12/site-packages/airflow/example_dags/tutorial_objectstorage.py
[2026-06-10T22:13:03.943+0000] {logging_mixin.py:188} INFO - [2026-06-10T22:13:03.943+0000] {dag.py:3096} INFO - Sync 1 DAGs
[2026-06-10T22:13:03.960+0000] {logging_mixin.py:188} INFO - [2026-06-10T22:13:03.960+0000] {dag.py:3954} INFO - Setting next_dagrun for tutorial_objectstorage to None, run_after=None
[2026-06-10T22:13:03.986+0000] {processor.py:183} INFO - Processing /home/airflow/.local/lib/python3.12/site-packages/airflow/example_dags/tutorial_objectstorage.py took 0.090 seconds
[2026-06-10T22:15:52.470+0000] {processor.py:161} INFO - Started process (PID=123) to work on /home/airflow/.local/lib/python3.12/site-packages/airflow/example_dags/tutorial_objectstorage.py
[2026-06-10T22:15:52.476+0000] {processor.py:830} INFO - Processing file /home/airflow/.local/lib/python3.12/site-packages/airflow/example_dags/tutorial_objectstorage.py for tasks to queue
[2026-06-10T22:15:52.493+0000] {logging_mixin.py:188} INFO - [2026-06-10T22:15:52.492+0000] {dagbag.py:545} INFO - Filling up the DagBag from /home/airflow/.local/lib/python3.12/site-packages/airflow/example_dags/tutorial_objectstorage.py
[2026-06-10T22:15:52.559+0000] {processor.py:840} INFO - DAG(s) 'tutorial_objectstorage' retrieved from /home/airflow/.local/lib/python3.12/site-packages/airflow/example_dags/tutorial_objectstorage.py
[2026-06-10T22:15:54.179+0000] {logging_mixin.py:188} INFO - [2026-06-10T22:15:54.178+0000] {dag.py:3096} INFO - Sync 1 DAGs
[2026-06-10T22:15:54.260+0000] {logging_mixin.py:188} INFO - [2026-06-10T22:15:54.252+0000] {dag.py:3954} INFO - Setting next_dagrun for tutorial_objectstorage to None, run_after=None
[2026-06-10T22:15:54.418+0000] {processor.py:183} INFO - Processing /home/airflow/.local/lib/python3.12/site-packages/airflow/example_dags/tutorial_objectstorage.py took 2.032 seconds
[2026-06-10T22:16:26.899+0000] {processor.py:161} INFO - Started process (PID=184) to work on /home/airflow/.local/lib/python3.12/site-packages/airflow/example_dags/tutorial_objectstorage.py
[2026-06-10T22:16:26.910+0000] {processor.py:830} INFO - Processing file /home/airflow/.local/lib/python3.12/site-packages/airflow/example_dags/tutorial_objectstorage.py for tasks to queue
[2026-06-10T22:16:26.912+0000] {logging_mixin.py:188} INFO - [2026-06-10T22:16:26.912+0000] {dagbag.py:545} INFO - Filling up the DagBag from /home/airflow/.local/lib/python3.12/site-packages/airflow/example_dags/tutorial_objectstorage.py
[2026-06-10T22:16:26.994+0000] {processor.py:840} INFO - DAG(s) 'tutorial_objectstorage' retrieved from /home/airflow/.local/lib/python3.12/site-packages/airflow/example_dags/tutorial_objectstorage.py
[2026-06-10T22:16:27.090+0000] {logging_mixin.py:188} INFO - [2026-06-10T22:16:27.090+0000] {dag.py:3096} INFO - Sync 1 DAGs
[2026-06-10T22:16:27.220+0000] {logging_mixin.py:188} INFO - [2026-06-10T22:16:27.220+0000] {dag.py:3954} INFO - Setting next_dagrun for tutorial_objectstorage to None, run_after=None
[2026-06-10T22:16:27.427+0000] {processor.py:183} INFO - Processing /home/airflow/.local/lib/python3.12/site-packages/airflow/example_dags/tutorial_objectstorage.py took 0.611 seconds
[2026-06-10T22:16:57.853+0000] {processor.py:161} INFO - Started process (PID=244) to work on /home/airflow/.local/lib/python3.12/site-packages/airflow/example_dags/tutorial_objectstorage.py
[2026-06-10T22:16:57.858+0000] {processor.py:830} INFO - Processing file /home/airflow/.local/lib/python3.12/site-packages/airflow/example_dags/tutorial_objectstorage.py for tasks to queue
[2026-06-10T22:16:57.866+0000] {logging_mixin.py:188} INFO - [2026-06-10T22:16:57.866+0000] {dagbag.py:545} INFO - Filling up the DagBag from /home/airflow/.local/lib/python3.12/site-packages/airflow/example_dags/tutorial_objectstorage.py
[2026-06-10T22:16:57.904+0000] {processor.py:840} INFO - DAG(s) 'tutorial_objectstorage' retrieved from /home/airflow/.local/lib/python3.12/site-packages/airflow/example_dags/tutorial_objectstorage.py
[2026-06-10T22:16:58.057+0000] {logging_mixin.py:188} INFO - [2026-06-10T22:16:58.056+0000] {dag.py:3096} INFO - Sync 1 DAGs
[2026-06-10T22:16:58.072+0000] {logging_mixin.py:188} INFO - [2026-06-10T22:16:58.071+0000] {dag.py:3954} INFO - Setting next_dagrun for tutorial_objectstorage to None, run_after=None
[2026-06-10T22:16:58.093+0000] {processor.py:183} INFO - Processing /home/airflow/.local/lib/python3.12/site-packages/airflow/example_dags/tutorial_objectstorage.py took 0.267 seconds
[2026-06-10T22:17:29.023+0000] {processor.py:161} INFO - Started process (PID=303) to work on /home/airflow/.local/lib/python3.12/site-packages/airflow/example_dags/tutorial_objectstorage.py
[2026-06-10T22:17:29.027+0000] {processor.py:830} INFO - Processing file /home/airflow/.local/lib/python3.12/site-packages/airflow/example_dags/tutorial_objectstorage.py for tasks to queue
[2026-06-10T22:17:29.032+0000] {logging_mixin.py:188} INFO - [2026-06-10T22:17:29.032+0000] {dagbag.py:545} INFO - Filling up the DagBag from /home/airflow/.local/lib/python3.12/site-packages/airflow/example_dags/tutorial_objectstorage.py
[2026-06-10T22:17:29.043+0000] {processor.py:840} INFO - DAG(s) 'tutorial_objectstorage' retrieved from /home/airflow/.local/lib/python3.12/site-packages/airflow/example_dags/tutorial_objectstorage.py
[2026-06-10T22:17:29.074+0000] {logging_mixin.py:188} INFO - [2026-06-10T22:17:29.074+0000] {dag.py:3096} INFO - Sync 1 DAGs
[2026-06-10T22:17:29.104+0000] {logging_mixin.py:188} INFO - [2026-06-10T22:17:29.104+0000] {dag.py:3954} INFO - Setting next_dagrun for tutorial_objectstorage to None, run_after=None
[2026-06-10T22:17:29.137+0000] {processor.py:183} INFO - Processing /home/airflow/.local/lib/python3.12/site-packages/airflow/example_dags/tutorial_objectstorage.py took 0.127 seconds
[2026-06-10T22:17:59.745+0000] {processor.py:161} INFO - Started process (PID=363) to work on /home/airflow/.local/lib/python3.12/site-packages/airflow/example_dags/tutorial_objectstorage.py
[2026-06-10T22:17:59.747+0000] {processor.py:830} INFO - Processing file /home/airflow/.local/lib/python3.12/site-packages/airflow/example_dags/tutorial_objectstorage.py for tasks to queue
[2026-06-10T22:17:59.749+0000] {logging_mixin.py:188} INFO - [2026-06-10T22:17:59.748+0000] {dagbag.py:545} INFO - Filling up the DagBag from /home/airflow/.local/lib/python3.12/site-packages/airflow/example_dags/tutorial_objectstorage.py
[2026-06-10T22:17:59.757+0000] {processor.py:840} INFO - DAG(s) 'tutorial_objectstorage' retrieved from /home/airflow/.local/lib/python3.12/site-packages/airflow/example_dags/tutorial_objectstorage.py
[2026-06-10T22:17:59.780+0000] {logging_mixin.py:188} INFO - [2026-06-10T22:17:59.779+0000] {dag.py:3096} INFO - Sync 1 DAGs
[2026-06-10T22:17:59.796+0000] {logging_mixin.py:188} INFO - [2026-06-10T22:17:59.796+0000] {dag.py:3954} INFO - Setting next_dagrun for tutorial_objectstorage to None, run_after=None
[2026-06-10T22:17:59.819+0000] {processor.py:183} INFO - Processing /home/airflow/.local/lib/python3.12/site-packages/airflow/example_dags/tutorial_objectstorage.py took 0.090 seconds
[2026-06-10T22:18:30.258+0000] {processor.py:161} INFO - Started process (PID=423) to work on /home/airflow/.local/lib/python3.12/site-packages/airflow/example_dags/tutorial_objectstorage.py
[2026-06-10T22:18:30.259+0000] {processor.py:830} INFO - Processing file /home/airflow/.local/lib/python3.12/site-packages/airflow/example_dags/tutorial_objectstorage.py for tasks to queue
[2026-06-10T22:18:30.262+0000] {logging_mixin.py:188} INFO - [2026-06-10T22:18:30.261+0000] {dagbag.py:545} INFO - Filling up the DagBag from /home/airflow/.local/lib/python3.12/site-packages/airflow/example_dags/tutorial_objectstorage.py
[2026-06-10T22:18:30.281+0000] {processor.py:840} INFO - DAG(s) 'tutorial_objectstorage' retrieved from /home/airflow/.local/lib/python3.12/site-packages/airflow/example_dags/tutorial_objectstorage.py
[2026-06-10T22:18:30.322+0000] {logging_mixin.py:188} INFO - [2026-06-10T22:18:30.322+0000] {dag.py:3096} INFO - Sync 1 DAGs
[2026-06-10T22:18:30.339+0000] {logging_mixin.py:188} INFO - [2026-06-10T22:18:30.338+0000] {dag.py:3954} INFO - Setting next_dagrun for tutorial_objectstorage to None, run_after=None
[2026-06-10T22:18:30.358+0000] {processor.py:183} INFO - Processing /home/airflow/.local/lib/python3.12/site-packages/airflow/example_dags/tutorial_objectstorage.py took 0.124 seconds
[2026-06-10T22:19:00.755+0000] {processor.py:161} INFO - Started process (PID=483) to work on /home/airflow/.local/lib/python3.12/site-packages/airflow/example_dags/tutorial_objectstorage.py
[2026-06-10T22:19:00.755+0000] {processor.py:830} INFO - Processing file /home/airflow/.local/lib/python3.12/site-packages/airflow/example_dags/tutorial_objectstorage.py for tasks to queue
[2026-06-10T22:19:00.758+0000] {logging_mixin.py:188} INFO - [2026-06-10T22:19:00.757+0000] {dagbag.py:545} INFO - Filling up the DagBag from /home/airflow/.local/lib/python3.12/site-packages/airflow/example_dags/tutorial_objectstorage.py
[2026-06-10T22:19:00.771+0000] {processor.py:840} INFO - DAG(s) 'tutorial_objectstorage' retrieved from /home/airflow/.local/lib/python3.12/site-packages/airflow/example_dags/tutorial_objectstorage.py
[2026-06-10T22:19:00.794+0000] {logging_mixin.py:188} INFO - [2026-06-10T22:19:00.793+0000] {dag.py:3096} INFO - Sync 1 DAGs
[2026-06-10T22:19:00.810+0000] {logging_mixin.py:188} INFO - [2026-06-10T22:19:00.810+0000] {dag.py:3954} INFO - Setting next_dagrun for tutorial_objectstorage to None, run_after=None
[2026-06-10T22:19:00.832+0000] {processor.py:183} INFO - Processing /home/airflow/.local/lib/python3.12/site-packages/airflow/example_dags/tutorial_objectstorage.py took 0.089 seconds
[2026-06-10T22:19:31.544+0000] {processor.py:161} INFO - Started process (PID=543) to work on /home/airflow/.local/lib/python3.12/site-packages/airflow/example_dags/tutorial_objectstorage.py
[2026-06-10T22:19:31.553+0000] {processor.py:830} INFO - Processing file /home/airflow/.local/lib/python3.12/site-packages/airflow/example_dags/tutorial_objectstorage.py for tasks to queue
[2026-06-10T22:19:31.557+0000] {logging_mixin.py:188} INFO - [2026-06-10T22:19:31.557+0000] {dagbag.py:545} INFO - Filling up the DagBag from /home/airflow/.local/lib/python3.12/site-packages/airflow/example_dags/tutorial_objectstorage.py
[2026-06-10T22:19:31.592+0000] {processor.py:840} INFO - DAG(s) 'tutorial_objectstorage' retrieved from /home/airflow/.local/lib/python3.12/site-packages/airflow/example_dags/tutorial_objectstorage.py
[2026-06-10T22:19:31.653+0000] {logging_mixin.py:188} INFO - [2026-06-10T22:19:31.653+0000] {dag.py:3096} INFO - Sync 1 DAGs
[2026-06-10T22:19:31.735+0000] {logging_mixin.py:188} INFO - [2026-06-10T22:19:31.735+0000] {dag.py:3954} INFO - Setting next_dagrun for tutorial_objectstorage to None, run_after=None
[2026-06-10T22:19:31.851+0000] {processor.py:183} INFO - Processing /home/airflow/.local/lib/python3.12/site-packages/airflow/example_dags/tutorial_objectstorage.py took 0.336 seconds
[2026-06-10T22:20:02.214+0000] {processor.py:161} INFO - Started process (PID=603) to work on /home/airflow/.local/lib/python3.12/site-packages/airflow/example_dags/tutorial_objectstorage.py
[2026-06-10T22:20:02.216+0000] {processor.py:830} INFO - Processing file /home/airflow/.local/lib/python3.12/site-packages/airflow/example_dags/tutorial_objectstorage.py for tasks to queue
[2026-06-10T22:20:02.220+0000] {logging_mixin.py:188} INFO - [2026-06-10T22:20:02.220+0000] {dagbag.py:545} INFO - Filling up the DagBag from /home/airflow/.local/lib/python3.12/site-packages/airflow/example_dags/tutorial_objectstorage.py
[2026-06-10T22:20:02.240+0000] {processor.py:840} INFO - DAG(s) 'tutorial_objectstorage' retrieved from /home/airflow/.local/lib/python3.12/site-packages/airflow/example_dags/tutorial_objectstorage.py
[2026-06-10T22:20:02.297+0000] {logging_mixin.py:188} INFO - [2026-06-10T22:20:02.297+0000] {dag.py:3096} INFO - Sync 1 DAGs
[2026-06-10T22:20:02.337+0000] {logging_mixin.py:188} INFO - [2026-06-10T22:20:02.337+0000] {dag.py:3954} INFO - Setting next_dagrun for tutorial_objectstorage to None, run_after=None
[2026-06-10T22:20:02.392+0000] {processor.py:183} INFO - Processing /home/airflow/.local/lib/python3.12/site-packages/airflow/example_dags/tutorial_objectstorage.py took 0.185 seconds
[2026-06-10T22:20:33.013+0000] {processor.py:161} INFO - Started process (PID=661) to work on /home/airflow/.local/lib/python3.12/site-packages/airflow/example_dags/tutorial_objectstorage.py
[2026-06-10T22:20:33.014+0000] {processor.py:830} INFO - Processing file /home/airflow/.local/lib/python3.12/site-packages/airflow/example_dags/tutorial_objectstorage.py for tasks to queue
[2026-06-10T22:20:33.017+0000] {logging_mixin.py:188} INFO - [2026-06-10T22:20:33.016+0000] {dagbag.py:545} INFO - Filling up the DagBag from /home/airflow/.local/lib/python3.12/site-packages/airflow/example_dags/tutorial_objectstorage.py
[2026-06-10T22:20:33.026+0000] {processor.py:840} INFO - DAG(s) 'tutorial_objectstorage' retrieved from /home/airflow/.local/lib/python3.12/site-packages/airflow/example_dags/tutorial_objectstorage.py
[2026-06-10T22:20:33.052+0000] {logging_mixin.py:188} INFO - [2026-06-10T22:20:33.052+0000] {dag.py:3096} INFO - Sync 1 DAGs
[2026-06-10T22:20:33.071+0000] {logging_mixin.py:188} INFO - [2026-06-10T22:20:33.071+0000] {dag.py:3954} INFO - Setting next_dagrun for tutorial_objectstorage to None, run_after=None
[2026-06-10T22:20:33.099+0000] {processor.py:183} INFO - Processing /home/airflow/.local/lib/python3.12/site-packages/airflow/example_dags/tutorial_objectstorage.py took 0.093 seconds
[2026-06-10T22:21:03.560+0000] {processor.py:161} INFO - Started process (PID=721) to work on /home/airflow/.local/lib/python3.12/site-packages/airflow/example_dags/tutorial_objectstorage.py
[2026-06-10T22:21:03.561+0000] {processor.py:830} INFO - Processing file /home/airflow/.local/lib/python3.12/site-packages/airflow/example_dags/tutorial_objectstorage.py for tasks to queue
[2026-06-10T22:21:03.563+0000] {logging_mixin.py:188} INFO - [2026-06-10T22:21:03.563+0000] {dagbag.py:545} INFO - Filling up the DagBag from /home/airflow/.local/lib/python3.12/site-packages/airflow/example_dags/tutorial_objectstorage.py
[2026-06-10T22:21:03.571+0000] {processor.py:840} INFO - DAG(s) 'tutorial_objectstorage' retrieved from /home/airflow/.local/lib/python3.12/site-packages/airflow/example_dags/tutorial_objectstorage.py
[2026-06-10T22:21:03.598+0000] {logging_mixin.py:188} INFO - [2026-06-10T22:21:03.598+0000] {dag.py:3096} INFO - Sync 1 DAGs
[2026-06-10T22:21:03.616+0000] {logging_mixin.py:188} INFO - [2026-06-10T22:21:03.615+0000] {dag.py:3954} INFO - Setting next_dagrun for tutorial_objectstorage to None, run_after=None
[2026-06-10T22:21:03.638+0000] {processor.py:183} INFO - Processing /home/airflow/.local/lib/python3.12/site-packages/airflow/example_dags/tutorial_objectstorage.py took 0.085 seconds
[2026-06-10T22:21:34.454+0000] {processor.py:161} INFO - Started process (PID=781) to work on /home/airflow/.local/lib/python3.12/site-packages/airflow/example_dags/tutorial_objectstorage.py
[2026-06-10T22:21:34.455+0000] {processor.py:830} INFO - Processing file /home/airflow/.local/lib/python3.12/site-packages/airflow/example_dags/tutorial_objectstorage.py for tasks to queue
[2026-06-10T22:21:34.457+0000] {logging_mixin.py:188} INFO - [2026-06-10T22:21:34.456+0000] {dagbag.py:545} INFO - Filling up the DagBag from /home/airflow/.local/lib/python3.12/site-packages/airflow/example_dags/tutorial_objectstorage.py
[2026-06-10T22:21:34.466+0000] {processor.py:840} INFO - DAG(s) 'tutorial_objectstorage' retrieved from /home/airflow/.local/lib/python3.12/site-packages/airflow/example_dags/tutorial_objectstorage.py
[2026-06-10T22:21:34.489+0000] {logging_mixin.py:188} INFO - [2026-06-10T22:21:34.489+0000] {dag.py:3096} INFO - Sync 1 DAGs
[2026-06-10T22:21:34.507+0000] {logging_mixin.py:188} INFO - [2026-06-10T22:21:34.507+0000] {dag.py:3954} INFO - Setting next_dagrun for tutorial_objectstorage to None, run_after=None
[2026-06-10T22:21:34.528+0000] {processor.py:183} INFO - Processing /home/airflow/.local/lib/python3.12/site-packages/airflow/example_dags/tutorial_objectstorage.py took 0.081 seconds
[2026-06-10T22:22:04.873+0000] {processor.py:161} INFO - Started process (PID=841) to work on /home/airflow/.local/lib/python3.12/site-packages/airflow/example_dags/tutorial_objectstorage.py
[2026-06-10T22:22:04.874+0000] {processor.py:830} INFO - Processing file /home/airflow/.local/lib/python3.12/site-packages/airflow/example_dags/tutorial_objectstorage.py for tasks to queue
[2026-06-10T22:22:04.875+0000] {logging_mixin.py:188} INFO - [2026-06-10T22:22:04.875+0000] {dagbag.py:545} INFO - Filling up the DagBag from /home/airflow/.local/lib/python3.12/site-packages/airflow/example_dags/tutorial_objectstorage.py
[2026-06-10T22:22:04.881+0000] {processor.py:840} INFO - DAG(s) 'tutorial_objectstorage' retrieved from /home/airflow/.local/lib/python3.12/site-packages/airflow/example_dags/tutorial_objectstorage.py
[2026-06-10T22:22:04.897+0000] {logging_mixin.py:188} INFO - [2026-06-10T22:22:04.897+0000] {dag.py:3096} INFO - Sync 1 DAGs
[2026-06-10T22:22:04.908+0000] {logging_mixin.py:188} INFO - [2026-06-10T22:22:04.908+0000] {dag.py:3954} INFO - Setting next_dagrun for tutorial_objectstorage to None, run_after=None
[2026-06-10T22:22:04.924+0000] {processor.py:183} INFO - Processing /home/airflow/.local/lib/python3.12/site-packages/airflow/example_dags/tutorial_objectstorage.py took 0.056 seconds
[2026-06-10T22:22:35.397+0000] {processor.py:161} INFO - Started process (PID=900) to work on /home/airflow/.local/lib/python3.12/site-packages/airflow/example_dags/tutorial_objectstorage.py
[2026-06-10T22:22:35.399+0000] {processor.py:830} INFO - Processing file /home/airflow/.local/lib/python3.12/site-packages/airflow/example_dags/tutorial_objectstorage.py for tasks to queue
[2026-06-10T22:22:35.401+0000] {logging_mixin.py:188} INFO - [2026-06-10T22:22:35.400+0000] {dagbag.py:545} INFO - Filling up the DagBag from /home/airflow/.local/lib/python3.12/site-packages/airflow/example_dags/tutorial_objectstorage.py
[2026-06-10T22:22:35.409+0000] {processor.py:840} INFO - DAG(s) 'tutorial_objectstorage' retrieved from /home/airflow/.local/lib/python3.12/site-packages/airflow/example_dags/tutorial_objectstorage.py
[2026-06-10T22:22:35.433+0000] {logging_mixin.py:188} INFO - [2026-06-10T22:22:35.432+0000] {dag.py:3096} INFO - Sync 1 DAGs
[2026-06-10T22:22:35.450+0000] {logging_mixin.py:188} INFO - [2026-06-10T22:22:35.450+0000] {dag.py:3954} INFO - Setting next_dagrun for tutorial_objectstorage to None, run_after=None
[2026-06-10T22:22:35.470+0000] {processor.py:183} INFO - Processing /home/airflow/.local/lib/python3.12/site-packages/airflow/example_dags/tutorial_objectstorage.py took 0.080 seconds
[2026-06-10T22:23:06.106+0000] {processor.py:161} INFO - Started process (PID=960) to work on /home/airflow/.local/lib/python3.12/site-packages/airflow/example_dags/tutorial_objectstorage.py
[2026-06-10T22:23:06.107+0000] {processor.py:830} INFO - Processing file /home/airflow/.local/lib/python3.12/site-packages/airflow/example_dags/tutorial_objectstorage.py for tasks to queue
[2026-06-10T22:23:06.109+0000] {logging_mixin.py:188} INFO - [2026-06-10T22:23:06.108+0000] {dagbag.py:545} INFO - Filling up the DagBag from /home/airflow/.local/lib/python3.12/site-packages/airflow/example_dags/tutorial_objectstorage.py
[2026-06-10T22:23:06.118+0000] {processor.py:840} INFO - DAG(s) 'tutorial_objectstorage' retrieved from /home/airflow/.local/lib/python3.12/site-packages/airflow/example_dags/tutorial_objectstorage.py
[2026-06-10T22:23:06.142+0000] {logging_mixin.py:188} INFO - [2026-06-10T22:23:06.141+0000] {dag.py:3096} INFO - Sync 1 DAGs
[2026-06-10T22:23:06.159+0000] {logging_mixin.py:188} INFO - [2026-06-10T22:23:06.159+0000] {dag.py:3954} INFO - Setting next_dagrun for tutorial_objectstorage to None, run_after=None
[2026-06-10T22:23:06.180+0000] {processor.py:183} INFO - Processing /home/airflow/.local/lib/python3.12/site-packages/airflow/example_dags/tutorial_objectstorage.py took 0.081 seconds
[2026-06-10T22:23:36.926+0000] {processor.py:161} INFO - Started process (PID=1019) to work on /home/airflow/.local/lib/python3.12/site-packages/airflow/example_dags/tutorial_objectstorage.py
[2026-06-10T22:23:36.927+0000] {processor.py:830} INFO - Processing file /home/airflow/.local/lib/python3.12/site-packages/airflow/example_dags/tutorial_objectstorage.py for tasks to queue
[2026-06-10T22:23:36.928+0000] {logging_mixin.py:188} INFO - [2026-06-10T22:23:36.928+0000] {dagbag.py:545} INFO - Filling up the DagBag from /home/airflow/.local/lib/python3.12/site-packages/airflow/example_dags/tutorial_objectstorage.py
[2026-06-10T22:23:36.934+0000] {processor.py:840} INFO - DAG(s) 'tutorial_objectstorage' retrieved from /home/airflow/.local/lib/python3.12/site-packages/airflow/example_dags/tutorial_objectstorage.py
[2026-06-10T22:23:36.953+0000] {logging_mixin.py:188} INFO - [2026-06-10T22:23:36.953+0000] {dag.py:3096} INFO - Sync 1 DAGs
[2026-06-10T22:23:36.964+0000] {logging_mixin.py:188} INFO - [2026-06-10T22:23:36.964+0000] {dag.py:3954} INFO - Setting next_dagrun for tutorial_objectstorage to None, run_after=None
[2026-06-10T22:23:36.983+0000] {processor.py:183} INFO - Processing /home/airflow/.local/lib/python3.12/site-packages/airflow/example_dags/tutorial_objectstorage.py took 0.063 seconds
[2026-06-10T22:24:07.801+0000] {processor.py:161} INFO - Started process (PID=1079) to work on /home/airflow/.local/lib/python3.12/site-packages/airflow/example_dags/tutorial_objectstorage.py
[2026-06-10T22:24:07.802+0000] {processor.py:830} INFO - Processing file /home/airflow/.local/lib/python3.12/site-packages/airflow/example_dags/tutorial_objectstorage.py for tasks to queue
[2026-06-10T22:24:07.804+0000] {logging_mixin.py:188} INFO - [2026-06-10T22:24:07.803+0000] {dagbag.py:545} INFO - Filling up the DagBag from /home/airflow/.local/lib/python3.12/site-packages/airflow/example_dags/tutorial_objectstorage.py
[2026-06-10T22:24:07.814+0000] {processor.py:840} INFO - DAG(s) 'tutorial_objectstorage' retrieved from /home/airflow/.local/lib/python3.12/site-packages/airflow/example_dags/tutorial_objectstorage.py
[2026-06-10T22:24:07.837+0000] {logging_mixin.py:188} INFO - [2026-06-10T22:24:07.837+0000] {dag.py:3096} INFO - Sync 1 DAGs
[2026-06-10T22:24:07.854+0000] {logging_mixin.py:188} INFO - [2026-06-10T22:24:07.853+0000] {dag.py:3954} INFO - Setting next_dagrun for tutorial_objectstorage to None, run_after=None
[2026-06-10T22:24:07.879+0000] {processor.py:183} INFO - Processing /home/airflow/.local/lib/python3.12/site-packages/airflow/example_dags/tutorial_objectstorage.py took 0.085 seconds
[2026-06-10T22:24:37.917+0000] {processor.py:161} INFO - Started process (PID=1139) to work on /home/airflow/.local/lib/python3.12/site-packages/airflow/example_dags/tutorial_objectstorage.py
[2026-06-10T22:24:37.918+0000] {processor.py:830} INFO - Processing file /home/airflow/.local/lib/python3.12/site-packages/airflow/example_dags/tutorial_objectstorage.py for tasks to queue
[2026-06-10T22:24:37.920+0000] {logging_mixin.py:188} INFO - [2026-06-10T22:24:37.919+0000] {dagbag.py:545} INFO - Filling up the DagBag from /home/airflow/.local/lib/python3.12/site-packages/airflow/example_dags/tutorial_objectstorage.py
[2026-06-10T22:24:37.928+0000] {processor.py:840} INFO - DAG(s) 'tutorial_objectstorage' retrieved from /home/airflow/.local/lib/python3.12/site-packages/airflow/example_dags/tutorial_objectstorage.py
[2026-06-10T22:24:37.955+0000] {logging_mixin.py:188} INFO - [2026-06-10T22:24:37.955+0000] {dag.py:3096} INFO - Sync 1 DAGs
[2026-06-10T22:24:37.971+0000] {logging_mixin.py:188} INFO - [2026-06-10T22:24:37.971+0000] {dag.py:3954} INFO - Setting next_dagrun for tutorial_objectstorage to None, run_after=None
[2026-06-10T22:24:37.992+0000] {processor.py:183} INFO - Processing /home/airflow/.local/lib/python3.12/site-packages/airflow/example_dags/tutorial_objectstorage.py took 0.082 seconds
[2026-06-10T22:25:08.716+0000] {processor.py:161} INFO - Started process (PID=1205) to work on /home/airflow/.local/lib/python3.12/site-packages/airflow/example_dags/tutorial_objectstorage.py
[2026-06-10T22:25:08.717+0000] {processor.py:830} INFO - Processing file /home/airflow/.local/lib/python3.12/site-packages/airflow/example_dags/tutorial_objectstorage.py for tasks to queue
[2026-06-10T22:25:08.719+0000] {logging_mixin.py:188} INFO - [2026-06-10T22:25:08.719+0000] {dagbag.py:545} INFO - Filling up the DagBag from /home/airflow/.local/lib/python3.12/site-packages/airflow/example_dags/tutorial_objectstorage.py
[2026-06-10T22:25:08.728+0000] {processor.py:840} INFO - DAG(s) 'tutorial_objectstorage' retrieved from /home/airflow/.local/lib/python3.12/site-packages/airflow/example_dags/tutorial_objectstorage.py
[2026-06-10T22:25:08.762+0000] {logging_mixin.py:188} INFO - [2026-06-10T22:25:08.762+0000] {dag.py:3096} INFO - Sync 1 DAGs
[2026-06-10T22:25:08.787+0000] {logging_mixin.py:188} INFO - [2026-06-10T22:25:08.787+0000] {dag.py:3954} INFO - Setting next_dagrun for tutorial_objectstorage to None, run_after=None
[2026-06-10T22:25:08.817+0000] {processor.py:183} INFO - Processing /home/airflow/.local/lib/python3.12/site-packages/airflow/example_dags/tutorial_objectstorage.py took 0.108 seconds
[2026-06-10T22:25:40.189+0000] {processor.py:161} INFO - Started process (PID=1265) to work on /home/airflow/.local/lib/python3.12/site-packages/airflow/example_dags/tutorial_objectstorage.py
[2026-06-10T22:25:40.190+0000] {processor.py:830} INFO - Processing file /home/airflow/.local/lib/python3.12/site-packages/airflow/example_dags/tutorial_objectstorage.py for tasks to queue
[2026-06-10T22:25:40.193+0000] {logging_mixin.py:188} INFO - [2026-06-10T22:25:40.193+0000] {dagbag.py:545} INFO - Filling up the DagBag from /home/airflow/.local/lib/python3.12/site-packages/airflow/example_dags/tutorial_objectstorage.py
[2026-06-10T22:25:40.207+0000] {processor.py:840} INFO - DAG(s) 'tutorial_objectstorage' retrieved from /home/airflow/.local/lib/python3.12/site-packages/airflow/example_dags/tutorial_objectstorage.py
[2026-06-10T22:25:40.266+0000] {logging_mixin.py:188} INFO - [2026-06-10T22:25:40.264+0000] {dag.py:3096} INFO - Sync 1 DAGs
[2026-06-10T22:25:40.318+0000] {logging_mixin.py:188} INFO - [2026-06-10T22:25:40.317+0000] {dag.py:3954} INFO - Setting next_dagrun for tutorial_objectstorage to None, run_after=None
[2026-06-10T22:25:40.354+0000] {processor.py:183} INFO - Processing /home/airflow/.local/lib/python3.12/site-packages/airflow/example_dags/tutorial_objectstorage.py took 0.174 seconds
[2026-06-10T22:26:10.693+0000] {processor.py:161} INFO - Started process (PID=1326) to work on /home/airflow/.local/lib/python3.12/site-packages/airflow/example_dags/tutorial_objectstorage.py
[2026-06-10T22:26:10.694+0000] {processor.py:830} INFO - Processing file /home/airflow/.local/lib/python3.12/site-packages/airflow/example_dags/tutorial_objectstorage.py for tasks to queue
[2026-06-10T22:26:10.696+0000] {logging_mixin.py:188} INFO - [2026-06-10T22:26:10.696+0000] {dagbag.py:545} INFO - Filling up the DagBag from /home/airflow/.local/lib/python3.12/site-packages/airflow/example_dags/tutorial_objectstorage.py
[2026-06-10T22:26:10.705+0000] {processor.py:840} INFO - DAG(s) 'tutorial_objectstorage' retrieved from /home/airflow/.local/lib/python3.12/site-packages/airflow/example_dags/tutorial_objectstorage.py
[2026-06-10T22:26:10.729+0000] {logging_mixin.py:188} INFO - [2026-06-10T22:26:10.729+0000] {dag.py:3096} INFO - Sync 1 DAGs
[2026-06-10T22:26:10.746+0000] {logging_mixin.py:188} INFO - [2026-06-10T22:26:10.746+0000] {dag.py:3954} INFO - Setting next_dagrun for tutorial_objectstorage to None, run_after=None
[2026-06-10T22:26:10.768+0000] {processor.py:183} INFO - Processing /home/airflow/.local/lib/python3.12/site-packages/airflow/example_dags/tutorial_objectstorage.py took 0.081 seconds
[2026-06-10T22:26:41.793+0000] {processor.py:161} INFO - Started process (PID=1387) to work on /home/airflow/.local/lib/python3.12/site-packages/airflow/example_dags/tutorial_objectstorage.py
[2026-06-10T22:26:41.795+0000] {processor.py:830} INFO - Processing file /home/airflow/.local/lib/python3.12/site-packages/airflow/example_dags/tutorial_objectstorage.py for tasks to queue
[2026-06-10T22:26:41.801+0000] {logging_mixin.py:188} INFO - [2026-06-10T22:26:41.800+0000] {dagbag.py:545} INFO - Filling up the DagBag from /home/airflow/.local/lib/python3.12/site-packages/airflow/example_dags/tutorial_objectstorage.py
[2026-06-10T22:26:41.837+0000] {processor.py:840} INFO - DAG(s) 'tutorial_objectstorage' retrieved from /home/airflow/.local/lib/python3.12/site-packages/airflow/example_dags/tutorial_objectstorage.py
[2026-06-10T22:26:41.926+0000] {logging_mixin.py:188} INFO - [2026-06-10T22:26:41.924+0000] {dag.py:3096} INFO - Sync 1 DAGs
[2026-06-10T22:26:41.986+0000] {logging_mixin.py:188} INFO - [2026-06-10T22:26:41.985+0000] {dag.py:3954} INFO - Setting next_dagrun for tutorial_objectstorage to None, run_after=None
[2026-06-10T22:26:42.019+0000] {processor.py:183} INFO - Processing /home/airflow/.local/lib/python3.12/site-packages/airflow/example_dags/tutorial_objectstorage.py took 0.253 seconds
[2026-06-10T22:27:12.280+0000] {processor.py:161} INFO - Started process (PID=1448) to work on /home/airflow/.local/lib/python3.12/site-packages/airflow/example_dags/tutorial_objectstorage.py
[2026-06-10T22:27:12.281+0000] {processor.py:830} INFO - Processing file /home/airflow/.local/lib/python3.12/site-packages/airflow/example_dags/tutorial_objectstorage.py for tasks to queue
[2026-06-10T22:27:12.283+0000] {logging_mixin.py:188} INFO - [2026-06-10T22:27:12.283+0000] {dagbag.py:545} INFO - Filling up the DagBag from /home/airflow/.local/lib/python3.12/site-packages/airflow/example_dags/tutorial_objectstorage.py
[2026-06-10T22:27:12.290+0000] {processor.py:840} INFO - DAG(s) 'tutorial_objectstorage' retrieved from /home/airflow/.local/lib/python3.12/site-packages/airflow/example_dags/tutorial_objectstorage.py
[2026-06-10T22:27:12.306+0000] {logging_mixin.py:188} INFO - [2026-06-10T22:27:12.306+0000] {dag.py:3096} INFO - Sync 1 DAGs
[2026-06-10T22:27:12.316+0000] {logging_mixin.py:188} INFO - [2026-06-10T22:27:12.316+0000] {dag.py:3954} INFO - Setting next_dagrun for tutorial_objectstorage to None, run_after=None
[2026-06-10T22:27:12.335+0000] {processor.py:183} INFO - Processing /home/airflow/.local/lib/python3.12/site-packages/airflow/example_dags/tutorial_objectstorage.py took 0.061 seconds
[2026-06-10T22:27:43.259+0000] {processor.py:161} INFO - Started process (PID=1509) to work on /home/airflow/.local/lib/python3.12/site-packages/airflow/example_dags/tutorial_objectstorage.py
[2026-06-10T22:27:43.260+0000] {processor.py:830} INFO - Processing file /home/airflow/.local/lib/python3.12/site-packages/airflow/example_dags/tutorial_objectstorage.py for tasks to queue
[2026-06-10T22:27:43.262+0000] {logging_mixin.py:188} INFO - [2026-06-10T22:27:43.261+0000] {dagbag.py:545} INFO - Filling up the DagBag from /home/airflow/.local/lib/python3.12/site-packages/airflow/example_dags/tutorial_objectstorage.py
[2026-06-10T22:27:43.275+0000] {processor.py:840} INFO - DAG(s) 'tutorial_objectstorage' retrieved from /home/airflow/.local/lib/python3.12/site-packages/airflow/example_dags/tutorial_objectstorage.py
[2026-06-10T22:27:43.328+0000] {logging_mixin.py:188} INFO - [2026-06-10T22:27:43.328+0000] {dag.py:3096} INFO - Sync 1 DAGs
[2026-06-10T22:27:43.349+0000] {logging_mixin.py:188} INFO - [2026-06-10T22:27:43.349+0000] {dag.py:3954} INFO - Setting next_dagrun for tutorial_objectstorage to None, run_after=None
[2026-06-10T22:27:43.377+0000] {processor.py:183} INFO - Processing /home/airflow/.local/lib/python3.12/site-packages/airflow/example_dags/tutorial_objectstorage.py took 0.126 seconds
[2026-06-10T22:28:13.995+0000] {processor.py:161} INFO - Started process (PID=1570) to work on /home/airflow/.local/lib/python3.12/site-packages/airflow/example_dags/tutorial_objectstorage.py
[2026-06-10T22:28:13.999+0000] {processor.py:830} INFO - Processing file /home/airflow/.local/lib/python3.12/site-packages/airflow/example_dags/tutorial_objectstorage.py for tasks to queue
[2026-06-10T22:28:14.009+0000] {logging_mixin.py:188} INFO - [2026-06-10T22:28:14.008+0000] {dagbag.py:545} INFO - Filling up the DagBag from /home/airflow/.local/lib/python3.12/site-packages/airflow/example_dags/tutorial_objectstorage.py
[2026-06-10T22:28:14.044+0000] {processor.py:840} INFO - DAG(s) 'tutorial_objectstorage' retrieved from /home/airflow/.local/lib/python3.12/site-packages/airflow/example_dags/tutorial_objectstorage.py
[2026-06-10T22:28:14.068+0000] {logging_mixin.py:188} INFO - [2026-06-10T22:28:14.068+0000] {dag.py:3096} INFO - Sync 1 DAGs
[2026-06-10T22:28:14.085+0000] {logging_mixin.py:188} INFO - [2026-06-10T22:28:14.085+0000] {dag.py:3954} INFO - Setting next_dagrun for tutorial_objectstorage to None, run_after=None
[2026-06-10T22:28:14.104+0000] {processor.py:183} INFO - Processing /home/airflow/.local/lib/python3.12/site-packages/airflow/example_dags/tutorial_objectstorage.py took 0.158 seconds
[2026-06-10T22:28:44.346+0000] {processor.py:161} INFO - Started process (PID=1632) to work on /home/airflow/.local/lib/python3.12/site-packages/airflow/example_dags/tutorial_objectstorage.py
[2026-06-10T22:28:44.347+0000] {processor.py:830} INFO - Processing file /home/airflow/.local/lib/python3.12/site-packages/airflow/example_dags/tutorial_objectstorage.py for tasks to queue
[2026-06-10T22:28:44.349+0000] {logging_mixin.py:188} INFO - [2026-06-10T22:28:44.349+0000] {dagbag.py:545} INFO - Filling up the DagBag from /home/airflow/.local/lib/python3.12/site-packages/airflow/example_dags/tutorial_objectstorage.py
[2026-06-10T22:28:44.357+0000] {processor.py:840} INFO - DAG(s) 'tutorial_objectstorage' retrieved from /home/airflow/.local/lib/python3.12/site-packages/airflow/example_dags/tutorial_objectstorage.py
[2026-06-10T22:28:44.381+0000] {logging_mixin.py:188} INFO - [2026-06-10T22:28:44.381+0000] {dag.py:3096} INFO - Sync 1 DAGs
[2026-06-10T22:28:44.418+0000] {logging_mixin.py:188} INFO - [2026-06-10T22:28:44.417+0000] {dag.py:3954} INFO - Setting next_dagrun for tutorial_objectstorage to None, run_after=None
[2026-06-10T22:28:44.499+0000] {processor.py:183} INFO - Processing /home/airflow/.local/lib/python3.12/site-packages/airflow/example_dags/tutorial_objectstorage.py took 0.160 seconds
[2026-06-10T22:29:14.616+0000] {processor.py:161} INFO - Started process (PID=1692) to work on /home/airflow/.local/lib/python3.12/site-packages/airflow/example_dags/tutorial_objectstorage.py
[2026-06-10T22:29:14.617+0000] {processor.py:830} INFO - Processing file /home/airflow/.local/lib/python3.12/site-packages/airflow/example_dags/tutorial_objectstorage.py for tasks to queue
[2026-06-10T22:29:14.619+0000] {logging_mixin.py:188} INFO - [2026-06-10T22:29:14.618+0000] {dagbag.py:545} INFO - Filling up the DagBag from /home/airflow/.local/lib/python3.12/site-packages/airflow/example_dags/tutorial_objectstorage.py
[2026-06-10T22:29:14.625+0000] {processor.py:840} INFO - DAG(s) 'tutorial_objectstorage' retrieved from /home/airflow/.local/lib/python3.12/site-packages/airflow/example_dags/tutorial_objectstorage.py
[2026-06-10T22:29:14.641+0000] {logging_mixin.py:188} INFO - [2026-06-10T22:29:14.641+0000] {dag.py:3096} INFO - Sync 1 DAGs
[2026-06-10T22:29:14.652+0000] {logging_mixin.py:188} INFO - [2026-06-10T22:29:14.652+0000] {dag.py:3954} INFO - Setting next_dagrun for tutorial_objectstorage to None, run_after=None
[2026-06-10T22:29:14.672+0000] {processor.py:183} INFO - Processing /home/airflow/.local/lib/python3.12/site-packages/airflow/example_dags/tutorial_objectstorage.py took 0.061 seconds
[2026-06-10T22:29:45.874+0000] {processor.py:161} INFO - Started process (PID=1754) to work on /home/airflow/.local/lib/python3.12/site-packages/airflow/example_dags/tutorial_objectstorage.py
[2026-06-10T22:29:45.875+0000] {processor.py:830} INFO - Processing file /home/airflow/.local/lib/python3.12/site-packages/airflow/example_dags/tutorial_objectstorage.py for tasks to queue
[2026-06-10T22:29:45.877+0000] {logging_mixin.py:188} INFO - [2026-06-10T22:29:45.877+0000] {dagbag.py:545} INFO - Filling up the DagBag from /home/airflow/.local/lib/python3.12/site-packages/airflow/example_dags/tutorial_objectstorage.py
[2026-06-10T22:29:45.886+0000] {processor.py:840} INFO - DAG(s) 'tutorial_objectstorage' retrieved from /home/airflow/.local/lib/python3.12/site-packages/airflow/example_dags/tutorial_objectstorage.py
[2026-06-10T22:29:45.910+0000] {logging_mixin.py:188} INFO - [2026-06-10T22:29:45.910+0000] {dag.py:3096} INFO - Sync 1 DAGs
[2026-06-10T22:29:45.926+0000] {logging_mixin.py:188} INFO - [2026-06-10T22:29:45.925+0000] {dag.py:3954} INFO - Setting next_dagrun for tutorial_objectstorage to None, run_after=None
[2026-06-10T22:29:45.945+0000] {processor.py:183} INFO - Processing /home/airflow/.local/lib/python3.12/site-packages/airflow/example_dags/tutorial_objectstorage.py took 0.078 seconds
[2026-06-10T22:30:16.756+0000] {processor.py:161} INFO - Started process (PID=1816) to work on /home/airflow/.local/lib/python3.12/site-packages/airflow/example_dags/tutorial_objectstorage.py
[2026-06-10T22:30:16.757+0000] {processor.py:830} INFO - Processing file /home/airflow/.local/lib/python3.12/site-packages/airflow/example_dags/tutorial_objectstorage.py for tasks to queue
[2026-06-10T22:30:16.759+0000] {logging_mixin.py:188} INFO - [2026-06-10T22:30:16.759+0000] {dagbag.py:545} INFO - Filling up the DagBag from /home/airflow/.local/lib/python3.12/site-packages/airflow/example_dags/tutorial_objectstorage.py
[2026-06-10T22:30:16.768+0000] {processor.py:840} INFO - DAG(s) 'tutorial_objectstorage' retrieved from /home/airflow/.local/lib/python3.12/site-packages/airflow/example_dags/tutorial_objectstorage.py
[2026-06-10T22:30:16.792+0000] {logging_mixin.py:188} INFO - [2026-06-10T22:30:16.792+0000] {dag.py:3096} INFO - Sync 1 DAGs
[2026-06-10T22:30:16.809+0000] {logging_mixin.py:188} INFO - [2026-06-10T22:30:16.809+0000] {dag.py:3954} INFO - Setting next_dagrun for tutorial_objectstorage to None, run_after=None
[2026-06-10T22:30:16.830+0000] {processor.py:183} INFO - Processing /home/airflow/.local/lib/python3.12/site-packages/airflow/example_dags/tutorial_objectstorage.py took 0.081 seconds
[2026-06-10T22:30:47.239+0000] {processor.py:161} INFO - Started process (PID=1877) to work on /home/airflow/.local/lib/python3.12/site-packages/airflow/example_dags/tutorial_objectstorage.py
[2026-06-10T22:30:47.240+0000] {processor.py:830} INFO - Processing file /home/airflow/.local/lib/python3.12/site-packages/airflow/example_dags/tutorial_objectstorage.py for tasks to queue
[2026-06-10T22:30:47.242+0000] {logging_mixin.py:188} INFO - [2026-06-10T22:30:47.242+0000] {dagbag.py:545} INFO - Filling up the DagBag from /home/airflow/.local/lib/python3.12/site-packages/airflow/example_dags/tutorial_objectstorage.py
[2026-06-10T22:30:47.251+0000] {processor.py:840} INFO - DAG(s) 'tutorial_objectstorage' retrieved from /home/airflow/.local/lib/python3.12/site-packages/airflow/example_dags/tutorial_objectstorage.py
[2026-06-10T22:30:47.274+0000] {logging_mixin.py:188} INFO - [2026-06-10T22:30:47.274+0000] {dag.py:3096} INFO - Sync 1 DAGs
[2026-06-10T22:30:47.290+0000] {logging_mixin.py:188} INFO - [2026-06-10T22:30:47.290+0000] {dag.py:3954} INFO - Setting next_dagrun for tutorial_objectstorage to None, run_after=None
[2026-06-10T22:30:47.311+0000] {processor.py:183} INFO - Processing /home/airflow/.local/lib/python3.12/site-packages/airflow/example_dags/tutorial_objectstorage.py took 0.079 seconds
[2026-06-10T22:31:17.980+0000] {processor.py:161} INFO - Started process (PID=1938) to work on /home/airflow/.local/lib/python3.12/site-packages/airflow/example_dags/tutorial_objectstorage.py
[2026-06-10T22:31:17.983+0000] {processor.py:830} INFO - Processing file /home/airflow/.local/lib/python3.12/site-packages/airflow/example_dags/tutorial_objectstorage.py for tasks to queue
[2026-06-10T22:31:17.987+0000] {logging_mixin.py:188} INFO - [2026-06-10T22:31:17.984+0000] {dagbag.py:545} INFO - Filling up the DagBag from /home/airflow/.local/lib/python3.12/site-packages/airflow/example_dags/tutorial_objectstorage.py
[2026-06-10T22:31:18.011+0000] {processor.py:840} INFO - DAG(s) 'tutorial_objectstorage' retrieved from /home/airflow/.local/lib/python3.12/site-packages/airflow/example_dags/tutorial_objectstorage.py
[2026-06-10T22:31:18.087+0000] {logging_mixin.py:188} INFO - [2026-06-10T22:31:18.086+0000] {dag.py:3096} INFO - Sync 1 DAGs
[2026-06-10T22:31:18.130+0000] {logging_mixin.py:188} INFO - [2026-06-10T22:31:18.124+0000] {dag.py:3954} INFO - Setting next_dagrun for tutorial_objectstorage to None, run_after=None
[2026-06-10T22:31:18.174+0000] {processor.py:183} INFO - Processing /home/airflow/.local/lib/python3.12/site-packages/airflow/example_dags/tutorial_objectstorage.py took 0.211 seconds
[2026-06-10T22:31:49.117+0000] {processor.py:161} INFO - Started process (PID=1999) to work on /home/airflow/.local/lib/python3.12/site-packages/airflow/example_dags/tutorial_objectstorage.py
[2026-06-10T22:31:49.120+0000] {processor.py:830} INFO - Processing file /home/airflow/.local/lib/python3.12/site-packages/airflow/example_dags/tutorial_objectstorage.py for tasks to queue
[2026-06-10T22:31:49.125+0000] {logging_mixin.py:188} INFO - [2026-06-10T22:31:49.125+0000] {dagbag.py:545} INFO - Filling up the DagBag from /home/airflow/.local/lib/python3.12/site-packages/airflow/example_dags/tutorial_objectstorage.py
[2026-06-10T22:31:49.148+0000] {processor.py:840} INFO - DAG(s) 'tutorial_objectstorage' retrieved from /home/airflow/.local/lib/python3.12/site-packages/airflow/example_dags/tutorial_objectstorage.py
[2026-06-10T22:31:49.210+0000] {logging_mixin.py:188} INFO - [2026-06-10T22:31:49.210+0000] {dag.py:3096} INFO - Sync 1 DAGs
[2026-06-10T22:31:49.264+0000] {logging_mixin.py:188} INFO - [2026-06-10T22:31:49.264+0000] {dag.py:3954} INFO - Setting next_dagrun for tutorial_objectstorage to None, run_after=None
[2026-06-10T22:31:49.309+0000] {processor.py:183} INFO - Processing /home/airflow/.local/lib/python3.12/site-packages/airflow/example_dags/tutorial_objectstorage.py took 0.203 seconds
[2026-06-10T22:32:19.585+0000] {processor.py:161} INFO - Started process (PID=2060) to work on /home/airflow/.local/lib/python3.12/site-packages/airflow/example_dags/tutorial_objectstorage.py
[2026-06-10T22:32:19.587+0000] {processor.py:830} INFO - Processing file /home/airflow/.local/lib/python3.12/site-packages/airflow/example_dags/tutorial_objectstorage.py for tasks to queue
[2026-06-10T22:32:19.591+0000] {logging_mixin.py:188} INFO - [2026-06-10T22:32:19.591+0000] {dagbag.py:545} INFO - Filling up the DagBag from /home/airflow/.local/lib/python3.12/site-packages/airflow/example_dags/tutorial_objectstorage.py
[2026-06-10T22:32:19.610+0000] {processor.py:840} INFO - DAG(s) 'tutorial_objectstorage' retrieved from /home/airflow/.local/lib/python3.12/site-packages/airflow/example_dags/tutorial_objectstorage.py
[2026-06-10T22:32:19.649+0000] {logging_mixin.py:188} INFO - [2026-06-10T22:32:19.649+0000] {dag.py:3096} INFO - Sync 1 DAGs
[2026-06-10T22:32:19.668+0000] {logging_mixin.py:188} INFO - [2026-06-10T22:32:19.668+0000] {dag.py:3954} INFO - Setting next_dagrun for tutorial_objectstorage to None, run_after=None
[2026-06-10T22:32:19.705+0000] {processor.py:183} INFO - Processing /home/airflow/.local/lib/python3.12/site-packages/airflow/example_dags/tutorial_objectstorage.py took 0.140 seconds
[2026-06-10T22:32:50.483+0000] {processor.py:161} INFO - Started process (PID=2120) to work on /home/airflow/.local/lib/python3.12/site-packages/airflow/example_dags/tutorial_objectstorage.py
[2026-06-10T22:32:50.484+0000] {processor.py:830} INFO - Processing file /home/airflow/.local/lib/python3.12/site-packages/airflow/example_dags/tutorial_objectstorage.py for tasks to queue
[2026-06-10T22:32:50.487+0000] {logging_mixin.py:188} INFO - [2026-06-10T22:32:50.487+0000] {dagbag.py:545} INFO - Filling up the DagBag from /home/airflow/.local/lib/python3.12/site-packages/airflow/example_dags/tutorial_objectstorage.py
[2026-06-10T22:32:50.503+0000] {processor.py:840} INFO - DAG(s) 'tutorial_objectstorage' retrieved from /home/airflow/.local/lib/python3.12/site-packages/airflow/example_dags/tutorial_objectstorage.py
[2026-06-10T22:32:50.553+0000] {logging_mixin.py:188} INFO - [2026-06-10T22:32:50.552+0000] {dag.py:3096} INFO - Sync 1 DAGs
[2026-06-10T22:32:50.592+0000] {logging_mixin.py:188} INFO - [2026-06-10T22:32:50.592+0000] {dag.py:3954} INFO - Setting next_dagrun for tutorial_objectstorage to None, run_after=None
[2026-06-10T22:32:50.647+0000] {processor.py:183} INFO - Processing /home/airflow/.local/lib/python3.12/site-packages/airflow/example_dags/tutorial_objectstorage.py took 0.179 seconds
[2026-06-10T22:33:20.780+0000] {processor.py:161} INFO - Started process (PID=2181) to work on /home/airflow/.local/lib/python3.12/site-packages/airflow/example_dags/tutorial_objectstorage.py
[2026-06-10T22:33:20.780+0000] {processor.py:830} INFO - Processing file /home/airflow/.local/lib/python3.12/site-packages/airflow/example_dags/tutorial_objectstorage.py for tasks to queue
[2026-06-10T22:33:20.782+0000] {logging_mixin.py:188} INFO - [2026-06-10T22:33:20.782+0000] {dagbag.py:545} INFO - Filling up the DagBag from /home/airflow/.local/lib/python3.12/site-packages/airflow/example_dags/tutorial_objectstorage.py
[2026-06-10T22:33:20.794+0000] {processor.py:840} INFO - DAG(s) 'tutorial_objectstorage' retrieved from /home/airflow/.local/lib/python3.12/site-packages/airflow/example_dags/tutorial_objectstorage.py
[2026-06-10T22:33:20.886+0000] {logging_mixin.py:188} INFO - [2026-06-10T22:33:20.885+0000] {dag.py:3096} INFO - Sync 1 DAGs
[2026-06-10T22:33:20.931+0000] {logging_mixin.py:188} INFO - [2026-06-10T22:33:20.931+0000] {dag.py:3954} INFO - Setting next_dagrun for tutorial_objectstorage to None, run_after=None
[2026-06-10T22:33:20.972+0000] {processor.py:183} INFO - Processing /home/airflow/.local/lib/python3.12/site-packages/airflow/example_dags/tutorial_objectstorage.py took 0.199 seconds
[2026-06-10T22:33:51.578+0000] {processor.py:161} INFO - Started process (PID=2242) to work on /home/airflow/.local/lib/python3.12/site-packages/airflow/example_dags/tutorial_objectstorage.py
[2026-06-10T22:33:51.586+0000] {processor.py:830} INFO - Processing file /home/airflow/.local/lib/python3.12/site-packages/airflow/example_dags/tutorial_objectstorage.py for tasks to queue
[2026-06-10T22:33:51.593+0000] {logging_mixin.py:188} INFO - [2026-06-10T22:33:51.593+0000] {dagbag.py:545} INFO - Filling up the DagBag from /home/airflow/.local/lib/python3.12/site-packages/airflow/example_dags/tutorial_objectstorage.py
[2026-06-10T22:33:51.611+0000] {processor.py:840} INFO - DAG(s) 'tutorial_objectstorage' retrieved from /home/airflow/.local/lib/python3.12/site-packages/airflow/example_dags/tutorial_objectstorage.py
[2026-06-10T22:33:51.636+0000] {logging_mixin.py:188} INFO - [2026-06-10T22:33:51.636+0000] {dag.py:3096} INFO - Sync 1 DAGs
[2026-06-10T22:33:51.652+0000] {logging_mixin.py:188} INFO - [2026-06-10T22:33:51.652+0000] {dag.py:3954} INFO - Setting next_dagrun for tutorial_objectstorage to None, run_after=None
[2026-06-10T22:33:51.673+0000] {processor.py:183} INFO - Processing /home/airflow/.local/lib/python3.12/site-packages/airflow/example_dags/tutorial_objectstorage.py took 0.113 seconds
[2026-06-10T22:34:22.353+0000] {processor.py:161} INFO - Started process (PID=2303) to work on /home/airflow/.local/lib/python3.12/site-packages/airflow/example_dags/tutorial_objectstorage.py
[2026-06-10T22:34:22.353+0000] {processor.py:830} INFO - Processing file /home/airflow/.local/lib/python3.12/site-packages/airflow/example_dags/tutorial_objectstorage.py for tasks to queue
[2026-06-10T22:34:22.355+0000] {logging_mixin.py:188} INFO - [2026-06-10T22:34:22.355+0000] {dagbag.py:545} INFO - Filling up the DagBag from /home/airflow/.local/lib/python3.12/site-packages/airflow/example_dags/tutorial_objectstorage.py
[2026-06-10T22:34:22.364+0000] {processor.py:840} INFO - DAG(s) 'tutorial_objectstorage' retrieved from /home/airflow/.local/lib/python3.12/site-packages/airflow/example_dags/tutorial_objectstorage.py
[2026-06-10T22:34:22.397+0000] {logging_mixin.py:188} INFO - [2026-06-10T22:34:22.397+0000] {dag.py:3096} INFO - Sync 1 DAGs
[2026-06-10T22:34:22.417+0000] {logging_mixin.py:188} INFO - [2026-06-10T22:34:22.417+0000] {dag.py:3954} INFO - Setting next_dagrun for tutorial_objectstorage to None, run_after=None
[2026-06-10T22:34:22.438+0000] {processor.py:183} INFO - Processing /home/airflow/.local/lib/python3.12/site-packages/airflow/example_dags/tutorial_objectstorage.py took 0.093 seconds
[2026-06-10T22:34:52.751+0000] {processor.py:161} INFO - Started process (PID=2364) to work on /home/airflow/.local/lib/python3.12/site-packages/airflow/example_dags/tutorial_objectstorage.py
[2026-06-10T22:34:52.756+0000] {processor.py:830} INFO - Processing file /home/airflow/.local/lib/python3.12/site-packages/airflow/example_dags/tutorial_objectstorage.py for tasks to queue
[2026-06-10T22:34:52.758+0000] {logging_mixin.py:188} INFO - [2026-06-10T22:34:52.757+0000] {dagbag.py:545} INFO - Filling up the DagBag from /home/airflow/.local/lib/python3.12/site-packages/airflow/example_dags/tutorial_objectstorage.py
[2026-06-10T22:34:52.775+0000] {processor.py:840} INFO - DAG(s) 'tutorial_objectstorage' retrieved from /home/airflow/.local/lib/python3.12/site-packages/airflow/example_dags/tutorial_objectstorage.py
[2026-06-10T22:34:52.818+0000] {logging_mixin.py:188} INFO - [2026-06-10T22:34:52.818+0000] {dag.py:3096} INFO - Sync 1 DAGs
[2026-06-10T22:34:52.849+0000] {logging_mixin.py:188} INFO - [2026-06-10T22:34:52.849+0000] {dag.py:3954} INFO - Setting next_dagrun for tutorial_objectstorage to None, run_after=None
[2026-06-10T22:34:52.906+0000] {processor.py:183} INFO - Processing /home/airflow/.local/lib/python3.12/site-packages/airflow/example_dags/tutorial_objectstorage.py took 0.167 seconds
[2026-06-10T22:35:23.385+0000] {processor.py:161} INFO - Started process (PID=2424) to work on /home/airflow/.local/lib/python3.12/site-packages/airflow/example_dags/tutorial_objectstorage.py
[2026-06-10T22:35:23.386+0000] {processor.py:830} INFO - Processing file /home/airflow/.local/lib/python3.12/site-packages/airflow/example_dags/tutorial_objectstorage.py for tasks to queue
[2026-06-10T22:35:23.388+0000] {logging_mixin.py:188} INFO - [2026-06-10T22:35:23.387+0000] {dagbag.py:545} INFO - Filling up the DagBag from /home/airflow/.local/lib/python3.12/site-packages/airflow/example_dags/tutorial_objectstorage.py
[2026-06-10T22:35:23.404+0000] {processor.py:840} INFO - DAG(s) 'tutorial_objectstorage' retrieved from /home/airflow/.local/lib/python3.12/site-packages/airflow/example_dags/tutorial_objectstorage.py
[2026-06-10T22:35:23.443+0000] {logging_mixin.py:188} INFO - [2026-06-10T22:35:23.443+0000] {dag.py:3096} INFO - Sync 1 DAGs
[2026-06-10T22:35:23.464+0000] {logging_mixin.py:188} INFO - [2026-06-10T22:35:23.464+0000] {dag.py:3954} INFO - Setting next_dagrun for tutorial_objectstorage to None, run_after=None
[2026-06-10T22:35:23.548+0000] {processor.py:183} INFO - Processing /home/airflow/.local/lib/python3.12/site-packages/airflow/example_dags/tutorial_objectstorage.py took 0.170 seconds
[2026-06-10T22:35:54.360+0000] {processor.py:161} INFO - Started process (PID=2485) to work on /home/airflow/.local/lib/python3.12/site-packages/airflow/example_dags/tutorial_objectstorage.py
[2026-06-10T22:35:54.361+0000] {processor.py:830} INFO - Processing file /home/airflow/.local/lib/python3.12/site-packages/airflow/example_dags/tutorial_objectstorage.py for tasks to queue
[2026-06-10T22:35:54.363+0000] {logging_mixin.py:188} INFO - [2026-06-10T22:35:54.362+0000] {dagbag.py:545} INFO - Filling up the DagBag from /home/airflow/.local/lib/python3.12/site-packages/airflow/example_dags/tutorial_objectstorage.py
[2026-06-10T22:35:54.371+0000] {processor.py:840} INFO - DAG(s) 'tutorial_objectstorage' retrieved from /home/airflow/.local/lib/python3.12/site-packages/airflow/example_dags/tutorial_objectstorage.py
[2026-06-10T22:35:54.394+0000] {logging_mixin.py:188} INFO - [2026-06-10T22:35:54.394+0000] {dag.py:3096} INFO - Sync 1 DAGs
[2026-06-10T22:35:54.412+0000] {logging_mixin.py:188} INFO - [2026-06-10T22:35:54.412+0000] {dag.py:3954} INFO - Setting next_dagrun for tutorial_objectstorage to None, run_after=None
[2026-06-10T22:35:54.441+0000] {processor.py:183} INFO - Processing /home/airflow/.local/lib/python3.12/site-packages/airflow/example_dags/tutorial_objectstorage.py took 0.089 seconds
[2026-06-10T22:36:25.245+0000] {processor.py:161} INFO - Started process (PID=2545) to work on /home/airflow/.local/lib/python3.12/site-packages/airflow/example_dags/tutorial_objectstorage.py
[2026-06-10T22:36:25.246+0000] {processor.py:830} INFO - Processing file /home/airflow/.local/lib/python3.12/site-packages/airflow/example_dags/tutorial_objectstorage.py for tasks to queue
[2026-06-10T22:36:25.248+0000] {logging_mixin.py:188} INFO - [2026-06-10T22:36:25.248+0000] {dagbag.py:545} INFO - Filling up the DagBag from /home/airflow/.local/lib/python3.12/site-packages/airflow/example_dags/tutorial_objectstorage.py
[2026-06-10T22:36:25.257+0000] {processor.py:840} INFO - DAG(s) 'tutorial_objectstorage' retrieved from /home/airflow/.local/lib/python3.12/site-packages/airflow/example_dags/tutorial_objectstorage.py
[2026-06-10T22:36:25.282+0000] {logging_mixin.py:188} INFO - [2026-06-10T22:36:25.282+0000] {dag.py:3096} INFO - Sync 1 DAGs
[2026-06-10T22:36:25.300+0000] {logging_mixin.py:188} INFO - [2026-06-10T22:36:25.299+0000] {dag.py:3954} INFO - Setting next_dagrun for tutorial_objectstorage to None, run_after=None
[2026-06-10T22:36:25.340+0000] {processor.py:183} INFO - Processing /home/airflow/.local/lib/python3.12/site-packages/airflow/example_dags/tutorial_objectstorage.py took 0.102 seconds
[2026-06-10T22:36:55.568+0000] {processor.py:161} INFO - Started process (PID=2606) to work on /home/airflow/.local/lib/python3.12/site-packages/airflow/example_dags/tutorial_objectstorage.py
[2026-06-10T22:36:55.573+0000] {processor.py:830} INFO - Processing file /home/airflow/.local/lib/python3.12/site-packages/airflow/example_dags/tutorial_objectstorage.py for tasks to queue
[2026-06-10T22:36:55.577+0000] {logging_mixin.py:188} INFO - [2026-06-10T22:36:55.577+0000] {dagbag.py:545} INFO - Filling up the DagBag from /home/airflow/.local/lib/python3.12/site-packages/airflow/example_dags/tutorial_objectstorage.py
[2026-06-10T22:36:55.611+0000] {processor.py:840} INFO - DAG(s) 'tutorial_objectstorage' retrieved from /home/airflow/.local/lib/python3.12/site-packages/airflow/example_dags/tutorial_objectstorage.py
[2026-06-10T22:36:55.660+0000] {logging_mixin.py:188} INFO - [2026-06-10T22:36:55.659+0000] {dag.py:3096} INFO - Sync 1 DAGs
[2026-06-10T22:36:55.679+0000] {logging_mixin.py:188} INFO - [2026-06-10T22:36:55.679+0000] {dag.py:3954} INFO - Setting next_dagrun for tutorial_objectstorage to None, run_after=None
[2026-06-10T22:36:55.700+0000] {processor.py:183} INFO - Processing /home/airflow/.local/lib/python3.12/site-packages/airflow/example_dags/tutorial_objectstorage.py took 0.149 seconds
[2026-06-10T22:37:26.141+0000] {processor.py:161} INFO - Started process (PID=2666) to work on /home/airflow/.local/lib/python3.12/site-packages/airflow/example_dags/tutorial_objectstorage.py
[2026-06-10T22:37:26.142+0000] {processor.py:830} INFO - Processing file /home/airflow/.local/lib/python3.12/site-packages/airflow/example_dags/tutorial_objectstorage.py for tasks to queue
[2026-06-10T22:37:26.144+0000] {logging_mixin.py:188} INFO - [2026-06-10T22:37:26.143+0000] {dagbag.py:545} INFO - Filling up the DagBag from /home/airflow/.local/lib/python3.12/site-packages/airflow/example_dags/tutorial_objectstorage.py
[2026-06-10T22:37:26.152+0000] {processor.py:840} INFO - DAG(s) 'tutorial_objectstorage' retrieved from /home/airflow/.local/lib/python3.12/site-packages/airflow/example_dags/tutorial_objectstorage.py
[2026-06-10T22:37:26.178+0000] {logging_mixin.py:188} INFO - [2026-06-10T22:37:26.177+0000] {dag.py:3096} INFO - Sync 1 DAGs
[2026-06-10T22:37:26.194+0000] {logging_mixin.py:188} INFO - [2026-06-10T22:37:26.194+0000] {dag.py:3954} INFO - Setting next_dagrun for tutorial_objectstorage to None, run_after=None
[2026-06-10T22:37:26.215+0000] {processor.py:183} INFO - Processing /home/airflow/.local/lib/python3.12/site-packages/airflow/example_dags/tutorial_objectstorage.py took 0.081 seconds
[2026-06-10T22:37:56.451+0000] {processor.py:161} INFO - Started process (PID=2727) to work on /home/airflow/.local/lib/python3.12/site-packages/airflow/example_dags/tutorial_objectstorage.py
[2026-06-10T22:37:56.452+0000] {processor.py:830} INFO - Processing file /home/airflow/.local/lib/python3.12/site-packages/airflow/example_dags/tutorial_objectstorage.py for tasks to queue
[2026-06-10T22:37:56.455+0000] {logging_mixin.py:188} INFO - [2026-06-10T22:37:56.454+0000] {dagbag.py:545} INFO - Filling up the DagBag from /home/airflow/.local/lib/python3.12/site-packages/airflow/example_dags/tutorial_objectstorage.py
[2026-06-10T22:37:56.465+0000] {processor.py:840} INFO - DAG(s) 'tutorial_objectstorage' retrieved from /home/airflow/.local/lib/python3.12/site-packages/airflow/example_dags/tutorial_objectstorage.py
[2026-06-10T22:37:56.493+0000] {logging_mixin.py:188} INFO - [2026-06-10T22:37:56.492+0000] {dag.py:3096} INFO - Sync 1 DAGs
[2026-06-10T22:37:56.513+0000] {logging_mixin.py:188} INFO - [2026-06-10T22:37:56.513+0000] {dag.py:3954} INFO - Setting next_dagrun for tutorial_objectstorage to None, run_after=None
[2026-06-10T22:37:56.543+0000] {processor.py:183} INFO - Processing /home/airflow/.local/lib/python3.12/site-packages/airflow/example_dags/tutorial_objectstorage.py took 0.098 seconds
[2026-06-10T22:38:27.130+0000] {processor.py:161} INFO - Started process (PID=2788) to work on /home/airflow/.local/lib/python3.12/site-packages/airflow/example_dags/tutorial_objectstorage.py
[2026-06-10T22:38:27.133+0000] {processor.py:830} INFO - Processing file /home/airflow/.local/lib/python3.12/site-packages/airflow/example_dags/tutorial_objectstorage.py for tasks to queue
[2026-06-10T22:38:27.135+0000] {logging_mixin.py:188} INFO - [2026-06-10T22:38:27.134+0000] {dagbag.py:545} INFO - Filling up the DagBag from /home/airflow/.local/lib/python3.12/site-packages/airflow/example_dags/tutorial_objectstorage.py
[2026-06-10T22:38:27.148+0000] {processor.py:840} INFO - DAG(s) 'tutorial_objectstorage' retrieved from /home/airflow/.local/lib/python3.12/site-packages/airflow/example_dags/tutorial_objectstorage.py
[2026-06-10T22:38:27.205+0000] {logging_mixin.py:188} INFO - [2026-06-10T22:38:27.205+0000] {dag.py:3096} INFO - Sync 1 DAGs
[2026-06-10T22:38:27.271+0000] {logging_mixin.py:188} INFO - [2026-06-10T22:38:27.271+0000] {dag.py:3954} INFO - Setting next_dagrun for tutorial_objectstorage to None, run_after=None
[2026-06-10T22:38:27.344+0000] {processor.py:183} INFO - Processing /home/airflow/.local/lib/python3.12/site-packages/airflow/example_dags/tutorial_objectstorage.py took 0.225 seconds
[2026-06-10T22:38:58.206+0000] {processor.py:161} INFO - Started process (PID=2849) to work on /home/airflow/.local/lib/python3.12/site-packages/airflow/example_dags/tutorial_objectstorage.py
[2026-06-10T22:38:58.211+0000] {processor.py:830} INFO - Processing file /home/airflow/.local/lib/python3.12/site-packages/airflow/example_dags/tutorial_objectstorage.py for tasks to queue
[2026-06-10T22:38:58.215+0000] {logging_mixin.py:188} INFO - [2026-06-10T22:38:58.215+0000] {dagbag.py:545} INFO - Filling up the DagBag from /home/airflow/.local/lib/python3.12/site-packages/airflow/example_dags/tutorial_objectstorage.py
[2026-06-10T22:38:58.229+0000] {processor.py:840} INFO - DAG(s) 'tutorial_objectstorage' retrieved from /home/airflow/.local/lib/python3.12/site-packages/airflow/example_dags/tutorial_objectstorage.py
[2026-06-10T22:38:58.265+0000] {logging_mixin.py:188} INFO - [2026-06-10T22:38:58.265+0000] {dag.py:3096} INFO - Sync 1 DAGs
[2026-06-10T22:38:58.306+0000] {logging_mixin.py:188} INFO - [2026-06-10T22:38:58.305+0000] {dag.py:3954} INFO - Setting next_dagrun for tutorial_objectstorage to None, run_after=None
[2026-06-10T22:38:58.351+0000] {processor.py:183} INFO - Processing /home/airflow/.local/lib/python3.12/site-packages/airflow/example_dags/tutorial_objectstorage.py took 0.158 seconds
[2026-06-10T22:39:29.274+0000] {processor.py:161} INFO - Started process (PID=2910) to work on /home/airflow/.local/lib/python3.12/site-packages/airflow/example_dags/tutorial_objectstorage.py
[2026-06-10T22:39:29.275+0000] {processor.py:830} INFO - Processing file /home/airflow/.local/lib/python3.12/site-packages/airflow/example_dags/tutorial_objectstorage.py for tasks to queue
[2026-06-10T22:39:29.279+0000] {logging_mixin.py:188} INFO - [2026-06-10T22:39:29.279+0000] {dagbag.py:545} INFO - Filling up the DagBag from /home/airflow/.local/lib/python3.12/site-packages/airflow/example_dags/tutorial_objectstorage.py
[2026-06-10T22:39:29.291+0000] {processor.py:840} INFO - DAG(s) 'tutorial_objectstorage' retrieved from /home/airflow/.local/lib/python3.12/site-packages/airflow/example_dags/tutorial_objectstorage.py
[2026-06-10T22:39:29.320+0000] {logging_mixin.py:188} INFO - [2026-06-10T22:39:29.320+0000] {dag.py:3096} INFO - Sync 1 DAGs
[2026-06-10T22:39:29.344+0000] {logging_mixin.py:188} INFO - [2026-06-10T22:39:29.344+0000] {dag.py:3954} INFO - Setting next_dagrun for tutorial_objectstorage to None, run_after=None
[2026-06-10T22:39:29.360+0000] {processor.py:183} INFO - Processing /home/airflow/.local/lib/python3.12/site-packages/airflow/example_dags/tutorial_objectstorage.py took 0.097 seconds
[2026-06-10T22:40:00.003+0000] {processor.py:161} INFO - Started process (PID=2971) to work on /home/airflow/.local/lib/python3.12/site-packages/airflow/example_dags/tutorial_objectstorage.py
[2026-06-10T22:40:00.004+0000] {processor.py:830} INFO - Processing file /home/airflow/.local/lib/python3.12/site-packages/airflow/example_dags/tutorial_objectstorage.py for tasks to queue
[2026-06-10T22:40:00.006+0000] {logging_mixin.py:188} INFO - [2026-06-10T22:40:00.006+0000] {dagbag.py:545} INFO - Filling up the DagBag from /home/airflow/.local/lib/python3.12/site-packages/airflow/example_dags/tutorial_objectstorage.py
[2026-06-10T22:40:00.019+0000] {processor.py:840} INFO - DAG(s) 'tutorial_objectstorage' retrieved from /home/airflow/.local/lib/python3.12/site-packages/airflow/example_dags/tutorial_objectstorage.py
[2026-06-10T22:40:00.073+0000] {logging_mixin.py:188} INFO - [2026-06-10T22:40:00.073+0000] {dag.py:3096} INFO - Sync 1 DAGs
[2026-06-10T22:40:00.094+0000] {logging_mixin.py:188} INFO - [2026-06-10T22:40:00.094+0000] {dag.py:3954} INFO - Setting next_dagrun for tutorial_objectstorage to None, run_after=None
[2026-06-10T22:40:00.129+0000] {processor.py:183} INFO - Processing /home/airflow/.local/lib/python3.12/site-packages/airflow/example_dags/tutorial_objectstorage.py took 0.136 seconds
[2026-06-10T22:40:30.223+0000] {processor.py:161} INFO - Started process (PID=3032) to work on /home/airflow/.local/lib/python3.12/site-packages/airflow/example_dags/tutorial_objectstorage.py
[2026-06-10T22:40:30.224+0000] {processor.py:830} INFO - Processing file /home/airflow/.local/lib/python3.12/site-packages/airflow/example_dags/tutorial_objectstorage.py for tasks to queue
[2026-06-10T22:40:30.226+0000] {logging_mixin.py:188} INFO - [2026-06-10T22:40:30.226+0000] {dagbag.py:545} INFO - Filling up the DagBag from /home/airflow/.local/lib/python3.12/site-packages/airflow/example_dags/tutorial_objectstorage.py
[2026-06-10T22:40:30.237+0000] {processor.py:840} INFO - DAG(s) 'tutorial_objectstorage' retrieved from /home/airflow/.local/lib/python3.12/site-packages/airflow/example_dags/tutorial_objectstorage.py
[2026-06-10T22:40:30.254+0000] {logging_mixin.py:188} INFO - [2026-06-10T22:40:30.254+0000] {dag.py:3096} INFO - Sync 1 DAGs
[2026-06-10T22:40:30.269+0000] {logging_mixin.py:188} INFO - [2026-06-10T22:40:30.268+0000] {dag.py:3954} INFO - Setting next_dagrun for tutorial_objectstorage to None, run_after=None
[2026-06-10T22:40:30.291+0000] {processor.py:183} INFO - Processing /home/airflow/.local/lib/python3.12/site-packages/airflow/example_dags/tutorial_objectstorage.py took 0.080 seconds
[2026-06-10T22:41:00.713+0000] {processor.py:161} INFO - Started process (PID=3093) to work on /home/airflow/.local/lib/python3.12/site-packages/airflow/example_dags/tutorial_objectstorage.py
[2026-06-10T22:41:00.714+0000] {processor.py:830} INFO - Processing file /home/airflow/.local/lib/python3.12/site-packages/airflow/example_dags/tutorial_objectstorage.py for tasks to queue
[2026-06-10T22:41:00.716+0000] {logging_mixin.py:188} INFO - [2026-06-10T22:41:00.716+0000] {dagbag.py:545} INFO - Filling up the DagBag from /home/airflow/.local/lib/python3.12/site-packages/airflow/example_dags/tutorial_objectstorage.py
[2026-06-10T22:41:00.725+0000] {processor.py:840} INFO - DAG(s) 'tutorial_objectstorage' retrieved from /home/airflow/.local/lib/python3.12/site-packages/airflow/example_dags/tutorial_objectstorage.py
[2026-06-10T22:41:00.742+0000] {logging_mixin.py:188} INFO - [2026-06-10T22:41:00.741+0000] {dag.py:3096} INFO - Sync 1 DAGs
[2026-06-10T22:41:00.754+0000] {logging_mixin.py:188} INFO - [2026-06-10T22:41:00.754+0000] {dag.py:3954} INFO - Setting next_dagrun for tutorial_objectstorage to None, run_after=None
[2026-06-10T22:41:00.771+0000] {processor.py:183} INFO - Processing /home/airflow/.local/lib/python3.12/site-packages/airflow/example_dags/tutorial_objectstorage.py took 0.065 seconds
[2026-06-10T22:41:31.080+0000] {processor.py:161} INFO - Started process (PID=3154) to work on /home/airflow/.local/lib/python3.12/site-packages/airflow/example_dags/tutorial_objectstorage.py
[2026-06-10T22:41:31.083+0000] {processor.py:830} INFO - Processing file /home/airflow/.local/lib/python3.12/site-packages/airflow/example_dags/tutorial_objectstorage.py for tasks to queue
[2026-06-10T22:41:31.087+0000] {logging_mixin.py:188} INFO - [2026-06-10T22:41:31.087+0000] {dagbag.py:545} INFO - Filling up the DagBag from /home/airflow/.local/lib/python3.12/site-packages/airflow/example_dags/tutorial_objectstorage.py
[2026-06-10T22:41:31.107+0000] {processor.py:840} INFO - DAG(s) 'tutorial_objectstorage' retrieved from /home/airflow/.local/lib/python3.12/site-packages/airflow/example_dags/tutorial_objectstorage.py
[2026-06-10T22:41:31.166+0000] {logging_mixin.py:188} INFO - [2026-06-10T22:41:31.166+0000] {dag.py:3096} INFO - Sync 1 DAGs
[2026-06-10T22:41:31.184+0000] {logging_mixin.py:188} INFO - [2026-06-10T22:41:31.184+0000] {dag.py:3954} INFO - Setting next_dagrun for tutorial_objectstorage to None, run_after=None
[2026-06-10T22:41:31.208+0000] {processor.py:183} INFO - Processing /home/airflow/.local/lib/python3.12/site-packages/airflow/example_dags/tutorial_objectstorage.py took 0.140 seconds
[2026-06-10T22:42:01.567+0000] {processor.py:161} INFO - Started process (PID=3215) to work on /home/airflow/.local/lib/python3.12/site-packages/airflow/example_dags/tutorial_objectstorage.py
[2026-06-10T22:42:01.568+0000] {processor.py:830} INFO - Processing file /home/airflow/.local/lib/python3.12/site-packages/airflow/example_dags/tutorial_objectstorage.py for tasks to queue
[2026-06-10T22:42:01.571+0000] {logging_mixin.py:188} INFO - [2026-06-10T22:42:01.570+0000] {dagbag.py:545} INFO - Filling up the DagBag from /home/airflow/.local/lib/python3.12/site-packages/airflow/example_dags/tutorial_objectstorage.py
[2026-06-10T22:42:01.583+0000] {processor.py:840} INFO - DAG(s) 'tutorial_objectstorage' retrieved from /home/airflow/.local/lib/python3.12/site-packages/airflow/example_dags/tutorial_objectstorage.py
[2026-06-10T22:42:01.604+0000] {logging_mixin.py:188} INFO - [2026-06-10T22:42:01.603+0000] {dag.py:3096} INFO - Sync 1 DAGs
[2026-06-10T22:42:01.615+0000] {logging_mixin.py:188} INFO - [2026-06-10T22:42:01.614+0000] {dag.py:3954} INFO - Setting next_dagrun for tutorial_objectstorage to None, run_after=None
[2026-06-10T22:42:01.630+0000] {processor.py:183} INFO - Processing /home/airflow/.local/lib/python3.12/site-packages/airflow/example_dags/tutorial_objectstorage.py took 0.070 seconds
[2026-06-10T22:42:32.329+0000] {processor.py:161} INFO - Started process (PID=3276) to work on /home/airflow/.local/lib/python3.12/site-packages/airflow/example_dags/tutorial_objectstorage.py
[2026-06-10T22:42:32.330+0000] {processor.py:830} INFO - Processing file /home/airflow/.local/lib/python3.12/site-packages/airflow/example_dags/tutorial_objectstorage.py for tasks to queue
[2026-06-10T22:42:32.332+0000] {logging_mixin.py:188} INFO - [2026-06-10T22:42:32.332+0000] {dagbag.py:545} INFO - Filling up the DagBag from /home/airflow/.local/lib/python3.12/site-packages/airflow/example_dags/tutorial_objectstorage.py
[2026-06-10T22:42:32.339+0000] {processor.py:840} INFO - DAG(s) 'tutorial_objectstorage' retrieved from /home/airflow/.local/lib/python3.12/site-packages/airflow/example_dags/tutorial_objectstorage.py
[2026-06-10T22:42:32.355+0000] {logging_mixin.py:188} INFO - [2026-06-10T22:42:32.355+0000] {dag.py:3096} INFO - Sync 1 DAGs
[2026-06-10T22:42:32.366+0000] {logging_mixin.py:188} INFO - [2026-06-10T22:42:32.366+0000] {dag.py:3954} INFO - Setting next_dagrun for tutorial_objectstorage to None, run_after=None
[2026-06-10T22:42:32.388+0000] {processor.py:183} INFO - Processing /home/airflow/.local/lib/python3.12/site-packages/airflow/example_dags/tutorial_objectstorage.py took 0.066 seconds
[2026-06-10T22:43:03.149+0000] {processor.py:161} INFO - Started process (PID=3336) to work on /home/airflow/.local/lib/python3.12/site-packages/airflow/example_dags/tutorial_objectstorage.py
[2026-06-10T22:43:03.150+0000] {processor.py:830} INFO - Processing file /home/airflow/.local/lib/python3.12/site-packages/airflow/example_dags/tutorial_objectstorage.py for tasks to queue
[2026-06-10T22:43:03.151+0000] {logging_mixin.py:188} INFO - [2026-06-10T22:43:03.151+0000] {dagbag.py:545} INFO - Filling up the DagBag from /home/airflow/.local/lib/python3.12/site-packages/airflow/example_dags/tutorial_objectstorage.py
[2026-06-10T22:43:03.157+0000] {processor.py:840} INFO - DAG(s) 'tutorial_objectstorage' retrieved from /home/airflow/.local/lib/python3.12/site-packages/airflow/example_dags/tutorial_objectstorage.py
[2026-06-10T22:43:03.179+0000] {logging_mixin.py:188} INFO - [2026-06-10T22:43:03.179+0000] {dag.py:3096} INFO - Sync 1 DAGs
[2026-06-10T22:43:03.193+0000] {logging_mixin.py:188} INFO - [2026-06-10T22:43:03.193+0000] {dag.py:3954} INFO - Setting next_dagrun for tutorial_objectstorage to None, run_after=None
[2026-06-10T22:43:03.209+0000] {processor.py:183} INFO - Processing /home/airflow/.local/lib/python3.12/site-packages/airflow/example_dags/tutorial_objectstorage.py took 0.066 seconds
[2026-06-10T22:43:34.172+0000] {processor.py:161} INFO - Started process (PID=3397) to work on /home/airflow/.local/lib/python3.12/site-packages/airflow/example_dags/tutorial_objectstorage.py
[2026-06-10T22:43:34.173+0000] {processor.py:830} INFO - Processing file /home/airflow/.local/lib/python3.12/site-packages/airflow/example_dags/tutorial_objectstorage.py for tasks to queue
[2026-06-10T22:43:34.178+0000] {logging_mixin.py:188} INFO - [2026-06-10T22:43:34.178+0000] {dagbag.py:545} INFO - Filling up the DagBag from /home/airflow/.local/lib/python3.12/site-packages/airflow/example_dags/tutorial_objectstorage.py
[2026-06-10T22:43:34.199+0000] {processor.py:840} INFO - DAG(s) 'tutorial_objectstorage' retrieved from /home/airflow/.local/lib/python3.12/site-packages/airflow/example_dags/tutorial_objectstorage.py
[2026-06-10T22:43:34.235+0000] {logging_mixin.py:188} INFO - [2026-06-10T22:43:34.235+0000] {dag.py:3096} INFO - Sync 1 DAGs
[2026-06-10T22:43:34.253+0000] {logging_mixin.py:188} INFO - [2026-06-10T22:43:34.253+0000] {dag.py:3954} INFO - Setting next_dagrun for tutorial_objectstorage to None, run_after=None
[2026-06-10T22:43:34.287+0000] {processor.py:183} INFO - Processing /home/airflow/.local/lib/python3.12/site-packages/airflow/example_dags/tutorial_objectstorage.py took 0.127 seconds
[2026-06-10T22:44:04.829+0000] {processor.py:161} INFO - Started process (PID=3458) to work on /home/airflow/.local/lib/python3.12/site-packages/airflow/example_dags/tutorial_objectstorage.py
[2026-06-10T22:44:04.830+0000] {processor.py:830} INFO - Processing file /home/airflow/.local/lib/python3.12/site-packages/airflow/example_dags/tutorial_objectstorage.py for tasks to queue
[2026-06-10T22:44:04.831+0000] {logging_mixin.py:188} INFO - [2026-06-10T22:44:04.831+0000] {dagbag.py:545} INFO - Filling up the DagBag from /home/airflow/.local/lib/python3.12/site-packages/airflow/example_dags/tutorial_objectstorage.py
[2026-06-10T22:44:04.840+0000] {processor.py:840} INFO - DAG(s) 'tutorial_objectstorage' retrieved from /home/airflow/.local/lib/python3.12/site-packages/airflow/example_dags/tutorial_objectstorage.py
[2026-06-10T22:44:04.871+0000] {logging_mixin.py:188} INFO - [2026-06-10T22:44:04.871+0000] {dag.py:3096} INFO - Sync 1 DAGs
[2026-06-10T22:44:04.889+0000] {logging_mixin.py:188} INFO - [2026-06-10T22:44:04.889+0000] {dag.py:3954} INFO - Setting next_dagrun for tutorial_objectstorage to None, run_after=None
[2026-06-10T22:44:04.911+0000] {processor.py:183} INFO - Processing /home/airflow/.local/lib/python3.12/site-packages/airflow/example_dags/tutorial_objectstorage.py took 0.090 seconds
[2026-06-10T22:44:35.369+0000] {processor.py:161} INFO - Started process (PID=3519) to work on /home/airflow/.local/lib/python3.12/site-packages/airflow/example_dags/tutorial_objectstorage.py
[2026-06-10T22:44:35.369+0000] {processor.py:830} INFO - Processing file /home/airflow/.local/lib/python3.12/site-packages/airflow/example_dags/tutorial_objectstorage.py for tasks to queue
[2026-06-10T22:44:35.371+0000] {logging_mixin.py:188} INFO - [2026-06-10T22:44:35.371+0000] {dagbag.py:545} INFO - Filling up the DagBag from /home/airflow/.local/lib/python3.12/site-packages/airflow/example_dags/tutorial_objectstorage.py
[2026-06-10T22:44:35.380+0000] {processor.py:840} INFO - DAG(s) 'tutorial_objectstorage' retrieved from /home/airflow/.local/lib/python3.12/site-packages/airflow/example_dags/tutorial_objectstorage.py
[2026-06-10T22:44:35.411+0000] {logging_mixin.py:188} INFO - [2026-06-10T22:44:35.411+0000] {dag.py:3096} INFO - Sync 1 DAGs
[2026-06-10T22:44:35.430+0000] {logging_mixin.py:188} INFO - [2026-06-10T22:44:35.430+0000] {dag.py:3954} INFO - Setting next_dagrun for tutorial_objectstorage to None, run_after=None
[2026-06-10T22:44:35.450+0000] {processor.py:183} INFO - Processing /home/airflow/.local/lib/python3.12/site-packages/airflow/example_dags/tutorial_objectstorage.py took 0.089 seconds
[2026-06-10T22:45:06.175+0000] {processor.py:161} INFO - Started process (PID=3580) to work on /home/airflow/.local/lib/python3.12/site-packages/airflow/example_dags/tutorial_objectstorage.py
[2026-06-10T22:45:06.176+0000] {processor.py:830} INFO - Processing file /home/airflow/.local/lib/python3.12/site-packages/airflow/example_dags/tutorial_objectstorage.py for tasks to queue
[2026-06-10T22:45:06.178+0000] {logging_mixin.py:188} INFO - [2026-06-10T22:45:06.177+0000] {dagbag.py:545} INFO - Filling up the DagBag from /home/airflow/.local/lib/python3.12/site-packages/airflow/example_dags/tutorial_objectstorage.py
[2026-06-10T22:45:06.185+0000] {processor.py:840} INFO - DAG(s) 'tutorial_objectstorage' retrieved from /home/airflow/.local/lib/python3.12/site-packages/airflow/example_dags/tutorial_objectstorage.py
[2026-06-10T22:45:06.211+0000] {logging_mixin.py:188} INFO - [2026-06-10T22:45:06.211+0000] {dag.py:3096} INFO - Sync 1 DAGs
[2026-06-10T22:45:06.227+0000] {logging_mixin.py:188} INFO - [2026-06-10T22:45:06.226+0000] {dag.py:3954} INFO - Setting next_dagrun for tutorial_objectstorage to None, run_after=None
[2026-06-10T22:45:06.250+0000] {processor.py:183} INFO - Processing /home/airflow/.local/lib/python3.12/site-packages/airflow/example_dags/tutorial_objectstorage.py took 0.084 seconds
[2026-06-10T22:45:36.398+0000] {processor.py:161} INFO - Started process (PID=3638) to work on /home/airflow/.local/lib/python3.12/site-packages/airflow/example_dags/tutorial_objectstorage.py
[2026-06-10T22:45:36.401+0000] {processor.py:830} INFO - Processing file /home/airflow/.local/lib/python3.12/site-packages/airflow/example_dags/tutorial_objectstorage.py for tasks to queue
[2026-06-10T22:45:36.404+0000] {logging_mixin.py:188} INFO - [2026-06-10T22:45:36.404+0000] {dagbag.py:545} INFO - Filling up the DagBag from /home/airflow/.local/lib/python3.12/site-packages/airflow/example_dags/tutorial_objectstorage.py
[2026-06-10T22:45:36.425+0000] {processor.py:840} INFO - DAG(s) 'tutorial_objectstorage' retrieved from /home/airflow/.local/lib/python3.12/site-packages/airflow/example_dags/tutorial_objectstorage.py
[2026-06-10T22:45:36.459+0000] {logging_mixin.py:188} INFO - [2026-06-10T22:45:36.459+0000] {dag.py:3096} INFO - Sync 1 DAGs
[2026-06-10T22:45:36.477+0000] {logging_mixin.py:188} INFO - [2026-06-10T22:45:36.477+0000] {dag.py:3954} INFO - Setting next_dagrun for tutorial_objectstorage to None, run_after=None
[2026-06-10T22:45:36.497+0000] {processor.py:183} INFO - Processing /home/airflow/.local/lib/python3.12/site-packages/airflow/example_dags/tutorial_objectstorage.py took 0.106 seconds
[2026-06-10T22:46:06.831+0000] {processor.py:161} INFO - Started process (PID=3699) to work on /home/airflow/.local/lib/python3.12/site-packages/airflow/example_dags/tutorial_objectstorage.py
[2026-06-10T22:46:06.838+0000] {processor.py:830} INFO - Processing file /home/airflow/.local/lib/python3.12/site-packages/airflow/example_dags/tutorial_objectstorage.py for tasks to queue
[2026-06-10T22:46:06.844+0000] {logging_mixin.py:188} INFO - [2026-06-10T22:46:06.844+0000] {dagbag.py:545} INFO - Filling up the DagBag from /home/airflow/.local/lib/python3.12/site-packages/airflow/example_dags/tutorial_objectstorage.py
[2026-06-10T22:46:06.864+0000] {processor.py:840} INFO - DAG(s) 'tutorial_objectstorage' retrieved from /home/airflow/.local/lib/python3.12/site-packages/airflow/example_dags/tutorial_objectstorage.py
[2026-06-10T22:46:06.918+0000] {logging_mixin.py:188} INFO - [2026-06-10T22:46:06.918+0000] {dag.py:3096} INFO - Sync 1 DAGs
[2026-06-10T22:46:06.936+0000] {logging_mixin.py:188} INFO - [2026-06-10T22:46:06.935+0000] {dag.py:3954} INFO - Setting next_dagrun for tutorial_objectstorage to None, run_after=None
[2026-06-10T22:46:06.963+0000] {processor.py:183} INFO - Processing /home/airflow/.local/lib/python3.12/site-packages/airflow/example_dags/tutorial_objectstorage.py took 0.158 seconds
[2026-06-10T22:46:38.123+0000] {processor.py:161} INFO - Started process (PID=3760) to work on /home/airflow/.local/lib/python3.12/site-packages/airflow/example_dags/tutorial_objectstorage.py
[2026-06-10T22:46:38.128+0000] {processor.py:830} INFO - Processing file /home/airflow/.local/lib/python3.12/site-packages/airflow/example_dags/tutorial_objectstorage.py for tasks to queue
[2026-06-10T22:46:38.130+0000] {logging_mixin.py:188} INFO - [2026-06-10T22:46:38.130+0000] {dagbag.py:545} INFO - Filling up the DagBag from /home/airflow/.local/lib/python3.12/site-packages/airflow/example_dags/tutorial_objectstorage.py
[2026-06-10T22:46:38.140+0000] {processor.py:840} INFO - DAG(s) 'tutorial_objectstorage' retrieved from /home/airflow/.local/lib/python3.12/site-packages/airflow/example_dags/tutorial_objectstorage.py
[2026-06-10T22:46:38.164+0000] {logging_mixin.py:188} INFO - [2026-06-10T22:46:38.164+0000] {dag.py:3096} INFO - Sync 1 DAGs
[2026-06-10T22:46:38.185+0000] {logging_mixin.py:188} INFO - [2026-06-10T22:46:38.185+0000] {dag.py:3954} INFO - Setting next_dagrun for tutorial_objectstorage to None, run_after=None
[2026-06-10T22:46:38.207+0000] {processor.py:183} INFO - Processing /home/airflow/.local/lib/python3.12/site-packages/airflow/example_dags/tutorial_objectstorage.py took 0.119 seconds
[2026-06-10T22:47:09.106+0000] {processor.py:161} INFO - Started process (PID=3821) to work on /home/airflow/.local/lib/python3.12/site-packages/airflow/example_dags/tutorial_objectstorage.py
[2026-06-10T22:47:09.109+0000] {processor.py:830} INFO - Processing file /home/airflow/.local/lib/python3.12/site-packages/airflow/example_dags/tutorial_objectstorage.py for tasks to queue
[2026-06-10T22:47:09.111+0000] {logging_mixin.py:188} INFO - [2026-06-10T22:47:09.110+0000] {dagbag.py:545} INFO - Filling up the DagBag from /home/airflow/.local/lib/python3.12/site-packages/airflow/example_dags/tutorial_objectstorage.py
[2026-06-10T22:47:09.119+0000] {processor.py:840} INFO - DAG(s) 'tutorial_objectstorage' retrieved from /home/airflow/.local/lib/python3.12/site-packages/airflow/example_dags/tutorial_objectstorage.py
[2026-06-10T22:47:09.156+0000] {logging_mixin.py:188} INFO - [2026-06-10T22:47:09.156+0000] {dag.py:3096} INFO - Sync 1 DAGs
[2026-06-10T22:47:09.179+0000] {logging_mixin.py:188} INFO - [2026-06-10T22:47:09.179+0000] {dag.py:3954} INFO - Setting next_dagrun for tutorial_objectstorage to None, run_after=None
[2026-06-10T22:47:09.200+0000] {processor.py:183} INFO - Processing /home/airflow/.local/lib/python3.12/site-packages/airflow/example_dags/tutorial_objectstorage.py took 0.103 seconds
[2026-06-10T22:47:39.926+0000] {processor.py:161} INFO - Started process (PID=3882) to work on /home/airflow/.local/lib/python3.12/site-packages/airflow/example_dags/tutorial_objectstorage.py
[2026-06-10T22:47:39.926+0000] {processor.py:830} INFO - Processing file /home/airflow/.local/lib/python3.12/site-packages/airflow/example_dags/tutorial_objectstorage.py for tasks to queue
[2026-06-10T22:47:39.929+0000] {logging_mixin.py:188} INFO - [2026-06-10T22:47:39.928+0000] {dagbag.py:545} INFO - Filling up the DagBag from /home/airflow/.local/lib/python3.12/site-packages/airflow/example_dags/tutorial_objectstorage.py
[2026-06-10T22:47:39.937+0000] {processor.py:840} INFO - DAG(s) 'tutorial_objectstorage' retrieved from /home/airflow/.local/lib/python3.12/site-packages/airflow/example_dags/tutorial_objectstorage.py
[2026-06-10T22:47:39.960+0000] {logging_mixin.py:188} INFO - [2026-06-10T22:47:39.960+0000] {dag.py:3096} INFO - Sync 1 DAGs
[2026-06-10T22:47:39.978+0000] {logging_mixin.py:188} INFO - [2026-06-10T22:47:39.977+0000] {dag.py:3954} INFO - Setting next_dagrun for tutorial_objectstorage to None, run_after=None
[2026-06-10T22:47:40.000+0000] {processor.py:183} INFO - Processing /home/airflow/.local/lib/python3.12/site-packages/airflow/example_dags/tutorial_objectstorage.py took 0.088 seconds
[2026-06-10T22:48:10.388+0000] {processor.py:161} INFO - Started process (PID=3943) to work on /home/airflow/.local/lib/python3.12/site-packages/airflow/example_dags/tutorial_objectstorage.py
[2026-06-10T22:48:10.389+0000] {processor.py:830} INFO - Processing file /home/airflow/.local/lib/python3.12/site-packages/airflow/example_dags/tutorial_objectstorage.py for tasks to queue
[2026-06-10T22:48:10.391+0000] {logging_mixin.py:188} INFO - [2026-06-10T22:48:10.391+0000] {dagbag.py:545} INFO - Filling up the DagBag from /home/airflow/.local/lib/python3.12/site-packages/airflow/example_dags/tutorial_objectstorage.py
[2026-06-10T22:48:10.399+0000] {processor.py:840} INFO - DAG(s) 'tutorial_objectstorage' retrieved from /home/airflow/.local/lib/python3.12/site-packages/airflow/example_dags/tutorial_objectstorage.py
[2026-06-10T22:48:10.432+0000] {logging_mixin.py:188} INFO - [2026-06-10T22:48:10.431+0000] {dag.py:3096} INFO - Sync 1 DAGs
[2026-06-10T22:48:10.452+0000] {logging_mixin.py:188} INFO - [2026-06-10T22:48:10.451+0000] {dag.py:3954} INFO - Setting next_dagrun for tutorial_objectstorage to None, run_after=None
[2026-06-10T22:48:10.473+0000] {processor.py:183} INFO - Processing /home/airflow/.local/lib/python3.12/site-packages/airflow/example_dags/tutorial_objectstorage.py took 0.092 seconds
[2026-06-10T22:48:41.715+0000] {processor.py:161} INFO - Started process (PID=4003) to work on /home/airflow/.local/lib/python3.12/site-packages/airflow/example_dags/tutorial_objectstorage.py
[2026-06-10T22:48:41.717+0000] {processor.py:830} INFO - Processing file /home/airflow/.local/lib/python3.12/site-packages/airflow/example_dags/tutorial_objectstorage.py for tasks to queue
[2026-06-10T22:48:41.719+0000] {logging_mixin.py:188} INFO - [2026-06-10T22:48:41.719+0000] {dagbag.py:545} INFO - Filling up the DagBag from /home/airflow/.local/lib/python3.12/site-packages/airflow/example_dags/tutorial_objectstorage.py
[2026-06-10T22:48:41.747+0000] {processor.py:840} INFO - DAG(s) 'tutorial_objectstorage' retrieved from /home/airflow/.local/lib/python3.12/site-packages/airflow/example_dags/tutorial_objectstorage.py
[2026-06-10T22:48:41.813+0000] {logging_mixin.py:188} INFO - [2026-06-10T22:48:41.812+0000] {dag.py:3096} INFO - Sync 1 DAGs
[2026-06-10T22:48:41.851+0000] {logging_mixin.py:188} INFO - [2026-06-10T22:48:41.851+0000] {dag.py:3954} INFO - Setting next_dagrun for tutorial_objectstorage to None, run_after=None
[2026-06-10T22:48:41.905+0000] {processor.py:183} INFO - Processing /home/airflow/.local/lib/python3.12/site-packages/airflow/example_dags/tutorial_objectstorage.py took 0.209 seconds
[2026-06-10T22:49:12.020+0000] {processor.py:161} INFO - Started process (PID=4065) to work on /home/airflow/.local/lib/python3.12/site-packages/airflow/example_dags/tutorial_objectstorage.py
[2026-06-10T22:49:12.021+0000] {processor.py:830} INFO - Processing file /home/airflow/.local/lib/python3.12/site-packages/airflow/example_dags/tutorial_objectstorage.py for tasks to queue
[2026-06-10T22:49:12.023+0000] {logging_mixin.py:188} INFO - [2026-06-10T22:49:12.022+0000] {dagbag.py:545} INFO - Filling up the DagBag from /home/airflow/.local/lib/python3.12/site-packages/airflow/example_dags/tutorial_objectstorage.py
[2026-06-10T22:49:12.033+0000] {processor.py:840} INFO - DAG(s) 'tutorial_objectstorage' retrieved from /home/airflow/.local/lib/python3.12/site-packages/airflow/example_dags/tutorial_objectstorage.py
[2026-06-10T22:49:12.054+0000] {logging_mixin.py:188} INFO - [2026-06-10T22:49:12.054+0000] {dag.py:3096} INFO - Sync 1 DAGs
[2026-06-10T22:49:12.065+0000] {logging_mixin.py:188} INFO - [2026-06-10T22:49:12.065+0000] {dag.py:3954} INFO - Setting next_dagrun for tutorial_objectstorage to None, run_after=None
[2026-06-10T22:49:12.084+0000] {processor.py:183} INFO - Processing /home/airflow/.local/lib/python3.12/site-packages/airflow/example_dags/tutorial_objectstorage.py took 0.072 seconds
[2026-06-10T22:49:42.294+0000] {processor.py:161} INFO - Started process (PID=4126) to work on /home/airflow/.local/lib/python3.12/site-packages/airflow/example_dags/tutorial_objectstorage.py
[2026-06-10T22:49:42.294+0000] {processor.py:830} INFO - Processing file /home/airflow/.local/lib/python3.12/site-packages/airflow/example_dags/tutorial_objectstorage.py for tasks to queue
[2026-06-10T22:49:42.296+0000] {logging_mixin.py:188} INFO - [2026-06-10T22:49:42.296+0000] {dagbag.py:545} INFO - Filling up the DagBag from /home/airflow/.local/lib/python3.12/site-packages/airflow/example_dags/tutorial_objectstorage.py
[2026-06-10T22:49:42.304+0000] {processor.py:840} INFO - DAG(s) 'tutorial_objectstorage' retrieved from /home/airflow/.local/lib/python3.12/site-packages/airflow/example_dags/tutorial_objectstorage.py
[2026-06-10T22:49:42.323+0000] {logging_mixin.py:188} INFO - [2026-06-10T22:49:42.323+0000] {dag.py:3096} INFO - Sync 1 DAGs
[2026-06-10T22:49:42.339+0000] {logging_mixin.py:188} INFO - [2026-06-10T22:49:42.339+0000] {dag.py:3954} INFO - Setting next_dagrun for tutorial_objectstorage to None, run_after=None
[2026-06-10T22:49:42.363+0000] {processor.py:183} INFO - Processing /home/airflow/.local/lib/python3.12/site-packages/airflow/example_dags/tutorial_objectstorage.py took 0.081 seconds
[2026-06-10T22:50:13.163+0000] {processor.py:161} INFO - Started process (PID=4186) to work on /home/airflow/.local/lib/python3.12/site-packages/airflow/example_dags/tutorial_objectstorage.py
[2026-06-10T22:50:13.165+0000] {processor.py:830} INFO - Processing file /home/airflow/.local/lib/python3.12/site-packages/airflow/example_dags/tutorial_objectstorage.py for tasks to queue
[2026-06-10T22:50:13.168+0000] {logging_mixin.py:188} INFO - [2026-06-10T22:50:13.167+0000] {dagbag.py:545} INFO - Filling up the DagBag from /home/airflow/.local/lib/python3.12/site-packages/airflow/example_dags/tutorial_objectstorage.py
[2026-06-10T22:50:13.182+0000] {processor.py:840} INFO - DAG(s) 'tutorial_objectstorage' retrieved from /home/airflow/.local/lib/python3.12/site-packages/airflow/example_dags/tutorial_objectstorage.py
[2026-06-10T22:50:13.211+0000] {logging_mixin.py:188} INFO - [2026-06-10T22:50:13.211+0000] {dag.py:3096} INFO - Sync 1 DAGs
[2026-06-10T22:50:13.228+0000] {logging_mixin.py:188} INFO - [2026-06-10T22:50:13.228+0000] {dag.py:3954} INFO - Setting next_dagrun for tutorial_objectstorage to None, run_after=None
[2026-06-10T22:50:13.251+0000] {processor.py:183} INFO - Processing /home/airflow/.local/lib/python3.12/site-packages/airflow/example_dags/tutorial_objectstorage.py took 0.095 seconds
[2026-06-10T22:50:43.725+0000] {processor.py:161} INFO - Started process (PID=4247) to work on /home/airflow/.local/lib/python3.12/site-packages/airflow/example_dags/tutorial_objectstorage.py
[2026-06-10T22:50:43.732+0000] {processor.py:830} INFO - Processing file /home/airflow/.local/lib/python3.12/site-packages/airflow/example_dags/tutorial_objectstorage.py for tasks to queue
[2026-06-10T22:50:43.736+0000] {logging_mixin.py:188} INFO - [2026-06-10T22:50:43.734+0000] {dagbag.py:545} INFO - Filling up the DagBag from /home/airflow/.local/lib/python3.12/site-packages/airflow/example_dags/tutorial_objectstorage.py
[2026-06-10T22:50:43.746+0000] {processor.py:840} INFO - DAG(s) 'tutorial_objectstorage' retrieved from /home/airflow/.local/lib/python3.12/site-packages/airflow/example_dags/tutorial_objectstorage.py
[2026-06-10T22:50:43.772+0000] {logging_mixin.py:188} INFO - [2026-06-10T22:50:43.772+0000] {dag.py:3096} INFO - Sync 1 DAGs
[2026-06-10T22:50:43.789+0000] {logging_mixin.py:188} INFO - [2026-06-10T22:50:43.789+0000] {dag.py:3954} INFO - Setting next_dagrun for tutorial_objectstorage to None, run_after=None
[2026-06-10T22:50:43.818+0000] {processor.py:183} INFO - Processing /home/airflow/.local/lib/python3.12/site-packages/airflow/example_dags/tutorial_objectstorage.py took 0.121 seconds
[2026-06-10T22:51:14.248+0000] {processor.py:161} INFO - Started process (PID=4308) to work on /home/airflow/.local/lib/python3.12/site-packages/airflow/example_dags/tutorial_objectstorage.py
[2026-06-10T22:51:14.248+0000] {processor.py:830} INFO - Processing file /home/airflow/.local/lib/python3.12/site-packages/airflow/example_dags/tutorial_objectstorage.py for tasks to queue
[2026-06-10T22:51:14.250+0000] {logging_mixin.py:188} INFO - [2026-06-10T22:51:14.250+0000] {dagbag.py:545} INFO - Filling up the DagBag from /home/airflow/.local/lib/python3.12/site-packages/airflow/example_dags/tutorial_objectstorage.py
[2026-06-10T22:51:14.260+0000] {processor.py:840} INFO - DAG(s) 'tutorial_objectstorage' retrieved from /home/airflow/.local/lib/python3.12/site-packages/airflow/example_dags/tutorial_objectstorage.py
[2026-06-10T22:51:14.285+0000] {logging_mixin.py:188} INFO - [2026-06-10T22:51:14.285+0000] {dag.py:3096} INFO - Sync 1 DAGs
[2026-06-10T22:51:14.301+0000] {logging_mixin.py:188} INFO - [2026-06-10T22:51:14.301+0000] {dag.py:3954} INFO - Setting next_dagrun for tutorial_objectstorage to None, run_after=None
[2026-06-10T22:51:14.325+0000] {processor.py:183} INFO - Processing /home/airflow/.local/lib/python3.12/site-packages/airflow/example_dags/tutorial_objectstorage.py took 0.085 seconds
[2026-06-10T22:51:44.559+0000] {processor.py:161} INFO - Started process (PID=4369) to work on /home/airflow/.local/lib/python3.12/site-packages/airflow/example_dags/tutorial_objectstorage.py
[2026-06-10T22:51:44.563+0000] {processor.py:830} INFO - Processing file /home/airflow/.local/lib/python3.12/site-packages/airflow/example_dags/tutorial_objectstorage.py for tasks to queue
[2026-06-10T22:51:44.565+0000] {logging_mixin.py:188} INFO - [2026-06-10T22:51:44.565+0000] {dagbag.py:545} INFO - Filling up the DagBag from /home/airflow/.local/lib/python3.12/site-packages/airflow/example_dags/tutorial_objectstorage.py
[2026-06-10T22:51:44.577+0000] {processor.py:840} INFO - DAG(s) 'tutorial_objectstorage' retrieved from /home/airflow/.local/lib/python3.12/site-packages/airflow/example_dags/tutorial_objectstorage.py
[2026-06-10T22:51:44.614+0000] {logging_mixin.py:188} INFO - [2026-06-10T22:51:44.614+0000] {dag.py:3096} INFO - Sync 1 DAGs
[2026-06-10T22:51:44.631+0000] {logging_mixin.py:188} INFO - [2026-06-10T22:51:44.631+0000] {dag.py:3954} INFO - Setting next_dagrun for tutorial_objectstorage to None, run_after=None
[2026-06-10T22:51:44.658+0000] {processor.py:183} INFO - Processing /home/airflow/.local/lib/python3.12/site-packages/airflow/example_dags/tutorial_objectstorage.py took 0.108 seconds
[2026-06-10T22:52:15.438+0000] {processor.py:161} INFO - Started process (PID=4430) to work on /home/airflow/.local/lib/python3.12/site-packages/airflow/example_dags/tutorial_objectstorage.py
[2026-06-10T22:52:15.439+0000] {processor.py:830} INFO - Processing file /home/airflow/.local/lib/python3.12/site-packages/airflow/example_dags/tutorial_objectstorage.py for tasks to queue
[2026-06-10T22:52:15.441+0000] {logging_mixin.py:188} INFO - [2026-06-10T22:52:15.441+0000] {dagbag.py:545} INFO - Filling up the DagBag from /home/airflow/.local/lib/python3.12/site-packages/airflow/example_dags/tutorial_objectstorage.py
[2026-06-10T22:52:15.464+0000] {processor.py:840} INFO - DAG(s) 'tutorial_objectstorage' retrieved from /home/airflow/.local/lib/python3.12/site-packages/airflow/example_dags/tutorial_objectstorage.py
[2026-06-10T22:52:15.519+0000] {logging_mixin.py:188} INFO - [2026-06-10T22:52:15.519+0000] {dag.py:3096} INFO - Sync 1 DAGs
[2026-06-10T22:52:15.539+0000] {logging_mixin.py:188} INFO - [2026-06-10T22:52:15.538+0000] {dag.py:3954} INFO - Setting next_dagrun for tutorial_objectstorage to None, run_after=None
[2026-06-10T22:52:15.567+0000] {processor.py:183} INFO - Processing /home/airflow/.local/lib/python3.12/site-packages/airflow/example_dags/tutorial_objectstorage.py took 0.141 seconds
[2026-06-10T22:52:45.929+0000] {processor.py:161} INFO - Started process (PID=4491) to work on /home/airflow/.local/lib/python3.12/site-packages/airflow/example_dags/tutorial_objectstorage.py
[2026-06-10T22:52:45.931+0000] {processor.py:830} INFO - Processing file /home/airflow/.local/lib/python3.12/site-packages/airflow/example_dags/tutorial_objectstorage.py for tasks to queue
[2026-06-10T22:52:45.934+0000] {logging_mixin.py:188} INFO - [2026-06-10T22:52:45.934+0000] {dagbag.py:545} INFO - Filling up the DagBag from /home/airflow/.local/lib/python3.12/site-packages/airflow/example_dags/tutorial_objectstorage.py
[2026-06-10T22:52:45.948+0000] {processor.py:840} INFO - DAG(s) 'tutorial_objectstorage' retrieved from /home/airflow/.local/lib/python3.12/site-packages/airflow/example_dags/tutorial_objectstorage.py
[2026-06-10T22:52:45.976+0000] {logging_mixin.py:188} INFO - [2026-06-10T22:52:45.976+0000] {dag.py:3096} INFO - Sync 1 DAGs
[2026-06-10T22:52:45.995+0000] {logging_mixin.py:188} INFO - [2026-06-10T22:52:45.994+0000] {dag.py:3954} INFO - Setting next_dagrun for tutorial_objectstorage to None, run_after=None
[2026-06-10T22:52:46.021+0000] {processor.py:183} INFO - Processing /home/airflow/.local/lib/python3.12/site-packages/airflow/example_dags/tutorial_objectstorage.py took 0.122 seconds
[2026-06-10T22:53:16.637+0000] {processor.py:161} INFO - Started process (PID=4552) to work on /home/airflow/.local/lib/python3.12/site-packages/airflow/example_dags/tutorial_objectstorage.py
[2026-06-10T22:53:16.638+0000] {processor.py:830} INFO - Processing file /home/airflow/.local/lib/python3.12/site-packages/airflow/example_dags/tutorial_objectstorage.py for tasks to queue
[2026-06-10T22:53:16.641+0000] {logging_mixin.py:188} INFO - [2026-06-10T22:53:16.640+0000] {dagbag.py:545} INFO - Filling up the DagBag from /home/airflow/.local/lib/python3.12/site-packages/airflow/example_dags/tutorial_objectstorage.py
[2026-06-10T22:53:16.650+0000] {processor.py:840} INFO - DAG(s) 'tutorial_objectstorage' retrieved from /home/airflow/.local/lib/python3.12/site-packages/airflow/example_dags/tutorial_objectstorage.py
[2026-06-10T22:53:16.675+0000] {logging_mixin.py:188} INFO - [2026-06-10T22:53:16.675+0000] {dag.py:3096} INFO - Sync 1 DAGs
[2026-06-10T22:53:16.701+0000] {logging_mixin.py:188} INFO - [2026-06-10T22:53:16.701+0000] {dag.py:3954} INFO - Setting next_dagrun for tutorial_objectstorage to None, run_after=None
[2026-06-10T22:53:16.758+0000] {processor.py:183} INFO - Processing /home/airflow/.local/lib/python3.12/site-packages/airflow/example_dags/tutorial_objectstorage.py took 0.127 seconds
[2026-06-10T22:53:47.387+0000] {processor.py:161} INFO - Started process (PID=4612) to work on /home/airflow/.local/lib/python3.12/site-packages/airflow/example_dags/tutorial_objectstorage.py
[2026-06-10T22:53:47.398+0000] {processor.py:830} INFO - Processing file /home/airflow/.local/lib/python3.12/site-packages/airflow/example_dags/tutorial_objectstorage.py for tasks to queue
[2026-06-10T22:53:47.404+0000] {logging_mixin.py:188} INFO - [2026-06-10T22:53:47.404+0000] {dagbag.py:545} INFO - Filling up the DagBag from /home/airflow/.local/lib/python3.12/site-packages/airflow/example_dags/tutorial_objectstorage.py
[2026-06-10T22:53:47.445+0000] {processor.py:840} INFO - DAG(s) 'tutorial_objectstorage' retrieved from /home/airflow/.local/lib/python3.12/site-packages/airflow/example_dags/tutorial_objectstorage.py
[2026-06-10T22:53:47.471+0000] {logging_mixin.py:188} INFO - [2026-06-10T22:53:47.471+0000] {dag.py:3096} INFO - Sync 1 DAGs
[2026-06-10T22:53:47.513+0000] {logging_mixin.py:188} INFO - [2026-06-10T22:53:47.512+0000] {dag.py:3954} INFO - Setting next_dagrun for tutorial_objectstorage to None, run_after=None
[2026-06-10T22:53:47.550+0000] {processor.py:183} INFO - Processing /home/airflow/.local/lib/python3.12/site-packages/airflow/example_dags/tutorial_objectstorage.py took 0.179 seconds
[2026-06-10T22:54:18.485+0000] {processor.py:161} INFO - Started process (PID=4678) to work on /home/airflow/.local/lib/python3.12/site-packages/airflow/example_dags/tutorial_objectstorage.py
[2026-06-10T22:54:18.492+0000] {processor.py:830} INFO - Processing file /home/airflow/.local/lib/python3.12/site-packages/airflow/example_dags/tutorial_objectstorage.py for tasks to queue
[2026-06-10T22:54:18.506+0000] {logging_mixin.py:188} INFO - [2026-06-10T22:54:18.505+0000] {dagbag.py:545} INFO - Filling up the DagBag from /home/airflow/.local/lib/python3.12/site-packages/airflow/example_dags/tutorial_objectstorage.py
[2026-06-10T22:54:18.538+0000] {processor.py:840} INFO - DAG(s) 'tutorial_objectstorage' retrieved from /home/airflow/.local/lib/python3.12/site-packages/airflow/example_dags/tutorial_objectstorage.py
[2026-06-10T22:54:18.589+0000] {logging_mixin.py:188} INFO - [2026-06-10T22:54:18.589+0000] {dag.py:3096} INFO - Sync 1 DAGs
[2026-06-10T22:54:18.631+0000] {logging_mixin.py:188} INFO - [2026-06-10T22:54:18.629+0000] {dag.py:3954} INFO - Setting next_dagrun for tutorial_objectstorage to None, run_after=None
[2026-06-10T22:54:18.695+0000] {processor.py:183} INFO - Processing /home/airflow/.local/lib/python3.12/site-packages/airflow/example_dags/tutorial_objectstorage.py took 0.241 seconds
[2026-06-10T22:54:49.531+0000] {processor.py:161} INFO - Started process (PID=4738) to work on /home/airflow/.local/lib/python3.12/site-packages/airflow/example_dags/tutorial_objectstorage.py
[2026-06-10T22:54:49.533+0000] {processor.py:830} INFO - Processing file /home/airflow/.local/lib/python3.12/site-packages/airflow/example_dags/tutorial_objectstorage.py for tasks to queue
[2026-06-10T22:54:49.538+0000] {logging_mixin.py:188} INFO - [2026-06-10T22:54:49.534+0000] {dagbag.py:545} INFO - Filling up the DagBag from /home/airflow/.local/lib/python3.12/site-packages/airflow/example_dags/tutorial_objectstorage.py
[2026-06-10T22:54:49.565+0000] {processor.py:840} INFO - DAG(s) 'tutorial_objectstorage' retrieved from /home/airflow/.local/lib/python3.12/site-packages/airflow/example_dags/tutorial_objectstorage.py
[2026-06-10T22:54:49.604+0000] {logging_mixin.py:188} INFO - [2026-06-10T22:54:49.603+0000] {dag.py:3096} INFO - Sync 1 DAGs
[2026-06-10T22:54:49.620+0000] {logging_mixin.py:188} INFO - [2026-06-10T22:54:49.620+0000] {dag.py:3954} INFO - Setting next_dagrun for tutorial_objectstorage to None, run_after=None
[2026-06-10T22:54:49.642+0000] {processor.py:183} INFO - Processing /home/airflow/.local/lib/python3.12/site-packages/airflow/example_dags/tutorial_objectstorage.py took 0.120 seconds
[2026-06-10T22:55:20.417+0000] {processor.py:161} INFO - Started process (PID=4799) to work on /home/airflow/.local/lib/python3.12/site-packages/airflow/example_dags/tutorial_objectstorage.py
[2026-06-10T22:55:20.423+0000] {processor.py:830} INFO - Processing file /home/airflow/.local/lib/python3.12/site-packages/airflow/example_dags/tutorial_objectstorage.py for tasks to queue
[2026-06-10T22:55:20.428+0000] {logging_mixin.py:188} INFO - [2026-06-10T22:55:20.427+0000] {dagbag.py:545} INFO - Filling up the DagBag from /home/airflow/.local/lib/python3.12/site-packages/airflow/example_dags/tutorial_objectstorage.py
[2026-06-10T22:55:20.447+0000] {processor.py:840} INFO - DAG(s) 'tutorial_objectstorage' retrieved from /home/airflow/.local/lib/python3.12/site-packages/airflow/example_dags/tutorial_objectstorage.py
[2026-06-10T22:55:20.502+0000] {logging_mixin.py:188} INFO - [2026-06-10T22:55:20.501+0000] {dag.py:3096} INFO - Sync 1 DAGs
[2026-06-10T22:55:20.520+0000] {logging_mixin.py:188} INFO - [2026-06-10T22:55:20.519+0000] {dag.py:3954} INFO - Setting next_dagrun for tutorial_objectstorage to None, run_after=None
[2026-06-10T22:55:20.558+0000] {processor.py:183} INFO - Processing /home/airflow/.local/lib/python3.12/site-packages/airflow/example_dags/tutorial_objectstorage.py took 0.158 seconds
[2026-06-10T22:55:51.147+0000] {processor.py:161} INFO - Started process (PID=4860) to work on /home/airflow/.local/lib/python3.12/site-packages/airflow/example_dags/tutorial_objectstorage.py
[2026-06-10T22:55:51.150+0000] {processor.py:830} INFO - Processing file /home/airflow/.local/lib/python3.12/site-packages/airflow/example_dags/tutorial_objectstorage.py for tasks to queue
[2026-06-10T22:55:51.153+0000] {logging_mixin.py:188} INFO - [2026-06-10T22:55:51.152+0000] {dagbag.py:545} INFO - Filling up the DagBag from /home/airflow/.local/lib/python3.12/site-packages/airflow/example_dags/tutorial_objectstorage.py
[2026-06-10T22:55:51.172+0000] {processor.py:840} INFO - DAG(s) 'tutorial_objectstorage' retrieved from /home/airflow/.local/lib/python3.12/site-packages/airflow/example_dags/tutorial_objectstorage.py
[2026-06-10T22:55:51.242+0000] {logging_mixin.py:188} INFO - [2026-06-10T22:55:51.241+0000] {dag.py:3096} INFO - Sync 1 DAGs
[2026-06-10T22:55:51.268+0000] {logging_mixin.py:188} INFO - [2026-06-10T22:55:51.267+0000] {dag.py:3954} INFO - Setting next_dagrun for tutorial_objectstorage to None, run_after=None
[2026-06-10T22:55:51.298+0000] {processor.py:183} INFO - Processing /home/airflow/.local/lib/python3.12/site-packages/airflow/example_dags/tutorial_objectstorage.py took 0.169 seconds
[2026-06-10T22:56:21.977+0000] {processor.py:161} INFO - Started process (PID=4921) to work on /home/airflow/.local/lib/python3.12/site-packages/airflow/example_dags/tutorial_objectstorage.py
[2026-06-10T22:56:21.978+0000] {processor.py:830} INFO - Processing file /home/airflow/.local/lib/python3.12/site-packages/airflow/example_dags/tutorial_objectstorage.py for tasks to queue
[2026-06-10T22:56:21.980+0000] {logging_mixin.py:188} INFO - [2026-06-10T22:56:21.980+0000] {dagbag.py:545} INFO - Filling up the DagBag from /home/airflow/.local/lib/python3.12/site-packages/airflow/example_dags/tutorial_objectstorage.py
[2026-06-10T22:56:21.989+0000] {processor.py:840} INFO - DAG(s) 'tutorial_objectstorage' retrieved from /home/airflow/.local/lib/python3.12/site-packages/airflow/example_dags/tutorial_objectstorage.py
[2026-06-10T22:56:22.042+0000] {logging_mixin.py:188} INFO - [2026-06-10T22:56:22.040+0000] {dag.py:3096} INFO - Sync 1 DAGs
[2026-06-10T22:56:22.077+0000] {logging_mixin.py:188} INFO - [2026-06-10T22:56:22.077+0000] {dag.py:3954} INFO - Setting next_dagrun for tutorial_objectstorage to None, run_after=None
[2026-06-10T22:56:22.110+0000] {processor.py:183} INFO - Processing /home/airflow/.local/lib/python3.12/site-packages/airflow/example_dags/tutorial_objectstorage.py took 0.140 seconds
[2026-06-10T22:56:52.893+0000] {processor.py:161} INFO - Started process (PID=4981) to work on /home/airflow/.local/lib/python3.12/site-packages/airflow/example_dags/tutorial_objectstorage.py
[2026-06-10T22:56:52.895+0000] {processor.py:830} INFO - Processing file /home/airflow/.local/lib/python3.12/site-packages/airflow/example_dags/tutorial_objectstorage.py for tasks to queue
[2026-06-10T22:56:52.897+0000] {logging_mixin.py:188} INFO - [2026-06-10T22:56:52.897+0000] {dagbag.py:545} INFO - Filling up the DagBag from /home/airflow/.local/lib/python3.12/site-packages/airflow/example_dags/tutorial_objectstorage.py
[2026-06-10T22:56:52.908+0000] {processor.py:840} INFO - DAG(s) 'tutorial_objectstorage' retrieved from /home/airflow/.local/lib/python3.12/site-packages/airflow/example_dags/tutorial_objectstorage.py
[2026-06-10T22:56:52.956+0000] {logging_mixin.py:188} INFO - [2026-06-10T22:56:52.956+0000] {dag.py:3096} INFO - Sync 1 DAGs
[2026-06-10T22:56:53.026+0000] {logging_mixin.py:188} INFO - [2026-06-10T22:56:53.026+0000] {dag.py:3954} INFO - Setting next_dagrun for tutorial_objectstorage to None, run_after=None
[2026-06-10T22:56:53.100+0000] {processor.py:183} INFO - Processing /home/airflow/.local/lib/python3.12/site-packages/airflow/example_dags/tutorial_objectstorage.py took 0.215 seconds
[2026-06-10T22:57:23.687+0000] {processor.py:161} INFO - Started process (PID=5042) to work on /home/airflow/.local/lib/python3.12/site-packages/airflow/example_dags/tutorial_objectstorage.py
[2026-06-10T22:57:23.688+0000] {processor.py:830} INFO - Processing file /home/airflow/.local/lib/python3.12/site-packages/airflow/example_dags/tutorial_objectstorage.py for tasks to queue
[2026-06-10T22:57:23.691+0000] {logging_mixin.py:188} INFO - [2026-06-10T22:57:23.690+0000] {dagbag.py:545} INFO - Filling up the DagBag from /home/airflow/.local/lib/python3.12/site-packages/airflow/example_dags/tutorial_objectstorage.py
[2026-06-10T22:57:23.721+0000] {processor.py:840} INFO - DAG(s) 'tutorial_objectstorage' retrieved from /home/airflow/.local/lib/python3.12/site-packages/airflow/example_dags/tutorial_objectstorage.py
[2026-06-10T22:57:23.776+0000] {logging_mixin.py:188} INFO - [2026-06-10T22:57:23.776+0000] {dag.py:3096} INFO - Sync 1 DAGs
[2026-06-10T22:57:23.797+0000] {logging_mixin.py:188} INFO - [2026-06-10T22:57:23.797+0000] {dag.py:3954} INFO - Setting next_dagrun for tutorial_objectstorage to None, run_after=None
[2026-06-10T22:57:23.851+0000] {processor.py:183} INFO - Processing /home/airflow/.local/lib/python3.12/site-packages/airflow/example_dags/tutorial_objectstorage.py took 0.194 seconds
[2026-06-10T22:57:53.908+0000] {processor.py:161} INFO - Started process (PID=5101) to work on /home/airflow/.local/lib/python3.12/site-packages/airflow/example_dags/tutorial_objectstorage.py
[2026-06-10T22:57:53.910+0000] {processor.py:830} INFO - Processing file /home/airflow/.local/lib/python3.12/site-packages/airflow/example_dags/tutorial_objectstorage.py for tasks to queue
[2026-06-10T22:57:53.911+0000] {logging_mixin.py:188} INFO - [2026-06-10T22:57:53.911+0000] {dagbag.py:545} INFO - Filling up the DagBag from /home/airflow/.local/lib/python3.12/site-packages/airflow/example_dags/tutorial_objectstorage.py
[2026-06-10T22:57:53.922+0000] {processor.py:840} INFO - DAG(s) 'tutorial_objectstorage' retrieved from /home/airflow/.local/lib/python3.12/site-packages/airflow/example_dags/tutorial_objectstorage.py
[2026-06-10T22:57:53.958+0000] {logging_mixin.py:188} INFO - [2026-06-10T22:57:53.958+0000] {dag.py:3096} INFO - Sync 1 DAGs
[2026-06-10T22:57:53.979+0000] {logging_mixin.py:188} INFO - [2026-06-10T22:57:53.978+0000] {dag.py:3954} INFO - Setting next_dagrun for tutorial_objectstorage to None, run_after=None
[2026-06-10T22:57:54.007+0000] {processor.py:183} INFO - Processing /home/airflow/.local/lib/python3.12/site-packages/airflow/example_dags/tutorial_objectstorage.py took 0.109 seconds
[2026-06-10T22:58:24.561+0000] {processor.py:161} INFO - Started process (PID=5162) to work on /home/airflow/.local/lib/python3.12/site-packages/airflow/example_dags/tutorial_objectstorage.py
[2026-06-10T22:58:24.570+0000] {processor.py:830} INFO - Processing file /home/airflow/.local/lib/python3.12/site-packages/airflow/example_dags/tutorial_objectstorage.py for tasks to queue
[2026-06-10T22:58:24.574+0000] {logging_mixin.py:188} INFO - [2026-06-10T22:58:24.574+0000] {dagbag.py:545} INFO - Filling up the DagBag from /home/airflow/.local/lib/python3.12/site-packages/airflow/example_dags/tutorial_objectstorage.py
[2026-06-10T22:58:24.598+0000] {processor.py:840} INFO - DAG(s) 'tutorial_objectstorage' retrieved from /home/airflow/.local/lib/python3.12/site-packages/airflow/example_dags/tutorial_objectstorage.py
[2026-06-10T22:58:24.626+0000] {logging_mixin.py:188} INFO - [2026-06-10T22:58:24.626+0000] {dag.py:3096} INFO - Sync 1 DAGs
[2026-06-10T22:58:24.645+0000] {logging_mixin.py:188} INFO - [2026-06-10T22:58:24.645+0000] {dag.py:3954} INFO - Setting next_dagrun for tutorial_objectstorage to None, run_after=None
[2026-06-10T22:58:24.668+0000] {processor.py:183} INFO - Processing /home/airflow/.local/lib/python3.12/site-packages/airflow/example_dags/tutorial_objectstorage.py took 0.123 seconds
[2026-06-10T22:58:55.491+0000] {processor.py:161} INFO - Started process (PID=5223) to work on /home/airflow/.local/lib/python3.12/site-packages/airflow/example_dags/tutorial_objectstorage.py
[2026-06-10T22:58:55.494+0000] {processor.py:830} INFO - Processing file /home/airflow/.local/lib/python3.12/site-packages/airflow/example_dags/tutorial_objectstorage.py for tasks to queue
[2026-06-10T22:58:55.499+0000] {logging_mixin.py:188} INFO - [2026-06-10T22:58:55.499+0000] {dagbag.py:545} INFO - Filling up the DagBag from /home/airflow/.local/lib/python3.12/site-packages/airflow/example_dags/tutorial_objectstorage.py
[2026-06-10T22:58:55.516+0000] {processor.py:840} INFO - DAG(s) 'tutorial_objectstorage' retrieved from /home/airflow/.local/lib/python3.12/site-packages/airflow/example_dags/tutorial_objectstorage.py
[2026-06-10T22:58:55.546+0000] {logging_mixin.py:188} INFO - [2026-06-10T22:58:55.545+0000] {dag.py:3096} INFO - Sync 1 DAGs
[2026-06-10T22:58:55.563+0000] {logging_mixin.py:188} INFO - [2026-06-10T22:58:55.563+0000] {dag.py:3954} INFO - Setting next_dagrun for tutorial_objectstorage to None, run_after=None
[2026-06-10T22:58:55.601+0000] {processor.py:183} INFO - Processing /home/airflow/.local/lib/python3.12/site-packages/airflow/example_dags/tutorial_objectstorage.py took 0.117 seconds
