[2026-06-12T13:21:19.874+0000] {processor.py:161} INFO - Started process (PID=94) to work on /home/airflow/.local/lib/python3.12/site-packages/airflow/example_dags/example_time_delta_sensor_async.py
[2026-06-12T13:21:19.877+0000] {processor.py:830} INFO - Processing file /home/airflow/.local/lib/python3.12/site-packages/airflow/example_dags/example_time_delta_sensor_async.py for tasks to queue
[2026-06-12T13:21:19.881+0000] {logging_mixin.py:188} INFO - [2026-06-12T13:21:19.881+0000] {dagbag.py:545} INFO - Filling up the DagBag from /home/airflow/.local/lib/python3.12/site-packages/airflow/example_dags/example_time_delta_sensor_async.py
[2026-06-12T13:21:19.890+0000] {processor.py:840} INFO - DAG(s) 'example_time_delta_sensor_async' retrieved from /home/airflow/.local/lib/python3.12/site-packages/airflow/example_dags/example_time_delta_sensor_async.py
[2026-06-12T13:21:20.132+0000] {logging_mixin.py:188} INFO - [2026-06-12T13:21:20.131+0000] {dag.py:3096} INFO - Sync 1 DAGs
[2026-06-12T13:21:20.163+0000] {logging_mixin.py:188} INFO - [2026-06-12T13:21:20.161+0000] {dag.py:3954} INFO - Setting next_dagrun for example_time_delta_sensor_async to None, run_after=None
[2026-06-12T13:21:20.209+0000] {processor.py:183} INFO - Processing /home/airflow/.local/lib/python3.12/site-packages/airflow/example_dags/example_time_delta_sensor_async.py took 0.366 seconds
[2026-06-12T13:21:50.948+0000] {processor.py:161} INFO - Started process (PID=156) to work on /home/airflow/.local/lib/python3.12/site-packages/airflow/example_dags/example_time_delta_sensor_async.py
[2026-06-12T13:21:50.948+0000] {processor.py:830} INFO - Processing file /home/airflow/.local/lib/python3.12/site-packages/airflow/example_dags/example_time_delta_sensor_async.py for tasks to queue
[2026-06-12T13:21:50.950+0000] {logging_mixin.py:188} INFO - [2026-06-12T13:21:50.950+0000] {dagbag.py:545} INFO - Filling up the DagBag from /home/airflow/.local/lib/python3.12/site-packages/airflow/example_dags/example_time_delta_sensor_async.py
[2026-06-12T13:21:50.955+0000] {processor.py:840} INFO - DAG(s) 'example_time_delta_sensor_async' retrieved from /home/airflow/.local/lib/python3.12/site-packages/airflow/example_dags/example_time_delta_sensor_async.py
[2026-06-12T13:21:50.979+0000] {logging_mixin.py:188} INFO - [2026-06-12T13:21:50.979+0000] {dag.py:3096} INFO - Sync 1 DAGs
[2026-06-12T13:21:50.998+0000] {logging_mixin.py:188} INFO - [2026-06-12T13:21:50.998+0000] {dag.py:3954} INFO - Setting next_dagrun for example_time_delta_sensor_async to None, run_after=None
[2026-06-12T13:21:51.018+0000] {processor.py:183} INFO - Processing /home/airflow/.local/lib/python3.12/site-packages/airflow/example_dags/example_time_delta_sensor_async.py took 0.076 seconds
[2026-06-12T13:22:21.293+0000] {processor.py:161} INFO - Started process (PID=218) to work on /home/airflow/.local/lib/python3.12/site-packages/airflow/example_dags/example_time_delta_sensor_async.py
[2026-06-12T13:22:21.295+0000] {processor.py:830} INFO - Processing file /home/airflow/.local/lib/python3.12/site-packages/airflow/example_dags/example_time_delta_sensor_async.py for tasks to queue
[2026-06-12T13:22:21.298+0000] {logging_mixin.py:188} INFO - [2026-06-12T13:22:21.297+0000] {dagbag.py:545} INFO - Filling up the DagBag from /home/airflow/.local/lib/python3.12/site-packages/airflow/example_dags/example_time_delta_sensor_async.py
[2026-06-12T13:22:21.307+0000] {processor.py:840} INFO - DAG(s) 'example_time_delta_sensor_async' retrieved from /home/airflow/.local/lib/python3.12/site-packages/airflow/example_dags/example_time_delta_sensor_async.py
[2026-06-12T13:22:21.343+0000] {logging_mixin.py:188} INFO - [2026-06-12T13:22:21.343+0000] {dag.py:3096} INFO - Sync 1 DAGs
[2026-06-12T13:22:21.370+0000] {logging_mixin.py:188} INFO - [2026-06-12T13:22:21.369+0000] {dag.py:3954} INFO - Setting next_dagrun for example_time_delta_sensor_async to None, run_after=None
[2026-06-12T13:22:21.411+0000] {processor.py:183} INFO - Processing /home/airflow/.local/lib/python3.12/site-packages/airflow/example_dags/example_time_delta_sensor_async.py took 0.131 seconds
[2026-06-12T13:22:52.266+0000] {processor.py:161} INFO - Started process (PID=286) to work on /home/airflow/.local/lib/python3.12/site-packages/airflow/example_dags/example_time_delta_sensor_async.py
[2026-06-12T13:22:52.266+0000] {processor.py:830} INFO - Processing file /home/airflow/.local/lib/python3.12/site-packages/airflow/example_dags/example_time_delta_sensor_async.py for tasks to queue
[2026-06-12T13:22:52.268+0000] {logging_mixin.py:188} INFO - [2026-06-12T13:22:52.268+0000] {dagbag.py:545} INFO - Filling up the DagBag from /home/airflow/.local/lib/python3.12/site-packages/airflow/example_dags/example_time_delta_sensor_async.py
[2026-06-12T13:22:52.272+0000] {processor.py:840} INFO - DAG(s) 'example_time_delta_sensor_async' retrieved from /home/airflow/.local/lib/python3.12/site-packages/airflow/example_dags/example_time_delta_sensor_async.py
[2026-06-12T13:22:52.288+0000] {logging_mixin.py:188} INFO - [2026-06-12T13:22:52.288+0000] {dag.py:3096} INFO - Sync 1 DAGs
[2026-06-12T13:22:52.299+0000] {logging_mixin.py:188} INFO - [2026-06-12T13:22:52.299+0000] {dag.py:3954} INFO - Setting next_dagrun for example_time_delta_sensor_async to None, run_after=None
[2026-06-12T13:22:52.314+0000] {processor.py:183} INFO - Processing /home/airflow/.local/lib/python3.12/site-packages/airflow/example_dags/example_time_delta_sensor_async.py took 0.053 seconds
[2026-06-12T13:23:22.673+0000] {processor.py:161} INFO - Started process (PID=348) to work on /home/airflow/.local/lib/python3.12/site-packages/airflow/example_dags/example_time_delta_sensor_async.py
[2026-06-12T13:23:22.673+0000] {processor.py:830} INFO - Processing file /home/airflow/.local/lib/python3.12/site-packages/airflow/example_dags/example_time_delta_sensor_async.py for tasks to queue
[2026-06-12T13:23:22.675+0000] {logging_mixin.py:188} INFO - [2026-06-12T13:23:22.675+0000] {dagbag.py:545} INFO - Filling up the DagBag from /home/airflow/.local/lib/python3.12/site-packages/airflow/example_dags/example_time_delta_sensor_async.py
[2026-06-12T13:23:22.679+0000] {processor.py:840} INFO - DAG(s) 'example_time_delta_sensor_async' retrieved from /home/airflow/.local/lib/python3.12/site-packages/airflow/example_dags/example_time_delta_sensor_async.py
[2026-06-12T13:23:22.695+0000] {logging_mixin.py:188} INFO - [2026-06-12T13:23:22.695+0000] {dag.py:3096} INFO - Sync 1 DAGs
[2026-06-12T13:23:22.706+0000] {logging_mixin.py:188} INFO - [2026-06-12T13:23:22.706+0000] {dag.py:3954} INFO - Setting next_dagrun for example_time_delta_sensor_async to None, run_after=None
[2026-06-12T13:23:22.722+0000] {processor.py:183} INFO - Processing /home/airflow/.local/lib/python3.12/site-packages/airflow/example_dags/example_time_delta_sensor_async.py took 0.056 seconds
[2026-06-12T13:23:53.064+0000] {processor.py:161} INFO - Started process (PID=410) to work on /home/airflow/.local/lib/python3.12/site-packages/airflow/example_dags/example_time_delta_sensor_async.py
[2026-06-12T13:23:53.065+0000] {processor.py:830} INFO - Processing file /home/airflow/.local/lib/python3.12/site-packages/airflow/example_dags/example_time_delta_sensor_async.py for tasks to queue
[2026-06-12T13:23:53.069+0000] {logging_mixin.py:188} INFO - [2026-06-12T13:23:53.067+0000] {dagbag.py:545} INFO - Filling up the DagBag from /home/airflow/.local/lib/python3.12/site-packages/airflow/example_dags/example_time_delta_sensor_async.py
[2026-06-12T13:23:53.074+0000] {processor.py:840} INFO - DAG(s) 'example_time_delta_sensor_async' retrieved from /home/airflow/.local/lib/python3.12/site-packages/airflow/example_dags/example_time_delta_sensor_async.py
[2026-06-12T13:23:53.098+0000] {logging_mixin.py:188} INFO - [2026-06-12T13:23:53.098+0000] {dag.py:3096} INFO - Sync 1 DAGs
[2026-06-12T13:23:53.128+0000] {logging_mixin.py:188} INFO - [2026-06-12T13:23:53.127+0000] {dag.py:3954} INFO - Setting next_dagrun for example_time_delta_sensor_async to None, run_after=None
[2026-06-12T13:23:53.147+0000] {processor.py:183} INFO - Processing /home/airflow/.local/lib/python3.12/site-packages/airflow/example_dags/example_time_delta_sensor_async.py took 0.090 seconds
[2026-06-12T13:24:23.849+0000] {processor.py:161} INFO - Started process (PID=471) to work on /home/airflow/.local/lib/python3.12/site-packages/airflow/example_dags/example_time_delta_sensor_async.py
[2026-06-12T13:24:23.849+0000] {processor.py:830} INFO - Processing file /home/airflow/.local/lib/python3.12/site-packages/airflow/example_dags/example_time_delta_sensor_async.py for tasks to queue
[2026-06-12T13:24:23.851+0000] {logging_mixin.py:188} INFO - [2026-06-12T13:24:23.851+0000] {dagbag.py:545} INFO - Filling up the DagBag from /home/airflow/.local/lib/python3.12/site-packages/airflow/example_dags/example_time_delta_sensor_async.py
[2026-06-12T13:24:23.855+0000] {processor.py:840} INFO - DAG(s) 'example_time_delta_sensor_async' retrieved from /home/airflow/.local/lib/python3.12/site-packages/airflow/example_dags/example_time_delta_sensor_async.py
[2026-06-12T13:24:23.871+0000] {logging_mixin.py:188} INFO - [2026-06-12T13:24:23.871+0000] {dag.py:3096} INFO - Sync 1 DAGs
[2026-06-12T13:24:23.882+0000] {logging_mixin.py:188} INFO - [2026-06-12T13:24:23.882+0000] {dag.py:3954} INFO - Setting next_dagrun for example_time_delta_sensor_async to None, run_after=None
[2026-06-12T13:24:23.897+0000] {processor.py:183} INFO - Processing /home/airflow/.local/lib/python3.12/site-packages/airflow/example_dags/example_time_delta_sensor_async.py took 0.053 seconds
[2026-06-12T13:24:54.043+0000] {processor.py:161} INFO - Started process (PID=533) to work on /home/airflow/.local/lib/python3.12/site-packages/airflow/example_dags/example_time_delta_sensor_async.py
[2026-06-12T13:24:54.044+0000] {processor.py:830} INFO - Processing file /home/airflow/.local/lib/python3.12/site-packages/airflow/example_dags/example_time_delta_sensor_async.py for tasks to queue
[2026-06-12T13:24:54.046+0000] {logging_mixin.py:188} INFO - [2026-06-12T13:24:54.045+0000] {dagbag.py:545} INFO - Filling up the DagBag from /home/airflow/.local/lib/python3.12/site-packages/airflow/example_dags/example_time_delta_sensor_async.py
[2026-06-12T13:24:54.050+0000] {processor.py:840} INFO - DAG(s) 'example_time_delta_sensor_async' retrieved from /home/airflow/.local/lib/python3.12/site-packages/airflow/example_dags/example_time_delta_sensor_async.py
[2026-06-12T13:24:54.073+0000] {logging_mixin.py:188} INFO - [2026-06-12T13:24:54.073+0000] {dag.py:3096} INFO - Sync 1 DAGs
[2026-06-12T13:24:54.089+0000] {logging_mixin.py:188} INFO - [2026-06-12T13:24:54.089+0000] {dag.py:3954} INFO - Setting next_dagrun for example_time_delta_sensor_async to None, run_after=None
[2026-06-12T13:24:54.109+0000] {processor.py:183} INFO - Processing /home/airflow/.local/lib/python3.12/site-packages/airflow/example_dags/example_time_delta_sensor_async.py took 0.074 seconds
[2026-06-12T13:25:24.856+0000] {processor.py:161} INFO - Started process (PID=595) to work on /home/airflow/.local/lib/python3.12/site-packages/airflow/example_dags/example_time_delta_sensor_async.py
[2026-06-12T13:25:24.857+0000] {processor.py:830} INFO - Processing file /home/airflow/.local/lib/python3.12/site-packages/airflow/example_dags/example_time_delta_sensor_async.py for tasks to queue
[2026-06-12T13:25:24.859+0000] {logging_mixin.py:188} INFO - [2026-06-12T13:25:24.859+0000] {dagbag.py:545} INFO - Filling up the DagBag from /home/airflow/.local/lib/python3.12/site-packages/airflow/example_dags/example_time_delta_sensor_async.py
[2026-06-12T13:25:24.864+0000] {processor.py:840} INFO - DAG(s) 'example_time_delta_sensor_async' retrieved from /home/airflow/.local/lib/python3.12/site-packages/airflow/example_dags/example_time_delta_sensor_async.py
[2026-06-12T13:25:24.888+0000] {logging_mixin.py:188} INFO - [2026-06-12T13:25:24.888+0000] {dag.py:3096} INFO - Sync 1 DAGs
[2026-06-12T13:25:24.906+0000] {logging_mixin.py:188} INFO - [2026-06-12T13:25:24.906+0000] {dag.py:3954} INFO - Setting next_dagrun for example_time_delta_sensor_async to None, run_after=None
[2026-06-12T13:25:24.935+0000] {processor.py:183} INFO - Processing /home/airflow/.local/lib/python3.12/site-packages/airflow/example_dags/example_time_delta_sensor_async.py took 0.086 seconds
[2026-06-12T13:25:56.788+0000] {processor.py:161} INFO - Started process (PID=656) to work on /home/airflow/.local/lib/python3.12/site-packages/airflow/example_dags/example_time_delta_sensor_async.py
[2026-06-12T13:25:56.789+0000] {processor.py:830} INFO - Processing file /home/airflow/.local/lib/python3.12/site-packages/airflow/example_dags/example_time_delta_sensor_async.py for tasks to queue
[2026-06-12T13:25:56.791+0000] {logging_mixin.py:188} INFO - [2026-06-12T13:25:56.790+0000] {dagbag.py:545} INFO - Filling up the DagBag from /home/airflow/.local/lib/python3.12/site-packages/airflow/example_dags/example_time_delta_sensor_async.py
[2026-06-12T13:25:56.798+0000] {processor.py:840} INFO - DAG(s) 'example_time_delta_sensor_async' retrieved from /home/airflow/.local/lib/python3.12/site-packages/airflow/example_dags/example_time_delta_sensor_async.py
[2026-06-12T13:25:56.821+0000] {logging_mixin.py:188} INFO - [2026-06-12T13:25:56.820+0000] {dag.py:3096} INFO - Sync 1 DAGs
[2026-06-12T13:25:56.837+0000] {logging_mixin.py:188} INFO - [2026-06-12T13:25:56.836+0000] {dag.py:3954} INFO - Setting next_dagrun for example_time_delta_sensor_async to None, run_after=None
[2026-06-12T13:25:56.864+0000] {processor.py:183} INFO - Processing /home/airflow/.local/lib/python3.12/site-packages/airflow/example_dags/example_time_delta_sensor_async.py took 0.083 seconds
[2026-06-12T13:26:31.094+0000] {processor.py:161} INFO - Started process (PID=718) to work on /home/airflow/.local/lib/python3.12/site-packages/airflow/example_dags/example_time_delta_sensor_async.py
[2026-06-12T13:26:31.098+0000] {processor.py:830} INFO - Processing file /home/airflow/.local/lib/python3.12/site-packages/airflow/example_dags/example_time_delta_sensor_async.py for tasks to queue
[2026-06-12T13:26:31.103+0000] {logging_mixin.py:188} INFO - [2026-06-12T13:26:31.102+0000] {dagbag.py:545} INFO - Filling up the DagBag from /home/airflow/.local/lib/python3.12/site-packages/airflow/example_dags/example_time_delta_sensor_async.py
[2026-06-12T13:26:31.114+0000] {processor.py:840} INFO - DAG(s) 'example_time_delta_sensor_async' retrieved from /home/airflow/.local/lib/python3.12/site-packages/airflow/example_dags/example_time_delta_sensor_async.py
[2026-06-12T13:26:31.206+0000] {logging_mixin.py:188} INFO - [2026-06-12T13:26:31.205+0000] {dag.py:3096} INFO - Sync 1 DAGs
[2026-06-12T13:26:31.271+0000] {logging_mixin.py:188} INFO - [2026-06-12T13:26:31.271+0000] {dag.py:3954} INFO - Setting next_dagrun for example_time_delta_sensor_async to None, run_after=None
[2026-06-12T13:26:31.339+0000] {processor.py:183} INFO - Processing /home/airflow/.local/lib/python3.12/site-packages/airflow/example_dags/example_time_delta_sensor_async.py took 0.262 seconds
[2026-06-12T13:27:01.608+0000] {processor.py:161} INFO - Started process (PID=779) to work on /home/airflow/.local/lib/python3.12/site-packages/airflow/example_dags/example_time_delta_sensor_async.py
[2026-06-12T13:27:01.609+0000] {processor.py:830} INFO - Processing file /home/airflow/.local/lib/python3.12/site-packages/airflow/example_dags/example_time_delta_sensor_async.py for tasks to queue
[2026-06-12T13:27:01.610+0000] {logging_mixin.py:188} INFO - [2026-06-12T13:27:01.610+0000] {dagbag.py:545} INFO - Filling up the DagBag from /home/airflow/.local/lib/python3.12/site-packages/airflow/example_dags/example_time_delta_sensor_async.py
[2026-06-12T13:27:01.615+0000] {processor.py:840} INFO - DAG(s) 'example_time_delta_sensor_async' retrieved from /home/airflow/.local/lib/python3.12/site-packages/airflow/example_dags/example_time_delta_sensor_async.py
[2026-06-12T13:27:01.638+0000] {logging_mixin.py:188} INFO - [2026-06-12T13:27:01.638+0000] {dag.py:3096} INFO - Sync 1 DAGs
[2026-06-12T13:27:01.654+0000] {logging_mixin.py:188} INFO - [2026-06-12T13:27:01.654+0000] {dag.py:3954} INFO - Setting next_dagrun for example_time_delta_sensor_async to None, run_after=None
[2026-06-12T13:27:01.674+0000] {processor.py:183} INFO - Processing /home/airflow/.local/lib/python3.12/site-packages/airflow/example_dags/example_time_delta_sensor_async.py took 0.073 seconds
[2026-06-12T13:27:32.090+0000] {processor.py:161} INFO - Started process (PID=841) to work on /home/airflow/.local/lib/python3.12/site-packages/airflow/example_dags/example_time_delta_sensor_async.py
[2026-06-12T13:27:32.091+0000] {processor.py:830} INFO - Processing file /home/airflow/.local/lib/python3.12/site-packages/airflow/example_dags/example_time_delta_sensor_async.py for tasks to queue
[2026-06-12T13:27:32.092+0000] {logging_mixin.py:188} INFO - [2026-06-12T13:27:32.092+0000] {dagbag.py:545} INFO - Filling up the DagBag from /home/airflow/.local/lib/python3.12/site-packages/airflow/example_dags/example_time_delta_sensor_async.py
[2026-06-12T13:27:32.096+0000] {processor.py:840} INFO - DAG(s) 'example_time_delta_sensor_async' retrieved from /home/airflow/.local/lib/python3.12/site-packages/airflow/example_dags/example_time_delta_sensor_async.py
[2026-06-12T13:27:32.112+0000] {logging_mixin.py:188} INFO - [2026-06-12T13:27:32.112+0000] {dag.py:3096} INFO - Sync 1 DAGs
[2026-06-12T13:27:32.123+0000] {logging_mixin.py:188} INFO - [2026-06-12T13:27:32.123+0000] {dag.py:3954} INFO - Setting next_dagrun for example_time_delta_sensor_async to None, run_after=None
[2026-06-12T13:27:32.138+0000] {processor.py:183} INFO - Processing /home/airflow/.local/lib/python3.12/site-packages/airflow/example_dags/example_time_delta_sensor_async.py took 0.053 seconds
[2026-06-12T13:28:03.453+0000] {processor.py:161} INFO - Started process (PID=903) to work on /home/airflow/.local/lib/python3.12/site-packages/airflow/example_dags/example_time_delta_sensor_async.py
[2026-06-12T13:28:03.454+0000] {processor.py:830} INFO - Processing file /home/airflow/.local/lib/python3.12/site-packages/airflow/example_dags/example_time_delta_sensor_async.py for tasks to queue
[2026-06-12T13:28:03.456+0000] {logging_mixin.py:188} INFO - [2026-06-12T13:28:03.456+0000] {dagbag.py:545} INFO - Filling up the DagBag from /home/airflow/.local/lib/python3.12/site-packages/airflow/example_dags/example_time_delta_sensor_async.py
[2026-06-12T13:28:03.461+0000] {processor.py:840} INFO - DAG(s) 'example_time_delta_sensor_async' retrieved from /home/airflow/.local/lib/python3.12/site-packages/airflow/example_dags/example_time_delta_sensor_async.py
[2026-06-12T13:28:03.485+0000] {logging_mixin.py:188} INFO - [2026-06-12T13:28:03.484+0000] {dag.py:3096} INFO - Sync 1 DAGs
[2026-06-12T13:28:03.502+0000] {logging_mixin.py:188} INFO - [2026-06-12T13:28:03.501+0000] {dag.py:3954} INFO - Setting next_dagrun for example_time_delta_sensor_async to None, run_after=None
[2026-06-12T13:28:03.522+0000] {processor.py:183} INFO - Processing /home/airflow/.local/lib/python3.12/site-packages/airflow/example_dags/example_time_delta_sensor_async.py took 0.076 seconds
[2026-06-12T13:28:34.471+0000] {processor.py:161} INFO - Started process (PID=965) to work on /home/airflow/.local/lib/python3.12/site-packages/airflow/example_dags/example_time_delta_sensor_async.py
[2026-06-12T13:28:34.472+0000] {processor.py:830} INFO - Processing file /home/airflow/.local/lib/python3.12/site-packages/airflow/example_dags/example_time_delta_sensor_async.py for tasks to queue
[2026-06-12T13:28:34.474+0000] {logging_mixin.py:188} INFO - [2026-06-12T13:28:34.474+0000] {dagbag.py:545} INFO - Filling up the DagBag from /home/airflow/.local/lib/python3.12/site-packages/airflow/example_dags/example_time_delta_sensor_async.py
[2026-06-12T13:28:34.479+0000] {processor.py:840} INFO - DAG(s) 'example_time_delta_sensor_async' retrieved from /home/airflow/.local/lib/python3.12/site-packages/airflow/example_dags/example_time_delta_sensor_async.py
[2026-06-12T13:28:34.501+0000] {logging_mixin.py:188} INFO - [2026-06-12T13:28:34.501+0000] {dag.py:3096} INFO - Sync 1 DAGs
[2026-06-12T13:28:34.517+0000] {logging_mixin.py:188} INFO - [2026-06-12T13:28:34.517+0000] {dag.py:3954} INFO - Setting next_dagrun for example_time_delta_sensor_async to None, run_after=None
[2026-06-12T13:28:34.539+0000] {processor.py:183} INFO - Processing /home/airflow/.local/lib/python3.12/site-packages/airflow/example_dags/example_time_delta_sensor_async.py took 0.075 seconds
[2026-06-12T13:29:06.121+0000] {processor.py:161} INFO - Started process (PID=1027) to work on /home/airflow/.local/lib/python3.12/site-packages/airflow/example_dags/example_time_delta_sensor_async.py
[2026-06-12T13:29:06.122+0000] {processor.py:830} INFO - Processing file /home/airflow/.local/lib/python3.12/site-packages/airflow/example_dags/example_time_delta_sensor_async.py for tasks to queue
[2026-06-12T13:29:06.123+0000] {logging_mixin.py:188} INFO - [2026-06-12T13:29:06.123+0000] {dagbag.py:545} INFO - Filling up the DagBag from /home/airflow/.local/lib/python3.12/site-packages/airflow/example_dags/example_time_delta_sensor_async.py
[2026-06-12T13:29:06.127+0000] {processor.py:840} INFO - DAG(s) 'example_time_delta_sensor_async' retrieved from /home/airflow/.local/lib/python3.12/site-packages/airflow/example_dags/example_time_delta_sensor_async.py
[2026-06-12T13:29:06.146+0000] {logging_mixin.py:188} INFO - [2026-06-12T13:29:06.146+0000] {dag.py:3096} INFO - Sync 1 DAGs
[2026-06-12T13:29:06.157+0000] {logging_mixin.py:188} INFO - [2026-06-12T13:29:06.157+0000] {dag.py:3954} INFO - Setting next_dagrun for example_time_delta_sensor_async to None, run_after=None
[2026-06-12T13:29:06.172+0000] {processor.py:183} INFO - Processing /home/airflow/.local/lib/python3.12/site-packages/airflow/example_dags/example_time_delta_sensor_async.py took 0.056 seconds
[2026-06-12T13:29:37.154+0000] {processor.py:161} INFO - Started process (PID=1089) to work on /home/airflow/.local/lib/python3.12/site-packages/airflow/example_dags/example_time_delta_sensor_async.py
[2026-06-12T13:29:37.155+0000] {processor.py:830} INFO - Processing file /home/airflow/.local/lib/python3.12/site-packages/airflow/example_dags/example_time_delta_sensor_async.py for tasks to queue
[2026-06-12T13:29:37.156+0000] {logging_mixin.py:188} INFO - [2026-06-12T13:29:37.156+0000] {dagbag.py:545} INFO - Filling up the DagBag from /home/airflow/.local/lib/python3.12/site-packages/airflow/example_dags/example_time_delta_sensor_async.py
[2026-06-12T13:29:37.161+0000] {processor.py:840} INFO - DAG(s) 'example_time_delta_sensor_async' retrieved from /home/airflow/.local/lib/python3.12/site-packages/airflow/example_dags/example_time_delta_sensor_async.py
[2026-06-12T13:29:37.186+0000] {logging_mixin.py:188} INFO - [2026-06-12T13:29:37.186+0000] {dag.py:3096} INFO - Sync 1 DAGs
[2026-06-12T13:29:37.202+0000] {logging_mixin.py:188} INFO - [2026-06-12T13:29:37.202+0000] {dag.py:3954} INFO - Setting next_dagrun for example_time_delta_sensor_async to None, run_after=None
[2026-06-12T13:29:37.222+0000] {processor.py:183} INFO - Processing /home/airflow/.local/lib/python3.12/site-packages/airflow/example_dags/example_time_delta_sensor_async.py took 0.075 seconds
[2026-06-12T13:30:08.011+0000] {processor.py:161} INFO - Started process (PID=1151) to work on /home/airflow/.local/lib/python3.12/site-packages/airflow/example_dags/example_time_delta_sensor_async.py
[2026-06-12T13:30:08.012+0000] {processor.py:830} INFO - Processing file /home/airflow/.local/lib/python3.12/site-packages/airflow/example_dags/example_time_delta_sensor_async.py for tasks to queue
[2026-06-12T13:30:08.014+0000] {logging_mixin.py:188} INFO - [2026-06-12T13:30:08.013+0000] {dagbag.py:545} INFO - Filling up the DagBag from /home/airflow/.local/lib/python3.12/site-packages/airflow/example_dags/example_time_delta_sensor_async.py
[2026-06-12T13:30:08.019+0000] {processor.py:840} INFO - DAG(s) 'example_time_delta_sensor_async' retrieved from /home/airflow/.local/lib/python3.12/site-packages/airflow/example_dags/example_time_delta_sensor_async.py
[2026-06-12T13:30:08.042+0000] {logging_mixin.py:188} INFO - [2026-06-12T13:30:08.042+0000] {dag.py:3096} INFO - Sync 1 DAGs
[2026-06-12T13:30:08.059+0000] {logging_mixin.py:188} INFO - [2026-06-12T13:30:08.059+0000] {dag.py:3954} INFO - Setting next_dagrun for example_time_delta_sensor_async to None, run_after=None
[2026-06-12T13:30:08.147+0000] {processor.py:183} INFO - Processing /home/airflow/.local/lib/python3.12/site-packages/airflow/example_dags/example_time_delta_sensor_async.py took 0.144 seconds
[2026-06-12T13:30:38.855+0000] {processor.py:161} INFO - Started process (PID=1213) to work on /home/airflow/.local/lib/python3.12/site-packages/airflow/example_dags/example_time_delta_sensor_async.py
[2026-06-12T13:30:38.856+0000] {processor.py:830} INFO - Processing file /home/airflow/.local/lib/python3.12/site-packages/airflow/example_dags/example_time_delta_sensor_async.py for tasks to queue
[2026-06-12T13:30:38.858+0000] {logging_mixin.py:188} INFO - [2026-06-12T13:30:38.858+0000] {dagbag.py:545} INFO - Filling up the DagBag from /home/airflow/.local/lib/python3.12/site-packages/airflow/example_dags/example_time_delta_sensor_async.py
[2026-06-12T13:30:38.863+0000] {processor.py:840} INFO - DAG(s) 'example_time_delta_sensor_async' retrieved from /home/airflow/.local/lib/python3.12/site-packages/airflow/example_dags/example_time_delta_sensor_async.py
[2026-06-12T13:30:38.884+0000] {logging_mixin.py:188} INFO - [2026-06-12T13:30:38.884+0000] {dag.py:3096} INFO - Sync 1 DAGs
[2026-06-12T13:30:38.905+0000] {logging_mixin.py:188} INFO - [2026-06-12T13:30:38.905+0000] {dag.py:3954} INFO - Setting next_dagrun for example_time_delta_sensor_async to None, run_after=None
[2026-06-12T13:30:38.925+0000] {processor.py:183} INFO - Processing /home/airflow/.local/lib/python3.12/site-packages/airflow/example_dags/example_time_delta_sensor_async.py took 0.077 seconds
[2026-06-12T13:31:11.264+0000] {processor.py:161} INFO - Started process (PID=1275) to work on /home/airflow/.local/lib/python3.12/site-packages/airflow/example_dags/example_time_delta_sensor_async.py
[2026-06-12T13:31:11.265+0000] {processor.py:830} INFO - Processing file /home/airflow/.local/lib/python3.12/site-packages/airflow/example_dags/example_time_delta_sensor_async.py for tasks to queue
[2026-06-12T13:31:11.267+0000] {logging_mixin.py:188} INFO - [2026-06-12T13:31:11.267+0000] {dagbag.py:545} INFO - Filling up the DagBag from /home/airflow/.local/lib/python3.12/site-packages/airflow/example_dags/example_time_delta_sensor_async.py
[2026-06-12T13:31:11.272+0000] {processor.py:840} INFO - DAG(s) 'example_time_delta_sensor_async' retrieved from /home/airflow/.local/lib/python3.12/site-packages/airflow/example_dags/example_time_delta_sensor_async.py
[2026-06-12T13:31:11.296+0000] {logging_mixin.py:188} INFO - [2026-06-12T13:31:11.296+0000] {dag.py:3096} INFO - Sync 1 DAGs
[2026-06-12T13:31:11.328+0000] {logging_mixin.py:188} INFO - [2026-06-12T13:31:11.327+0000] {dag.py:3954} INFO - Setting next_dagrun for example_time_delta_sensor_async to None, run_after=None
[2026-06-12T13:31:11.367+0000] {processor.py:183} INFO - Processing /home/airflow/.local/lib/python3.12/site-packages/airflow/example_dags/example_time_delta_sensor_async.py took 0.110 seconds
[2026-06-12T13:31:42.211+0000] {processor.py:161} INFO - Started process (PID=1337) to work on /home/airflow/.local/lib/python3.12/site-packages/airflow/example_dags/example_time_delta_sensor_async.py
[2026-06-12T13:31:42.216+0000] {processor.py:830} INFO - Processing file /home/airflow/.local/lib/python3.12/site-packages/airflow/example_dags/example_time_delta_sensor_async.py for tasks to queue
[2026-06-12T13:31:42.223+0000] {logging_mixin.py:188} INFO - [2026-06-12T13:31:42.222+0000] {dagbag.py:545} INFO - Filling up the DagBag from /home/airflow/.local/lib/python3.12/site-packages/airflow/example_dags/example_time_delta_sensor_async.py
[2026-06-12T13:31:42.236+0000] {processor.py:840} INFO - DAG(s) 'example_time_delta_sensor_async' retrieved from /home/airflow/.local/lib/python3.12/site-packages/airflow/example_dags/example_time_delta_sensor_async.py
[2026-06-12T13:31:42.397+0000] {logging_mixin.py:188} INFO - [2026-06-12T13:31:42.396+0000] {dag.py:3096} INFO - Sync 1 DAGs
[2026-06-12T13:31:42.550+0000] {logging_mixin.py:188} INFO - [2026-06-12T13:31:42.550+0000] {dag.py:3954} INFO - Setting next_dagrun for example_time_delta_sensor_async to None, run_after=None
[2026-06-12T13:31:42.635+0000] {processor.py:183} INFO - Processing /home/airflow/.local/lib/python3.12/site-packages/airflow/example_dags/example_time_delta_sensor_async.py took 0.447 seconds
[2026-06-12T13:32:13.536+0000] {processor.py:161} INFO - Started process (PID=1397) to work on /home/airflow/.local/lib/python3.12/site-packages/airflow/example_dags/example_time_delta_sensor_async.py
[2026-06-12T13:32:13.540+0000] {processor.py:830} INFO - Processing file /home/airflow/.local/lib/python3.12/site-packages/airflow/example_dags/example_time_delta_sensor_async.py for tasks to queue
[2026-06-12T13:32:13.545+0000] {logging_mixin.py:188} INFO - [2026-06-12T13:32:13.544+0000] {dagbag.py:545} INFO - Filling up the DagBag from /home/airflow/.local/lib/python3.12/site-packages/airflow/example_dags/example_time_delta_sensor_async.py
[2026-06-12T13:32:13.553+0000] {processor.py:840} INFO - DAG(s) 'example_time_delta_sensor_async' retrieved from /home/airflow/.local/lib/python3.12/site-packages/airflow/example_dags/example_time_delta_sensor_async.py
[2026-06-12T13:32:13.580+0000] {logging_mixin.py:188} INFO - [2026-06-12T13:32:13.579+0000] {dag.py:3096} INFO - Sync 1 DAGs
[2026-06-12T13:32:13.597+0000] {logging_mixin.py:188} INFO - [2026-06-12T13:32:13.596+0000] {dag.py:3954} INFO - Setting next_dagrun for example_time_delta_sensor_async to None, run_after=None
[2026-06-12T13:32:13.618+0000] {processor.py:183} INFO - Processing /home/airflow/.local/lib/python3.12/site-packages/airflow/example_dags/example_time_delta_sensor_async.py took 0.100 seconds
[2026-06-12T13:32:43.672+0000] {processor.py:161} INFO - Started process (PID=1459) to work on /home/airflow/.local/lib/python3.12/site-packages/airflow/example_dags/example_time_delta_sensor_async.py
[2026-06-12T13:32:43.673+0000] {processor.py:830} INFO - Processing file /home/airflow/.local/lib/python3.12/site-packages/airflow/example_dags/example_time_delta_sensor_async.py for tasks to queue
[2026-06-12T13:32:43.678+0000] {logging_mixin.py:188} INFO - [2026-06-12T13:32:43.677+0000] {dagbag.py:545} INFO - Filling up the DagBag from /home/airflow/.local/lib/python3.12/site-packages/airflow/example_dags/example_time_delta_sensor_async.py
[2026-06-12T13:32:43.685+0000] {processor.py:840} INFO - DAG(s) 'example_time_delta_sensor_async' retrieved from /home/airflow/.local/lib/python3.12/site-packages/airflow/example_dags/example_time_delta_sensor_async.py
[2026-06-12T13:32:43.709+0000] {logging_mixin.py:188} INFO - [2026-06-12T13:32:43.709+0000] {dag.py:3096} INFO - Sync 1 DAGs
[2026-06-12T13:32:43.726+0000] {logging_mixin.py:188} INFO - [2026-06-12T13:32:43.726+0000] {dag.py:3954} INFO - Setting next_dagrun for example_time_delta_sensor_async to None, run_after=None
[2026-06-12T13:32:43.747+0000] {processor.py:183} INFO - Processing /home/airflow/.local/lib/python3.12/site-packages/airflow/example_dags/example_time_delta_sensor_async.py took 0.092 seconds
[2026-06-12T13:33:14.732+0000] {processor.py:161} INFO - Started process (PID=1520) to work on /home/airflow/.local/lib/python3.12/site-packages/airflow/example_dags/example_time_delta_sensor_async.py
[2026-06-12T13:33:14.733+0000] {processor.py:830} INFO - Processing file /home/airflow/.local/lib/python3.12/site-packages/airflow/example_dags/example_time_delta_sensor_async.py for tasks to queue
[2026-06-12T13:33:14.735+0000] {logging_mixin.py:188} INFO - [2026-06-12T13:33:14.734+0000] {dagbag.py:545} INFO - Filling up the DagBag from /home/airflow/.local/lib/python3.12/site-packages/airflow/example_dags/example_time_delta_sensor_async.py
[2026-06-12T13:33:14.740+0000] {processor.py:840} INFO - DAG(s) 'example_time_delta_sensor_async' retrieved from /home/airflow/.local/lib/python3.12/site-packages/airflow/example_dags/example_time_delta_sensor_async.py
[2026-06-12T13:33:14.764+0000] {logging_mixin.py:188} INFO - [2026-06-12T13:33:14.763+0000] {dag.py:3096} INFO - Sync 1 DAGs
[2026-06-12T13:33:14.781+0000] {logging_mixin.py:188} INFO - [2026-06-12T13:33:14.781+0000] {dag.py:3954} INFO - Setting next_dagrun for example_time_delta_sensor_async to None, run_after=None
[2026-06-12T13:33:14.802+0000] {processor.py:183} INFO - Processing /home/airflow/.local/lib/python3.12/site-packages/airflow/example_dags/example_time_delta_sensor_async.py took 0.077 seconds
[2026-06-12T13:33:44.919+0000] {processor.py:161} INFO - Started process (PID=1581) to work on /home/airflow/.local/lib/python3.12/site-packages/airflow/example_dags/example_time_delta_sensor_async.py
[2026-06-12T13:33:44.919+0000] {processor.py:830} INFO - Processing file /home/airflow/.local/lib/python3.12/site-packages/airflow/example_dags/example_time_delta_sensor_async.py for tasks to queue
[2026-06-12T13:33:44.922+0000] {logging_mixin.py:188} INFO - [2026-06-12T13:33:44.922+0000] {dagbag.py:545} INFO - Filling up the DagBag from /home/airflow/.local/lib/python3.12/site-packages/airflow/example_dags/example_time_delta_sensor_async.py
[2026-06-12T13:33:44.930+0000] {processor.py:840} INFO - DAG(s) 'example_time_delta_sensor_async' retrieved from /home/airflow/.local/lib/python3.12/site-packages/airflow/example_dags/example_time_delta_sensor_async.py
[2026-06-12T13:33:44.954+0000] {logging_mixin.py:188} INFO - [2026-06-12T13:33:44.954+0000] {dag.py:3096} INFO - Sync 1 DAGs
[2026-06-12T13:33:44.970+0000] {logging_mixin.py:188} INFO - [2026-06-12T13:33:44.969+0000] {dag.py:3954} INFO - Setting next_dagrun for example_time_delta_sensor_async to None, run_after=None
[2026-06-12T13:33:44.994+0000] {processor.py:183} INFO - Processing /home/airflow/.local/lib/python3.12/site-packages/airflow/example_dags/example_time_delta_sensor_async.py took 0.087 seconds
[2026-06-12T13:34:15.441+0000] {processor.py:161} INFO - Started process (PID=1643) to work on /home/airflow/.local/lib/python3.12/site-packages/airflow/example_dags/example_time_delta_sensor_async.py
[2026-06-12T13:34:15.442+0000] {processor.py:830} INFO - Processing file /home/airflow/.local/lib/python3.12/site-packages/airflow/example_dags/example_time_delta_sensor_async.py for tasks to queue
[2026-06-12T13:34:15.446+0000] {logging_mixin.py:188} INFO - [2026-06-12T13:34:15.445+0000] {dagbag.py:545} INFO - Filling up the DagBag from /home/airflow/.local/lib/python3.12/site-packages/airflow/example_dags/example_time_delta_sensor_async.py
[2026-06-12T13:34:15.453+0000] {processor.py:840} INFO - DAG(s) 'example_time_delta_sensor_async' retrieved from /home/airflow/.local/lib/python3.12/site-packages/airflow/example_dags/example_time_delta_sensor_async.py
[2026-06-12T13:34:15.475+0000] {logging_mixin.py:188} INFO - [2026-06-12T13:34:15.475+0000] {dag.py:3096} INFO - Sync 1 DAGs
[2026-06-12T13:34:15.496+0000] {logging_mixin.py:188} INFO - [2026-06-12T13:34:15.496+0000] {dag.py:3954} INFO - Setting next_dagrun for example_time_delta_sensor_async to None, run_after=None
[2026-06-12T13:34:15.517+0000] {processor.py:183} INFO - Processing /home/airflow/.local/lib/python3.12/site-packages/airflow/example_dags/example_time_delta_sensor_async.py took 0.089 seconds
[2026-06-12T13:34:45.646+0000] {processor.py:161} INFO - Started process (PID=1705) to work on /home/airflow/.local/lib/python3.12/site-packages/airflow/example_dags/example_time_delta_sensor_async.py
[2026-06-12T13:34:45.652+0000] {processor.py:830} INFO - Processing file /home/airflow/.local/lib/python3.12/site-packages/airflow/example_dags/example_time_delta_sensor_async.py for tasks to queue
[2026-06-12T13:34:45.658+0000] {logging_mixin.py:188} INFO - [2026-06-12T13:34:45.657+0000] {dagbag.py:545} INFO - Filling up the DagBag from /home/airflow/.local/lib/python3.12/site-packages/airflow/example_dags/example_time_delta_sensor_async.py
[2026-06-12T13:34:45.665+0000] {processor.py:840} INFO - DAG(s) 'example_time_delta_sensor_async' retrieved from /home/airflow/.local/lib/python3.12/site-packages/airflow/example_dags/example_time_delta_sensor_async.py
[2026-06-12T13:34:45.688+0000] {logging_mixin.py:188} INFO - [2026-06-12T13:34:45.687+0000] {dag.py:3096} INFO - Sync 1 DAGs
[2026-06-12T13:34:45.705+0000] {logging_mixin.py:188} INFO - [2026-06-12T13:34:45.705+0000] {dag.py:3954} INFO - Setting next_dagrun for example_time_delta_sensor_async to None, run_after=None
[2026-06-12T13:34:45.722+0000] {processor.py:183} INFO - Processing /home/airflow/.local/lib/python3.12/site-packages/airflow/example_dags/example_time_delta_sensor_async.py took 0.096 seconds
[2026-06-12T13:35:16.329+0000] {processor.py:161} INFO - Started process (PID=1766) to work on /home/airflow/.local/lib/python3.12/site-packages/airflow/example_dags/example_time_delta_sensor_async.py
[2026-06-12T13:35:16.330+0000] {processor.py:830} INFO - Processing file /home/airflow/.local/lib/python3.12/site-packages/airflow/example_dags/example_time_delta_sensor_async.py for tasks to queue
[2026-06-12T13:35:16.332+0000] {logging_mixin.py:188} INFO - [2026-06-12T13:35:16.332+0000] {dagbag.py:545} INFO - Filling up the DagBag from /home/airflow/.local/lib/python3.12/site-packages/airflow/example_dags/example_time_delta_sensor_async.py
[2026-06-12T13:35:16.337+0000] {processor.py:840} INFO - DAG(s) 'example_time_delta_sensor_async' retrieved from /home/airflow/.local/lib/python3.12/site-packages/airflow/example_dags/example_time_delta_sensor_async.py
[2026-06-12T13:35:16.381+0000] {logging_mixin.py:188} INFO - [2026-06-12T13:35:16.380+0000] {dag.py:3096} INFO - Sync 1 DAGs
[2026-06-12T13:35:16.434+0000] {logging_mixin.py:188} INFO - [2026-06-12T13:35:16.433+0000] {dag.py:3954} INFO - Setting next_dagrun for example_time_delta_sensor_async to None, run_after=None
[2026-06-12T13:35:16.494+0000] {processor.py:183} INFO - Processing /home/airflow/.local/lib/python3.12/site-packages/airflow/example_dags/example_time_delta_sensor_async.py took 0.173 seconds
[2026-06-12T13:35:46.587+0000] {processor.py:161} INFO - Started process (PID=1828) to work on /home/airflow/.local/lib/python3.12/site-packages/airflow/example_dags/example_time_delta_sensor_async.py
[2026-06-12T13:35:46.588+0000] {processor.py:830} INFO - Processing file /home/airflow/.local/lib/python3.12/site-packages/airflow/example_dags/example_time_delta_sensor_async.py for tasks to queue
[2026-06-12T13:35:46.596+0000] {logging_mixin.py:188} INFO - [2026-06-12T13:35:46.596+0000] {dagbag.py:545} INFO - Filling up the DagBag from /home/airflow/.local/lib/python3.12/site-packages/airflow/example_dags/example_time_delta_sensor_async.py
[2026-06-12T13:35:46.605+0000] {processor.py:840} INFO - DAG(s) 'example_time_delta_sensor_async' retrieved from /home/airflow/.local/lib/python3.12/site-packages/airflow/example_dags/example_time_delta_sensor_async.py
[2026-06-12T13:35:46.660+0000] {logging_mixin.py:188} INFO - [2026-06-12T13:35:46.659+0000] {dag.py:3096} INFO - Sync 1 DAGs
[2026-06-12T13:35:46.692+0000] {logging_mixin.py:188} INFO - [2026-06-12T13:35:46.691+0000] {dag.py:3954} INFO - Setting next_dagrun for example_time_delta_sensor_async to None, run_after=None
[2026-06-12T13:35:46.741+0000] {processor.py:183} INFO - Processing /home/airflow/.local/lib/python3.12/site-packages/airflow/example_dags/example_time_delta_sensor_async.py took 0.181 seconds
[2026-06-12T13:36:16.896+0000] {processor.py:161} INFO - Started process (PID=1891) to work on /home/airflow/.local/lib/python3.12/site-packages/airflow/example_dags/example_time_delta_sensor_async.py
[2026-06-12T13:36:16.902+0000] {processor.py:830} INFO - Processing file /home/airflow/.local/lib/python3.12/site-packages/airflow/example_dags/example_time_delta_sensor_async.py for tasks to queue
[2026-06-12T13:36:16.913+0000] {logging_mixin.py:188} INFO - [2026-06-12T13:36:16.912+0000] {dagbag.py:545} INFO - Filling up the DagBag from /home/airflow/.local/lib/python3.12/site-packages/airflow/example_dags/example_time_delta_sensor_async.py
[2026-06-12T13:36:16.929+0000] {processor.py:840} INFO - DAG(s) 'example_time_delta_sensor_async' retrieved from /home/airflow/.local/lib/python3.12/site-packages/airflow/example_dags/example_time_delta_sensor_async.py
[2026-06-12T13:36:17.023+0000] {logging_mixin.py:188} INFO - [2026-06-12T13:36:17.023+0000] {dag.py:3096} INFO - Sync 1 DAGs
[2026-06-12T13:36:17.091+0000] {logging_mixin.py:188} INFO - [2026-06-12T13:36:17.091+0000] {dag.py:3954} INFO - Setting next_dagrun for example_time_delta_sensor_async to None, run_after=None
[2026-06-12T13:36:17.154+0000] {processor.py:183} INFO - Processing /home/airflow/.local/lib/python3.12/site-packages/airflow/example_dags/example_time_delta_sensor_async.py took 0.284 seconds
[2026-06-12T13:36:47.349+0000] {processor.py:161} INFO - Started process (PID=1953) to work on /home/airflow/.local/lib/python3.12/site-packages/airflow/example_dags/example_time_delta_sensor_async.py
[2026-06-12T13:36:47.358+0000] {processor.py:830} INFO - Processing file /home/airflow/.local/lib/python3.12/site-packages/airflow/example_dags/example_time_delta_sensor_async.py for tasks to queue
[2026-06-12T13:36:47.366+0000] {logging_mixin.py:188} INFO - [2026-06-12T13:36:47.364+0000] {dagbag.py:545} INFO - Filling up the DagBag from /home/airflow/.local/lib/python3.12/site-packages/airflow/example_dags/example_time_delta_sensor_async.py
[2026-06-12T13:36:47.389+0000] {processor.py:840} INFO - DAG(s) 'example_time_delta_sensor_async' retrieved from /home/airflow/.local/lib/python3.12/site-packages/airflow/example_dags/example_time_delta_sensor_async.py
[2026-06-12T13:36:47.457+0000] {logging_mixin.py:188} INFO - [2026-06-12T13:36:47.457+0000] {dag.py:3096} INFO - Sync 1 DAGs
[2026-06-12T13:36:47.495+0000] {logging_mixin.py:188} INFO - [2026-06-12T13:36:47.494+0000] {dag.py:3954} INFO - Setting next_dagrun for example_time_delta_sensor_async to None, run_after=None
[2026-06-12T13:36:47.533+0000] {processor.py:183} INFO - Processing /home/airflow/.local/lib/python3.12/site-packages/airflow/example_dags/example_time_delta_sensor_async.py took 0.221 seconds
[2026-06-12T13:37:17.720+0000] {processor.py:161} INFO - Started process (PID=2015) to work on /home/airflow/.local/lib/python3.12/site-packages/airflow/example_dags/example_time_delta_sensor_async.py
[2026-06-12T13:37:17.723+0000] {processor.py:830} INFO - Processing file /home/airflow/.local/lib/python3.12/site-packages/airflow/example_dags/example_time_delta_sensor_async.py for tasks to queue
[2026-06-12T13:37:17.725+0000] {logging_mixin.py:188} INFO - [2026-06-12T13:37:17.725+0000] {dagbag.py:545} INFO - Filling up the DagBag from /home/airflow/.local/lib/python3.12/site-packages/airflow/example_dags/example_time_delta_sensor_async.py
[2026-06-12T13:37:17.733+0000] {processor.py:840} INFO - DAG(s) 'example_time_delta_sensor_async' retrieved from /home/airflow/.local/lib/python3.12/site-packages/airflow/example_dags/example_time_delta_sensor_async.py
[2026-06-12T13:37:17.760+0000] {logging_mixin.py:188} INFO - [2026-06-12T13:37:17.759+0000] {dag.py:3096} INFO - Sync 1 DAGs
[2026-06-12T13:37:17.776+0000] {logging_mixin.py:188} INFO - [2026-06-12T13:37:17.776+0000] {dag.py:3954} INFO - Setting next_dagrun for example_time_delta_sensor_async to None, run_after=None
[2026-06-12T13:37:17.797+0000] {processor.py:183} INFO - Processing /home/airflow/.local/lib/python3.12/site-packages/airflow/example_dags/example_time_delta_sensor_async.py took 0.093 seconds
[2026-06-12T13:37:48.064+0000] {processor.py:161} INFO - Started process (PID=2077) to work on /home/airflow/.local/lib/python3.12/site-packages/airflow/example_dags/example_time_delta_sensor_async.py
[2026-06-12T13:37:48.067+0000] {processor.py:830} INFO - Processing file /home/airflow/.local/lib/python3.12/site-packages/airflow/example_dags/example_time_delta_sensor_async.py for tasks to queue
[2026-06-12T13:37:48.069+0000] {logging_mixin.py:188} INFO - [2026-06-12T13:37:48.069+0000] {dagbag.py:545} INFO - Filling up the DagBag from /home/airflow/.local/lib/python3.12/site-packages/airflow/example_dags/example_time_delta_sensor_async.py
[2026-06-12T13:37:48.077+0000] {processor.py:840} INFO - DAG(s) 'example_time_delta_sensor_async' retrieved from /home/airflow/.local/lib/python3.12/site-packages/airflow/example_dags/example_time_delta_sensor_async.py
[2026-06-12T13:37:48.104+0000] {logging_mixin.py:188} INFO - [2026-06-12T13:37:48.103+0000] {dag.py:3096} INFO - Sync 1 DAGs
[2026-06-12T13:37:48.132+0000] {logging_mixin.py:188} INFO - [2026-06-12T13:37:48.130+0000] {dag.py:3954} INFO - Setting next_dagrun for example_time_delta_sensor_async to None, run_after=None
[2026-06-12T13:37:48.253+0000] {processor.py:183} INFO - Processing /home/airflow/.local/lib/python3.12/site-packages/airflow/example_dags/example_time_delta_sensor_async.py took 0.205 seconds
[2026-06-12T13:38:18.591+0000] {processor.py:161} INFO - Started process (PID=2139) to work on /home/airflow/.local/lib/python3.12/site-packages/airflow/example_dags/example_time_delta_sensor_async.py
[2026-06-12T13:38:18.592+0000] {processor.py:830} INFO - Processing file /home/airflow/.local/lib/python3.12/site-packages/airflow/example_dags/example_time_delta_sensor_async.py for tasks to queue
[2026-06-12T13:38:18.595+0000] {logging_mixin.py:188} INFO - [2026-06-12T13:38:18.595+0000] {dagbag.py:545} INFO - Filling up the DagBag from /home/airflow/.local/lib/python3.12/site-packages/airflow/example_dags/example_time_delta_sensor_async.py
[2026-06-12T13:38:18.605+0000] {processor.py:840} INFO - DAG(s) 'example_time_delta_sensor_async' retrieved from /home/airflow/.local/lib/python3.12/site-packages/airflow/example_dags/example_time_delta_sensor_async.py
[2026-06-12T13:38:18.642+0000] {logging_mixin.py:188} INFO - [2026-06-12T13:38:18.642+0000] {dag.py:3096} INFO - Sync 1 DAGs
[2026-06-12T13:38:18.658+0000] {logging_mixin.py:188} INFO - [2026-06-12T13:38:18.658+0000] {dag.py:3954} INFO - Setting next_dagrun for example_time_delta_sensor_async to None, run_after=None
[2026-06-12T13:38:18.678+0000] {processor.py:183} INFO - Processing /home/airflow/.local/lib/python3.12/site-packages/airflow/example_dags/example_time_delta_sensor_async.py took 0.103 seconds
[2026-06-12T13:38:49.474+0000] {processor.py:161} INFO - Started process (PID=2201) to work on /home/airflow/.local/lib/python3.12/site-packages/airflow/example_dags/example_time_delta_sensor_async.py
[2026-06-12T13:38:49.475+0000] {processor.py:830} INFO - Processing file /home/airflow/.local/lib/python3.12/site-packages/airflow/example_dags/example_time_delta_sensor_async.py for tasks to queue
[2026-06-12T13:38:49.477+0000] {logging_mixin.py:188} INFO - [2026-06-12T13:38:49.476+0000] {dagbag.py:545} INFO - Filling up the DagBag from /home/airflow/.local/lib/python3.12/site-packages/airflow/example_dags/example_time_delta_sensor_async.py
[2026-06-12T13:38:49.482+0000] {processor.py:840} INFO - DAG(s) 'example_time_delta_sensor_async' retrieved from /home/airflow/.local/lib/python3.12/site-packages/airflow/example_dags/example_time_delta_sensor_async.py
[2026-06-12T13:38:49.514+0000] {logging_mixin.py:188} INFO - [2026-06-12T13:38:49.514+0000] {dag.py:3096} INFO - Sync 1 DAGs
[2026-06-12T13:38:49.550+0000] {logging_mixin.py:188} INFO - [2026-06-12T13:38:49.550+0000] {dag.py:3954} INFO - Setting next_dagrun for example_time_delta_sensor_async to None, run_after=None
[2026-06-12T13:38:49.632+0000] {processor.py:183} INFO - Processing /home/airflow/.local/lib/python3.12/site-packages/airflow/example_dags/example_time_delta_sensor_async.py took 0.166 seconds
[2026-06-12T13:39:19.745+0000] {processor.py:161} INFO - Started process (PID=2263) to work on /home/airflow/.local/lib/python3.12/site-packages/airflow/example_dags/example_time_delta_sensor_async.py
[2026-06-12T13:39:19.748+0000] {processor.py:830} INFO - Processing file /home/airflow/.local/lib/python3.12/site-packages/airflow/example_dags/example_time_delta_sensor_async.py for tasks to queue
[2026-06-12T13:39:19.752+0000] {logging_mixin.py:188} INFO - [2026-06-12T13:39:19.751+0000] {dagbag.py:545} INFO - Filling up the DagBag from /home/airflow/.local/lib/python3.12/site-packages/airflow/example_dags/example_time_delta_sensor_async.py
[2026-06-12T13:39:19.760+0000] {processor.py:840} INFO - DAG(s) 'example_time_delta_sensor_async' retrieved from /home/airflow/.local/lib/python3.12/site-packages/airflow/example_dags/example_time_delta_sensor_async.py
[2026-06-12T13:39:19.782+0000] {logging_mixin.py:188} INFO - [2026-06-12T13:39:19.782+0000] {dag.py:3096} INFO - Sync 1 DAGs
[2026-06-12T13:39:19.798+0000] {logging_mixin.py:188} INFO - [2026-06-12T13:39:19.798+0000] {dag.py:3954} INFO - Setting next_dagrun for example_time_delta_sensor_async to None, run_after=None
[2026-06-12T13:39:19.822+0000] {processor.py:183} INFO - Processing /home/airflow/.local/lib/python3.12/site-packages/airflow/example_dags/example_time_delta_sensor_async.py took 0.091 seconds
[2026-06-12T13:39:50.078+0000] {processor.py:161} INFO - Started process (PID=2325) to work on /home/airflow/.local/lib/python3.12/site-packages/airflow/example_dags/example_time_delta_sensor_async.py
[2026-06-12T13:39:50.078+0000] {processor.py:830} INFO - Processing file /home/airflow/.local/lib/python3.12/site-packages/airflow/example_dags/example_time_delta_sensor_async.py for tasks to queue
[2026-06-12T13:39:50.083+0000] {logging_mixin.py:188} INFO - [2026-06-12T13:39:50.082+0000] {dagbag.py:545} INFO - Filling up the DagBag from /home/airflow/.local/lib/python3.12/site-packages/airflow/example_dags/example_time_delta_sensor_async.py
[2026-06-12T13:39:50.093+0000] {processor.py:840} INFO - DAG(s) 'example_time_delta_sensor_async' retrieved from /home/airflow/.local/lib/python3.12/site-packages/airflow/example_dags/example_time_delta_sensor_async.py
[2026-06-12T13:39:50.116+0000] {logging_mixin.py:188} INFO - [2026-06-12T13:39:50.115+0000] {dag.py:3096} INFO - Sync 1 DAGs
[2026-06-12T13:39:50.133+0000] {logging_mixin.py:188} INFO - [2026-06-12T13:39:50.133+0000] {dag.py:3954} INFO - Setting next_dagrun for example_time_delta_sensor_async to None, run_after=None
[2026-06-12T13:39:50.153+0000] {processor.py:183} INFO - Processing /home/airflow/.local/lib/python3.12/site-packages/airflow/example_dags/example_time_delta_sensor_async.py took 0.093 seconds
[2026-06-12T13:40:20.492+0000] {processor.py:161} INFO - Started process (PID=2387) to work on /home/airflow/.local/lib/python3.12/site-packages/airflow/example_dags/example_time_delta_sensor_async.py
[2026-06-12T13:40:20.494+0000] {processor.py:830} INFO - Processing file /home/airflow/.local/lib/python3.12/site-packages/airflow/example_dags/example_time_delta_sensor_async.py for tasks to queue
[2026-06-12T13:40:20.496+0000] {logging_mixin.py:188} INFO - [2026-06-12T13:40:20.495+0000] {dagbag.py:545} INFO - Filling up the DagBag from /home/airflow/.local/lib/python3.12/site-packages/airflow/example_dags/example_time_delta_sensor_async.py
[2026-06-12T13:40:20.501+0000] {processor.py:840} INFO - DAG(s) 'example_time_delta_sensor_async' retrieved from /home/airflow/.local/lib/python3.12/site-packages/airflow/example_dags/example_time_delta_sensor_async.py
[2026-06-12T13:40:20.525+0000] {logging_mixin.py:188} INFO - [2026-06-12T13:40:20.525+0000] {dag.py:3096} INFO - Sync 1 DAGs
[2026-06-12T13:40:20.541+0000] {logging_mixin.py:188} INFO - [2026-06-12T13:40:20.540+0000] {dag.py:3954} INFO - Setting next_dagrun for example_time_delta_sensor_async to None, run_after=None
[2026-06-12T13:40:20.561+0000] {processor.py:183} INFO - Processing /home/airflow/.local/lib/python3.12/site-packages/airflow/example_dags/example_time_delta_sensor_async.py took 0.084 seconds
[2026-06-12T13:40:51.462+0000] {processor.py:161} INFO - Started process (PID=2449) to work on /home/airflow/.local/lib/python3.12/site-packages/airflow/example_dags/example_time_delta_sensor_async.py
[2026-06-12T13:40:51.465+0000] {processor.py:830} INFO - Processing file /home/airflow/.local/lib/python3.12/site-packages/airflow/example_dags/example_time_delta_sensor_async.py for tasks to queue
[2026-06-12T13:40:51.467+0000] {logging_mixin.py:188} INFO - [2026-06-12T13:40:51.467+0000] {dagbag.py:545} INFO - Filling up the DagBag from /home/airflow/.local/lib/python3.12/site-packages/airflow/example_dags/example_time_delta_sensor_async.py
[2026-06-12T13:40:51.473+0000] {processor.py:840} INFO - DAG(s) 'example_time_delta_sensor_async' retrieved from /home/airflow/.local/lib/python3.12/site-packages/airflow/example_dags/example_time_delta_sensor_async.py
[2026-06-12T13:40:51.499+0000] {logging_mixin.py:188} INFO - [2026-06-12T13:40:51.499+0000] {dag.py:3096} INFO - Sync 1 DAGs
[2026-06-12T13:40:51.515+0000] {logging_mixin.py:188} INFO - [2026-06-12T13:40:51.515+0000] {dag.py:3954} INFO - Setting next_dagrun for example_time_delta_sensor_async to None, run_after=None
[2026-06-12T13:40:51.536+0000] {processor.py:183} INFO - Processing /home/airflow/.local/lib/python3.12/site-packages/airflow/example_dags/example_time_delta_sensor_async.py took 0.087 seconds
[2026-06-12T13:41:21.754+0000] {processor.py:161} INFO - Started process (PID=2511) to work on /home/airflow/.local/lib/python3.12/site-packages/airflow/example_dags/example_time_delta_sensor_async.py
[2026-06-12T13:41:21.756+0000] {processor.py:830} INFO - Processing file /home/airflow/.local/lib/python3.12/site-packages/airflow/example_dags/example_time_delta_sensor_async.py for tasks to queue
[2026-06-12T13:41:21.758+0000] {logging_mixin.py:188} INFO - [2026-06-12T13:41:21.758+0000] {dagbag.py:545} INFO - Filling up the DagBag from /home/airflow/.local/lib/python3.12/site-packages/airflow/example_dags/example_time_delta_sensor_async.py
[2026-06-12T13:41:21.766+0000] {processor.py:840} INFO - DAG(s) 'example_time_delta_sensor_async' retrieved from /home/airflow/.local/lib/python3.12/site-packages/airflow/example_dags/example_time_delta_sensor_async.py
[2026-06-12T13:41:21.817+0000] {logging_mixin.py:188} INFO - [2026-06-12T13:41:21.817+0000] {dag.py:3096} INFO - Sync 1 DAGs
[2026-06-12T13:41:21.843+0000] {logging_mixin.py:188} INFO - [2026-06-12T13:41:21.843+0000] {dag.py:3954} INFO - Setting next_dagrun for example_time_delta_sensor_async to None, run_after=None
[2026-06-12T13:41:21.871+0000] {processor.py:183} INFO - Processing /home/airflow/.local/lib/python3.12/site-packages/airflow/example_dags/example_time_delta_sensor_async.py took 0.143 seconds
[2026-06-12T13:41:52.116+0000] {processor.py:161} INFO - Started process (PID=2573) to work on /home/airflow/.local/lib/python3.12/site-packages/airflow/example_dags/example_time_delta_sensor_async.py
[2026-06-12T13:41:52.118+0000] {processor.py:830} INFO - Processing file /home/airflow/.local/lib/python3.12/site-packages/airflow/example_dags/example_time_delta_sensor_async.py for tasks to queue
[2026-06-12T13:41:52.124+0000] {logging_mixin.py:188} INFO - [2026-06-12T13:41:52.124+0000] {dagbag.py:545} INFO - Filling up the DagBag from /home/airflow/.local/lib/python3.12/site-packages/airflow/example_dags/example_time_delta_sensor_async.py
[2026-06-12T13:41:52.143+0000] {processor.py:840} INFO - DAG(s) 'example_time_delta_sensor_async' retrieved from /home/airflow/.local/lib/python3.12/site-packages/airflow/example_dags/example_time_delta_sensor_async.py
[2026-06-12T13:41:52.209+0000] {logging_mixin.py:188} INFO - [2026-06-12T13:41:52.208+0000] {dag.py:3096} INFO - Sync 1 DAGs
[2026-06-12T13:41:52.249+0000] {logging_mixin.py:188} INFO - [2026-06-12T13:41:52.248+0000] {dag.py:3954} INFO - Setting next_dagrun for example_time_delta_sensor_async to None, run_after=None
[2026-06-12T13:41:52.269+0000] {processor.py:183} INFO - Processing /home/airflow/.local/lib/python3.12/site-packages/airflow/example_dags/example_time_delta_sensor_async.py took 0.184 seconds
[2026-06-12T13:42:22.942+0000] {processor.py:161} INFO - Started process (PID=2635) to work on /home/airflow/.local/lib/python3.12/site-packages/airflow/example_dags/example_time_delta_sensor_async.py
[2026-06-12T13:42:22.943+0000] {processor.py:830} INFO - Processing file /home/airflow/.local/lib/python3.12/site-packages/airflow/example_dags/example_time_delta_sensor_async.py for tasks to queue
[2026-06-12T13:42:22.945+0000] {logging_mixin.py:188} INFO - [2026-06-12T13:42:22.945+0000] {dagbag.py:545} INFO - Filling up the DagBag from /home/airflow/.local/lib/python3.12/site-packages/airflow/example_dags/example_time_delta_sensor_async.py
[2026-06-12T13:42:22.950+0000] {processor.py:840} INFO - DAG(s) 'example_time_delta_sensor_async' retrieved from /home/airflow/.local/lib/python3.12/site-packages/airflow/example_dags/example_time_delta_sensor_async.py
[2026-06-12T13:42:22.973+0000] {logging_mixin.py:188} INFO - [2026-06-12T13:42:22.973+0000] {dag.py:3096} INFO - Sync 1 DAGs
[2026-06-12T13:42:22.990+0000] {logging_mixin.py:188} INFO - [2026-06-12T13:42:22.990+0000] {dag.py:3954} INFO - Setting next_dagrun for example_time_delta_sensor_async to None, run_after=None
[2026-06-12T13:42:23.013+0000] {processor.py:183} INFO - Processing /home/airflow/.local/lib/python3.12/site-packages/airflow/example_dags/example_time_delta_sensor_async.py took 0.078 seconds
[2026-06-12T13:42:53.594+0000] {processor.py:161} INFO - Started process (PID=2697) to work on /home/airflow/.local/lib/python3.12/site-packages/airflow/example_dags/example_time_delta_sensor_async.py
[2026-06-12T13:42:53.595+0000] {processor.py:830} INFO - Processing file /home/airflow/.local/lib/python3.12/site-packages/airflow/example_dags/example_time_delta_sensor_async.py for tasks to queue
[2026-06-12T13:42:53.601+0000] {logging_mixin.py:188} INFO - [2026-06-12T13:42:53.600+0000] {dagbag.py:545} INFO - Filling up the DagBag from /home/airflow/.local/lib/python3.12/site-packages/airflow/example_dags/example_time_delta_sensor_async.py
[2026-06-12T13:42:53.608+0000] {processor.py:840} INFO - DAG(s) 'example_time_delta_sensor_async' retrieved from /home/airflow/.local/lib/python3.12/site-packages/airflow/example_dags/example_time_delta_sensor_async.py
[2026-06-12T13:42:53.632+0000] {logging_mixin.py:188} INFO - [2026-06-12T13:42:53.632+0000] {dag.py:3096} INFO - Sync 1 DAGs
[2026-06-12T13:42:53.651+0000] {logging_mixin.py:188} INFO - [2026-06-12T13:42:53.651+0000] {dag.py:3954} INFO - Setting next_dagrun for example_time_delta_sensor_async to None, run_after=None
[2026-06-12T13:42:53.671+0000] {processor.py:183} INFO - Processing /home/airflow/.local/lib/python3.12/site-packages/airflow/example_dags/example_time_delta_sensor_async.py took 0.091 seconds
[2026-06-12T13:43:24.355+0000] {processor.py:161} INFO - Started process (PID=2759) to work on /home/airflow/.local/lib/python3.12/site-packages/airflow/example_dags/example_time_delta_sensor_async.py
[2026-06-12T13:43:24.356+0000] {processor.py:830} INFO - Processing file /home/airflow/.local/lib/python3.12/site-packages/airflow/example_dags/example_time_delta_sensor_async.py for tasks to queue
[2026-06-12T13:43:24.360+0000] {logging_mixin.py:188} INFO - [2026-06-12T13:43:24.359+0000] {dagbag.py:545} INFO - Filling up the DagBag from /home/airflow/.local/lib/python3.12/site-packages/airflow/example_dags/example_time_delta_sensor_async.py
[2026-06-12T13:43:24.367+0000] {processor.py:840} INFO - DAG(s) 'example_time_delta_sensor_async' retrieved from /home/airflow/.local/lib/python3.12/site-packages/airflow/example_dags/example_time_delta_sensor_async.py
[2026-06-12T13:43:24.390+0000] {logging_mixin.py:188} INFO - [2026-06-12T13:43:24.389+0000] {dag.py:3096} INFO - Sync 1 DAGs
[2026-06-12T13:43:24.427+0000] {logging_mixin.py:188} INFO - [2026-06-12T13:43:24.426+0000] {dag.py:3954} INFO - Setting next_dagrun for example_time_delta_sensor_async to None, run_after=None
[2026-06-12T13:43:24.495+0000] {processor.py:183} INFO - Processing /home/airflow/.local/lib/python3.12/site-packages/airflow/example_dags/example_time_delta_sensor_async.py took 0.150 seconds
[2026-06-12T13:43:55.169+0000] {processor.py:161} INFO - Started process (PID=2821) to work on /home/airflow/.local/lib/python3.12/site-packages/airflow/example_dags/example_time_delta_sensor_async.py
[2026-06-12T13:43:55.170+0000] {processor.py:830} INFO - Processing file /home/airflow/.local/lib/python3.12/site-packages/airflow/example_dags/example_time_delta_sensor_async.py for tasks to queue
[2026-06-12T13:43:55.172+0000] {logging_mixin.py:188} INFO - [2026-06-12T13:43:55.172+0000] {dagbag.py:545} INFO - Filling up the DagBag from /home/airflow/.local/lib/python3.12/site-packages/airflow/example_dags/example_time_delta_sensor_async.py
[2026-06-12T13:43:55.177+0000] {processor.py:840} INFO - DAG(s) 'example_time_delta_sensor_async' retrieved from /home/airflow/.local/lib/python3.12/site-packages/airflow/example_dags/example_time_delta_sensor_async.py
[2026-06-12T13:43:55.202+0000] {logging_mixin.py:188} INFO - [2026-06-12T13:43:55.202+0000] {dag.py:3096} INFO - Sync 1 DAGs
[2026-06-12T13:43:55.219+0000] {logging_mixin.py:188} INFO - [2026-06-12T13:43:55.218+0000] {dag.py:3954} INFO - Setting next_dagrun for example_time_delta_sensor_async to None, run_after=None
[2026-06-12T13:43:55.239+0000] {processor.py:183} INFO - Processing /home/airflow/.local/lib/python3.12/site-packages/airflow/example_dags/example_time_delta_sensor_async.py took 0.077 seconds
[2026-06-12T13:44:25.370+0000] {processor.py:161} INFO - Started process (PID=2883) to work on /home/airflow/.local/lib/python3.12/site-packages/airflow/example_dags/example_time_delta_sensor_async.py
[2026-06-12T13:44:25.371+0000] {processor.py:830} INFO - Processing file /home/airflow/.local/lib/python3.12/site-packages/airflow/example_dags/example_time_delta_sensor_async.py for tasks to queue
[2026-06-12T13:44:25.374+0000] {logging_mixin.py:188} INFO - [2026-06-12T13:44:25.373+0000] {dagbag.py:545} INFO - Filling up the DagBag from /home/airflow/.local/lib/python3.12/site-packages/airflow/example_dags/example_time_delta_sensor_async.py
[2026-06-12T13:44:25.379+0000] {processor.py:840} INFO - DAG(s) 'example_time_delta_sensor_async' retrieved from /home/airflow/.local/lib/python3.12/site-packages/airflow/example_dags/example_time_delta_sensor_async.py
[2026-06-12T13:44:25.402+0000] {logging_mixin.py:188} INFO - [2026-06-12T13:44:25.402+0000] {dag.py:3096} INFO - Sync 1 DAGs
[2026-06-12T13:44:25.418+0000] {logging_mixin.py:188} INFO - [2026-06-12T13:44:25.418+0000] {dag.py:3954} INFO - Setting next_dagrun for example_time_delta_sensor_async to None, run_after=None
[2026-06-12T13:44:25.441+0000] {processor.py:183} INFO - Processing /home/airflow/.local/lib/python3.12/site-packages/airflow/example_dags/example_time_delta_sensor_async.py took 0.086 seconds
[2026-06-12T13:44:55.827+0000] {processor.py:161} INFO - Started process (PID=2951) to work on /home/airflow/.local/lib/python3.12/site-packages/airflow/example_dags/example_time_delta_sensor_async.py
[2026-06-12T13:44:55.828+0000] {processor.py:830} INFO - Processing file /home/airflow/.local/lib/python3.12/site-packages/airflow/example_dags/example_time_delta_sensor_async.py for tasks to queue
[2026-06-12T13:44:55.831+0000] {logging_mixin.py:188} INFO - [2026-06-12T13:44:55.831+0000] {dagbag.py:545} INFO - Filling up the DagBag from /home/airflow/.local/lib/python3.12/site-packages/airflow/example_dags/example_time_delta_sensor_async.py
[2026-06-12T13:44:55.838+0000] {processor.py:840} INFO - DAG(s) 'example_time_delta_sensor_async' retrieved from /home/airflow/.local/lib/python3.12/site-packages/airflow/example_dags/example_time_delta_sensor_async.py
[2026-06-12T13:44:55.860+0000] {logging_mixin.py:188} INFO - [2026-06-12T13:44:55.860+0000] {dag.py:3096} INFO - Sync 1 DAGs
[2026-06-12T13:44:55.876+0000] {logging_mixin.py:188} INFO - [2026-06-12T13:44:55.876+0000] {dag.py:3954} INFO - Setting next_dagrun for example_time_delta_sensor_async to None, run_after=None
[2026-06-12T13:44:55.900+0000] {processor.py:183} INFO - Processing /home/airflow/.local/lib/python3.12/site-packages/airflow/example_dags/example_time_delta_sensor_async.py took 0.085 seconds
[2026-06-12T13:45:26.070+0000] {processor.py:161} INFO - Started process (PID=3013) to work on /home/airflow/.local/lib/python3.12/site-packages/airflow/example_dags/example_time_delta_sensor_async.py
[2026-06-12T13:45:26.092+0000] {processor.py:830} INFO - Processing file /home/airflow/.local/lib/python3.12/site-packages/airflow/example_dags/example_time_delta_sensor_async.py for tasks to queue
[2026-06-12T13:45:26.105+0000] {logging_mixin.py:188} INFO - [2026-06-12T13:45:26.105+0000] {dagbag.py:545} INFO - Filling up the DagBag from /home/airflow/.local/lib/python3.12/site-packages/airflow/example_dags/example_time_delta_sensor_async.py
[2026-06-12T13:45:26.142+0000] {processor.py:840} INFO - DAG(s) 'example_time_delta_sensor_async' retrieved from /home/airflow/.local/lib/python3.12/site-packages/airflow/example_dags/example_time_delta_sensor_async.py
[2026-06-12T13:45:26.231+0000] {logging_mixin.py:188} INFO - [2026-06-12T13:45:26.228+0000] {dag.py:3096} INFO - Sync 1 DAGs
[2026-06-12T13:45:26.277+0000] {logging_mixin.py:188} INFO - [2026-06-12T13:45:26.276+0000] {dag.py:3954} INFO - Setting next_dagrun for example_time_delta_sensor_async to None, run_after=None
[2026-06-12T13:45:26.312+0000] {processor.py:183} INFO - Processing /home/airflow/.local/lib/python3.12/site-packages/airflow/example_dags/example_time_delta_sensor_async.py took 0.283 seconds
[2026-06-12T13:45:56.809+0000] {processor.py:161} INFO - Started process (PID=3075) to work on /home/airflow/.local/lib/python3.12/site-packages/airflow/example_dags/example_time_delta_sensor_async.py
[2026-06-12T13:45:56.810+0000] {processor.py:830} INFO - Processing file /home/airflow/.local/lib/python3.12/site-packages/airflow/example_dags/example_time_delta_sensor_async.py for tasks to queue
[2026-06-12T13:45:56.813+0000] {logging_mixin.py:188} INFO - [2026-06-12T13:45:56.812+0000] {dagbag.py:545} INFO - Filling up the DagBag from /home/airflow/.local/lib/python3.12/site-packages/airflow/example_dags/example_time_delta_sensor_async.py
[2026-06-12T13:45:56.818+0000] {processor.py:840} INFO - DAG(s) 'example_time_delta_sensor_async' retrieved from /home/airflow/.local/lib/python3.12/site-packages/airflow/example_dags/example_time_delta_sensor_async.py
[2026-06-12T13:45:56.845+0000] {logging_mixin.py:188} INFO - [2026-06-12T13:45:56.844+0000] {dag.py:3096} INFO - Sync 1 DAGs
[2026-06-12T13:45:56.862+0000] {logging_mixin.py:188} INFO - [2026-06-12T13:45:56.862+0000] {dag.py:3954} INFO - Setting next_dagrun for example_time_delta_sensor_async to None, run_after=None
[2026-06-12T13:45:56.882+0000] {processor.py:183} INFO - Processing /home/airflow/.local/lib/python3.12/site-packages/airflow/example_dags/example_time_delta_sensor_async.py took 0.081 seconds
[2026-06-12T13:46:26.986+0000] {processor.py:161} INFO - Started process (PID=3137) to work on /home/airflow/.local/lib/python3.12/site-packages/airflow/example_dags/example_time_delta_sensor_async.py
[2026-06-12T13:46:26.988+0000] {processor.py:830} INFO - Processing file /home/airflow/.local/lib/python3.12/site-packages/airflow/example_dags/example_time_delta_sensor_async.py for tasks to queue
[2026-06-12T13:46:26.993+0000] {logging_mixin.py:188} INFO - [2026-06-12T13:46:26.992+0000] {dagbag.py:545} INFO - Filling up the DagBag from /home/airflow/.local/lib/python3.12/site-packages/airflow/example_dags/example_time_delta_sensor_async.py
[2026-06-12T13:46:27.001+0000] {processor.py:840} INFO - DAG(s) 'example_time_delta_sensor_async' retrieved from /home/airflow/.local/lib/python3.12/site-packages/airflow/example_dags/example_time_delta_sensor_async.py
[2026-06-12T13:46:27.060+0000] {logging_mixin.py:188} INFO - [2026-06-12T13:46:27.060+0000] {dag.py:3096} INFO - Sync 1 DAGs
[2026-06-12T13:46:27.095+0000] {logging_mixin.py:188} INFO - [2026-06-12T13:46:27.095+0000] {dag.py:3954} INFO - Setting next_dagrun for example_time_delta_sensor_async to None, run_after=None
[2026-06-12T13:46:27.112+0000] {processor.py:183} INFO - Processing /home/airflow/.local/lib/python3.12/site-packages/airflow/example_dags/example_time_delta_sensor_async.py took 0.139 seconds
[2026-06-12T13:46:57.182+0000] {processor.py:161} INFO - Started process (PID=3199) to work on /home/airflow/.local/lib/python3.12/site-packages/airflow/example_dags/example_time_delta_sensor_async.py
[2026-06-12T13:46:57.186+0000] {processor.py:830} INFO - Processing file /home/airflow/.local/lib/python3.12/site-packages/airflow/example_dags/example_time_delta_sensor_async.py for tasks to queue
[2026-06-12T13:46:57.189+0000] {logging_mixin.py:188} INFO - [2026-06-12T13:46:57.188+0000] {dagbag.py:545} INFO - Filling up the DagBag from /home/airflow/.local/lib/python3.12/site-packages/airflow/example_dags/example_time_delta_sensor_async.py
[2026-06-12T13:46:57.194+0000] {processor.py:840} INFO - DAG(s) 'example_time_delta_sensor_async' retrieved from /home/airflow/.local/lib/python3.12/site-packages/airflow/example_dags/example_time_delta_sensor_async.py
[2026-06-12T13:46:57.217+0000] {logging_mixin.py:188} INFO - [2026-06-12T13:46:57.216+0000] {dag.py:3096} INFO - Sync 1 DAGs
[2026-06-12T13:46:57.233+0000] {logging_mixin.py:188} INFO - [2026-06-12T13:46:57.233+0000] {dag.py:3954} INFO - Setting next_dagrun for example_time_delta_sensor_async to None, run_after=None
[2026-06-12T13:46:57.258+0000] {processor.py:183} INFO - Processing /home/airflow/.local/lib/python3.12/site-packages/airflow/example_dags/example_time_delta_sensor_async.py took 0.089 seconds
[2026-06-12T13:47:28.336+0000] {processor.py:161} INFO - Started process (PID=3261) to work on /home/airflow/.local/lib/python3.12/site-packages/airflow/example_dags/example_time_delta_sensor_async.py
[2026-06-12T13:47:28.336+0000] {processor.py:830} INFO - Processing file /home/airflow/.local/lib/python3.12/site-packages/airflow/example_dags/example_time_delta_sensor_async.py for tasks to queue
[2026-06-12T13:47:28.339+0000] {logging_mixin.py:188} INFO - [2026-06-12T13:47:28.338+0000] {dagbag.py:545} INFO - Filling up the DagBag from /home/airflow/.local/lib/python3.12/site-packages/airflow/example_dags/example_time_delta_sensor_async.py
[2026-06-12T13:47:28.344+0000] {processor.py:840} INFO - DAG(s) 'example_time_delta_sensor_async' retrieved from /home/airflow/.local/lib/python3.12/site-packages/airflow/example_dags/example_time_delta_sensor_async.py
[2026-06-12T13:47:28.378+0000] {logging_mixin.py:188} INFO - [2026-06-12T13:47:28.377+0000] {dag.py:3096} INFO - Sync 1 DAGs
[2026-06-12T13:47:28.409+0000] {logging_mixin.py:188} INFO - [2026-06-12T13:47:28.408+0000] {dag.py:3954} INFO - Setting next_dagrun for example_time_delta_sensor_async to None, run_after=None
[2026-06-12T13:47:28.442+0000] {processor.py:183} INFO - Processing /home/airflow/.local/lib/python3.12/site-packages/airflow/example_dags/example_time_delta_sensor_async.py took 0.121 seconds
[2026-06-12T13:47:59.647+0000] {processor.py:161} INFO - Started process (PID=3320) to work on /home/airflow/.local/lib/python3.12/site-packages/airflow/example_dags/example_time_delta_sensor_async.py
[2026-06-12T13:47:59.651+0000] {processor.py:830} INFO - Processing file /home/airflow/.local/lib/python3.12/site-packages/airflow/example_dags/example_time_delta_sensor_async.py for tasks to queue
[2026-06-12T13:47:59.658+0000] {logging_mixin.py:188} INFO - [2026-06-12T13:47:59.657+0000] {dagbag.py:545} INFO - Filling up the DagBag from /home/airflow/.local/lib/python3.12/site-packages/airflow/example_dags/example_time_delta_sensor_async.py
[2026-06-12T13:47:59.673+0000] {processor.py:840} INFO - DAG(s) 'example_time_delta_sensor_async' retrieved from /home/airflow/.local/lib/python3.12/site-packages/airflow/example_dags/example_time_delta_sensor_async.py
[2026-06-12T13:47:59.732+0000] {logging_mixin.py:188} INFO - [2026-06-12T13:47:59.732+0000] {dag.py:3096} INFO - Sync 1 DAGs
[2026-06-12T13:47:59.779+0000] {logging_mixin.py:188} INFO - [2026-06-12T13:47:59.779+0000] {dag.py:3954} INFO - Setting next_dagrun for example_time_delta_sensor_async to None, run_after=None
[2026-06-12T13:47:59.857+0000] {processor.py:183} INFO - Processing /home/airflow/.local/lib/python3.12/site-packages/airflow/example_dags/example_time_delta_sensor_async.py took 0.236 seconds
[2026-06-12T13:48:30.689+0000] {processor.py:161} INFO - Started process (PID=3382) to work on /home/airflow/.local/lib/python3.12/site-packages/airflow/example_dags/example_time_delta_sensor_async.py
[2026-06-12T13:48:30.690+0000] {processor.py:830} INFO - Processing file /home/airflow/.local/lib/python3.12/site-packages/airflow/example_dags/example_time_delta_sensor_async.py for tasks to queue
[2026-06-12T13:48:30.692+0000] {logging_mixin.py:188} INFO - [2026-06-12T13:48:30.692+0000] {dagbag.py:545} INFO - Filling up the DagBag from /home/airflow/.local/lib/python3.12/site-packages/airflow/example_dags/example_time_delta_sensor_async.py
[2026-06-12T13:48:30.697+0000] {processor.py:840} INFO - DAG(s) 'example_time_delta_sensor_async' retrieved from /home/airflow/.local/lib/python3.12/site-packages/airflow/example_dags/example_time_delta_sensor_async.py
[2026-06-12T13:48:30.719+0000] {logging_mixin.py:188} INFO - [2026-06-12T13:48:30.718+0000] {dag.py:3096} INFO - Sync 1 DAGs
[2026-06-12T13:48:30.735+0000] {logging_mixin.py:188} INFO - [2026-06-12T13:48:30.735+0000] {dag.py:3954} INFO - Setting next_dagrun for example_time_delta_sensor_async to None, run_after=None
[2026-06-12T13:48:30.755+0000] {processor.py:183} INFO - Processing /home/airflow/.local/lib/python3.12/site-packages/airflow/example_dags/example_time_delta_sensor_async.py took 0.078 seconds
[2026-06-12T13:49:02.573+0000] {processor.py:161} INFO - Started process (PID=3435) to work on /home/airflow/.local/lib/python3.12/site-packages/airflow/example_dags/example_time_delta_sensor_async.py
[2026-06-12T13:49:02.574+0000] {processor.py:830} INFO - Processing file /home/airflow/.local/lib/python3.12/site-packages/airflow/example_dags/example_time_delta_sensor_async.py for tasks to queue
[2026-06-12T13:49:02.576+0000] {logging_mixin.py:188} INFO - [2026-06-12T13:49:02.575+0000] {dagbag.py:545} INFO - Filling up the DagBag from /home/airflow/.local/lib/python3.12/site-packages/airflow/example_dags/example_time_delta_sensor_async.py
[2026-06-12T13:49:02.581+0000] {processor.py:840} INFO - DAG(s) 'example_time_delta_sensor_async' retrieved from /home/airflow/.local/lib/python3.12/site-packages/airflow/example_dags/example_time_delta_sensor_async.py
[2026-06-12T13:49:02.603+0000] {logging_mixin.py:188} INFO - [2026-06-12T13:49:02.603+0000] {dag.py:3096} INFO - Sync 1 DAGs
[2026-06-12T13:49:02.619+0000] {logging_mixin.py:188} INFO - [2026-06-12T13:49:02.619+0000] {dag.py:3954} INFO - Setting next_dagrun for example_time_delta_sensor_async to None, run_after=None
[2026-06-12T13:49:02.642+0000] {processor.py:183} INFO - Processing /home/airflow/.local/lib/python3.12/site-packages/airflow/example_dags/example_time_delta_sensor_async.py took 0.077 seconds
[2026-06-12T13:49:34.316+0000] {processor.py:161} INFO - Started process (PID=3496) to work on /home/airflow/.local/lib/python3.12/site-packages/airflow/example_dags/example_time_delta_sensor_async.py
[2026-06-12T13:49:34.317+0000] {processor.py:830} INFO - Processing file /home/airflow/.local/lib/python3.12/site-packages/airflow/example_dags/example_time_delta_sensor_async.py for tasks to queue
[2026-06-12T13:49:34.320+0000] {logging_mixin.py:188} INFO - [2026-06-12T13:49:34.319+0000] {dagbag.py:545} INFO - Filling up the DagBag from /home/airflow/.local/lib/python3.12/site-packages/airflow/example_dags/example_time_delta_sensor_async.py
[2026-06-12T13:49:34.325+0000] {processor.py:840} INFO - DAG(s) 'example_time_delta_sensor_async' retrieved from /home/airflow/.local/lib/python3.12/site-packages/airflow/example_dags/example_time_delta_sensor_async.py
[2026-06-12T13:49:34.348+0000] {logging_mixin.py:188} INFO - [2026-06-12T13:49:34.348+0000] {dag.py:3096} INFO - Sync 1 DAGs
[2026-06-12T13:49:34.365+0000] {logging_mixin.py:188} INFO - [2026-06-12T13:49:34.364+0000] {dag.py:3954} INFO - Setting next_dagrun for example_time_delta_sensor_async to None, run_after=None
[2026-06-12T13:49:34.398+0000] {processor.py:183} INFO - Processing /home/airflow/.local/lib/python3.12/site-packages/airflow/example_dags/example_time_delta_sensor_async.py took 0.095 seconds
[2026-06-12T13:50:04.832+0000] {processor.py:161} INFO - Started process (PID=3558) to work on /home/airflow/.local/lib/python3.12/site-packages/airflow/example_dags/example_time_delta_sensor_async.py
[2026-06-12T13:50:04.833+0000] {processor.py:830} INFO - Processing file /home/airflow/.local/lib/python3.12/site-packages/airflow/example_dags/example_time_delta_sensor_async.py for tasks to queue
[2026-06-12T13:50:04.835+0000] {logging_mixin.py:188} INFO - [2026-06-12T13:50:04.835+0000] {dagbag.py:545} INFO - Filling up the DagBag from /home/airflow/.local/lib/python3.12/site-packages/airflow/example_dags/example_time_delta_sensor_async.py
[2026-06-12T13:50:04.840+0000] {processor.py:840} INFO - DAG(s) 'example_time_delta_sensor_async' retrieved from /home/airflow/.local/lib/python3.12/site-packages/airflow/example_dags/example_time_delta_sensor_async.py
[2026-06-12T13:50:04.863+0000] {logging_mixin.py:188} INFO - [2026-06-12T13:50:04.863+0000] {dag.py:3096} INFO - Sync 1 DAGs
[2026-06-12T13:50:04.879+0000] {logging_mixin.py:188} INFO - [2026-06-12T13:50:04.879+0000] {dag.py:3954} INFO - Setting next_dagrun for example_time_delta_sensor_async to None, run_after=None
[2026-06-12T13:50:04.899+0000] {processor.py:183} INFO - Processing /home/airflow/.local/lib/python3.12/site-packages/airflow/example_dags/example_time_delta_sensor_async.py took 0.074 seconds
[2026-06-12T13:50:35.367+0000] {processor.py:161} INFO - Started process (PID=3621) to work on /home/airflow/.local/lib/python3.12/site-packages/airflow/example_dags/example_time_delta_sensor_async.py
[2026-06-12T13:50:35.368+0000] {processor.py:830} INFO - Processing file /home/airflow/.local/lib/python3.12/site-packages/airflow/example_dags/example_time_delta_sensor_async.py for tasks to queue
[2026-06-12T13:50:35.370+0000] {logging_mixin.py:188} INFO - [2026-06-12T13:50:35.369+0000] {dagbag.py:545} INFO - Filling up the DagBag from /home/airflow/.local/lib/python3.12/site-packages/airflow/example_dags/example_time_delta_sensor_async.py
[2026-06-12T13:50:35.374+0000] {processor.py:840} INFO - DAG(s) 'example_time_delta_sensor_async' retrieved from /home/airflow/.local/lib/python3.12/site-packages/airflow/example_dags/example_time_delta_sensor_async.py
[2026-06-12T13:50:35.396+0000] {logging_mixin.py:188} INFO - [2026-06-12T13:50:35.396+0000] {dag.py:3096} INFO - Sync 1 DAGs
[2026-06-12T13:50:35.413+0000] {logging_mixin.py:188} INFO - [2026-06-12T13:50:35.412+0000] {dag.py:3954} INFO - Setting next_dagrun for example_time_delta_sensor_async to None, run_after=None
[2026-06-12T13:50:35.433+0000] {processor.py:183} INFO - Processing /home/airflow/.local/lib/python3.12/site-packages/airflow/example_dags/example_time_delta_sensor_async.py took 0.073 seconds
[2026-06-12T13:51:06.056+0000] {processor.py:161} INFO - Started process (PID=3683) to work on /home/airflow/.local/lib/python3.12/site-packages/airflow/example_dags/example_time_delta_sensor_async.py
[2026-06-12T13:51:06.057+0000] {processor.py:830} INFO - Processing file /home/airflow/.local/lib/python3.12/site-packages/airflow/example_dags/example_time_delta_sensor_async.py for tasks to queue
[2026-06-12T13:51:06.059+0000] {logging_mixin.py:188} INFO - [2026-06-12T13:51:06.059+0000] {dagbag.py:545} INFO - Filling up the DagBag from /home/airflow/.local/lib/python3.12/site-packages/airflow/example_dags/example_time_delta_sensor_async.py
[2026-06-12T13:51:06.067+0000] {processor.py:840} INFO - DAG(s) 'example_time_delta_sensor_async' retrieved from /home/airflow/.local/lib/python3.12/site-packages/airflow/example_dags/example_time_delta_sensor_async.py
[2026-06-12T13:51:06.105+0000] {logging_mixin.py:188} INFO - [2026-06-12T13:51:06.105+0000] {dag.py:3096} INFO - Sync 1 DAGs
[2026-06-12T13:51:06.122+0000] {logging_mixin.py:188} INFO - [2026-06-12T13:51:06.122+0000] {dag.py:3954} INFO - Setting next_dagrun for example_time_delta_sensor_async to None, run_after=None
[2026-06-12T13:51:06.141+0000] {processor.py:183} INFO - Processing /home/airflow/.local/lib/python3.12/site-packages/airflow/example_dags/example_time_delta_sensor_async.py took 0.092 seconds
[2026-06-12T13:51:37.102+0000] {processor.py:161} INFO - Started process (PID=3744) to work on /home/airflow/.local/lib/python3.12/site-packages/airflow/example_dags/example_time_delta_sensor_async.py
[2026-06-12T13:51:37.103+0000] {processor.py:830} INFO - Processing file /home/airflow/.local/lib/python3.12/site-packages/airflow/example_dags/example_time_delta_sensor_async.py for tasks to queue
[2026-06-12T13:51:37.105+0000] {logging_mixin.py:188} INFO - [2026-06-12T13:51:37.104+0000] {dagbag.py:545} INFO - Filling up the DagBag from /home/airflow/.local/lib/python3.12/site-packages/airflow/example_dags/example_time_delta_sensor_async.py
[2026-06-12T13:51:37.111+0000] {processor.py:840} INFO - DAG(s) 'example_time_delta_sensor_async' retrieved from /home/airflow/.local/lib/python3.12/site-packages/airflow/example_dags/example_time_delta_sensor_async.py
[2026-06-12T13:51:37.132+0000] {logging_mixin.py:188} INFO - [2026-06-12T13:51:37.132+0000] {dag.py:3096} INFO - Sync 1 DAGs
[2026-06-12T13:51:37.143+0000] {logging_mixin.py:188} INFO - [2026-06-12T13:51:37.143+0000] {dag.py:3954} INFO - Setting next_dagrun for example_time_delta_sensor_async to None, run_after=None
[2026-06-12T13:51:37.158+0000] {processor.py:183} INFO - Processing /home/airflow/.local/lib/python3.12/site-packages/airflow/example_dags/example_time_delta_sensor_async.py took 0.064 seconds
[2026-06-12T13:52:07.870+0000] {processor.py:161} INFO - Started process (PID=3801) to work on /home/airflow/.local/lib/python3.12/site-packages/airflow/example_dags/example_time_delta_sensor_async.py
[2026-06-12T13:52:07.871+0000] {processor.py:830} INFO - Processing file /home/airflow/.local/lib/python3.12/site-packages/airflow/example_dags/example_time_delta_sensor_async.py for tasks to queue
[2026-06-12T13:52:07.873+0000] {logging_mixin.py:188} INFO - [2026-06-12T13:52:07.873+0000] {dagbag.py:545} INFO - Filling up the DagBag from /home/airflow/.local/lib/python3.12/site-packages/airflow/example_dags/example_time_delta_sensor_async.py
[2026-06-12T13:52:07.878+0000] {processor.py:840} INFO - DAG(s) 'example_time_delta_sensor_async' retrieved from /home/airflow/.local/lib/python3.12/site-packages/airflow/example_dags/example_time_delta_sensor_async.py
[2026-06-12T13:52:07.901+0000] {logging_mixin.py:188} INFO - [2026-06-12T13:52:07.901+0000] {dag.py:3096} INFO - Sync 1 DAGs
[2026-06-12T13:52:07.917+0000] {logging_mixin.py:188} INFO - [2026-06-12T13:52:07.916+0000] {dag.py:3954} INFO - Setting next_dagrun for example_time_delta_sensor_async to None, run_after=None
[2026-06-12T13:52:07.936+0000] {processor.py:183} INFO - Processing /home/airflow/.local/lib/python3.12/site-packages/airflow/example_dags/example_time_delta_sensor_async.py took 0.075 seconds
[2026-06-12T22:09:30.036+0000] {processor.py:161} INFO - Started process (PID=101) to work on /home/airflow/.local/lib/python3.12/site-packages/airflow/example_dags/example_time_delta_sensor_async.py
[2026-06-12T22:09:30.133+0000] {processor.py:830} INFO - Processing file /home/airflow/.local/lib/python3.12/site-packages/airflow/example_dags/example_time_delta_sensor_async.py for tasks to queue
[2026-06-12T22:09:30.146+0000] {logging_mixin.py:188} INFO - [2026-06-12T22:09:30.146+0000] {dagbag.py:545} INFO - Filling up the DagBag from /home/airflow/.local/lib/python3.12/site-packages/airflow/example_dags/example_time_delta_sensor_async.py
[2026-06-12T22:09:30.205+0000] {processor.py:840} INFO - DAG(s) 'example_time_delta_sensor_async' retrieved from /home/airflow/.local/lib/python3.12/site-packages/airflow/example_dags/example_time_delta_sensor_async.py
[2026-06-12T22:09:30.338+0000] {logging_mixin.py:188} INFO - [2026-06-12T22:09:30.338+0000] {dag.py:3096} INFO - Sync 1 DAGs
[2026-06-12T22:09:30.376+0000] {logging_mixin.py:188} INFO - [2026-06-12T22:09:30.376+0000] {dag.py:3954} INFO - Setting next_dagrun for example_time_delta_sensor_async to None, run_after=None
[2026-06-12T22:09:30.521+0000] {processor.py:183} INFO - Processing /home/airflow/.local/lib/python3.12/site-packages/airflow/example_dags/example_time_delta_sensor_async.py took 0.536 seconds
[2026-06-12T22:10:01.202+0000] {processor.py:161} INFO - Started process (PID=164) to work on /home/airflow/.local/lib/python3.12/site-packages/airflow/example_dags/example_time_delta_sensor_async.py
[2026-06-12T22:10:01.212+0000] {processor.py:830} INFO - Processing file /home/airflow/.local/lib/python3.12/site-packages/airflow/example_dags/example_time_delta_sensor_async.py for tasks to queue
[2026-06-12T22:10:01.215+0000] {logging_mixin.py:188} INFO - [2026-06-12T22:10:01.215+0000] {dagbag.py:545} INFO - Filling up the DagBag from /home/airflow/.local/lib/python3.12/site-packages/airflow/example_dags/example_time_delta_sensor_async.py
[2026-06-12T22:10:01.226+0000] {processor.py:840} INFO - DAG(s) 'example_time_delta_sensor_async' retrieved from /home/airflow/.local/lib/python3.12/site-packages/airflow/example_dags/example_time_delta_sensor_async.py
[2026-06-12T22:10:01.320+0000] {logging_mixin.py:188} INFO - [2026-06-12T22:10:01.319+0000] {dag.py:3096} INFO - Sync 1 DAGs
[2026-06-12T22:10:01.373+0000] {logging_mixin.py:188} INFO - [2026-06-12T22:10:01.373+0000] {dag.py:3954} INFO - Setting next_dagrun for example_time_delta_sensor_async to None, run_after=None
[2026-06-12T22:10:01.427+0000] {processor.py:183} INFO - Processing /home/airflow/.local/lib/python3.12/site-packages/airflow/example_dags/example_time_delta_sensor_async.py took 0.258 seconds
[2026-06-12T22:10:32.307+0000] {processor.py:161} INFO - Started process (PID=225) to work on /home/airflow/.local/lib/python3.12/site-packages/airflow/example_dags/example_time_delta_sensor_async.py
[2026-06-12T22:10:32.308+0000] {processor.py:830} INFO - Processing file /home/airflow/.local/lib/python3.12/site-packages/airflow/example_dags/example_time_delta_sensor_async.py for tasks to queue
[2026-06-12T22:10:32.310+0000] {logging_mixin.py:188} INFO - [2026-06-12T22:10:32.309+0000] {dagbag.py:545} INFO - Filling up the DagBag from /home/airflow/.local/lib/python3.12/site-packages/airflow/example_dags/example_time_delta_sensor_async.py
[2026-06-12T22:10:32.315+0000] {processor.py:840} INFO - DAG(s) 'example_time_delta_sensor_async' retrieved from /home/airflow/.local/lib/python3.12/site-packages/airflow/example_dags/example_time_delta_sensor_async.py
[2026-06-12T22:10:32.535+0000] {logging_mixin.py:188} INFO - [2026-06-12T22:10:32.535+0000] {dag.py:3096} INFO - Sync 1 DAGs
[2026-06-12T22:10:32.559+0000] {logging_mixin.py:188} INFO - [2026-06-12T22:10:32.558+0000] {dag.py:3954} INFO - Setting next_dagrun for example_time_delta_sensor_async to None, run_after=None
[2026-06-12T22:10:32.590+0000] {processor.py:183} INFO - Processing /home/airflow/.local/lib/python3.12/site-packages/airflow/example_dags/example_time_delta_sensor_async.py took 0.290 seconds
[2026-06-12T22:11:02.649+0000] {processor.py:161} INFO - Started process (PID=286) to work on /home/airflow/.local/lib/python3.12/site-packages/airflow/example_dags/example_time_delta_sensor_async.py
[2026-06-12T22:11:02.649+0000] {processor.py:830} INFO - Processing file /home/airflow/.local/lib/python3.12/site-packages/airflow/example_dags/example_time_delta_sensor_async.py for tasks to queue
[2026-06-12T22:11:02.651+0000] {logging_mixin.py:188} INFO - [2026-06-12T22:11:02.651+0000] {dagbag.py:545} INFO - Filling up the DagBag from /home/airflow/.local/lib/python3.12/site-packages/airflow/example_dags/example_time_delta_sensor_async.py
[2026-06-12T22:11:02.655+0000] {processor.py:840} INFO - DAG(s) 'example_time_delta_sensor_async' retrieved from /home/airflow/.local/lib/python3.12/site-packages/airflow/example_dags/example_time_delta_sensor_async.py
[2026-06-12T22:11:02.678+0000] {logging_mixin.py:188} INFO - [2026-06-12T22:11:02.678+0000] {dag.py:3096} INFO - Sync 1 DAGs
[2026-06-12T22:11:02.690+0000] {logging_mixin.py:188} INFO - [2026-06-12T22:11:02.690+0000] {dag.py:3954} INFO - Setting next_dagrun for example_time_delta_sensor_async to None, run_after=None
[2026-06-12T22:11:02.711+0000] {processor.py:183} INFO - Processing /home/airflow/.local/lib/python3.12/site-packages/airflow/example_dags/example_time_delta_sensor_async.py took 0.069 seconds
[2026-06-12T22:11:38.252+0000] {processor.py:161} INFO - Started process (PID=348) to work on /home/airflow/.local/lib/python3.12/site-packages/airflow/example_dags/example_time_delta_sensor_async.py
[2026-06-12T22:11:38.256+0000] {processor.py:830} INFO - Processing file /home/airflow/.local/lib/python3.12/site-packages/airflow/example_dags/example_time_delta_sensor_async.py for tasks to queue
[2026-06-12T22:11:38.260+0000] {logging_mixin.py:188} INFO - [2026-06-12T22:11:38.260+0000] {dagbag.py:545} INFO - Filling up the DagBag from /home/airflow/.local/lib/python3.12/site-packages/airflow/example_dags/example_time_delta_sensor_async.py
[2026-06-12T22:11:38.271+0000] {processor.py:840} INFO - DAG(s) 'example_time_delta_sensor_async' retrieved from /home/airflow/.local/lib/python3.12/site-packages/airflow/example_dags/example_time_delta_sensor_async.py
[2026-06-12T22:11:38.337+0000] {logging_mixin.py:188} INFO - [2026-06-12T22:11:38.336+0000] {dag.py:3096} INFO - Sync 1 DAGs
[2026-06-12T22:11:38.371+0000] {logging_mixin.py:188} INFO - [2026-06-12T22:11:38.371+0000] {dag.py:3954} INFO - Setting next_dagrun for example_time_delta_sensor_async to None, run_after=None
[2026-06-12T22:11:38.400+0000] {processor.py:183} INFO - Processing /home/airflow/.local/lib/python3.12/site-packages/airflow/example_dags/example_time_delta_sensor_async.py took 0.162 seconds
[2026-06-12T22:12:09.901+0000] {processor.py:161} INFO - Started process (PID=410) to work on /home/airflow/.local/lib/python3.12/site-packages/airflow/example_dags/example_time_delta_sensor_async.py
[2026-06-12T22:12:09.905+0000] {processor.py:830} INFO - Processing file /home/airflow/.local/lib/python3.12/site-packages/airflow/example_dags/example_time_delta_sensor_async.py for tasks to queue
[2026-06-12T22:12:09.917+0000] {logging_mixin.py:188} INFO - [2026-06-12T22:12:09.915+0000] {dagbag.py:545} INFO - Filling up the DagBag from /home/airflow/.local/lib/python3.12/site-packages/airflow/example_dags/example_time_delta_sensor_async.py
[2026-06-12T22:12:09.941+0000] {processor.py:840} INFO - DAG(s) 'example_time_delta_sensor_async' retrieved from /home/airflow/.local/lib/python3.12/site-packages/airflow/example_dags/example_time_delta_sensor_async.py
[2026-06-12T22:12:10.038+0000] {logging_mixin.py:188} INFO - [2026-06-12T22:12:10.036+0000] {dag.py:3096} INFO - Sync 1 DAGs
[2026-06-12T22:12:10.118+0000] {logging_mixin.py:188} INFO - [2026-06-12T22:12:10.117+0000] {dag.py:3954} INFO - Setting next_dagrun for example_time_delta_sensor_async to None, run_after=None
[2026-06-12T22:12:10.242+0000] {processor.py:183} INFO - Processing /home/airflow/.local/lib/python3.12/site-packages/airflow/example_dags/example_time_delta_sensor_async.py took 0.383 seconds
[2026-06-12T22:12:40.636+0000] {processor.py:161} INFO - Started process (PID=472) to work on /home/airflow/.local/lib/python3.12/site-packages/airflow/example_dags/example_time_delta_sensor_async.py
[2026-06-12T22:12:40.637+0000] {processor.py:830} INFO - Processing file /home/airflow/.local/lib/python3.12/site-packages/airflow/example_dags/example_time_delta_sensor_async.py for tasks to queue
[2026-06-12T22:12:40.639+0000] {logging_mixin.py:188} INFO - [2026-06-12T22:12:40.639+0000] {dagbag.py:545} INFO - Filling up the DagBag from /home/airflow/.local/lib/python3.12/site-packages/airflow/example_dags/example_time_delta_sensor_async.py
[2026-06-12T22:12:40.646+0000] {processor.py:840} INFO - DAG(s) 'example_time_delta_sensor_async' retrieved from /home/airflow/.local/lib/python3.12/site-packages/airflow/example_dags/example_time_delta_sensor_async.py
[2026-06-12T22:12:40.673+0000] {logging_mixin.py:188} INFO - [2026-06-12T22:12:40.673+0000] {dag.py:3096} INFO - Sync 1 DAGs
[2026-06-12T22:12:40.691+0000] {logging_mixin.py:188} INFO - [2026-06-12T22:12:40.690+0000] {dag.py:3954} INFO - Setting next_dagrun for example_time_delta_sensor_async to None, run_after=None
[2026-06-12T22:12:40.732+0000] {processor.py:183} INFO - Processing /home/airflow/.local/lib/python3.12/site-packages/airflow/example_dags/example_time_delta_sensor_async.py took 0.108 seconds
[2026-06-12T22:13:12.486+0000] {processor.py:161} INFO - Started process (PID=534) to work on /home/airflow/.local/lib/python3.12/site-packages/airflow/example_dags/example_time_delta_sensor_async.py
[2026-06-12T22:13:12.487+0000] {processor.py:830} INFO - Processing file /home/airflow/.local/lib/python3.12/site-packages/airflow/example_dags/example_time_delta_sensor_async.py for tasks to queue
[2026-06-12T22:13:12.490+0000] {logging_mixin.py:188} INFO - [2026-06-12T22:13:12.490+0000] {dagbag.py:545} INFO - Filling up the DagBag from /home/airflow/.local/lib/python3.12/site-packages/airflow/example_dags/example_time_delta_sensor_async.py
[2026-06-12T22:13:12.501+0000] {processor.py:840} INFO - DAG(s) 'example_time_delta_sensor_async' retrieved from /home/airflow/.local/lib/python3.12/site-packages/airflow/example_dags/example_time_delta_sensor_async.py
[2026-06-12T22:13:12.545+0000] {logging_mixin.py:188} INFO - [2026-06-12T22:13:12.545+0000] {dag.py:3096} INFO - Sync 1 DAGs
[2026-06-12T22:13:12.576+0000] {logging_mixin.py:188} INFO - [2026-06-12T22:13:12.576+0000] {dag.py:3954} INFO - Setting next_dagrun for example_time_delta_sensor_async to None, run_after=None
[2026-06-12T22:13:13.159+0000] {processor.py:183} INFO - Processing /home/airflow/.local/lib/python3.12/site-packages/airflow/example_dags/example_time_delta_sensor_async.py took 0.696 seconds
[2026-06-12T22:13:44.868+0000] {processor.py:161} INFO - Started process (PID=596) to work on /home/airflow/.local/lib/python3.12/site-packages/airflow/example_dags/example_time_delta_sensor_async.py
[2026-06-12T22:13:44.873+0000] {processor.py:830} INFO - Processing file /home/airflow/.local/lib/python3.12/site-packages/airflow/example_dags/example_time_delta_sensor_async.py for tasks to queue
[2026-06-12T22:13:44.877+0000] {logging_mixin.py:188} INFO - [2026-06-12T22:13:44.877+0000] {dagbag.py:545} INFO - Filling up the DagBag from /home/airflow/.local/lib/python3.12/site-packages/airflow/example_dags/example_time_delta_sensor_async.py
[2026-06-12T22:13:44.889+0000] {processor.py:840} INFO - DAG(s) 'example_time_delta_sensor_async' retrieved from /home/airflow/.local/lib/python3.12/site-packages/airflow/example_dags/example_time_delta_sensor_async.py
[2026-06-12T22:13:45.009+0000] {logging_mixin.py:188} INFO - [2026-06-12T22:13:45.009+0000] {dag.py:3096} INFO - Sync 1 DAGs
[2026-06-12T22:13:45.062+0000] {logging_mixin.py:188} INFO - [2026-06-12T22:13:45.062+0000] {dag.py:3954} INFO - Setting next_dagrun for example_time_delta_sensor_async to None, run_after=None
[2026-06-12T22:13:45.117+0000] {processor.py:183} INFO - Processing /home/airflow/.local/lib/python3.12/site-packages/airflow/example_dags/example_time_delta_sensor_async.py took 0.267 seconds
[2026-06-12T22:14:15.873+0000] {processor.py:161} INFO - Started process (PID=658) to work on /home/airflow/.local/lib/python3.12/site-packages/airflow/example_dags/example_time_delta_sensor_async.py
[2026-06-12T22:14:15.886+0000] {processor.py:830} INFO - Processing file /home/airflow/.local/lib/python3.12/site-packages/airflow/example_dags/example_time_delta_sensor_async.py for tasks to queue
[2026-06-12T22:14:15.889+0000] {logging_mixin.py:188} INFO - [2026-06-12T22:14:15.888+0000] {dagbag.py:545} INFO - Filling up the DagBag from /home/airflow/.local/lib/python3.12/site-packages/airflow/example_dags/example_time_delta_sensor_async.py
[2026-06-12T22:14:15.894+0000] {processor.py:840} INFO - DAG(s) 'example_time_delta_sensor_async' retrieved from /home/airflow/.local/lib/python3.12/site-packages/airflow/example_dags/example_time_delta_sensor_async.py
[2026-06-12T22:14:15.921+0000] {logging_mixin.py:188} INFO - [2026-06-12T22:14:15.920+0000] {dag.py:3096} INFO - Sync 1 DAGs
[2026-06-12T22:14:15.941+0000] {logging_mixin.py:188} INFO - [2026-06-12T22:14:15.941+0000] {dag.py:3954} INFO - Setting next_dagrun for example_time_delta_sensor_async to None, run_after=None
[2026-06-12T22:14:15.971+0000] {processor.py:183} INFO - Processing /home/airflow/.local/lib/python3.12/site-packages/airflow/example_dags/example_time_delta_sensor_async.py took 0.106 seconds
[2026-06-12T22:14:50.048+0000] {processor.py:161} INFO - Started process (PID=727) to work on /home/airflow/.local/lib/python3.12/site-packages/airflow/example_dags/example_time_delta_sensor_async.py
[2026-06-12T22:14:50.051+0000] {processor.py:830} INFO - Processing file /home/airflow/.local/lib/python3.12/site-packages/airflow/example_dags/example_time_delta_sensor_async.py for tasks to queue
[2026-06-12T22:14:50.053+0000] {logging_mixin.py:188} INFO - [2026-06-12T22:14:50.053+0000] {dagbag.py:545} INFO - Filling up the DagBag from /home/airflow/.local/lib/python3.12/site-packages/airflow/example_dags/example_time_delta_sensor_async.py
[2026-06-12T22:14:50.062+0000] {processor.py:840} INFO - DAG(s) 'example_time_delta_sensor_async' retrieved from /home/airflow/.local/lib/python3.12/site-packages/airflow/example_dags/example_time_delta_sensor_async.py
[2026-06-12T22:14:50.136+0000] {logging_mixin.py:188} INFO - [2026-06-12T22:14:50.136+0000] {dag.py:3096} INFO - Sync 1 DAGs
[2026-06-12T22:14:50.213+0000] {logging_mixin.py:188} INFO - [2026-06-12T22:14:50.213+0000] {dag.py:3954} INFO - Setting next_dagrun for example_time_delta_sensor_async to None, run_after=None
[2026-06-12T22:14:50.259+0000] {processor.py:183} INFO - Processing /home/airflow/.local/lib/python3.12/site-packages/airflow/example_dags/example_time_delta_sensor_async.py took 0.229 seconds
[2026-06-12T22:15:20.772+0000] {processor.py:161} INFO - Started process (PID=789) to work on /home/airflow/.local/lib/python3.12/site-packages/airflow/example_dags/example_time_delta_sensor_async.py
[2026-06-12T22:15:20.773+0000] {processor.py:830} INFO - Processing file /home/airflow/.local/lib/python3.12/site-packages/airflow/example_dags/example_time_delta_sensor_async.py for tasks to queue
[2026-06-12T22:15:20.777+0000] {logging_mixin.py:188} INFO - [2026-06-12T22:15:20.776+0000] {dagbag.py:545} INFO - Filling up the DagBag from /home/airflow/.local/lib/python3.12/site-packages/airflow/example_dags/example_time_delta_sensor_async.py
[2026-06-12T22:15:20.788+0000] {processor.py:840} INFO - DAG(s) 'example_time_delta_sensor_async' retrieved from /home/airflow/.local/lib/python3.12/site-packages/airflow/example_dags/example_time_delta_sensor_async.py
[2026-06-12T22:15:20.851+0000] {logging_mixin.py:188} INFO - [2026-06-12T22:15:20.850+0000] {dag.py:3096} INFO - Sync 1 DAGs
[2026-06-12T22:15:20.903+0000] {logging_mixin.py:188} INFO - [2026-06-12T22:15:20.903+0000] {dag.py:3954} INFO - Setting next_dagrun for example_time_delta_sensor_async to None, run_after=None
[2026-06-12T22:15:21.086+0000] {processor.py:183} INFO - Processing /home/airflow/.local/lib/python3.12/site-packages/airflow/example_dags/example_time_delta_sensor_async.py took 0.348 seconds
[2026-06-12T22:15:51.504+0000] {processor.py:161} INFO - Started process (PID=851) to work on /home/airflow/.local/lib/python3.12/site-packages/airflow/example_dags/example_time_delta_sensor_async.py
[2026-06-12T22:15:51.505+0000] {processor.py:830} INFO - Processing file /home/airflow/.local/lib/python3.12/site-packages/airflow/example_dags/example_time_delta_sensor_async.py for tasks to queue
[2026-06-12T22:15:51.507+0000] {logging_mixin.py:188} INFO - [2026-06-12T22:15:51.506+0000] {dagbag.py:545} INFO - Filling up the DagBag from /home/airflow/.local/lib/python3.12/site-packages/airflow/example_dags/example_time_delta_sensor_async.py
[2026-06-12T22:15:51.511+0000] {processor.py:840} INFO - DAG(s) 'example_time_delta_sensor_async' retrieved from /home/airflow/.local/lib/python3.12/site-packages/airflow/example_dags/example_time_delta_sensor_async.py
[2026-06-12T22:15:51.546+0000] {logging_mixin.py:188} INFO - [2026-06-12T22:15:51.546+0000] {dag.py:3096} INFO - Sync 1 DAGs
[2026-06-12T22:15:51.566+0000] {logging_mixin.py:188} INFO - [2026-06-12T22:15:51.566+0000] {dag.py:3954} INFO - Setting next_dagrun for example_time_delta_sensor_async to None, run_after=None
[2026-06-12T22:15:51.590+0000] {processor.py:183} INFO - Processing /home/airflow/.local/lib/python3.12/site-packages/airflow/example_dags/example_time_delta_sensor_async.py took 0.093 seconds
[2026-06-12T22:16:22.613+0000] {processor.py:161} INFO - Started process (PID=913) to work on /home/airflow/.local/lib/python3.12/site-packages/airflow/example_dags/example_time_delta_sensor_async.py
[2026-06-12T22:16:22.616+0000] {processor.py:830} INFO - Processing file /home/airflow/.local/lib/python3.12/site-packages/airflow/example_dags/example_time_delta_sensor_async.py for tasks to queue
[2026-06-12T22:16:22.624+0000] {logging_mixin.py:188} INFO - [2026-06-12T22:16:22.624+0000] {dagbag.py:545} INFO - Filling up the DagBag from /home/airflow/.local/lib/python3.12/site-packages/airflow/example_dags/example_time_delta_sensor_async.py
[2026-06-12T22:16:22.641+0000] {processor.py:840} INFO - DAG(s) 'example_time_delta_sensor_async' retrieved from /home/airflow/.local/lib/python3.12/site-packages/airflow/example_dags/example_time_delta_sensor_async.py
[2026-06-12T22:16:22.707+0000] {logging_mixin.py:188} INFO - [2026-06-12T22:16:22.706+0000] {dag.py:3096} INFO - Sync 1 DAGs
[2026-06-12T22:16:22.737+0000] {logging_mixin.py:188} INFO - [2026-06-12T22:16:22.737+0000] {dag.py:3954} INFO - Setting next_dagrun for example_time_delta_sensor_async to None, run_after=None
[2026-06-12T22:16:22.764+0000] {processor.py:183} INFO - Processing /home/airflow/.local/lib/python3.12/site-packages/airflow/example_dags/example_time_delta_sensor_async.py took 0.167 seconds
[2026-06-12T22:16:53.620+0000] {processor.py:161} INFO - Started process (PID=975) to work on /home/airflow/.local/lib/python3.12/site-packages/airflow/example_dags/example_time_delta_sensor_async.py
[2026-06-12T22:16:53.657+0000] {processor.py:830} INFO - Processing file /home/airflow/.local/lib/python3.12/site-packages/airflow/example_dags/example_time_delta_sensor_async.py for tasks to queue
[2026-06-12T22:16:53.659+0000] {logging_mixin.py:188} INFO - [2026-06-12T22:16:53.659+0000] {dagbag.py:545} INFO - Filling up the DagBag from /home/airflow/.local/lib/python3.12/site-packages/airflow/example_dags/example_time_delta_sensor_async.py
[2026-06-12T22:16:53.666+0000] {processor.py:840} INFO - DAG(s) 'example_time_delta_sensor_async' retrieved from /home/airflow/.local/lib/python3.12/site-packages/airflow/example_dags/example_time_delta_sensor_async.py
[2026-06-12T22:16:53.693+0000] {logging_mixin.py:188} INFO - [2026-06-12T22:16:53.692+0000] {dag.py:3096} INFO - Sync 1 DAGs
[2026-06-12T22:16:53.708+0000] {logging_mixin.py:188} INFO - [2026-06-12T22:16:53.708+0000] {dag.py:3954} INFO - Setting next_dagrun for example_time_delta_sensor_async to None, run_after=None
[2026-06-12T22:16:53.812+0000] {processor.py:183} INFO - Processing /home/airflow/.local/lib/python3.12/site-packages/airflow/example_dags/example_time_delta_sensor_async.py took 0.201 seconds
[2026-06-12T22:17:23.911+0000] {processor.py:161} INFO - Started process (PID=1037) to work on /home/airflow/.local/lib/python3.12/site-packages/airflow/example_dags/example_time_delta_sensor_async.py
[2026-06-12T22:17:23.915+0000] {processor.py:830} INFO - Processing file /home/airflow/.local/lib/python3.12/site-packages/airflow/example_dags/example_time_delta_sensor_async.py for tasks to queue
[2026-06-12T22:17:23.918+0000] {logging_mixin.py:188} INFO - [2026-06-12T22:17:23.917+0000] {dagbag.py:545} INFO - Filling up the DagBag from /home/airflow/.local/lib/python3.12/site-packages/airflow/example_dags/example_time_delta_sensor_async.py
[2026-06-12T22:17:23.926+0000] {processor.py:840} INFO - DAG(s) 'example_time_delta_sensor_async' retrieved from /home/airflow/.local/lib/python3.12/site-packages/airflow/example_dags/example_time_delta_sensor_async.py
[2026-06-12T22:17:23.953+0000] {logging_mixin.py:188} INFO - [2026-06-12T22:17:23.952+0000] {dag.py:3096} INFO - Sync 1 DAGs
[2026-06-12T22:17:23.969+0000] {logging_mixin.py:188} INFO - [2026-06-12T22:17:23.969+0000] {dag.py:3954} INFO - Setting next_dagrun for example_time_delta_sensor_async to None, run_after=None
[2026-06-12T22:17:23.990+0000] {processor.py:183} INFO - Processing /home/airflow/.local/lib/python3.12/site-packages/airflow/example_dags/example_time_delta_sensor_async.py took 0.087 seconds
[2026-06-12T22:17:58.491+0000] {processor.py:161} INFO - Started process (PID=1099) to work on /home/airflow/.local/lib/python3.12/site-packages/airflow/example_dags/example_time_delta_sensor_async.py
[2026-06-12T22:17:58.496+0000] {processor.py:830} INFO - Processing file /home/airflow/.local/lib/python3.12/site-packages/airflow/example_dags/example_time_delta_sensor_async.py for tasks to queue
[2026-06-12T22:17:58.500+0000] {logging_mixin.py:188} INFO - [2026-06-12T22:17:58.500+0000] {dagbag.py:545} INFO - Filling up the DagBag from /home/airflow/.local/lib/python3.12/site-packages/airflow/example_dags/example_time_delta_sensor_async.py
[2026-06-12T22:17:58.522+0000] {processor.py:840} INFO - DAG(s) 'example_time_delta_sensor_async' retrieved from /home/airflow/.local/lib/python3.12/site-packages/airflow/example_dags/example_time_delta_sensor_async.py
[2026-06-12T22:17:58.566+0000] {logging_mixin.py:188} INFO - [2026-06-12T22:17:58.565+0000] {dag.py:3096} INFO - Sync 1 DAGs
[2026-06-12T22:17:58.588+0000] {logging_mixin.py:188} INFO - [2026-06-12T22:17:58.588+0000] {dag.py:3954} INFO - Setting next_dagrun for example_time_delta_sensor_async to None, run_after=None
[2026-06-12T22:17:58.614+0000] {processor.py:183} INFO - Processing /home/airflow/.local/lib/python3.12/site-packages/airflow/example_dags/example_time_delta_sensor_async.py took 0.148 seconds
[2026-06-12T22:18:32.699+0000] {processor.py:161} INFO - Started process (PID=1161) to work on /home/airflow/.local/lib/python3.12/site-packages/airflow/example_dags/example_time_delta_sensor_async.py
[2026-06-12T22:18:32.703+0000] {processor.py:830} INFO - Processing file /home/airflow/.local/lib/python3.12/site-packages/airflow/example_dags/example_time_delta_sensor_async.py for tasks to queue
[2026-06-12T22:18:32.711+0000] {logging_mixin.py:188} INFO - [2026-06-12T22:18:32.710+0000] {dagbag.py:545} INFO - Filling up the DagBag from /home/airflow/.local/lib/python3.12/site-packages/airflow/example_dags/example_time_delta_sensor_async.py
[2026-06-12T22:18:32.735+0000] {processor.py:840} INFO - DAG(s) 'example_time_delta_sensor_async' retrieved from /home/airflow/.local/lib/python3.12/site-packages/airflow/example_dags/example_time_delta_sensor_async.py
[2026-06-12T22:18:32.839+0000] {logging_mixin.py:188} INFO - [2026-06-12T22:18:32.837+0000] {dag.py:3096} INFO - Sync 1 DAGs
[2026-06-12T22:18:33.496+0000] {logging_mixin.py:188} INFO - [2026-06-12T22:18:33.495+0000] {dag.py:3954} INFO - Setting next_dagrun for example_time_delta_sensor_async to None, run_after=None
[2026-06-12T22:18:33.580+0000] {processor.py:183} INFO - Processing /home/airflow/.local/lib/python3.12/site-packages/airflow/example_dags/example_time_delta_sensor_async.py took 0.920 seconds
[2026-06-12T22:19:03.855+0000] {processor.py:161} INFO - Started process (PID=1223) to work on /home/airflow/.local/lib/python3.12/site-packages/airflow/example_dags/example_time_delta_sensor_async.py
[2026-06-12T22:19:03.856+0000] {processor.py:830} INFO - Processing file /home/airflow/.local/lib/python3.12/site-packages/airflow/example_dags/example_time_delta_sensor_async.py for tasks to queue
[2026-06-12T22:19:03.858+0000] {logging_mixin.py:188} INFO - [2026-06-12T22:19:03.858+0000] {dagbag.py:545} INFO - Filling up the DagBag from /home/airflow/.local/lib/python3.12/site-packages/airflow/example_dags/example_time_delta_sensor_async.py
[2026-06-12T22:19:03.864+0000] {processor.py:840} INFO - DAG(s) 'example_time_delta_sensor_async' retrieved from /home/airflow/.local/lib/python3.12/site-packages/airflow/example_dags/example_time_delta_sensor_async.py
[2026-06-12T22:19:03.893+0000] {logging_mixin.py:188} INFO - [2026-06-12T22:19:03.893+0000] {dag.py:3096} INFO - Sync 1 DAGs
[2026-06-12T22:19:03.915+0000] {logging_mixin.py:188} INFO - [2026-06-12T22:19:03.915+0000] {dag.py:3954} INFO - Setting next_dagrun for example_time_delta_sensor_async to None, run_after=None
[2026-06-12T22:19:04.131+0000] {processor.py:183} INFO - Processing /home/airflow/.local/lib/python3.12/site-packages/airflow/example_dags/example_time_delta_sensor_async.py took 0.282 seconds
[2026-06-12T22:19:34.658+0000] {processor.py:161} INFO - Started process (PID=1285) to work on /home/airflow/.local/lib/python3.12/site-packages/airflow/example_dags/example_time_delta_sensor_async.py
[2026-06-12T22:19:34.658+0000] {processor.py:830} INFO - Processing file /home/airflow/.local/lib/python3.12/site-packages/airflow/example_dags/example_time_delta_sensor_async.py for tasks to queue
[2026-06-12T22:19:34.661+0000] {logging_mixin.py:188} INFO - [2026-06-12T22:19:34.660+0000] {dagbag.py:545} INFO - Filling up the DagBag from /home/airflow/.local/lib/python3.12/site-packages/airflow/example_dags/example_time_delta_sensor_async.py
[2026-06-12T22:19:34.666+0000] {processor.py:840} INFO - DAG(s) 'example_time_delta_sensor_async' retrieved from /home/airflow/.local/lib/python3.12/site-packages/airflow/example_dags/example_time_delta_sensor_async.py
[2026-06-12T22:19:34.707+0000] {logging_mixin.py:188} INFO - [2026-06-12T22:19:34.707+0000] {dag.py:3096} INFO - Sync 1 DAGs
[2026-06-12T22:19:34.729+0000] {logging_mixin.py:188} INFO - [2026-06-12T22:19:34.729+0000] {dag.py:3954} INFO - Setting next_dagrun for example_time_delta_sensor_async to None, run_after=None
[2026-06-12T22:19:34.943+0000] {processor.py:183} INFO - Processing /home/airflow/.local/lib/python3.12/site-packages/airflow/example_dags/example_time_delta_sensor_async.py took 0.297 seconds
[2026-06-12T22:20:05.838+0000] {processor.py:161} INFO - Started process (PID=1346) to work on /home/airflow/.local/lib/python3.12/site-packages/airflow/example_dags/example_time_delta_sensor_async.py
[2026-06-12T22:20:05.839+0000] {processor.py:830} INFO - Processing file /home/airflow/.local/lib/python3.12/site-packages/airflow/example_dags/example_time_delta_sensor_async.py for tasks to queue
[2026-06-12T22:20:05.842+0000] {logging_mixin.py:188} INFO - [2026-06-12T22:20:05.842+0000] {dagbag.py:545} INFO - Filling up the DagBag from /home/airflow/.local/lib/python3.12/site-packages/airflow/example_dags/example_time_delta_sensor_async.py
[2026-06-12T22:20:05.848+0000] {processor.py:840} INFO - DAG(s) 'example_time_delta_sensor_async' retrieved from /home/airflow/.local/lib/python3.12/site-packages/airflow/example_dags/example_time_delta_sensor_async.py
[2026-06-12T22:20:05.881+0000] {logging_mixin.py:188} INFO - [2026-06-12T22:20:05.881+0000] {dag.py:3096} INFO - Sync 1 DAGs
[2026-06-12T22:20:05.916+0000] {logging_mixin.py:188} INFO - [2026-06-12T22:20:05.916+0000] {dag.py:3954} INFO - Setting next_dagrun for example_time_delta_sensor_async to None, run_after=None
[2026-06-12T22:20:05.946+0000] {processor.py:183} INFO - Processing /home/airflow/.local/lib/python3.12/site-packages/airflow/example_dags/example_time_delta_sensor_async.py took 0.122 seconds
[2026-06-12T22:20:36.205+0000] {processor.py:161} INFO - Started process (PID=1408) to work on /home/airflow/.local/lib/python3.12/site-packages/airflow/example_dags/example_time_delta_sensor_async.py
[2026-06-12T22:20:36.206+0000] {processor.py:830} INFO - Processing file /home/airflow/.local/lib/python3.12/site-packages/airflow/example_dags/example_time_delta_sensor_async.py for tasks to queue
[2026-06-12T22:20:36.209+0000] {logging_mixin.py:188} INFO - [2026-06-12T22:20:36.208+0000] {dagbag.py:545} INFO - Filling up the DagBag from /home/airflow/.local/lib/python3.12/site-packages/airflow/example_dags/example_time_delta_sensor_async.py
[2026-06-12T22:20:36.216+0000] {processor.py:840} INFO - DAG(s) 'example_time_delta_sensor_async' retrieved from /home/airflow/.local/lib/python3.12/site-packages/airflow/example_dags/example_time_delta_sensor_async.py
[2026-06-12T22:20:36.242+0000] {logging_mixin.py:188} INFO - [2026-06-12T22:20:36.241+0000] {dag.py:3096} INFO - Sync 1 DAGs
[2026-06-12T22:20:36.260+0000] {logging_mixin.py:188} INFO - [2026-06-12T22:20:36.259+0000] {dag.py:3954} INFO - Setting next_dagrun for example_time_delta_sensor_async to None, run_after=None
[2026-06-12T22:20:36.288+0000] {processor.py:183} INFO - Processing /home/airflow/.local/lib/python3.12/site-packages/airflow/example_dags/example_time_delta_sensor_async.py took 0.091 seconds
[2026-06-12T22:21:07.108+0000] {processor.py:161} INFO - Started process (PID=1470) to work on /home/airflow/.local/lib/python3.12/site-packages/airflow/example_dags/example_time_delta_sensor_async.py
[2026-06-12T22:21:07.109+0000] {processor.py:830} INFO - Processing file /home/airflow/.local/lib/python3.12/site-packages/airflow/example_dags/example_time_delta_sensor_async.py for tasks to queue
[2026-06-12T22:21:07.112+0000] {logging_mixin.py:188} INFO - [2026-06-12T22:21:07.111+0000] {dagbag.py:545} INFO - Filling up the DagBag from /home/airflow/.local/lib/python3.12/site-packages/airflow/example_dags/example_time_delta_sensor_async.py
[2026-06-12T22:21:07.117+0000] {processor.py:840} INFO - DAG(s) 'example_time_delta_sensor_async' retrieved from /home/airflow/.local/lib/python3.12/site-packages/airflow/example_dags/example_time_delta_sensor_async.py
[2026-06-12T22:21:07.151+0000] {logging_mixin.py:188} INFO - [2026-06-12T22:21:07.151+0000] {dag.py:3096} INFO - Sync 1 DAGs
[2026-06-12T22:21:07.170+0000] {logging_mixin.py:188} INFO - [2026-06-12T22:21:07.170+0000] {dag.py:3954} INFO - Setting next_dagrun for example_time_delta_sensor_async to None, run_after=None
[2026-06-12T22:21:07.206+0000] {processor.py:183} INFO - Processing /home/airflow/.local/lib/python3.12/site-packages/airflow/example_dags/example_time_delta_sensor_async.py took 0.105 seconds
[2026-06-12T22:21:38.158+0000] {processor.py:161} INFO - Started process (PID=1532) to work on /home/airflow/.local/lib/python3.12/site-packages/airflow/example_dags/example_time_delta_sensor_async.py
[2026-06-12T22:21:38.159+0000] {processor.py:830} INFO - Processing file /home/airflow/.local/lib/python3.12/site-packages/airflow/example_dags/example_time_delta_sensor_async.py for tasks to queue
[2026-06-12T22:21:38.162+0000] {logging_mixin.py:188} INFO - [2026-06-12T22:21:38.161+0000] {dagbag.py:545} INFO - Filling up the DagBag from /home/airflow/.local/lib/python3.12/site-packages/airflow/example_dags/example_time_delta_sensor_async.py
[2026-06-12T22:21:38.168+0000] {processor.py:840} INFO - DAG(s) 'example_time_delta_sensor_async' retrieved from /home/airflow/.local/lib/python3.12/site-packages/airflow/example_dags/example_time_delta_sensor_async.py
[2026-06-12T22:21:38.196+0000] {logging_mixin.py:188} INFO - [2026-06-12T22:21:38.196+0000] {dag.py:3096} INFO - Sync 1 DAGs
[2026-06-12T22:21:38.213+0000] {logging_mixin.py:188} INFO - [2026-06-12T22:21:38.212+0000] {dag.py:3954} INFO - Setting next_dagrun for example_time_delta_sensor_async to None, run_after=None
[2026-06-12T22:21:38.234+0000] {processor.py:183} INFO - Processing /home/airflow/.local/lib/python3.12/site-packages/airflow/example_dags/example_time_delta_sensor_async.py took 0.083 seconds
[2026-06-12T22:22:08.438+0000] {processor.py:161} INFO - Started process (PID=1593) to work on /home/airflow/.local/lib/python3.12/site-packages/airflow/example_dags/example_time_delta_sensor_async.py
[2026-06-12T22:22:08.439+0000] {processor.py:830} INFO - Processing file /home/airflow/.local/lib/python3.12/site-packages/airflow/example_dags/example_time_delta_sensor_async.py for tasks to queue
[2026-06-12T22:22:08.442+0000] {logging_mixin.py:188} INFO - [2026-06-12T22:22:08.442+0000] {dagbag.py:545} INFO - Filling up the DagBag from /home/airflow/.local/lib/python3.12/site-packages/airflow/example_dags/example_time_delta_sensor_async.py
[2026-06-12T22:22:08.449+0000] {processor.py:840} INFO - DAG(s) 'example_time_delta_sensor_async' retrieved from /home/airflow/.local/lib/python3.12/site-packages/airflow/example_dags/example_time_delta_sensor_async.py
[2026-06-12T22:22:08.475+0000] {logging_mixin.py:188} INFO - [2026-06-12T22:22:08.475+0000] {dag.py:3096} INFO - Sync 1 DAGs
[2026-06-12T22:22:08.495+0000] {logging_mixin.py:188} INFO - [2026-06-12T22:22:08.495+0000] {dag.py:3954} INFO - Setting next_dagrun for example_time_delta_sensor_async to None, run_after=None
[2026-06-12T22:22:08.518+0000] {processor.py:183} INFO - Processing /home/airflow/.local/lib/python3.12/site-packages/airflow/example_dags/example_time_delta_sensor_async.py took 0.089 seconds
[2026-06-12T22:22:39.974+0000] {processor.py:161} INFO - Started process (PID=1655) to work on /home/airflow/.local/lib/python3.12/site-packages/airflow/example_dags/example_time_delta_sensor_async.py
[2026-06-12T22:22:39.977+0000] {processor.py:830} INFO - Processing file /home/airflow/.local/lib/python3.12/site-packages/airflow/example_dags/example_time_delta_sensor_async.py for tasks to queue
[2026-06-12T22:22:39.981+0000] {logging_mixin.py:188} INFO - [2026-06-12T22:22:39.980+0000] {dagbag.py:545} INFO - Filling up the DagBag from /home/airflow/.local/lib/python3.12/site-packages/airflow/example_dags/example_time_delta_sensor_async.py
[2026-06-12T22:22:39.997+0000] {processor.py:840} INFO - DAG(s) 'example_time_delta_sensor_async' retrieved from /home/airflow/.local/lib/python3.12/site-packages/airflow/example_dags/example_time_delta_sensor_async.py
[2026-06-12T22:22:40.032+0000] {logging_mixin.py:188} INFO - [2026-06-12T22:22:40.032+0000] {dag.py:3096} INFO - Sync 1 DAGs
[2026-06-12T22:22:40.050+0000] {logging_mixin.py:188} INFO - [2026-06-12T22:22:40.049+0000] {dag.py:3954} INFO - Setting next_dagrun for example_time_delta_sensor_async to None, run_after=None
[2026-06-12T22:22:40.072+0000] {processor.py:183} INFO - Processing /home/airflow/.local/lib/python3.12/site-packages/airflow/example_dags/example_time_delta_sensor_async.py took 0.112 seconds
[2026-06-12T22:23:10.880+0000] {processor.py:161} INFO - Started process (PID=1717) to work on /home/airflow/.local/lib/python3.12/site-packages/airflow/example_dags/example_time_delta_sensor_async.py
[2026-06-12T22:23:10.882+0000] {processor.py:830} INFO - Processing file /home/airflow/.local/lib/python3.12/site-packages/airflow/example_dags/example_time_delta_sensor_async.py for tasks to queue
[2026-06-12T22:23:10.886+0000] {logging_mixin.py:188} INFO - [2026-06-12T22:23:10.885+0000] {dagbag.py:545} INFO - Filling up the DagBag from /home/airflow/.local/lib/python3.12/site-packages/airflow/example_dags/example_time_delta_sensor_async.py
[2026-06-12T22:23:10.894+0000] {processor.py:840} INFO - DAG(s) 'example_time_delta_sensor_async' retrieved from /home/airflow/.local/lib/python3.12/site-packages/airflow/example_dags/example_time_delta_sensor_async.py
[2026-06-12T22:23:10.912+0000] {logging_mixin.py:188} INFO - [2026-06-12T22:23:10.912+0000] {dag.py:3096} INFO - Sync 1 DAGs
[2026-06-12T22:23:10.928+0000] {logging_mixin.py:188} INFO - [2026-06-12T22:23:10.928+0000] {dag.py:3954} INFO - Setting next_dagrun for example_time_delta_sensor_async to None, run_after=None
[2026-06-12T22:23:10.957+0000] {processor.py:183} INFO - Processing /home/airflow/.local/lib/python3.12/site-packages/airflow/example_dags/example_time_delta_sensor_async.py took 0.084 seconds
[2026-06-12T22:23:42.129+0000] {processor.py:161} INFO - Started process (PID=1780) to work on /home/airflow/.local/lib/python3.12/site-packages/airflow/example_dags/example_time_delta_sensor_async.py
[2026-06-12T22:23:42.130+0000] {processor.py:830} INFO - Processing file /home/airflow/.local/lib/python3.12/site-packages/airflow/example_dags/example_time_delta_sensor_async.py for tasks to queue
[2026-06-12T22:23:42.132+0000] {logging_mixin.py:188} INFO - [2026-06-12T22:23:42.131+0000] {dagbag.py:545} INFO - Filling up the DagBag from /home/airflow/.local/lib/python3.12/site-packages/airflow/example_dags/example_time_delta_sensor_async.py
[2026-06-12T22:23:42.139+0000] {processor.py:840} INFO - DAG(s) 'example_time_delta_sensor_async' retrieved from /home/airflow/.local/lib/python3.12/site-packages/airflow/example_dags/example_time_delta_sensor_async.py
[2026-06-12T22:23:42.206+0000] {logging_mixin.py:188} INFO - [2026-06-12T22:23:42.205+0000] {dag.py:3096} INFO - Sync 1 DAGs
[2026-06-12T22:23:42.226+0000] {logging_mixin.py:188} INFO - [2026-06-12T22:23:42.226+0000] {dag.py:3954} INFO - Setting next_dagrun for example_time_delta_sensor_async to None, run_after=None
[2026-06-12T22:23:42.254+0000] {processor.py:183} INFO - Processing /home/airflow/.local/lib/python3.12/site-packages/airflow/example_dags/example_time_delta_sensor_async.py took 0.138 seconds
[2026-06-12T22:24:13.568+0000] {processor.py:161} INFO - Started process (PID=1842) to work on /home/airflow/.local/lib/python3.12/site-packages/airflow/example_dags/example_time_delta_sensor_async.py
[2026-06-12T22:24:13.569+0000] {processor.py:830} INFO - Processing file /home/airflow/.local/lib/python3.12/site-packages/airflow/example_dags/example_time_delta_sensor_async.py for tasks to queue
[2026-06-12T22:24:13.571+0000] {logging_mixin.py:188} INFO - [2026-06-12T22:24:13.570+0000] {dagbag.py:545} INFO - Filling up the DagBag from /home/airflow/.local/lib/python3.12/site-packages/airflow/example_dags/example_time_delta_sensor_async.py
[2026-06-12T22:24:13.576+0000] {processor.py:840} INFO - DAG(s) 'example_time_delta_sensor_async' retrieved from /home/airflow/.local/lib/python3.12/site-packages/airflow/example_dags/example_time_delta_sensor_async.py
[2026-06-12T22:24:13.600+0000] {logging_mixin.py:188} INFO - [2026-06-12T22:24:13.600+0000] {dag.py:3096} INFO - Sync 1 DAGs
[2026-06-12T22:24:13.618+0000] {logging_mixin.py:188} INFO - [2026-06-12T22:24:13.618+0000] {dag.py:3954} INFO - Setting next_dagrun for example_time_delta_sensor_async to None, run_after=None
[2026-06-12T22:24:13.651+0000] {processor.py:183} INFO - Processing /home/airflow/.local/lib/python3.12/site-packages/airflow/example_dags/example_time_delta_sensor_async.py took 0.090 seconds
[2026-06-12T22:24:43.877+0000] {processor.py:161} INFO - Started process (PID=1902) to work on /home/airflow/.local/lib/python3.12/site-packages/airflow/example_dags/example_time_delta_sensor_async.py
[2026-06-12T22:24:43.878+0000] {processor.py:830} INFO - Processing file /home/airflow/.local/lib/python3.12/site-packages/airflow/example_dags/example_time_delta_sensor_async.py for tasks to queue
[2026-06-12T22:24:43.882+0000] {logging_mixin.py:188} INFO - [2026-06-12T22:24:43.882+0000] {dagbag.py:545} INFO - Filling up the DagBag from /home/airflow/.local/lib/python3.12/site-packages/airflow/example_dags/example_time_delta_sensor_async.py
[2026-06-12T22:24:43.891+0000] {processor.py:840} INFO - DAG(s) 'example_time_delta_sensor_async' retrieved from /home/airflow/.local/lib/python3.12/site-packages/airflow/example_dags/example_time_delta_sensor_async.py
[2026-06-12T22:24:43.917+0000] {logging_mixin.py:188} INFO - [2026-06-12T22:24:43.917+0000] {dag.py:3096} INFO - Sync 1 DAGs
[2026-06-12T22:24:43.935+0000] {logging_mixin.py:188} INFO - [2026-06-12T22:24:43.934+0000] {dag.py:3954} INFO - Setting next_dagrun for example_time_delta_sensor_async to None, run_after=None
[2026-06-12T22:24:43.955+0000] {processor.py:183} INFO - Processing /home/airflow/.local/lib/python3.12/site-packages/airflow/example_dags/example_time_delta_sensor_async.py took 0.084 seconds
[2026-06-12T22:25:14.298+0000] {processor.py:161} INFO - Started process (PID=1964) to work on /home/airflow/.local/lib/python3.12/site-packages/airflow/example_dags/example_time_delta_sensor_async.py
[2026-06-12T22:25:14.300+0000] {processor.py:830} INFO - Processing file /home/airflow/.local/lib/python3.12/site-packages/airflow/example_dags/example_time_delta_sensor_async.py for tasks to queue
[2026-06-12T22:25:14.304+0000] {logging_mixin.py:188} INFO - [2026-06-12T22:25:14.303+0000] {dagbag.py:545} INFO - Filling up the DagBag from /home/airflow/.local/lib/python3.12/site-packages/airflow/example_dags/example_time_delta_sensor_async.py
[2026-06-12T22:25:14.311+0000] {processor.py:840} INFO - DAG(s) 'example_time_delta_sensor_async' retrieved from /home/airflow/.local/lib/python3.12/site-packages/airflow/example_dags/example_time_delta_sensor_async.py
[2026-06-12T22:25:14.343+0000] {logging_mixin.py:188} INFO - [2026-06-12T22:25:14.343+0000] {dag.py:3096} INFO - Sync 1 DAGs
[2026-06-12T22:25:14.367+0000] {logging_mixin.py:188} INFO - [2026-06-12T22:25:14.367+0000] {dag.py:3954} INFO - Setting next_dagrun for example_time_delta_sensor_async to None, run_after=None
[2026-06-12T22:25:14.465+0000] {processor.py:183} INFO - Processing /home/airflow/.local/lib/python3.12/site-packages/airflow/example_dags/example_time_delta_sensor_async.py took 0.176 seconds
[2026-06-12T22:25:44.788+0000] {processor.py:161} INFO - Started process (PID=2026) to work on /home/airflow/.local/lib/python3.12/site-packages/airflow/example_dags/example_time_delta_sensor_async.py
[2026-06-12T22:25:44.791+0000] {processor.py:830} INFO - Processing file /home/airflow/.local/lib/python3.12/site-packages/airflow/example_dags/example_time_delta_sensor_async.py for tasks to queue
[2026-06-12T22:25:44.793+0000] {logging_mixin.py:188} INFO - [2026-06-12T22:25:44.792+0000] {dagbag.py:545} INFO - Filling up the DagBag from /home/airflow/.local/lib/python3.12/site-packages/airflow/example_dags/example_time_delta_sensor_async.py
[2026-06-12T22:25:44.798+0000] {processor.py:840} INFO - DAG(s) 'example_time_delta_sensor_async' retrieved from /home/airflow/.local/lib/python3.12/site-packages/airflow/example_dags/example_time_delta_sensor_async.py
[2026-06-12T22:25:44.825+0000] {logging_mixin.py:188} INFO - [2026-06-12T22:25:44.825+0000] {dag.py:3096} INFO - Sync 1 DAGs
[2026-06-12T22:25:44.841+0000] {logging_mixin.py:188} INFO - [2026-06-12T22:25:44.841+0000] {dag.py:3954} INFO - Setting next_dagrun for example_time_delta_sensor_async to None, run_after=None
[2026-06-12T22:25:44.867+0000] {processor.py:183} INFO - Processing /home/airflow/.local/lib/python3.12/site-packages/airflow/example_dags/example_time_delta_sensor_async.py took 0.090 seconds
[2026-06-12T22:26:15.263+0000] {processor.py:161} INFO - Started process (PID=2088) to work on /home/airflow/.local/lib/python3.12/site-packages/airflow/example_dags/example_time_delta_sensor_async.py
[2026-06-12T22:26:15.264+0000] {processor.py:830} INFO - Processing file /home/airflow/.local/lib/python3.12/site-packages/airflow/example_dags/example_time_delta_sensor_async.py for tasks to queue
[2026-06-12T22:26:15.266+0000] {logging_mixin.py:188} INFO - [2026-06-12T22:26:15.266+0000] {dagbag.py:545} INFO - Filling up the DagBag from /home/airflow/.local/lib/python3.12/site-packages/airflow/example_dags/example_time_delta_sensor_async.py
[2026-06-12T22:26:15.271+0000] {processor.py:840} INFO - DAG(s) 'example_time_delta_sensor_async' retrieved from /home/airflow/.local/lib/python3.12/site-packages/airflow/example_dags/example_time_delta_sensor_async.py
[2026-06-12T22:26:15.291+0000] {logging_mixin.py:188} INFO - [2026-06-12T22:26:15.291+0000] {dag.py:3096} INFO - Sync 1 DAGs
[2026-06-12T22:26:15.302+0000] {logging_mixin.py:188} INFO - [2026-06-12T22:26:15.302+0000] {dag.py:3954} INFO - Setting next_dagrun for example_time_delta_sensor_async to None, run_after=None
[2026-06-12T22:26:15.319+0000] {processor.py:183} INFO - Processing /home/airflow/.local/lib/python3.12/site-packages/airflow/example_dags/example_time_delta_sensor_async.py took 0.063 seconds
[2026-06-12T22:26:45.715+0000] {processor.py:161} INFO - Started process (PID=2149) to work on /home/airflow/.local/lib/python3.12/site-packages/airflow/example_dags/example_time_delta_sensor_async.py
[2026-06-12T22:26:45.716+0000] {processor.py:830} INFO - Processing file /home/airflow/.local/lib/python3.12/site-packages/airflow/example_dags/example_time_delta_sensor_async.py for tasks to queue
[2026-06-12T22:26:45.717+0000] {logging_mixin.py:188} INFO - [2026-06-12T22:26:45.717+0000] {dagbag.py:545} INFO - Filling up the DagBag from /home/airflow/.local/lib/python3.12/site-packages/airflow/example_dags/example_time_delta_sensor_async.py
[2026-06-12T22:26:45.722+0000] {processor.py:840} INFO - DAG(s) 'example_time_delta_sensor_async' retrieved from /home/airflow/.local/lib/python3.12/site-packages/airflow/example_dags/example_time_delta_sensor_async.py
[2026-06-12T22:26:45.741+0000] {logging_mixin.py:188} INFO - [2026-06-12T22:26:45.741+0000] {dag.py:3096} INFO - Sync 1 DAGs
[2026-06-12T22:26:45.752+0000] {logging_mixin.py:188} INFO - [2026-06-12T22:26:45.752+0000] {dag.py:3954} INFO - Setting next_dagrun for example_time_delta_sensor_async to None, run_after=None
[2026-06-12T22:26:45.767+0000] {processor.py:183} INFO - Processing /home/airflow/.local/lib/python3.12/site-packages/airflow/example_dags/example_time_delta_sensor_async.py took 0.059 seconds
[2026-06-12T22:27:16.053+0000] {processor.py:161} INFO - Started process (PID=2210) to work on /home/airflow/.local/lib/python3.12/site-packages/airflow/example_dags/example_time_delta_sensor_async.py
[2026-06-12T22:27:16.054+0000] {processor.py:830} INFO - Processing file /home/airflow/.local/lib/python3.12/site-packages/airflow/example_dags/example_time_delta_sensor_async.py for tasks to queue
[2026-06-12T22:27:16.056+0000] {logging_mixin.py:188} INFO - [2026-06-12T22:27:16.055+0000] {dagbag.py:545} INFO - Filling up the DagBag from /home/airflow/.local/lib/python3.12/site-packages/airflow/example_dags/example_time_delta_sensor_async.py
[2026-06-12T22:27:16.061+0000] {processor.py:840} INFO - DAG(s) 'example_time_delta_sensor_async' retrieved from /home/airflow/.local/lib/python3.12/site-packages/airflow/example_dags/example_time_delta_sensor_async.py
[2026-06-12T22:27:16.088+0000] {logging_mixin.py:188} INFO - [2026-06-12T22:27:16.088+0000] {dag.py:3096} INFO - Sync 1 DAGs
[2026-06-12T22:27:16.104+0000] {logging_mixin.py:188} INFO - [2026-06-12T22:27:16.104+0000] {dag.py:3954} INFO - Setting next_dagrun for example_time_delta_sensor_async to None, run_after=None
[2026-06-12T22:27:16.138+0000] {processor.py:183} INFO - Processing /home/airflow/.local/lib/python3.12/site-packages/airflow/example_dags/example_time_delta_sensor_async.py took 0.099 seconds
[2026-06-12T22:27:46.277+0000] {processor.py:161} INFO - Started process (PID=2272) to work on /home/airflow/.local/lib/python3.12/site-packages/airflow/example_dags/example_time_delta_sensor_async.py
[2026-06-12T22:27:46.278+0000] {processor.py:830} INFO - Processing file /home/airflow/.local/lib/python3.12/site-packages/airflow/example_dags/example_time_delta_sensor_async.py for tasks to queue
[2026-06-12T22:27:46.280+0000] {logging_mixin.py:188} INFO - [2026-06-12T22:27:46.280+0000] {dagbag.py:545} INFO - Filling up the DagBag from /home/airflow/.local/lib/python3.12/site-packages/airflow/example_dags/example_time_delta_sensor_async.py
[2026-06-12T22:27:46.286+0000] {processor.py:840} INFO - DAG(s) 'example_time_delta_sensor_async' retrieved from /home/airflow/.local/lib/python3.12/site-packages/airflow/example_dags/example_time_delta_sensor_async.py
[2026-06-12T22:27:46.309+0000] {logging_mixin.py:188} INFO - [2026-06-12T22:27:46.309+0000] {dag.py:3096} INFO - Sync 1 DAGs
[2026-06-12T22:27:46.326+0000] {logging_mixin.py:188} INFO - [2026-06-12T22:27:46.325+0000] {dag.py:3954} INFO - Setting next_dagrun for example_time_delta_sensor_async to None, run_after=None
[2026-06-12T22:27:46.344+0000] {processor.py:183} INFO - Processing /home/airflow/.local/lib/python3.12/site-packages/airflow/example_dags/example_time_delta_sensor_async.py took 0.074 seconds
[2026-06-12T22:28:17.875+0000] {processor.py:161} INFO - Started process (PID=2334) to work on /home/airflow/.local/lib/python3.12/site-packages/airflow/example_dags/example_time_delta_sensor_async.py
[2026-06-12T22:28:17.876+0000] {processor.py:830} INFO - Processing file /home/airflow/.local/lib/python3.12/site-packages/airflow/example_dags/example_time_delta_sensor_async.py for tasks to queue
[2026-06-12T22:28:17.882+0000] {logging_mixin.py:188} INFO - [2026-06-12T22:28:17.882+0000] {dagbag.py:545} INFO - Filling up the DagBag from /home/airflow/.local/lib/python3.12/site-packages/airflow/example_dags/example_time_delta_sensor_async.py
[2026-06-12T22:28:17.910+0000] {processor.py:840} INFO - DAG(s) 'example_time_delta_sensor_async' retrieved from /home/airflow/.local/lib/python3.12/site-packages/airflow/example_dags/example_time_delta_sensor_async.py
[2026-06-12T22:28:17.963+0000] {logging_mixin.py:188} INFO - [2026-06-12T22:28:17.963+0000] {dag.py:3096} INFO - Sync 1 DAGs
[2026-06-12T22:28:17.980+0000] {logging_mixin.py:188} INFO - [2026-06-12T22:28:17.980+0000] {dag.py:3954} INFO - Setting next_dagrun for example_time_delta_sensor_async to None, run_after=None
[2026-06-12T22:28:18.001+0000] {processor.py:183} INFO - Processing /home/airflow/.local/lib/python3.12/site-packages/airflow/example_dags/example_time_delta_sensor_async.py took 0.134 seconds
[2026-06-12T22:28:48.771+0000] {processor.py:161} INFO - Started process (PID=2396) to work on /home/airflow/.local/lib/python3.12/site-packages/airflow/example_dags/example_time_delta_sensor_async.py
[2026-06-12T22:28:48.772+0000] {processor.py:830} INFO - Processing file /home/airflow/.local/lib/python3.12/site-packages/airflow/example_dags/example_time_delta_sensor_async.py for tasks to queue
[2026-06-12T22:28:48.774+0000] {logging_mixin.py:188} INFO - [2026-06-12T22:28:48.774+0000] {dagbag.py:545} INFO - Filling up the DagBag from /home/airflow/.local/lib/python3.12/site-packages/airflow/example_dags/example_time_delta_sensor_async.py
[2026-06-12T22:28:48.783+0000] {processor.py:840} INFO - DAG(s) 'example_time_delta_sensor_async' retrieved from /home/airflow/.local/lib/python3.12/site-packages/airflow/example_dags/example_time_delta_sensor_async.py
[2026-06-12T22:28:48.821+0000] {logging_mixin.py:188} INFO - [2026-06-12T22:28:48.821+0000] {dag.py:3096} INFO - Sync 1 DAGs
[2026-06-12T22:28:48.838+0000] {logging_mixin.py:188} INFO - [2026-06-12T22:28:48.837+0000] {dag.py:3954} INFO - Setting next_dagrun for example_time_delta_sensor_async to None, run_after=None
[2026-06-12T22:28:48.867+0000] {processor.py:183} INFO - Processing /home/airflow/.local/lib/python3.12/site-packages/airflow/example_dags/example_time_delta_sensor_async.py took 0.104 seconds
[2026-06-12T22:29:19.659+0000] {processor.py:161} INFO - Started process (PID=2458) to work on /home/airflow/.local/lib/python3.12/site-packages/airflow/example_dags/example_time_delta_sensor_async.py
[2026-06-12T22:29:19.665+0000] {processor.py:830} INFO - Processing file /home/airflow/.local/lib/python3.12/site-packages/airflow/example_dags/example_time_delta_sensor_async.py for tasks to queue
[2026-06-12T22:29:19.669+0000] {logging_mixin.py:188} INFO - [2026-06-12T22:29:19.668+0000] {dagbag.py:545} INFO - Filling up the DagBag from /home/airflow/.local/lib/python3.12/site-packages/airflow/example_dags/example_time_delta_sensor_async.py
[2026-06-12T22:29:19.681+0000] {processor.py:840} INFO - DAG(s) 'example_time_delta_sensor_async' retrieved from /home/airflow/.local/lib/python3.12/site-packages/airflow/example_dags/example_time_delta_sensor_async.py
[2026-06-12T22:29:19.748+0000] {logging_mixin.py:188} INFO - [2026-06-12T22:29:19.744+0000] {dag.py:3096} INFO - Sync 1 DAGs
[2026-06-12T22:29:19.793+0000] {logging_mixin.py:188} INFO - [2026-06-12T22:29:19.792+0000] {dag.py:3954} INFO - Setting next_dagrun for example_time_delta_sensor_async to None, run_after=None
[2026-06-12T22:29:19.832+0000] {processor.py:183} INFO - Processing /home/airflow/.local/lib/python3.12/site-packages/airflow/example_dags/example_time_delta_sensor_async.py took 0.182 seconds
[2026-06-12T22:29:50.370+0000] {processor.py:161} INFO - Started process (PID=2519) to work on /home/airflow/.local/lib/python3.12/site-packages/airflow/example_dags/example_time_delta_sensor_async.py
[2026-06-12T22:29:50.374+0000] {processor.py:830} INFO - Processing file /home/airflow/.local/lib/python3.12/site-packages/airflow/example_dags/example_time_delta_sensor_async.py for tasks to queue
[2026-06-12T22:29:50.384+0000] {logging_mixin.py:188} INFO - [2026-06-12T22:29:50.383+0000] {dagbag.py:545} INFO - Filling up the DagBag from /home/airflow/.local/lib/python3.12/site-packages/airflow/example_dags/example_time_delta_sensor_async.py
[2026-06-12T22:29:50.412+0000] {processor.py:840} INFO - DAG(s) 'example_time_delta_sensor_async' retrieved from /home/airflow/.local/lib/python3.12/site-packages/airflow/example_dags/example_time_delta_sensor_async.py
[2026-06-12T22:29:50.602+0000] {logging_mixin.py:188} INFO - [2026-06-12T22:29:50.602+0000] {dag.py:3096} INFO - Sync 1 DAGs
[2026-06-12T22:29:50.729+0000] {logging_mixin.py:188} INFO - [2026-06-12T22:29:50.729+0000] {dag.py:3954} INFO - Setting next_dagrun for example_time_delta_sensor_async to None, run_after=None
[2026-06-12T22:29:50.811+0000] {processor.py:183} INFO - Processing /home/airflow/.local/lib/python3.12/site-packages/airflow/example_dags/example_time_delta_sensor_async.py took 0.475 seconds
[2026-06-12T22:30:21.709+0000] {processor.py:161} INFO - Started process (PID=2581) to work on /home/airflow/.local/lib/python3.12/site-packages/airflow/example_dags/example_time_delta_sensor_async.py
[2026-06-12T22:30:21.711+0000] {processor.py:830} INFO - Processing file /home/airflow/.local/lib/python3.12/site-packages/airflow/example_dags/example_time_delta_sensor_async.py for tasks to queue
[2026-06-12T22:30:21.714+0000] {logging_mixin.py:188} INFO - [2026-06-12T22:30:21.713+0000] {dagbag.py:545} INFO - Filling up the DagBag from /home/airflow/.local/lib/python3.12/site-packages/airflow/example_dags/example_time_delta_sensor_async.py
[2026-06-12T22:30:21.722+0000] {processor.py:840} INFO - DAG(s) 'example_time_delta_sensor_async' retrieved from /home/airflow/.local/lib/python3.12/site-packages/airflow/example_dags/example_time_delta_sensor_async.py
[2026-06-12T22:30:21.750+0000] {logging_mixin.py:188} INFO - [2026-06-12T22:30:21.749+0000] {dag.py:3096} INFO - Sync 1 DAGs
[2026-06-12T22:30:21.768+0000] {logging_mixin.py:188} INFO - [2026-06-12T22:30:21.768+0000] {dag.py:3954} INFO - Setting next_dagrun for example_time_delta_sensor_async to None, run_after=None
[2026-06-12T22:30:21.790+0000] {processor.py:183} INFO - Processing /home/airflow/.local/lib/python3.12/site-packages/airflow/example_dags/example_time_delta_sensor_async.py took 0.096 seconds
[2026-06-12T22:30:52.028+0000] {processor.py:161} INFO - Started process (PID=2642) to work on /home/airflow/.local/lib/python3.12/site-packages/airflow/example_dags/example_time_delta_sensor_async.py
[2026-06-12T22:30:52.030+0000] {processor.py:830} INFO - Processing file /home/airflow/.local/lib/python3.12/site-packages/airflow/example_dags/example_time_delta_sensor_async.py for tasks to queue
[2026-06-12T22:30:52.034+0000] {logging_mixin.py:188} INFO - [2026-06-12T22:30:52.034+0000] {dagbag.py:545} INFO - Filling up the DagBag from /home/airflow/.local/lib/python3.12/site-packages/airflow/example_dags/example_time_delta_sensor_async.py
[2026-06-12T22:30:52.040+0000] {processor.py:840} INFO - DAG(s) 'example_time_delta_sensor_async' retrieved from /home/airflow/.local/lib/python3.12/site-packages/airflow/example_dags/example_time_delta_sensor_async.py
[2026-06-12T22:30:52.187+0000] {logging_mixin.py:188} INFO - [2026-06-12T22:30:52.186+0000] {dag.py:3096} INFO - Sync 1 DAGs
[2026-06-12T22:30:52.280+0000] {logging_mixin.py:188} INFO - [2026-06-12T22:30:52.279+0000] {dag.py:3954} INFO - Setting next_dagrun for example_time_delta_sensor_async to None, run_after=None
[2026-06-12T22:30:52.319+0000] {processor.py:183} INFO - Processing /home/airflow/.local/lib/python3.12/site-packages/airflow/example_dags/example_time_delta_sensor_async.py took 0.306 seconds
[2026-06-12T22:31:22.603+0000] {processor.py:161} INFO - Started process (PID=2704) to work on /home/airflow/.local/lib/python3.12/site-packages/airflow/example_dags/example_time_delta_sensor_async.py
[2026-06-12T22:31:22.604+0000] {processor.py:830} INFO - Processing file /home/airflow/.local/lib/python3.12/site-packages/airflow/example_dags/example_time_delta_sensor_async.py for tasks to queue
[2026-06-12T22:31:22.609+0000] {logging_mixin.py:188} INFO - [2026-06-12T22:31:22.609+0000] {dagbag.py:545} INFO - Filling up the DagBag from /home/airflow/.local/lib/python3.12/site-packages/airflow/example_dags/example_time_delta_sensor_async.py
[2026-06-12T22:31:22.617+0000] {processor.py:840} INFO - DAG(s) 'example_time_delta_sensor_async' retrieved from /home/airflow/.local/lib/python3.12/site-packages/airflow/example_dags/example_time_delta_sensor_async.py
[2026-06-12T22:31:22.645+0000] {logging_mixin.py:188} INFO - [2026-06-12T22:31:22.645+0000] {dag.py:3096} INFO - Sync 1 DAGs
[2026-06-12T22:31:22.666+0000] {logging_mixin.py:188} INFO - [2026-06-12T22:31:22.666+0000] {dag.py:3954} INFO - Setting next_dagrun for example_time_delta_sensor_async to None, run_after=None
[2026-06-12T22:31:22.693+0000] {processor.py:183} INFO - Processing /home/airflow/.local/lib/python3.12/site-packages/airflow/example_dags/example_time_delta_sensor_async.py took 0.098 seconds
[2026-06-12T22:31:53.613+0000] {processor.py:161} INFO - Started process (PID=2772) to work on /home/airflow/.local/lib/python3.12/site-packages/airflow/example_dags/example_time_delta_sensor_async.py
[2026-06-12T22:31:53.614+0000] {processor.py:830} INFO - Processing file /home/airflow/.local/lib/python3.12/site-packages/airflow/example_dags/example_time_delta_sensor_async.py for tasks to queue
[2026-06-12T22:31:53.620+0000] {logging_mixin.py:188} INFO - [2026-06-12T22:31:53.619+0000] {dagbag.py:545} INFO - Filling up the DagBag from /home/airflow/.local/lib/python3.12/site-packages/airflow/example_dags/example_time_delta_sensor_async.py
[2026-06-12T22:31:53.628+0000] {processor.py:840} INFO - DAG(s) 'example_time_delta_sensor_async' retrieved from /home/airflow/.local/lib/python3.12/site-packages/airflow/example_dags/example_time_delta_sensor_async.py
[2026-06-12T22:31:53.658+0000] {logging_mixin.py:188} INFO - [2026-06-12T22:31:53.657+0000] {dag.py:3096} INFO - Sync 1 DAGs
[2026-06-12T22:31:53.675+0000] {logging_mixin.py:188} INFO - [2026-06-12T22:31:53.675+0000] {dag.py:3954} INFO - Setting next_dagrun for example_time_delta_sensor_async to None, run_after=None
[2026-06-12T22:31:53.698+0000] {processor.py:183} INFO - Processing /home/airflow/.local/lib/python3.12/site-packages/airflow/example_dags/example_time_delta_sensor_async.py took 0.091 seconds
[2026-06-12T22:32:24.245+0000] {processor.py:161} INFO - Started process (PID=2834) to work on /home/airflow/.local/lib/python3.12/site-packages/airflow/example_dags/example_time_delta_sensor_async.py
[2026-06-12T22:32:24.265+0000] {processor.py:830} INFO - Processing file /home/airflow/.local/lib/python3.12/site-packages/airflow/example_dags/example_time_delta_sensor_async.py for tasks to queue
[2026-06-12T22:32:24.310+0000] {logging_mixin.py:188} INFO - [2026-06-12T22:32:24.304+0000] {dagbag.py:545} INFO - Filling up the DagBag from /home/airflow/.local/lib/python3.12/site-packages/airflow/example_dags/example_time_delta_sensor_async.py
[2026-06-12T22:32:24.384+0000] {processor.py:840} INFO - DAG(s) 'example_time_delta_sensor_async' retrieved from /home/airflow/.local/lib/python3.12/site-packages/airflow/example_dags/example_time_delta_sensor_async.py
[2026-06-12T22:32:24.599+0000] {logging_mixin.py:188} INFO - [2026-06-12T22:32:24.598+0000] {dag.py:3096} INFO - Sync 1 DAGs
[2026-06-12T22:32:24.699+0000] {logging_mixin.py:188} INFO - [2026-06-12T22:32:24.696+0000] {dag.py:3954} INFO - Setting next_dagrun for example_time_delta_sensor_async to None, run_after=None
[2026-06-12T22:32:24.752+0000] {processor.py:183} INFO - Processing /home/airflow/.local/lib/python3.12/site-packages/airflow/example_dags/example_time_delta_sensor_async.py took 0.609 seconds
[2026-06-12T22:32:55.829+0000] {processor.py:161} INFO - Started process (PID=2896) to work on /home/airflow/.local/lib/python3.12/site-packages/airflow/example_dags/example_time_delta_sensor_async.py
[2026-06-12T22:32:55.831+0000] {processor.py:830} INFO - Processing file /home/airflow/.local/lib/python3.12/site-packages/airflow/example_dags/example_time_delta_sensor_async.py for tasks to queue
[2026-06-12T22:32:55.835+0000] {logging_mixin.py:188} INFO - [2026-06-12T22:32:55.835+0000] {dagbag.py:545} INFO - Filling up the DagBag from /home/airflow/.local/lib/python3.12/site-packages/airflow/example_dags/example_time_delta_sensor_async.py
[2026-06-12T22:32:55.845+0000] {processor.py:840} INFO - DAG(s) 'example_time_delta_sensor_async' retrieved from /home/airflow/.local/lib/python3.12/site-packages/airflow/example_dags/example_time_delta_sensor_async.py
[2026-06-12T22:32:55.890+0000] {logging_mixin.py:188} INFO - [2026-06-12T22:32:55.888+0000] {dag.py:3096} INFO - Sync 1 DAGs
[2026-06-12T22:32:55.938+0000] {logging_mixin.py:188} INFO - [2026-06-12T22:32:55.938+0000] {dag.py:3954} INFO - Setting next_dagrun for example_time_delta_sensor_async to None, run_after=None
[2026-06-12T22:32:56.010+0000] {processor.py:183} INFO - Processing /home/airflow/.local/lib/python3.12/site-packages/airflow/example_dags/example_time_delta_sensor_async.py took 0.200 seconds
[2026-06-12T22:33:26.488+0000] {processor.py:161} INFO - Started process (PID=2958) to work on /home/airflow/.local/lib/python3.12/site-packages/airflow/example_dags/example_time_delta_sensor_async.py
[2026-06-12T22:33:26.489+0000] {processor.py:830} INFO - Processing file /home/airflow/.local/lib/python3.12/site-packages/airflow/example_dags/example_time_delta_sensor_async.py for tasks to queue
[2026-06-12T22:33:26.491+0000] {logging_mixin.py:188} INFO - [2026-06-12T22:33:26.491+0000] {dagbag.py:545} INFO - Filling up the DagBag from /home/airflow/.local/lib/python3.12/site-packages/airflow/example_dags/example_time_delta_sensor_async.py
[2026-06-12T22:33:26.498+0000] {processor.py:840} INFO - DAG(s) 'example_time_delta_sensor_async' retrieved from /home/airflow/.local/lib/python3.12/site-packages/airflow/example_dags/example_time_delta_sensor_async.py
[2026-06-12T22:33:26.551+0000] {logging_mixin.py:188} INFO - [2026-06-12T22:33:26.551+0000] {dag.py:3096} INFO - Sync 1 DAGs
[2026-06-12T22:33:26.590+0000] {logging_mixin.py:188} INFO - [2026-06-12T22:33:26.590+0000] {dag.py:3954} INFO - Setting next_dagrun for example_time_delta_sensor_async to None, run_after=None
[2026-06-12T22:33:26.657+0000] {processor.py:183} INFO - Processing /home/airflow/.local/lib/python3.12/site-packages/airflow/example_dags/example_time_delta_sensor_async.py took 0.183 seconds
[2026-06-12T22:33:57.807+0000] {processor.py:161} INFO - Started process (PID=3020) to work on /home/airflow/.local/lib/python3.12/site-packages/airflow/example_dags/example_time_delta_sensor_async.py
[2026-06-12T22:33:57.808+0000] {processor.py:830} INFO - Processing file /home/airflow/.local/lib/python3.12/site-packages/airflow/example_dags/example_time_delta_sensor_async.py for tasks to queue
[2026-06-12T22:33:57.810+0000] {logging_mixin.py:188} INFO - [2026-06-12T22:33:57.810+0000] {dagbag.py:545} INFO - Filling up the DagBag from /home/airflow/.local/lib/python3.12/site-packages/airflow/example_dags/example_time_delta_sensor_async.py
[2026-06-12T22:33:57.818+0000] {processor.py:840} INFO - DAG(s) 'example_time_delta_sensor_async' retrieved from /home/airflow/.local/lib/python3.12/site-packages/airflow/example_dags/example_time_delta_sensor_async.py
[2026-06-12T22:33:57.844+0000] {logging_mixin.py:188} INFO - [2026-06-12T22:33:57.843+0000] {dag.py:3096} INFO - Sync 1 DAGs
[2026-06-12T22:33:57.865+0000] {logging_mixin.py:188} INFO - [2026-06-12T22:33:57.865+0000] {dag.py:3954} INFO - Setting next_dagrun for example_time_delta_sensor_async to None, run_after=None
[2026-06-12T22:33:57.890+0000] {processor.py:183} INFO - Processing /home/airflow/.local/lib/python3.12/site-packages/airflow/example_dags/example_time_delta_sensor_async.py took 0.099 seconds
[2026-06-12T22:34:28.903+0000] {processor.py:161} INFO - Started process (PID=3082) to work on /home/airflow/.local/lib/python3.12/site-packages/airflow/example_dags/example_time_delta_sensor_async.py
[2026-06-12T22:34:28.904+0000] {processor.py:830} INFO - Processing file /home/airflow/.local/lib/python3.12/site-packages/airflow/example_dags/example_time_delta_sensor_async.py for tasks to queue
[2026-06-12T22:34:28.906+0000] {logging_mixin.py:188} INFO - [2026-06-12T22:34:28.906+0000] {dagbag.py:545} INFO - Filling up the DagBag from /home/airflow/.local/lib/python3.12/site-packages/airflow/example_dags/example_time_delta_sensor_async.py
[2026-06-12T22:34:28.913+0000] {processor.py:840} INFO - DAG(s) 'example_time_delta_sensor_async' retrieved from /home/airflow/.local/lib/python3.12/site-packages/airflow/example_dags/example_time_delta_sensor_async.py
[2026-06-12T22:34:28.936+0000] {logging_mixin.py:188} INFO - [2026-06-12T22:34:28.936+0000] {dag.py:3096} INFO - Sync 1 DAGs
[2026-06-12T22:34:28.952+0000] {logging_mixin.py:188} INFO - [2026-06-12T22:34:28.952+0000] {dag.py:3954} INFO - Setting next_dagrun for example_time_delta_sensor_async to None, run_after=None
[2026-06-12T22:34:28.972+0000] {processor.py:183} INFO - Processing /home/airflow/.local/lib/python3.12/site-packages/airflow/example_dags/example_time_delta_sensor_async.py took 0.076 seconds
[2026-06-12T22:35:00.170+0000] {processor.py:161} INFO - Started process (PID=3144) to work on /home/airflow/.local/lib/python3.12/site-packages/airflow/example_dags/example_time_delta_sensor_async.py
[2026-06-12T22:35:00.172+0000] {processor.py:830} INFO - Processing file /home/airflow/.local/lib/python3.12/site-packages/airflow/example_dags/example_time_delta_sensor_async.py for tasks to queue
[2026-06-12T22:35:00.177+0000] {logging_mixin.py:188} INFO - [2026-06-12T22:35:00.176+0000] {dagbag.py:545} INFO - Filling up the DagBag from /home/airflow/.local/lib/python3.12/site-packages/airflow/example_dags/example_time_delta_sensor_async.py
[2026-06-12T22:35:00.201+0000] {processor.py:840} INFO - DAG(s) 'example_time_delta_sensor_async' retrieved from /home/airflow/.local/lib/python3.12/site-packages/airflow/example_dags/example_time_delta_sensor_async.py
[2026-06-12T22:35:00.289+0000] {logging_mixin.py:188} INFO - [2026-06-12T22:35:00.289+0000] {dag.py:3096} INFO - Sync 1 DAGs
[2026-06-12T22:35:00.351+0000] {logging_mixin.py:188} INFO - [2026-06-12T22:35:00.351+0000] {dag.py:3954} INFO - Setting next_dagrun for example_time_delta_sensor_async to None, run_after=None
[2026-06-12T22:35:00.406+0000] {processor.py:183} INFO - Processing /home/airflow/.local/lib/python3.12/site-packages/airflow/example_dags/example_time_delta_sensor_async.py took 0.254 seconds
[2026-06-12T22:35:30.906+0000] {processor.py:161} INFO - Started process (PID=3206) to work on /home/airflow/.local/lib/python3.12/site-packages/airflow/example_dags/example_time_delta_sensor_async.py
[2026-06-12T22:35:30.907+0000] {processor.py:830} INFO - Processing file /home/airflow/.local/lib/python3.12/site-packages/airflow/example_dags/example_time_delta_sensor_async.py for tasks to queue
[2026-06-12T22:35:30.909+0000] {logging_mixin.py:188} INFO - [2026-06-12T22:35:30.909+0000] {dagbag.py:545} INFO - Filling up the DagBag from /home/airflow/.local/lib/python3.12/site-packages/airflow/example_dags/example_time_delta_sensor_async.py
[2026-06-12T22:35:30.915+0000] {processor.py:840} INFO - DAG(s) 'example_time_delta_sensor_async' retrieved from /home/airflow/.local/lib/python3.12/site-packages/airflow/example_dags/example_time_delta_sensor_async.py
[2026-06-12T22:35:30.944+0000] {logging_mixin.py:188} INFO - [2026-06-12T22:35:30.944+0000] {dag.py:3096} INFO - Sync 1 DAGs
[2026-06-12T22:35:30.964+0000] {logging_mixin.py:188} INFO - [2026-06-12T22:35:30.964+0000] {dag.py:3954} INFO - Setting next_dagrun for example_time_delta_sensor_async to None, run_after=None
[2026-06-12T22:35:30.992+0000] {processor.py:183} INFO - Processing /home/airflow/.local/lib/python3.12/site-packages/airflow/example_dags/example_time_delta_sensor_async.py took 0.097 seconds
[2026-06-12T22:36:01.667+0000] {processor.py:161} INFO - Started process (PID=3269) to work on /home/airflow/.local/lib/python3.12/site-packages/airflow/example_dags/example_time_delta_sensor_async.py
[2026-06-12T22:36:01.668+0000] {processor.py:830} INFO - Processing file /home/airflow/.local/lib/python3.12/site-packages/airflow/example_dags/example_time_delta_sensor_async.py for tasks to queue
[2026-06-12T22:36:01.670+0000] {logging_mixin.py:188} INFO - [2026-06-12T22:36:01.670+0000] {dagbag.py:545} INFO - Filling up the DagBag from /home/airflow/.local/lib/python3.12/site-packages/airflow/example_dags/example_time_delta_sensor_async.py
[2026-06-12T22:36:01.675+0000] {processor.py:840} INFO - DAG(s) 'example_time_delta_sensor_async' retrieved from /home/airflow/.local/lib/python3.12/site-packages/airflow/example_dags/example_time_delta_sensor_async.py
[2026-06-12T22:36:01.701+0000] {logging_mixin.py:188} INFO - [2026-06-12T22:36:01.701+0000] {dag.py:3096} INFO - Sync 1 DAGs
[2026-06-12T22:36:01.717+0000] {logging_mixin.py:188} INFO - [2026-06-12T22:36:01.717+0000] {dag.py:3954} INFO - Setting next_dagrun for example_time_delta_sensor_async to None, run_after=None
[2026-06-12T22:36:01.741+0000] {processor.py:183} INFO - Processing /home/airflow/.local/lib/python3.12/site-packages/airflow/example_dags/example_time_delta_sensor_async.py took 0.083 seconds
[2026-06-12T22:36:32.548+0000] {processor.py:161} INFO - Started process (PID=3331) to work on /home/airflow/.local/lib/python3.12/site-packages/airflow/example_dags/example_time_delta_sensor_async.py
[2026-06-12T22:36:32.549+0000] {processor.py:830} INFO - Processing file /home/airflow/.local/lib/python3.12/site-packages/airflow/example_dags/example_time_delta_sensor_async.py for tasks to queue
[2026-06-12T22:36:32.551+0000] {logging_mixin.py:188} INFO - [2026-06-12T22:36:32.550+0000] {dagbag.py:545} INFO - Filling up the DagBag from /home/airflow/.local/lib/python3.12/site-packages/airflow/example_dags/example_time_delta_sensor_async.py
[2026-06-12T22:36:32.556+0000] {processor.py:840} INFO - DAG(s) 'example_time_delta_sensor_async' retrieved from /home/airflow/.local/lib/python3.12/site-packages/airflow/example_dags/example_time_delta_sensor_async.py
[2026-06-12T22:36:32.590+0000] {logging_mixin.py:188} INFO - [2026-06-12T22:36:32.590+0000] {dag.py:3096} INFO - Sync 1 DAGs
[2026-06-12T22:36:32.613+0000] {logging_mixin.py:188} INFO - [2026-06-12T22:36:32.612+0000] {dag.py:3954} INFO - Setting next_dagrun for example_time_delta_sensor_async to None, run_after=None
[2026-06-12T22:36:32.642+0000] {processor.py:183} INFO - Processing /home/airflow/.local/lib/python3.12/site-packages/airflow/example_dags/example_time_delta_sensor_async.py took 0.103 seconds
[2026-06-12T22:37:03.084+0000] {processor.py:161} INFO - Started process (PID=3393) to work on /home/airflow/.local/lib/python3.12/site-packages/airflow/example_dags/example_time_delta_sensor_async.py
[2026-06-12T22:37:03.087+0000] {processor.py:830} INFO - Processing file /home/airflow/.local/lib/python3.12/site-packages/airflow/example_dags/example_time_delta_sensor_async.py for tasks to queue
[2026-06-12T22:37:03.090+0000] {logging_mixin.py:188} INFO - [2026-06-12T22:37:03.088+0000] {dagbag.py:545} INFO - Filling up the DagBag from /home/airflow/.local/lib/python3.12/site-packages/airflow/example_dags/example_time_delta_sensor_async.py
[2026-06-12T22:37:03.100+0000] {processor.py:840} INFO - DAG(s) 'example_time_delta_sensor_async' retrieved from /home/airflow/.local/lib/python3.12/site-packages/airflow/example_dags/example_time_delta_sensor_async.py
[2026-06-12T22:37:03.123+0000] {logging_mixin.py:188} INFO - [2026-06-12T22:37:03.123+0000] {dag.py:3096} INFO - Sync 1 DAGs
[2026-06-12T22:37:03.140+0000] {logging_mixin.py:188} INFO - [2026-06-12T22:37:03.139+0000] {dag.py:3954} INFO - Setting next_dagrun for example_time_delta_sensor_async to None, run_after=None
[2026-06-12T22:37:03.159+0000] {processor.py:183} INFO - Processing /home/airflow/.local/lib/python3.12/site-packages/airflow/example_dags/example_time_delta_sensor_async.py took 0.088 seconds
[2026-06-12T22:37:34.078+0000] {processor.py:161} INFO - Started process (PID=3455) to work on /home/airflow/.local/lib/python3.12/site-packages/airflow/example_dags/example_time_delta_sensor_async.py
[2026-06-12T22:37:34.078+0000] {processor.py:830} INFO - Processing file /home/airflow/.local/lib/python3.12/site-packages/airflow/example_dags/example_time_delta_sensor_async.py for tasks to queue
[2026-06-12T22:37:34.080+0000] {logging_mixin.py:188} INFO - [2026-06-12T22:37:34.080+0000] {dagbag.py:545} INFO - Filling up the DagBag from /home/airflow/.local/lib/python3.12/site-packages/airflow/example_dags/example_time_delta_sensor_async.py
[2026-06-12T22:37:34.084+0000] {processor.py:840} INFO - DAG(s) 'example_time_delta_sensor_async' retrieved from /home/airflow/.local/lib/python3.12/site-packages/airflow/example_dags/example_time_delta_sensor_async.py
[2026-06-12T22:37:34.102+0000] {logging_mixin.py:188} INFO - [2026-06-12T22:37:34.101+0000] {dag.py:3096} INFO - Sync 1 DAGs
[2026-06-12T22:37:34.117+0000] {logging_mixin.py:188} INFO - [2026-06-12T22:37:34.116+0000] {dag.py:3954} INFO - Setting next_dagrun for example_time_delta_sensor_async to None, run_after=None
[2026-06-12T22:37:34.137+0000] {processor.py:183} INFO - Processing /home/airflow/.local/lib/python3.12/site-packages/airflow/example_dags/example_time_delta_sensor_async.py took 0.064 seconds
[2026-06-12T22:38:04.625+0000] {processor.py:161} INFO - Started process (PID=3517) to work on /home/airflow/.local/lib/python3.12/site-packages/airflow/example_dags/example_time_delta_sensor_async.py
[2026-06-12T22:38:04.636+0000] {processor.py:830} INFO - Processing file /home/airflow/.local/lib/python3.12/site-packages/airflow/example_dags/example_time_delta_sensor_async.py for tasks to queue
[2026-06-12T22:38:04.649+0000] {logging_mixin.py:188} INFO - [2026-06-12T22:38:04.649+0000] {dagbag.py:545} INFO - Filling up the DagBag from /home/airflow/.local/lib/python3.12/site-packages/airflow/example_dags/example_time_delta_sensor_async.py
[2026-06-12T22:38:04.676+0000] {processor.py:840} INFO - DAG(s) 'example_time_delta_sensor_async' retrieved from /home/airflow/.local/lib/python3.12/site-packages/airflow/example_dags/example_time_delta_sensor_async.py
[2026-06-12T22:38:04.735+0000] {logging_mixin.py:188} INFO - [2026-06-12T22:38:04.734+0000] {dag.py:3096} INFO - Sync 1 DAGs
[2026-06-12T22:38:04.751+0000] {logging_mixin.py:188} INFO - [2026-06-12T22:38:04.751+0000] {dag.py:3954} INFO - Setting next_dagrun for example_time_delta_sensor_async to None, run_after=None
[2026-06-12T22:38:04.773+0000] {processor.py:183} INFO - Processing /home/airflow/.local/lib/python3.12/site-packages/airflow/example_dags/example_time_delta_sensor_async.py took 0.177 seconds
[2026-06-12T22:38:35.712+0000] {processor.py:161} INFO - Started process (PID=3579) to work on /home/airflow/.local/lib/python3.12/site-packages/airflow/example_dags/example_time_delta_sensor_async.py
[2026-06-12T22:38:35.713+0000] {processor.py:830} INFO - Processing file /home/airflow/.local/lib/python3.12/site-packages/airflow/example_dags/example_time_delta_sensor_async.py for tasks to queue
[2026-06-12T22:38:35.715+0000] {logging_mixin.py:188} INFO - [2026-06-12T22:38:35.714+0000] {dagbag.py:545} INFO - Filling up the DagBag from /home/airflow/.local/lib/python3.12/site-packages/airflow/example_dags/example_time_delta_sensor_async.py
[2026-06-12T22:38:35.720+0000] {processor.py:840} INFO - DAG(s) 'example_time_delta_sensor_async' retrieved from /home/airflow/.local/lib/python3.12/site-packages/airflow/example_dags/example_time_delta_sensor_async.py
[2026-06-12T22:38:35.744+0000] {logging_mixin.py:188} INFO - [2026-06-12T22:38:35.744+0000] {dag.py:3096} INFO - Sync 1 DAGs
[2026-06-12T22:38:35.762+0000] {logging_mixin.py:188} INFO - [2026-06-12T22:38:35.762+0000] {dag.py:3954} INFO - Setting next_dagrun for example_time_delta_sensor_async to None, run_after=None
[2026-06-12T22:38:35.782+0000] {processor.py:183} INFO - Processing /home/airflow/.local/lib/python3.12/site-packages/airflow/example_dags/example_time_delta_sensor_async.py took 0.077 seconds
[2026-06-12T22:39:06.778+0000] {processor.py:161} INFO - Started process (PID=3640) to work on /home/airflow/.local/lib/python3.12/site-packages/airflow/example_dags/example_time_delta_sensor_async.py
[2026-06-12T22:39:06.782+0000] {processor.py:830} INFO - Processing file /home/airflow/.local/lib/python3.12/site-packages/airflow/example_dags/example_time_delta_sensor_async.py for tasks to queue
[2026-06-12T22:39:06.789+0000] {logging_mixin.py:188} INFO - [2026-06-12T22:39:06.789+0000] {dagbag.py:545} INFO - Filling up the DagBag from /home/airflow/.local/lib/python3.12/site-packages/airflow/example_dags/example_time_delta_sensor_async.py
[2026-06-12T22:39:06.805+0000] {processor.py:840} INFO - DAG(s) 'example_time_delta_sensor_async' retrieved from /home/airflow/.local/lib/python3.12/site-packages/airflow/example_dags/example_time_delta_sensor_async.py
[2026-06-12T22:39:06.853+0000] {logging_mixin.py:188} INFO - [2026-06-12T22:39:06.852+0000] {dag.py:3096} INFO - Sync 1 DAGs
[2026-06-12T22:39:06.874+0000] {logging_mixin.py:188} INFO - [2026-06-12T22:39:06.874+0000] {dag.py:3954} INFO - Setting next_dagrun for example_time_delta_sensor_async to None, run_after=None
[2026-06-12T22:39:06.903+0000] {processor.py:183} INFO - Processing /home/airflow/.local/lib/python3.12/site-packages/airflow/example_dags/example_time_delta_sensor_async.py took 0.138 seconds
[2026-06-12T22:39:37.609+0000] {processor.py:161} INFO - Started process (PID=3702) to work on /home/airflow/.local/lib/python3.12/site-packages/airflow/example_dags/example_time_delta_sensor_async.py
[2026-06-12T22:39:37.610+0000] {processor.py:830} INFO - Processing file /home/airflow/.local/lib/python3.12/site-packages/airflow/example_dags/example_time_delta_sensor_async.py for tasks to queue
[2026-06-12T22:39:37.612+0000] {logging_mixin.py:188} INFO - [2026-06-12T22:39:37.612+0000] {dagbag.py:545} INFO - Filling up the DagBag from /home/airflow/.local/lib/python3.12/site-packages/airflow/example_dags/example_time_delta_sensor_async.py
[2026-06-12T22:39:37.624+0000] {processor.py:840} INFO - DAG(s) 'example_time_delta_sensor_async' retrieved from /home/airflow/.local/lib/python3.12/site-packages/airflow/example_dags/example_time_delta_sensor_async.py
[2026-06-12T22:39:37.658+0000] {logging_mixin.py:188} INFO - [2026-06-12T22:39:37.658+0000] {dag.py:3096} INFO - Sync 1 DAGs
[2026-06-12T22:39:37.806+0000] {logging_mixin.py:188} INFO - [2026-06-12T22:39:37.796+0000] {dag.py:3954} INFO - Setting next_dagrun for example_time_delta_sensor_async to None, run_after=None
[2026-06-12T22:39:37.932+0000] {processor.py:183} INFO - Processing /home/airflow/.local/lib/python3.12/site-packages/airflow/example_dags/example_time_delta_sensor_async.py took 0.351 seconds
[2026-06-12T22:40:08.023+0000] {processor.py:161} INFO - Started process (PID=3764) to work on /home/airflow/.local/lib/python3.12/site-packages/airflow/example_dags/example_time_delta_sensor_async.py
[2026-06-12T22:40:08.023+0000] {processor.py:830} INFO - Processing file /home/airflow/.local/lib/python3.12/site-packages/airflow/example_dags/example_time_delta_sensor_async.py for tasks to queue
[2026-06-12T22:40:08.025+0000] {logging_mixin.py:188} INFO - [2026-06-12T22:40:08.025+0000] {dagbag.py:545} INFO - Filling up the DagBag from /home/airflow/.local/lib/python3.12/site-packages/airflow/example_dags/example_time_delta_sensor_async.py
[2026-06-12T22:40:08.030+0000] {processor.py:840} INFO - DAG(s) 'example_time_delta_sensor_async' retrieved from /home/airflow/.local/lib/python3.12/site-packages/airflow/example_dags/example_time_delta_sensor_async.py
[2026-06-12T22:40:08.046+0000] {logging_mixin.py:188} INFO - [2026-06-12T22:40:08.046+0000] {dag.py:3096} INFO - Sync 1 DAGs
[2026-06-12T22:40:08.057+0000] {logging_mixin.py:188} INFO - [2026-06-12T22:40:08.056+0000] {dag.py:3954} INFO - Setting next_dagrun for example_time_delta_sensor_async to None, run_after=None
[2026-06-12T22:40:08.071+0000] {processor.py:183} INFO - Processing /home/airflow/.local/lib/python3.12/site-packages/airflow/example_dags/example_time_delta_sensor_async.py took 0.056 seconds
[2026-06-12T22:40:38.676+0000] {processor.py:161} INFO - Started process (PID=3826) to work on /home/airflow/.local/lib/python3.12/site-packages/airflow/example_dags/example_time_delta_sensor_async.py
[2026-06-12T22:40:38.677+0000] {processor.py:830} INFO - Processing file /home/airflow/.local/lib/python3.12/site-packages/airflow/example_dags/example_time_delta_sensor_async.py for tasks to queue
[2026-06-12T22:40:38.679+0000] {logging_mixin.py:188} INFO - [2026-06-12T22:40:38.678+0000] {dagbag.py:545} INFO - Filling up the DagBag from /home/airflow/.local/lib/python3.12/site-packages/airflow/example_dags/example_time_delta_sensor_async.py
[2026-06-12T22:40:38.682+0000] {processor.py:840} INFO - DAG(s) 'example_time_delta_sensor_async' retrieved from /home/airflow/.local/lib/python3.12/site-packages/airflow/example_dags/example_time_delta_sensor_async.py
[2026-06-12T22:40:38.699+0000] {logging_mixin.py:188} INFO - [2026-06-12T22:40:38.699+0000] {dag.py:3096} INFO - Sync 1 DAGs
[2026-06-12T22:40:38.710+0000] {logging_mixin.py:188} INFO - [2026-06-12T22:40:38.709+0000] {dag.py:3954} INFO - Setting next_dagrun for example_time_delta_sensor_async to None, run_after=None
[2026-06-12T22:40:38.729+0000] {processor.py:183} INFO - Processing /home/airflow/.local/lib/python3.12/site-packages/airflow/example_dags/example_time_delta_sensor_async.py took 0.059 seconds
[2026-06-12T22:41:09.305+0000] {processor.py:161} INFO - Started process (PID=3889) to work on /home/airflow/.local/lib/python3.12/site-packages/airflow/example_dags/example_time_delta_sensor_async.py
[2026-06-12T22:41:09.306+0000] {processor.py:830} INFO - Processing file /home/airflow/.local/lib/python3.12/site-packages/airflow/example_dags/example_time_delta_sensor_async.py for tasks to queue
[2026-06-12T22:41:09.308+0000] {logging_mixin.py:188} INFO - [2026-06-12T22:41:09.308+0000] {dagbag.py:545} INFO - Filling up the DagBag from /home/airflow/.local/lib/python3.12/site-packages/airflow/example_dags/example_time_delta_sensor_async.py
[2026-06-12T22:41:09.313+0000] {processor.py:840} INFO - DAG(s) 'example_time_delta_sensor_async' retrieved from /home/airflow/.local/lib/python3.12/site-packages/airflow/example_dags/example_time_delta_sensor_async.py
[2026-06-12T22:41:09.336+0000] {logging_mixin.py:188} INFO - [2026-06-12T22:41:09.336+0000] {dag.py:3096} INFO - Sync 1 DAGs
[2026-06-12T22:41:09.347+0000] {logging_mixin.py:188} INFO - [2026-06-12T22:41:09.347+0000] {dag.py:3954} INFO - Setting next_dagrun for example_time_delta_sensor_async to None, run_after=None
[2026-06-12T22:41:09.364+0000] {processor.py:183} INFO - Processing /home/airflow/.local/lib/python3.12/site-packages/airflow/example_dags/example_time_delta_sensor_async.py took 0.064 seconds
[2026-06-12T22:41:40.374+0000] {processor.py:161} INFO - Started process (PID=3952) to work on /home/airflow/.local/lib/python3.12/site-packages/airflow/example_dags/example_time_delta_sensor_async.py
[2026-06-12T22:41:40.375+0000] {processor.py:830} INFO - Processing file /home/airflow/.local/lib/python3.12/site-packages/airflow/example_dags/example_time_delta_sensor_async.py for tasks to queue
[2026-06-12T22:41:40.377+0000] {logging_mixin.py:188} INFO - [2026-06-12T22:41:40.377+0000] {dagbag.py:545} INFO - Filling up the DagBag from /home/airflow/.local/lib/python3.12/site-packages/airflow/example_dags/example_time_delta_sensor_async.py
[2026-06-12T22:41:40.391+0000] {processor.py:840} INFO - DAG(s) 'example_time_delta_sensor_async' retrieved from /home/airflow/.local/lib/python3.12/site-packages/airflow/example_dags/example_time_delta_sensor_async.py
[2026-06-12T22:41:40.416+0000] {logging_mixin.py:188} INFO - [2026-06-12T22:41:40.416+0000] {dag.py:3096} INFO - Sync 1 DAGs
[2026-06-12T22:41:40.431+0000] {logging_mixin.py:188} INFO - [2026-06-12T22:41:40.431+0000] {dag.py:3954} INFO - Setting next_dagrun for example_time_delta_sensor_async to None, run_after=None
[2026-06-12T22:41:40.447+0000] {processor.py:183} INFO - Processing /home/airflow/.local/lib/python3.12/site-packages/airflow/example_dags/example_time_delta_sensor_async.py took 0.083 seconds
[2026-06-12T22:42:11.062+0000] {processor.py:161} INFO - Started process (PID=4014) to work on /home/airflow/.local/lib/python3.12/site-packages/airflow/example_dags/example_time_delta_sensor_async.py
[2026-06-12T22:42:11.063+0000] {processor.py:830} INFO - Processing file /home/airflow/.local/lib/python3.12/site-packages/airflow/example_dags/example_time_delta_sensor_async.py for tasks to queue
[2026-06-12T22:42:11.065+0000] {logging_mixin.py:188} INFO - [2026-06-12T22:42:11.064+0000] {dagbag.py:545} INFO - Filling up the DagBag from /home/airflow/.local/lib/python3.12/site-packages/airflow/example_dags/example_time_delta_sensor_async.py
[2026-06-12T22:42:11.069+0000] {processor.py:840} INFO - DAG(s) 'example_time_delta_sensor_async' retrieved from /home/airflow/.local/lib/python3.12/site-packages/airflow/example_dags/example_time_delta_sensor_async.py
[2026-06-12T22:42:11.086+0000] {logging_mixin.py:188} INFO - [2026-06-12T22:42:11.085+0000] {dag.py:3096} INFO - Sync 1 DAGs
[2026-06-12T22:42:11.097+0000] {logging_mixin.py:188} INFO - [2026-06-12T22:42:11.097+0000] {dag.py:3954} INFO - Setting next_dagrun for example_time_delta_sensor_async to None, run_after=None
[2026-06-12T22:42:11.114+0000] {processor.py:183} INFO - Processing /home/airflow/.local/lib/python3.12/site-packages/airflow/example_dags/example_time_delta_sensor_async.py took 0.057 seconds
[2026-06-12T22:42:41.539+0000] {processor.py:161} INFO - Started process (PID=4076) to work on /home/airflow/.local/lib/python3.12/site-packages/airflow/example_dags/example_time_delta_sensor_async.py
[2026-06-12T22:42:41.540+0000] {processor.py:830} INFO - Processing file /home/airflow/.local/lib/python3.12/site-packages/airflow/example_dags/example_time_delta_sensor_async.py for tasks to queue
[2026-06-12T22:42:41.542+0000] {logging_mixin.py:188} INFO - [2026-06-12T22:42:41.542+0000] {dagbag.py:545} INFO - Filling up the DagBag from /home/airflow/.local/lib/python3.12/site-packages/airflow/example_dags/example_time_delta_sensor_async.py
[2026-06-12T22:42:41.545+0000] {processor.py:840} INFO - DAG(s) 'example_time_delta_sensor_async' retrieved from /home/airflow/.local/lib/python3.12/site-packages/airflow/example_dags/example_time_delta_sensor_async.py
[2026-06-12T22:42:41.564+0000] {logging_mixin.py:188} INFO - [2026-06-12T22:42:41.564+0000] {dag.py:3096} INFO - Sync 1 DAGs
[2026-06-12T22:42:41.576+0000] {logging_mixin.py:188} INFO - [2026-06-12T22:42:41.575+0000] {dag.py:3954} INFO - Setting next_dagrun for example_time_delta_sensor_async to None, run_after=None
[2026-06-12T22:42:41.591+0000] {processor.py:183} INFO - Processing /home/airflow/.local/lib/python3.12/site-packages/airflow/example_dags/example_time_delta_sensor_async.py took 0.057 seconds
[2026-06-12T22:43:12.372+0000] {processor.py:161} INFO - Started process (PID=4138) to work on /home/airflow/.local/lib/python3.12/site-packages/airflow/example_dags/example_time_delta_sensor_async.py
[2026-06-12T22:43:12.373+0000] {processor.py:830} INFO - Processing file /home/airflow/.local/lib/python3.12/site-packages/airflow/example_dags/example_time_delta_sensor_async.py for tasks to queue
[2026-06-12T22:43:12.376+0000] {logging_mixin.py:188} INFO - [2026-06-12T22:43:12.376+0000] {dagbag.py:545} INFO - Filling up the DagBag from /home/airflow/.local/lib/python3.12/site-packages/airflow/example_dags/example_time_delta_sensor_async.py
[2026-06-12T22:43:12.382+0000] {processor.py:840} INFO - DAG(s) 'example_time_delta_sensor_async' retrieved from /home/airflow/.local/lib/python3.12/site-packages/airflow/example_dags/example_time_delta_sensor_async.py
[2026-06-12T22:43:12.407+0000] {logging_mixin.py:188} INFO - [2026-06-12T22:43:12.406+0000] {dag.py:3096} INFO - Sync 1 DAGs
[2026-06-12T22:43:12.424+0000] {logging_mixin.py:188} INFO - [2026-06-12T22:43:12.423+0000] {dag.py:3954} INFO - Setting next_dagrun for example_time_delta_sensor_async to None, run_after=None
[2026-06-12T22:43:12.447+0000] {processor.py:183} INFO - Processing /home/airflow/.local/lib/python3.12/site-packages/airflow/example_dags/example_time_delta_sensor_async.py took 0.085 seconds
[2026-06-12T22:43:42.671+0000] {processor.py:161} INFO - Started process (PID=4200) to work on /home/airflow/.local/lib/python3.12/site-packages/airflow/example_dags/example_time_delta_sensor_async.py
[2026-06-12T22:43:42.672+0000] {processor.py:830} INFO - Processing file /home/airflow/.local/lib/python3.12/site-packages/airflow/example_dags/example_time_delta_sensor_async.py for tasks to queue
[2026-06-12T22:43:42.674+0000] {logging_mixin.py:188} INFO - [2026-06-12T22:43:42.674+0000] {dagbag.py:545} INFO - Filling up the DagBag from /home/airflow/.local/lib/python3.12/site-packages/airflow/example_dags/example_time_delta_sensor_async.py
[2026-06-12T22:43:42.679+0000] {processor.py:840} INFO - DAG(s) 'example_time_delta_sensor_async' retrieved from /home/airflow/.local/lib/python3.12/site-packages/airflow/example_dags/example_time_delta_sensor_async.py
[2026-06-12T22:43:42.709+0000] {logging_mixin.py:188} INFO - [2026-06-12T22:43:42.709+0000] {dag.py:3096} INFO - Sync 1 DAGs
[2026-06-12T22:43:42.734+0000] {logging_mixin.py:188} INFO - [2026-06-12T22:43:42.734+0000] {dag.py:3954} INFO - Setting next_dagrun for example_time_delta_sensor_async to None, run_after=None
[2026-06-12T22:43:42.755+0000] {processor.py:183} INFO - Processing /home/airflow/.local/lib/python3.12/site-packages/airflow/example_dags/example_time_delta_sensor_async.py took 0.091 seconds
[2026-06-12T22:44:13.009+0000] {processor.py:161} INFO - Started process (PID=4262) to work on /home/airflow/.local/lib/python3.12/site-packages/airflow/example_dags/example_time_delta_sensor_async.py
[2026-06-12T22:44:13.012+0000] {processor.py:830} INFO - Processing file /home/airflow/.local/lib/python3.12/site-packages/airflow/example_dags/example_time_delta_sensor_async.py for tasks to queue
[2026-06-12T22:44:13.014+0000] {logging_mixin.py:188} INFO - [2026-06-12T22:44:13.014+0000] {dagbag.py:545} INFO - Filling up the DagBag from /home/airflow/.local/lib/python3.12/site-packages/airflow/example_dags/example_time_delta_sensor_async.py
[2026-06-12T22:44:13.020+0000] {processor.py:840} INFO - DAG(s) 'example_time_delta_sensor_async' retrieved from /home/airflow/.local/lib/python3.12/site-packages/airflow/example_dags/example_time_delta_sensor_async.py
[2026-06-12T22:44:13.053+0000] {logging_mixin.py:188} INFO - [2026-06-12T22:44:13.053+0000] {dag.py:3096} INFO - Sync 1 DAGs
[2026-06-12T22:44:13.072+0000] {logging_mixin.py:188} INFO - [2026-06-12T22:44:13.071+0000] {dag.py:3954} INFO - Setting next_dagrun for example_time_delta_sensor_async to None, run_after=None
[2026-06-12T22:44:13.101+0000] {processor.py:183} INFO - Processing /home/airflow/.local/lib/python3.12/site-packages/airflow/example_dags/example_time_delta_sensor_async.py took 0.104 seconds
[2026-06-12T22:44:43.439+0000] {processor.py:161} INFO - Started process (PID=4324) to work on /home/airflow/.local/lib/python3.12/site-packages/airflow/example_dags/example_time_delta_sensor_async.py
[2026-06-12T22:44:43.439+0000] {processor.py:830} INFO - Processing file /home/airflow/.local/lib/python3.12/site-packages/airflow/example_dags/example_time_delta_sensor_async.py for tasks to queue
[2026-06-12T22:44:43.441+0000] {logging_mixin.py:188} INFO - [2026-06-12T22:44:43.441+0000] {dagbag.py:545} INFO - Filling up the DagBag from /home/airflow/.local/lib/python3.12/site-packages/airflow/example_dags/example_time_delta_sensor_async.py
[2026-06-12T22:44:43.445+0000] {processor.py:840} INFO - DAG(s) 'example_time_delta_sensor_async' retrieved from /home/airflow/.local/lib/python3.12/site-packages/airflow/example_dags/example_time_delta_sensor_async.py
[2026-06-12T22:44:43.464+0000] {logging_mixin.py:188} INFO - [2026-06-12T22:44:43.464+0000] {dag.py:3096} INFO - Sync 1 DAGs
[2026-06-12T22:44:43.474+0000] {logging_mixin.py:188} INFO - [2026-06-12T22:44:43.474+0000] {dag.py:3954} INFO - Setting next_dagrun for example_time_delta_sensor_async to None, run_after=None
[2026-06-12T22:44:43.489+0000] {processor.py:183} INFO - Processing /home/airflow/.local/lib/python3.12/site-packages/airflow/example_dags/example_time_delta_sensor_async.py took 0.056 seconds
[2026-06-12T22:45:13.709+0000] {processor.py:161} INFO - Started process (PID=4386) to work on /home/airflow/.local/lib/python3.12/site-packages/airflow/example_dags/example_time_delta_sensor_async.py
[2026-06-12T22:45:13.710+0000] {processor.py:830} INFO - Processing file /home/airflow/.local/lib/python3.12/site-packages/airflow/example_dags/example_time_delta_sensor_async.py for tasks to queue
[2026-06-12T22:45:13.712+0000] {logging_mixin.py:188} INFO - [2026-06-12T22:45:13.711+0000] {dagbag.py:545} INFO - Filling up the DagBag from /home/airflow/.local/lib/python3.12/site-packages/airflow/example_dags/example_time_delta_sensor_async.py
[2026-06-12T22:45:13.717+0000] {processor.py:840} INFO - DAG(s) 'example_time_delta_sensor_async' retrieved from /home/airflow/.local/lib/python3.12/site-packages/airflow/example_dags/example_time_delta_sensor_async.py
[2026-06-12T22:45:13.748+0000] {logging_mixin.py:188} INFO - [2026-06-12T22:45:13.748+0000] {dag.py:3096} INFO - Sync 1 DAGs
[2026-06-12T22:45:13.782+0000] {logging_mixin.py:188} INFO - [2026-06-12T22:45:13.781+0000] {dag.py:3954} INFO - Setting next_dagrun for example_time_delta_sensor_async to None, run_after=None
[2026-06-12T22:45:13.836+0000] {processor.py:183} INFO - Processing /home/airflow/.local/lib/python3.12/site-packages/airflow/example_dags/example_time_delta_sensor_async.py took 0.134 seconds
[2026-06-12T22:45:44.197+0000] {processor.py:161} INFO - Started process (PID=4448) to work on /home/airflow/.local/lib/python3.12/site-packages/airflow/example_dags/example_time_delta_sensor_async.py
[2026-06-12T22:45:44.198+0000] {processor.py:830} INFO - Processing file /home/airflow/.local/lib/python3.12/site-packages/airflow/example_dags/example_time_delta_sensor_async.py for tasks to queue
[2026-06-12T22:45:44.199+0000] {logging_mixin.py:188} INFO - [2026-06-12T22:45:44.199+0000] {dagbag.py:545} INFO - Filling up the DagBag from /home/airflow/.local/lib/python3.12/site-packages/airflow/example_dags/example_time_delta_sensor_async.py
[2026-06-12T22:45:44.203+0000] {processor.py:840} INFO - DAG(s) 'example_time_delta_sensor_async' retrieved from /home/airflow/.local/lib/python3.12/site-packages/airflow/example_dags/example_time_delta_sensor_async.py
[2026-06-12T22:45:44.223+0000] {logging_mixin.py:188} INFO - [2026-06-12T22:45:44.223+0000] {dag.py:3096} INFO - Sync 1 DAGs
[2026-06-12T22:45:44.235+0000] {logging_mixin.py:188} INFO - [2026-06-12T22:45:44.235+0000] {dag.py:3954} INFO - Setting next_dagrun for example_time_delta_sensor_async to None, run_after=None
[2026-06-12T22:45:44.251+0000] {processor.py:183} INFO - Processing /home/airflow/.local/lib/python3.12/site-packages/airflow/example_dags/example_time_delta_sensor_async.py took 0.059 seconds
[2026-06-12T22:46:14.639+0000] {processor.py:161} INFO - Started process (PID=4510) to work on /home/airflow/.local/lib/python3.12/site-packages/airflow/example_dags/example_time_delta_sensor_async.py
[2026-06-12T22:46:14.640+0000] {processor.py:830} INFO - Processing file /home/airflow/.local/lib/python3.12/site-packages/airflow/example_dags/example_time_delta_sensor_async.py for tasks to queue
[2026-06-12T22:46:14.642+0000] {logging_mixin.py:188} INFO - [2026-06-12T22:46:14.641+0000] {dagbag.py:545} INFO - Filling up the DagBag from /home/airflow/.local/lib/python3.12/site-packages/airflow/example_dags/example_time_delta_sensor_async.py
[2026-06-12T22:46:14.646+0000] {processor.py:840} INFO - DAG(s) 'example_time_delta_sensor_async' retrieved from /home/airflow/.local/lib/python3.12/site-packages/airflow/example_dags/example_time_delta_sensor_async.py
[2026-06-12T22:46:14.664+0000] {logging_mixin.py:188} INFO - [2026-06-12T22:46:14.664+0000] {dag.py:3096} INFO - Sync 1 DAGs
[2026-06-12T22:46:14.676+0000] {logging_mixin.py:188} INFO - [2026-06-12T22:46:14.675+0000] {dag.py:3954} INFO - Setting next_dagrun for example_time_delta_sensor_async to None, run_after=None
[2026-06-12T22:46:14.692+0000] {processor.py:183} INFO - Processing /home/airflow/.local/lib/python3.12/site-packages/airflow/example_dags/example_time_delta_sensor_async.py took 0.058 seconds
[2026-06-12T22:46:45.053+0000] {processor.py:161} INFO - Started process (PID=4570) to work on /home/airflow/.local/lib/python3.12/site-packages/airflow/example_dags/example_time_delta_sensor_async.py
[2026-06-12T22:46:45.054+0000] {processor.py:830} INFO - Processing file /home/airflow/.local/lib/python3.12/site-packages/airflow/example_dags/example_time_delta_sensor_async.py for tasks to queue
[2026-06-12T22:46:45.057+0000] {logging_mixin.py:188} INFO - [2026-06-12T22:46:45.056+0000] {dagbag.py:545} INFO - Filling up the DagBag from /home/airflow/.local/lib/python3.12/site-packages/airflow/example_dags/example_time_delta_sensor_async.py
[2026-06-12T22:46:45.062+0000] {processor.py:840} INFO - DAG(s) 'example_time_delta_sensor_async' retrieved from /home/airflow/.local/lib/python3.12/site-packages/airflow/example_dags/example_time_delta_sensor_async.py
[2026-06-12T22:46:45.089+0000] {logging_mixin.py:188} INFO - [2026-06-12T22:46:45.089+0000] {dag.py:3096} INFO - Sync 1 DAGs
[2026-06-12T22:46:45.105+0000] {logging_mixin.py:188} INFO - [2026-06-12T22:46:45.105+0000] {dag.py:3954} INFO - Setting next_dagrun for example_time_delta_sensor_async to None, run_after=None
[2026-06-12T22:46:45.129+0000] {processor.py:183} INFO - Processing /home/airflow/.local/lib/python3.12/site-packages/airflow/example_dags/example_time_delta_sensor_async.py took 0.082 seconds
[2026-06-12T22:47:15.743+0000] {processor.py:161} INFO - Started process (PID=4632) to work on /home/airflow/.local/lib/python3.12/site-packages/airflow/example_dags/example_time_delta_sensor_async.py
[2026-06-12T22:47:15.744+0000] {processor.py:830} INFO - Processing file /home/airflow/.local/lib/python3.12/site-packages/airflow/example_dags/example_time_delta_sensor_async.py for tasks to queue
[2026-06-12T22:47:15.747+0000] {logging_mixin.py:188} INFO - [2026-06-12T22:47:15.746+0000] {dagbag.py:545} INFO - Filling up the DagBag from /home/airflow/.local/lib/python3.12/site-packages/airflow/example_dags/example_time_delta_sensor_async.py
[2026-06-12T22:47:15.751+0000] {processor.py:840} INFO - DAG(s) 'example_time_delta_sensor_async' retrieved from /home/airflow/.local/lib/python3.12/site-packages/airflow/example_dags/example_time_delta_sensor_async.py
[2026-06-12T22:47:15.775+0000] {logging_mixin.py:188} INFO - [2026-06-12T22:47:15.774+0000] {dag.py:3096} INFO - Sync 1 DAGs
[2026-06-12T22:47:15.795+0000] {logging_mixin.py:188} INFO - [2026-06-12T22:47:15.795+0000] {dag.py:3954} INFO - Setting next_dagrun for example_time_delta_sensor_async to None, run_after=None
[2026-06-12T22:47:15.819+0000] {processor.py:183} INFO - Processing /home/airflow/.local/lib/python3.12/site-packages/airflow/example_dags/example_time_delta_sensor_async.py took 0.093 seconds
[2026-06-12T22:47:45.963+0000] {processor.py:161} INFO - Started process (PID=4694) to work on /home/airflow/.local/lib/python3.12/site-packages/airflow/example_dags/example_time_delta_sensor_async.py
[2026-06-12T22:47:45.963+0000] {processor.py:830} INFO - Processing file /home/airflow/.local/lib/python3.12/site-packages/airflow/example_dags/example_time_delta_sensor_async.py for tasks to queue
[2026-06-12T22:47:45.965+0000] {logging_mixin.py:188} INFO - [2026-06-12T22:47:45.965+0000] {dagbag.py:545} INFO - Filling up the DagBag from /home/airflow/.local/lib/python3.12/site-packages/airflow/example_dags/example_time_delta_sensor_async.py
[2026-06-12T22:47:45.969+0000] {processor.py:840} INFO - DAG(s) 'example_time_delta_sensor_async' retrieved from /home/airflow/.local/lib/python3.12/site-packages/airflow/example_dags/example_time_delta_sensor_async.py
[2026-06-12T22:47:45.987+0000] {logging_mixin.py:188} INFO - [2026-06-12T22:47:45.986+0000] {dag.py:3096} INFO - Sync 1 DAGs
[2026-06-12T22:47:45.998+0000] {logging_mixin.py:188} INFO - [2026-06-12T22:47:45.997+0000] {dag.py:3954} INFO - Setting next_dagrun for example_time_delta_sensor_async to None, run_after=None
[2026-06-12T22:47:46.020+0000] {processor.py:183} INFO - Processing /home/airflow/.local/lib/python3.12/site-packages/airflow/example_dags/example_time_delta_sensor_async.py took 0.063 seconds
[2026-06-12T22:48:16.281+0000] {processor.py:161} INFO - Started process (PID=4756) to work on /home/airflow/.local/lib/python3.12/site-packages/airflow/example_dags/example_time_delta_sensor_async.py
[2026-06-12T22:48:16.286+0000] {processor.py:830} INFO - Processing file /home/airflow/.local/lib/python3.12/site-packages/airflow/example_dags/example_time_delta_sensor_async.py for tasks to queue
[2026-06-12T22:48:16.290+0000] {logging_mixin.py:188} INFO - [2026-06-12T22:48:16.289+0000] {dagbag.py:545} INFO - Filling up the DagBag from /home/airflow/.local/lib/python3.12/site-packages/airflow/example_dags/example_time_delta_sensor_async.py
[2026-06-12T22:48:16.302+0000] {processor.py:840} INFO - DAG(s) 'example_time_delta_sensor_async' retrieved from /home/airflow/.local/lib/python3.12/site-packages/airflow/example_dags/example_time_delta_sensor_async.py
[2026-06-12T22:48:16.331+0000] {logging_mixin.py:188} INFO - [2026-06-12T22:48:16.330+0000] {dag.py:3096} INFO - Sync 1 DAGs
[2026-06-12T22:48:16.356+0000] {logging_mixin.py:188} INFO - [2026-06-12T22:48:16.356+0000] {dag.py:3954} INFO - Setting next_dagrun for example_time_delta_sensor_async to None, run_after=None
[2026-06-12T22:48:16.384+0000] {processor.py:183} INFO - Processing /home/airflow/.local/lib/python3.12/site-packages/airflow/example_dags/example_time_delta_sensor_async.py took 0.123 seconds
[2026-06-12T22:48:46.775+0000] {processor.py:161} INFO - Started process (PID=4818) to work on /home/airflow/.local/lib/python3.12/site-packages/airflow/example_dags/example_time_delta_sensor_async.py
[2026-06-12T22:48:46.775+0000] {processor.py:830} INFO - Processing file /home/airflow/.local/lib/python3.12/site-packages/airflow/example_dags/example_time_delta_sensor_async.py for tasks to queue
[2026-06-12T22:48:46.777+0000] {logging_mixin.py:188} INFO - [2026-06-12T22:48:46.777+0000] {dagbag.py:545} INFO - Filling up the DagBag from /home/airflow/.local/lib/python3.12/site-packages/airflow/example_dags/example_time_delta_sensor_async.py
[2026-06-12T22:48:46.782+0000] {processor.py:840} INFO - DAG(s) 'example_time_delta_sensor_async' retrieved from /home/airflow/.local/lib/python3.12/site-packages/airflow/example_dags/example_time_delta_sensor_async.py
[2026-06-12T22:48:46.803+0000] {logging_mixin.py:188} INFO - [2026-06-12T22:48:46.803+0000] {dag.py:3096} INFO - Sync 1 DAGs
[2026-06-12T22:48:46.816+0000] {logging_mixin.py:188} INFO - [2026-06-12T22:48:46.816+0000] {dag.py:3954} INFO - Setting next_dagrun for example_time_delta_sensor_async to None, run_after=None
[2026-06-12T22:48:46.834+0000] {processor.py:183} INFO - Processing /home/airflow/.local/lib/python3.12/site-packages/airflow/example_dags/example_time_delta_sensor_async.py took 0.065 seconds
[2026-06-12T22:49:16.926+0000] {processor.py:161} INFO - Started process (PID=4880) to work on /home/airflow/.local/lib/python3.12/site-packages/airflow/example_dags/example_time_delta_sensor_async.py
[2026-06-12T22:49:16.929+0000] {processor.py:830} INFO - Processing file /home/airflow/.local/lib/python3.12/site-packages/airflow/example_dags/example_time_delta_sensor_async.py for tasks to queue
[2026-06-12T22:49:16.933+0000] {logging_mixin.py:188} INFO - [2026-06-12T22:49:16.932+0000] {dagbag.py:545} INFO - Filling up the DagBag from /home/airflow/.local/lib/python3.12/site-packages/airflow/example_dags/example_time_delta_sensor_async.py
[2026-06-12T22:49:16.943+0000] {processor.py:840} INFO - DAG(s) 'example_time_delta_sensor_async' retrieved from /home/airflow/.local/lib/python3.12/site-packages/airflow/example_dags/example_time_delta_sensor_async.py
[2026-06-12T22:49:16.996+0000] {logging_mixin.py:188} INFO - [2026-06-12T22:49:16.996+0000] {dag.py:3096} INFO - Sync 1 DAGs
[2026-06-12T22:49:17.057+0000] {logging_mixin.py:188} INFO - [2026-06-12T22:49:17.057+0000] {dag.py:3954} INFO - Setting next_dagrun for example_time_delta_sensor_async to None, run_after=None
[2026-06-12T22:49:17.150+0000] {processor.py:183} INFO - Processing /home/airflow/.local/lib/python3.12/site-packages/airflow/example_dags/example_time_delta_sensor_async.py took 0.240 seconds
[2026-06-12T22:49:47.493+0000] {processor.py:161} INFO - Started process (PID=4941) to work on /home/airflow/.local/lib/python3.12/site-packages/airflow/example_dags/example_time_delta_sensor_async.py
[2026-06-12T22:49:47.494+0000] {processor.py:830} INFO - Processing file /home/airflow/.local/lib/python3.12/site-packages/airflow/example_dags/example_time_delta_sensor_async.py for tasks to queue
[2026-06-12T22:49:47.496+0000] {logging_mixin.py:188} INFO - [2026-06-12T22:49:47.496+0000] {dagbag.py:545} INFO - Filling up the DagBag from /home/airflow/.local/lib/python3.12/site-packages/airflow/example_dags/example_time_delta_sensor_async.py
[2026-06-12T22:49:47.501+0000] {processor.py:840} INFO - DAG(s) 'example_time_delta_sensor_async' retrieved from /home/airflow/.local/lib/python3.12/site-packages/airflow/example_dags/example_time_delta_sensor_async.py
[2026-06-12T22:49:47.526+0000] {logging_mixin.py:188} INFO - [2026-06-12T22:49:47.526+0000] {dag.py:3096} INFO - Sync 1 DAGs
[2026-06-12T22:49:47.547+0000] {logging_mixin.py:188} INFO - [2026-06-12T22:49:47.546+0000] {dag.py:3954} INFO - Setting next_dagrun for example_time_delta_sensor_async to None, run_after=None
[2026-06-12T22:49:47.747+0000] {processor.py:183} INFO - Processing /home/airflow/.local/lib/python3.12/site-packages/airflow/example_dags/example_time_delta_sensor_async.py took 0.261 seconds
[2026-06-12T22:50:18.126+0000] {processor.py:161} INFO - Started process (PID=5003) to work on /home/airflow/.local/lib/python3.12/site-packages/airflow/example_dags/example_time_delta_sensor_async.py
[2026-06-12T22:50:18.126+0000] {processor.py:830} INFO - Processing file /home/airflow/.local/lib/python3.12/site-packages/airflow/example_dags/example_time_delta_sensor_async.py for tasks to queue
[2026-06-12T22:50:18.128+0000] {logging_mixin.py:188} INFO - [2026-06-12T22:50:18.128+0000] {dagbag.py:545} INFO - Filling up the DagBag from /home/airflow/.local/lib/python3.12/site-packages/airflow/example_dags/example_time_delta_sensor_async.py
[2026-06-12T22:50:18.134+0000] {processor.py:840} INFO - DAG(s) 'example_time_delta_sensor_async' retrieved from /home/airflow/.local/lib/python3.12/site-packages/airflow/example_dags/example_time_delta_sensor_async.py
[2026-06-12T22:50:18.159+0000] {logging_mixin.py:188} INFO - [2026-06-12T22:50:18.158+0000] {dag.py:3096} INFO - Sync 1 DAGs
[2026-06-12T22:50:18.169+0000] {logging_mixin.py:188} INFO - [2026-06-12T22:50:18.169+0000] {dag.py:3954} INFO - Setting next_dagrun for example_time_delta_sensor_async to None, run_after=None
[2026-06-12T22:50:18.184+0000] {processor.py:183} INFO - Processing /home/airflow/.local/lib/python3.12/site-packages/airflow/example_dags/example_time_delta_sensor_async.py took 0.065 seconds
[2026-06-12T22:50:48.493+0000] {processor.py:161} INFO - Started process (PID=5065) to work on /home/airflow/.local/lib/python3.12/site-packages/airflow/example_dags/example_time_delta_sensor_async.py
[2026-06-12T22:50:48.494+0000] {processor.py:830} INFO - Processing file /home/airflow/.local/lib/python3.12/site-packages/airflow/example_dags/example_time_delta_sensor_async.py for tasks to queue
[2026-06-12T22:50:48.496+0000] {logging_mixin.py:188} INFO - [2026-06-12T22:50:48.495+0000] {dagbag.py:545} INFO - Filling up the DagBag from /home/airflow/.local/lib/python3.12/site-packages/airflow/example_dags/example_time_delta_sensor_async.py
[2026-06-12T22:50:48.500+0000] {processor.py:840} INFO - DAG(s) 'example_time_delta_sensor_async' retrieved from /home/airflow/.local/lib/python3.12/site-packages/airflow/example_dags/example_time_delta_sensor_async.py
[2026-06-12T22:50:48.521+0000] {logging_mixin.py:188} INFO - [2026-06-12T22:50:48.520+0000] {dag.py:3096} INFO - Sync 1 DAGs
[2026-06-12T22:50:48.653+0000] {logging_mixin.py:188} INFO - [2026-06-12T22:50:48.653+0000] {dag.py:3954} INFO - Setting next_dagrun for example_time_delta_sensor_async to None, run_after=None
[2026-06-12T22:50:48.668+0000] {processor.py:183} INFO - Processing /home/airflow/.local/lib/python3.12/site-packages/airflow/example_dags/example_time_delta_sensor_async.py took 0.181 seconds
[2026-06-12T22:51:19.107+0000] {processor.py:161} INFO - Started process (PID=5127) to work on /home/airflow/.local/lib/python3.12/site-packages/airflow/example_dags/example_time_delta_sensor_async.py
[2026-06-12T22:51:19.108+0000] {processor.py:830} INFO - Processing file /home/airflow/.local/lib/python3.12/site-packages/airflow/example_dags/example_time_delta_sensor_async.py for tasks to queue
[2026-06-12T22:51:19.110+0000] {logging_mixin.py:188} INFO - [2026-06-12T22:51:19.109+0000] {dagbag.py:545} INFO - Filling up the DagBag from /home/airflow/.local/lib/python3.12/site-packages/airflow/example_dags/example_time_delta_sensor_async.py
[2026-06-12T22:51:19.115+0000] {processor.py:840} INFO - DAG(s) 'example_time_delta_sensor_async' retrieved from /home/airflow/.local/lib/python3.12/site-packages/airflow/example_dags/example_time_delta_sensor_async.py
[2026-06-12T22:51:19.138+0000] {logging_mixin.py:188} INFO - [2026-06-12T22:51:19.138+0000] {dag.py:3096} INFO - Sync 1 DAGs
[2026-06-12T22:51:19.150+0000] {logging_mixin.py:188} INFO - [2026-06-12T22:51:19.149+0000] {dag.py:3954} INFO - Setting next_dagrun for example_time_delta_sensor_async to None, run_after=None
[2026-06-12T22:51:19.166+0000] {processor.py:183} INFO - Processing /home/airflow/.local/lib/python3.12/site-packages/airflow/example_dags/example_time_delta_sensor_async.py took 0.067 seconds
[2026-06-12T22:51:49.695+0000] {processor.py:161} INFO - Started process (PID=5188) to work on /home/airflow/.local/lib/python3.12/site-packages/airflow/example_dags/example_time_delta_sensor_async.py
[2026-06-12T22:51:49.696+0000] {processor.py:830} INFO - Processing file /home/airflow/.local/lib/python3.12/site-packages/airflow/example_dags/example_time_delta_sensor_async.py for tasks to queue
[2026-06-12T22:51:49.698+0000] {logging_mixin.py:188} INFO - [2026-06-12T22:51:49.697+0000] {dagbag.py:545} INFO - Filling up the DagBag from /home/airflow/.local/lib/python3.12/site-packages/airflow/example_dags/example_time_delta_sensor_async.py
[2026-06-12T22:51:49.701+0000] {processor.py:840} INFO - DAG(s) 'example_time_delta_sensor_async' retrieved from /home/airflow/.local/lib/python3.12/site-packages/airflow/example_dags/example_time_delta_sensor_async.py
[2026-06-12T22:51:49.720+0000] {logging_mixin.py:188} INFO - [2026-06-12T22:51:49.719+0000] {dag.py:3096} INFO - Sync 1 DAGs
[2026-06-12T22:51:49.740+0000] {logging_mixin.py:188} INFO - [2026-06-12T22:51:49.740+0000] {dag.py:3954} INFO - Setting next_dagrun for example_time_delta_sensor_async to None, run_after=None
[2026-06-12T22:51:49.757+0000] {processor.py:183} INFO - Processing /home/airflow/.local/lib/python3.12/site-packages/airflow/example_dags/example_time_delta_sensor_async.py took 0.068 seconds
[2026-06-12T22:52:20.155+0000] {processor.py:161} INFO - Started process (PID=5250) to work on /home/airflow/.local/lib/python3.12/site-packages/airflow/example_dags/example_time_delta_sensor_async.py
[2026-06-12T22:52:20.156+0000] {processor.py:830} INFO - Processing file /home/airflow/.local/lib/python3.12/site-packages/airflow/example_dags/example_time_delta_sensor_async.py for tasks to queue
[2026-06-12T22:52:20.157+0000] {logging_mixin.py:188} INFO - [2026-06-12T22:52:20.157+0000] {dagbag.py:545} INFO - Filling up the DagBag from /home/airflow/.local/lib/python3.12/site-packages/airflow/example_dags/example_time_delta_sensor_async.py
[2026-06-12T22:52:20.162+0000] {processor.py:840} INFO - DAG(s) 'example_time_delta_sensor_async' retrieved from /home/airflow/.local/lib/python3.12/site-packages/airflow/example_dags/example_time_delta_sensor_async.py
[2026-06-12T22:52:20.180+0000] {logging_mixin.py:188} INFO - [2026-06-12T22:52:20.179+0000] {dag.py:3096} INFO - Sync 1 DAGs
[2026-06-12T22:52:20.190+0000] {logging_mixin.py:188} INFO - [2026-06-12T22:52:20.190+0000] {dag.py:3954} INFO - Setting next_dagrun for example_time_delta_sensor_async to None, run_after=None
[2026-06-12T22:52:20.205+0000] {processor.py:183} INFO - Processing /home/airflow/.local/lib/python3.12/site-packages/airflow/example_dags/example_time_delta_sensor_async.py took 0.063 seconds
[2026-06-12T22:52:50.564+0000] {processor.py:161} INFO - Started process (PID=5312) to work on /home/airflow/.local/lib/python3.12/site-packages/airflow/example_dags/example_time_delta_sensor_async.py
[2026-06-12T22:52:50.565+0000] {processor.py:830} INFO - Processing file /home/airflow/.local/lib/python3.12/site-packages/airflow/example_dags/example_time_delta_sensor_async.py for tasks to queue
[2026-06-12T22:52:50.567+0000] {logging_mixin.py:188} INFO - [2026-06-12T22:52:50.567+0000] {dagbag.py:545} INFO - Filling up the DagBag from /home/airflow/.local/lib/python3.12/site-packages/airflow/example_dags/example_time_delta_sensor_async.py
[2026-06-12T22:52:50.572+0000] {processor.py:840} INFO - DAG(s) 'example_time_delta_sensor_async' retrieved from /home/airflow/.local/lib/python3.12/site-packages/airflow/example_dags/example_time_delta_sensor_async.py
[2026-06-12T22:52:50.601+0000] {logging_mixin.py:188} INFO - [2026-06-12T22:52:50.601+0000] {dag.py:3096} INFO - Sync 1 DAGs
[2026-06-12T22:52:50.619+0000] {logging_mixin.py:188} INFO - [2026-06-12T22:52:50.618+0000] {dag.py:3954} INFO - Setting next_dagrun for example_time_delta_sensor_async to None, run_after=None
[2026-06-12T22:52:50.642+0000] {processor.py:183} INFO - Processing /home/airflow/.local/lib/python3.12/site-packages/airflow/example_dags/example_time_delta_sensor_async.py took 0.086 seconds
[2026-06-12T22:53:20.882+0000] {processor.py:161} INFO - Started process (PID=5372) to work on /home/airflow/.local/lib/python3.12/site-packages/airflow/example_dags/example_time_delta_sensor_async.py
[2026-06-12T22:53:20.885+0000] {processor.py:830} INFO - Processing file /home/airflow/.local/lib/python3.12/site-packages/airflow/example_dags/example_time_delta_sensor_async.py for tasks to queue
[2026-06-12T22:53:20.891+0000] {logging_mixin.py:188} INFO - [2026-06-12T22:53:20.891+0000] {dagbag.py:545} INFO - Filling up the DagBag from /home/airflow/.local/lib/python3.12/site-packages/airflow/example_dags/example_time_delta_sensor_async.py
[2026-06-12T22:53:20.903+0000] {processor.py:840} INFO - DAG(s) 'example_time_delta_sensor_async' retrieved from /home/airflow/.local/lib/python3.12/site-packages/airflow/example_dags/example_time_delta_sensor_async.py
[2026-06-12T22:53:20.967+0000] {logging_mixin.py:188} INFO - [2026-06-12T22:53:20.966+0000] {dag.py:3096} INFO - Sync 1 DAGs
[2026-06-12T22:53:21.015+0000] {logging_mixin.py:188} INFO - [2026-06-12T22:53:21.015+0000] {dag.py:3954} INFO - Setting next_dagrun for example_time_delta_sensor_async to None, run_after=None
[2026-06-12T22:53:21.051+0000] {processor.py:183} INFO - Processing /home/airflow/.local/lib/python3.12/site-packages/airflow/example_dags/example_time_delta_sensor_async.py took 0.182 seconds
[2026-06-12T22:53:51.514+0000] {processor.py:161} INFO - Started process (PID=5435) to work on /home/airflow/.local/lib/python3.12/site-packages/airflow/example_dags/example_time_delta_sensor_async.py
[2026-06-12T22:53:51.518+0000] {processor.py:830} INFO - Processing file /home/airflow/.local/lib/python3.12/site-packages/airflow/example_dags/example_time_delta_sensor_async.py for tasks to queue
[2026-06-12T22:53:51.525+0000] {logging_mixin.py:188} INFO - [2026-06-12T22:53:51.525+0000] {dagbag.py:545} INFO - Filling up the DagBag from /home/airflow/.local/lib/python3.12/site-packages/airflow/example_dags/example_time_delta_sensor_async.py
[2026-06-12T22:53:51.542+0000] {processor.py:840} INFO - DAG(s) 'example_time_delta_sensor_async' retrieved from /home/airflow/.local/lib/python3.12/site-packages/airflow/example_dags/example_time_delta_sensor_async.py
[2026-06-12T22:53:51.608+0000] {logging_mixin.py:188} INFO - [2026-06-12T22:53:51.608+0000] {dag.py:3096} INFO - Sync 1 DAGs
[2026-06-12T22:53:51.648+0000] {logging_mixin.py:188} INFO - [2026-06-12T22:53:51.648+0000] {dag.py:3954} INFO - Setting next_dagrun for example_time_delta_sensor_async to None, run_after=None
[2026-06-12T22:53:51.697+0000] {processor.py:183} INFO - Processing /home/airflow/.local/lib/python3.12/site-packages/airflow/example_dags/example_time_delta_sensor_async.py took 0.206 seconds
[2026-06-12T22:54:22.722+0000] {processor.py:161} INFO - Started process (PID=5497) to work on /home/airflow/.local/lib/python3.12/site-packages/airflow/example_dags/example_time_delta_sensor_async.py
[2026-06-12T22:54:22.724+0000] {processor.py:830} INFO - Processing file /home/airflow/.local/lib/python3.12/site-packages/airflow/example_dags/example_time_delta_sensor_async.py for tasks to queue
[2026-06-12T22:54:22.726+0000] {logging_mixin.py:188} INFO - [2026-06-12T22:54:22.726+0000] {dagbag.py:545} INFO - Filling up the DagBag from /home/airflow/.local/lib/python3.12/site-packages/airflow/example_dags/example_time_delta_sensor_async.py
[2026-06-12T22:54:22.735+0000] {processor.py:840} INFO - DAG(s) 'example_time_delta_sensor_async' retrieved from /home/airflow/.local/lib/python3.12/site-packages/airflow/example_dags/example_time_delta_sensor_async.py
[2026-06-12T22:54:22.760+0000] {logging_mixin.py:188} INFO - [2026-06-12T22:54:22.760+0000] {dag.py:3096} INFO - Sync 1 DAGs
[2026-06-12T22:54:22.778+0000] {logging_mixin.py:188} INFO - [2026-06-12T22:54:22.778+0000] {dag.py:3954} INFO - Setting next_dagrun for example_time_delta_sensor_async to None, run_after=None
[2026-06-12T22:54:22.805+0000] {processor.py:183} INFO - Processing /home/airflow/.local/lib/python3.12/site-packages/airflow/example_dags/example_time_delta_sensor_async.py took 0.101 seconds
[2026-06-12T22:54:53.033+0000] {processor.py:161} INFO - Started process (PID=5559) to work on /home/airflow/.local/lib/python3.12/site-packages/airflow/example_dags/example_time_delta_sensor_async.py
[2026-06-12T22:54:53.036+0000] {processor.py:830} INFO - Processing file /home/airflow/.local/lib/python3.12/site-packages/airflow/example_dags/example_time_delta_sensor_async.py for tasks to queue
[2026-06-12T22:54:53.043+0000] {logging_mixin.py:188} INFO - [2026-06-12T22:54:53.043+0000] {dagbag.py:545} INFO - Filling up the DagBag from /home/airflow/.local/lib/python3.12/site-packages/airflow/example_dags/example_time_delta_sensor_async.py
[2026-06-12T22:54:53.064+0000] {processor.py:840} INFO - DAG(s) 'example_time_delta_sensor_async' retrieved from /home/airflow/.local/lib/python3.12/site-packages/airflow/example_dags/example_time_delta_sensor_async.py
[2026-06-12T22:54:53.110+0000] {logging_mixin.py:188} INFO - [2026-06-12T22:54:53.109+0000] {dag.py:3096} INFO - Sync 1 DAGs
[2026-06-12T22:54:53.127+0000] {logging_mixin.py:188} INFO - [2026-06-12T22:54:53.127+0000] {dag.py:3954} INFO - Setting next_dagrun for example_time_delta_sensor_async to None, run_after=None
[2026-06-12T22:54:53.158+0000] {processor.py:183} INFO - Processing /home/airflow/.local/lib/python3.12/site-packages/airflow/example_dags/example_time_delta_sensor_async.py took 0.133 seconds
[2026-06-12T22:55:23.503+0000] {processor.py:161} INFO - Started process (PID=5621) to work on /home/airflow/.local/lib/python3.12/site-packages/airflow/example_dags/example_time_delta_sensor_async.py
[2026-06-12T22:55:23.503+0000] {processor.py:830} INFO - Processing file /home/airflow/.local/lib/python3.12/site-packages/airflow/example_dags/example_time_delta_sensor_async.py for tasks to queue
[2026-06-12T22:55:23.505+0000] {logging_mixin.py:188} INFO - [2026-06-12T22:55:23.504+0000] {dagbag.py:545} INFO - Filling up the DagBag from /home/airflow/.local/lib/python3.12/site-packages/airflow/example_dags/example_time_delta_sensor_async.py
[2026-06-12T22:55:23.509+0000] {processor.py:840} INFO - DAG(s) 'example_time_delta_sensor_async' retrieved from /home/airflow/.local/lib/python3.12/site-packages/airflow/example_dags/example_time_delta_sensor_async.py
[2026-06-12T22:55:23.532+0000] {logging_mixin.py:188} INFO - [2026-06-12T22:55:23.532+0000] {dag.py:3096} INFO - Sync 1 DAGs
[2026-06-12T22:55:23.543+0000] {logging_mixin.py:188} INFO - [2026-06-12T22:55:23.543+0000] {dag.py:3954} INFO - Setting next_dagrun for example_time_delta_sensor_async to None, run_after=None
[2026-06-12T22:55:23.563+0000] {processor.py:183} INFO - Processing /home/airflow/.local/lib/python3.12/site-packages/airflow/example_dags/example_time_delta_sensor_async.py took 0.066 seconds
[2026-06-12T22:55:54.485+0000] {processor.py:161} INFO - Started process (PID=5683) to work on /home/airflow/.local/lib/python3.12/site-packages/airflow/example_dags/example_time_delta_sensor_async.py
[2026-06-12T22:55:54.486+0000] {processor.py:830} INFO - Processing file /home/airflow/.local/lib/python3.12/site-packages/airflow/example_dags/example_time_delta_sensor_async.py for tasks to queue
[2026-06-12T22:55:54.488+0000] {logging_mixin.py:188} INFO - [2026-06-12T22:55:54.488+0000] {dagbag.py:545} INFO - Filling up the DagBag from /home/airflow/.local/lib/python3.12/site-packages/airflow/example_dags/example_time_delta_sensor_async.py
[2026-06-12T22:55:54.494+0000] {processor.py:840} INFO - DAG(s) 'example_time_delta_sensor_async' retrieved from /home/airflow/.local/lib/python3.12/site-packages/airflow/example_dags/example_time_delta_sensor_async.py
[2026-06-12T22:55:54.523+0000] {logging_mixin.py:188} INFO - [2026-06-12T22:55:54.522+0000] {dag.py:3096} INFO - Sync 1 DAGs
[2026-06-12T22:55:54.585+0000] {logging_mixin.py:188} INFO - [2026-06-12T22:55:54.583+0000] {dag.py:3954} INFO - Setting next_dagrun for example_time_delta_sensor_async to None, run_after=None
[2026-06-12T22:55:54.657+0000] {processor.py:183} INFO - Processing /home/airflow/.local/lib/python3.12/site-packages/airflow/example_dags/example_time_delta_sensor_async.py took 0.182 seconds
[2026-06-12T22:56:25.114+0000] {processor.py:161} INFO - Started process (PID=5745) to work on /home/airflow/.local/lib/python3.12/site-packages/airflow/example_dags/example_time_delta_sensor_async.py
[2026-06-12T22:56:25.115+0000] {processor.py:830} INFO - Processing file /home/airflow/.local/lib/python3.12/site-packages/airflow/example_dags/example_time_delta_sensor_async.py for tasks to queue
[2026-06-12T22:56:25.117+0000] {logging_mixin.py:188} INFO - [2026-06-12T22:56:25.117+0000] {dagbag.py:545} INFO - Filling up the DagBag from /home/airflow/.local/lib/python3.12/site-packages/airflow/example_dags/example_time_delta_sensor_async.py
[2026-06-12T22:56:25.126+0000] {processor.py:840} INFO - DAG(s) 'example_time_delta_sensor_async' retrieved from /home/airflow/.local/lib/python3.12/site-packages/airflow/example_dags/example_time_delta_sensor_async.py
[2026-06-12T22:56:25.149+0000] {logging_mixin.py:188} INFO - [2026-06-12T22:56:25.149+0000] {dag.py:3096} INFO - Sync 1 DAGs
[2026-06-12T22:56:25.166+0000] {logging_mixin.py:188} INFO - [2026-06-12T22:56:25.166+0000] {dag.py:3954} INFO - Setting next_dagrun for example_time_delta_sensor_async to None, run_after=None
[2026-06-12T22:56:25.188+0000] {processor.py:183} INFO - Processing /home/airflow/.local/lib/python3.12/site-packages/airflow/example_dags/example_time_delta_sensor_async.py took 0.088 seconds
[2026-06-12T22:56:55.670+0000] {processor.py:161} INFO - Started process (PID=5806) to work on /home/airflow/.local/lib/python3.12/site-packages/airflow/example_dags/example_time_delta_sensor_async.py
[2026-06-12T22:56:55.670+0000] {processor.py:830} INFO - Processing file /home/airflow/.local/lib/python3.12/site-packages/airflow/example_dags/example_time_delta_sensor_async.py for tasks to queue
[2026-06-12T22:56:55.672+0000] {logging_mixin.py:188} INFO - [2026-06-12T22:56:55.672+0000] {dagbag.py:545} INFO - Filling up the DagBag from /home/airflow/.local/lib/python3.12/site-packages/airflow/example_dags/example_time_delta_sensor_async.py
[2026-06-12T22:56:55.676+0000] {processor.py:840} INFO - DAG(s) 'example_time_delta_sensor_async' retrieved from /home/airflow/.local/lib/python3.12/site-packages/airflow/example_dags/example_time_delta_sensor_async.py
[2026-06-12T22:56:55.695+0000] {logging_mixin.py:188} INFO - [2026-06-12T22:56:55.695+0000] {dag.py:3096} INFO - Sync 1 DAGs
[2026-06-12T22:56:55.708+0000] {logging_mixin.py:188} INFO - [2026-06-12T22:56:55.708+0000] {dag.py:3954} INFO - Setting next_dagrun for example_time_delta_sensor_async to None, run_after=None
[2026-06-12T22:56:55.742+0000] {processor.py:183} INFO - Processing /home/airflow/.local/lib/python3.12/site-packages/airflow/example_dags/example_time_delta_sensor_async.py took 0.079 seconds
[2026-06-12T22:57:26.039+0000] {processor.py:161} INFO - Started process (PID=5868) to work on /home/airflow/.local/lib/python3.12/site-packages/airflow/example_dags/example_time_delta_sensor_async.py
[2026-06-12T22:57:26.040+0000] {processor.py:830} INFO - Processing file /home/airflow/.local/lib/python3.12/site-packages/airflow/example_dags/example_time_delta_sensor_async.py for tasks to queue
[2026-06-12T22:57:26.042+0000] {logging_mixin.py:188} INFO - [2026-06-12T22:57:26.042+0000] {dagbag.py:545} INFO - Filling up the DagBag from /home/airflow/.local/lib/python3.12/site-packages/airflow/example_dags/example_time_delta_sensor_async.py
[2026-06-12T22:57:26.046+0000] {processor.py:840} INFO - DAG(s) 'example_time_delta_sensor_async' retrieved from /home/airflow/.local/lib/python3.12/site-packages/airflow/example_dags/example_time_delta_sensor_async.py
[2026-06-12T22:57:26.063+0000] {logging_mixin.py:188} INFO - [2026-06-12T22:57:26.063+0000] {dag.py:3096} INFO - Sync 1 DAGs
[2026-06-12T22:57:26.074+0000] {logging_mixin.py:188} INFO - [2026-06-12T22:57:26.074+0000] {dag.py:3954} INFO - Setting next_dagrun for example_time_delta_sensor_async to None, run_after=None
[2026-06-12T22:57:26.091+0000] {processor.py:183} INFO - Processing /home/airflow/.local/lib/python3.12/site-packages/airflow/example_dags/example_time_delta_sensor_async.py took 0.058 seconds
[2026-06-12T22:57:56.287+0000] {processor.py:161} INFO - Started process (PID=5930) to work on /home/airflow/.local/lib/python3.12/site-packages/airflow/example_dags/example_time_delta_sensor_async.py
[2026-06-12T22:57:56.289+0000] {processor.py:830} INFO - Processing file /home/airflow/.local/lib/python3.12/site-packages/airflow/example_dags/example_time_delta_sensor_async.py for tasks to queue
[2026-06-12T22:57:56.291+0000] {logging_mixin.py:188} INFO - [2026-06-12T22:57:56.290+0000] {dagbag.py:545} INFO - Filling up the DagBag from /home/airflow/.local/lib/python3.12/site-packages/airflow/example_dags/example_time_delta_sensor_async.py
[2026-06-12T22:57:56.295+0000] {processor.py:840} INFO - DAG(s) 'example_time_delta_sensor_async' retrieved from /home/airflow/.local/lib/python3.12/site-packages/airflow/example_dags/example_time_delta_sensor_async.py
[2026-06-12T22:57:56.320+0000] {logging_mixin.py:188} INFO - [2026-06-12T22:57:56.319+0000] {dag.py:3096} INFO - Sync 1 DAGs
[2026-06-12T22:57:56.339+0000] {logging_mixin.py:188} INFO - [2026-06-12T22:57:56.338+0000] {dag.py:3954} INFO - Setting next_dagrun for example_time_delta_sensor_async to None, run_after=None
[2026-06-12T22:57:56.372+0000] {processor.py:183} INFO - Processing /home/airflow/.local/lib/python3.12/site-packages/airflow/example_dags/example_time_delta_sensor_async.py took 0.092 seconds
[2026-06-12T22:58:26.604+0000] {processor.py:161} INFO - Started process (PID=5992) to work on /home/airflow/.local/lib/python3.12/site-packages/airflow/example_dags/example_time_delta_sensor_async.py
[2026-06-12T22:58:26.607+0000] {processor.py:830} INFO - Processing file /home/airflow/.local/lib/python3.12/site-packages/airflow/example_dags/example_time_delta_sensor_async.py for tasks to queue
[2026-06-12T22:58:26.611+0000] {logging_mixin.py:188} INFO - [2026-06-12T22:58:26.609+0000] {dagbag.py:545} INFO - Filling up the DagBag from /home/airflow/.local/lib/python3.12/site-packages/airflow/example_dags/example_time_delta_sensor_async.py
[2026-06-12T22:58:26.624+0000] {processor.py:840} INFO - DAG(s) 'example_time_delta_sensor_async' retrieved from /home/airflow/.local/lib/python3.12/site-packages/airflow/example_dags/example_time_delta_sensor_async.py
[2026-06-12T22:58:26.661+0000] {logging_mixin.py:188} INFO - [2026-06-12T22:58:26.661+0000] {dag.py:3096} INFO - Sync 1 DAGs
[2026-06-12T22:58:26.678+0000] {logging_mixin.py:188} INFO - [2026-06-12T22:58:26.678+0000] {dag.py:3954} INFO - Setting next_dagrun for example_time_delta_sensor_async to None, run_after=None
[2026-06-12T22:58:26.700+0000] {processor.py:183} INFO - Processing /home/airflow/.local/lib/python3.12/site-packages/airflow/example_dags/example_time_delta_sensor_async.py took 0.111 seconds
[2026-06-12T22:58:56.841+0000] {processor.py:161} INFO - Started process (PID=6052) to work on /home/airflow/.local/lib/python3.12/site-packages/airflow/example_dags/example_time_delta_sensor_async.py
[2026-06-12T22:58:56.842+0000] {processor.py:830} INFO - Processing file /home/airflow/.local/lib/python3.12/site-packages/airflow/example_dags/example_time_delta_sensor_async.py for tasks to queue
[2026-06-12T22:58:56.844+0000] {logging_mixin.py:188} INFO - [2026-06-12T22:58:56.844+0000] {dagbag.py:545} INFO - Filling up the DagBag from /home/airflow/.local/lib/python3.12/site-packages/airflow/example_dags/example_time_delta_sensor_async.py
[2026-06-12T22:58:56.850+0000] {processor.py:840} INFO - DAG(s) 'example_time_delta_sensor_async' retrieved from /home/airflow/.local/lib/python3.12/site-packages/airflow/example_dags/example_time_delta_sensor_async.py
[2026-06-12T22:58:56.875+0000] {logging_mixin.py:188} INFO - [2026-06-12T22:58:56.874+0000] {dag.py:3096} INFO - Sync 1 DAGs
[2026-06-12T22:58:56.895+0000] {logging_mixin.py:188} INFO - [2026-06-12T22:58:56.895+0000] {dag.py:3954} INFO - Setting next_dagrun for example_time_delta_sensor_async to None, run_after=None
[2026-06-12T22:58:56.919+0000] {processor.py:183} INFO - Processing /home/airflow/.local/lib/python3.12/site-packages/airflow/example_dags/example_time_delta_sensor_async.py took 0.085 seconds
[2026-06-12T22:59:27.099+0000] {processor.py:161} INFO - Started process (PID=6113) to work on /home/airflow/.local/lib/python3.12/site-packages/airflow/example_dags/example_time_delta_sensor_async.py
[2026-06-12T22:59:27.100+0000] {processor.py:830} INFO - Processing file /home/airflow/.local/lib/python3.12/site-packages/airflow/example_dags/example_time_delta_sensor_async.py for tasks to queue
[2026-06-12T22:59:27.102+0000] {logging_mixin.py:188} INFO - [2026-06-12T22:59:27.102+0000] {dagbag.py:545} INFO - Filling up the DagBag from /home/airflow/.local/lib/python3.12/site-packages/airflow/example_dags/example_time_delta_sensor_async.py
[2026-06-12T22:59:27.107+0000] {processor.py:840} INFO - DAG(s) 'example_time_delta_sensor_async' retrieved from /home/airflow/.local/lib/python3.12/site-packages/airflow/example_dags/example_time_delta_sensor_async.py
[2026-06-12T22:59:27.136+0000] {logging_mixin.py:188} INFO - [2026-06-12T22:59:27.136+0000] {dag.py:3096} INFO - Sync 1 DAGs
[2026-06-12T22:59:27.152+0000] {logging_mixin.py:188} INFO - [2026-06-12T22:59:27.152+0000] {dag.py:3954} INFO - Setting next_dagrun for example_time_delta_sensor_async to None, run_after=None
[2026-06-12T22:59:27.189+0000] {processor.py:183} INFO - Processing /home/airflow/.local/lib/python3.12/site-packages/airflow/example_dags/example_time_delta_sensor_async.py took 0.097 seconds
[2026-06-12T22:59:57.762+0000] {processor.py:161} INFO - Started process (PID=6176) to work on /home/airflow/.local/lib/python3.12/site-packages/airflow/example_dags/example_time_delta_sensor_async.py
[2026-06-12T22:59:57.763+0000] {processor.py:830} INFO - Processing file /home/airflow/.local/lib/python3.12/site-packages/airflow/example_dags/example_time_delta_sensor_async.py for tasks to queue
[2026-06-12T22:59:57.765+0000] {logging_mixin.py:188} INFO - [2026-06-12T22:59:57.764+0000] {dagbag.py:545} INFO - Filling up the DagBag from /home/airflow/.local/lib/python3.12/site-packages/airflow/example_dags/example_time_delta_sensor_async.py
[2026-06-12T22:59:57.770+0000] {processor.py:840} INFO - DAG(s) 'example_time_delta_sensor_async' retrieved from /home/airflow/.local/lib/python3.12/site-packages/airflow/example_dags/example_time_delta_sensor_async.py
[2026-06-12T22:59:57.795+0000] {logging_mixin.py:188} INFO - [2026-06-12T22:59:57.795+0000] {dag.py:3096} INFO - Sync 1 DAGs
[2026-06-12T22:59:57.812+0000] {logging_mixin.py:188} INFO - [2026-06-12T22:59:57.811+0000] {dag.py:3954} INFO - Setting next_dagrun for example_time_delta_sensor_async to None, run_after=None
[2026-06-12T22:59:57.841+0000] {processor.py:183} INFO - Processing /home/airflow/.local/lib/python3.12/site-packages/airflow/example_dags/example_time_delta_sensor_async.py took 0.088 seconds
[2026-06-12T23:00:27.917+0000] {processor.py:161} INFO - Started process (PID=6237) to work on /home/airflow/.local/lib/python3.12/site-packages/airflow/example_dags/example_time_delta_sensor_async.py
[2026-06-12T23:00:27.918+0000] {processor.py:830} INFO - Processing file /home/airflow/.local/lib/python3.12/site-packages/airflow/example_dags/example_time_delta_sensor_async.py for tasks to queue
[2026-06-12T23:00:27.920+0000] {logging_mixin.py:188} INFO - [2026-06-12T23:00:27.920+0000] {dagbag.py:545} INFO - Filling up the DagBag from /home/airflow/.local/lib/python3.12/site-packages/airflow/example_dags/example_time_delta_sensor_async.py
[2026-06-12T23:00:27.925+0000] {processor.py:840} INFO - DAG(s) 'example_time_delta_sensor_async' retrieved from /home/airflow/.local/lib/python3.12/site-packages/airflow/example_dags/example_time_delta_sensor_async.py
[2026-06-12T23:00:27.942+0000] {logging_mixin.py:188} INFO - [2026-06-12T23:00:27.941+0000] {dag.py:3096} INFO - Sync 1 DAGs
[2026-06-12T23:00:27.952+0000] {logging_mixin.py:188} INFO - [2026-06-12T23:00:27.952+0000] {dag.py:3954} INFO - Setting next_dagrun for example_time_delta_sensor_async to None, run_after=None
[2026-06-12T23:00:27.968+0000] {processor.py:183} INFO - Processing /home/airflow/.local/lib/python3.12/site-packages/airflow/example_dags/example_time_delta_sensor_async.py took 0.057 seconds
[2026-06-12T23:00:58.073+0000] {processor.py:161} INFO - Started process (PID=6299) to work on /home/airflow/.local/lib/python3.12/site-packages/airflow/example_dags/example_time_delta_sensor_async.py
[2026-06-12T23:00:58.074+0000] {processor.py:830} INFO - Processing file /home/airflow/.local/lib/python3.12/site-packages/airflow/example_dags/example_time_delta_sensor_async.py for tasks to queue
[2026-06-12T23:00:58.076+0000] {logging_mixin.py:188} INFO - [2026-06-12T23:00:58.075+0000] {dagbag.py:545} INFO - Filling up the DagBag from /home/airflow/.local/lib/python3.12/site-packages/airflow/example_dags/example_time_delta_sensor_async.py
[2026-06-12T23:00:58.081+0000] {processor.py:840} INFO - DAG(s) 'example_time_delta_sensor_async' retrieved from /home/airflow/.local/lib/python3.12/site-packages/airflow/example_dags/example_time_delta_sensor_async.py
[2026-06-12T23:00:58.108+0000] {logging_mixin.py:188} INFO - [2026-06-12T23:00:58.108+0000] {dag.py:3096} INFO - Sync 1 DAGs
[2026-06-12T23:00:58.127+0000] {logging_mixin.py:188} INFO - [2026-06-12T23:00:58.126+0000] {dag.py:3954} INFO - Setting next_dagrun for example_time_delta_sensor_async to None, run_after=None
[2026-06-12T23:00:58.143+0000] {processor.py:183} INFO - Processing /home/airflow/.local/lib/python3.12/site-packages/airflow/example_dags/example_time_delta_sensor_async.py took 0.078 seconds
[2026-06-12T23:01:28.535+0000] {processor.py:161} INFO - Started process (PID=6362) to work on /home/airflow/.local/lib/python3.12/site-packages/airflow/example_dags/example_time_delta_sensor_async.py
[2026-06-12T23:01:28.542+0000] {processor.py:830} INFO - Processing file /home/airflow/.local/lib/python3.12/site-packages/airflow/example_dags/example_time_delta_sensor_async.py for tasks to queue
[2026-06-12T23:01:28.549+0000] {logging_mixin.py:188} INFO - [2026-06-12T23:01:28.548+0000] {dagbag.py:545} INFO - Filling up the DagBag from /home/airflow/.local/lib/python3.12/site-packages/airflow/example_dags/example_time_delta_sensor_async.py
[2026-06-12T23:01:28.563+0000] {processor.py:840} INFO - DAG(s) 'example_time_delta_sensor_async' retrieved from /home/airflow/.local/lib/python3.12/site-packages/airflow/example_dags/example_time_delta_sensor_async.py
[2026-06-12T23:01:28.606+0000] {logging_mixin.py:188} INFO - [2026-06-12T23:01:28.606+0000] {dag.py:3096} INFO - Sync 1 DAGs
[2026-06-12T23:01:28.623+0000] {logging_mixin.py:188} INFO - [2026-06-12T23:01:28.623+0000] {dag.py:3954} INFO - Setting next_dagrun for example_time_delta_sensor_async to None, run_after=None
[2026-06-12T23:01:28.641+0000] {processor.py:183} INFO - Processing /home/airflow/.local/lib/python3.12/site-packages/airflow/example_dags/example_time_delta_sensor_async.py took 0.124 seconds
[2026-06-12T23:01:58.954+0000] {processor.py:161} INFO - Started process (PID=6424) to work on /home/airflow/.local/lib/python3.12/site-packages/airflow/example_dags/example_time_delta_sensor_async.py
[2026-06-12T23:01:58.955+0000] {processor.py:830} INFO - Processing file /home/airflow/.local/lib/python3.12/site-packages/airflow/example_dags/example_time_delta_sensor_async.py for tasks to queue
[2026-06-12T23:01:58.958+0000] {logging_mixin.py:188} INFO - [2026-06-12T23:01:58.957+0000] {dagbag.py:545} INFO - Filling up the DagBag from /home/airflow/.local/lib/python3.12/site-packages/airflow/example_dags/example_time_delta_sensor_async.py
[2026-06-12T23:01:58.964+0000] {processor.py:840} INFO - DAG(s) 'example_time_delta_sensor_async' retrieved from /home/airflow/.local/lib/python3.12/site-packages/airflow/example_dags/example_time_delta_sensor_async.py
[2026-06-12T23:01:58.984+0000] {logging_mixin.py:188} INFO - [2026-06-12T23:01:58.984+0000] {dag.py:3096} INFO - Sync 1 DAGs
[2026-06-12T23:01:58.996+0000] {logging_mixin.py:188} INFO - [2026-06-12T23:01:58.996+0000] {dag.py:3954} INFO - Setting next_dagrun for example_time_delta_sensor_async to None, run_after=None
[2026-06-12T23:01:59.020+0000] {processor.py:183} INFO - Processing /home/airflow/.local/lib/python3.12/site-packages/airflow/example_dags/example_time_delta_sensor_async.py took 0.074 seconds
[2026-06-12T23:02:29.655+0000] {processor.py:161} INFO - Started process (PID=6486) to work on /home/airflow/.local/lib/python3.12/site-packages/airflow/example_dags/example_time_delta_sensor_async.py
[2026-06-12T23:02:29.656+0000] {processor.py:830} INFO - Processing file /home/airflow/.local/lib/python3.12/site-packages/airflow/example_dags/example_time_delta_sensor_async.py for tasks to queue
[2026-06-12T23:02:29.657+0000] {logging_mixin.py:188} INFO - [2026-06-12T23:02:29.657+0000] {dagbag.py:545} INFO - Filling up the DagBag from /home/airflow/.local/lib/python3.12/site-packages/airflow/example_dags/example_time_delta_sensor_async.py
[2026-06-12T23:02:29.663+0000] {processor.py:840} INFO - DAG(s) 'example_time_delta_sensor_async' retrieved from /home/airflow/.local/lib/python3.12/site-packages/airflow/example_dags/example_time_delta_sensor_async.py
[2026-06-12T23:02:29.685+0000] {logging_mixin.py:188} INFO - [2026-06-12T23:02:29.685+0000] {dag.py:3096} INFO - Sync 1 DAGs
[2026-06-12T23:02:29.696+0000] {logging_mixin.py:188} INFO - [2026-06-12T23:02:29.696+0000] {dag.py:3954} INFO - Setting next_dagrun for example_time_delta_sensor_async to None, run_after=None
[2026-06-12T23:02:29.713+0000] {processor.py:183} INFO - Processing /home/airflow/.local/lib/python3.12/site-packages/airflow/example_dags/example_time_delta_sensor_async.py took 0.069 seconds
[2026-06-12T23:03:00.014+0000] {processor.py:161} INFO - Started process (PID=6548) to work on /home/airflow/.local/lib/python3.12/site-packages/airflow/example_dags/example_time_delta_sensor_async.py
[2026-06-12T23:03:00.016+0000] {processor.py:830} INFO - Processing file /home/airflow/.local/lib/python3.12/site-packages/airflow/example_dags/example_time_delta_sensor_async.py for tasks to queue
[2026-06-12T23:03:00.018+0000] {logging_mixin.py:188} INFO - [2026-06-12T23:03:00.017+0000] {dagbag.py:545} INFO - Filling up the DagBag from /home/airflow/.local/lib/python3.12/site-packages/airflow/example_dags/example_time_delta_sensor_async.py
[2026-06-12T23:03:00.023+0000] {processor.py:840} INFO - DAG(s) 'example_time_delta_sensor_async' retrieved from /home/airflow/.local/lib/python3.12/site-packages/airflow/example_dags/example_time_delta_sensor_async.py
[2026-06-12T23:03:00.043+0000] {logging_mixin.py:188} INFO - [2026-06-12T23:03:00.042+0000] {dag.py:3096} INFO - Sync 1 DAGs
[2026-06-12T23:03:00.058+0000] {logging_mixin.py:188} INFO - [2026-06-12T23:03:00.057+0000] {dag.py:3954} INFO - Setting next_dagrun for example_time_delta_sensor_async to None, run_after=None
[2026-06-12T23:03:00.077+0000] {processor.py:183} INFO - Processing /home/airflow/.local/lib/python3.12/site-packages/airflow/example_dags/example_time_delta_sensor_async.py took 0.074 seconds
[2026-06-12T23:03:30.931+0000] {processor.py:161} INFO - Started process (PID=6609) to work on /home/airflow/.local/lib/python3.12/site-packages/airflow/example_dags/example_time_delta_sensor_async.py
[2026-06-12T23:03:30.936+0000] {processor.py:830} INFO - Processing file /home/airflow/.local/lib/python3.12/site-packages/airflow/example_dags/example_time_delta_sensor_async.py for tasks to queue
[2026-06-12T23:03:30.940+0000] {logging_mixin.py:188} INFO - [2026-06-12T23:03:30.940+0000] {dagbag.py:545} INFO - Filling up the DagBag from /home/airflow/.local/lib/python3.12/site-packages/airflow/example_dags/example_time_delta_sensor_async.py
[2026-06-12T23:03:30.987+0000] {processor.py:840} INFO - DAG(s) 'example_time_delta_sensor_async' retrieved from /home/airflow/.local/lib/python3.12/site-packages/airflow/example_dags/example_time_delta_sensor_async.py
[2026-06-12T23:03:31.148+0000] {logging_mixin.py:188} INFO - [2026-06-12T23:03:31.148+0000] {dag.py:3096} INFO - Sync 1 DAGs
[2026-06-12T23:03:31.230+0000] {logging_mixin.py:188} INFO - [2026-06-12T23:03:31.230+0000] {dag.py:3954} INFO - Setting next_dagrun for example_time_delta_sensor_async to None, run_after=None
[2026-06-12T23:03:31.325+0000] {processor.py:183} INFO - Processing /home/airflow/.local/lib/python3.12/site-packages/airflow/example_dags/example_time_delta_sensor_async.py took 0.413 seconds
