[2026-06-12T13:21:17.714+0000] {processor.py:161} INFO - Started process (PID=89) to work on /home/airflow/.local/lib/python3.12/site-packages/airflow/example_dags/example_sla_dag.py
[2026-06-12T13:21:17.717+0000] {processor.py:830} INFO - Processing file /home/airflow/.local/lib/python3.12/site-packages/airflow/example_dags/example_sla_dag.py for tasks to queue
[2026-06-12T13:21:17.721+0000] {logging_mixin.py:188} INFO - [2026-06-12T13:21:17.721+0000] {dagbag.py:545} INFO - Filling up the DagBag from /home/airflow/.local/lib/python3.12/site-packages/airflow/example_dags/example_sla_dag.py
[2026-06-12T13:21:17.787+0000] {processor.py:840} INFO - DAG(s) 'example_sla_dag' retrieved from /home/airflow/.local/lib/python3.12/site-packages/airflow/example_dags/example_sla_dag.py
[2026-06-12T13:21:18.283+0000] {logging_mixin.py:188} INFO - [2026-06-12T13:21:18.282+0000] {dag.py:3096} INFO - Sync 1 DAGs
[2026-06-12T13:21:18.497+0000] {logging_mixin.py:188} INFO - [2026-06-12T13:21:18.497+0000] {dag.py:3954} INFO - Setting next_dagrun for example_sla_dag to 2026-06-12 13:18:00+00:00, run_after=2026-06-12 13:20:00+00:00
[2026-06-12T13:21:18.546+0000] {processor.py:183} INFO - Processing /home/airflow/.local/lib/python3.12/site-packages/airflow/example_dags/example_sla_dag.py took 0.858 seconds
[2026-06-12T13:21:48.631+0000] {processor.py:161} INFO - Started process (PID=151) to work on /home/airflow/.local/lib/python3.12/site-packages/airflow/example_dags/example_sla_dag.py
[2026-06-12T13:21:48.633+0000] {processor.py:830} INFO - Processing file /home/airflow/.local/lib/python3.12/site-packages/airflow/example_dags/example_sla_dag.py for tasks to queue
[2026-06-12T13:21:48.638+0000] {logging_mixin.py:188} INFO - [2026-06-12T13:21:48.637+0000] {dagbag.py:545} INFO - Filling up the DagBag from /home/airflow/.local/lib/python3.12/site-packages/airflow/example_dags/example_sla_dag.py
[2026-06-12T13:21:48.661+0000] {processor.py:840} INFO - DAG(s) 'example_sla_dag' retrieved from /home/airflow/.local/lib/python3.12/site-packages/airflow/example_dags/example_sla_dag.py
[2026-06-12T13:21:48.705+0000] {logging_mixin.py:188} INFO - [2026-06-12T13:21:48.705+0000] {dag.py:3096} INFO - Sync 1 DAGs
[2026-06-12T13:21:48.762+0000] {logging_mixin.py:188} INFO - [2026-06-12T13:21:48.761+0000] {dag.py:3954} INFO - Setting next_dagrun for example_sla_dag to 2026-06-12 13:18:00+00:00, run_after=2026-06-12 13:20:00+00:00
[2026-06-12T13:21:48.800+0000] {processor.py:183} INFO - Processing /home/airflow/.local/lib/python3.12/site-packages/airflow/example_dags/example_sla_dag.py took 0.184 seconds
[2026-06-12T13:22:19.161+0000] {processor.py:161} INFO - Started process (PID=213) to work on /home/airflow/.local/lib/python3.12/site-packages/airflow/example_dags/example_sla_dag.py
[2026-06-12T13:22:19.161+0000] {processor.py:830} INFO - Processing file /home/airflow/.local/lib/python3.12/site-packages/airflow/example_dags/example_sla_dag.py for tasks to queue
[2026-06-12T13:22:19.163+0000] {logging_mixin.py:188} INFO - [2026-06-12T13:22:19.163+0000] {dagbag.py:545} INFO - Filling up the DagBag from /home/airflow/.local/lib/python3.12/site-packages/airflow/example_dags/example_sla_dag.py
[2026-06-12T13:22:19.173+0000] {processor.py:840} INFO - DAG(s) 'example_sla_dag' retrieved from /home/airflow/.local/lib/python3.12/site-packages/airflow/example_dags/example_sla_dag.py
[2026-06-12T13:22:19.191+0000] {logging_mixin.py:188} INFO - [2026-06-12T13:22:19.191+0000] {dag.py:3096} INFO - Sync 1 DAGs
[2026-06-12T13:22:19.217+0000] {logging_mixin.py:188} INFO - [2026-06-12T13:22:19.217+0000] {dag.py:3954} INFO - Setting next_dagrun for example_sla_dag to 2026-06-12 13:20:00+00:00, run_after=2026-06-12 13:22:00+00:00
[2026-06-12T13:22:19.233+0000] {processor.py:183} INFO - Processing /home/airflow/.local/lib/python3.12/site-packages/airflow/example_dags/example_sla_dag.py took 0.079 seconds
[2026-06-12T13:22:49.985+0000] {processor.py:161} INFO - Started process (PID=275) to work on /home/airflow/.local/lib/python3.12/site-packages/airflow/example_dags/example_sla_dag.py
[2026-06-12T13:22:49.986+0000] {processor.py:830} INFO - Processing file /home/airflow/.local/lib/python3.12/site-packages/airflow/example_dags/example_sla_dag.py for tasks to queue
[2026-06-12T13:22:49.988+0000] {logging_mixin.py:188} INFO - [2026-06-12T13:22:49.988+0000] {dagbag.py:545} INFO - Filling up the DagBag from /home/airflow/.local/lib/python3.12/site-packages/airflow/example_dags/example_sla_dag.py
[2026-06-12T13:22:49.997+0000] {processor.py:840} INFO - DAG(s) 'example_sla_dag' retrieved from /home/airflow/.local/lib/python3.12/site-packages/airflow/example_dags/example_sla_dag.py
[2026-06-12T13:22:50.013+0000] {logging_mixin.py:188} INFO - [2026-06-12T13:22:50.013+0000] {dag.py:3096} INFO - Sync 1 DAGs
[2026-06-12T13:22:50.033+0000] {logging_mixin.py:188} INFO - [2026-06-12T13:22:50.033+0000] {dag.py:3954} INFO - Setting next_dagrun for example_sla_dag to 2026-06-12 13:20:00+00:00, run_after=2026-06-12 13:22:00+00:00
[2026-06-12T13:22:50.047+0000] {processor.py:183} INFO - Processing /home/airflow/.local/lib/python3.12/site-packages/airflow/example_dags/example_sla_dag.py took 0.070 seconds
[2026-06-12T13:23:20.353+0000] {processor.py:161} INFO - Started process (PID=337) to work on /home/airflow/.local/lib/python3.12/site-packages/airflow/example_dags/example_sla_dag.py
[2026-06-12T13:23:20.354+0000] {processor.py:830} INFO - Processing file /home/airflow/.local/lib/python3.12/site-packages/airflow/example_dags/example_sla_dag.py for tasks to queue
[2026-06-12T13:23:20.359+0000] {logging_mixin.py:188} INFO - [2026-06-12T13:23:20.358+0000] {dagbag.py:545} INFO - Filling up the DagBag from /home/airflow/.local/lib/python3.12/site-packages/airflow/example_dags/example_sla_dag.py
[2026-06-12T13:23:20.368+0000] {processor.py:840} INFO - DAG(s) 'example_sla_dag' retrieved from /home/airflow/.local/lib/python3.12/site-packages/airflow/example_dags/example_sla_dag.py
[2026-06-12T13:23:20.384+0000] {logging_mixin.py:188} INFO - [2026-06-12T13:23:20.384+0000] {dag.py:3096} INFO - Sync 1 DAGs
[2026-06-12T13:23:20.405+0000] {logging_mixin.py:188} INFO - [2026-06-12T13:23:20.404+0000] {dag.py:3954} INFO - Setting next_dagrun for example_sla_dag to 2026-06-12 13:20:00+00:00, run_after=2026-06-12 13:22:00+00:00
[2026-06-12T13:23:20.419+0000] {processor.py:183} INFO - Processing /home/airflow/.local/lib/python3.12/site-packages/airflow/example_dags/example_sla_dag.py took 0.075 seconds
[2026-06-12T13:23:50.689+0000] {processor.py:161} INFO - Started process (PID=399) to work on /home/airflow/.local/lib/python3.12/site-packages/airflow/example_dags/example_sla_dag.py
[2026-06-12T13:23:50.690+0000] {processor.py:830} INFO - Processing file /home/airflow/.local/lib/python3.12/site-packages/airflow/example_dags/example_sla_dag.py for tasks to queue
[2026-06-12T13:23:50.692+0000] {logging_mixin.py:188} INFO - [2026-06-12T13:23:50.691+0000] {dagbag.py:545} INFO - Filling up the DagBag from /home/airflow/.local/lib/python3.12/site-packages/airflow/example_dags/example_sla_dag.py
[2026-06-12T13:23:50.701+0000] {processor.py:840} INFO - DAG(s) 'example_sla_dag' retrieved from /home/airflow/.local/lib/python3.12/site-packages/airflow/example_dags/example_sla_dag.py
[2026-06-12T13:23:50.722+0000] {logging_mixin.py:188} INFO - [2026-06-12T13:23:50.722+0000] {dag.py:3096} INFO - Sync 1 DAGs
[2026-06-12T13:23:50.753+0000] {logging_mixin.py:188} INFO - [2026-06-12T13:23:50.752+0000] {dag.py:3954} INFO - Setting next_dagrun for example_sla_dag to 2026-06-12 13:20:00+00:00, run_after=2026-06-12 13:22:00+00:00
[2026-06-12T13:23:50.773+0000] {processor.py:183} INFO - Processing /home/airflow/.local/lib/python3.12/site-packages/airflow/example_dags/example_sla_dag.py took 0.091 seconds
[2026-06-12T13:24:21.413+0000] {processor.py:161} INFO - Started process (PID=461) to work on /home/airflow/.local/lib/python3.12/site-packages/airflow/example_dags/example_sla_dag.py
[2026-06-12T13:24:21.415+0000] {processor.py:830} INFO - Processing file /home/airflow/.local/lib/python3.12/site-packages/airflow/example_dags/example_sla_dag.py for tasks to queue
[2026-06-12T13:24:21.417+0000] {logging_mixin.py:188} INFO - [2026-06-12T13:24:21.417+0000] {dagbag.py:545} INFO - Filling up the DagBag from /home/airflow/.local/lib/python3.12/site-packages/airflow/example_dags/example_sla_dag.py
[2026-06-12T13:24:21.427+0000] {processor.py:840} INFO - DAG(s) 'example_sla_dag' retrieved from /home/airflow/.local/lib/python3.12/site-packages/airflow/example_dags/example_sla_dag.py
[2026-06-12T13:24:21.448+0000] {logging_mixin.py:188} INFO - [2026-06-12T13:24:21.448+0000] {dag.py:3096} INFO - Sync 1 DAGs
[2026-06-12T13:24:21.480+0000] {logging_mixin.py:188} INFO - [2026-06-12T13:24:21.479+0000] {dag.py:3954} INFO - Setting next_dagrun for example_sla_dag to 2026-06-12 13:22:00+00:00, run_after=2026-06-12 13:24:00+00:00
[2026-06-12T13:24:21.500+0000] {processor.py:183} INFO - Processing /home/airflow/.local/lib/python3.12/site-packages/airflow/example_dags/example_sla_dag.py took 0.094 seconds
[2026-06-12T13:24:51.819+0000] {processor.py:161} INFO - Started process (PID=522) to work on /home/airflow/.local/lib/python3.12/site-packages/airflow/example_dags/example_sla_dag.py
[2026-06-12T13:24:51.819+0000] {processor.py:830} INFO - Processing file /home/airflow/.local/lib/python3.12/site-packages/airflow/example_dags/example_sla_dag.py for tasks to queue
[2026-06-12T13:24:51.821+0000] {logging_mixin.py:188} INFO - [2026-06-12T13:24:51.820+0000] {dagbag.py:545} INFO - Filling up the DagBag from /home/airflow/.local/lib/python3.12/site-packages/airflow/example_dags/example_sla_dag.py
[2026-06-12T13:24:51.827+0000] {processor.py:840} INFO - DAG(s) 'example_sla_dag' retrieved from /home/airflow/.local/lib/python3.12/site-packages/airflow/example_dags/example_sla_dag.py
[2026-06-12T13:24:51.843+0000] {logging_mixin.py:188} INFO - [2026-06-12T13:24:51.843+0000] {dag.py:3096} INFO - Sync 1 DAGs
[2026-06-12T13:24:51.863+0000] {logging_mixin.py:188} INFO - [2026-06-12T13:24:51.863+0000] {dag.py:3954} INFO - Setting next_dagrun for example_sla_dag to 2026-06-12 13:22:00+00:00, run_after=2026-06-12 13:24:00+00:00
[2026-06-12T13:24:51.878+0000] {processor.py:183} INFO - Processing /home/airflow/.local/lib/python3.12/site-packages/airflow/example_dags/example_sla_dag.py took 0.065 seconds
[2026-06-12T13:25:23.395+0000] {processor.py:161} INFO - Started process (PID=590) to work on /home/airflow/.local/lib/python3.12/site-packages/airflow/example_dags/example_sla_dag.py
[2026-06-12T13:25:23.396+0000] {processor.py:830} INFO - Processing file /home/airflow/.local/lib/python3.12/site-packages/airflow/example_dags/example_sla_dag.py for tasks to queue
[2026-06-12T13:25:23.400+0000] {logging_mixin.py:188} INFO - [2026-06-12T13:25:23.398+0000] {dagbag.py:545} INFO - Filling up the DagBag from /home/airflow/.local/lib/python3.12/site-packages/airflow/example_dags/example_sla_dag.py
[2026-06-12T13:25:23.412+0000] {processor.py:840} INFO - DAG(s) 'example_sla_dag' retrieved from /home/airflow/.local/lib/python3.12/site-packages/airflow/example_dags/example_sla_dag.py
[2026-06-12T13:25:23.437+0000] {logging_mixin.py:188} INFO - [2026-06-12T13:25:23.437+0000] {dag.py:3096} INFO - Sync 1 DAGs
[2026-06-12T13:25:23.478+0000] {logging_mixin.py:188} INFO - [2026-06-12T13:25:23.478+0000] {dag.py:3954} INFO - Setting next_dagrun for example_sla_dag to 2026-06-12 13:22:00+00:00, run_after=2026-06-12 13:24:00+00:00
[2026-06-12T13:25:23.493+0000] {processor.py:183} INFO - Processing /home/airflow/.local/lib/python3.12/site-packages/airflow/example_dags/example_sla_dag.py took 0.108 seconds
[2026-06-12T13:25:56.389+0000] {processor.py:161} INFO - Started process (PID=651) to work on /home/airflow/.local/lib/python3.12/site-packages/airflow/example_dags/example_sla_dag.py
[2026-06-12T13:25:56.390+0000] {processor.py:830} INFO - Processing file /home/airflow/.local/lib/python3.12/site-packages/airflow/example_dags/example_sla_dag.py for tasks to queue
[2026-06-12T13:25:56.392+0000] {logging_mixin.py:188} INFO - [2026-06-12T13:25:56.391+0000] {dagbag.py:545} INFO - Filling up the DagBag from /home/airflow/.local/lib/python3.12/site-packages/airflow/example_dags/example_sla_dag.py
[2026-06-12T13:25:56.401+0000] {processor.py:840} INFO - DAG(s) 'example_sla_dag' retrieved from /home/airflow/.local/lib/python3.12/site-packages/airflow/example_dags/example_sla_dag.py
[2026-06-12T13:25:56.423+0000] {logging_mixin.py:188} INFO - [2026-06-12T13:25:56.423+0000] {dag.py:3096} INFO - Sync 1 DAGs
[2026-06-12T13:25:56.454+0000] {logging_mixin.py:188} INFO - [2026-06-12T13:25:56.453+0000] {dag.py:3954} INFO - Setting next_dagrun for example_sla_dag to 2026-06-12 13:22:00+00:00, run_after=2026-06-12 13:24:00+00:00
[2026-06-12T13:25:56.473+0000] {processor.py:183} INFO - Processing /home/airflow/.local/lib/python3.12/site-packages/airflow/example_dags/example_sla_dag.py took 0.091 seconds
[2026-06-12T13:26:29.573+0000] {processor.py:161} INFO - Started process (PID=713) to work on /home/airflow/.local/lib/python3.12/site-packages/airflow/example_dags/example_sla_dag.py
[2026-06-12T13:26:29.579+0000] {processor.py:830} INFO - Processing file /home/airflow/.local/lib/python3.12/site-packages/airflow/example_dags/example_sla_dag.py for tasks to queue
[2026-06-12T13:26:29.595+0000] {logging_mixin.py:188} INFO - [2026-06-12T13:26:29.589+0000] {dagbag.py:545} INFO - Filling up the DagBag from /home/airflow/.local/lib/python3.12/site-packages/airflow/example_dags/example_sla_dag.py
[2026-06-12T13:26:29.654+0000] {processor.py:840} INFO - DAG(s) 'example_sla_dag' retrieved from /home/airflow/.local/lib/python3.12/site-packages/airflow/example_dags/example_sla_dag.py
[2026-06-12T13:26:29.753+0000] {logging_mixin.py:188} INFO - [2026-06-12T13:26:29.752+0000] {dag.py:3096} INFO - Sync 1 DAGs
[2026-06-12T13:26:29.879+0000] {logging_mixin.py:188} INFO - [2026-06-12T13:26:29.879+0000] {dag.py:3954} INFO - Setting next_dagrun for example_sla_dag to 2026-06-12 13:24:00+00:00, run_after=2026-06-12 13:26:00+00:00
[2026-06-12T13:26:29.985+0000] {processor.py:183} INFO - Processing /home/airflow/.local/lib/python3.12/site-packages/airflow/example_dags/example_sla_dag.py took 0.446 seconds
[2026-06-12T13:27:00.213+0000] {processor.py:161} INFO - Started process (PID=774) to work on /home/airflow/.local/lib/python3.12/site-packages/airflow/example_dags/example_sla_dag.py
[2026-06-12T13:27:00.214+0000] {processor.py:830} INFO - Processing file /home/airflow/.local/lib/python3.12/site-packages/airflow/example_dags/example_sla_dag.py for tasks to queue
[2026-06-12T13:27:00.216+0000] {logging_mixin.py:188} INFO - [2026-06-12T13:27:00.216+0000] {dagbag.py:545} INFO - Filling up the DagBag from /home/airflow/.local/lib/python3.12/site-packages/airflow/example_dags/example_sla_dag.py
[2026-06-12T13:27:00.226+0000] {processor.py:840} INFO - DAG(s) 'example_sla_dag' retrieved from /home/airflow/.local/lib/python3.12/site-packages/airflow/example_dags/example_sla_dag.py
[2026-06-12T13:27:00.249+0000] {logging_mixin.py:188} INFO - [2026-06-12T13:27:00.249+0000] {dag.py:3096} INFO - Sync 1 DAGs
[2026-06-12T13:27:00.278+0000] {logging_mixin.py:188} INFO - [2026-06-12T13:27:00.278+0000] {dag.py:3954} INFO - Setting next_dagrun for example_sla_dag to 2026-06-12 13:24:00+00:00, run_after=2026-06-12 13:26:00+00:00
[2026-06-12T13:27:00.294+0000] {processor.py:183} INFO - Processing /home/airflow/.local/lib/python3.12/site-packages/airflow/example_dags/example_sla_dag.py took 0.090 seconds
[2026-06-12T13:27:31.743+0000] {processor.py:161} INFO - Started process (PID=836) to work on /home/airflow/.local/lib/python3.12/site-packages/airflow/example_dags/example_sla_dag.py
[2026-06-12T13:27:31.744+0000] {processor.py:830} INFO - Processing file /home/airflow/.local/lib/python3.12/site-packages/airflow/example_dags/example_sla_dag.py for tasks to queue
[2026-06-12T13:27:31.746+0000] {logging_mixin.py:188} INFO - [2026-06-12T13:27:31.746+0000] {dagbag.py:545} INFO - Filling up the DagBag from /home/airflow/.local/lib/python3.12/site-packages/airflow/example_dags/example_sla_dag.py
[2026-06-12T13:27:31.757+0000] {processor.py:840} INFO - DAG(s) 'example_sla_dag' retrieved from /home/airflow/.local/lib/python3.12/site-packages/airflow/example_dags/example_sla_dag.py
[2026-06-12T13:27:31.779+0000] {logging_mixin.py:188} INFO - [2026-06-12T13:27:31.779+0000] {dag.py:3096} INFO - Sync 1 DAGs
[2026-06-12T13:27:31.811+0000] {logging_mixin.py:188} INFO - [2026-06-12T13:27:31.811+0000] {dag.py:3954} INFO - Setting next_dagrun for example_sla_dag to 2026-06-12 13:24:00+00:00, run_after=2026-06-12 13:26:00+00:00
[2026-06-12T13:27:31.835+0000] {processor.py:183} INFO - Processing /home/airflow/.local/lib/python3.12/site-packages/airflow/example_dags/example_sla_dag.py took 0.098 seconds
[2026-06-12T13:28:02.977+0000] {processor.py:161} INFO - Started process (PID=898) to work on /home/airflow/.local/lib/python3.12/site-packages/airflow/example_dags/example_sla_dag.py
[2026-06-12T13:28:02.978+0000] {processor.py:830} INFO - Processing file /home/airflow/.local/lib/python3.12/site-packages/airflow/example_dags/example_sla_dag.py for tasks to queue
[2026-06-12T13:28:02.979+0000] {logging_mixin.py:188} INFO - [2026-06-12T13:28:02.979+0000] {dagbag.py:545} INFO - Filling up the DagBag from /home/airflow/.local/lib/python3.12/site-packages/airflow/example_dags/example_sla_dag.py
[2026-06-12T13:28:02.986+0000] {processor.py:840} INFO - DAG(s) 'example_sla_dag' retrieved from /home/airflow/.local/lib/python3.12/site-packages/airflow/example_dags/example_sla_dag.py
[2026-06-12T13:28:03.017+0000] {logging_mixin.py:188} INFO - [2026-06-12T13:28:03.017+0000] {dag.py:3096} INFO - Sync 1 DAGs
[2026-06-12T13:28:03.055+0000] {logging_mixin.py:188} INFO - [2026-06-12T13:28:03.054+0000] {dag.py:3954} INFO - Setting next_dagrun for example_sla_dag to 2026-06-12 13:26:00+00:00, run_after=2026-06-12 13:28:00+00:00
[2026-06-12T13:28:03.089+0000] {processor.py:183} INFO - Processing /home/airflow/.local/lib/python3.12/site-packages/airflow/example_dags/example_sla_dag.py took 0.117 seconds
[2026-06-12T13:28:33.934+0000] {processor.py:161} INFO - Started process (PID=960) to work on /home/airflow/.local/lib/python3.12/site-packages/airflow/example_dags/example_sla_dag.py
[2026-06-12T13:28:33.935+0000] {processor.py:830} INFO - Processing file /home/airflow/.local/lib/python3.12/site-packages/airflow/example_dags/example_sla_dag.py for tasks to queue
[2026-06-12T13:28:33.937+0000] {logging_mixin.py:188} INFO - [2026-06-12T13:28:33.936+0000] {dagbag.py:545} INFO - Filling up the DagBag from /home/airflow/.local/lib/python3.12/site-packages/airflow/example_dags/example_sla_dag.py
[2026-06-12T13:28:33.950+0000] {processor.py:840} INFO - DAG(s) 'example_sla_dag' retrieved from /home/airflow/.local/lib/python3.12/site-packages/airflow/example_dags/example_sla_dag.py
[2026-06-12T13:28:34.002+0000] {logging_mixin.py:188} INFO - [2026-06-12T13:28:34.002+0000] {dag.py:3096} INFO - Sync 1 DAGs
[2026-06-12T13:28:34.115+0000] {logging_mixin.py:188} INFO - [2026-06-12T13:28:34.114+0000] {dag.py:3954} INFO - Setting next_dagrun for example_sla_dag to 2026-06-12 13:26:00+00:00, run_after=2026-06-12 13:28:00+00:00
[2026-06-12T13:28:34.160+0000] {processor.py:183} INFO - Processing /home/airflow/.local/lib/python3.12/site-packages/airflow/example_dags/example_sla_dag.py took 0.234 seconds
[2026-06-12T13:29:05.764+0000] {processor.py:161} INFO - Started process (PID=1022) to work on /home/airflow/.local/lib/python3.12/site-packages/airflow/example_dags/example_sla_dag.py
[2026-06-12T13:29:05.765+0000] {processor.py:830} INFO - Processing file /home/airflow/.local/lib/python3.12/site-packages/airflow/example_dags/example_sla_dag.py for tasks to queue
[2026-06-12T13:29:05.767+0000] {logging_mixin.py:188} INFO - [2026-06-12T13:29:05.767+0000] {dagbag.py:545} INFO - Filling up the DagBag from /home/airflow/.local/lib/python3.12/site-packages/airflow/example_dags/example_sla_dag.py
[2026-06-12T13:29:05.777+0000] {processor.py:840} INFO - DAG(s) 'example_sla_dag' retrieved from /home/airflow/.local/lib/python3.12/site-packages/airflow/example_dags/example_sla_dag.py
[2026-06-12T13:29:05.799+0000] {logging_mixin.py:188} INFO - [2026-06-12T13:29:05.799+0000] {dag.py:3096} INFO - Sync 1 DAGs
[2026-06-12T13:29:05.830+0000] {logging_mixin.py:188} INFO - [2026-06-12T13:29:05.829+0000] {dag.py:3954} INFO - Setting next_dagrun for example_sla_dag to 2026-06-12 13:26:00+00:00, run_after=2026-06-12 13:28:00+00:00
[2026-06-12T13:29:05.849+0000] {processor.py:183} INFO - Processing /home/airflow/.local/lib/python3.12/site-packages/airflow/example_dags/example_sla_dag.py took 0.092 seconds
[2026-06-12T13:29:36.714+0000] {processor.py:161} INFO - Started process (PID=1084) to work on /home/airflow/.local/lib/python3.12/site-packages/airflow/example_dags/example_sla_dag.py
[2026-06-12T13:29:36.715+0000] {processor.py:830} INFO - Processing file /home/airflow/.local/lib/python3.12/site-packages/airflow/example_dags/example_sla_dag.py for tasks to queue
[2026-06-12T13:29:36.717+0000] {logging_mixin.py:188} INFO - [2026-06-12T13:29:36.717+0000] {dagbag.py:545} INFO - Filling up the DagBag from /home/airflow/.local/lib/python3.12/site-packages/airflow/example_dags/example_sla_dag.py
[2026-06-12T13:29:36.727+0000] {processor.py:840} INFO - DAG(s) 'example_sla_dag' retrieved from /home/airflow/.local/lib/python3.12/site-packages/airflow/example_dags/example_sla_dag.py
[2026-06-12T13:29:36.750+0000] {logging_mixin.py:188} INFO - [2026-06-12T13:29:36.749+0000] {dag.py:3096} INFO - Sync 1 DAGs
[2026-06-12T13:29:36.780+0000] {logging_mixin.py:188} INFO - [2026-06-12T13:29:36.780+0000] {dag.py:3954} INFO - Setting next_dagrun for example_sla_dag to 2026-06-12 13:26:00+00:00, run_after=2026-06-12 13:28:00+00:00
[2026-06-12T13:29:36.800+0000] {processor.py:183} INFO - Processing /home/airflow/.local/lib/python3.12/site-packages/airflow/example_dags/example_sla_dag.py took 0.093 seconds
[2026-06-12T13:30:07.592+0000] {processor.py:161} INFO - Started process (PID=1146) to work on /home/airflow/.local/lib/python3.12/site-packages/airflow/example_dags/example_sla_dag.py
[2026-06-12T13:30:07.593+0000] {processor.py:830} INFO - Processing file /home/airflow/.local/lib/python3.12/site-packages/airflow/example_dags/example_sla_dag.py for tasks to queue
[2026-06-12T13:30:07.595+0000] {logging_mixin.py:188} INFO - [2026-06-12T13:30:07.595+0000] {dagbag.py:545} INFO - Filling up the DagBag from /home/airflow/.local/lib/python3.12/site-packages/airflow/example_dags/example_sla_dag.py
[2026-06-12T13:30:07.605+0000] {processor.py:840} INFO - DAG(s) 'example_sla_dag' retrieved from /home/airflow/.local/lib/python3.12/site-packages/airflow/example_dags/example_sla_dag.py
[2026-06-12T13:30:07.629+0000] {logging_mixin.py:188} INFO - [2026-06-12T13:30:07.629+0000] {dag.py:3096} INFO - Sync 1 DAGs
[2026-06-12T13:30:07.658+0000] {logging_mixin.py:188} INFO - [2026-06-12T13:30:07.658+0000] {dag.py:3954} INFO - Setting next_dagrun for example_sla_dag to 2026-06-12 13:28:00+00:00, run_after=2026-06-12 13:30:00+00:00
[2026-06-12T13:30:07.678+0000] {processor.py:183} INFO - Processing /home/airflow/.local/lib/python3.12/site-packages/airflow/example_dags/example_sla_dag.py took 0.094 seconds
[2026-06-12T13:30:38.292+0000] {processor.py:161} INFO - Started process (PID=1207) to work on /home/airflow/.local/lib/python3.12/site-packages/airflow/example_dags/example_sla_dag.py
[2026-06-12T13:30:38.293+0000] {processor.py:830} INFO - Processing file /home/airflow/.local/lib/python3.12/site-packages/airflow/example_dags/example_sla_dag.py for tasks to queue
[2026-06-12T13:30:38.295+0000] {logging_mixin.py:188} INFO - [2026-06-12T13:30:38.295+0000] {dagbag.py:545} INFO - Filling up the DagBag from /home/airflow/.local/lib/python3.12/site-packages/airflow/example_dags/example_sla_dag.py
[2026-06-12T13:30:38.306+0000] {processor.py:840} INFO - DAG(s) 'example_sla_dag' retrieved from /home/airflow/.local/lib/python3.12/site-packages/airflow/example_dags/example_sla_dag.py
[2026-06-12T13:30:38.329+0000] {logging_mixin.py:188} INFO - [2026-06-12T13:30:38.329+0000] {dag.py:3096} INFO - Sync 1 DAGs
[2026-06-12T13:30:38.361+0000] {logging_mixin.py:188} INFO - [2026-06-12T13:30:38.361+0000] {dag.py:3954} INFO - Setting next_dagrun for example_sla_dag to 2026-06-12 13:28:00+00:00, run_after=2026-06-12 13:30:00+00:00
[2026-06-12T13:30:38.381+0000] {processor.py:183} INFO - Processing /home/airflow/.local/lib/python3.12/site-packages/airflow/example_dags/example_sla_dag.py took 0.096 seconds
[2026-06-12T13:31:09.068+0000] {processor.py:161} INFO - Started process (PID=1268) to work on /home/airflow/.local/lib/python3.12/site-packages/airflow/example_dags/example_sla_dag.py
[2026-06-12T13:31:09.070+0000] {processor.py:830} INFO - Processing file /home/airflow/.local/lib/python3.12/site-packages/airflow/example_dags/example_sla_dag.py for tasks to queue
[2026-06-12T13:31:09.074+0000] {logging_mixin.py:188} INFO - [2026-06-12T13:31:09.074+0000] {dagbag.py:545} INFO - Filling up the DagBag from /home/airflow/.local/lib/python3.12/site-packages/airflow/example_dags/example_sla_dag.py
[2026-06-12T13:31:09.095+0000] {processor.py:840} INFO - DAG(s) 'example_sla_dag' retrieved from /home/airflow/.local/lib/python3.12/site-packages/airflow/example_dags/example_sla_dag.py
[2026-06-12T13:31:09.176+0000] {logging_mixin.py:188} INFO - [2026-06-12T13:31:09.176+0000] {dag.py:3096} INFO - Sync 1 DAGs
[2026-06-12T13:31:09.280+0000] {logging_mixin.py:188} INFO - [2026-06-12T13:31:09.280+0000] {dag.py:3954} INFO - Setting next_dagrun for example_sla_dag to 2026-06-12 13:28:00+00:00, run_after=2026-06-12 13:30:00+00:00
[2026-06-12T13:31:09.341+0000] {processor.py:183} INFO - Processing /home/airflow/.local/lib/python3.12/site-packages/airflow/example_dags/example_sla_dag.py took 0.286 seconds
[2026-06-12T13:31:39.578+0000] {processor.py:161} INFO - Started process (PID=1328) to work on /home/airflow/.local/lib/python3.12/site-packages/airflow/example_dags/example_sla_dag.py
[2026-06-12T13:31:39.579+0000] {processor.py:830} INFO - Processing file /home/airflow/.local/lib/python3.12/site-packages/airflow/example_dags/example_sla_dag.py for tasks to queue
[2026-06-12T13:31:39.581+0000] {logging_mixin.py:188} INFO - [2026-06-12T13:31:39.581+0000] {dagbag.py:545} INFO - Filling up the DagBag from /home/airflow/.local/lib/python3.12/site-packages/airflow/example_dags/example_sla_dag.py
[2026-06-12T13:31:39.590+0000] {processor.py:840} INFO - DAG(s) 'example_sla_dag' retrieved from /home/airflow/.local/lib/python3.12/site-packages/airflow/example_dags/example_sla_dag.py
[2026-06-12T13:31:39.606+0000] {logging_mixin.py:188} INFO - [2026-06-12T13:31:39.605+0000] {dag.py:3096} INFO - Sync 1 DAGs
[2026-06-12T13:31:39.626+0000] {logging_mixin.py:188} INFO - [2026-06-12T13:31:39.626+0000] {dag.py:3954} INFO - Setting next_dagrun for example_sla_dag to 2026-06-12 13:28:00+00:00, run_after=2026-06-12 13:30:00+00:00
[2026-06-12T13:31:39.640+0000] {processor.py:183} INFO - Processing /home/airflow/.local/lib/python3.12/site-packages/airflow/example_dags/example_sla_dag.py took 0.069 seconds
[2026-06-12T13:32:09.955+0000] {processor.py:161} INFO - Started process (PID=1390) to work on /home/airflow/.local/lib/python3.12/site-packages/airflow/example_dags/example_sla_dag.py
[2026-06-12T13:32:09.956+0000] {processor.py:830} INFO - Processing file /home/airflow/.local/lib/python3.12/site-packages/airflow/example_dags/example_sla_dag.py for tasks to queue
[2026-06-12T13:32:09.958+0000] {logging_mixin.py:188} INFO - [2026-06-12T13:32:09.958+0000] {dagbag.py:545} INFO - Filling up the DagBag from /home/airflow/.local/lib/python3.12/site-packages/airflow/example_dags/example_sla_dag.py
[2026-06-12T13:32:09.965+0000] {processor.py:840} INFO - DAG(s) 'example_sla_dag' retrieved from /home/airflow/.local/lib/python3.12/site-packages/airflow/example_dags/example_sla_dag.py
[2026-06-12T13:32:09.980+0000] {logging_mixin.py:188} INFO - [2026-06-12T13:32:09.980+0000] {dag.py:3096} INFO - Sync 1 DAGs
[2026-06-12T13:32:10.001+0000] {logging_mixin.py:188} INFO - [2026-06-12T13:32:10.001+0000] {dag.py:3954} INFO - Setting next_dagrun for example_sla_dag to 2026-06-12 13:30:00+00:00, run_after=2026-06-12 13:32:00+00:00
[2026-06-12T13:32:10.015+0000] {processor.py:183} INFO - Processing /home/airflow/.local/lib/python3.12/site-packages/airflow/example_dags/example_sla_dag.py took 0.067 seconds
[2026-06-12T13:32:40.182+0000] {processor.py:161} INFO - Started process (PID=1452) to work on /home/airflow/.local/lib/python3.12/site-packages/airflow/example_dags/example_sla_dag.py
[2026-06-12T13:32:40.183+0000] {processor.py:830} INFO - Processing file /home/airflow/.local/lib/python3.12/site-packages/airflow/example_dags/example_sla_dag.py for tasks to queue
[2026-06-12T13:32:40.185+0000] {logging_mixin.py:188} INFO - [2026-06-12T13:32:40.185+0000] {dagbag.py:545} INFO - Filling up the DagBag from /home/airflow/.local/lib/python3.12/site-packages/airflow/example_dags/example_sla_dag.py
[2026-06-12T13:32:40.194+0000] {processor.py:840} INFO - DAG(s) 'example_sla_dag' retrieved from /home/airflow/.local/lib/python3.12/site-packages/airflow/example_dags/example_sla_dag.py
[2026-06-12T13:32:40.210+0000] {logging_mixin.py:188} INFO - [2026-06-12T13:32:40.210+0000] {dag.py:3096} INFO - Sync 1 DAGs
[2026-06-12T13:32:40.231+0000] {logging_mixin.py:188} INFO - [2026-06-12T13:32:40.231+0000] {dag.py:3954} INFO - Setting next_dagrun for example_sla_dag to 2026-06-12 13:30:00+00:00, run_after=2026-06-12 13:32:00+00:00
[2026-06-12T13:32:40.245+0000] {processor.py:183} INFO - Processing /home/airflow/.local/lib/python3.12/site-packages/airflow/example_dags/example_sla_dag.py took 0.070 seconds
[2026-06-12T13:33:10.398+0000] {processor.py:161} INFO - Started process (PID=1514) to work on /home/airflow/.local/lib/python3.12/site-packages/airflow/example_dags/example_sla_dag.py
[2026-06-12T13:33:10.399+0000] {processor.py:830} INFO - Processing file /home/airflow/.local/lib/python3.12/site-packages/airflow/example_dags/example_sla_dag.py for tasks to queue
[2026-06-12T13:33:10.401+0000] {logging_mixin.py:188} INFO - [2026-06-12T13:33:10.401+0000] {dagbag.py:545} INFO - Filling up the DagBag from /home/airflow/.local/lib/python3.12/site-packages/airflow/example_dags/example_sla_dag.py
[2026-06-12T13:33:10.410+0000] {processor.py:840} INFO - DAG(s) 'example_sla_dag' retrieved from /home/airflow/.local/lib/python3.12/site-packages/airflow/example_dags/example_sla_dag.py
[2026-06-12T13:33:10.425+0000] {logging_mixin.py:188} INFO - [2026-06-12T13:33:10.425+0000] {dag.py:3096} INFO - Sync 1 DAGs
[2026-06-12T13:33:10.446+0000] {logging_mixin.py:188} INFO - [2026-06-12T13:33:10.445+0000] {dag.py:3954} INFO - Setting next_dagrun for example_sla_dag to 2026-06-12 13:30:00+00:00, run_after=2026-06-12 13:32:00+00:00
[2026-06-12T13:33:10.460+0000] {processor.py:183} INFO - Processing /home/airflow/.local/lib/python3.12/site-packages/airflow/example_dags/example_sla_dag.py took 0.069 seconds
[2026-06-12T13:33:40.672+0000] {processor.py:161} INFO - Started process (PID=1576) to work on /home/airflow/.local/lib/python3.12/site-packages/airflow/example_dags/example_sla_dag.py
[2026-06-12T13:33:40.673+0000] {processor.py:830} INFO - Processing file /home/airflow/.local/lib/python3.12/site-packages/airflow/example_dags/example_sla_dag.py for tasks to queue
[2026-06-12T13:33:40.675+0000] {logging_mixin.py:188} INFO - [2026-06-12T13:33:40.675+0000] {dagbag.py:545} INFO - Filling up the DagBag from /home/airflow/.local/lib/python3.12/site-packages/airflow/example_dags/example_sla_dag.py
[2026-06-12T13:33:40.685+0000] {processor.py:840} INFO - DAG(s) 'example_sla_dag' retrieved from /home/airflow/.local/lib/python3.12/site-packages/airflow/example_dags/example_sla_dag.py
[2026-06-12T13:33:40.700+0000] {logging_mixin.py:188} INFO - [2026-06-12T13:33:40.700+0000] {dag.py:3096} INFO - Sync 1 DAGs
[2026-06-12T13:33:40.721+0000] {logging_mixin.py:188} INFO - [2026-06-12T13:33:40.721+0000] {dag.py:3954} INFO - Setting next_dagrun for example_sla_dag to 2026-06-12 13:30:00+00:00, run_after=2026-06-12 13:32:00+00:00
[2026-06-12T13:33:40.739+0000] {processor.py:183} INFO - Processing /home/airflow/.local/lib/python3.12/site-packages/airflow/example_dags/example_sla_dag.py took 0.074 seconds
[2026-06-12T13:34:11.229+0000] {processor.py:161} INFO - Started process (PID=1638) to work on /home/airflow/.local/lib/python3.12/site-packages/airflow/example_dags/example_sla_dag.py
[2026-06-12T13:34:11.230+0000] {processor.py:830} INFO - Processing file /home/airflow/.local/lib/python3.12/site-packages/airflow/example_dags/example_sla_dag.py for tasks to queue
[2026-06-12T13:34:11.232+0000] {logging_mixin.py:188} INFO - [2026-06-12T13:34:11.231+0000] {dagbag.py:545} INFO - Filling up the DagBag from /home/airflow/.local/lib/python3.12/site-packages/airflow/example_dags/example_sla_dag.py
[2026-06-12T13:34:11.241+0000] {processor.py:840} INFO - DAG(s) 'example_sla_dag' retrieved from /home/airflow/.local/lib/python3.12/site-packages/airflow/example_dags/example_sla_dag.py
[2026-06-12T13:34:11.260+0000] {logging_mixin.py:188} INFO - [2026-06-12T13:34:11.260+0000] {dag.py:3096} INFO - Sync 1 DAGs
[2026-06-12T13:34:11.280+0000] {logging_mixin.py:188} INFO - [2026-06-12T13:34:11.280+0000] {dag.py:3954} INFO - Setting next_dagrun for example_sla_dag to 2026-06-12 13:32:00+00:00, run_after=2026-06-12 13:34:00+00:00
[2026-06-12T13:34:11.294+0000] {processor.py:183} INFO - Processing /home/airflow/.local/lib/python3.12/site-packages/airflow/example_dags/example_sla_dag.py took 0.073 seconds
[2026-06-12T13:34:41.394+0000] {processor.py:161} INFO - Started process (PID=1700) to work on /home/airflow/.local/lib/python3.12/site-packages/airflow/example_dags/example_sla_dag.py
[2026-06-12T13:34:41.395+0000] {processor.py:830} INFO - Processing file /home/airflow/.local/lib/python3.12/site-packages/airflow/example_dags/example_sla_dag.py for tasks to queue
[2026-06-12T13:34:41.397+0000] {logging_mixin.py:188} INFO - [2026-06-12T13:34:41.396+0000] {dagbag.py:545} INFO - Filling up the DagBag from /home/airflow/.local/lib/python3.12/site-packages/airflow/example_dags/example_sla_dag.py
[2026-06-12T13:34:41.405+0000] {processor.py:840} INFO - DAG(s) 'example_sla_dag' retrieved from /home/airflow/.local/lib/python3.12/site-packages/airflow/example_dags/example_sla_dag.py
[2026-06-12T13:34:41.420+0000] {logging_mixin.py:188} INFO - [2026-06-12T13:34:41.420+0000] {dag.py:3096} INFO - Sync 1 DAGs
[2026-06-12T13:34:41.441+0000] {logging_mixin.py:188} INFO - [2026-06-12T13:34:41.441+0000] {dag.py:3954} INFO - Setting next_dagrun for example_sla_dag to 2026-06-12 13:32:00+00:00, run_after=2026-06-12 13:34:00+00:00
[2026-06-12T13:34:41.461+0000] {processor.py:183} INFO - Processing /home/airflow/.local/lib/python3.12/site-packages/airflow/example_dags/example_sla_dag.py took 0.073 seconds
[2026-06-12T13:35:12.015+0000] {processor.py:161} INFO - Started process (PID=1761) to work on /home/airflow/.local/lib/python3.12/site-packages/airflow/example_dags/example_sla_dag.py
[2026-06-12T13:35:12.016+0000] {processor.py:830} INFO - Processing file /home/airflow/.local/lib/python3.12/site-packages/airflow/example_dags/example_sla_dag.py for tasks to queue
[2026-06-12T13:35:12.018+0000] {logging_mixin.py:188} INFO - [2026-06-12T13:35:12.017+0000] {dagbag.py:545} INFO - Filling up the DagBag from /home/airflow/.local/lib/python3.12/site-packages/airflow/example_dags/example_sla_dag.py
[2026-06-12T13:35:12.028+0000] {processor.py:840} INFO - DAG(s) 'example_sla_dag' retrieved from /home/airflow/.local/lib/python3.12/site-packages/airflow/example_dags/example_sla_dag.py
[2026-06-12T13:35:12.052+0000] {logging_mixin.py:188} INFO - [2026-06-12T13:35:12.051+0000] {dag.py:3096} INFO - Sync 1 DAGs
[2026-06-12T13:35:12.086+0000] {logging_mixin.py:188} INFO - [2026-06-12T13:35:12.085+0000] {dag.py:3954} INFO - Setting next_dagrun for example_sla_dag to 2026-06-12 13:32:00+00:00, run_after=2026-06-12 13:34:00+00:00
[2026-06-12T13:35:12.105+0000] {processor.py:183} INFO - Processing /home/airflow/.local/lib/python3.12/site-packages/airflow/example_dags/example_sla_dag.py took 0.098 seconds
[2026-06-12T13:35:43.118+0000] {processor.py:161} INFO - Started process (PID=1823) to work on /home/airflow/.local/lib/python3.12/site-packages/airflow/example_dags/example_sla_dag.py
[2026-06-12T13:35:43.119+0000] {processor.py:830} INFO - Processing file /home/airflow/.local/lib/python3.12/site-packages/airflow/example_dags/example_sla_dag.py for tasks to queue
[2026-06-12T13:35:43.121+0000] {logging_mixin.py:188} INFO - [2026-06-12T13:35:43.121+0000] {dagbag.py:545} INFO - Filling up the DagBag from /home/airflow/.local/lib/python3.12/site-packages/airflow/example_dags/example_sla_dag.py
[2026-06-12T13:35:43.132+0000] {processor.py:840} INFO - DAG(s) 'example_sla_dag' retrieved from /home/airflow/.local/lib/python3.12/site-packages/airflow/example_dags/example_sla_dag.py
[2026-06-12T13:35:43.156+0000] {logging_mixin.py:188} INFO - [2026-06-12T13:35:43.156+0000] {dag.py:3096} INFO - Sync 1 DAGs
[2026-06-12T13:35:43.190+0000] {logging_mixin.py:188} INFO - [2026-06-12T13:35:43.190+0000] {dag.py:3954} INFO - Setting next_dagrun for example_sla_dag to 2026-06-12 13:32:00+00:00, run_after=2026-06-12 13:34:00+00:00
[2026-06-12T13:35:43.210+0000] {processor.py:183} INFO - Processing /home/airflow/.local/lib/python3.12/site-packages/airflow/example_dags/example_sla_dag.py took 0.100 seconds
[2026-06-12T13:36:13.579+0000] {processor.py:161} INFO - Started process (PID=1886) to work on /home/airflow/.local/lib/python3.12/site-packages/airflow/example_dags/example_sla_dag.py
[2026-06-12T13:36:13.580+0000] {processor.py:830} INFO - Processing file /home/airflow/.local/lib/python3.12/site-packages/airflow/example_dags/example_sla_dag.py for tasks to queue
[2026-06-12T13:36:13.582+0000] {logging_mixin.py:188} INFO - [2026-06-12T13:36:13.581+0000] {dagbag.py:545} INFO - Filling up the DagBag from /home/airflow/.local/lib/python3.12/site-packages/airflow/example_dags/example_sla_dag.py
[2026-06-12T13:36:13.591+0000] {processor.py:840} INFO - DAG(s) 'example_sla_dag' retrieved from /home/airflow/.local/lib/python3.12/site-packages/airflow/example_dags/example_sla_dag.py
[2026-06-12T13:36:13.608+0000] {logging_mixin.py:188} INFO - [2026-06-12T13:36:13.608+0000] {dag.py:3096} INFO - Sync 1 DAGs
[2026-06-12T13:36:13.628+0000] {logging_mixin.py:188} INFO - [2026-06-12T13:36:13.628+0000] {dag.py:3954} INFO - Setting next_dagrun for example_sla_dag to 2026-06-12 13:34:00+00:00, run_after=2026-06-12 13:36:00+00:00
[2026-06-12T13:36:13.643+0000] {processor.py:183} INFO - Processing /home/airflow/.local/lib/python3.12/site-packages/airflow/example_dags/example_sla_dag.py took 0.071 seconds
[2026-06-12T13:36:44.045+0000] {processor.py:161} INFO - Started process (PID=1948) to work on /home/airflow/.local/lib/python3.12/site-packages/airflow/example_dags/example_sla_dag.py
[2026-06-12T13:36:44.046+0000] {processor.py:830} INFO - Processing file /home/airflow/.local/lib/python3.12/site-packages/airflow/example_dags/example_sla_dag.py for tasks to queue
[2026-06-12T13:36:44.047+0000] {logging_mixin.py:188} INFO - [2026-06-12T13:36:44.047+0000] {dagbag.py:545} INFO - Filling up the DagBag from /home/airflow/.local/lib/python3.12/site-packages/airflow/example_dags/example_sla_dag.py
[2026-06-12T13:36:44.058+0000] {processor.py:840} INFO - DAG(s) 'example_sla_dag' retrieved from /home/airflow/.local/lib/python3.12/site-packages/airflow/example_dags/example_sla_dag.py
[2026-06-12T13:36:44.074+0000] {logging_mixin.py:188} INFO - [2026-06-12T13:36:44.074+0000] {dag.py:3096} INFO - Sync 1 DAGs
[2026-06-12T13:36:44.095+0000] {logging_mixin.py:188} INFO - [2026-06-12T13:36:44.095+0000] {dag.py:3954} INFO - Setting next_dagrun for example_sla_dag to 2026-06-12 13:34:00+00:00, run_after=2026-06-12 13:36:00+00:00
[2026-06-12T13:36:44.110+0000] {processor.py:183} INFO - Processing /home/airflow/.local/lib/python3.12/site-packages/airflow/example_dags/example_sla_dag.py took 0.072 seconds
[2026-06-12T13:37:14.560+0000] {processor.py:161} INFO - Started process (PID=2010) to work on /home/airflow/.local/lib/python3.12/site-packages/airflow/example_dags/example_sla_dag.py
[2026-06-12T13:37:14.561+0000] {processor.py:830} INFO - Processing file /home/airflow/.local/lib/python3.12/site-packages/airflow/example_dags/example_sla_dag.py for tasks to queue
[2026-06-12T13:37:14.563+0000] {logging_mixin.py:188} INFO - [2026-06-12T13:37:14.563+0000] {dagbag.py:545} INFO - Filling up the DagBag from /home/airflow/.local/lib/python3.12/site-packages/airflow/example_dags/example_sla_dag.py
[2026-06-12T13:37:14.580+0000] {processor.py:840} INFO - DAG(s) 'example_sla_dag' retrieved from /home/airflow/.local/lib/python3.12/site-packages/airflow/example_dags/example_sla_dag.py
[2026-06-12T13:37:14.622+0000] {logging_mixin.py:188} INFO - [2026-06-12T13:37:14.620+0000] {dag.py:3096} INFO - Sync 1 DAGs
[2026-06-12T13:37:14.658+0000] {logging_mixin.py:188} INFO - [2026-06-12T13:37:14.657+0000] {dag.py:3954} INFO - Setting next_dagrun for example_sla_dag to 2026-06-12 13:34:00+00:00, run_after=2026-06-12 13:36:00+00:00
[2026-06-12T13:37:14.675+0000] {processor.py:183} INFO - Processing /home/airflow/.local/lib/python3.12/site-packages/airflow/example_dags/example_sla_dag.py took 0.128 seconds
[2026-06-12T13:37:44.869+0000] {processor.py:161} INFO - Started process (PID=2072) to work on /home/airflow/.local/lib/python3.12/site-packages/airflow/example_dags/example_sla_dag.py
[2026-06-12T13:37:44.870+0000] {processor.py:830} INFO - Processing file /home/airflow/.local/lib/python3.12/site-packages/airflow/example_dags/example_sla_dag.py for tasks to queue
[2026-06-12T13:37:44.871+0000] {logging_mixin.py:188} INFO - [2026-06-12T13:37:44.871+0000] {dagbag.py:545} INFO - Filling up the DagBag from /home/airflow/.local/lib/python3.12/site-packages/airflow/example_dags/example_sla_dag.py
[2026-06-12T13:37:44.881+0000] {processor.py:840} INFO - DAG(s) 'example_sla_dag' retrieved from /home/airflow/.local/lib/python3.12/site-packages/airflow/example_dags/example_sla_dag.py
[2026-06-12T13:37:44.896+0000] {logging_mixin.py:188} INFO - [2026-06-12T13:37:44.896+0000] {dag.py:3096} INFO - Sync 1 DAGs
[2026-06-12T13:37:44.916+0000] {logging_mixin.py:188} INFO - [2026-06-12T13:37:44.916+0000] {dag.py:3954} INFO - Setting next_dagrun for example_sla_dag to 2026-06-12 13:34:00+00:00, run_after=2026-06-12 13:36:00+00:00
[2026-06-12T13:37:44.931+0000] {processor.py:183} INFO - Processing /home/airflow/.local/lib/python3.12/site-packages/airflow/example_dags/example_sla_dag.py took 0.069 seconds
[2026-06-12T13:38:15.357+0000] {processor.py:161} INFO - Started process (PID=2134) to work on /home/airflow/.local/lib/python3.12/site-packages/airflow/example_dags/example_sla_dag.py
[2026-06-12T13:38:15.358+0000] {processor.py:830} INFO - Processing file /home/airflow/.local/lib/python3.12/site-packages/airflow/example_dags/example_sla_dag.py for tasks to queue
[2026-06-12T13:38:15.361+0000] {logging_mixin.py:188} INFO - [2026-06-12T13:38:15.360+0000] {dagbag.py:545} INFO - Filling up the DagBag from /home/airflow/.local/lib/python3.12/site-packages/airflow/example_dags/example_sla_dag.py
[2026-06-12T13:38:15.373+0000] {processor.py:840} INFO - DAG(s) 'example_sla_dag' retrieved from /home/airflow/.local/lib/python3.12/site-packages/airflow/example_dags/example_sla_dag.py
[2026-06-12T13:38:15.391+0000] {logging_mixin.py:188} INFO - [2026-06-12T13:38:15.391+0000] {dag.py:3096} INFO - Sync 1 DAGs
[2026-06-12T13:38:15.412+0000] {logging_mixin.py:188} INFO - [2026-06-12T13:38:15.412+0000] {dag.py:3954} INFO - Setting next_dagrun for example_sla_dag to 2026-06-12 13:36:00+00:00, run_after=2026-06-12 13:38:00+00:00
[2026-06-12T13:38:15.427+0000] {processor.py:183} INFO - Processing /home/airflow/.local/lib/python3.12/site-packages/airflow/example_dags/example_sla_dag.py took 0.085 seconds
[2026-06-12T13:38:46.253+0000] {processor.py:161} INFO - Started process (PID=2196) to work on /home/airflow/.local/lib/python3.12/site-packages/airflow/example_dags/example_sla_dag.py
[2026-06-12T13:38:46.254+0000] {processor.py:830} INFO - Processing file /home/airflow/.local/lib/python3.12/site-packages/airflow/example_dags/example_sla_dag.py for tasks to queue
[2026-06-12T13:38:46.256+0000] {logging_mixin.py:188} INFO - [2026-06-12T13:38:46.256+0000] {dagbag.py:545} INFO - Filling up the DagBag from /home/airflow/.local/lib/python3.12/site-packages/airflow/example_dags/example_sla_dag.py
[2026-06-12T13:38:46.263+0000] {processor.py:840} INFO - DAG(s) 'example_sla_dag' retrieved from /home/airflow/.local/lib/python3.12/site-packages/airflow/example_dags/example_sla_dag.py
[2026-06-12T13:38:46.279+0000] {logging_mixin.py:188} INFO - [2026-06-12T13:38:46.278+0000] {dag.py:3096} INFO - Sync 1 DAGs
[2026-06-12T13:38:46.299+0000] {logging_mixin.py:188} INFO - [2026-06-12T13:38:46.299+0000] {dag.py:3954} INFO - Setting next_dagrun for example_sla_dag to 2026-06-12 13:36:00+00:00, run_after=2026-06-12 13:38:00+00:00
[2026-06-12T13:38:46.313+0000] {processor.py:183} INFO - Processing /home/airflow/.local/lib/python3.12/site-packages/airflow/example_dags/example_sla_dag.py took 0.067 seconds
[2026-06-12T13:39:16.564+0000] {processor.py:161} INFO - Started process (PID=2258) to work on /home/airflow/.local/lib/python3.12/site-packages/airflow/example_dags/example_sla_dag.py
[2026-06-12T13:39:16.566+0000] {processor.py:830} INFO - Processing file /home/airflow/.local/lib/python3.12/site-packages/airflow/example_dags/example_sla_dag.py for tasks to queue
[2026-06-12T13:39:16.568+0000] {logging_mixin.py:188} INFO - [2026-06-12T13:39:16.568+0000] {dagbag.py:545} INFO - Filling up the DagBag from /home/airflow/.local/lib/python3.12/site-packages/airflow/example_dags/example_sla_dag.py
[2026-06-12T13:39:16.577+0000] {processor.py:840} INFO - DAG(s) 'example_sla_dag' retrieved from /home/airflow/.local/lib/python3.12/site-packages/airflow/example_dags/example_sla_dag.py
[2026-06-12T13:39:16.615+0000] {logging_mixin.py:188} INFO - [2026-06-12T13:39:16.614+0000] {dag.py:3096} INFO - Sync 1 DAGs
[2026-06-12T13:39:16.653+0000] {logging_mixin.py:188} INFO - [2026-06-12T13:39:16.653+0000] {dag.py:3954} INFO - Setting next_dagrun for example_sla_dag to 2026-06-12 13:36:00+00:00, run_after=2026-06-12 13:38:00+00:00
[2026-06-12T13:39:16.676+0000] {processor.py:183} INFO - Processing /home/airflow/.local/lib/python3.12/site-packages/airflow/example_dags/example_sla_dag.py took 0.118 seconds
[2026-06-12T13:39:46.875+0000] {processor.py:161} INFO - Started process (PID=2320) to work on /home/airflow/.local/lib/python3.12/site-packages/airflow/example_dags/example_sla_dag.py
[2026-06-12T13:39:46.876+0000] {processor.py:830} INFO - Processing file /home/airflow/.local/lib/python3.12/site-packages/airflow/example_dags/example_sla_dag.py for tasks to queue
[2026-06-12T13:39:46.878+0000] {logging_mixin.py:188} INFO - [2026-06-12T13:39:46.878+0000] {dagbag.py:545} INFO - Filling up the DagBag from /home/airflow/.local/lib/python3.12/site-packages/airflow/example_dags/example_sla_dag.py
[2026-06-12T13:39:46.888+0000] {processor.py:840} INFO - DAG(s) 'example_sla_dag' retrieved from /home/airflow/.local/lib/python3.12/site-packages/airflow/example_dags/example_sla_dag.py
[2026-06-12T13:39:46.906+0000] {logging_mixin.py:188} INFO - [2026-06-12T13:39:46.906+0000] {dag.py:3096} INFO - Sync 1 DAGs
[2026-06-12T13:39:46.927+0000] {logging_mixin.py:188} INFO - [2026-06-12T13:39:46.927+0000] {dag.py:3954} INFO - Setting next_dagrun for example_sla_dag to 2026-06-12 13:36:00+00:00, run_after=2026-06-12 13:38:00+00:00
[2026-06-12T13:39:46.941+0000] {processor.py:183} INFO - Processing /home/airflow/.local/lib/python3.12/site-packages/airflow/example_dags/example_sla_dag.py took 0.074 seconds
[2026-06-12T13:40:17.229+0000] {processor.py:161} INFO - Started process (PID=2382) to work on /home/airflow/.local/lib/python3.12/site-packages/airflow/example_dags/example_sla_dag.py
[2026-06-12T13:40:17.229+0000] {processor.py:830} INFO - Processing file /home/airflow/.local/lib/python3.12/site-packages/airflow/example_dags/example_sla_dag.py for tasks to queue
[2026-06-12T13:40:17.231+0000] {logging_mixin.py:188} INFO - [2026-06-12T13:40:17.231+0000] {dagbag.py:545} INFO - Filling up the DagBag from /home/airflow/.local/lib/python3.12/site-packages/airflow/example_dags/example_sla_dag.py
[2026-06-12T13:40:17.241+0000] {processor.py:840} INFO - DAG(s) 'example_sla_dag' retrieved from /home/airflow/.local/lib/python3.12/site-packages/airflow/example_dags/example_sla_dag.py
[2026-06-12T13:40:17.256+0000] {logging_mixin.py:188} INFO - [2026-06-12T13:40:17.256+0000] {dag.py:3096} INFO - Sync 1 DAGs
[2026-06-12T13:40:17.277+0000] {logging_mixin.py:188} INFO - [2026-06-12T13:40:17.276+0000] {dag.py:3954} INFO - Setting next_dagrun for example_sla_dag to 2026-06-12 13:38:00+00:00, run_after=2026-06-12 13:40:00+00:00
[2026-06-12T13:40:17.291+0000] {processor.py:183} INFO - Processing /home/airflow/.local/lib/python3.12/site-packages/airflow/example_dags/example_sla_dag.py took 0.069 seconds
[2026-06-12T13:40:47.957+0000] {processor.py:161} INFO - Started process (PID=2444) to work on /home/airflow/.local/lib/python3.12/site-packages/airflow/example_dags/example_sla_dag.py
[2026-06-12T13:40:47.959+0000] {processor.py:830} INFO - Processing file /home/airflow/.local/lib/python3.12/site-packages/airflow/example_dags/example_sla_dag.py for tasks to queue
[2026-06-12T13:40:47.963+0000] {logging_mixin.py:188} INFO - [2026-06-12T13:40:47.962+0000] {dagbag.py:545} INFO - Filling up the DagBag from /home/airflow/.local/lib/python3.12/site-packages/airflow/example_dags/example_sla_dag.py
[2026-06-12T13:40:47.978+0000] {processor.py:840} INFO - DAG(s) 'example_sla_dag' retrieved from /home/airflow/.local/lib/python3.12/site-packages/airflow/example_dags/example_sla_dag.py
[2026-06-12T13:40:48.004+0000] {logging_mixin.py:188} INFO - [2026-06-12T13:40:48.004+0000] {dag.py:3096} INFO - Sync 1 DAGs
[2026-06-12T13:40:48.035+0000] {logging_mixin.py:188} INFO - [2026-06-12T13:40:48.035+0000] {dag.py:3954} INFO - Setting next_dagrun for example_sla_dag to 2026-06-12 13:38:00+00:00, run_after=2026-06-12 13:40:00+00:00
[2026-06-12T13:40:48.054+0000] {processor.py:183} INFO - Processing /home/airflow/.local/lib/python3.12/site-packages/airflow/example_dags/example_sla_dag.py took 0.106 seconds
[2026-06-12T13:41:18.276+0000] {processor.py:161} INFO - Started process (PID=2506) to work on /home/airflow/.local/lib/python3.12/site-packages/airflow/example_dags/example_sla_dag.py
[2026-06-12T13:41:18.277+0000] {processor.py:830} INFO - Processing file /home/airflow/.local/lib/python3.12/site-packages/airflow/example_dags/example_sla_dag.py for tasks to queue
[2026-06-12T13:41:18.279+0000] {logging_mixin.py:188} INFO - [2026-06-12T13:41:18.279+0000] {dagbag.py:545} INFO - Filling up the DagBag from /home/airflow/.local/lib/python3.12/site-packages/airflow/example_dags/example_sla_dag.py
[2026-06-12T13:41:18.290+0000] {processor.py:840} INFO - DAG(s) 'example_sla_dag' retrieved from /home/airflow/.local/lib/python3.12/site-packages/airflow/example_dags/example_sla_dag.py
[2026-06-12T13:41:18.340+0000] {logging_mixin.py:188} INFO - [2026-06-12T13:41:18.339+0000] {dag.py:3096} INFO - Sync 1 DAGs
[2026-06-12T13:41:18.406+0000] {logging_mixin.py:188} INFO - [2026-06-12T13:41:18.406+0000] {dag.py:3954} INFO - Setting next_dagrun for example_sla_dag to 2026-06-12 13:38:00+00:00, run_after=2026-06-12 13:40:00+00:00
[2026-06-12T13:41:18.430+0000] {processor.py:183} INFO - Processing /home/airflow/.local/lib/python3.12/site-packages/airflow/example_dags/example_sla_dag.py took 0.161 seconds
[2026-06-12T13:41:48.470+0000] {processor.py:161} INFO - Started process (PID=2568) to work on /home/airflow/.local/lib/python3.12/site-packages/airflow/example_dags/example_sla_dag.py
[2026-06-12T13:41:48.471+0000] {processor.py:830} INFO - Processing file /home/airflow/.local/lib/python3.12/site-packages/airflow/example_dags/example_sla_dag.py for tasks to queue
[2026-06-12T13:41:48.473+0000] {logging_mixin.py:188} INFO - [2026-06-12T13:41:48.472+0000] {dagbag.py:545} INFO - Filling up the DagBag from /home/airflow/.local/lib/python3.12/site-packages/airflow/example_dags/example_sla_dag.py
[2026-06-12T13:41:48.483+0000] {processor.py:840} INFO - DAG(s) 'example_sla_dag' retrieved from /home/airflow/.local/lib/python3.12/site-packages/airflow/example_dags/example_sla_dag.py
[2026-06-12T13:41:48.505+0000] {logging_mixin.py:188} INFO - [2026-06-12T13:41:48.505+0000] {dag.py:3096} INFO - Sync 1 DAGs
[2026-06-12T13:41:48.537+0000] {logging_mixin.py:188} INFO - [2026-06-12T13:41:48.536+0000] {dag.py:3954} INFO - Setting next_dagrun for example_sla_dag to 2026-06-12 13:38:00+00:00, run_after=2026-06-12 13:40:00+00:00
[2026-06-12T13:41:48.556+0000] {processor.py:183} INFO - Processing /home/airflow/.local/lib/python3.12/site-packages/airflow/example_dags/example_sla_dag.py took 0.094 seconds
[2026-06-12T13:42:18.651+0000] {processor.py:161} INFO - Started process (PID=2630) to work on /home/airflow/.local/lib/python3.12/site-packages/airflow/example_dags/example_sla_dag.py
[2026-06-12T13:42:18.652+0000] {processor.py:830} INFO - Processing file /home/airflow/.local/lib/python3.12/site-packages/airflow/example_dags/example_sla_dag.py for tasks to queue
[2026-06-12T13:42:18.653+0000] {logging_mixin.py:188} INFO - [2026-06-12T13:42:18.653+0000] {dagbag.py:545} INFO - Filling up the DagBag from /home/airflow/.local/lib/python3.12/site-packages/airflow/example_dags/example_sla_dag.py
[2026-06-12T13:42:18.663+0000] {processor.py:840} INFO - DAG(s) 'example_sla_dag' retrieved from /home/airflow/.local/lib/python3.12/site-packages/airflow/example_dags/example_sla_dag.py
[2026-06-12T13:42:18.685+0000] {logging_mixin.py:188} INFO - [2026-06-12T13:42:18.685+0000] {dag.py:3096} INFO - Sync 1 DAGs
[2026-06-12T13:42:18.717+0000] {logging_mixin.py:188} INFO - [2026-06-12T13:42:18.717+0000] {dag.py:3954} INFO - Setting next_dagrun for example_sla_dag to 2026-06-12 13:40:00+00:00, run_after=2026-06-12 13:42:00+00:00
[2026-06-12T13:42:18.739+0000] {processor.py:183} INFO - Processing /home/airflow/.local/lib/python3.12/site-packages/airflow/example_dags/example_sla_dag.py took 0.095 seconds
[2026-06-12T13:42:49.306+0000] {processor.py:161} INFO - Started process (PID=2692) to work on /home/airflow/.local/lib/python3.12/site-packages/airflow/example_dags/example_sla_dag.py
[2026-06-12T13:42:49.307+0000] {processor.py:830} INFO - Processing file /home/airflow/.local/lib/python3.12/site-packages/airflow/example_dags/example_sla_dag.py for tasks to queue
[2026-06-12T13:42:49.308+0000] {logging_mixin.py:188} INFO - [2026-06-12T13:42:49.308+0000] {dagbag.py:545} INFO - Filling up the DagBag from /home/airflow/.local/lib/python3.12/site-packages/airflow/example_dags/example_sla_dag.py
[2026-06-12T13:42:49.315+0000] {processor.py:840} INFO - DAG(s) 'example_sla_dag' retrieved from /home/airflow/.local/lib/python3.12/site-packages/airflow/example_dags/example_sla_dag.py
[2026-06-12T13:42:49.331+0000] {logging_mixin.py:188} INFO - [2026-06-12T13:42:49.331+0000] {dag.py:3096} INFO - Sync 1 DAGs
[2026-06-12T13:42:49.352+0000] {logging_mixin.py:188} INFO - [2026-06-12T13:42:49.352+0000] {dag.py:3954} INFO - Setting next_dagrun for example_sla_dag to 2026-06-12 13:40:00+00:00, run_after=2026-06-12 13:42:00+00:00
[2026-06-12T13:42:49.366+0000] {processor.py:183} INFO - Processing /home/airflow/.local/lib/python3.12/site-packages/airflow/example_dags/example_sla_dag.py took 0.068 seconds
[2026-06-12T13:43:20.081+0000] {processor.py:161} INFO - Started process (PID=2754) to work on /home/airflow/.local/lib/python3.12/site-packages/airflow/example_dags/example_sla_dag.py
[2026-06-12T13:43:20.082+0000] {processor.py:830} INFO - Processing file /home/airflow/.local/lib/python3.12/site-packages/airflow/example_dags/example_sla_dag.py for tasks to queue
[2026-06-12T13:43:20.084+0000] {logging_mixin.py:188} INFO - [2026-06-12T13:43:20.083+0000] {dagbag.py:545} INFO - Filling up the DagBag from /home/airflow/.local/lib/python3.12/site-packages/airflow/example_dags/example_sla_dag.py
[2026-06-12T13:43:20.095+0000] {processor.py:840} INFO - DAG(s) 'example_sla_dag' retrieved from /home/airflow/.local/lib/python3.12/site-packages/airflow/example_dags/example_sla_dag.py
[2026-06-12T13:43:20.111+0000] {logging_mixin.py:188} INFO - [2026-06-12T13:43:20.110+0000] {dag.py:3096} INFO - Sync 1 DAGs
[2026-06-12T13:43:20.131+0000] {logging_mixin.py:188} INFO - [2026-06-12T13:43:20.131+0000] {dag.py:3954} INFO - Setting next_dagrun for example_sla_dag to 2026-06-12 13:40:00+00:00, run_after=2026-06-12 13:42:00+00:00
[2026-06-12T13:43:20.146+0000] {processor.py:183} INFO - Processing /home/airflow/.local/lib/python3.12/site-packages/airflow/example_dags/example_sla_dag.py took 0.078 seconds
[2026-06-12T13:43:50.855+0000] {processor.py:161} INFO - Started process (PID=2816) to work on /home/airflow/.local/lib/python3.12/site-packages/airflow/example_dags/example_sla_dag.py
[2026-06-12T13:43:50.856+0000] {processor.py:830} INFO - Processing file /home/airflow/.local/lib/python3.12/site-packages/airflow/example_dags/example_sla_dag.py for tasks to queue
[2026-06-12T13:43:50.858+0000] {logging_mixin.py:188} INFO - [2026-06-12T13:43:50.858+0000] {dagbag.py:545} INFO - Filling up the DagBag from /home/airflow/.local/lib/python3.12/site-packages/airflow/example_dags/example_sla_dag.py
[2026-06-12T13:43:50.865+0000] {processor.py:840} INFO - DAG(s) 'example_sla_dag' retrieved from /home/airflow/.local/lib/python3.12/site-packages/airflow/example_dags/example_sla_dag.py
[2026-06-12T13:43:50.881+0000] {logging_mixin.py:188} INFO - [2026-06-12T13:43:50.880+0000] {dag.py:3096} INFO - Sync 1 DAGs
[2026-06-12T13:43:50.901+0000] {logging_mixin.py:188} INFO - [2026-06-12T13:43:50.901+0000] {dag.py:3954} INFO - Setting next_dagrun for example_sla_dag to 2026-06-12 13:40:00+00:00, run_after=2026-06-12 13:42:00+00:00
[2026-06-12T13:43:50.915+0000] {processor.py:183} INFO - Processing /home/airflow/.local/lib/python3.12/site-packages/airflow/example_dags/example_sla_dag.py took 0.067 seconds
[2026-06-12T13:44:21.188+0000] {processor.py:161} INFO - Started process (PID=2878) to work on /home/airflow/.local/lib/python3.12/site-packages/airflow/example_dags/example_sla_dag.py
[2026-06-12T13:44:21.189+0000] {processor.py:830} INFO - Processing file /home/airflow/.local/lib/python3.12/site-packages/airflow/example_dags/example_sla_dag.py for tasks to queue
[2026-06-12T13:44:21.192+0000] {logging_mixin.py:188} INFO - [2026-06-12T13:44:21.191+0000] {dagbag.py:545} INFO - Filling up the DagBag from /home/airflow/.local/lib/python3.12/site-packages/airflow/example_dags/example_sla_dag.py
[2026-06-12T13:44:21.200+0000] {processor.py:840} INFO - DAG(s) 'example_sla_dag' retrieved from /home/airflow/.local/lib/python3.12/site-packages/airflow/example_dags/example_sla_dag.py
[2026-06-12T13:44:21.216+0000] {logging_mixin.py:188} INFO - [2026-06-12T13:44:21.216+0000] {dag.py:3096} INFO - Sync 1 DAGs
[2026-06-12T13:44:21.237+0000] {logging_mixin.py:188} INFO - [2026-06-12T13:44:21.237+0000] {dag.py:3954} INFO - Setting next_dagrun for example_sla_dag to 2026-06-12 13:42:00+00:00, run_after=2026-06-12 13:44:00+00:00
[2026-06-12T13:44:21.256+0000] {processor.py:183} INFO - Processing /home/airflow/.local/lib/python3.12/site-packages/airflow/example_dags/example_sla_dag.py took 0.083 seconds
[2026-06-12T13:44:51.637+0000] {processor.py:161} INFO - Started process (PID=2940) to work on /home/airflow/.local/lib/python3.12/site-packages/airflow/example_dags/example_sla_dag.py
[2026-06-12T13:44:51.638+0000] {processor.py:830} INFO - Processing file /home/airflow/.local/lib/python3.12/site-packages/airflow/example_dags/example_sla_dag.py for tasks to queue
[2026-06-12T13:44:51.641+0000] {logging_mixin.py:188} INFO - [2026-06-12T13:44:51.641+0000] {dagbag.py:545} INFO - Filling up the DagBag from /home/airflow/.local/lib/python3.12/site-packages/airflow/example_dags/example_sla_dag.py
[2026-06-12T13:44:51.649+0000] {processor.py:840} INFO - DAG(s) 'example_sla_dag' retrieved from /home/airflow/.local/lib/python3.12/site-packages/airflow/example_dags/example_sla_dag.py
[2026-06-12T13:44:51.665+0000] {logging_mixin.py:188} INFO - [2026-06-12T13:44:51.664+0000] {dag.py:3096} INFO - Sync 1 DAGs
[2026-06-12T13:44:51.685+0000] {logging_mixin.py:188} INFO - [2026-06-12T13:44:51.685+0000] {dag.py:3954} INFO - Setting next_dagrun for example_sla_dag to 2026-06-12 13:42:00+00:00, run_after=2026-06-12 13:44:00+00:00
[2026-06-12T13:44:51.700+0000] {processor.py:183} INFO - Processing /home/airflow/.local/lib/python3.12/site-packages/airflow/example_dags/example_sla_dag.py took 0.069 seconds
[2026-06-12T13:45:21.814+0000] {processor.py:161} INFO - Started process (PID=3002) to work on /home/airflow/.local/lib/python3.12/site-packages/airflow/example_dags/example_sla_dag.py
[2026-06-12T13:45:21.815+0000] {processor.py:830} INFO - Processing file /home/airflow/.local/lib/python3.12/site-packages/airflow/example_dags/example_sla_dag.py for tasks to queue
[2026-06-12T13:45:21.816+0000] {logging_mixin.py:188} INFO - [2026-06-12T13:45:21.816+0000] {dagbag.py:545} INFO - Filling up the DagBag from /home/airflow/.local/lib/python3.12/site-packages/airflow/example_dags/example_sla_dag.py
[2026-06-12T13:45:21.825+0000] {processor.py:840} INFO - DAG(s) 'example_sla_dag' retrieved from /home/airflow/.local/lib/python3.12/site-packages/airflow/example_dags/example_sla_dag.py
[2026-06-12T13:45:21.841+0000] {logging_mixin.py:188} INFO - [2026-06-12T13:45:21.840+0000] {dag.py:3096} INFO - Sync 1 DAGs
[2026-06-12T13:45:21.861+0000] {logging_mixin.py:188} INFO - [2026-06-12T13:45:21.861+0000] {dag.py:3954} INFO - Setting next_dagrun for example_sla_dag to 2026-06-12 13:42:00+00:00, run_after=2026-06-12 13:44:00+00:00
[2026-06-12T13:45:21.876+0000] {processor.py:183} INFO - Processing /home/airflow/.local/lib/python3.12/site-packages/airflow/example_dags/example_sla_dag.py took 0.069 seconds
[2026-06-12T13:45:52.606+0000] {processor.py:161} INFO - Started process (PID=3064) to work on /home/airflow/.local/lib/python3.12/site-packages/airflow/example_dags/example_sla_dag.py
[2026-06-12T13:45:52.607+0000] {processor.py:830} INFO - Processing file /home/airflow/.local/lib/python3.12/site-packages/airflow/example_dags/example_sla_dag.py for tasks to queue
[2026-06-12T13:45:52.609+0000] {logging_mixin.py:188} INFO - [2026-06-12T13:45:52.609+0000] {dagbag.py:545} INFO - Filling up the DagBag from /home/airflow/.local/lib/python3.12/site-packages/airflow/example_dags/example_sla_dag.py
[2026-06-12T13:45:52.618+0000] {processor.py:840} INFO - DAG(s) 'example_sla_dag' retrieved from /home/airflow/.local/lib/python3.12/site-packages/airflow/example_dags/example_sla_dag.py
[2026-06-12T13:45:52.639+0000] {logging_mixin.py:188} INFO - [2026-06-12T13:45:52.639+0000] {dag.py:3096} INFO - Sync 1 DAGs
[2026-06-12T13:45:52.659+0000] {logging_mixin.py:188} INFO - [2026-06-12T13:45:52.659+0000] {dag.py:3954} INFO - Setting next_dagrun for example_sla_dag to 2026-06-12 13:42:00+00:00, run_after=2026-06-12 13:44:00+00:00
[2026-06-12T13:45:52.676+0000] {processor.py:183} INFO - Processing /home/airflow/.local/lib/python3.12/site-packages/airflow/example_dags/example_sla_dag.py took 0.077 seconds
[2026-06-12T13:46:22.762+0000] {processor.py:161} INFO - Started process (PID=3126) to work on /home/airflow/.local/lib/python3.12/site-packages/airflow/example_dags/example_sla_dag.py
[2026-06-12T13:46:22.763+0000] {processor.py:830} INFO - Processing file /home/airflow/.local/lib/python3.12/site-packages/airflow/example_dags/example_sla_dag.py for tasks to queue
[2026-06-12T13:46:22.765+0000] {logging_mixin.py:188} INFO - [2026-06-12T13:46:22.764+0000] {dagbag.py:545} INFO - Filling up the DagBag from /home/airflow/.local/lib/python3.12/site-packages/airflow/example_dags/example_sla_dag.py
[2026-06-12T13:46:22.772+0000] {processor.py:840} INFO - DAG(s) 'example_sla_dag' retrieved from /home/airflow/.local/lib/python3.12/site-packages/airflow/example_dags/example_sla_dag.py
[2026-06-12T13:46:22.788+0000] {logging_mixin.py:188} INFO - [2026-06-12T13:46:22.788+0000] {dag.py:3096} INFO - Sync 1 DAGs
[2026-06-12T13:46:22.809+0000] {logging_mixin.py:188} INFO - [2026-06-12T13:46:22.808+0000] {dag.py:3954} INFO - Setting next_dagrun for example_sla_dag to 2026-06-12 13:44:00+00:00, run_after=2026-06-12 13:46:00+00:00
[2026-06-12T13:46:22.823+0000] {processor.py:183} INFO - Processing /home/airflow/.local/lib/python3.12/site-packages/airflow/example_dags/example_sla_dag.py took 0.066 seconds
[2026-06-12T13:46:54.805+0000] {processor.py:161} INFO - Started process (PID=3186) to work on /home/airflow/.local/lib/python3.12/site-packages/airflow/example_dags/example_sla_dag.py
[2026-06-12T13:46:54.806+0000] {processor.py:830} INFO - Processing file /home/airflow/.local/lib/python3.12/site-packages/airflow/example_dags/example_sla_dag.py for tasks to queue
[2026-06-12T13:46:54.808+0000] {logging_mixin.py:188} INFO - [2026-06-12T13:46:54.807+0000] {dagbag.py:545} INFO - Filling up the DagBag from /home/airflow/.local/lib/python3.12/site-packages/airflow/example_dags/example_sla_dag.py
[2026-06-12T13:46:54.826+0000] {processor.py:840} INFO - DAG(s) 'example_sla_dag' retrieved from /home/airflow/.local/lib/python3.12/site-packages/airflow/example_dags/example_sla_dag.py
[2026-06-12T13:46:54.850+0000] {logging_mixin.py:188} INFO - [2026-06-12T13:46:54.850+0000] {dag.py:3096} INFO - Sync 1 DAGs
[2026-06-12T13:46:54.881+0000] {logging_mixin.py:188} INFO - [2026-06-12T13:46:54.881+0000] {dag.py:3954} INFO - Setting next_dagrun for example_sla_dag to 2026-06-12 13:44:00+00:00, run_after=2026-06-12 13:46:00+00:00
[2026-06-12T13:46:54.900+0000] {processor.py:183} INFO - Processing /home/airflow/.local/lib/python3.12/site-packages/airflow/example_dags/example_sla_dag.py took 0.106 seconds
[2026-06-12T13:47:26.817+0000] {processor.py:161} INFO - Started process (PID=3245) to work on /home/airflow/.local/lib/python3.12/site-packages/airflow/example_dags/example_sla_dag.py
[2026-06-12T13:47:26.821+0000] {processor.py:830} INFO - Processing file /home/airflow/.local/lib/python3.12/site-packages/airflow/example_dags/example_sla_dag.py for tasks to queue
[2026-06-12T13:47:26.827+0000] {logging_mixin.py:188} INFO - [2026-06-12T13:47:26.827+0000] {dagbag.py:545} INFO - Filling up the DagBag from /home/airflow/.local/lib/python3.12/site-packages/airflow/example_dags/example_sla_dag.py
[2026-06-12T13:47:26.859+0000] {processor.py:840} INFO - DAG(s) 'example_sla_dag' retrieved from /home/airflow/.local/lib/python3.12/site-packages/airflow/example_dags/example_sla_dag.py
[2026-06-12T13:47:26.923+0000] {logging_mixin.py:188} INFO - [2026-06-12T13:47:26.923+0000] {dag.py:3096} INFO - Sync 1 DAGs
[2026-06-12T13:47:26.964+0000] {logging_mixin.py:188} INFO - [2026-06-12T13:47:26.964+0000] {dag.py:3954} INFO - Setting next_dagrun for example_sla_dag to 2026-06-12 13:44:00+00:00, run_after=2026-06-12 13:46:00+00:00
[2026-06-12T13:47:27.002+0000] {processor.py:183} INFO - Processing /home/airflow/.local/lib/python3.12/site-packages/airflow/example_dags/example_sla_dag.py took 0.205 seconds
[2026-06-12T13:47:57.160+0000] {processor.py:161} INFO - Started process (PID=3307) to work on /home/airflow/.local/lib/python3.12/site-packages/airflow/example_dags/example_sla_dag.py
[2026-06-12T13:47:57.161+0000] {processor.py:830} INFO - Processing file /home/airflow/.local/lib/python3.12/site-packages/airflow/example_dags/example_sla_dag.py for tasks to queue
[2026-06-12T13:47:57.163+0000] {logging_mixin.py:188} INFO - [2026-06-12T13:47:57.162+0000] {dagbag.py:545} INFO - Filling up the DagBag from /home/airflow/.local/lib/python3.12/site-packages/airflow/example_dags/example_sla_dag.py
[2026-06-12T13:47:57.172+0000] {processor.py:840} INFO - DAG(s) 'example_sla_dag' retrieved from /home/airflow/.local/lib/python3.12/site-packages/airflow/example_dags/example_sla_dag.py
[2026-06-12T13:47:57.195+0000] {logging_mixin.py:188} INFO - [2026-06-12T13:47:57.195+0000] {dag.py:3096} INFO - Sync 1 DAGs
[2026-06-12T13:47:57.226+0000] {logging_mixin.py:188} INFO - [2026-06-12T13:47:57.226+0000] {dag.py:3954} INFO - Setting next_dagrun for example_sla_dag to 2026-06-12 13:44:00+00:00, run_after=2026-06-12 13:46:00+00:00
[2026-06-12T13:47:57.245+0000] {processor.py:183} INFO - Processing /home/airflow/.local/lib/python3.12/site-packages/airflow/example_dags/example_sla_dag.py took 0.092 seconds
[2026-06-12T13:48:28.524+0000] {processor.py:161} INFO - Started process (PID=3368) to work on /home/airflow/.local/lib/python3.12/site-packages/airflow/example_dags/example_sla_dag.py
[2026-06-12T13:48:28.525+0000] {processor.py:830} INFO - Processing file /home/airflow/.local/lib/python3.12/site-packages/airflow/example_dags/example_sla_dag.py for tasks to queue
[2026-06-12T13:48:28.527+0000] {logging_mixin.py:188} INFO - [2026-06-12T13:48:28.527+0000] {dagbag.py:545} INFO - Filling up the DagBag from /home/airflow/.local/lib/python3.12/site-packages/airflow/example_dags/example_sla_dag.py
[2026-06-12T13:48:28.537+0000] {processor.py:840} INFO - DAG(s) 'example_sla_dag' retrieved from /home/airflow/.local/lib/python3.12/site-packages/airflow/example_dags/example_sla_dag.py
[2026-06-12T13:48:28.560+0000] {logging_mixin.py:188} INFO - [2026-06-12T13:48:28.560+0000] {dag.py:3096} INFO - Sync 1 DAGs
[2026-06-12T13:48:28.612+0000] {logging_mixin.py:188} INFO - [2026-06-12T13:48:28.611+0000] {dag.py:3954} INFO - Setting next_dagrun for example_sla_dag to 2026-06-12 13:46:00+00:00, run_after=2026-06-12 13:48:00+00:00
[2026-06-12T13:48:28.634+0000] {processor.py:183} INFO - Processing /home/airflow/.local/lib/python3.12/site-packages/airflow/example_dags/example_sla_dag.py took 0.117 seconds
[2026-06-12T13:49:02.163+0000] {processor.py:161} INFO - Started process (PID=3430) to work on /home/airflow/.local/lib/python3.12/site-packages/airflow/example_dags/example_sla_dag.py
[2026-06-12T13:49:02.169+0000] {processor.py:830} INFO - Processing file /home/airflow/.local/lib/python3.12/site-packages/airflow/example_dags/example_sla_dag.py for tasks to queue
[2026-06-12T13:49:02.173+0000] {logging_mixin.py:188} INFO - [2026-06-12T13:49:02.173+0000] {dagbag.py:545} INFO - Filling up the DagBag from /home/airflow/.local/lib/python3.12/site-packages/airflow/example_dags/example_sla_dag.py
[2026-06-12T13:49:02.189+0000] {processor.py:840} INFO - DAG(s) 'example_sla_dag' retrieved from /home/airflow/.local/lib/python3.12/site-packages/airflow/example_dags/example_sla_dag.py
[2026-06-12T13:49:02.248+0000] {logging_mixin.py:188} INFO - [2026-06-12T13:49:02.247+0000] {dag.py:3096} INFO - Sync 1 DAGs
[2026-06-12T13:49:02.280+0000] {logging_mixin.py:188} INFO - [2026-06-12T13:49:02.280+0000] {dag.py:3954} INFO - Setting next_dagrun for example_sla_dag to 2026-06-12 13:46:00+00:00, run_after=2026-06-12 13:48:00+00:00
[2026-06-12T13:49:02.301+0000] {processor.py:183} INFO - Processing /home/airflow/.local/lib/python3.12/site-packages/airflow/example_dags/example_sla_dag.py took 0.162 seconds
[2026-06-12T13:49:33.568+0000] {processor.py:161} INFO - Started process (PID=3491) to work on /home/airflow/.local/lib/python3.12/site-packages/airflow/example_dags/example_sla_dag.py
[2026-06-12T13:49:33.580+0000] {processor.py:830} INFO - Processing file /home/airflow/.local/lib/python3.12/site-packages/airflow/example_dags/example_sla_dag.py for tasks to queue
[2026-06-12T13:49:33.587+0000] {logging_mixin.py:188} INFO - [2026-06-12T13:49:33.587+0000] {dagbag.py:545} INFO - Filling up the DagBag from /home/airflow/.local/lib/python3.12/site-packages/airflow/example_dags/example_sla_dag.py
[2026-06-12T13:49:33.675+0000] {processor.py:840} INFO - DAG(s) 'example_sla_dag' retrieved from /home/airflow/.local/lib/python3.12/site-packages/airflow/example_dags/example_sla_dag.py
[2026-06-12T13:49:33.751+0000] {logging_mixin.py:188} INFO - [2026-06-12T13:49:33.750+0000] {dag.py:3096} INFO - Sync 1 DAGs
[2026-06-12T13:49:33.859+0000] {logging_mixin.py:188} INFO - [2026-06-12T13:49:33.859+0000] {dag.py:3954} INFO - Setting next_dagrun for example_sla_dag to 2026-06-12 13:46:00+00:00, run_after=2026-06-12 13:48:00+00:00
[2026-06-12T13:49:33.923+0000] {processor.py:183} INFO - Processing /home/airflow/.local/lib/python3.12/site-packages/airflow/example_dags/example_sla_dag.py took 0.411 seconds
[2026-06-12T13:50:04.533+0000] {processor.py:161} INFO - Started process (PID=3553) to work on /home/airflow/.local/lib/python3.12/site-packages/airflow/example_dags/example_sla_dag.py
[2026-06-12T13:50:04.533+0000] {processor.py:830} INFO - Processing file /home/airflow/.local/lib/python3.12/site-packages/airflow/example_dags/example_sla_dag.py for tasks to queue
[2026-06-12T13:50:04.536+0000] {logging_mixin.py:188} INFO - [2026-06-12T13:50:04.535+0000] {dagbag.py:545} INFO - Filling up the DagBag from /home/airflow/.local/lib/python3.12/site-packages/airflow/example_dags/example_sla_dag.py
[2026-06-12T13:50:04.546+0000] {processor.py:840} INFO - DAG(s) 'example_sla_dag' retrieved from /home/airflow/.local/lib/python3.12/site-packages/airflow/example_dags/example_sla_dag.py
[2026-06-12T13:50:04.570+0000] {logging_mixin.py:188} INFO - [2026-06-12T13:50:04.570+0000] {dag.py:3096} INFO - Sync 1 DAGs
[2026-06-12T13:50:04.601+0000] {logging_mixin.py:188} INFO - [2026-06-12T13:50:04.601+0000] {dag.py:3954} INFO - Setting next_dagrun for example_sla_dag to 2026-06-12 13:48:00+00:00, run_after=2026-06-12 13:50:00+00:00
[2026-06-12T13:50:04.624+0000] {processor.py:183} INFO - Processing /home/airflow/.local/lib/python3.12/site-packages/airflow/example_dags/example_sla_dag.py took 0.098 seconds
[2026-06-12T13:50:35.029+0000] {processor.py:161} INFO - Started process (PID=3616) to work on /home/airflow/.local/lib/python3.12/site-packages/airflow/example_dags/example_sla_dag.py
[2026-06-12T13:50:35.029+0000] {processor.py:830} INFO - Processing file /home/airflow/.local/lib/python3.12/site-packages/airflow/example_dags/example_sla_dag.py for tasks to queue
[2026-06-12T13:50:35.031+0000] {logging_mixin.py:188} INFO - [2026-06-12T13:50:35.031+0000] {dagbag.py:545} INFO - Filling up the DagBag from /home/airflow/.local/lib/python3.12/site-packages/airflow/example_dags/example_sla_dag.py
[2026-06-12T13:50:35.042+0000] {processor.py:840} INFO - DAG(s) 'example_sla_dag' retrieved from /home/airflow/.local/lib/python3.12/site-packages/airflow/example_dags/example_sla_dag.py
[2026-06-12T13:50:35.066+0000] {logging_mixin.py:188} INFO - [2026-06-12T13:50:35.066+0000] {dag.py:3096} INFO - Sync 1 DAGs
[2026-06-12T13:50:35.099+0000] {logging_mixin.py:188} INFO - [2026-06-12T13:50:35.098+0000] {dag.py:3954} INFO - Setting next_dagrun for example_sla_dag to 2026-06-12 13:48:00+00:00, run_after=2026-06-12 13:50:00+00:00
[2026-06-12T13:50:35.124+0000] {processor.py:183} INFO - Processing /home/airflow/.local/lib/python3.12/site-packages/airflow/example_dags/example_sla_dag.py took 0.102 seconds
[2026-06-12T13:51:05.404+0000] {processor.py:161} INFO - Started process (PID=3674) to work on /home/airflow/.local/lib/python3.12/site-packages/airflow/example_dags/example_sla_dag.py
[2026-06-12T13:51:05.405+0000] {processor.py:830} INFO - Processing file /home/airflow/.local/lib/python3.12/site-packages/airflow/example_dags/example_sla_dag.py for tasks to queue
[2026-06-12T13:51:05.407+0000] {logging_mixin.py:188} INFO - [2026-06-12T13:51:05.406+0000] {dagbag.py:545} INFO - Filling up the DagBag from /home/airflow/.local/lib/python3.12/site-packages/airflow/example_dags/example_sla_dag.py
[2026-06-12T13:51:05.416+0000] {processor.py:840} INFO - DAG(s) 'example_sla_dag' retrieved from /home/airflow/.local/lib/python3.12/site-packages/airflow/example_dags/example_sla_dag.py
[2026-06-12T13:51:05.439+0000] {logging_mixin.py:188} INFO - [2026-06-12T13:51:05.439+0000] {dag.py:3096} INFO - Sync 1 DAGs
[2026-06-12T13:51:05.473+0000] {logging_mixin.py:188} INFO - [2026-06-12T13:51:05.473+0000] {dag.py:3954} INFO - Setting next_dagrun for example_sla_dag to 2026-06-12 13:48:00+00:00, run_after=2026-06-12 13:50:00+00:00
[2026-06-12T13:51:05.492+0000] {processor.py:183} INFO - Processing /home/airflow/.local/lib/python3.12/site-packages/airflow/example_dags/example_sla_dag.py took 0.095 seconds
[2026-06-12T13:51:35.979+0000] {processor.py:161} INFO - Started process (PID=3731) to work on /home/airflow/.local/lib/python3.12/site-packages/airflow/example_dags/example_sla_dag.py
[2026-06-12T13:51:35.980+0000] {processor.py:830} INFO - Processing file /home/airflow/.local/lib/python3.12/site-packages/airflow/example_dags/example_sla_dag.py for tasks to queue
[2026-06-12T13:51:35.981+0000] {logging_mixin.py:188} INFO - [2026-06-12T13:51:35.981+0000] {dagbag.py:545} INFO - Filling up the DagBag from /home/airflow/.local/lib/python3.12/site-packages/airflow/example_dags/example_sla_dag.py
[2026-06-12T13:51:35.988+0000] {processor.py:840} INFO - DAG(s) 'example_sla_dag' retrieved from /home/airflow/.local/lib/python3.12/site-packages/airflow/example_dags/example_sla_dag.py
[2026-06-12T13:51:36.004+0000] {logging_mixin.py:188} INFO - [2026-06-12T13:51:36.004+0000] {dag.py:3096} INFO - Sync 1 DAGs
[2026-06-12T13:51:36.024+0000] {logging_mixin.py:188} INFO - [2026-06-12T13:51:36.024+0000] {dag.py:3954} INFO - Setting next_dagrun for example_sla_dag to 2026-06-12 13:48:00+00:00, run_after=2026-06-12 13:50:00+00:00
[2026-06-12T13:51:36.039+0000] {processor.py:183} INFO - Processing /home/airflow/.local/lib/python3.12/site-packages/airflow/example_dags/example_sla_dag.py took 0.065 seconds
[2026-06-12T13:52:06.718+0000] {processor.py:161} INFO - Started process (PID=3784) to work on /home/airflow/.local/lib/python3.12/site-packages/airflow/example_dags/example_sla_dag.py
[2026-06-12T13:52:06.719+0000] {processor.py:830} INFO - Processing file /home/airflow/.local/lib/python3.12/site-packages/airflow/example_dags/example_sla_dag.py for tasks to queue
[2026-06-12T13:52:06.721+0000] {logging_mixin.py:188} INFO - [2026-06-12T13:52:06.720+0000] {dagbag.py:545} INFO - Filling up the DagBag from /home/airflow/.local/lib/python3.12/site-packages/airflow/example_dags/example_sla_dag.py
[2026-06-12T13:52:06.731+0000] {processor.py:840} INFO - DAG(s) 'example_sla_dag' retrieved from /home/airflow/.local/lib/python3.12/site-packages/airflow/example_dags/example_sla_dag.py
[2026-06-12T13:52:06.753+0000] {logging_mixin.py:188} INFO - [2026-06-12T13:52:06.752+0000] {dag.py:3096} INFO - Sync 1 DAGs
[2026-06-12T13:52:06.804+0000] {logging_mixin.py:188} INFO - [2026-06-12T13:52:06.803+0000] {dag.py:3954} INFO - Setting next_dagrun for example_sla_dag to 2026-06-12 13:50:00+00:00, run_after=2026-06-12 13:52:00+00:00
[2026-06-12T13:52:06.824+0000] {processor.py:183} INFO - Processing /home/airflow/.local/lib/python3.12/site-packages/airflow/example_dags/example_sla_dag.py took 0.114 seconds
[2026-06-12T22:09:26.343+0000] {processor.py:161} INFO - Started process (PID=96) to work on /home/airflow/.local/lib/python3.12/site-packages/airflow/example_dags/example_sla_dag.py
[2026-06-12T22:09:26.394+0000] {processor.py:830} INFO - Processing file /home/airflow/.local/lib/python3.12/site-packages/airflow/example_dags/example_sla_dag.py for tasks to queue
[2026-06-12T22:09:26.415+0000] {logging_mixin.py:188} INFO - [2026-06-12T22:09:26.409+0000] {dagbag.py:545} INFO - Filling up the DagBag from /home/airflow/.local/lib/python3.12/site-packages/airflow/example_dags/example_sla_dag.py
[2026-06-12T22:09:26.534+0000] {processor.py:840} INFO - DAG(s) 'example_sla_dag' retrieved from /home/airflow/.local/lib/python3.12/site-packages/airflow/example_dags/example_sla_dag.py
[2026-06-12T22:09:26.800+0000] {logging_mixin.py:188} INFO - [2026-06-12T22:09:26.798+0000] {dag.py:3096} INFO - Sync 1 DAGs
[2026-06-12T22:09:27.057+0000] {logging_mixin.py:188} INFO - [2026-06-12T22:09:27.026+0000] {dag.py:3954} INFO - Setting next_dagrun for example_sla_dag to 2026-06-12 22:06:00+00:00, run_after=2026-06-12 22:08:00+00:00
[2026-06-12T22:09:27.341+0000] {processor.py:183} INFO - Processing /home/airflow/.local/lib/python3.12/site-packages/airflow/example_dags/example_sla_dag.py took 1.012 seconds
[2026-06-12T22:09:58.694+0000] {processor.py:161} INFO - Started process (PID=159) to work on /home/airflow/.local/lib/python3.12/site-packages/airflow/example_dags/example_sla_dag.py
[2026-06-12T22:09:58.729+0000] {processor.py:830} INFO - Processing file /home/airflow/.local/lib/python3.12/site-packages/airflow/example_dags/example_sla_dag.py for tasks to queue
[2026-06-12T22:09:58.737+0000] {logging_mixin.py:188} INFO - [2026-06-12T22:09:58.737+0000] {dagbag.py:545} INFO - Filling up the DagBag from /home/airflow/.local/lib/python3.12/site-packages/airflow/example_dags/example_sla_dag.py
[2026-06-12T22:09:58.765+0000] {processor.py:840} INFO - DAG(s) 'example_sla_dag' retrieved from /home/airflow/.local/lib/python3.12/site-packages/airflow/example_dags/example_sla_dag.py
[2026-06-12T22:09:58.848+0000] {logging_mixin.py:188} INFO - [2026-06-12T22:09:58.848+0000] {dag.py:3096} INFO - Sync 1 DAGs
[2026-06-12T22:09:58.929+0000] {logging_mixin.py:188} INFO - [2026-06-12T22:09:58.929+0000] {dag.py:3954} INFO - Setting next_dagrun for example_sla_dag to 2026-06-12 22:06:00+00:00, run_after=2026-06-12 22:08:00+00:00
[2026-06-12T22:09:58.980+0000] {processor.py:183} INFO - Processing /home/airflow/.local/lib/python3.12/site-packages/airflow/example_dags/example_sla_dag.py took 0.313 seconds
[2026-06-12T22:10:29.852+0000] {processor.py:161} INFO - Started process (PID=220) to work on /home/airflow/.local/lib/python3.12/site-packages/airflow/example_dags/example_sla_dag.py
[2026-06-12T22:10:29.855+0000] {processor.py:830} INFO - Processing file /home/airflow/.local/lib/python3.12/site-packages/airflow/example_dags/example_sla_dag.py for tasks to queue
[2026-06-12T22:10:29.858+0000] {logging_mixin.py:188} INFO - [2026-06-12T22:10:29.857+0000] {dagbag.py:545} INFO - Filling up the DagBag from /home/airflow/.local/lib/python3.12/site-packages/airflow/example_dags/example_sla_dag.py
[2026-06-12T22:10:29.872+0000] {processor.py:840} INFO - DAG(s) 'example_sla_dag' retrieved from /home/airflow/.local/lib/python3.12/site-packages/airflow/example_dags/example_sla_dag.py
[2026-06-12T22:10:29.893+0000] {logging_mixin.py:188} INFO - [2026-06-12T22:10:29.892+0000] {dag.py:3096} INFO - Sync 1 DAGs
[2026-06-12T22:10:29.960+0000] {logging_mixin.py:188} INFO - [2026-06-12T22:10:29.959+0000] {dag.py:3954} INFO - Setting next_dagrun for example_sla_dag to 2026-06-12 22:08:00+00:00, run_after=2026-06-12 22:10:00+00:00
[2026-06-12T22:10:30.042+0000] {processor.py:183} INFO - Processing /home/airflow/.local/lib/python3.12/site-packages/airflow/example_dags/example_sla_dag.py took 0.201 seconds
[2026-06-12T22:11:01.506+0000] {processor.py:161} INFO - Started process (PID=281) to work on /home/airflow/.local/lib/python3.12/site-packages/airflow/example_dags/example_sla_dag.py
[2026-06-12T22:11:01.507+0000] {processor.py:830} INFO - Processing file /home/airflow/.local/lib/python3.12/site-packages/airflow/example_dags/example_sla_dag.py for tasks to queue
[2026-06-12T22:11:01.509+0000] {logging_mixin.py:188} INFO - [2026-06-12T22:11:01.509+0000] {dagbag.py:545} INFO - Filling up the DagBag from /home/airflow/.local/lib/python3.12/site-packages/airflow/example_dags/example_sla_dag.py
[2026-06-12T22:11:01.520+0000] {processor.py:840} INFO - DAG(s) 'example_sla_dag' retrieved from /home/airflow/.local/lib/python3.12/site-packages/airflow/example_dags/example_sla_dag.py
[2026-06-12T22:11:01.728+0000] {logging_mixin.py:188} INFO - [2026-06-12T22:11:01.728+0000] {dag.py:3096} INFO - Sync 1 DAGs
[2026-06-12T22:11:01.772+0000] {logging_mixin.py:188} INFO - [2026-06-12T22:11:01.772+0000] {dag.py:3954} INFO - Setting next_dagrun for example_sla_dag to 2026-06-12 22:08:00+00:00, run_after=2026-06-12 22:10:00+00:00
[2026-06-12T22:11:01.810+0000] {processor.py:183} INFO - Processing /home/airflow/.local/lib/python3.12/site-packages/airflow/example_dags/example_sla_dag.py took 0.312 seconds
[2026-06-12T22:11:37.047+0000] {processor.py:161} INFO - Started process (PID=343) to work on /home/airflow/.local/lib/python3.12/site-packages/airflow/example_dags/example_sla_dag.py
[2026-06-12T22:11:37.051+0000] {processor.py:830} INFO - Processing file /home/airflow/.local/lib/python3.12/site-packages/airflow/example_dags/example_sla_dag.py for tasks to queue
[2026-06-12T22:11:37.055+0000] {logging_mixin.py:188} INFO - [2026-06-12T22:11:37.055+0000] {dagbag.py:545} INFO - Filling up the DagBag from /home/airflow/.local/lib/python3.12/site-packages/airflow/example_dags/example_sla_dag.py
[2026-06-12T22:11:37.078+0000] {processor.py:840} INFO - DAG(s) 'example_sla_dag' retrieved from /home/airflow/.local/lib/python3.12/site-packages/airflow/example_dags/example_sla_dag.py
[2026-06-12T22:11:37.145+0000] {logging_mixin.py:188} INFO - [2026-06-12T22:11:37.143+0000] {dag.py:3096} INFO - Sync 1 DAGs
[2026-06-12T22:11:37.235+0000] {logging_mixin.py:188} INFO - [2026-06-12T22:11:37.235+0000] {dag.py:3954} INFO - Setting next_dagrun for example_sla_dag to 2026-06-12 22:08:00+00:00, run_after=2026-06-12 22:10:00+00:00
[2026-06-12T22:11:37.299+0000] {processor.py:183} INFO - Processing /home/airflow/.local/lib/python3.12/site-packages/airflow/example_dags/example_sla_dag.py took 0.268 seconds
[2026-06-12T22:12:08.492+0000] {processor.py:161} INFO - Started process (PID=405) to work on /home/airflow/.local/lib/python3.12/site-packages/airflow/example_dags/example_sla_dag.py
[2026-06-12T22:12:08.495+0000] {processor.py:830} INFO - Processing file /home/airflow/.local/lib/python3.12/site-packages/airflow/example_dags/example_sla_dag.py for tasks to queue
[2026-06-12T22:12:08.502+0000] {logging_mixin.py:188} INFO - [2026-06-12T22:12:08.501+0000] {dagbag.py:545} INFO - Filling up the DagBag from /home/airflow/.local/lib/python3.12/site-packages/airflow/example_dags/example_sla_dag.py
[2026-06-12T22:12:08.528+0000] {processor.py:840} INFO - DAG(s) 'example_sla_dag' retrieved from /home/airflow/.local/lib/python3.12/site-packages/airflow/example_dags/example_sla_dag.py
[2026-06-12T22:12:08.570+0000] {logging_mixin.py:188} INFO - [2026-06-12T22:12:08.570+0000] {dag.py:3096} INFO - Sync 1 DAGs
[2026-06-12T22:12:08.673+0000] {logging_mixin.py:188} INFO - [2026-06-12T22:12:08.673+0000] {dag.py:3954} INFO - Setting next_dagrun for example_sla_dag to 2026-06-12 22:10:00+00:00, run_after=2026-06-12 22:12:00+00:00
[2026-06-12T22:12:08.737+0000] {processor.py:183} INFO - Processing /home/airflow/.local/lib/python3.12/site-packages/airflow/example_dags/example_sla_dag.py took 0.275 seconds
[2026-06-12T22:12:39.610+0000] {processor.py:161} INFO - Started process (PID=467) to work on /home/airflow/.local/lib/python3.12/site-packages/airflow/example_dags/example_sla_dag.py
[2026-06-12T22:12:39.613+0000] {processor.py:830} INFO - Processing file /home/airflow/.local/lib/python3.12/site-packages/airflow/example_dags/example_sla_dag.py for tasks to queue
[2026-06-12T22:12:39.617+0000] {logging_mixin.py:188} INFO - [2026-06-12T22:12:39.617+0000] {dagbag.py:545} INFO - Filling up the DagBag from /home/airflow/.local/lib/python3.12/site-packages/airflow/example_dags/example_sla_dag.py
[2026-06-12T22:12:39.645+0000] {processor.py:840} INFO - DAG(s) 'example_sla_dag' retrieved from /home/airflow/.local/lib/python3.12/site-packages/airflow/example_dags/example_sla_dag.py
[2026-06-12T22:12:39.745+0000] {logging_mixin.py:188} INFO - [2026-06-12T22:12:39.744+0000] {dag.py:3096} INFO - Sync 1 DAGs
[2026-06-12T22:12:39.819+0000] {logging_mixin.py:188} INFO - [2026-06-12T22:12:39.819+0000] {dag.py:3954} INFO - Setting next_dagrun for example_sla_dag to 2026-06-12 22:10:00+00:00, run_after=2026-06-12 22:12:00+00:00
[2026-06-12T22:12:39.915+0000] {processor.py:183} INFO - Processing /home/airflow/.local/lib/python3.12/site-packages/airflow/example_dags/example_sla_dag.py took 0.325 seconds
[2026-06-12T22:13:10.913+0000] {processor.py:161} INFO - Started process (PID=529) to work on /home/airflow/.local/lib/python3.12/site-packages/airflow/example_dags/example_sla_dag.py
[2026-06-12T22:13:10.918+0000] {processor.py:830} INFO - Processing file /home/airflow/.local/lib/python3.12/site-packages/airflow/example_dags/example_sla_dag.py for tasks to queue
[2026-06-12T22:13:10.934+0000] {logging_mixin.py:188} INFO - [2026-06-12T22:13:10.933+0000] {dagbag.py:545} INFO - Filling up the DagBag from /home/airflow/.local/lib/python3.12/site-packages/airflow/example_dags/example_sla_dag.py
[2026-06-12T22:13:11.047+0000] {processor.py:840} INFO - DAG(s) 'example_sla_dag' retrieved from /home/airflow/.local/lib/python3.12/site-packages/airflow/example_dags/example_sla_dag.py
[2026-06-12T22:13:11.193+0000] {logging_mixin.py:188} INFO - [2026-06-12T22:13:11.192+0000] {dag.py:3096} INFO - Sync 1 DAGs
[2026-06-12T22:13:11.367+0000] {logging_mixin.py:188} INFO - [2026-06-12T22:13:11.366+0000] {dag.py:3954} INFO - Setting next_dagrun for example_sla_dag to 2026-06-12 22:10:00+00:00, run_after=2026-06-12 22:12:00+00:00
[2026-06-12T22:13:11.499+0000] {processor.py:183} INFO - Processing /home/airflow/.local/lib/python3.12/site-packages/airflow/example_dags/example_sla_dag.py took 0.616 seconds
[2026-06-12T22:13:44.018+0000] {processor.py:161} INFO - Started process (PID=591) to work on /home/airflow/.local/lib/python3.12/site-packages/airflow/example_dags/example_sla_dag.py
[2026-06-12T22:13:44.025+0000] {processor.py:830} INFO - Processing file /home/airflow/.local/lib/python3.12/site-packages/airflow/example_dags/example_sla_dag.py for tasks to queue
[2026-06-12T22:13:44.033+0000] {logging_mixin.py:188} INFO - [2026-06-12T22:13:44.033+0000] {dagbag.py:545} INFO - Filling up the DagBag from /home/airflow/.local/lib/python3.12/site-packages/airflow/example_dags/example_sla_dag.py
[2026-06-12T22:13:44.072+0000] {processor.py:840} INFO - DAG(s) 'example_sla_dag' retrieved from /home/airflow/.local/lib/python3.12/site-packages/airflow/example_dags/example_sla_dag.py
[2026-06-12T22:13:44.118+0000] {logging_mixin.py:188} INFO - [2026-06-12T22:13:44.118+0000] {dag.py:3096} INFO - Sync 1 DAGs
[2026-06-12T22:13:44.171+0000] {logging_mixin.py:188} INFO - [2026-06-12T22:13:44.171+0000] {dag.py:3954} INFO - Setting next_dagrun for example_sla_dag to 2026-06-12 22:10:00+00:00, run_after=2026-06-12 22:12:00+00:00
[2026-06-12T22:13:44.208+0000] {processor.py:183} INFO - Processing /home/airflow/.local/lib/python3.12/site-packages/airflow/example_dags/example_sla_dag.py took 0.259 seconds
[2026-06-12T22:14:15.476+0000] {processor.py:161} INFO - Started process (PID=653) to work on /home/airflow/.local/lib/python3.12/site-packages/airflow/example_dags/example_sla_dag.py
[2026-06-12T22:14:15.477+0000] {processor.py:830} INFO - Processing file /home/airflow/.local/lib/python3.12/site-packages/airflow/example_dags/example_sla_dag.py for tasks to queue
[2026-06-12T22:14:15.479+0000] {logging_mixin.py:188} INFO - [2026-06-12T22:14:15.478+0000] {dagbag.py:545} INFO - Filling up the DagBag from /home/airflow/.local/lib/python3.12/site-packages/airflow/example_dags/example_sla_dag.py
[2026-06-12T22:14:15.494+0000] {processor.py:840} INFO - DAG(s) 'example_sla_dag' retrieved from /home/airflow/.local/lib/python3.12/site-packages/airflow/example_dags/example_sla_dag.py
[2026-06-12T22:14:15.519+0000] {logging_mixin.py:188} INFO - [2026-06-12T22:14:15.519+0000] {dag.py:3096} INFO - Sync 1 DAGs
[2026-06-12T22:14:15.557+0000] {logging_mixin.py:188} INFO - [2026-06-12T22:14:15.557+0000] {dag.py:3954} INFO - Setting next_dagrun for example_sla_dag to 2026-06-12 22:12:00+00:00, run_after=2026-06-12 22:14:00+00:00
[2026-06-12T22:14:15.581+0000] {processor.py:183} INFO - Processing /home/airflow/.local/lib/python3.12/site-packages/airflow/example_dags/example_sla_dag.py took 0.116 seconds
[2026-06-12T22:14:48.705+0000] {processor.py:161} INFO - Started process (PID=716) to work on /home/airflow/.local/lib/python3.12/site-packages/airflow/example_dags/example_sla_dag.py
[2026-06-12T22:14:48.713+0000] {processor.py:830} INFO - Processing file /home/airflow/.local/lib/python3.12/site-packages/airflow/example_dags/example_sla_dag.py for tasks to queue
[2026-06-12T22:14:48.731+0000] {logging_mixin.py:188} INFO - [2026-06-12T22:14:48.728+0000] {dagbag.py:545} INFO - Filling up the DagBag from /home/airflow/.local/lib/python3.12/site-packages/airflow/example_dags/example_sla_dag.py
[2026-06-12T22:14:48.806+0000] {processor.py:840} INFO - DAG(s) 'example_sla_dag' retrieved from /home/airflow/.local/lib/python3.12/site-packages/airflow/example_dags/example_sla_dag.py
[2026-06-12T22:14:48.919+0000] {logging_mixin.py:188} INFO - [2026-06-12T22:14:48.919+0000] {dag.py:3096} INFO - Sync 1 DAGs
[2026-06-12T22:14:48.974+0000] {logging_mixin.py:188} INFO - [2026-06-12T22:14:48.974+0000] {dag.py:3954} INFO - Setting next_dagrun for example_sla_dag to 2026-06-12 22:12:00+00:00, run_after=2026-06-12 22:14:00+00:00
[2026-06-12T22:14:49.012+0000] {processor.py:183} INFO - Processing /home/airflow/.local/lib/python3.12/site-packages/airflow/example_dags/example_sla_dag.py took 0.324 seconds
[2026-06-12T22:15:19.828+0000] {processor.py:161} INFO - Started process (PID=784) to work on /home/airflow/.local/lib/python3.12/site-packages/airflow/example_dags/example_sla_dag.py
[2026-06-12T22:15:19.831+0000] {processor.py:830} INFO - Processing file /home/airflow/.local/lib/python3.12/site-packages/airflow/example_dags/example_sla_dag.py for tasks to queue
[2026-06-12T22:15:19.838+0000] {logging_mixin.py:188} INFO - [2026-06-12T22:15:19.838+0000] {dagbag.py:545} INFO - Filling up the DagBag from /home/airflow/.local/lib/python3.12/site-packages/airflow/example_dags/example_sla_dag.py
[2026-06-12T22:15:19.874+0000] {processor.py:840} INFO - DAG(s) 'example_sla_dag' retrieved from /home/airflow/.local/lib/python3.12/site-packages/airflow/example_dags/example_sla_dag.py
[2026-06-12T22:15:19.940+0000] {logging_mixin.py:188} INFO - [2026-06-12T22:15:19.940+0000] {dag.py:3096} INFO - Sync 1 DAGs
[2026-06-12T22:15:20.022+0000] {logging_mixin.py:188} INFO - [2026-06-12T22:15:20.022+0000] {dag.py:3954} INFO - Setting next_dagrun for example_sla_dag to 2026-06-12 22:12:00+00:00, run_after=2026-06-12 22:14:00+00:00
[2026-06-12T22:15:20.084+0000] {processor.py:183} INFO - Processing /home/airflow/.local/lib/python3.12/site-packages/airflow/example_dags/example_sla_dag.py took 0.298 seconds
[2026-06-12T22:15:50.191+0000] {processor.py:161} INFO - Started process (PID=846) to work on /home/airflow/.local/lib/python3.12/site-packages/airflow/example_dags/example_sla_dag.py
[2026-06-12T22:15:50.192+0000] {processor.py:830} INFO - Processing file /home/airflow/.local/lib/python3.12/site-packages/airflow/example_dags/example_sla_dag.py for tasks to queue
[2026-06-12T22:15:50.193+0000] {logging_mixin.py:188} INFO - [2026-06-12T22:15:50.193+0000] {dagbag.py:545} INFO - Filling up the DagBag from /home/airflow/.local/lib/python3.12/site-packages/airflow/example_dags/example_sla_dag.py
[2026-06-12T22:15:50.201+0000] {processor.py:840} INFO - DAG(s) 'example_sla_dag' retrieved from /home/airflow/.local/lib/python3.12/site-packages/airflow/example_dags/example_sla_dag.py
[2026-06-12T22:15:50.228+0000] {logging_mixin.py:188} INFO - [2026-06-12T22:15:50.227+0000] {dag.py:3096} INFO - Sync 1 DAGs
[2026-06-12T22:15:50.251+0000] {logging_mixin.py:188} INFO - [2026-06-12T22:15:50.251+0000] {dag.py:3954} INFO - Setting next_dagrun for example_sla_dag to 2026-06-12 22:12:00+00:00, run_after=2026-06-12 22:14:00+00:00
[2026-06-12T22:15:50.269+0000] {processor.py:183} INFO - Processing /home/airflow/.local/lib/python3.12/site-packages/airflow/example_dags/example_sla_dag.py took 0.083 seconds
[2026-06-12T22:16:21.107+0000] {processor.py:161} INFO - Started process (PID=908) to work on /home/airflow/.local/lib/python3.12/site-packages/airflow/example_dags/example_sla_dag.py
[2026-06-12T22:16:21.108+0000] {processor.py:830} INFO - Processing file /home/airflow/.local/lib/python3.12/site-packages/airflow/example_dags/example_sla_dag.py for tasks to queue
[2026-06-12T22:16:21.110+0000] {logging_mixin.py:188} INFO - [2026-06-12T22:16:21.110+0000] {dagbag.py:545} INFO - Filling up the DagBag from /home/airflow/.local/lib/python3.12/site-packages/airflow/example_dags/example_sla_dag.py
[2026-06-12T22:16:21.121+0000] {processor.py:840} INFO - DAG(s) 'example_sla_dag' retrieved from /home/airflow/.local/lib/python3.12/site-packages/airflow/example_dags/example_sla_dag.py
[2026-06-12T22:16:21.145+0000] {logging_mixin.py:188} INFO - [2026-06-12T22:16:21.145+0000] {dag.py:3096} INFO - Sync 1 DAGs
[2026-06-12T22:16:21.175+0000] {logging_mixin.py:188} INFO - [2026-06-12T22:16:21.174+0000] {dag.py:3954} INFO - Setting next_dagrun for example_sla_dag to 2026-06-12 22:14:00+00:00, run_after=2026-06-12 22:16:00+00:00
[2026-06-12T22:16:21.191+0000] {processor.py:183} INFO - Processing /home/airflow/.local/lib/python3.12/site-packages/airflow/example_dags/example_sla_dag.py took 0.092 seconds
[2026-06-12T22:16:52.267+0000] {processor.py:161} INFO - Started process (PID=970) to work on /home/airflow/.local/lib/python3.12/site-packages/airflow/example_dags/example_sla_dag.py
[2026-06-12T22:16:52.268+0000] {processor.py:830} INFO - Processing file /home/airflow/.local/lib/python3.12/site-packages/airflow/example_dags/example_sla_dag.py for tasks to queue
[2026-06-12T22:16:52.271+0000] {logging_mixin.py:188} INFO - [2026-06-12T22:16:52.270+0000] {dagbag.py:545} INFO - Filling up the DagBag from /home/airflow/.local/lib/python3.12/site-packages/airflow/example_dags/example_sla_dag.py
[2026-06-12T22:16:52.281+0000] {processor.py:840} INFO - DAG(s) 'example_sla_dag' retrieved from /home/airflow/.local/lib/python3.12/site-packages/airflow/example_dags/example_sla_dag.py
[2026-06-12T22:16:52.305+0000] {logging_mixin.py:188} INFO - [2026-06-12T22:16:52.305+0000] {dag.py:3096} INFO - Sync 1 DAGs
[2026-06-12T22:16:52.339+0000] {logging_mixin.py:188} INFO - [2026-06-12T22:16:52.339+0000] {dag.py:3954} INFO - Setting next_dagrun for example_sla_dag to 2026-06-12 22:14:00+00:00, run_after=2026-06-12 22:16:00+00:00
[2026-06-12T22:16:52.363+0000] {processor.py:183} INFO - Processing /home/airflow/.local/lib/python3.12/site-packages/airflow/example_dags/example_sla_dag.py took 0.104 seconds
[2026-06-12T22:17:23.478+0000] {processor.py:161} INFO - Started process (PID=1032) to work on /home/airflow/.local/lib/python3.12/site-packages/airflow/example_dags/example_sla_dag.py
[2026-06-12T22:17:23.479+0000] {processor.py:830} INFO - Processing file /home/airflow/.local/lib/python3.12/site-packages/airflow/example_dags/example_sla_dag.py for tasks to queue
[2026-06-12T22:17:23.481+0000] {logging_mixin.py:188} INFO - [2026-06-12T22:17:23.480+0000] {dagbag.py:545} INFO - Filling up the DagBag from /home/airflow/.local/lib/python3.12/site-packages/airflow/example_dags/example_sla_dag.py
[2026-06-12T22:17:23.492+0000] {processor.py:840} INFO - DAG(s) 'example_sla_dag' retrieved from /home/airflow/.local/lib/python3.12/site-packages/airflow/example_dags/example_sla_dag.py
[2026-06-12T22:17:23.517+0000] {logging_mixin.py:188} INFO - [2026-06-12T22:17:23.517+0000] {dag.py:3096} INFO - Sync 1 DAGs
[2026-06-12T22:17:23.557+0000] {logging_mixin.py:188} INFO - [2026-06-12T22:17:23.556+0000] {dag.py:3954} INFO - Setting next_dagrun for example_sla_dag to 2026-06-12 22:14:00+00:00, run_after=2026-06-12 22:16:00+00:00
[2026-06-12T22:17:23.579+0000] {processor.py:183} INFO - Processing /home/airflow/.local/lib/python3.12/site-packages/airflow/example_dags/example_sla_dag.py took 0.110 seconds
[2026-06-12T22:17:57.649+0000] {processor.py:161} INFO - Started process (PID=1094) to work on /home/airflow/.local/lib/python3.12/site-packages/airflow/example_dags/example_sla_dag.py
[2026-06-12T22:17:57.654+0000] {processor.py:830} INFO - Processing file /home/airflow/.local/lib/python3.12/site-packages/airflow/example_dags/example_sla_dag.py for tasks to queue
[2026-06-12T22:17:57.664+0000] {logging_mixin.py:188} INFO - [2026-06-12T22:17:57.662+0000] {dagbag.py:545} INFO - Filling up the DagBag from /home/airflow/.local/lib/python3.12/site-packages/airflow/example_dags/example_sla_dag.py
[2026-06-12T22:17:57.688+0000] {processor.py:840} INFO - DAG(s) 'example_sla_dag' retrieved from /home/airflow/.local/lib/python3.12/site-packages/airflow/example_dags/example_sla_dag.py
[2026-06-12T22:17:57.726+0000] {logging_mixin.py:188} INFO - [2026-06-12T22:17:57.725+0000] {dag.py:3096} INFO - Sync 1 DAGs
[2026-06-12T22:17:57.761+0000] {logging_mixin.py:188} INFO - [2026-06-12T22:17:57.761+0000] {dag.py:3954} INFO - Setting next_dagrun for example_sla_dag to 2026-06-12 22:14:00+00:00, run_after=2026-06-12 22:16:00+00:00
[2026-06-12T22:17:57.785+0000] {processor.py:183} INFO - Processing /home/airflow/.local/lib/python3.12/site-packages/airflow/example_dags/example_sla_dag.py took 0.173 seconds
[2026-06-12T22:18:29.841+0000] {processor.py:161} INFO - Started process (PID=1156) to work on /home/airflow/.local/lib/python3.12/site-packages/airflow/example_dags/example_sla_dag.py
[2026-06-12T22:18:29.847+0000] {processor.py:830} INFO - Processing file /home/airflow/.local/lib/python3.12/site-packages/airflow/example_dags/example_sla_dag.py for tasks to queue
[2026-06-12T22:18:29.851+0000] {logging_mixin.py:188} INFO - [2026-06-12T22:18:29.851+0000] {dagbag.py:545} INFO - Filling up the DagBag from /home/airflow/.local/lib/python3.12/site-packages/airflow/example_dags/example_sla_dag.py
[2026-06-12T22:18:29.875+0000] {processor.py:840} INFO - DAG(s) 'example_sla_dag' retrieved from /home/airflow/.local/lib/python3.12/site-packages/airflow/example_dags/example_sla_dag.py
[2026-06-12T22:18:29.935+0000] {logging_mixin.py:188} INFO - [2026-06-12T22:18:29.935+0000] {dag.py:3096} INFO - Sync 1 DAGs
[2026-06-12T22:18:30.898+0000] {logging_mixin.py:188} INFO - [2026-06-12T22:18:30.898+0000] {dag.py:3954} INFO - Setting next_dagrun for example_sla_dag to 2026-06-12 22:16:00+00:00, run_after=2026-06-12 22:18:00+00:00
[2026-06-12T22:18:31.058+0000] {processor.py:183} INFO - Processing /home/airflow/.local/lib/python3.12/site-packages/airflow/example_dags/example_sla_dag.py took 1.237 seconds
[2026-06-12T22:19:01.215+0000] {processor.py:161} INFO - Started process (PID=1218) to work on /home/airflow/.local/lib/python3.12/site-packages/airflow/example_dags/example_sla_dag.py
[2026-06-12T22:19:01.218+0000] {processor.py:830} INFO - Processing file /home/airflow/.local/lib/python3.12/site-packages/airflow/example_dags/example_sla_dag.py for tasks to queue
[2026-06-12T22:19:01.222+0000] {logging_mixin.py:188} INFO - [2026-06-12T22:19:01.222+0000] {dagbag.py:545} INFO - Filling up the DagBag from /home/airflow/.local/lib/python3.12/site-packages/airflow/example_dags/example_sla_dag.py
[2026-06-12T22:19:01.238+0000] {processor.py:840} INFO - DAG(s) 'example_sla_dag' retrieved from /home/airflow/.local/lib/python3.12/site-packages/airflow/example_dags/example_sla_dag.py
[2026-06-12T22:19:01.263+0000] {logging_mixin.py:188} INFO - [2026-06-12T22:19:01.262+0000] {dag.py:3096} INFO - Sync 1 DAGs
[2026-06-12T22:19:01.300+0000] {logging_mixin.py:188} INFO - [2026-06-12T22:19:01.299+0000] {dag.py:3954} INFO - Setting next_dagrun for example_sla_dag to 2026-06-12 22:16:00+00:00, run_after=2026-06-12 22:18:00+00:00
[2026-06-12T22:19:01.530+0000] {processor.py:183} INFO - Processing /home/airflow/.local/lib/python3.12/site-packages/airflow/example_dags/example_sla_dag.py took 0.324 seconds
[2026-06-12T22:19:31.807+0000] {processor.py:161} INFO - Started process (PID=1280) to work on /home/airflow/.local/lib/python3.12/site-packages/airflow/example_dags/example_sla_dag.py
[2026-06-12T22:19:31.808+0000] {processor.py:830} INFO - Processing file /home/airflow/.local/lib/python3.12/site-packages/airflow/example_dags/example_sla_dag.py for tasks to queue
[2026-06-12T22:19:31.811+0000] {logging_mixin.py:188} INFO - [2026-06-12T22:19:31.810+0000] {dagbag.py:545} INFO - Filling up the DagBag from /home/airflow/.local/lib/python3.12/site-packages/airflow/example_dags/example_sla_dag.py
[2026-06-12T22:19:31.824+0000] {processor.py:840} INFO - DAG(s) 'example_sla_dag' retrieved from /home/airflow/.local/lib/python3.12/site-packages/airflow/example_dags/example_sla_dag.py
[2026-06-12T22:19:31.856+0000] {logging_mixin.py:188} INFO - [2026-06-12T22:19:31.856+0000] {dag.py:3096} INFO - Sync 1 DAGs
[2026-06-12T22:19:32.189+0000] {logging_mixin.py:188} INFO - [2026-06-12T22:19:32.189+0000] {dag.py:3954} INFO - Setting next_dagrun for example_sla_dag to 2026-06-12 22:16:00+00:00, run_after=2026-06-12 22:18:00+00:00
[2026-06-12T22:19:32.213+0000] {processor.py:183} INFO - Processing /home/airflow/.local/lib/python3.12/site-packages/airflow/example_dags/example_sla_dag.py took 0.414 seconds
[2026-06-12T22:20:02.477+0000] {processor.py:161} INFO - Started process (PID=1341) to work on /home/airflow/.local/lib/python3.12/site-packages/airflow/example_dags/example_sla_dag.py
[2026-06-12T22:20:02.478+0000] {processor.py:830} INFO - Processing file /home/airflow/.local/lib/python3.12/site-packages/airflow/example_dags/example_sla_dag.py for tasks to queue
[2026-06-12T22:20:02.480+0000] {logging_mixin.py:188} INFO - [2026-06-12T22:20:02.480+0000] {dagbag.py:545} INFO - Filling up the DagBag from /home/airflow/.local/lib/python3.12/site-packages/airflow/example_dags/example_sla_dag.py
[2026-06-12T22:20:02.491+0000] {processor.py:840} INFO - DAG(s) 'example_sla_dag' retrieved from /home/airflow/.local/lib/python3.12/site-packages/airflow/example_dags/example_sla_dag.py
[2026-06-12T22:20:02.521+0000] {logging_mixin.py:188} INFO - [2026-06-12T22:20:02.520+0000] {dag.py:3096} INFO - Sync 1 DAGs
[2026-06-12T22:20:02.555+0000] {logging_mixin.py:188} INFO - [2026-06-12T22:20:02.555+0000] {dag.py:3954} INFO - Setting next_dagrun for example_sla_dag to 2026-06-12 22:18:00+00:00, run_after=2026-06-12 22:20:00+00:00
[2026-06-12T22:20:02.576+0000] {processor.py:183} INFO - Processing /home/airflow/.local/lib/python3.12/site-packages/airflow/example_dags/example_sla_dag.py took 0.108 seconds
[2026-06-12T22:20:32.808+0000] {processor.py:161} INFO - Started process (PID=1403) to work on /home/airflow/.local/lib/python3.12/site-packages/airflow/example_dags/example_sla_dag.py
[2026-06-12T22:20:32.809+0000] {processor.py:830} INFO - Processing file /home/airflow/.local/lib/python3.12/site-packages/airflow/example_dags/example_sla_dag.py for tasks to queue
[2026-06-12T22:20:32.814+0000] {logging_mixin.py:188} INFO - [2026-06-12T22:20:32.814+0000] {dagbag.py:545} INFO - Filling up the DagBag from /home/airflow/.local/lib/python3.12/site-packages/airflow/example_dags/example_sla_dag.py
[2026-06-12T22:20:32.825+0000] {processor.py:840} INFO - DAG(s) 'example_sla_dag' retrieved from /home/airflow/.local/lib/python3.12/site-packages/airflow/example_dags/example_sla_dag.py
[2026-06-12T22:20:32.853+0000] {logging_mixin.py:188} INFO - [2026-06-12T22:20:32.852+0000] {dag.py:3096} INFO - Sync 1 DAGs
[2026-06-12T22:20:32.886+0000] {logging_mixin.py:188} INFO - [2026-06-12T22:20:32.885+0000] {dag.py:3954} INFO - Setting next_dagrun for example_sla_dag to 2026-06-12 22:18:00+00:00, run_after=2026-06-12 22:20:00+00:00
[2026-06-12T22:20:32.913+0000] {processor.py:183} INFO - Processing /home/airflow/.local/lib/python3.12/site-packages/airflow/example_dags/example_sla_dag.py took 0.114 seconds
[2026-06-12T22:21:03.833+0000] {processor.py:161} INFO - Started process (PID=1465) to work on /home/airflow/.local/lib/python3.12/site-packages/airflow/example_dags/example_sla_dag.py
[2026-06-12T22:21:03.834+0000] {processor.py:830} INFO - Processing file /home/airflow/.local/lib/python3.12/site-packages/airflow/example_dags/example_sla_dag.py for tasks to queue
[2026-06-12T22:21:03.836+0000] {logging_mixin.py:188} INFO - [2026-06-12T22:21:03.836+0000] {dagbag.py:545} INFO - Filling up the DagBag from /home/airflow/.local/lib/python3.12/site-packages/airflow/example_dags/example_sla_dag.py
[2026-06-12T22:21:03.848+0000] {processor.py:840} INFO - DAG(s) 'example_sla_dag' retrieved from /home/airflow/.local/lib/python3.12/site-packages/airflow/example_dags/example_sla_dag.py
[2026-06-12T22:21:03.882+0000] {logging_mixin.py:188} INFO - [2026-06-12T22:21:03.882+0000] {dag.py:3096} INFO - Sync 1 DAGs
[2026-06-12T22:21:03.903+0000] {logging_mixin.py:188} INFO - [2026-06-12T22:21:03.902+0000] {dag.py:3954} INFO - Setting next_dagrun for example_sla_dag to 2026-06-12 22:18:00+00:00, run_after=2026-06-12 22:20:00+00:00
[2026-06-12T22:21:03.919+0000] {processor.py:183} INFO - Processing /home/airflow/.local/lib/python3.12/site-packages/airflow/example_dags/example_sla_dag.py took 0.094 seconds
[2026-06-12T22:21:35.695+0000] {processor.py:161} INFO - Started process (PID=1527) to work on /home/airflow/.local/lib/python3.12/site-packages/airflow/example_dags/example_sla_dag.py
[2026-06-12T22:21:35.696+0000] {processor.py:830} INFO - Processing file /home/airflow/.local/lib/python3.12/site-packages/airflow/example_dags/example_sla_dag.py for tasks to queue
[2026-06-12T22:21:35.700+0000] {logging_mixin.py:188} INFO - [2026-06-12T22:21:35.700+0000] {dagbag.py:545} INFO - Filling up the DagBag from /home/airflow/.local/lib/python3.12/site-packages/airflow/example_dags/example_sla_dag.py
[2026-06-12T22:21:35.715+0000] {processor.py:840} INFO - DAG(s) 'example_sla_dag' retrieved from /home/airflow/.local/lib/python3.12/site-packages/airflow/example_dags/example_sla_dag.py
[2026-06-12T22:21:35.755+0000] {logging_mixin.py:188} INFO - [2026-06-12T22:21:35.755+0000] {dag.py:3096} INFO - Sync 1 DAGs
[2026-06-12T22:21:35.823+0000] {logging_mixin.py:188} INFO - [2026-06-12T22:21:35.823+0000] {dag.py:3954} INFO - Setting next_dagrun for example_sla_dag to 2026-06-12 22:18:00+00:00, run_after=2026-06-12 22:20:00+00:00
[2026-06-12T22:21:35.862+0000] {processor.py:183} INFO - Processing /home/airflow/.local/lib/python3.12/site-packages/airflow/example_dags/example_sla_dag.py took 0.174 seconds
[2026-06-12T22:22:07.789+0000] {processor.py:161} INFO - Started process (PID=1588) to work on /home/airflow/.local/lib/python3.12/site-packages/airflow/example_dags/example_sla_dag.py
[2026-06-12T22:22:07.792+0000] {processor.py:830} INFO - Processing file /home/airflow/.local/lib/python3.12/site-packages/airflow/example_dags/example_sla_dag.py for tasks to queue
[2026-06-12T22:22:07.795+0000] {logging_mixin.py:188} INFO - [2026-06-12T22:22:07.795+0000] {dagbag.py:545} INFO - Filling up the DagBag from /home/airflow/.local/lib/python3.12/site-packages/airflow/example_dags/example_sla_dag.py
[2026-06-12T22:22:07.810+0000] {processor.py:840} INFO - DAG(s) 'example_sla_dag' retrieved from /home/airflow/.local/lib/python3.12/site-packages/airflow/example_dags/example_sla_dag.py
[2026-06-12T22:22:07.867+0000] {logging_mixin.py:188} INFO - [2026-06-12T22:22:07.866+0000] {dag.py:3096} INFO - Sync 1 DAGs
[2026-06-12T22:22:07.933+0000] {logging_mixin.py:188} INFO - [2026-06-12T22:22:07.932+0000] {dag.py:3954} INFO - Setting next_dagrun for example_sla_dag to 2026-06-12 22:20:00+00:00, run_after=2026-06-12 22:22:00+00:00
[2026-06-12T22:22:07.983+0000] {processor.py:183} INFO - Processing /home/airflow/.local/lib/python3.12/site-packages/airflow/example_dags/example_sla_dag.py took 0.211 seconds
[2026-06-12T22:22:39.085+0000] {processor.py:161} INFO - Started process (PID=1650) to work on /home/airflow/.local/lib/python3.12/site-packages/airflow/example_dags/example_sla_dag.py
[2026-06-12T22:22:39.099+0000] {processor.py:830} INFO - Processing file /home/airflow/.local/lib/python3.12/site-packages/airflow/example_dags/example_sla_dag.py for tasks to queue
[2026-06-12T22:22:39.110+0000] {logging_mixin.py:188} INFO - [2026-06-12T22:22:39.109+0000] {dagbag.py:545} INFO - Filling up the DagBag from /home/airflow/.local/lib/python3.12/site-packages/airflow/example_dags/example_sla_dag.py
[2026-06-12T22:22:39.178+0000] {processor.py:840} INFO - DAG(s) 'example_sla_dag' retrieved from /home/airflow/.local/lib/python3.12/site-packages/airflow/example_dags/example_sla_dag.py
[2026-06-12T22:22:39.294+0000] {logging_mixin.py:188} INFO - [2026-06-12T22:22:39.293+0000] {dag.py:3096} INFO - Sync 1 DAGs
[2026-06-12T22:22:39.392+0000] {logging_mixin.py:188} INFO - [2026-06-12T22:22:39.391+0000] {dag.py:3954} INFO - Setting next_dagrun for example_sla_dag to 2026-06-12 22:20:00+00:00, run_after=2026-06-12 22:22:00+00:00
[2026-06-12T22:22:39.417+0000] {processor.py:183} INFO - Processing /home/airflow/.local/lib/python3.12/site-packages/airflow/example_dags/example_sla_dag.py took 0.395 seconds
[2026-06-12T22:23:10.246+0000] {processor.py:161} INFO - Started process (PID=1712) to work on /home/airflow/.local/lib/python3.12/site-packages/airflow/example_dags/example_sla_dag.py
[2026-06-12T22:23:10.247+0000] {processor.py:830} INFO - Processing file /home/airflow/.local/lib/python3.12/site-packages/airflow/example_dags/example_sla_dag.py for tasks to queue
[2026-06-12T22:23:10.250+0000] {logging_mixin.py:188} INFO - [2026-06-12T22:23:10.249+0000] {dagbag.py:545} INFO - Filling up the DagBag from /home/airflow/.local/lib/python3.12/site-packages/airflow/example_dags/example_sla_dag.py
[2026-06-12T22:23:10.260+0000] {processor.py:840} INFO - DAG(s) 'example_sla_dag' retrieved from /home/airflow/.local/lib/python3.12/site-packages/airflow/example_dags/example_sla_dag.py
[2026-06-12T22:23:10.289+0000] {logging_mixin.py:188} INFO - [2026-06-12T22:23:10.289+0000] {dag.py:3096} INFO - Sync 1 DAGs
[2026-06-12T22:23:10.379+0000] {logging_mixin.py:188} INFO - [2026-06-12T22:23:10.379+0000] {dag.py:3954} INFO - Setting next_dagrun for example_sla_dag to 2026-06-12 22:20:00+00:00, run_after=2026-06-12 22:22:00+00:00
[2026-06-12T22:23:10.416+0000] {processor.py:183} INFO - Processing /home/airflow/.local/lib/python3.12/site-packages/airflow/example_dags/example_sla_dag.py took 0.178 seconds
[2026-06-12T22:23:41.410+0000] {processor.py:161} INFO - Started process (PID=1774) to work on /home/airflow/.local/lib/python3.12/site-packages/airflow/example_dags/example_sla_dag.py
[2026-06-12T22:23:41.411+0000] {processor.py:830} INFO - Processing file /home/airflow/.local/lib/python3.12/site-packages/airflow/example_dags/example_sla_dag.py for tasks to queue
[2026-06-12T22:23:41.413+0000] {logging_mixin.py:188} INFO - [2026-06-12T22:23:41.413+0000] {dagbag.py:545} INFO - Filling up the DagBag from /home/airflow/.local/lib/python3.12/site-packages/airflow/example_dags/example_sla_dag.py
[2026-06-12T22:23:41.423+0000] {processor.py:840} INFO - DAG(s) 'example_sla_dag' retrieved from /home/airflow/.local/lib/python3.12/site-packages/airflow/example_dags/example_sla_dag.py
[2026-06-12T22:23:41.450+0000] {logging_mixin.py:188} INFO - [2026-06-12T22:23:41.450+0000] {dag.py:3096} INFO - Sync 1 DAGs
[2026-06-12T22:23:41.492+0000] {logging_mixin.py:188} INFO - [2026-06-12T22:23:41.491+0000] {dag.py:3954} INFO - Setting next_dagrun for example_sla_dag to 2026-06-12 22:20:00+00:00, run_after=2026-06-12 22:22:00+00:00
[2026-06-12T22:23:41.547+0000] {processor.py:183} INFO - Processing /home/airflow/.local/lib/python3.12/site-packages/airflow/example_dags/example_sla_dag.py took 0.148 seconds
[2026-06-12T22:24:11.770+0000] {processor.py:161} INFO - Started process (PID=1835) to work on /home/airflow/.local/lib/python3.12/site-packages/airflow/example_dags/example_sla_dag.py
[2026-06-12T22:24:11.771+0000] {processor.py:830} INFO - Processing file /home/airflow/.local/lib/python3.12/site-packages/airflow/example_dags/example_sla_dag.py for tasks to queue
[2026-06-12T22:24:11.773+0000] {logging_mixin.py:188} INFO - [2026-06-12T22:24:11.773+0000] {dagbag.py:545} INFO - Filling up the DagBag from /home/airflow/.local/lib/python3.12/site-packages/airflow/example_dags/example_sla_dag.py
[2026-06-12T22:24:11.783+0000] {processor.py:840} INFO - DAG(s) 'example_sla_dag' retrieved from /home/airflow/.local/lib/python3.12/site-packages/airflow/example_dags/example_sla_dag.py
[2026-06-12T22:24:11.809+0000] {logging_mixin.py:188} INFO - [2026-06-12T22:24:11.808+0000] {dag.py:3096} INFO - Sync 1 DAGs
[2026-06-12T22:24:11.889+0000] {logging_mixin.py:188} INFO - [2026-06-12T22:24:11.889+0000] {dag.py:3954} INFO - Setting next_dagrun for example_sla_dag to 2026-06-12 22:22:00+00:00, run_after=2026-06-12 22:24:00+00:00
[2026-06-12T22:24:11.925+0000] {processor.py:183} INFO - Processing /home/airflow/.local/lib/python3.12/site-packages/airflow/example_dags/example_sla_dag.py took 0.162 seconds
[2026-06-12T22:24:42.539+0000] {processor.py:161} INFO - Started process (PID=1897) to work on /home/airflow/.local/lib/python3.12/site-packages/airflow/example_dags/example_sla_dag.py
[2026-06-12T22:24:42.541+0000] {processor.py:830} INFO - Processing file /home/airflow/.local/lib/python3.12/site-packages/airflow/example_dags/example_sla_dag.py for tasks to queue
[2026-06-12T22:24:42.544+0000] {logging_mixin.py:188} INFO - [2026-06-12T22:24:42.543+0000] {dagbag.py:545} INFO - Filling up the DagBag from /home/airflow/.local/lib/python3.12/site-packages/airflow/example_dags/example_sla_dag.py
[2026-06-12T22:24:42.554+0000] {processor.py:840} INFO - DAG(s) 'example_sla_dag' retrieved from /home/airflow/.local/lib/python3.12/site-packages/airflow/example_dags/example_sla_dag.py
[2026-06-12T22:24:42.577+0000] {logging_mixin.py:188} INFO - [2026-06-12T22:24:42.577+0000] {dag.py:3096} INFO - Sync 1 DAGs
[2026-06-12T22:24:42.610+0000] {logging_mixin.py:188} INFO - [2026-06-12T22:24:42.610+0000] {dag.py:3954} INFO - Setting next_dagrun for example_sla_dag to 2026-06-12 22:22:00+00:00, run_after=2026-06-12 22:24:00+00:00
[2026-06-12T22:24:42.635+0000] {processor.py:183} INFO - Processing /home/airflow/.local/lib/python3.12/site-packages/airflow/example_dags/example_sla_dag.py took 0.105 seconds
[2026-06-12T22:25:12.954+0000] {processor.py:161} INFO - Started process (PID=1959) to work on /home/airflow/.local/lib/python3.12/site-packages/airflow/example_dags/example_sla_dag.py
[2026-06-12T22:25:12.955+0000] {processor.py:830} INFO - Processing file /home/airflow/.local/lib/python3.12/site-packages/airflow/example_dags/example_sla_dag.py for tasks to queue
[2026-06-12T22:25:12.957+0000] {logging_mixin.py:188} INFO - [2026-06-12T22:25:12.957+0000] {dagbag.py:545} INFO - Filling up the DagBag from /home/airflow/.local/lib/python3.12/site-packages/airflow/example_dags/example_sla_dag.py
[2026-06-12T22:25:12.968+0000] {processor.py:840} INFO - DAG(s) 'example_sla_dag' retrieved from /home/airflow/.local/lib/python3.12/site-packages/airflow/example_dags/example_sla_dag.py
[2026-06-12T22:25:12.992+0000] {logging_mixin.py:188} INFO - [2026-06-12T22:25:12.992+0000] {dag.py:3096} INFO - Sync 1 DAGs
[2026-06-12T22:25:13.025+0000] {logging_mixin.py:188} INFO - [2026-06-12T22:25:13.024+0000] {dag.py:3954} INFO - Setting next_dagrun for example_sla_dag to 2026-06-12 22:22:00+00:00, run_after=2026-06-12 22:24:00+00:00
[2026-06-12T22:25:13.059+0000] {processor.py:183} INFO - Processing /home/airflow/.local/lib/python3.12/site-packages/airflow/example_dags/example_sla_dag.py took 0.112 seconds
[2026-06-12T22:25:43.438+0000] {processor.py:161} INFO - Started process (PID=2021) to work on /home/airflow/.local/lib/python3.12/site-packages/airflow/example_dags/example_sla_dag.py
[2026-06-12T22:25:43.444+0000] {processor.py:830} INFO - Processing file /home/airflow/.local/lib/python3.12/site-packages/airflow/example_dags/example_sla_dag.py for tasks to queue
[2026-06-12T22:25:43.451+0000] {logging_mixin.py:188} INFO - [2026-06-12T22:25:43.451+0000] {dagbag.py:545} INFO - Filling up the DagBag from /home/airflow/.local/lib/python3.12/site-packages/airflow/example_dags/example_sla_dag.py
[2026-06-12T22:25:43.493+0000] {processor.py:840} INFO - DAG(s) 'example_sla_dag' retrieved from /home/airflow/.local/lib/python3.12/site-packages/airflow/example_dags/example_sla_dag.py
[2026-06-12T22:25:43.537+0000] {logging_mixin.py:188} INFO - [2026-06-12T22:25:43.537+0000] {dag.py:3096} INFO - Sync 1 DAGs
[2026-06-12T22:25:43.570+0000] {logging_mixin.py:188} INFO - [2026-06-12T22:25:43.570+0000] {dag.py:3954} INFO - Setting next_dagrun for example_sla_dag to 2026-06-12 22:22:00+00:00, run_after=2026-06-12 22:24:00+00:00
[2026-06-12T22:25:43.593+0000] {processor.py:183} INFO - Processing /home/airflow/.local/lib/python3.12/site-packages/airflow/example_dags/example_sla_dag.py took 0.178 seconds
[2026-06-12T22:26:13.901+0000] {processor.py:161} INFO - Started process (PID=2083) to work on /home/airflow/.local/lib/python3.12/site-packages/airflow/example_dags/example_sla_dag.py
[2026-06-12T22:26:13.902+0000] {processor.py:830} INFO - Processing file /home/airflow/.local/lib/python3.12/site-packages/airflow/example_dags/example_sla_dag.py for tasks to queue
[2026-06-12T22:26:13.904+0000] {logging_mixin.py:188} INFO - [2026-06-12T22:26:13.904+0000] {dagbag.py:545} INFO - Filling up the DagBag from /home/airflow/.local/lib/python3.12/site-packages/airflow/example_dags/example_sla_dag.py
[2026-06-12T22:26:13.927+0000] {processor.py:840} INFO - DAG(s) 'example_sla_dag' retrieved from /home/airflow/.local/lib/python3.12/site-packages/airflow/example_dags/example_sla_dag.py
[2026-06-12T22:26:13.960+0000] {logging_mixin.py:188} INFO - [2026-06-12T22:26:13.960+0000] {dag.py:3096} INFO - Sync 1 DAGs
[2026-06-12T22:26:13.993+0000] {logging_mixin.py:188} INFO - [2026-06-12T22:26:13.993+0000] {dag.py:3954} INFO - Setting next_dagrun for example_sla_dag to 2026-06-12 22:24:00+00:00, run_after=2026-06-12 22:26:00+00:00
[2026-06-12T22:26:14.014+0000] {processor.py:183} INFO - Processing /home/airflow/.local/lib/python3.12/site-packages/airflow/example_dags/example_sla_dag.py took 0.120 seconds
[2026-06-12T22:26:44.376+0000] {processor.py:161} INFO - Started process (PID=2144) to work on /home/airflow/.local/lib/python3.12/site-packages/airflow/example_dags/example_sla_dag.py
[2026-06-12T22:26:44.377+0000] {processor.py:830} INFO - Processing file /home/airflow/.local/lib/python3.12/site-packages/airflow/example_dags/example_sla_dag.py for tasks to queue
[2026-06-12T22:26:44.379+0000] {logging_mixin.py:188} INFO - [2026-06-12T22:26:44.379+0000] {dagbag.py:545} INFO - Filling up the DagBag from /home/airflow/.local/lib/python3.12/site-packages/airflow/example_dags/example_sla_dag.py
[2026-06-12T22:26:44.389+0000] {processor.py:840} INFO - DAG(s) 'example_sla_dag' retrieved from /home/airflow/.local/lib/python3.12/site-packages/airflow/example_dags/example_sla_dag.py
[2026-06-12T22:26:44.414+0000] {logging_mixin.py:188} INFO - [2026-06-12T22:26:44.414+0000] {dag.py:3096} INFO - Sync 1 DAGs
[2026-06-12T22:26:44.473+0000] {logging_mixin.py:188} INFO - [2026-06-12T22:26:44.473+0000] {dag.py:3954} INFO - Setting next_dagrun for example_sla_dag to 2026-06-12 22:24:00+00:00, run_after=2026-06-12 22:26:00+00:00
[2026-06-12T22:26:44.538+0000] {processor.py:183} INFO - Processing /home/airflow/.local/lib/python3.12/site-packages/airflow/example_dags/example_sla_dag.py took 0.168 seconds
[2026-06-12T22:27:15.401+0000] {processor.py:161} INFO - Started process (PID=2205) to work on /home/airflow/.local/lib/python3.12/site-packages/airflow/example_dags/example_sla_dag.py
[2026-06-12T22:27:15.402+0000] {processor.py:830} INFO - Processing file /home/airflow/.local/lib/python3.12/site-packages/airflow/example_dags/example_sla_dag.py for tasks to queue
[2026-06-12T22:27:15.404+0000] {logging_mixin.py:188} INFO - [2026-06-12T22:27:15.404+0000] {dagbag.py:545} INFO - Filling up the DagBag from /home/airflow/.local/lib/python3.12/site-packages/airflow/example_dags/example_sla_dag.py
[2026-06-12T22:27:15.414+0000] {processor.py:840} INFO - DAG(s) 'example_sla_dag' retrieved from /home/airflow/.local/lib/python3.12/site-packages/airflow/example_dags/example_sla_dag.py
[2026-06-12T22:27:15.437+0000] {logging_mixin.py:188} INFO - [2026-06-12T22:27:15.437+0000] {dag.py:3096} INFO - Sync 1 DAGs
[2026-06-12T22:27:15.468+0000] {logging_mixin.py:188} INFO - [2026-06-12T22:27:15.468+0000] {dag.py:3954} INFO - Setting next_dagrun for example_sla_dag to 2026-06-12 22:24:00+00:00, run_after=2026-06-12 22:26:00+00:00
[2026-06-12T22:27:15.499+0000] {processor.py:183} INFO - Processing /home/airflow/.local/lib/python3.12/site-packages/airflow/example_dags/example_sla_dag.py took 0.108 seconds
[2026-06-12T22:27:45.930+0000] {processor.py:161} INFO - Started process (PID=2267) to work on /home/airflow/.local/lib/python3.12/site-packages/airflow/example_dags/example_sla_dag.py
[2026-06-12T22:27:45.931+0000] {processor.py:830} INFO - Processing file /home/airflow/.local/lib/python3.12/site-packages/airflow/example_dags/example_sla_dag.py for tasks to queue
[2026-06-12T22:27:45.933+0000] {logging_mixin.py:188} INFO - [2026-06-12T22:27:45.933+0000] {dagbag.py:545} INFO - Filling up the DagBag from /home/airflow/.local/lib/python3.12/site-packages/airflow/example_dags/example_sla_dag.py
[2026-06-12T22:27:45.946+0000] {processor.py:840} INFO - DAG(s) 'example_sla_dag' retrieved from /home/airflow/.local/lib/python3.12/site-packages/airflow/example_dags/example_sla_dag.py
[2026-06-12T22:27:45.971+0000] {logging_mixin.py:188} INFO - [2026-06-12T22:27:45.970+0000] {dag.py:3096} INFO - Sync 1 DAGs
[2026-06-12T22:27:46.005+0000] {logging_mixin.py:188} INFO - [2026-06-12T22:27:46.004+0000] {dag.py:3954} INFO - Setting next_dagrun for example_sla_dag to 2026-06-12 22:24:00+00:00, run_after=2026-06-12 22:26:00+00:00
[2026-06-12T22:27:46.026+0000] {processor.py:183} INFO - Processing /home/airflow/.local/lib/python3.12/site-packages/airflow/example_dags/example_sla_dag.py took 0.108 seconds
[2026-06-12T22:28:16.635+0000] {processor.py:161} INFO - Started process (PID=2328) to work on /home/airflow/.local/lib/python3.12/site-packages/airflow/example_dags/example_sla_dag.py
[2026-06-12T22:28:16.642+0000] {processor.py:830} INFO - Processing file /home/airflow/.local/lib/python3.12/site-packages/airflow/example_dags/example_sla_dag.py for tasks to queue
[2026-06-12T22:28:16.648+0000] {logging_mixin.py:188} INFO - [2026-06-12T22:28:16.648+0000] {dagbag.py:545} INFO - Filling up the DagBag from /home/airflow/.local/lib/python3.12/site-packages/airflow/example_dags/example_sla_dag.py
[2026-06-12T22:28:16.679+0000] {processor.py:840} INFO - DAG(s) 'example_sla_dag' retrieved from /home/airflow/.local/lib/python3.12/site-packages/airflow/example_dags/example_sla_dag.py
[2026-06-12T22:28:16.753+0000] {logging_mixin.py:188} INFO - [2026-06-12T22:28:16.753+0000] {dag.py:3096} INFO - Sync 1 DAGs
[2026-06-12T22:28:16.828+0000] {logging_mixin.py:188} INFO - [2026-06-12T22:28:16.828+0000] {dag.py:3954} INFO - Setting next_dagrun for example_sla_dag to 2026-06-12 22:26:00+00:00, run_after=2026-06-12 22:28:00+00:00
[2026-06-12T22:28:16.872+0000] {processor.py:183} INFO - Processing /home/airflow/.local/lib/python3.12/site-packages/airflow/example_dags/example_sla_dag.py took 0.257 seconds
[2026-06-12T22:28:47.117+0000] {processor.py:161} INFO - Started process (PID=2389) to work on /home/airflow/.local/lib/python3.12/site-packages/airflow/example_dags/example_sla_dag.py
[2026-06-12T22:28:47.118+0000] {processor.py:830} INFO - Processing file /home/airflow/.local/lib/python3.12/site-packages/airflow/example_dags/example_sla_dag.py for tasks to queue
[2026-06-12T22:28:47.120+0000] {logging_mixin.py:188} INFO - [2026-06-12T22:28:47.120+0000] {dagbag.py:545} INFO - Filling up the DagBag from /home/airflow/.local/lib/python3.12/site-packages/airflow/example_dags/example_sla_dag.py
[2026-06-12T22:28:47.131+0000] {processor.py:840} INFO - DAG(s) 'example_sla_dag' retrieved from /home/airflow/.local/lib/python3.12/site-packages/airflow/example_dags/example_sla_dag.py
[2026-06-12T22:28:47.149+0000] {logging_mixin.py:188} INFO - [2026-06-12T22:28:47.149+0000] {dag.py:3096} INFO - Sync 1 DAGs
[2026-06-12T22:28:47.181+0000] {logging_mixin.py:188} INFO - [2026-06-12T22:28:47.181+0000] {dag.py:3954} INFO - Setting next_dagrun for example_sla_dag to 2026-06-12 22:26:00+00:00, run_after=2026-06-12 22:28:00+00:00
[2026-06-12T22:28:47.207+0000] {processor.py:183} INFO - Processing /home/airflow/.local/lib/python3.12/site-packages/airflow/example_dags/example_sla_dag.py took 0.097 seconds
[2026-06-12T22:29:17.771+0000] {processor.py:161} INFO - Started process (PID=2451) to work on /home/airflow/.local/lib/python3.12/site-packages/airflow/example_dags/example_sla_dag.py
[2026-06-12T22:29:17.772+0000] {processor.py:830} INFO - Processing file /home/airflow/.local/lib/python3.12/site-packages/airflow/example_dags/example_sla_dag.py for tasks to queue
[2026-06-12T22:29:17.774+0000] {logging_mixin.py:188} INFO - [2026-06-12T22:29:17.774+0000] {dagbag.py:545} INFO - Filling up the DagBag from /home/airflow/.local/lib/python3.12/site-packages/airflow/example_dags/example_sla_dag.py
[2026-06-12T22:29:17.795+0000] {processor.py:840} INFO - DAG(s) 'example_sla_dag' retrieved from /home/airflow/.local/lib/python3.12/site-packages/airflow/example_dags/example_sla_dag.py
[2026-06-12T22:29:17.868+0000] {logging_mixin.py:188} INFO - [2026-06-12T22:29:17.867+0000] {dag.py:3096} INFO - Sync 1 DAGs
[2026-06-12T22:29:17.945+0000] {logging_mixin.py:188} INFO - [2026-06-12T22:29:17.945+0000] {dag.py:3954} INFO - Setting next_dagrun for example_sla_dag to 2026-06-12 22:26:00+00:00, run_after=2026-06-12 22:28:00+00:00
[2026-06-12T22:29:17.972+0000] {processor.py:183} INFO - Processing /home/airflow/.local/lib/python3.12/site-packages/airflow/example_dags/example_sla_dag.py took 0.212 seconds
[2026-06-12T22:29:48.660+0000] {processor.py:161} INFO - Started process (PID=2513) to work on /home/airflow/.local/lib/python3.12/site-packages/airflow/example_dags/example_sla_dag.py
[2026-06-12T22:29:48.661+0000] {processor.py:830} INFO - Processing file /home/airflow/.local/lib/python3.12/site-packages/airflow/example_dags/example_sla_dag.py for tasks to queue
[2026-06-12T22:29:48.663+0000] {logging_mixin.py:188} INFO - [2026-06-12T22:29:48.663+0000] {dagbag.py:545} INFO - Filling up the DagBag from /home/airflow/.local/lib/python3.12/site-packages/airflow/example_dags/example_sla_dag.py
[2026-06-12T22:29:48.691+0000] {processor.py:840} INFO - DAG(s) 'example_sla_dag' retrieved from /home/airflow/.local/lib/python3.12/site-packages/airflow/example_dags/example_sla_dag.py
[2026-06-12T22:29:48.757+0000] {logging_mixin.py:188} INFO - [2026-06-12T22:29:48.756+0000] {dag.py:3096} INFO - Sync 1 DAGs
[2026-06-12T22:29:48.792+0000] {logging_mixin.py:188} INFO - [2026-06-12T22:29:48.791+0000] {dag.py:3954} INFO - Setting next_dagrun for example_sla_dag to 2026-06-12 22:26:00+00:00, run_after=2026-06-12 22:28:00+00:00
[2026-06-12T22:29:48.807+0000] {processor.py:183} INFO - Processing /home/airflow/.local/lib/python3.12/site-packages/airflow/example_dags/example_sla_dag.py took 0.159 seconds
[2026-06-12T22:30:19.067+0000] {processor.py:161} INFO - Started process (PID=2575) to work on /home/airflow/.local/lib/python3.12/site-packages/airflow/example_dags/example_sla_dag.py
[2026-06-12T22:30:19.072+0000] {processor.py:830} INFO - Processing file /home/airflow/.local/lib/python3.12/site-packages/airflow/example_dags/example_sla_dag.py for tasks to queue
[2026-06-12T22:30:19.080+0000] {logging_mixin.py:188} INFO - [2026-06-12T22:30:19.079+0000] {dagbag.py:545} INFO - Filling up the DagBag from /home/airflow/.local/lib/python3.12/site-packages/airflow/example_dags/example_sla_dag.py
[2026-06-12T22:30:19.096+0000] {processor.py:840} INFO - DAG(s) 'example_sla_dag' retrieved from /home/airflow/.local/lib/python3.12/site-packages/airflow/example_dags/example_sla_dag.py
[2026-06-12T22:30:19.131+0000] {logging_mixin.py:188} INFO - [2026-06-12T22:30:19.130+0000] {dag.py:3096} INFO - Sync 1 DAGs
[2026-06-12T22:30:19.172+0000] {logging_mixin.py:188} INFO - [2026-06-12T22:30:19.171+0000] {dag.py:3954} INFO - Setting next_dagrun for example_sla_dag to 2026-06-12 22:28:00+00:00, run_after=2026-06-12 22:30:00+00:00
[2026-06-12T22:30:19.206+0000] {processor.py:183} INFO - Processing /home/airflow/.local/lib/python3.12/site-packages/airflow/example_dags/example_sla_dag.py took 0.148 seconds
[2026-06-12T22:30:49.622+0000] {processor.py:161} INFO - Started process (PID=2637) to work on /home/airflow/.local/lib/python3.12/site-packages/airflow/example_dags/example_sla_dag.py
[2026-06-12T22:30:49.627+0000] {processor.py:830} INFO - Processing file /home/airflow/.local/lib/python3.12/site-packages/airflow/example_dags/example_sla_dag.py for tasks to queue
[2026-06-12T22:30:49.637+0000] {logging_mixin.py:188} INFO - [2026-06-12T22:30:49.631+0000] {dagbag.py:545} INFO - Filling up the DagBag from /home/airflow/.local/lib/python3.12/site-packages/airflow/example_dags/example_sla_dag.py
[2026-06-12T22:30:49.664+0000] {processor.py:840} INFO - DAG(s) 'example_sla_dag' retrieved from /home/airflow/.local/lib/python3.12/site-packages/airflow/example_dags/example_sla_dag.py
[2026-06-12T22:30:49.702+0000] {logging_mixin.py:188} INFO - [2026-06-12T22:30:49.702+0000] {dag.py:3096} INFO - Sync 1 DAGs
[2026-06-12T22:30:49.768+0000] {logging_mixin.py:188} INFO - [2026-06-12T22:30:49.768+0000] {dag.py:3954} INFO - Setting next_dagrun for example_sla_dag to 2026-06-12 22:28:00+00:00, run_after=2026-06-12 22:30:00+00:00
[2026-06-12T22:30:49.795+0000] {processor.py:183} INFO - Processing /home/airflow/.local/lib/python3.12/site-packages/airflow/example_dags/example_sla_dag.py took 0.194 seconds
[2026-06-12T22:31:20.248+0000] {processor.py:161} INFO - Started process (PID=2699) to work on /home/airflow/.local/lib/python3.12/site-packages/airflow/example_dags/example_sla_dag.py
[2026-06-12T22:31:20.253+0000] {processor.py:830} INFO - Processing file /home/airflow/.local/lib/python3.12/site-packages/airflow/example_dags/example_sla_dag.py for tasks to queue
[2026-06-12T22:31:20.277+0000] {logging_mixin.py:188} INFO - [2026-06-12T22:31:20.272+0000] {dagbag.py:545} INFO - Filling up the DagBag from /home/airflow/.local/lib/python3.12/site-packages/airflow/example_dags/example_sla_dag.py
[2026-06-12T22:31:20.352+0000] {processor.py:840} INFO - DAG(s) 'example_sla_dag' retrieved from /home/airflow/.local/lib/python3.12/site-packages/airflow/example_dags/example_sla_dag.py
[2026-06-12T22:31:20.396+0000] {logging_mixin.py:188} INFO - [2026-06-12T22:31:20.395+0000] {dag.py:3096} INFO - Sync 1 DAGs
[2026-06-12T22:31:20.435+0000] {logging_mixin.py:188} INFO - [2026-06-12T22:31:20.435+0000] {dag.py:3954} INFO - Setting next_dagrun for example_sla_dag to 2026-06-12 22:28:00+00:00, run_after=2026-06-12 22:30:00+00:00
[2026-06-12T22:31:20.455+0000] {processor.py:183} INFO - Processing /home/airflow/.local/lib/python3.12/site-packages/airflow/example_dags/example_sla_dag.py took 0.240 seconds
[2026-06-12T22:31:50.594+0000] {processor.py:161} INFO - Started process (PID=2761) to work on /home/airflow/.local/lib/python3.12/site-packages/airflow/example_dags/example_sla_dag.py
[2026-06-12T22:31:50.595+0000] {processor.py:830} INFO - Processing file /home/airflow/.local/lib/python3.12/site-packages/airflow/example_dags/example_sla_dag.py for tasks to queue
[2026-06-12T22:31:50.597+0000] {logging_mixin.py:188} INFO - [2026-06-12T22:31:50.597+0000] {dagbag.py:545} INFO - Filling up the DagBag from /home/airflow/.local/lib/python3.12/site-packages/airflow/example_dags/example_sla_dag.py
[2026-06-12T22:31:50.608+0000] {processor.py:840} INFO - DAG(s) 'example_sla_dag' retrieved from /home/airflow/.local/lib/python3.12/site-packages/airflow/example_dags/example_sla_dag.py
[2026-06-12T22:31:50.633+0000] {logging_mixin.py:188} INFO - [2026-06-12T22:31:50.632+0000] {dag.py:3096} INFO - Sync 1 DAGs
[2026-06-12T22:31:50.657+0000] {logging_mixin.py:188} INFO - [2026-06-12T22:31:50.657+0000] {dag.py:3954} INFO - Setting next_dagrun for example_sla_dag to 2026-06-12 22:28:00+00:00, run_after=2026-06-12 22:30:00+00:00
[2026-06-12T22:31:50.675+0000] {processor.py:183} INFO - Processing /home/airflow/.local/lib/python3.12/site-packages/airflow/example_dags/example_sla_dag.py took 0.088 seconds
[2026-06-12T22:32:20.966+0000] {processor.py:161} INFO - Started process (PID=2823) to work on /home/airflow/.local/lib/python3.12/site-packages/airflow/example_dags/example_sla_dag.py
[2026-06-12T22:32:20.967+0000] {processor.py:830} INFO - Processing file /home/airflow/.local/lib/python3.12/site-packages/airflow/example_dags/example_sla_dag.py for tasks to queue
[2026-06-12T22:32:20.969+0000] {logging_mixin.py:188} INFO - [2026-06-12T22:32:20.969+0000] {dagbag.py:545} INFO - Filling up the DagBag from /home/airflow/.local/lib/python3.12/site-packages/airflow/example_dags/example_sla_dag.py
[2026-06-12T22:32:20.980+0000] {processor.py:840} INFO - DAG(s) 'example_sla_dag' retrieved from /home/airflow/.local/lib/python3.12/site-packages/airflow/example_dags/example_sla_dag.py
[2026-06-12T22:32:21.003+0000] {logging_mixin.py:188} INFO - [2026-06-12T22:32:21.003+0000] {dag.py:3096} INFO - Sync 1 DAGs
[2026-06-12T22:32:21.036+0000] {logging_mixin.py:188} INFO - [2026-06-12T22:32:21.036+0000] {dag.py:3954} INFO - Setting next_dagrun for example_sla_dag to 2026-06-12 22:30:00+00:00, run_after=2026-06-12 22:32:00+00:00
[2026-06-12T22:32:21.058+0000] {processor.py:183} INFO - Processing /home/airflow/.local/lib/python3.12/site-packages/airflow/example_dags/example_sla_dag.py took 0.099 seconds
[2026-06-12T22:32:51.553+0000] {processor.py:161} INFO - Started process (PID=2885) to work on /home/airflow/.local/lib/python3.12/site-packages/airflow/example_dags/example_sla_dag.py
[2026-06-12T22:32:51.561+0000] {processor.py:830} INFO - Processing file /home/airflow/.local/lib/python3.12/site-packages/airflow/example_dags/example_sla_dag.py for tasks to queue
[2026-06-12T22:32:51.567+0000] {logging_mixin.py:188} INFO - [2026-06-12T22:32:51.567+0000] {dagbag.py:545} INFO - Filling up the DagBag from /home/airflow/.local/lib/python3.12/site-packages/airflow/example_dags/example_sla_dag.py
[2026-06-12T22:32:51.595+0000] {processor.py:840} INFO - DAG(s) 'example_sla_dag' retrieved from /home/airflow/.local/lib/python3.12/site-packages/airflow/example_dags/example_sla_dag.py
[2026-06-12T22:32:51.621+0000] {logging_mixin.py:188} INFO - [2026-06-12T22:32:51.621+0000] {dag.py:3096} INFO - Sync 1 DAGs
[2026-06-12T22:32:51.660+0000] {logging_mixin.py:188} INFO - [2026-06-12T22:32:51.660+0000] {dag.py:3954} INFO - Setting next_dagrun for example_sla_dag to 2026-06-12 22:30:00+00:00, run_after=2026-06-12 22:32:00+00:00
[2026-06-12T22:32:51.691+0000] {processor.py:183} INFO - Processing /home/airflow/.local/lib/python3.12/site-packages/airflow/example_dags/example_sla_dag.py took 0.169 seconds
[2026-06-12T22:33:21.872+0000] {processor.py:161} INFO - Started process (PID=2947) to work on /home/airflow/.local/lib/python3.12/site-packages/airflow/example_dags/example_sla_dag.py
[2026-06-12T22:33:21.873+0000] {processor.py:830} INFO - Processing file /home/airflow/.local/lib/python3.12/site-packages/airflow/example_dags/example_sla_dag.py for tasks to queue
[2026-06-12T22:33:21.875+0000] {logging_mixin.py:188} INFO - [2026-06-12T22:33:21.875+0000] {dagbag.py:545} INFO - Filling up the DagBag from /home/airflow/.local/lib/python3.12/site-packages/airflow/example_dags/example_sla_dag.py
[2026-06-12T22:33:21.883+0000] {processor.py:840} INFO - DAG(s) 'example_sla_dag' retrieved from /home/airflow/.local/lib/python3.12/site-packages/airflow/example_dags/example_sla_dag.py
[2026-06-12T22:33:21.905+0000] {logging_mixin.py:188} INFO - [2026-06-12T22:33:21.904+0000] {dag.py:3096} INFO - Sync 1 DAGs
[2026-06-12T22:33:21.943+0000] {logging_mixin.py:188} INFO - [2026-06-12T22:33:21.943+0000] {dag.py:3954} INFO - Setting next_dagrun for example_sla_dag to 2026-06-12 22:30:00+00:00, run_after=2026-06-12 22:32:00+00:00
[2026-06-12T22:33:21.966+0000] {processor.py:183} INFO - Processing /home/airflow/.local/lib/python3.12/site-packages/airflow/example_dags/example_sla_dag.py took 0.099 seconds
[2026-06-12T22:33:52.082+0000] {processor.py:161} INFO - Started process (PID=3009) to work on /home/airflow/.local/lib/python3.12/site-packages/airflow/example_dags/example_sla_dag.py
[2026-06-12T22:33:52.083+0000] {processor.py:830} INFO - Processing file /home/airflow/.local/lib/python3.12/site-packages/airflow/example_dags/example_sla_dag.py for tasks to queue
[2026-06-12T22:33:52.085+0000] {logging_mixin.py:188} INFO - [2026-06-12T22:33:52.085+0000] {dagbag.py:545} INFO - Filling up the DagBag from /home/airflow/.local/lib/python3.12/site-packages/airflow/example_dags/example_sla_dag.py
[2026-06-12T22:33:52.095+0000] {processor.py:840} INFO - DAG(s) 'example_sla_dag' retrieved from /home/airflow/.local/lib/python3.12/site-packages/airflow/example_dags/example_sla_dag.py
[2026-06-12T22:33:52.114+0000] {logging_mixin.py:188} INFO - [2026-06-12T22:33:52.114+0000] {dag.py:3096} INFO - Sync 1 DAGs
[2026-06-12T22:33:52.138+0000] {logging_mixin.py:188} INFO - [2026-06-12T22:33:52.138+0000] {dag.py:3954} INFO - Setting next_dagrun for example_sla_dag to 2026-06-12 22:30:00+00:00, run_after=2026-06-12 22:32:00+00:00
[2026-06-12T22:33:52.152+0000] {processor.py:183} INFO - Processing /home/airflow/.local/lib/python3.12/site-packages/airflow/example_dags/example_sla_dag.py took 0.077 seconds
[2026-06-12T22:34:22.534+0000] {processor.py:161} INFO - Started process (PID=3071) to work on /home/airflow/.local/lib/python3.12/site-packages/airflow/example_dags/example_sla_dag.py
[2026-06-12T22:34:22.535+0000] {processor.py:830} INFO - Processing file /home/airflow/.local/lib/python3.12/site-packages/airflow/example_dags/example_sla_dag.py for tasks to queue
[2026-06-12T22:34:22.537+0000] {logging_mixin.py:188} INFO - [2026-06-12T22:34:22.537+0000] {dagbag.py:545} INFO - Filling up the DagBag from /home/airflow/.local/lib/python3.12/site-packages/airflow/example_dags/example_sla_dag.py
[2026-06-12T22:34:22.549+0000] {processor.py:840} INFO - DAG(s) 'example_sla_dag' retrieved from /home/airflow/.local/lib/python3.12/site-packages/airflow/example_dags/example_sla_dag.py
[2026-06-12T22:34:22.574+0000] {logging_mixin.py:188} INFO - [2026-06-12T22:34:22.573+0000] {dag.py:3096} INFO - Sync 1 DAGs
[2026-06-12T22:34:22.607+0000] {logging_mixin.py:188} INFO - [2026-06-12T22:34:22.606+0000] {dag.py:3954} INFO - Setting next_dagrun for example_sla_dag to 2026-06-12 22:32:00+00:00, run_after=2026-06-12 22:34:00+00:00
[2026-06-12T22:34:22.628+0000] {processor.py:183} INFO - Processing /home/airflow/.local/lib/python3.12/site-packages/airflow/example_dags/example_sla_dag.py took 0.102 seconds
[2026-06-12T22:34:53.250+0000] {processor.py:161} INFO - Started process (PID=3133) to work on /home/airflow/.local/lib/python3.12/site-packages/airflow/example_dags/example_sla_dag.py
[2026-06-12T22:34:53.251+0000] {processor.py:830} INFO - Processing file /home/airflow/.local/lib/python3.12/site-packages/airflow/example_dags/example_sla_dag.py for tasks to queue
[2026-06-12T22:34:53.253+0000] {logging_mixin.py:188} INFO - [2026-06-12T22:34:53.253+0000] {dagbag.py:545} INFO - Filling up the DagBag from /home/airflow/.local/lib/python3.12/site-packages/airflow/example_dags/example_sla_dag.py
[2026-06-12T22:34:53.262+0000] {processor.py:840} INFO - DAG(s) 'example_sla_dag' retrieved from /home/airflow/.local/lib/python3.12/site-packages/airflow/example_dags/example_sla_dag.py
[2026-06-12T22:34:53.279+0000] {logging_mixin.py:188} INFO - [2026-06-12T22:34:53.279+0000] {dag.py:3096} INFO - Sync 1 DAGs
[2026-06-12T22:34:53.299+0000] {logging_mixin.py:188} INFO - [2026-06-12T22:34:53.299+0000] {dag.py:3954} INFO - Setting next_dagrun for example_sla_dag to 2026-06-12 22:32:00+00:00, run_after=2026-06-12 22:34:00+00:00
[2026-06-12T22:34:53.319+0000] {processor.py:183} INFO - Processing /home/airflow/.local/lib/python3.12/site-packages/airflow/example_dags/example_sla_dag.py took 0.077 seconds
[2026-06-12T22:35:24.021+0000] {processor.py:161} INFO - Started process (PID=3201) to work on /home/airflow/.local/lib/python3.12/site-packages/airflow/example_dags/example_sla_dag.py
[2026-06-12T22:35:24.022+0000] {processor.py:830} INFO - Processing file /home/airflow/.local/lib/python3.12/site-packages/airflow/example_dags/example_sla_dag.py for tasks to queue
[2026-06-12T22:35:24.024+0000] {logging_mixin.py:188} INFO - [2026-06-12T22:35:24.023+0000] {dagbag.py:545} INFO - Filling up the DagBag from /home/airflow/.local/lib/python3.12/site-packages/airflow/example_dags/example_sla_dag.py
[2026-06-12T22:35:24.032+0000] {processor.py:840} INFO - DAG(s) 'example_sla_dag' retrieved from /home/airflow/.local/lib/python3.12/site-packages/airflow/example_dags/example_sla_dag.py
[2026-06-12T22:35:24.053+0000] {logging_mixin.py:188} INFO - [2026-06-12T22:35:24.053+0000] {dag.py:3096} INFO - Sync 1 DAGs
[2026-06-12T22:35:24.076+0000] {logging_mixin.py:188} INFO - [2026-06-12T22:35:24.075+0000] {dag.py:3954} INFO - Setting next_dagrun for example_sla_dag to 2026-06-12 22:32:00+00:00, run_after=2026-06-12 22:34:00+00:00
[2026-06-12T22:35:24.092+0000] {processor.py:183} INFO - Processing /home/airflow/.local/lib/python3.12/site-packages/airflow/example_dags/example_sla_dag.py took 0.078 seconds
[2026-06-12T22:35:54.297+0000] {processor.py:161} INFO - Started process (PID=3264) to work on /home/airflow/.local/lib/python3.12/site-packages/airflow/example_dags/example_sla_dag.py
[2026-06-12T22:35:54.299+0000] {processor.py:830} INFO - Processing file /home/airflow/.local/lib/python3.12/site-packages/airflow/example_dags/example_sla_dag.py for tasks to queue
[2026-06-12T22:35:54.301+0000] {logging_mixin.py:188} INFO - [2026-06-12T22:35:54.300+0000] {dagbag.py:545} INFO - Filling up the DagBag from /home/airflow/.local/lib/python3.12/site-packages/airflow/example_dags/example_sla_dag.py
[2026-06-12T22:35:54.314+0000] {processor.py:840} INFO - DAG(s) 'example_sla_dag' retrieved from /home/airflow/.local/lib/python3.12/site-packages/airflow/example_dags/example_sla_dag.py
[2026-06-12T22:35:54.335+0000] {logging_mixin.py:188} INFO - [2026-06-12T22:35:54.334+0000] {dag.py:3096} INFO - Sync 1 DAGs
[2026-06-12T22:35:54.355+0000] {logging_mixin.py:188} INFO - [2026-06-12T22:35:54.355+0000] {dag.py:3954} INFO - Setting next_dagrun for example_sla_dag to 2026-06-12 22:32:00+00:00, run_after=2026-06-12 22:34:00+00:00
[2026-06-12T22:35:54.370+0000] {processor.py:183} INFO - Processing /home/airflow/.local/lib/python3.12/site-packages/airflow/example_dags/example_sla_dag.py took 0.080 seconds
[2026-06-12T22:36:25.191+0000] {processor.py:161} INFO - Started process (PID=3326) to work on /home/airflow/.local/lib/python3.12/site-packages/airflow/example_dags/example_sla_dag.py
[2026-06-12T22:36:25.192+0000] {processor.py:830} INFO - Processing file /home/airflow/.local/lib/python3.12/site-packages/airflow/example_dags/example_sla_dag.py for tasks to queue
[2026-06-12T22:36:25.193+0000] {logging_mixin.py:188} INFO - [2026-06-12T22:36:25.193+0000] {dagbag.py:545} INFO - Filling up the DagBag from /home/airflow/.local/lib/python3.12/site-packages/airflow/example_dags/example_sla_dag.py
[2026-06-12T22:36:25.203+0000] {processor.py:840} INFO - DAG(s) 'example_sla_dag' retrieved from /home/airflow/.local/lib/python3.12/site-packages/airflow/example_dags/example_sla_dag.py
[2026-06-12T22:36:25.226+0000] {logging_mixin.py:188} INFO - [2026-06-12T22:36:25.226+0000] {dag.py:3096} INFO - Sync 1 DAGs
[2026-06-12T22:36:25.247+0000] {logging_mixin.py:188} INFO - [2026-06-12T22:36:25.247+0000] {dag.py:3954} INFO - Setting next_dagrun for example_sla_dag to 2026-06-12 22:34:00+00:00, run_after=2026-06-12 22:36:00+00:00
[2026-06-12T22:36:25.261+0000] {processor.py:183} INFO - Processing /home/airflow/.local/lib/python3.12/site-packages/airflow/example_dags/example_sla_dag.py took 0.077 seconds
[2026-06-12T22:36:55.484+0000] {processor.py:161} INFO - Started process (PID=3388) to work on /home/airflow/.local/lib/python3.12/site-packages/airflow/example_dags/example_sla_dag.py
[2026-06-12T22:36:55.485+0000] {processor.py:830} INFO - Processing file /home/airflow/.local/lib/python3.12/site-packages/airflow/example_dags/example_sla_dag.py for tasks to queue
[2026-06-12T22:36:55.489+0000] {logging_mixin.py:188} INFO - [2026-06-12T22:36:55.489+0000] {dagbag.py:545} INFO - Filling up the DagBag from /home/airflow/.local/lib/python3.12/site-packages/airflow/example_dags/example_sla_dag.py
[2026-06-12T22:36:55.508+0000] {processor.py:840} INFO - DAG(s) 'example_sla_dag' retrieved from /home/airflow/.local/lib/python3.12/site-packages/airflow/example_dags/example_sla_dag.py
[2026-06-12T22:36:55.557+0000] {logging_mixin.py:188} INFO - [2026-06-12T22:36:55.557+0000] {dag.py:3096} INFO - Sync 1 DAGs
[2026-06-12T22:36:55.605+0000] {logging_mixin.py:188} INFO - [2026-06-12T22:36:55.605+0000] {dag.py:3954} INFO - Setting next_dagrun for example_sla_dag to 2026-06-12 22:34:00+00:00, run_after=2026-06-12 22:36:00+00:00
[2026-06-12T22:36:55.631+0000] {processor.py:183} INFO - Processing /home/airflow/.local/lib/python3.12/site-packages/airflow/example_dags/example_sla_dag.py took 0.166 seconds
[2026-06-12T22:37:25.682+0000] {processor.py:161} INFO - Started process (PID=3450) to work on /home/airflow/.local/lib/python3.12/site-packages/airflow/example_dags/example_sla_dag.py
[2026-06-12T22:37:25.683+0000] {processor.py:830} INFO - Processing file /home/airflow/.local/lib/python3.12/site-packages/airflow/example_dags/example_sla_dag.py for tasks to queue
[2026-06-12T22:37:25.688+0000] {logging_mixin.py:188} INFO - [2026-06-12T22:37:25.687+0000] {dagbag.py:545} INFO - Filling up the DagBag from /home/airflow/.local/lib/python3.12/site-packages/airflow/example_dags/example_sla_dag.py
[2026-06-12T22:37:25.702+0000] {processor.py:840} INFO - DAG(s) 'example_sla_dag' retrieved from /home/airflow/.local/lib/python3.12/site-packages/airflow/example_dags/example_sla_dag.py
[2026-06-12T22:37:25.728+0000] {logging_mixin.py:188} INFO - [2026-06-12T22:37:25.728+0000] {dag.py:3096} INFO - Sync 1 DAGs
[2026-06-12T22:37:25.764+0000] {logging_mixin.py:188} INFO - [2026-06-12T22:37:25.764+0000] {dag.py:3954} INFO - Setting next_dagrun for example_sla_dag to 2026-06-12 22:34:00+00:00, run_after=2026-06-12 22:36:00+00:00
[2026-06-12T22:37:25.788+0000] {processor.py:183} INFO - Processing /home/airflow/.local/lib/python3.12/site-packages/airflow/example_dags/example_sla_dag.py took 0.114 seconds
[2026-06-12T22:37:56.827+0000] {processor.py:161} INFO - Started process (PID=3512) to work on /home/airflow/.local/lib/python3.12/site-packages/airflow/example_dags/example_sla_dag.py
[2026-06-12T22:37:56.828+0000] {processor.py:830} INFO - Processing file /home/airflow/.local/lib/python3.12/site-packages/airflow/example_dags/example_sla_dag.py for tasks to queue
[2026-06-12T22:37:56.830+0000] {logging_mixin.py:188} INFO - [2026-06-12T22:37:56.829+0000] {dagbag.py:545} INFO - Filling up the DagBag from /home/airflow/.local/lib/python3.12/site-packages/airflow/example_dags/example_sla_dag.py
[2026-06-12T22:37:56.840+0000] {processor.py:840} INFO - DAG(s) 'example_sla_dag' retrieved from /home/airflow/.local/lib/python3.12/site-packages/airflow/example_dags/example_sla_dag.py
[2026-06-12T22:37:56.865+0000] {logging_mixin.py:188} INFO - [2026-06-12T22:37:56.864+0000] {dag.py:3096} INFO - Sync 1 DAGs
[2026-06-12T22:37:56.896+0000] {logging_mixin.py:188} INFO - [2026-06-12T22:37:56.896+0000] {dag.py:3954} INFO - Setting next_dagrun for example_sla_dag to 2026-06-12 22:34:00+00:00, run_after=2026-06-12 22:36:00+00:00
[2026-06-12T22:37:56.917+0000] {processor.py:183} INFO - Processing /home/airflow/.local/lib/python3.12/site-packages/airflow/example_dags/example_sla_dag.py took 0.112 seconds
[2026-06-12T22:38:27.039+0000] {processor.py:161} INFO - Started process (PID=3574) to work on /home/airflow/.local/lib/python3.12/site-packages/airflow/example_dags/example_sla_dag.py
[2026-06-12T22:38:27.040+0000] {processor.py:830} INFO - Processing file /home/airflow/.local/lib/python3.12/site-packages/airflow/example_dags/example_sla_dag.py for tasks to queue
[2026-06-12T22:38:27.042+0000] {logging_mixin.py:188} INFO - [2026-06-12T22:38:27.042+0000] {dagbag.py:545} INFO - Filling up the DagBag from /home/airflow/.local/lib/python3.12/site-packages/airflow/example_dags/example_sla_dag.py
[2026-06-12T22:38:27.053+0000] {processor.py:840} INFO - DAG(s) 'example_sla_dag' retrieved from /home/airflow/.local/lib/python3.12/site-packages/airflow/example_dags/example_sla_dag.py
[2026-06-12T22:38:27.070+0000] {logging_mixin.py:188} INFO - [2026-06-12T22:38:27.070+0000] {dag.py:3096} INFO - Sync 1 DAGs
[2026-06-12T22:38:27.092+0000] {logging_mixin.py:188} INFO - [2026-06-12T22:38:27.092+0000] {dag.py:3954} INFO - Setting next_dagrun for example_sla_dag to 2026-06-12 22:36:00+00:00, run_after=2026-06-12 22:38:00+00:00
[2026-06-12T22:38:27.109+0000] {processor.py:183} INFO - Processing /home/airflow/.local/lib/python3.12/site-packages/airflow/example_dags/example_sla_dag.py took 0.076 seconds
[2026-06-12T22:38:57.340+0000] {processor.py:161} INFO - Started process (PID=3635) to work on /home/airflow/.local/lib/python3.12/site-packages/airflow/example_dags/example_sla_dag.py
[2026-06-12T22:38:57.341+0000] {processor.py:830} INFO - Processing file /home/airflow/.local/lib/python3.12/site-packages/airflow/example_dags/example_sla_dag.py for tasks to queue
[2026-06-12T22:38:57.343+0000] {logging_mixin.py:188} INFO - [2026-06-12T22:38:57.342+0000] {dagbag.py:545} INFO - Filling up the DagBag from /home/airflow/.local/lib/python3.12/site-packages/airflow/example_dags/example_sla_dag.py
[2026-06-12T22:38:57.353+0000] {processor.py:840} INFO - DAG(s) 'example_sla_dag' retrieved from /home/airflow/.local/lib/python3.12/site-packages/airflow/example_dags/example_sla_dag.py
[2026-06-12T22:38:57.382+0000] {logging_mixin.py:188} INFO - [2026-06-12T22:38:57.382+0000] {dag.py:3096} INFO - Sync 1 DAGs
[2026-06-12T22:38:57.420+0000] {logging_mixin.py:188} INFO - [2026-06-12T22:38:57.419+0000] {dag.py:3954} INFO - Setting next_dagrun for example_sla_dag to 2026-06-12 22:36:00+00:00, run_after=2026-06-12 22:38:00+00:00
[2026-06-12T22:38:57.446+0000] {processor.py:183} INFO - Processing /home/airflow/.local/lib/python3.12/site-packages/airflow/example_dags/example_sla_dag.py took 0.112 seconds
[2026-06-12T22:39:27.865+0000] {processor.py:161} INFO - Started process (PID=3695) to work on /home/airflow/.local/lib/python3.12/site-packages/airflow/example_dags/example_sla_dag.py
[2026-06-12T22:39:27.866+0000] {processor.py:830} INFO - Processing file /home/airflow/.local/lib/python3.12/site-packages/airflow/example_dags/example_sla_dag.py for tasks to queue
[2026-06-12T22:39:27.871+0000] {logging_mixin.py:188} INFO - [2026-06-12T22:39:27.871+0000] {dagbag.py:545} INFO - Filling up the DagBag from /home/airflow/.local/lib/python3.12/site-packages/airflow/example_dags/example_sla_dag.py
[2026-06-12T22:39:27.882+0000] {processor.py:840} INFO - DAG(s) 'example_sla_dag' retrieved from /home/airflow/.local/lib/python3.12/site-packages/airflow/example_dags/example_sla_dag.py
[2026-06-12T22:39:27.909+0000] {logging_mixin.py:188} INFO - [2026-06-12T22:39:27.909+0000] {dag.py:3096} INFO - Sync 1 DAGs
[2026-06-12T22:39:27.940+0000] {logging_mixin.py:188} INFO - [2026-06-12T22:39:27.939+0000] {dag.py:3954} INFO - Setting next_dagrun for example_sla_dag to 2026-06-12 22:36:00+00:00, run_after=2026-06-12 22:38:00+00:00
[2026-06-12T22:39:27.970+0000] {processor.py:183} INFO - Processing /home/airflow/.local/lib/python3.12/site-packages/airflow/example_dags/example_sla_dag.py took 0.114 seconds
[2026-06-12T22:39:58.087+0000] {processor.py:161} INFO - Started process (PID=3757) to work on /home/airflow/.local/lib/python3.12/site-packages/airflow/example_dags/example_sla_dag.py
[2026-06-12T22:39:58.088+0000] {processor.py:830} INFO - Processing file /home/airflow/.local/lib/python3.12/site-packages/airflow/example_dags/example_sla_dag.py for tasks to queue
[2026-06-12T22:39:58.089+0000] {logging_mixin.py:188} INFO - [2026-06-12T22:39:58.089+0000] {dagbag.py:545} INFO - Filling up the DagBag from /home/airflow/.local/lib/python3.12/site-packages/airflow/example_dags/example_sla_dag.py
[2026-06-12T22:39:58.096+0000] {processor.py:840} INFO - DAG(s) 'example_sla_dag' retrieved from /home/airflow/.local/lib/python3.12/site-packages/airflow/example_dags/example_sla_dag.py
[2026-06-12T22:39:58.114+0000] {logging_mixin.py:188} INFO - [2026-06-12T22:39:58.113+0000] {dag.py:3096} INFO - Sync 1 DAGs
[2026-06-12T22:39:58.139+0000] {logging_mixin.py:188} INFO - [2026-06-12T22:39:58.139+0000] {dag.py:3954} INFO - Setting next_dagrun for example_sla_dag to 2026-06-12 22:36:00+00:00, run_after=2026-06-12 22:38:00+00:00
[2026-06-12T22:39:58.155+0000] {processor.py:183} INFO - Processing /home/airflow/.local/lib/python3.12/site-packages/airflow/example_dags/example_sla_dag.py took 0.074 seconds
[2026-06-12T22:40:29.207+0000] {processor.py:161} INFO - Started process (PID=3819) to work on /home/airflow/.local/lib/python3.12/site-packages/airflow/example_dags/example_sla_dag.py
[2026-06-12T22:40:29.208+0000] {processor.py:830} INFO - Processing file /home/airflow/.local/lib/python3.12/site-packages/airflow/example_dags/example_sla_dag.py for tasks to queue
[2026-06-12T22:40:29.212+0000] {logging_mixin.py:188} INFO - [2026-06-12T22:40:29.212+0000] {dagbag.py:545} INFO - Filling up the DagBag from /home/airflow/.local/lib/python3.12/site-packages/airflow/example_dags/example_sla_dag.py
[2026-06-12T22:40:29.224+0000] {processor.py:840} INFO - DAG(s) 'example_sla_dag' retrieved from /home/airflow/.local/lib/python3.12/site-packages/airflow/example_dags/example_sla_dag.py
[2026-06-12T22:40:29.251+0000] {logging_mixin.py:188} INFO - [2026-06-12T22:40:29.250+0000] {dag.py:3096} INFO - Sync 1 DAGs
[2026-06-12T22:40:29.283+0000] {logging_mixin.py:188} INFO - [2026-06-12T22:40:29.283+0000] {dag.py:3954} INFO - Setting next_dagrun for example_sla_dag to 2026-06-12 22:38:00+00:00, run_after=2026-06-12 22:40:00+00:00
[2026-06-12T22:40:29.303+0000] {processor.py:183} INFO - Processing /home/airflow/.local/lib/python3.12/site-packages/airflow/example_dags/example_sla_dag.py took 0.105 seconds
[2026-06-12T22:40:59.988+0000] {processor.py:161} INFO - Started process (PID=3882) to work on /home/airflow/.local/lib/python3.12/site-packages/airflow/example_dags/example_sla_dag.py
[2026-06-12T22:40:59.990+0000] {processor.py:830} INFO - Processing file /home/airflow/.local/lib/python3.12/site-packages/airflow/example_dags/example_sla_dag.py for tasks to queue
[2026-06-12T22:40:59.993+0000] {logging_mixin.py:188} INFO - [2026-06-12T22:40:59.992+0000] {dagbag.py:545} INFO - Filling up the DagBag from /home/airflow/.local/lib/python3.12/site-packages/airflow/example_dags/example_sla_dag.py
[2026-06-12T22:41:00.003+0000] {processor.py:840} INFO - DAG(s) 'example_sla_dag' retrieved from /home/airflow/.local/lib/python3.12/site-packages/airflow/example_dags/example_sla_dag.py
[2026-06-12T22:41:00.027+0000] {logging_mixin.py:188} INFO - [2026-06-12T22:41:00.026+0000] {dag.py:3096} INFO - Sync 1 DAGs
[2026-06-12T22:41:00.070+0000] {logging_mixin.py:188} INFO - [2026-06-12T22:41:00.070+0000] {dag.py:3954} INFO - Setting next_dagrun for example_sla_dag to 2026-06-12 22:38:00+00:00, run_after=2026-06-12 22:40:00+00:00
[2026-06-12T22:41:00.091+0000] {processor.py:183} INFO - Processing /home/airflow/.local/lib/python3.12/site-packages/airflow/example_dags/example_sla_dag.py took 0.111 seconds
[2026-06-12T22:41:30.983+0000] {processor.py:161} INFO - Started process (PID=3945) to work on /home/airflow/.local/lib/python3.12/site-packages/airflow/example_dags/example_sla_dag.py
[2026-06-12T22:41:30.987+0000] {processor.py:830} INFO - Processing file /home/airflow/.local/lib/python3.12/site-packages/airflow/example_dags/example_sla_dag.py for tasks to queue
[2026-06-12T22:41:30.990+0000] {logging_mixin.py:188} INFO - [2026-06-12T22:41:30.990+0000] {dagbag.py:545} INFO - Filling up the DagBag from /home/airflow/.local/lib/python3.12/site-packages/airflow/example_dags/example_sla_dag.py
[2026-06-12T22:41:31.012+0000] {processor.py:840} INFO - DAG(s) 'example_sla_dag' retrieved from /home/airflow/.local/lib/python3.12/site-packages/airflow/example_dags/example_sla_dag.py
[2026-06-12T22:41:31.059+0000] {logging_mixin.py:188} INFO - [2026-06-12T22:41:31.058+0000] {dag.py:3096} INFO - Sync 1 DAGs
[2026-06-12T22:41:31.129+0000] {logging_mixin.py:188} INFO - [2026-06-12T22:41:31.129+0000] {dag.py:3954} INFO - Setting next_dagrun for example_sla_dag to 2026-06-12 22:38:00+00:00, run_after=2026-06-12 22:40:00+00:00
[2026-06-12T22:41:31.153+0000] {processor.py:183} INFO - Processing /home/airflow/.local/lib/python3.12/site-packages/airflow/example_dags/example_sla_dag.py took 0.184 seconds
[2026-06-12T22:42:01.825+0000] {processor.py:161} INFO - Started process (PID=4007) to work on /home/airflow/.local/lib/python3.12/site-packages/airflow/example_dags/example_sla_dag.py
[2026-06-12T22:42:01.826+0000] {processor.py:830} INFO - Processing file /home/airflow/.local/lib/python3.12/site-packages/airflow/example_dags/example_sla_dag.py for tasks to queue
[2026-06-12T22:42:01.829+0000] {logging_mixin.py:188} INFO - [2026-06-12T22:42:01.828+0000] {dagbag.py:545} INFO - Filling up the DagBag from /home/airflow/.local/lib/python3.12/site-packages/airflow/example_dags/example_sla_dag.py
[2026-06-12T22:42:01.840+0000] {processor.py:840} INFO - DAG(s) 'example_sla_dag' retrieved from /home/airflow/.local/lib/python3.12/site-packages/airflow/example_dags/example_sla_dag.py
[2026-06-12T22:42:01.873+0000] {logging_mixin.py:188} INFO - [2026-06-12T22:42:01.872+0000] {dag.py:3096} INFO - Sync 1 DAGs
[2026-06-12T22:42:01.912+0000] {logging_mixin.py:188} INFO - [2026-06-12T22:42:01.911+0000] {dag.py:3954} INFO - Setting next_dagrun for example_sla_dag to 2026-06-12 22:40:00+00:00, run_after=2026-06-12 22:42:00+00:00
[2026-06-12T22:42:01.934+0000] {processor.py:183} INFO - Processing /home/airflow/.local/lib/python3.12/site-packages/airflow/example_dags/example_sla_dag.py took 0.134 seconds
[2026-06-12T22:42:31.996+0000] {processor.py:161} INFO - Started process (PID=4069) to work on /home/airflow/.local/lib/python3.12/site-packages/airflow/example_dags/example_sla_dag.py
[2026-06-12T22:42:31.996+0000] {processor.py:830} INFO - Processing file /home/airflow/.local/lib/python3.12/site-packages/airflow/example_dags/example_sla_dag.py for tasks to queue
[2026-06-12T22:42:31.998+0000] {logging_mixin.py:188} INFO - [2026-06-12T22:42:31.997+0000] {dagbag.py:545} INFO - Filling up the DagBag from /home/airflow/.local/lib/python3.12/site-packages/airflow/example_dags/example_sla_dag.py
[2026-06-12T22:42:32.005+0000] {processor.py:840} INFO - DAG(s) 'example_sla_dag' retrieved from /home/airflow/.local/lib/python3.12/site-packages/airflow/example_dags/example_sla_dag.py
[2026-06-12T22:42:32.026+0000] {logging_mixin.py:188} INFO - [2026-06-12T22:42:32.025+0000] {dag.py:3096} INFO - Sync 1 DAGs
[2026-06-12T22:42:32.048+0000] {logging_mixin.py:188} INFO - [2026-06-12T22:42:32.048+0000] {dag.py:3954} INFO - Setting next_dagrun for example_sla_dag to 2026-06-12 22:40:00+00:00, run_after=2026-06-12 22:42:00+00:00
[2026-06-12T22:42:32.063+0000] {processor.py:183} INFO - Processing /home/airflow/.local/lib/python3.12/site-packages/airflow/example_dags/example_sla_dag.py took 0.073 seconds
[2026-06-12T22:43:02.132+0000] {processor.py:161} INFO - Started process (PID=4131) to work on /home/airflow/.local/lib/python3.12/site-packages/airflow/example_dags/example_sla_dag.py
[2026-06-12T22:43:02.133+0000] {processor.py:830} INFO - Processing file /home/airflow/.local/lib/python3.12/site-packages/airflow/example_dags/example_sla_dag.py for tasks to queue
[2026-06-12T22:43:02.135+0000] {logging_mixin.py:188} INFO - [2026-06-12T22:43:02.135+0000] {dagbag.py:545} INFO - Filling up the DagBag from /home/airflow/.local/lib/python3.12/site-packages/airflow/example_dags/example_sla_dag.py
[2026-06-12T22:43:02.146+0000] {processor.py:840} INFO - DAG(s) 'example_sla_dag' retrieved from /home/airflow/.local/lib/python3.12/site-packages/airflow/example_dags/example_sla_dag.py
[2026-06-12T22:43:02.167+0000] {logging_mixin.py:188} INFO - [2026-06-12T22:43:02.167+0000] {dag.py:3096} INFO - Sync 1 DAGs
[2026-06-12T22:43:02.191+0000] {logging_mixin.py:188} INFO - [2026-06-12T22:43:02.190+0000] {dag.py:3954} INFO - Setting next_dagrun for example_sla_dag to 2026-06-12 22:40:00+00:00, run_after=2026-06-12 22:42:00+00:00
[2026-06-12T22:43:02.208+0000] {processor.py:183} INFO - Processing /home/airflow/.local/lib/python3.12/site-packages/airflow/example_dags/example_sla_dag.py took 0.090 seconds
[2026-06-12T22:43:32.595+0000] {processor.py:161} INFO - Started process (PID=4193) to work on /home/airflow/.local/lib/python3.12/site-packages/airflow/example_dags/example_sla_dag.py
[2026-06-12T22:43:32.597+0000] {processor.py:830} INFO - Processing file /home/airflow/.local/lib/python3.12/site-packages/airflow/example_dags/example_sla_dag.py for tasks to queue
[2026-06-12T22:43:32.599+0000] {logging_mixin.py:188} INFO - [2026-06-12T22:43:32.599+0000] {dagbag.py:545} INFO - Filling up the DagBag from /home/airflow/.local/lib/python3.12/site-packages/airflow/example_dags/example_sla_dag.py
[2026-06-12T22:43:32.610+0000] {processor.py:840} INFO - DAG(s) 'example_sla_dag' retrieved from /home/airflow/.local/lib/python3.12/site-packages/airflow/example_dags/example_sla_dag.py
[2026-06-12T22:43:32.654+0000] {logging_mixin.py:188} INFO - [2026-06-12T22:43:32.653+0000] {dag.py:3096} INFO - Sync 1 DAGs
[2026-06-12T22:43:32.753+0000] {logging_mixin.py:188} INFO - [2026-06-12T22:43:32.753+0000] {dag.py:3954} INFO - Setting next_dagrun for example_sla_dag to 2026-06-12 22:40:00+00:00, run_after=2026-06-12 22:42:00+00:00
[2026-06-12T22:43:32.780+0000] {processor.py:183} INFO - Processing /home/airflow/.local/lib/python3.12/site-packages/airflow/example_dags/example_sla_dag.py took 0.192 seconds
[2026-06-12T22:44:03.000+0000] {processor.py:161} INFO - Started process (PID=4255) to work on /home/airflow/.local/lib/python3.12/site-packages/airflow/example_dags/example_sla_dag.py
[2026-06-12T22:44:03.004+0000] {processor.py:830} INFO - Processing file /home/airflow/.local/lib/python3.12/site-packages/airflow/example_dags/example_sla_dag.py for tasks to queue
[2026-06-12T22:44:03.009+0000] {logging_mixin.py:188} INFO - [2026-06-12T22:44:03.009+0000] {dagbag.py:545} INFO - Filling up the DagBag from /home/airflow/.local/lib/python3.12/site-packages/airflow/example_dags/example_sla_dag.py
[2026-06-12T22:44:03.023+0000] {processor.py:840} INFO - DAG(s) 'example_sla_dag' retrieved from /home/airflow/.local/lib/python3.12/site-packages/airflow/example_dags/example_sla_dag.py
[2026-06-12T22:44:03.064+0000] {logging_mixin.py:188} INFO - [2026-06-12T22:44:03.064+0000] {dag.py:3096} INFO - Sync 1 DAGs
[2026-06-12T22:44:03.098+0000] {logging_mixin.py:188} INFO - [2026-06-12T22:44:03.098+0000] {dag.py:3954} INFO - Setting next_dagrun for example_sla_dag to 2026-06-12 22:42:00+00:00, run_after=2026-06-12 22:44:00+00:00
[2026-06-12T22:44:03.124+0000] {processor.py:183} INFO - Processing /home/airflow/.local/lib/python3.12/site-packages/airflow/example_dags/example_sla_dag.py took 0.136 seconds
[2026-06-12T22:44:34.015+0000] {processor.py:161} INFO - Started process (PID=4317) to work on /home/airflow/.local/lib/python3.12/site-packages/airflow/example_dags/example_sla_dag.py
[2026-06-12T22:44:34.016+0000] {processor.py:830} INFO - Processing file /home/airflow/.local/lib/python3.12/site-packages/airflow/example_dags/example_sla_dag.py for tasks to queue
[2026-06-12T22:44:34.018+0000] {logging_mixin.py:188} INFO - [2026-06-12T22:44:34.017+0000] {dagbag.py:545} INFO - Filling up the DagBag from /home/airflow/.local/lib/python3.12/site-packages/airflow/example_dags/example_sla_dag.py
[2026-06-12T22:44:34.028+0000] {processor.py:840} INFO - DAG(s) 'example_sla_dag' retrieved from /home/airflow/.local/lib/python3.12/site-packages/airflow/example_dags/example_sla_dag.py
[2026-06-12T22:44:34.053+0000] {logging_mixin.py:188} INFO - [2026-06-12T22:44:34.053+0000] {dag.py:3096} INFO - Sync 1 DAGs
[2026-06-12T22:44:34.085+0000] {logging_mixin.py:188} INFO - [2026-06-12T22:44:34.084+0000] {dag.py:3954} INFO - Setting next_dagrun for example_sla_dag to 2026-06-12 22:42:00+00:00, run_after=2026-06-12 22:44:00+00:00
[2026-06-12T22:44:34.104+0000] {processor.py:183} INFO - Processing /home/airflow/.local/lib/python3.12/site-packages/airflow/example_dags/example_sla_dag.py took 0.101 seconds
[2026-06-12T22:45:04.974+0000] {processor.py:161} INFO - Started process (PID=4378) to work on /home/airflow/.local/lib/python3.12/site-packages/airflow/example_dags/example_sla_dag.py
[2026-06-12T22:45:04.975+0000] {processor.py:830} INFO - Processing file /home/airflow/.local/lib/python3.12/site-packages/airflow/example_dags/example_sla_dag.py for tasks to queue
[2026-06-12T22:45:04.977+0000] {logging_mixin.py:188} INFO - [2026-06-12T22:45:04.977+0000] {dagbag.py:545} INFO - Filling up the DagBag from /home/airflow/.local/lib/python3.12/site-packages/airflow/example_dags/example_sla_dag.py
[2026-06-12T22:45:04.988+0000] {processor.py:840} INFO - DAG(s) 'example_sla_dag' retrieved from /home/airflow/.local/lib/python3.12/site-packages/airflow/example_dags/example_sla_dag.py
[2026-06-12T22:45:05.015+0000] {logging_mixin.py:188} INFO - [2026-06-12T22:45:05.014+0000] {dag.py:3096} INFO - Sync 1 DAGs
[2026-06-12T22:45:05.052+0000] {logging_mixin.py:188} INFO - [2026-06-12T22:45:05.052+0000] {dag.py:3954} INFO - Setting next_dagrun for example_sla_dag to 2026-06-12 22:42:00+00:00, run_after=2026-06-12 22:44:00+00:00
[2026-06-12T22:45:05.073+0000] {processor.py:183} INFO - Processing /home/airflow/.local/lib/python3.12/site-packages/airflow/example_dags/example_sla_dag.py took 0.107 seconds
[2026-06-12T22:45:35.260+0000] {processor.py:161} INFO - Started process (PID=4439) to work on /home/airflow/.local/lib/python3.12/site-packages/airflow/example_dags/example_sla_dag.py
[2026-06-12T22:45:35.261+0000] {processor.py:830} INFO - Processing file /home/airflow/.local/lib/python3.12/site-packages/airflow/example_dags/example_sla_dag.py for tasks to queue
[2026-06-12T22:45:35.263+0000] {logging_mixin.py:188} INFO - [2026-06-12T22:45:35.263+0000] {dagbag.py:545} INFO - Filling up the DagBag from /home/airflow/.local/lib/python3.12/site-packages/airflow/example_dags/example_sla_dag.py
[2026-06-12T22:45:35.275+0000] {processor.py:840} INFO - DAG(s) 'example_sla_dag' retrieved from /home/airflow/.local/lib/python3.12/site-packages/airflow/example_dags/example_sla_dag.py
[2026-06-12T22:45:35.300+0000] {logging_mixin.py:188} INFO - [2026-06-12T22:45:35.300+0000] {dag.py:3096} INFO - Sync 1 DAGs
[2026-06-12T22:45:35.336+0000] {logging_mixin.py:188} INFO - [2026-06-12T22:45:35.336+0000] {dag.py:3954} INFO - Setting next_dagrun for example_sla_dag to 2026-06-12 22:42:00+00:00, run_after=2026-06-12 22:44:00+00:00
[2026-06-12T22:45:35.359+0000] {processor.py:183} INFO - Processing /home/airflow/.local/lib/python3.12/site-packages/airflow/example_dags/example_sla_dag.py took 0.111 seconds
[2026-06-12T22:46:06.079+0000] {processor.py:161} INFO - Started process (PID=4501) to work on /home/airflow/.local/lib/python3.12/site-packages/airflow/example_dags/example_sla_dag.py
[2026-06-12T22:46:06.081+0000] {processor.py:830} INFO - Processing file /home/airflow/.local/lib/python3.12/site-packages/airflow/example_dags/example_sla_dag.py for tasks to queue
[2026-06-12T22:46:06.085+0000] {logging_mixin.py:188} INFO - [2026-06-12T22:46:06.085+0000] {dagbag.py:545} INFO - Filling up the DagBag from /home/airflow/.local/lib/python3.12/site-packages/airflow/example_dags/example_sla_dag.py
[2026-06-12T22:46:06.096+0000] {processor.py:840} INFO - DAG(s) 'example_sla_dag' retrieved from /home/airflow/.local/lib/python3.12/site-packages/airflow/example_dags/example_sla_dag.py
[2026-06-12T22:46:06.120+0000] {logging_mixin.py:188} INFO - [2026-06-12T22:46:06.120+0000] {dag.py:3096} INFO - Sync 1 DAGs
[2026-06-12T22:46:06.152+0000] {logging_mixin.py:188} INFO - [2026-06-12T22:46:06.151+0000] {dag.py:3954} INFO - Setting next_dagrun for example_sla_dag to 2026-06-12 22:44:00+00:00, run_after=2026-06-12 22:46:00+00:00
[2026-06-12T22:46:06.172+0000] {processor.py:183} INFO - Processing /home/airflow/.local/lib/python3.12/site-packages/airflow/example_dags/example_sla_dag.py took 0.103 seconds
[2026-06-12T22:46:36.580+0000] {processor.py:161} INFO - Started process (PID=4563) to work on /home/airflow/.local/lib/python3.12/site-packages/airflow/example_dags/example_sla_dag.py
[2026-06-12T22:46:36.581+0000] {processor.py:830} INFO - Processing file /home/airflow/.local/lib/python3.12/site-packages/airflow/example_dags/example_sla_dag.py for tasks to queue
[2026-06-12T22:46:36.582+0000] {logging_mixin.py:188} INFO - [2026-06-12T22:46:36.582+0000] {dagbag.py:545} INFO - Filling up the DagBag from /home/airflow/.local/lib/python3.12/site-packages/airflow/example_dags/example_sla_dag.py
[2026-06-12T22:46:36.593+0000] {processor.py:840} INFO - DAG(s) 'example_sla_dag' retrieved from /home/airflow/.local/lib/python3.12/site-packages/airflow/example_dags/example_sla_dag.py
[2026-06-12T22:46:36.619+0000] {logging_mixin.py:188} INFO - [2026-06-12T22:46:36.619+0000] {dag.py:3096} INFO - Sync 1 DAGs
[2026-06-12T22:46:36.660+0000] {logging_mixin.py:188} INFO - [2026-06-12T22:46:36.659+0000] {dag.py:3954} INFO - Setting next_dagrun for example_sla_dag to 2026-06-12 22:44:00+00:00, run_after=2026-06-12 22:46:00+00:00
[2026-06-12T22:46:36.685+0000] {processor.py:183} INFO - Processing /home/airflow/.local/lib/python3.12/site-packages/airflow/example_dags/example_sla_dag.py took 0.112 seconds
[2026-06-12T22:47:07.139+0000] {processor.py:161} INFO - Started process (PID=4625) to work on /home/airflow/.local/lib/python3.12/site-packages/airflow/example_dags/example_sla_dag.py
[2026-06-12T22:47:07.140+0000] {processor.py:830} INFO - Processing file /home/airflow/.local/lib/python3.12/site-packages/airflow/example_dags/example_sla_dag.py for tasks to queue
[2026-06-12T22:47:07.143+0000] {logging_mixin.py:188} INFO - [2026-06-12T22:47:07.142+0000] {dagbag.py:545} INFO - Filling up the DagBag from /home/airflow/.local/lib/python3.12/site-packages/airflow/example_dags/example_sla_dag.py
[2026-06-12T22:47:07.161+0000] {processor.py:840} INFO - DAG(s) 'example_sla_dag' retrieved from /home/airflow/.local/lib/python3.12/site-packages/airflow/example_dags/example_sla_dag.py
[2026-06-12T22:47:07.211+0000] {logging_mixin.py:188} INFO - [2026-06-12T22:47:07.211+0000] {dag.py:3096} INFO - Sync 1 DAGs
[2026-06-12T22:47:07.243+0000] {logging_mixin.py:188} INFO - [2026-06-12T22:47:07.243+0000] {dag.py:3954} INFO - Setting next_dagrun for example_sla_dag to 2026-06-12 22:44:00+00:00, run_after=2026-06-12 22:46:00+00:00
[2026-06-12T22:47:07.263+0000] {processor.py:183} INFO - Processing /home/airflow/.local/lib/python3.12/site-packages/airflow/example_dags/example_sla_dag.py took 0.142 seconds
[2026-06-12T22:47:37.418+0000] {processor.py:161} INFO - Started process (PID=4687) to work on /home/airflow/.local/lib/python3.12/site-packages/airflow/example_dags/example_sla_dag.py
[2026-06-12T22:47:37.419+0000] {processor.py:830} INFO - Processing file /home/airflow/.local/lib/python3.12/site-packages/airflow/example_dags/example_sla_dag.py for tasks to queue
[2026-06-12T22:47:37.421+0000] {logging_mixin.py:188} INFO - [2026-06-12T22:47:37.421+0000] {dagbag.py:545} INFO - Filling up the DagBag from /home/airflow/.local/lib/python3.12/site-packages/airflow/example_dags/example_sla_dag.py
[2026-06-12T22:47:37.432+0000] {processor.py:840} INFO - DAG(s) 'example_sla_dag' retrieved from /home/airflow/.local/lib/python3.12/site-packages/airflow/example_dags/example_sla_dag.py
[2026-06-12T22:47:37.456+0000] {logging_mixin.py:188} INFO - [2026-06-12T22:47:37.456+0000] {dag.py:3096} INFO - Sync 1 DAGs
[2026-06-12T22:47:37.494+0000] {logging_mixin.py:188} INFO - [2026-06-12T22:47:37.493+0000] {dag.py:3954} INFO - Setting next_dagrun for example_sla_dag to 2026-06-12 22:44:00+00:00, run_after=2026-06-12 22:46:00+00:00
[2026-06-12T22:47:37.538+0000] {processor.py:183} INFO - Processing /home/airflow/.local/lib/python3.12/site-packages/airflow/example_dags/example_sla_dag.py took 0.130 seconds
[2026-06-12T22:48:08.099+0000] {processor.py:161} INFO - Started process (PID=4749) to work on /home/airflow/.local/lib/python3.12/site-packages/airflow/example_dags/example_sla_dag.py
[2026-06-12T22:48:08.100+0000] {processor.py:830} INFO - Processing file /home/airflow/.local/lib/python3.12/site-packages/airflow/example_dags/example_sla_dag.py for tasks to queue
[2026-06-12T22:48:08.102+0000] {logging_mixin.py:188} INFO - [2026-06-12T22:48:08.101+0000] {dagbag.py:545} INFO - Filling up the DagBag from /home/airflow/.local/lib/python3.12/site-packages/airflow/example_dags/example_sla_dag.py
[2026-06-12T22:48:08.111+0000] {processor.py:840} INFO - DAG(s) 'example_sla_dag' retrieved from /home/airflow/.local/lib/python3.12/site-packages/airflow/example_dags/example_sla_dag.py
[2026-06-12T22:48:08.135+0000] {logging_mixin.py:188} INFO - [2026-06-12T22:48:08.134+0000] {dag.py:3096} INFO - Sync 1 DAGs
[2026-06-12T22:48:08.170+0000] {logging_mixin.py:188} INFO - [2026-06-12T22:48:08.169+0000] {dag.py:3954} INFO - Setting next_dagrun for example_sla_dag to 2026-06-12 22:46:00+00:00, run_after=2026-06-12 22:48:00+00:00
[2026-06-12T22:48:08.191+0000] {processor.py:183} INFO - Processing /home/airflow/.local/lib/python3.12/site-packages/airflow/example_dags/example_sla_dag.py took 0.100 seconds
[2026-06-12T22:48:38.353+0000] {processor.py:161} INFO - Started process (PID=4811) to work on /home/airflow/.local/lib/python3.12/site-packages/airflow/example_dags/example_sla_dag.py
[2026-06-12T22:48:38.356+0000] {processor.py:830} INFO - Processing file /home/airflow/.local/lib/python3.12/site-packages/airflow/example_dags/example_sla_dag.py for tasks to queue
[2026-06-12T22:48:38.359+0000] {logging_mixin.py:188} INFO - [2026-06-12T22:48:38.359+0000] {dagbag.py:545} INFO - Filling up the DagBag from /home/airflow/.local/lib/python3.12/site-packages/airflow/example_dags/example_sla_dag.py
[2026-06-12T22:48:38.370+0000] {processor.py:840} INFO - DAG(s) 'example_sla_dag' retrieved from /home/airflow/.local/lib/python3.12/site-packages/airflow/example_dags/example_sla_dag.py
[2026-06-12T22:48:38.396+0000] {logging_mixin.py:188} INFO - [2026-06-12T22:48:38.395+0000] {dag.py:3096} INFO - Sync 1 DAGs
[2026-06-12T22:48:38.430+0000] {logging_mixin.py:188} INFO - [2026-06-12T22:48:38.430+0000] {dag.py:3954} INFO - Setting next_dagrun for example_sla_dag to 2026-06-12 22:46:00+00:00, run_after=2026-06-12 22:48:00+00:00
[2026-06-12T22:48:38.468+0000] {processor.py:183} INFO - Processing /home/airflow/.local/lib/python3.12/site-packages/airflow/example_dags/example_sla_dag.py took 0.129 seconds
[2026-06-12T22:49:09.105+0000] {processor.py:161} INFO - Started process (PID=4873) to work on /home/airflow/.local/lib/python3.12/site-packages/airflow/example_dags/example_sla_dag.py
[2026-06-12T22:49:09.106+0000] {processor.py:830} INFO - Processing file /home/airflow/.local/lib/python3.12/site-packages/airflow/example_dags/example_sla_dag.py for tasks to queue
[2026-06-12T22:49:09.108+0000] {logging_mixin.py:188} INFO - [2026-06-12T22:49:09.107+0000] {dagbag.py:545} INFO - Filling up the DagBag from /home/airflow/.local/lib/python3.12/site-packages/airflow/example_dags/example_sla_dag.py
[2026-06-12T22:49:09.124+0000] {processor.py:840} INFO - DAG(s) 'example_sla_dag' retrieved from /home/airflow/.local/lib/python3.12/site-packages/airflow/example_dags/example_sla_dag.py
[2026-06-12T22:49:09.178+0000] {logging_mixin.py:188} INFO - [2026-06-12T22:49:09.178+0000] {dag.py:3096} INFO - Sync 1 DAGs
[2026-06-12T22:49:09.212+0000] {logging_mixin.py:188} INFO - [2026-06-12T22:49:09.212+0000] {dag.py:3954} INFO - Setting next_dagrun for example_sla_dag to 2026-06-12 22:46:00+00:00, run_after=2026-06-12 22:48:00+00:00
[2026-06-12T22:49:09.235+0000] {processor.py:183} INFO - Processing /home/airflow/.local/lib/python3.12/site-packages/airflow/example_dags/example_sla_dag.py took 0.138 seconds
[2026-06-12T22:49:40.012+0000] {processor.py:161} INFO - Started process (PID=4934) to work on /home/airflow/.local/lib/python3.12/site-packages/airflow/example_dags/example_sla_dag.py
[2026-06-12T22:49:40.013+0000] {processor.py:830} INFO - Processing file /home/airflow/.local/lib/python3.12/site-packages/airflow/example_dags/example_sla_dag.py for tasks to queue
[2026-06-12T22:49:40.015+0000] {logging_mixin.py:188} INFO - [2026-06-12T22:49:40.014+0000] {dagbag.py:545} INFO - Filling up the DagBag from /home/airflow/.local/lib/python3.12/site-packages/airflow/example_dags/example_sla_dag.py
[2026-06-12T22:49:40.028+0000] {processor.py:840} INFO - DAG(s) 'example_sla_dag' retrieved from /home/airflow/.local/lib/python3.12/site-packages/airflow/example_dags/example_sla_dag.py
[2026-06-12T22:49:40.057+0000] {logging_mixin.py:188} INFO - [2026-06-12T22:49:40.057+0000] {dag.py:3096} INFO - Sync 1 DAGs
[2026-06-12T22:49:40.251+0000] {logging_mixin.py:188} INFO - [2026-06-12T22:49:40.251+0000] {dag.py:3954} INFO - Setting next_dagrun for example_sla_dag to 2026-06-12 22:46:00+00:00, run_after=2026-06-12 22:48:00+00:00
[2026-06-12T22:49:40.272+0000] {processor.py:183} INFO - Processing /home/airflow/.local/lib/python3.12/site-packages/airflow/example_dags/example_sla_dag.py took 0.267 seconds
[2026-06-12T22:50:10.791+0000] {processor.py:161} INFO - Started process (PID=4996) to work on /home/airflow/.local/lib/python3.12/site-packages/airflow/example_dags/example_sla_dag.py
[2026-06-12T22:50:10.792+0000] {processor.py:830} INFO - Processing file /home/airflow/.local/lib/python3.12/site-packages/airflow/example_dags/example_sla_dag.py for tasks to queue
[2026-06-12T22:50:10.794+0000] {logging_mixin.py:188} INFO - [2026-06-12T22:50:10.793+0000] {dagbag.py:545} INFO - Filling up the DagBag from /home/airflow/.local/lib/python3.12/site-packages/airflow/example_dags/example_sla_dag.py
[2026-06-12T22:50:10.803+0000] {processor.py:840} INFO - DAG(s) 'example_sla_dag' retrieved from /home/airflow/.local/lib/python3.12/site-packages/airflow/example_dags/example_sla_dag.py
[2026-06-12T22:50:10.827+0000] {logging_mixin.py:188} INFO - [2026-06-12T22:50:10.826+0000] {dag.py:3096} INFO - Sync 1 DAGs
[2026-06-12T22:50:11.014+0000] {logging_mixin.py:188} INFO - [2026-06-12T22:50:11.014+0000] {dag.py:3954} INFO - Setting next_dagrun for example_sla_dag to 2026-06-12 22:48:00+00:00, run_after=2026-06-12 22:50:00+00:00
[2026-06-12T22:50:11.033+0000] {processor.py:183} INFO - Processing /home/airflow/.local/lib/python3.12/site-packages/airflow/example_dags/example_sla_dag.py took 0.249 seconds
[2026-06-12T22:50:41.663+0000] {processor.py:161} INFO - Started process (PID=5058) to work on /home/airflow/.local/lib/python3.12/site-packages/airflow/example_dags/example_sla_dag.py
[2026-06-12T22:50:41.664+0000] {processor.py:830} INFO - Processing file /home/airflow/.local/lib/python3.12/site-packages/airflow/example_dags/example_sla_dag.py for tasks to queue
[2026-06-12T22:50:41.666+0000] {logging_mixin.py:188} INFO - [2026-06-12T22:50:41.666+0000] {dagbag.py:545} INFO - Filling up the DagBag from /home/airflow/.local/lib/python3.12/site-packages/airflow/example_dags/example_sla_dag.py
[2026-06-12T22:50:41.676+0000] {processor.py:840} INFO - DAG(s) 'example_sla_dag' retrieved from /home/airflow/.local/lib/python3.12/site-packages/airflow/example_dags/example_sla_dag.py
[2026-06-12T22:50:41.703+0000] {logging_mixin.py:188} INFO - [2026-06-12T22:50:41.702+0000] {dag.py:3096} INFO - Sync 1 DAGs
[2026-06-12T22:50:41.935+0000] {logging_mixin.py:188} INFO - [2026-06-12T22:50:41.934+0000] {dag.py:3954} INFO - Setting next_dagrun for example_sla_dag to 2026-06-12 22:48:00+00:00, run_after=2026-06-12 22:50:00+00:00
[2026-06-12T22:50:41.958+0000] {processor.py:183} INFO - Processing /home/airflow/.local/lib/python3.12/site-packages/airflow/example_dags/example_sla_dag.py took 0.302 seconds
[2026-06-12T22:51:12.642+0000] {processor.py:161} INFO - Started process (PID=5120) to work on /home/airflow/.local/lib/python3.12/site-packages/airflow/example_dags/example_sla_dag.py
[2026-06-12T22:51:12.643+0000] {processor.py:830} INFO - Processing file /home/airflow/.local/lib/python3.12/site-packages/airflow/example_dags/example_sla_dag.py for tasks to queue
[2026-06-12T22:51:12.645+0000] {logging_mixin.py:188} INFO - [2026-06-12T22:51:12.644+0000] {dagbag.py:545} INFO - Filling up the DagBag from /home/airflow/.local/lib/python3.12/site-packages/airflow/example_dags/example_sla_dag.py
[2026-06-12T22:51:12.655+0000] {processor.py:840} INFO - DAG(s) 'example_sla_dag' retrieved from /home/airflow/.local/lib/python3.12/site-packages/airflow/example_dags/example_sla_dag.py
[2026-06-12T22:51:12.678+0000] {logging_mixin.py:188} INFO - [2026-06-12T22:51:12.678+0000] {dag.py:3096} INFO - Sync 1 DAGs
[2026-06-12T22:51:12.712+0000] {logging_mixin.py:188} INFO - [2026-06-12T22:51:12.712+0000] {dag.py:3954} INFO - Setting next_dagrun for example_sla_dag to 2026-06-12 22:48:00+00:00, run_after=2026-06-12 22:50:00+00:00
[2026-06-12T22:51:12.739+0000] {processor.py:183} INFO - Processing /home/airflow/.local/lib/python3.12/site-packages/airflow/example_dags/example_sla_dag.py took 0.106 seconds
[2026-06-12T22:51:43.227+0000] {processor.py:161} INFO - Started process (PID=5181) to work on /home/airflow/.local/lib/python3.12/site-packages/airflow/example_dags/example_sla_dag.py
[2026-06-12T22:51:43.229+0000] {processor.py:830} INFO - Processing file /home/airflow/.local/lib/python3.12/site-packages/airflow/example_dags/example_sla_dag.py for tasks to queue
[2026-06-12T22:51:43.231+0000] {logging_mixin.py:188} INFO - [2026-06-12T22:51:43.230+0000] {dagbag.py:545} INFO - Filling up the DagBag from /home/airflow/.local/lib/python3.12/site-packages/airflow/example_dags/example_sla_dag.py
[2026-06-12T22:51:43.245+0000] {processor.py:840} INFO - DAG(s) 'example_sla_dag' retrieved from /home/airflow/.local/lib/python3.12/site-packages/airflow/example_dags/example_sla_dag.py
[2026-06-12T22:51:43.275+0000] {logging_mixin.py:188} INFO - [2026-06-12T22:51:43.274+0000] {dag.py:3096} INFO - Sync 1 DAGs
[2026-06-12T22:51:43.332+0000] {logging_mixin.py:188} INFO - [2026-06-12T22:51:43.331+0000] {dag.py:3954} INFO - Setting next_dagrun for example_sla_dag to 2026-06-12 22:48:00+00:00, run_after=2026-06-12 22:50:00+00:00
[2026-06-12T22:51:43.356+0000] {processor.py:183} INFO - Processing /home/airflow/.local/lib/python3.12/site-packages/airflow/example_dags/example_sla_dag.py took 0.136 seconds
[2026-06-12T22:52:13.695+0000] {processor.py:161} INFO - Started process (PID=5243) to work on /home/airflow/.local/lib/python3.12/site-packages/airflow/example_dags/example_sla_dag.py
[2026-06-12T22:52:13.697+0000] {processor.py:830} INFO - Processing file /home/airflow/.local/lib/python3.12/site-packages/airflow/example_dags/example_sla_dag.py for tasks to queue
[2026-06-12T22:52:13.699+0000] {logging_mixin.py:188} INFO - [2026-06-12T22:52:13.699+0000] {dagbag.py:545} INFO - Filling up the DagBag from /home/airflow/.local/lib/python3.12/site-packages/airflow/example_dags/example_sla_dag.py
[2026-06-12T22:52:13.709+0000] {processor.py:840} INFO - DAG(s) 'example_sla_dag' retrieved from /home/airflow/.local/lib/python3.12/site-packages/airflow/example_dags/example_sla_dag.py
[2026-06-12T22:52:13.739+0000] {logging_mixin.py:188} INFO - [2026-06-12T22:52:13.739+0000] {dag.py:3096} INFO - Sync 1 DAGs
[2026-06-12T22:52:13.776+0000] {logging_mixin.py:188} INFO - [2026-06-12T22:52:13.776+0000] {dag.py:3954} INFO - Setting next_dagrun for example_sla_dag to 2026-06-12 22:50:00+00:00, run_after=2026-06-12 22:52:00+00:00
[2026-06-12T22:52:13.798+0000] {processor.py:183} INFO - Processing /home/airflow/.local/lib/python3.12/site-packages/airflow/example_dags/example_sla_dag.py took 0.117 seconds
[2026-06-12T22:52:43.924+0000] {processor.py:161} INFO - Started process (PID=5303) to work on /home/airflow/.local/lib/python3.12/site-packages/airflow/example_dags/example_sla_dag.py
[2026-06-12T22:52:43.925+0000] {processor.py:830} INFO - Processing file /home/airflow/.local/lib/python3.12/site-packages/airflow/example_dags/example_sla_dag.py for tasks to queue
[2026-06-12T22:52:43.927+0000] {logging_mixin.py:188} INFO - [2026-06-12T22:52:43.927+0000] {dagbag.py:545} INFO - Filling up the DagBag from /home/airflow/.local/lib/python3.12/site-packages/airflow/example_dags/example_sla_dag.py
[2026-06-12T22:52:43.937+0000] {processor.py:840} INFO - DAG(s) 'example_sla_dag' retrieved from /home/airflow/.local/lib/python3.12/site-packages/airflow/example_dags/example_sla_dag.py
[2026-06-12T22:52:43.961+0000] {logging_mixin.py:188} INFO - [2026-06-12T22:52:43.961+0000] {dag.py:3096} INFO - Sync 1 DAGs
[2026-06-12T22:52:43.993+0000] {logging_mixin.py:188} INFO - [2026-06-12T22:52:43.993+0000] {dag.py:3954} INFO - Setting next_dagrun for example_sla_dag to 2026-06-12 22:50:00+00:00, run_after=2026-06-12 22:52:00+00:00
[2026-06-12T22:52:44.012+0000] {processor.py:183} INFO - Processing /home/airflow/.local/lib/python3.12/site-packages/airflow/example_dags/example_sla_dag.py took 0.095 seconds
[2026-06-12T22:53:14.686+0000] {processor.py:161} INFO - Started process (PID=5365) to work on /home/airflow/.local/lib/python3.12/site-packages/airflow/example_dags/example_sla_dag.py
[2026-06-12T22:53:14.690+0000] {processor.py:830} INFO - Processing file /home/airflow/.local/lib/python3.12/site-packages/airflow/example_dags/example_sla_dag.py for tasks to queue
[2026-06-12T22:53:14.698+0000] {logging_mixin.py:188} INFO - [2026-06-12T22:53:14.698+0000] {dagbag.py:545} INFO - Filling up the DagBag from /home/airflow/.local/lib/python3.12/site-packages/airflow/example_dags/example_sla_dag.py
[2026-06-12T22:53:14.734+0000] {processor.py:840} INFO - DAG(s) 'example_sla_dag' retrieved from /home/airflow/.local/lib/python3.12/site-packages/airflow/example_dags/example_sla_dag.py
[2026-06-12T22:53:14.794+0000] {logging_mixin.py:188} INFO - [2026-06-12T22:53:14.793+0000] {dag.py:3096} INFO - Sync 1 DAGs
[2026-06-12T22:53:14.853+0000] {logging_mixin.py:188} INFO - [2026-06-12T22:53:14.853+0000] {dag.py:3954} INFO - Setting next_dagrun for example_sla_dag to 2026-06-12 22:50:00+00:00, run_after=2026-06-12 22:52:00+00:00
[2026-06-12T22:53:14.890+0000] {processor.py:183} INFO - Processing /home/airflow/.local/lib/python3.12/site-packages/airflow/example_dags/example_sla_dag.py took 0.254 seconds
[2026-06-12T22:53:46.216+0000] {processor.py:161} INFO - Started process (PID=5430) to work on /home/airflow/.local/lib/python3.12/site-packages/airflow/example_dags/example_sla_dag.py
[2026-06-12T22:53:46.217+0000] {processor.py:830} INFO - Processing file /home/airflow/.local/lib/python3.12/site-packages/airflow/example_dags/example_sla_dag.py for tasks to queue
[2026-06-12T22:53:46.221+0000] {logging_mixin.py:188} INFO - [2026-06-12T22:53:46.220+0000] {dagbag.py:545} INFO - Filling up the DagBag from /home/airflow/.local/lib/python3.12/site-packages/airflow/example_dags/example_sla_dag.py
[2026-06-12T22:53:46.245+0000] {processor.py:840} INFO - DAG(s) 'example_sla_dag' retrieved from /home/airflow/.local/lib/python3.12/site-packages/airflow/example_dags/example_sla_dag.py
[2026-06-12T22:53:46.323+0000] {logging_mixin.py:188} INFO - [2026-06-12T22:53:46.323+0000] {dag.py:3096} INFO - Sync 1 DAGs
[2026-06-12T22:53:46.390+0000] {logging_mixin.py:188} INFO - [2026-06-12T22:53:46.390+0000] {dag.py:3954} INFO - Setting next_dagrun for example_sla_dag to 2026-06-12 22:50:00+00:00, run_after=2026-06-12 22:52:00+00:00
[2026-06-12T22:53:46.438+0000] {processor.py:183} INFO - Processing /home/airflow/.local/lib/python3.12/site-packages/airflow/example_dags/example_sla_dag.py took 0.231 seconds
[2026-06-12T22:54:17.075+0000] {processor.py:161} INFO - Started process (PID=5491) to work on /home/airflow/.local/lib/python3.12/site-packages/airflow/example_dags/example_sla_dag.py
[2026-06-12T22:54:17.076+0000] {processor.py:830} INFO - Processing file /home/airflow/.local/lib/python3.12/site-packages/airflow/example_dags/example_sla_dag.py for tasks to queue
[2026-06-12T22:54:17.078+0000] {logging_mixin.py:188} INFO - [2026-06-12T22:54:17.077+0000] {dagbag.py:545} INFO - Filling up the DagBag from /home/airflow/.local/lib/python3.12/site-packages/airflow/example_dags/example_sla_dag.py
[2026-06-12T22:54:17.088+0000] {processor.py:840} INFO - DAG(s) 'example_sla_dag' retrieved from /home/airflow/.local/lib/python3.12/site-packages/airflow/example_dags/example_sla_dag.py
[2026-06-12T22:54:17.117+0000] {logging_mixin.py:188} INFO - [2026-06-12T22:54:17.116+0000] {dag.py:3096} INFO - Sync 1 DAGs
[2026-06-12T22:54:17.150+0000] {logging_mixin.py:188} INFO - [2026-06-12T22:54:17.150+0000] {dag.py:3954} INFO - Setting next_dagrun for example_sla_dag to 2026-06-12 22:52:00+00:00, run_after=2026-06-12 22:54:00+00:00
[2026-06-12T22:54:17.172+0000] {processor.py:183} INFO - Processing /home/airflow/.local/lib/python3.12/site-packages/airflow/example_dags/example_sla_dag.py took 0.104 seconds
[2026-06-12T22:54:47.447+0000] {processor.py:161} INFO - Started process (PID=5552) to work on /home/airflow/.local/lib/python3.12/site-packages/airflow/example_dags/example_sla_dag.py
[2026-06-12T22:54:47.448+0000] {processor.py:830} INFO - Processing file /home/airflow/.local/lib/python3.12/site-packages/airflow/example_dags/example_sla_dag.py for tasks to queue
[2026-06-12T22:54:47.450+0000] {logging_mixin.py:188} INFO - [2026-06-12T22:54:47.450+0000] {dagbag.py:545} INFO - Filling up the DagBag from /home/airflow/.local/lib/python3.12/site-packages/airflow/example_dags/example_sla_dag.py
[2026-06-12T22:54:47.461+0000] {processor.py:840} INFO - DAG(s) 'example_sla_dag' retrieved from /home/airflow/.local/lib/python3.12/site-packages/airflow/example_dags/example_sla_dag.py
[2026-06-12T22:54:47.485+0000] {logging_mixin.py:188} INFO - [2026-06-12T22:54:47.485+0000] {dag.py:3096} INFO - Sync 1 DAGs
[2026-06-12T22:54:47.523+0000] {logging_mixin.py:188} INFO - [2026-06-12T22:54:47.522+0000] {dag.py:3954} INFO - Setting next_dagrun for example_sla_dag to 2026-06-12 22:52:00+00:00, run_after=2026-06-12 22:54:00+00:00
[2026-06-12T22:54:47.544+0000] {processor.py:183} INFO - Processing /home/airflow/.local/lib/python3.12/site-packages/airflow/example_dags/example_sla_dag.py took 0.104 seconds
[2026-06-12T22:55:17.888+0000] {processor.py:161} INFO - Started process (PID=5614) to work on /home/airflow/.local/lib/python3.12/site-packages/airflow/example_dags/example_sla_dag.py
[2026-06-12T22:55:17.890+0000] {processor.py:830} INFO - Processing file /home/airflow/.local/lib/python3.12/site-packages/airflow/example_dags/example_sla_dag.py for tasks to queue
[2026-06-12T22:55:17.891+0000] {logging_mixin.py:188} INFO - [2026-06-12T22:55:17.891+0000] {dagbag.py:545} INFO - Filling up the DagBag from /home/airflow/.local/lib/python3.12/site-packages/airflow/example_dags/example_sla_dag.py
[2026-06-12T22:55:17.901+0000] {processor.py:840} INFO - DAG(s) 'example_sla_dag' retrieved from /home/airflow/.local/lib/python3.12/site-packages/airflow/example_dags/example_sla_dag.py
[2026-06-12T22:55:17.924+0000] {logging_mixin.py:188} INFO - [2026-06-12T22:55:17.924+0000] {dag.py:3096} INFO - Sync 1 DAGs
[2026-06-12T22:55:17.959+0000] {logging_mixin.py:188} INFO - [2026-06-12T22:55:17.959+0000] {dag.py:3954} INFO - Setting next_dagrun for example_sla_dag to 2026-06-12 22:52:00+00:00, run_after=2026-06-12 22:54:00+00:00
[2026-06-12T22:55:17.980+0000] {processor.py:183} INFO - Processing /home/airflow/.local/lib/python3.12/site-packages/airflow/example_dags/example_sla_dag.py took 0.099 seconds
[2026-06-12T22:55:48.461+0000] {processor.py:161} INFO - Started process (PID=5676) to work on /home/airflow/.local/lib/python3.12/site-packages/airflow/example_dags/example_sla_dag.py
[2026-06-12T22:55:48.463+0000] {processor.py:830} INFO - Processing file /home/airflow/.local/lib/python3.12/site-packages/airflow/example_dags/example_sla_dag.py for tasks to queue
[2026-06-12T22:55:48.469+0000] {logging_mixin.py:188} INFO - [2026-06-12T22:55:48.469+0000] {dagbag.py:545} INFO - Filling up the DagBag from /home/airflow/.local/lib/python3.12/site-packages/airflow/example_dags/example_sla_dag.py
[2026-06-12T22:55:48.505+0000] {processor.py:840} INFO - DAG(s) 'example_sla_dag' retrieved from /home/airflow/.local/lib/python3.12/site-packages/airflow/example_dags/example_sla_dag.py
[2026-06-12T22:55:48.557+0000] {logging_mixin.py:188} INFO - [2026-06-12T22:55:48.556+0000] {dag.py:3096} INFO - Sync 1 DAGs
[2026-06-12T22:55:48.634+0000] {logging_mixin.py:188} INFO - [2026-06-12T22:55:48.634+0000] {dag.py:3954} INFO - Setting next_dagrun for example_sla_dag to 2026-06-12 22:52:00+00:00, run_after=2026-06-12 22:54:00+00:00
[2026-06-12T22:55:48.679+0000] {processor.py:183} INFO - Processing /home/airflow/.local/lib/python3.12/site-packages/airflow/example_dags/example_sla_dag.py took 0.239 seconds
[2026-06-12T22:56:18.782+0000] {processor.py:161} INFO - Started process (PID=5738) to work on /home/airflow/.local/lib/python3.12/site-packages/airflow/example_dags/example_sla_dag.py
[2026-06-12T22:56:18.783+0000] {processor.py:830} INFO - Processing file /home/airflow/.local/lib/python3.12/site-packages/airflow/example_dags/example_sla_dag.py for tasks to queue
[2026-06-12T22:56:18.785+0000] {logging_mixin.py:188} INFO - [2026-06-12T22:56:18.785+0000] {dagbag.py:545} INFO - Filling up the DagBag from /home/airflow/.local/lib/python3.12/site-packages/airflow/example_dags/example_sla_dag.py
[2026-06-12T22:56:18.796+0000] {processor.py:840} INFO - DAG(s) 'example_sla_dag' retrieved from /home/airflow/.local/lib/python3.12/site-packages/airflow/example_dags/example_sla_dag.py
[2026-06-12T22:56:18.822+0000] {logging_mixin.py:188} INFO - [2026-06-12T22:56:18.821+0000] {dag.py:3096} INFO - Sync 1 DAGs
[2026-06-12T22:56:18.861+0000] {logging_mixin.py:188} INFO - [2026-06-12T22:56:18.860+0000] {dag.py:3954} INFO - Setting next_dagrun for example_sla_dag to 2026-06-12 22:54:00+00:00, run_after=2026-06-12 22:56:00+00:00
[2026-06-12T22:56:18.893+0000] {processor.py:183} INFO - Processing /home/airflow/.local/lib/python3.12/site-packages/airflow/example_dags/example_sla_dag.py took 0.118 seconds
[2026-06-12T22:56:48.949+0000] {processor.py:161} INFO - Started process (PID=5799) to work on /home/airflow/.local/lib/python3.12/site-packages/airflow/example_dags/example_sla_dag.py
[2026-06-12T22:56:48.951+0000] {processor.py:830} INFO - Processing file /home/airflow/.local/lib/python3.12/site-packages/airflow/example_dags/example_sla_dag.py for tasks to queue
[2026-06-12T22:56:48.953+0000] {logging_mixin.py:188} INFO - [2026-06-12T22:56:48.953+0000] {dagbag.py:545} INFO - Filling up the DagBag from /home/airflow/.local/lib/python3.12/site-packages/airflow/example_dags/example_sla_dag.py
[2026-06-12T22:56:48.963+0000] {processor.py:840} INFO - DAG(s) 'example_sla_dag' retrieved from /home/airflow/.local/lib/python3.12/site-packages/airflow/example_dags/example_sla_dag.py
[2026-06-12T22:56:48.986+0000] {logging_mixin.py:188} INFO - [2026-06-12T22:56:48.986+0000] {dag.py:3096} INFO - Sync 1 DAGs
[2026-06-12T22:56:49.017+0000] {logging_mixin.py:188} INFO - [2026-06-12T22:56:49.017+0000] {dag.py:3954} INFO - Setting next_dagrun for example_sla_dag to 2026-06-12 22:54:00+00:00, run_after=2026-06-12 22:56:00+00:00
[2026-06-12T22:56:49.041+0000] {processor.py:183} INFO - Processing /home/airflow/.local/lib/python3.12/site-packages/airflow/example_dags/example_sla_dag.py took 0.099 seconds
[2026-06-12T22:57:19.263+0000] {processor.py:161} INFO - Started process (PID=5861) to work on /home/airflow/.local/lib/python3.12/site-packages/airflow/example_dags/example_sla_dag.py
[2026-06-12T22:57:19.264+0000] {processor.py:830} INFO - Processing file /home/airflow/.local/lib/python3.12/site-packages/airflow/example_dags/example_sla_dag.py for tasks to queue
[2026-06-12T22:57:19.267+0000] {logging_mixin.py:188} INFO - [2026-06-12T22:57:19.267+0000] {dagbag.py:545} INFO - Filling up the DagBag from /home/airflow/.local/lib/python3.12/site-packages/airflow/example_dags/example_sla_dag.py
[2026-06-12T22:57:19.277+0000] {processor.py:840} INFO - DAG(s) 'example_sla_dag' retrieved from /home/airflow/.local/lib/python3.12/site-packages/airflow/example_dags/example_sla_dag.py
[2026-06-12T22:57:19.301+0000] {logging_mixin.py:188} INFO - [2026-06-12T22:57:19.301+0000] {dag.py:3096} INFO - Sync 1 DAGs
[2026-06-12T22:57:19.334+0000] {logging_mixin.py:188} INFO - [2026-06-12T22:57:19.333+0000] {dag.py:3954} INFO - Setting next_dagrun for example_sla_dag to 2026-06-12 22:54:00+00:00, run_after=2026-06-12 22:56:00+00:00
[2026-06-12T22:57:19.358+0000] {processor.py:183} INFO - Processing /home/airflow/.local/lib/python3.12/site-packages/airflow/example_dags/example_sla_dag.py took 0.102 seconds
[2026-06-12T22:57:49.712+0000] {processor.py:161} INFO - Started process (PID=5923) to work on /home/airflow/.local/lib/python3.12/site-packages/airflow/example_dags/example_sla_dag.py
[2026-06-12T22:57:49.715+0000] {processor.py:830} INFO - Processing file /home/airflow/.local/lib/python3.12/site-packages/airflow/example_dags/example_sla_dag.py for tasks to queue
[2026-06-12T22:57:49.718+0000] {logging_mixin.py:188} INFO - [2026-06-12T22:57:49.717+0000] {dagbag.py:545} INFO - Filling up the DagBag from /home/airflow/.local/lib/python3.12/site-packages/airflow/example_dags/example_sla_dag.py
[2026-06-12T22:57:49.739+0000] {processor.py:840} INFO - DAG(s) 'example_sla_dag' retrieved from /home/airflow/.local/lib/python3.12/site-packages/airflow/example_dags/example_sla_dag.py
[2026-06-12T22:57:49.778+0000] {logging_mixin.py:188} INFO - [2026-06-12T22:57:49.777+0000] {dag.py:3096} INFO - Sync 1 DAGs
[2026-06-12T22:57:49.809+0000] {logging_mixin.py:188} INFO - [2026-06-12T22:57:49.809+0000] {dag.py:3954} INFO - Setting next_dagrun for example_sla_dag to 2026-06-12 22:54:00+00:00, run_after=2026-06-12 22:56:00+00:00
[2026-06-12T22:57:49.841+0000] {processor.py:183} INFO - Processing /home/airflow/.local/lib/python3.12/site-packages/airflow/example_dags/example_sla_dag.py took 0.136 seconds
[2026-06-12T22:58:19.958+0000] {processor.py:161} INFO - Started process (PID=5984) to work on /home/airflow/.local/lib/python3.12/site-packages/airflow/example_dags/example_sla_dag.py
[2026-06-12T22:58:19.961+0000] {processor.py:830} INFO - Processing file /home/airflow/.local/lib/python3.12/site-packages/airflow/example_dags/example_sla_dag.py for tasks to queue
[2026-06-12T22:58:19.967+0000] {logging_mixin.py:188} INFO - [2026-06-12T22:58:19.966+0000] {dagbag.py:545} INFO - Filling up the DagBag from /home/airflow/.local/lib/python3.12/site-packages/airflow/example_dags/example_sla_dag.py
[2026-06-12T22:58:20.001+0000] {processor.py:840} INFO - DAG(s) 'example_sla_dag' retrieved from /home/airflow/.local/lib/python3.12/site-packages/airflow/example_dags/example_sla_dag.py
[2026-06-12T22:58:20.072+0000] {logging_mixin.py:188} INFO - [2026-06-12T22:58:20.072+0000] {dag.py:3096} INFO - Sync 1 DAGs
[2026-06-12T22:58:20.129+0000] {logging_mixin.py:188} INFO - [2026-06-12T22:58:20.129+0000] {dag.py:3954} INFO - Setting next_dagrun for example_sla_dag to 2026-06-12 22:56:00+00:00, run_after=2026-06-12 22:58:00+00:00
[2026-06-12T22:58:20.165+0000] {processor.py:183} INFO - Processing /home/airflow/.local/lib/python3.12/site-packages/airflow/example_dags/example_sla_dag.py took 0.226 seconds
[2026-06-12T22:58:50.428+0000] {processor.py:161} INFO - Started process (PID=6047) to work on /home/airflow/.local/lib/python3.12/site-packages/airflow/example_dags/example_sla_dag.py
[2026-06-12T22:58:50.432+0000] {processor.py:830} INFO - Processing file /home/airflow/.local/lib/python3.12/site-packages/airflow/example_dags/example_sla_dag.py for tasks to queue
[2026-06-12T22:58:50.436+0000] {logging_mixin.py:188} INFO - [2026-06-12T22:58:50.436+0000] {dagbag.py:545} INFO - Filling up the DagBag from /home/airflow/.local/lib/python3.12/site-packages/airflow/example_dags/example_sla_dag.py
[2026-06-12T22:58:50.480+0000] {processor.py:840} INFO - DAG(s) 'example_sla_dag' retrieved from /home/airflow/.local/lib/python3.12/site-packages/airflow/example_dags/example_sla_dag.py
[2026-06-12T22:58:50.509+0000] {logging_mixin.py:188} INFO - [2026-06-12T22:58:50.508+0000] {dag.py:3096} INFO - Sync 1 DAGs
[2026-06-12T22:58:50.542+0000] {logging_mixin.py:188} INFO - [2026-06-12T22:58:50.542+0000] {dag.py:3954} INFO - Setting next_dagrun for example_sla_dag to 2026-06-12 22:56:00+00:00, run_after=2026-06-12 22:58:00+00:00
[2026-06-12T22:58:50.572+0000] {processor.py:183} INFO - Processing /home/airflow/.local/lib/python3.12/site-packages/airflow/example_dags/example_sla_dag.py took 0.170 seconds
[2026-06-12T22:59:20.907+0000] {processor.py:161} INFO - Started process (PID=6109) to work on /home/airflow/.local/lib/python3.12/site-packages/airflow/example_dags/example_sla_dag.py
[2026-06-12T22:59:20.909+0000] {processor.py:830} INFO - Processing file /home/airflow/.local/lib/python3.12/site-packages/airflow/example_dags/example_sla_dag.py for tasks to queue
[2026-06-12T22:59:20.911+0000] {logging_mixin.py:188} INFO - [2026-06-12T22:59:20.910+0000] {dagbag.py:545} INFO - Filling up the DagBag from /home/airflow/.local/lib/python3.12/site-packages/airflow/example_dags/example_sla_dag.py
[2026-06-12T22:59:20.927+0000] {processor.py:840} INFO - DAG(s) 'example_sla_dag' retrieved from /home/airflow/.local/lib/python3.12/site-packages/airflow/example_dags/example_sla_dag.py
[2026-06-12T22:59:20.956+0000] {logging_mixin.py:188} INFO - [2026-06-12T22:59:20.956+0000] {dag.py:3096} INFO - Sync 1 DAGs
[2026-06-12T22:59:20.992+0000] {logging_mixin.py:188} INFO - [2026-06-12T22:59:20.992+0000] {dag.py:3954} INFO - Setting next_dagrun for example_sla_dag to 2026-06-12 22:56:00+00:00, run_after=2026-06-12 22:58:00+00:00
[2026-06-12T22:59:21.017+0000] {processor.py:183} INFO - Processing /home/airflow/.local/lib/python3.12/site-packages/airflow/example_dags/example_sla_dag.py took 0.118 seconds
[2026-06-12T22:59:51.246+0000] {processor.py:161} INFO - Started process (PID=6171) to work on /home/airflow/.local/lib/python3.12/site-packages/airflow/example_dags/example_sla_dag.py
[2026-06-12T22:59:51.247+0000] {processor.py:830} INFO - Processing file /home/airflow/.local/lib/python3.12/site-packages/airflow/example_dags/example_sla_dag.py for tasks to queue
[2026-06-12T22:59:51.249+0000] {logging_mixin.py:188} INFO - [2026-06-12T22:59:51.249+0000] {dagbag.py:545} INFO - Filling up the DagBag from /home/airflow/.local/lib/python3.12/site-packages/airflow/example_dags/example_sla_dag.py
[2026-06-12T22:59:51.262+0000] {processor.py:840} INFO - DAG(s) 'example_sla_dag' retrieved from /home/airflow/.local/lib/python3.12/site-packages/airflow/example_dags/example_sla_dag.py
[2026-06-12T22:59:51.303+0000] {logging_mixin.py:188} INFO - [2026-06-12T22:59:51.303+0000] {dag.py:3096} INFO - Sync 1 DAGs
[2026-06-12T22:59:51.390+0000] {logging_mixin.py:188} INFO - [2026-06-12T22:59:51.389+0000] {dag.py:3954} INFO - Setting next_dagrun for example_sla_dag to 2026-06-12 22:56:00+00:00, run_after=2026-06-12 22:58:00+00:00
[2026-06-12T22:59:51.414+0000] {processor.py:183} INFO - Processing /home/airflow/.local/lib/python3.12/site-packages/airflow/example_dags/example_sla_dag.py took 0.175 seconds
[2026-06-12T23:00:21.517+0000] {processor.py:161} INFO - Started process (PID=6232) to work on /home/airflow/.local/lib/python3.12/site-packages/airflow/example_dags/example_sla_dag.py
[2026-06-12T23:00:21.517+0000] {processor.py:830} INFO - Processing file /home/airflow/.local/lib/python3.12/site-packages/airflow/example_dags/example_sla_dag.py for tasks to queue
[2026-06-12T23:00:21.520+0000] {logging_mixin.py:188} INFO - [2026-06-12T23:00:21.520+0000] {dagbag.py:545} INFO - Filling up the DagBag from /home/airflow/.local/lib/python3.12/site-packages/airflow/example_dags/example_sla_dag.py
[2026-06-12T23:00:21.531+0000] {processor.py:840} INFO - DAG(s) 'example_sla_dag' retrieved from /home/airflow/.local/lib/python3.12/site-packages/airflow/example_dags/example_sla_dag.py
[2026-06-12T23:00:21.554+0000] {logging_mixin.py:188} INFO - [2026-06-12T23:00:21.554+0000] {dag.py:3096} INFO - Sync 1 DAGs
[2026-06-12T23:00:21.590+0000] {logging_mixin.py:188} INFO - [2026-06-12T23:00:21.589+0000] {dag.py:3954} INFO - Setting next_dagrun for example_sla_dag to 2026-06-12 22:58:00+00:00, run_after=2026-06-12 23:00:00+00:00
[2026-06-12T23:00:21.623+0000] {processor.py:183} INFO - Processing /home/airflow/.local/lib/python3.12/site-packages/airflow/example_dags/example_sla_dag.py took 0.117 seconds
[2026-06-12T23:00:51.700+0000] {processor.py:161} INFO - Started process (PID=6294) to work on /home/airflow/.local/lib/python3.12/site-packages/airflow/example_dags/example_sla_dag.py
[2026-06-12T23:00:51.701+0000] {processor.py:830} INFO - Processing file /home/airflow/.local/lib/python3.12/site-packages/airflow/example_dags/example_sla_dag.py for tasks to queue
[2026-06-12T23:00:51.703+0000] {logging_mixin.py:188} INFO - [2026-06-12T23:00:51.703+0000] {dagbag.py:545} INFO - Filling up the DagBag from /home/airflow/.local/lib/python3.12/site-packages/airflow/example_dags/example_sla_dag.py
[2026-06-12T23:00:51.715+0000] {processor.py:840} INFO - DAG(s) 'example_sla_dag' retrieved from /home/airflow/.local/lib/python3.12/site-packages/airflow/example_dags/example_sla_dag.py
[2026-06-12T23:00:51.741+0000] {logging_mixin.py:188} INFO - [2026-06-12T23:00:51.741+0000] {dag.py:3096} INFO - Sync 1 DAGs
[2026-06-12T23:00:51.780+0000] {logging_mixin.py:188} INFO - [2026-06-12T23:00:51.780+0000] {dag.py:3954} INFO - Setting next_dagrun for example_sla_dag to 2026-06-12 22:58:00+00:00, run_after=2026-06-12 23:00:00+00:00
[2026-06-12T23:00:51.799+0000] {processor.py:183} INFO - Processing /home/airflow/.local/lib/python3.12/site-packages/airflow/example_dags/example_sla_dag.py took 0.106 seconds
[2026-06-12T23:01:22.155+0000] {processor.py:161} INFO - Started process (PID=6356) to work on /home/airflow/.local/lib/python3.12/site-packages/airflow/example_dags/example_sla_dag.py
[2026-06-12T23:01:22.156+0000] {processor.py:830} INFO - Processing file /home/airflow/.local/lib/python3.12/site-packages/airflow/example_dags/example_sla_dag.py for tasks to queue
[2026-06-12T23:01:22.158+0000] {logging_mixin.py:188} INFO - [2026-06-12T23:01:22.157+0000] {dagbag.py:545} INFO - Filling up the DagBag from /home/airflow/.local/lib/python3.12/site-packages/airflow/example_dags/example_sla_dag.py
[2026-06-12T23:01:22.168+0000] {processor.py:840} INFO - DAG(s) 'example_sla_dag' retrieved from /home/airflow/.local/lib/python3.12/site-packages/airflow/example_dags/example_sla_dag.py
[2026-06-12T23:01:22.192+0000] {logging_mixin.py:188} INFO - [2026-06-12T23:01:22.192+0000] {dag.py:3096} INFO - Sync 1 DAGs
[2026-06-12T23:01:22.229+0000] {logging_mixin.py:188} INFO - [2026-06-12T23:01:22.228+0000] {dag.py:3954} INFO - Setting next_dagrun for example_sla_dag to 2026-06-12 22:58:00+00:00, run_after=2026-06-12 23:00:00+00:00
[2026-06-12T23:01:22.253+0000] {processor.py:183} INFO - Processing /home/airflow/.local/lib/python3.12/site-packages/airflow/example_dags/example_sla_dag.py took 0.105 seconds
[2026-06-12T23:01:52.591+0000] {processor.py:161} INFO - Started process (PID=6418) to work on /home/airflow/.local/lib/python3.12/site-packages/airflow/example_dags/example_sla_dag.py
[2026-06-12T23:01:52.592+0000] {processor.py:830} INFO - Processing file /home/airflow/.local/lib/python3.12/site-packages/airflow/example_dags/example_sla_dag.py for tasks to queue
[2026-06-12T23:01:52.594+0000] {logging_mixin.py:188} INFO - [2026-06-12T23:01:52.594+0000] {dagbag.py:545} INFO - Filling up the DagBag from /home/airflow/.local/lib/python3.12/site-packages/airflow/example_dags/example_sla_dag.py
[2026-06-12T23:01:52.605+0000] {processor.py:840} INFO - DAG(s) 'example_sla_dag' retrieved from /home/airflow/.local/lib/python3.12/site-packages/airflow/example_dags/example_sla_dag.py
[2026-06-12T23:01:52.629+0000] {logging_mixin.py:188} INFO - [2026-06-12T23:01:52.629+0000] {dag.py:3096} INFO - Sync 1 DAGs
[2026-06-12T23:01:52.670+0000] {logging_mixin.py:188} INFO - [2026-06-12T23:01:52.670+0000] {dag.py:3954} INFO - Setting next_dagrun for example_sla_dag to 2026-06-12 22:58:00+00:00, run_after=2026-06-12 23:00:00+00:00
[2026-06-12T23:01:52.703+0000] {processor.py:183} INFO - Processing /home/airflow/.local/lib/python3.12/site-packages/airflow/example_dags/example_sla_dag.py took 0.119 seconds
[2026-06-12T23:02:23.050+0000] {processor.py:161} INFO - Started process (PID=6480) to work on /home/airflow/.local/lib/python3.12/site-packages/airflow/example_dags/example_sla_dag.py
[2026-06-12T23:02:23.051+0000] {processor.py:830} INFO - Processing file /home/airflow/.local/lib/python3.12/site-packages/airflow/example_dags/example_sla_dag.py for tasks to queue
[2026-06-12T23:02:23.053+0000] {logging_mixin.py:188} INFO - [2026-06-12T23:02:23.053+0000] {dagbag.py:545} INFO - Filling up the DagBag from /home/airflow/.local/lib/python3.12/site-packages/airflow/example_dags/example_sla_dag.py
[2026-06-12T23:02:23.069+0000] {processor.py:840} INFO - DAG(s) 'example_sla_dag' retrieved from /home/airflow/.local/lib/python3.12/site-packages/airflow/example_dags/example_sla_dag.py
[2026-06-12T23:02:23.138+0000] {logging_mixin.py:188} INFO - [2026-06-12T23:02:23.138+0000] {dag.py:3096} INFO - Sync 1 DAGs
[2026-06-12T23:02:23.226+0000] {logging_mixin.py:188} INFO - [2026-06-12T23:02:23.225+0000] {dag.py:3954} INFO - Setting next_dagrun for example_sla_dag to 2026-06-12 23:00:00+00:00, run_after=2026-06-12 23:02:00+00:00
[2026-06-12T23:02:23.284+0000] {processor.py:183} INFO - Processing /home/airflow/.local/lib/python3.12/site-packages/airflow/example_dags/example_sla_dag.py took 0.248 seconds
[2026-06-12T23:02:53.472+0000] {processor.py:161} INFO - Started process (PID=6542) to work on /home/airflow/.local/lib/python3.12/site-packages/airflow/example_dags/example_sla_dag.py
[2026-06-12T23:02:53.475+0000] {processor.py:830} INFO - Processing file /home/airflow/.local/lib/python3.12/site-packages/airflow/example_dags/example_sla_dag.py for tasks to queue
[2026-06-12T23:02:53.477+0000] {logging_mixin.py:188} INFO - [2026-06-12T23:02:53.477+0000] {dagbag.py:545} INFO - Filling up the DagBag from /home/airflow/.local/lib/python3.12/site-packages/airflow/example_dags/example_sla_dag.py
[2026-06-12T23:02:53.488+0000] {processor.py:840} INFO - DAG(s) 'example_sla_dag' retrieved from /home/airflow/.local/lib/python3.12/site-packages/airflow/example_dags/example_sla_dag.py
[2026-06-12T23:02:53.518+0000] {logging_mixin.py:188} INFO - [2026-06-12T23:02:53.517+0000] {dag.py:3096} INFO - Sync 1 DAGs
[2026-06-12T23:02:53.548+0000] {logging_mixin.py:188} INFO - [2026-06-12T23:02:53.548+0000] {dag.py:3954} INFO - Setting next_dagrun for example_sla_dag to 2026-06-12 23:00:00+00:00, run_after=2026-06-12 23:02:00+00:00
[2026-06-12T23:02:53.599+0000] {processor.py:183} INFO - Processing /home/airflow/.local/lib/python3.12/site-packages/airflow/example_dags/example_sla_dag.py took 0.135 seconds
[2026-06-12T23:03:23.791+0000] {processor.py:161} INFO - Started process (PID=6603) to work on /home/airflow/.local/lib/python3.12/site-packages/airflow/example_dags/example_sla_dag.py
[2026-06-12T23:03:23.792+0000] {processor.py:830} INFO - Processing file /home/airflow/.local/lib/python3.12/site-packages/airflow/example_dags/example_sla_dag.py for tasks to queue
[2026-06-12T23:03:23.798+0000] {logging_mixin.py:188} INFO - [2026-06-12T23:03:23.798+0000] {dagbag.py:545} INFO - Filling up the DagBag from /home/airflow/.local/lib/python3.12/site-packages/airflow/example_dags/example_sla_dag.py
[2026-06-12T23:03:23.820+0000] {processor.py:840} INFO - DAG(s) 'example_sla_dag' retrieved from /home/airflow/.local/lib/python3.12/site-packages/airflow/example_dags/example_sla_dag.py
[2026-06-12T23:03:23.869+0000] {logging_mixin.py:188} INFO - [2026-06-12T23:03:23.869+0000] {dag.py:3096} INFO - Sync 1 DAGs
[2026-06-12T23:03:23.940+0000] {logging_mixin.py:188} INFO - [2026-06-12T23:03:23.940+0000] {dag.py:3954} INFO - Setting next_dagrun for example_sla_dag to 2026-06-12 23:00:00+00:00, run_after=2026-06-12 23:02:00+00:00
[2026-06-12T23:03:23.986+0000] {processor.py:183} INFO - Processing /home/airflow/.local/lib/python3.12/site-packages/airflow/example_dags/example_sla_dag.py took 0.217 seconds
