[2026-06-12T13:21:16.096+0000] {processor.py:161} INFO - Started process (PID=86) to work on /home/airflow/.local/lib/python3.12/site-packages/airflow/example_dags/example_short_circuit_decorator.py
[2026-06-12T13:21:16.104+0000] {processor.py:830} INFO - Processing file /home/airflow/.local/lib/python3.12/site-packages/airflow/example_dags/example_short_circuit_decorator.py for tasks to queue
[2026-06-12T13:21:16.112+0000] {logging_mixin.py:188} INFO - [2026-06-12T13:21:16.110+0000] {dagbag.py:545} INFO - Filling up the DagBag from /home/airflow/.local/lib/python3.12/site-packages/airflow/example_dags/example_short_circuit_decorator.py
[2026-06-12T13:21:16.165+0000] {processor.py:840} INFO - DAG(s) 'example_short_circuit_decorator' retrieved from /home/airflow/.local/lib/python3.12/site-packages/airflow/example_dags/example_short_circuit_decorator.py
[2026-06-12T13:21:16.779+0000] {logging_mixin.py:188} INFO - [2026-06-12T13:21:16.779+0000] {dag.py:3096} INFO - Sync 1 DAGs
[2026-06-12T13:21:16.889+0000] {logging_mixin.py:188} INFO - [2026-06-12T13:21:16.889+0000] {dag.py:3954} INFO - Setting next_dagrun for example_short_circuit_decorator to 2026-06-11 00:00:00+00:00, run_after=2026-06-12 00:00:00+00:00
[2026-06-12T13:21:16.968+0000] {processor.py:183} INFO - Processing /home/airflow/.local/lib/python3.12/site-packages/airflow/example_dags/example_short_circuit_decorator.py took 0.896 seconds
[2026-06-12T13:21:47.358+0000] {processor.py:161} INFO - Started process (PID=148) to work on /home/airflow/.local/lib/python3.12/site-packages/airflow/example_dags/example_short_circuit_decorator.py
[2026-06-12T13:21:47.360+0000] {processor.py:830} INFO - Processing file /home/airflow/.local/lib/python3.12/site-packages/airflow/example_dags/example_short_circuit_decorator.py for tasks to queue
[2026-06-12T13:21:47.367+0000] {logging_mixin.py:188} INFO - [2026-06-12T13:21:47.366+0000] {dagbag.py:545} INFO - Filling up the DagBag from /home/airflow/.local/lib/python3.12/site-packages/airflow/example_dags/example_short_circuit_decorator.py
[2026-06-12T13:21:47.421+0000] {processor.py:840} INFO - DAG(s) 'example_short_circuit_decorator' retrieved from /home/airflow/.local/lib/python3.12/site-packages/airflow/example_dags/example_short_circuit_decorator.py
[2026-06-12T13:21:47.626+0000] {logging_mixin.py:188} INFO - [2026-06-12T13:21:47.626+0000] {dag.py:3096} INFO - Sync 1 DAGs
[2026-06-12T13:21:47.760+0000] {logging_mixin.py:188} INFO - [2026-06-12T13:21:47.760+0000] {dag.py:3954} INFO - Setting next_dagrun for example_short_circuit_decorator to 2026-06-11 00:00:00+00:00, run_after=2026-06-12 00:00:00+00:00
[2026-06-12T13:21:47.927+0000] {processor.py:183} INFO - Processing /home/airflow/.local/lib/python3.12/site-packages/airflow/example_dags/example_short_circuit_decorator.py took 0.594 seconds
[2026-06-12T13:22:18.826+0000] {processor.py:161} INFO - Started process (PID=210) to work on /home/airflow/.local/lib/python3.12/site-packages/airflow/example_dags/example_short_circuit_decorator.py
[2026-06-12T13:22:18.827+0000] {processor.py:830} INFO - Processing file /home/airflow/.local/lib/python3.12/site-packages/airflow/example_dags/example_short_circuit_decorator.py for tasks to queue
[2026-06-12T13:22:18.829+0000] {logging_mixin.py:188} INFO - [2026-06-12T13:22:18.828+0000] {dagbag.py:545} INFO - Filling up the DagBag from /home/airflow/.local/lib/python3.12/site-packages/airflow/example_dags/example_short_circuit_decorator.py
[2026-06-12T13:22:18.851+0000] {processor.py:840} INFO - DAG(s) 'example_short_circuit_decorator' retrieved from /home/airflow/.local/lib/python3.12/site-packages/airflow/example_dags/example_short_circuit_decorator.py
[2026-06-12T13:22:18.916+0000] {logging_mixin.py:188} INFO - [2026-06-12T13:22:18.916+0000] {dag.py:3096} INFO - Sync 1 DAGs
[2026-06-12T13:22:18.967+0000] {logging_mixin.py:188} INFO - [2026-06-12T13:22:18.967+0000] {dag.py:3954} INFO - Setting next_dagrun for example_short_circuit_decorator to 2026-06-11 00:00:00+00:00, run_after=2026-06-12 00:00:00+00:00
[2026-06-12T13:22:18.988+0000] {processor.py:183} INFO - Processing /home/airflow/.local/lib/python3.12/site-packages/airflow/example_dags/example_short_circuit_decorator.py took 0.169 seconds
[2026-06-12T13:22:49.735+0000] {processor.py:161} INFO - Started process (PID=272) to work on /home/airflow/.local/lib/python3.12/site-packages/airflow/example_dags/example_short_circuit_decorator.py
[2026-06-12T13:22:49.736+0000] {processor.py:830} INFO - Processing file /home/airflow/.local/lib/python3.12/site-packages/airflow/example_dags/example_short_circuit_decorator.py for tasks to queue
[2026-06-12T13:22:49.738+0000] {logging_mixin.py:188} INFO - [2026-06-12T13:22:49.737+0000] {dagbag.py:545} INFO - Filling up the DagBag from /home/airflow/.local/lib/python3.12/site-packages/airflow/example_dags/example_short_circuit_decorator.py
[2026-06-12T13:22:49.748+0000] {processor.py:840} INFO - DAG(s) 'example_short_circuit_decorator' retrieved from /home/airflow/.local/lib/python3.12/site-packages/airflow/example_dags/example_short_circuit_decorator.py
[2026-06-12T13:22:49.777+0000] {logging_mixin.py:188} INFO - [2026-06-12T13:22:49.776+0000] {dag.py:3096} INFO - Sync 1 DAGs
[2026-06-12T13:22:49.804+0000] {logging_mixin.py:188} INFO - [2026-06-12T13:22:49.803+0000] {dag.py:3954} INFO - Setting next_dagrun for example_short_circuit_decorator to 2026-06-11 00:00:00+00:00, run_after=2026-06-12 00:00:00+00:00
[2026-06-12T13:22:49.826+0000] {processor.py:183} INFO - Processing /home/airflow/.local/lib/python3.12/site-packages/airflow/example_dags/example_short_circuit_decorator.py took 0.098 seconds
[2026-06-12T13:23:20.093+0000] {processor.py:161} INFO - Started process (PID=334) to work on /home/airflow/.local/lib/python3.12/site-packages/airflow/example_dags/example_short_circuit_decorator.py
[2026-06-12T13:23:20.094+0000] {processor.py:830} INFO - Processing file /home/airflow/.local/lib/python3.12/site-packages/airflow/example_dags/example_short_circuit_decorator.py for tasks to queue
[2026-06-12T13:23:20.096+0000] {logging_mixin.py:188} INFO - [2026-06-12T13:23:20.095+0000] {dagbag.py:545} INFO - Filling up the DagBag from /home/airflow/.local/lib/python3.12/site-packages/airflow/example_dags/example_short_circuit_decorator.py
[2026-06-12T13:23:20.107+0000] {processor.py:840} INFO - DAG(s) 'example_short_circuit_decorator' retrieved from /home/airflow/.local/lib/python3.12/site-packages/airflow/example_dags/example_short_circuit_decorator.py
[2026-06-12T13:23:20.137+0000] {logging_mixin.py:188} INFO - [2026-06-12T13:23:20.137+0000] {dag.py:3096} INFO - Sync 1 DAGs
[2026-06-12T13:23:20.166+0000] {logging_mixin.py:188} INFO - [2026-06-12T13:23:20.165+0000] {dag.py:3954} INFO - Setting next_dagrun for example_short_circuit_decorator to 2026-06-11 00:00:00+00:00, run_after=2026-06-12 00:00:00+00:00
[2026-06-12T13:23:20.185+0000] {processor.py:183} INFO - Processing /home/airflow/.local/lib/python3.12/site-packages/airflow/example_dags/example_short_circuit_decorator.py took 0.100 seconds
[2026-06-12T13:23:50.463+0000] {processor.py:161} INFO - Started process (PID=396) to work on /home/airflow/.local/lib/python3.12/site-packages/airflow/example_dags/example_short_circuit_decorator.py
[2026-06-12T13:23:50.463+0000] {processor.py:830} INFO - Processing file /home/airflow/.local/lib/python3.12/site-packages/airflow/example_dags/example_short_circuit_decorator.py for tasks to queue
[2026-06-12T13:23:50.465+0000] {logging_mixin.py:188} INFO - [2026-06-12T13:23:50.465+0000] {dagbag.py:545} INFO - Filling up the DagBag from /home/airflow/.local/lib/python3.12/site-packages/airflow/example_dags/example_short_circuit_decorator.py
[2026-06-12T13:23:50.476+0000] {processor.py:840} INFO - DAG(s) 'example_short_circuit_decorator' retrieved from /home/airflow/.local/lib/python3.12/site-packages/airflow/example_dags/example_short_circuit_decorator.py
[2026-06-12T13:23:50.505+0000] {logging_mixin.py:188} INFO - [2026-06-12T13:23:50.505+0000] {dag.py:3096} INFO - Sync 1 DAGs
[2026-06-12T13:23:50.532+0000] {logging_mixin.py:188} INFO - [2026-06-12T13:23:50.532+0000] {dag.py:3954} INFO - Setting next_dagrun for example_short_circuit_decorator to 2026-06-11 00:00:00+00:00, run_after=2026-06-12 00:00:00+00:00
[2026-06-12T13:23:50.554+0000] {processor.py:183} INFO - Processing /home/airflow/.local/lib/python3.12/site-packages/airflow/example_dags/example_short_circuit_decorator.py took 0.099 seconds
[2026-06-12T13:24:21.193+0000] {processor.py:161} INFO - Started process (PID=458) to work on /home/airflow/.local/lib/python3.12/site-packages/airflow/example_dags/example_short_circuit_decorator.py
[2026-06-12T13:24:21.194+0000] {processor.py:830} INFO - Processing file /home/airflow/.local/lib/python3.12/site-packages/airflow/example_dags/example_short_circuit_decorator.py for tasks to queue
[2026-06-12T13:24:21.196+0000] {logging_mixin.py:188} INFO - [2026-06-12T13:24:21.196+0000] {dagbag.py:545} INFO - Filling up the DagBag from /home/airflow/.local/lib/python3.12/site-packages/airflow/example_dags/example_short_circuit_decorator.py
[2026-06-12T13:24:21.207+0000] {processor.py:840} INFO - DAG(s) 'example_short_circuit_decorator' retrieved from /home/airflow/.local/lib/python3.12/site-packages/airflow/example_dags/example_short_circuit_decorator.py
[2026-06-12T13:24:21.236+0000] {logging_mixin.py:188} INFO - [2026-06-12T13:24:21.236+0000] {dag.py:3096} INFO - Sync 1 DAGs
[2026-06-12T13:24:21.265+0000] {logging_mixin.py:188} INFO - [2026-06-12T13:24:21.265+0000] {dag.py:3954} INFO - Setting next_dagrun for example_short_circuit_decorator to 2026-06-11 00:00:00+00:00, run_after=2026-06-12 00:00:00+00:00
[2026-06-12T13:24:21.286+0000] {processor.py:183} INFO - Processing /home/airflow/.local/lib/python3.12/site-packages/airflow/example_dags/example_short_circuit_decorator.py took 0.104 seconds
[2026-06-12T13:24:51.592+0000] {processor.py:161} INFO - Started process (PID=519) to work on /home/airflow/.local/lib/python3.12/site-packages/airflow/example_dags/example_short_circuit_decorator.py
[2026-06-12T13:24:51.593+0000] {processor.py:830} INFO - Processing file /home/airflow/.local/lib/python3.12/site-packages/airflow/example_dags/example_short_circuit_decorator.py for tasks to queue
[2026-06-12T13:24:51.595+0000] {logging_mixin.py:188} INFO - [2026-06-12T13:24:51.594+0000] {dagbag.py:545} INFO - Filling up the DagBag from /home/airflow/.local/lib/python3.12/site-packages/airflow/example_dags/example_short_circuit_decorator.py
[2026-06-12T13:24:51.606+0000] {processor.py:840} INFO - DAG(s) 'example_short_circuit_decorator' retrieved from /home/airflow/.local/lib/python3.12/site-packages/airflow/example_dags/example_short_circuit_decorator.py
[2026-06-12T13:24:51.653+0000] {logging_mixin.py:188} INFO - [2026-06-12T13:24:51.652+0000] {dag.py:3096} INFO - Sync 1 DAGs
[2026-06-12T13:24:51.679+0000] {logging_mixin.py:188} INFO - [2026-06-12T13:24:51.679+0000] {dag.py:3954} INFO - Setting next_dagrun for example_short_circuit_decorator to 2026-06-11 00:00:00+00:00, run_after=2026-06-12 00:00:00+00:00
[2026-06-12T13:24:51.698+0000] {processor.py:183} INFO - Processing /home/airflow/.local/lib/python3.12/site-packages/airflow/example_dags/example_short_circuit_decorator.py took 0.113 seconds
[2026-06-12T13:25:23.031+0000] {processor.py:161} INFO - Started process (PID=587) to work on /home/airflow/.local/lib/python3.12/site-packages/airflow/example_dags/example_short_circuit_decorator.py
[2026-06-12T13:25:23.032+0000] {processor.py:830} INFO - Processing file /home/airflow/.local/lib/python3.12/site-packages/airflow/example_dags/example_short_circuit_decorator.py for tasks to queue
[2026-06-12T13:25:23.033+0000] {logging_mixin.py:188} INFO - [2026-06-12T13:25:23.033+0000] {dagbag.py:545} INFO - Filling up the DagBag from /home/airflow/.local/lib/python3.12/site-packages/airflow/example_dags/example_short_circuit_decorator.py
[2026-06-12T13:25:23.045+0000] {processor.py:840} INFO - DAG(s) 'example_short_circuit_decorator' retrieved from /home/airflow/.local/lib/python3.12/site-packages/airflow/example_dags/example_short_circuit_decorator.py
[2026-06-12T13:25:23.077+0000] {logging_mixin.py:188} INFO - [2026-06-12T13:25:23.077+0000] {dag.py:3096} INFO - Sync 1 DAGs
[2026-06-12T13:25:23.105+0000] {logging_mixin.py:188} INFO - [2026-06-12T13:25:23.105+0000] {dag.py:3954} INFO - Setting next_dagrun for example_short_circuit_decorator to 2026-06-11 00:00:00+00:00, run_after=2026-06-12 00:00:00+00:00
[2026-06-12T13:25:23.125+0000] {processor.py:183} INFO - Processing /home/airflow/.local/lib/python3.12/site-packages/airflow/example_dags/example_short_circuit_decorator.py took 0.102 seconds
[2026-06-12T13:25:56.258+0000] {processor.py:161} INFO - Started process (PID=648) to work on /home/airflow/.local/lib/python3.12/site-packages/airflow/example_dags/example_short_circuit_decorator.py
[2026-06-12T13:25:56.259+0000] {processor.py:830} INFO - Processing file /home/airflow/.local/lib/python3.12/site-packages/airflow/example_dags/example_short_circuit_decorator.py for tasks to queue
[2026-06-12T13:25:56.261+0000] {logging_mixin.py:188} INFO - [2026-06-12T13:25:56.261+0000] {dagbag.py:545} INFO - Filling up the DagBag from /home/airflow/.local/lib/python3.12/site-packages/airflow/example_dags/example_short_circuit_decorator.py
[2026-06-12T13:25:56.272+0000] {processor.py:840} INFO - DAG(s) 'example_short_circuit_decorator' retrieved from /home/airflow/.local/lib/python3.12/site-packages/airflow/example_dags/example_short_circuit_decorator.py
[2026-06-12T13:25:56.303+0000] {logging_mixin.py:188} INFO - [2026-06-12T13:25:56.303+0000] {dag.py:3096} INFO - Sync 1 DAGs
[2026-06-12T13:25:56.330+0000] {logging_mixin.py:188} INFO - [2026-06-12T13:25:56.330+0000] {dag.py:3954} INFO - Setting next_dagrun for example_short_circuit_decorator to 2026-06-11 00:00:00+00:00, run_after=2026-06-12 00:00:00+00:00
[2026-06-12T13:25:56.351+0000] {processor.py:183} INFO - Processing /home/airflow/.local/lib/python3.12/site-packages/airflow/example_dags/example_short_circuit_decorator.py took 0.100 seconds
[2026-06-12T13:26:29.050+0000] {processor.py:161} INFO - Started process (PID=710) to work on /home/airflow/.local/lib/python3.12/site-packages/airflow/example_dags/example_short_circuit_decorator.py
[2026-06-12T13:26:29.054+0000] {processor.py:830} INFO - Processing file /home/airflow/.local/lib/python3.12/site-packages/airflow/example_dags/example_short_circuit_decorator.py for tasks to queue
[2026-06-12T13:26:29.066+0000] {logging_mixin.py:188} INFO - [2026-06-12T13:26:29.065+0000] {dagbag.py:545} INFO - Filling up the DagBag from /home/airflow/.local/lib/python3.12/site-packages/airflow/example_dags/example_short_circuit_decorator.py
[2026-06-12T13:26:29.136+0000] {processor.py:840} INFO - DAG(s) 'example_short_circuit_decorator' retrieved from /home/airflow/.local/lib/python3.12/site-packages/airflow/example_dags/example_short_circuit_decorator.py
[2026-06-12T13:26:29.239+0000] {logging_mixin.py:188} INFO - [2026-06-12T13:26:29.239+0000] {dag.py:3096} INFO - Sync 1 DAGs
[2026-06-12T13:26:29.337+0000] {logging_mixin.py:188} INFO - [2026-06-12T13:26:29.336+0000] {dag.py:3954} INFO - Setting next_dagrun for example_short_circuit_decorator to 2026-06-11 00:00:00+00:00, run_after=2026-06-12 00:00:00+00:00
[2026-06-12T13:26:29.430+0000] {processor.py:183} INFO - Processing /home/airflow/.local/lib/python3.12/site-packages/airflow/example_dags/example_short_circuit_decorator.py took 0.413 seconds
[2026-06-12T13:26:59.907+0000] {processor.py:161} INFO - Started process (PID=771) to work on /home/airflow/.local/lib/python3.12/site-packages/airflow/example_dags/example_short_circuit_decorator.py
[2026-06-12T13:26:59.910+0000] {processor.py:830} INFO - Processing file /home/airflow/.local/lib/python3.12/site-packages/airflow/example_dags/example_short_circuit_decorator.py for tasks to queue
[2026-06-12T13:26:59.918+0000] {logging_mixin.py:188} INFO - [2026-06-12T13:26:59.912+0000] {dagbag.py:545} INFO - Filling up the DagBag from /home/airflow/.local/lib/python3.12/site-packages/airflow/example_dags/example_short_circuit_decorator.py
[2026-06-12T13:26:59.939+0000] {processor.py:840} INFO - DAG(s) 'example_short_circuit_decorator' retrieved from /home/airflow/.local/lib/python3.12/site-packages/airflow/example_dags/example_short_circuit_decorator.py
[2026-06-12T13:27:00.046+0000] {logging_mixin.py:188} INFO - [2026-06-12T13:27:00.045+0000] {dag.py:3096} INFO - Sync 1 DAGs
[2026-06-12T13:27:00.097+0000] {logging_mixin.py:188} INFO - [2026-06-12T13:27:00.097+0000] {dag.py:3954} INFO - Setting next_dagrun for example_short_circuit_decorator to 2026-06-11 00:00:00+00:00, run_after=2026-06-12 00:00:00+00:00
[2026-06-12T13:27:00.120+0000] {processor.py:183} INFO - Processing /home/airflow/.local/lib/python3.12/site-packages/airflow/example_dags/example_short_circuit_decorator.py took 0.226 seconds
[2026-06-12T13:27:31.524+0000] {processor.py:161} INFO - Started process (PID=833) to work on /home/airflow/.local/lib/python3.12/site-packages/airflow/example_dags/example_short_circuit_decorator.py
[2026-06-12T13:27:31.525+0000] {processor.py:830} INFO - Processing file /home/airflow/.local/lib/python3.12/site-packages/airflow/example_dags/example_short_circuit_decorator.py for tasks to queue
[2026-06-12T13:27:31.527+0000] {logging_mixin.py:188} INFO - [2026-06-12T13:27:31.526+0000] {dagbag.py:545} INFO - Filling up the DagBag from /home/airflow/.local/lib/python3.12/site-packages/airflow/example_dags/example_short_circuit_decorator.py
[2026-06-12T13:27:31.538+0000] {processor.py:840} INFO - DAG(s) 'example_short_circuit_decorator' retrieved from /home/airflow/.local/lib/python3.12/site-packages/airflow/example_dags/example_short_circuit_decorator.py
[2026-06-12T13:27:31.591+0000] {logging_mixin.py:188} INFO - [2026-06-12T13:27:31.590+0000] {dag.py:3096} INFO - Sync 1 DAGs
[2026-06-12T13:27:31.617+0000] {logging_mixin.py:188} INFO - [2026-06-12T13:27:31.617+0000] {dag.py:3954} INFO - Setting next_dagrun for example_short_circuit_decorator to 2026-06-11 00:00:00+00:00, run_after=2026-06-12 00:00:00+00:00
[2026-06-12T13:27:31.638+0000] {processor.py:183} INFO - Processing /home/airflow/.local/lib/python3.12/site-packages/airflow/example_dags/example_short_circuit_decorator.py took 0.121 seconds
[2026-06-12T13:28:02.698+0000] {processor.py:161} INFO - Started process (PID=895) to work on /home/airflow/.local/lib/python3.12/site-packages/airflow/example_dags/example_short_circuit_decorator.py
[2026-06-12T13:28:02.698+0000] {processor.py:830} INFO - Processing file /home/airflow/.local/lib/python3.12/site-packages/airflow/example_dags/example_short_circuit_decorator.py for tasks to queue
[2026-06-12T13:28:02.701+0000] {logging_mixin.py:188} INFO - [2026-06-12T13:28:02.700+0000] {dagbag.py:545} INFO - Filling up the DagBag from /home/airflow/.local/lib/python3.12/site-packages/airflow/example_dags/example_short_circuit_decorator.py
[2026-06-12T13:28:02.712+0000] {processor.py:840} INFO - DAG(s) 'example_short_circuit_decorator' retrieved from /home/airflow/.local/lib/python3.12/site-packages/airflow/example_dags/example_short_circuit_decorator.py
[2026-06-12T13:28:02.744+0000] {logging_mixin.py:188} INFO - [2026-06-12T13:28:02.744+0000] {dag.py:3096} INFO - Sync 1 DAGs
[2026-06-12T13:28:02.784+0000] {logging_mixin.py:188} INFO - [2026-06-12T13:28:02.783+0000] {dag.py:3954} INFO - Setting next_dagrun for example_short_circuit_decorator to 2026-06-11 00:00:00+00:00, run_after=2026-06-12 00:00:00+00:00
[2026-06-12T13:28:02.804+0000] {processor.py:183} INFO - Processing /home/airflow/.local/lib/python3.12/site-packages/airflow/example_dags/example_short_circuit_decorator.py took 0.113 seconds
[2026-06-12T13:28:33.708+0000] {processor.py:161} INFO - Started process (PID=957) to work on /home/airflow/.local/lib/python3.12/site-packages/airflow/example_dags/example_short_circuit_decorator.py
[2026-06-12T13:28:33.709+0000] {processor.py:830} INFO - Processing file /home/airflow/.local/lib/python3.12/site-packages/airflow/example_dags/example_short_circuit_decorator.py for tasks to queue
[2026-06-12T13:28:33.711+0000] {logging_mixin.py:188} INFO - [2026-06-12T13:28:33.711+0000] {dagbag.py:545} INFO - Filling up the DagBag from /home/airflow/.local/lib/python3.12/site-packages/airflow/example_dags/example_short_circuit_decorator.py
[2026-06-12T13:28:33.722+0000] {processor.py:840} INFO - DAG(s) 'example_short_circuit_decorator' retrieved from /home/airflow/.local/lib/python3.12/site-packages/airflow/example_dags/example_short_circuit_decorator.py
[2026-06-12T13:28:33.752+0000] {logging_mixin.py:188} INFO - [2026-06-12T13:28:33.752+0000] {dag.py:3096} INFO - Sync 1 DAGs
[2026-06-12T13:28:33.779+0000] {logging_mixin.py:188} INFO - [2026-06-12T13:28:33.779+0000] {dag.py:3954} INFO - Setting next_dagrun for example_short_circuit_decorator to 2026-06-11 00:00:00+00:00, run_after=2026-06-12 00:00:00+00:00
[2026-06-12T13:28:33.798+0000] {processor.py:183} INFO - Processing /home/airflow/.local/lib/python3.12/site-packages/airflow/example_dags/example_short_circuit_decorator.py took 0.097 seconds
[2026-06-12T13:29:05.614+0000] {processor.py:161} INFO - Started process (PID=1019) to work on /home/airflow/.local/lib/python3.12/site-packages/airflow/example_dags/example_short_circuit_decorator.py
[2026-06-12T13:29:05.615+0000] {processor.py:830} INFO - Processing file /home/airflow/.local/lib/python3.12/site-packages/airflow/example_dags/example_short_circuit_decorator.py for tasks to queue
[2026-06-12T13:29:05.617+0000] {logging_mixin.py:188} INFO - [2026-06-12T13:29:05.616+0000] {dagbag.py:545} INFO - Filling up the DagBag from /home/airflow/.local/lib/python3.12/site-packages/airflow/example_dags/example_short_circuit_decorator.py
[2026-06-12T13:29:05.627+0000] {processor.py:840} INFO - DAG(s) 'example_short_circuit_decorator' retrieved from /home/airflow/.local/lib/python3.12/site-packages/airflow/example_dags/example_short_circuit_decorator.py
[2026-06-12T13:29:05.656+0000] {logging_mixin.py:188} INFO - [2026-06-12T13:29:05.656+0000] {dag.py:3096} INFO - Sync 1 DAGs
[2026-06-12T13:29:05.684+0000] {logging_mixin.py:188} INFO - [2026-06-12T13:29:05.684+0000] {dag.py:3954} INFO - Setting next_dagrun for example_short_circuit_decorator to 2026-06-11 00:00:00+00:00, run_after=2026-06-12 00:00:00+00:00
[2026-06-12T13:29:05.705+0000] {processor.py:183} INFO - Processing /home/airflow/.local/lib/python3.12/site-packages/airflow/example_dags/example_short_circuit_decorator.py took 0.097 seconds
[2026-06-12T13:29:36.322+0000] {processor.py:161} INFO - Started process (PID=1080) to work on /home/airflow/.local/lib/python3.12/site-packages/airflow/example_dags/example_short_circuit_decorator.py
[2026-06-12T13:29:36.323+0000] {processor.py:830} INFO - Processing file /home/airflow/.local/lib/python3.12/site-packages/airflow/example_dags/example_short_circuit_decorator.py for tasks to queue
[2026-06-12T13:29:36.325+0000] {logging_mixin.py:188} INFO - [2026-06-12T13:29:36.325+0000] {dagbag.py:545} INFO - Filling up the DagBag from /home/airflow/.local/lib/python3.12/site-packages/airflow/example_dags/example_short_circuit_decorator.py
[2026-06-12T13:29:36.336+0000] {processor.py:840} INFO - DAG(s) 'example_short_circuit_decorator' retrieved from /home/airflow/.local/lib/python3.12/site-packages/airflow/example_dags/example_short_circuit_decorator.py
[2026-06-12T13:29:36.365+0000] {logging_mixin.py:188} INFO - [2026-06-12T13:29:36.364+0000] {dag.py:3096} INFO - Sync 1 DAGs
[2026-06-12T13:29:36.390+0000] {logging_mixin.py:188} INFO - [2026-06-12T13:29:36.390+0000] {dag.py:3954} INFO - Setting next_dagrun for example_short_circuit_decorator to 2026-06-11 00:00:00+00:00, run_after=2026-06-12 00:00:00+00:00
[2026-06-12T13:29:36.409+0000] {processor.py:183} INFO - Processing /home/airflow/.local/lib/python3.12/site-packages/airflow/example_dags/example_short_circuit_decorator.py took 0.094 seconds
[2026-06-12T13:30:06.810+0000] {processor.py:161} INFO - Started process (PID=1140) to work on /home/airflow/.local/lib/python3.12/site-packages/airflow/example_dags/example_short_circuit_decorator.py
[2026-06-12T13:30:06.811+0000] {processor.py:830} INFO - Processing file /home/airflow/.local/lib/python3.12/site-packages/airflow/example_dags/example_short_circuit_decorator.py for tasks to queue
[2026-06-12T13:30:06.813+0000] {logging_mixin.py:188} INFO - [2026-06-12T13:30:06.813+0000] {dagbag.py:545} INFO - Filling up the DagBag from /home/airflow/.local/lib/python3.12/site-packages/airflow/example_dags/example_short_circuit_decorator.py
[2026-06-12T13:30:06.823+0000] {processor.py:840} INFO - DAG(s) 'example_short_circuit_decorator' retrieved from /home/airflow/.local/lib/python3.12/site-packages/airflow/example_dags/example_short_circuit_decorator.py
[2026-06-12T13:30:06.851+0000] {logging_mixin.py:188} INFO - [2026-06-12T13:30:06.851+0000] {dag.py:3096} INFO - Sync 1 DAGs
[2026-06-12T13:30:06.877+0000] {logging_mixin.py:188} INFO - [2026-06-12T13:30:06.876+0000] {dag.py:3954} INFO - Setting next_dagrun for example_short_circuit_decorator to 2026-06-11 00:00:00+00:00, run_after=2026-06-12 00:00:00+00:00
[2026-06-12T13:30:06.895+0000] {processor.py:183} INFO - Processing /home/airflow/.local/lib/python3.12/site-packages/airflow/example_dags/example_short_circuit_decorator.py took 0.092 seconds
[2026-06-12T13:30:37.321+0000] {processor.py:161} INFO - Started process (PID=1201) to work on /home/airflow/.local/lib/python3.12/site-packages/airflow/example_dags/example_short_circuit_decorator.py
[2026-06-12T13:30:37.322+0000] {processor.py:830} INFO - Processing file /home/airflow/.local/lib/python3.12/site-packages/airflow/example_dags/example_short_circuit_decorator.py for tasks to queue
[2026-06-12T13:30:37.324+0000] {logging_mixin.py:188} INFO - [2026-06-12T13:30:37.324+0000] {dagbag.py:545} INFO - Filling up the DagBag from /home/airflow/.local/lib/python3.12/site-packages/airflow/example_dags/example_short_circuit_decorator.py
[2026-06-12T13:30:37.335+0000] {processor.py:840} INFO - DAG(s) 'example_short_circuit_decorator' retrieved from /home/airflow/.local/lib/python3.12/site-packages/airflow/example_dags/example_short_circuit_decorator.py
[2026-06-12T13:30:37.363+0000] {logging_mixin.py:188} INFO - [2026-06-12T13:30:37.362+0000] {dag.py:3096} INFO - Sync 1 DAGs
[2026-06-12T13:30:37.390+0000] {logging_mixin.py:188} INFO - [2026-06-12T13:30:37.389+0000] {dag.py:3954} INFO - Setting next_dagrun for example_short_circuit_decorator to 2026-06-11 00:00:00+00:00, run_after=2026-06-12 00:00:00+00:00
[2026-06-12T13:30:37.413+0000] {processor.py:183} INFO - Processing /home/airflow/.local/lib/python3.12/site-packages/airflow/example_dags/example_short_circuit_decorator.py took 0.099 seconds
[2026-06-12T13:31:07.830+0000] {processor.py:161} INFO - Started process (PID=1263) to work on /home/airflow/.local/lib/python3.12/site-packages/airflow/example_dags/example_short_circuit_decorator.py
[2026-06-12T13:31:07.835+0000] {processor.py:830} INFO - Processing file /home/airflow/.local/lib/python3.12/site-packages/airflow/example_dags/example_short_circuit_decorator.py for tasks to queue
[2026-06-12T13:31:07.839+0000] {logging_mixin.py:188} INFO - [2026-06-12T13:31:07.838+0000] {dagbag.py:545} INFO - Filling up the DagBag from /home/airflow/.local/lib/python3.12/site-packages/airflow/example_dags/example_short_circuit_decorator.py
[2026-06-12T13:31:07.872+0000] {processor.py:840} INFO - DAG(s) 'example_short_circuit_decorator' retrieved from /home/airflow/.local/lib/python3.12/site-packages/airflow/example_dags/example_short_circuit_decorator.py
[2026-06-12T13:31:07.956+0000] {logging_mixin.py:188} INFO - [2026-06-12T13:31:07.956+0000] {dag.py:3096} INFO - Sync 1 DAGs
[2026-06-12T13:31:08.044+0000] {logging_mixin.py:188} INFO - [2026-06-12T13:31:08.044+0000] {dag.py:3954} INFO - Setting next_dagrun for example_short_circuit_decorator to 2026-06-11 00:00:00+00:00, run_after=2026-06-12 00:00:00+00:00
[2026-06-12T13:31:08.112+0000] {processor.py:183} INFO - Processing /home/airflow/.local/lib/python3.12/site-packages/airflow/example_dags/example_short_circuit_decorator.py took 0.305 seconds
[2026-06-12T13:31:38.316+0000] {processor.py:161} INFO - Started process (PID=1325) to work on /home/airflow/.local/lib/python3.12/site-packages/airflow/example_dags/example_short_circuit_decorator.py
[2026-06-12T13:31:38.317+0000] {processor.py:830} INFO - Processing file /home/airflow/.local/lib/python3.12/site-packages/airflow/example_dags/example_short_circuit_decorator.py for tasks to queue
[2026-06-12T13:31:38.319+0000] {logging_mixin.py:188} INFO - [2026-06-12T13:31:38.319+0000] {dagbag.py:545} INFO - Filling up the DagBag from /home/airflow/.local/lib/python3.12/site-packages/airflow/example_dags/example_short_circuit_decorator.py
[2026-06-12T13:31:38.330+0000] {processor.py:840} INFO - DAG(s) 'example_short_circuit_decorator' retrieved from /home/airflow/.local/lib/python3.12/site-packages/airflow/example_dags/example_short_circuit_decorator.py
[2026-06-12T13:31:38.358+0000] {logging_mixin.py:188} INFO - [2026-06-12T13:31:38.358+0000] {dag.py:3096} INFO - Sync 1 DAGs
[2026-06-12T13:31:38.386+0000] {logging_mixin.py:188} INFO - [2026-06-12T13:31:38.386+0000] {dag.py:3954} INFO - Setting next_dagrun for example_short_circuit_decorator to 2026-06-11 00:00:00+00:00, run_after=2026-06-12 00:00:00+00:00
[2026-06-12T13:31:38.418+0000] {processor.py:183} INFO - Processing /home/airflow/.local/lib/python3.12/site-packages/airflow/example_dags/example_short_circuit_decorator.py took 0.109 seconds
[2026-06-12T13:32:08.639+0000] {processor.py:161} INFO - Started process (PID=1387) to work on /home/airflow/.local/lib/python3.12/site-packages/airflow/example_dags/example_short_circuit_decorator.py
[2026-06-12T13:32:08.640+0000] {processor.py:830} INFO - Processing file /home/airflow/.local/lib/python3.12/site-packages/airflow/example_dags/example_short_circuit_decorator.py for tasks to queue
[2026-06-12T13:32:08.642+0000] {logging_mixin.py:188} INFO - [2026-06-12T13:32:08.641+0000] {dagbag.py:545} INFO - Filling up the DagBag from /home/airflow/.local/lib/python3.12/site-packages/airflow/example_dags/example_short_circuit_decorator.py
[2026-06-12T13:32:08.652+0000] {processor.py:840} INFO - DAG(s) 'example_short_circuit_decorator' retrieved from /home/airflow/.local/lib/python3.12/site-packages/airflow/example_dags/example_short_circuit_decorator.py
[2026-06-12T13:32:08.684+0000] {logging_mixin.py:188} INFO - [2026-06-12T13:32:08.683+0000] {dag.py:3096} INFO - Sync 1 DAGs
[2026-06-12T13:32:08.716+0000] {logging_mixin.py:188} INFO - [2026-06-12T13:32:08.716+0000] {dag.py:3954} INFO - Setting next_dagrun for example_short_circuit_decorator to 2026-06-11 00:00:00+00:00, run_after=2026-06-12 00:00:00+00:00
[2026-06-12T13:32:08.740+0000] {processor.py:183} INFO - Processing /home/airflow/.local/lib/python3.12/site-packages/airflow/example_dags/example_short_circuit_decorator.py took 0.109 seconds
[2026-06-12T13:32:38.926+0000] {processor.py:161} INFO - Started process (PID=1449) to work on /home/airflow/.local/lib/python3.12/site-packages/airflow/example_dags/example_short_circuit_decorator.py
[2026-06-12T13:32:38.927+0000] {processor.py:830} INFO - Processing file /home/airflow/.local/lib/python3.12/site-packages/airflow/example_dags/example_short_circuit_decorator.py for tasks to queue
[2026-06-12T13:32:38.929+0000] {logging_mixin.py:188} INFO - [2026-06-12T13:32:38.929+0000] {dagbag.py:545} INFO - Filling up the DagBag from /home/airflow/.local/lib/python3.12/site-packages/airflow/example_dags/example_short_circuit_decorator.py
[2026-06-12T13:32:38.940+0000] {processor.py:840} INFO - DAG(s) 'example_short_circuit_decorator' retrieved from /home/airflow/.local/lib/python3.12/site-packages/airflow/example_dags/example_short_circuit_decorator.py
[2026-06-12T13:32:38.968+0000] {logging_mixin.py:188} INFO - [2026-06-12T13:32:38.968+0000] {dag.py:3096} INFO - Sync 1 DAGs
[2026-06-12T13:32:38.996+0000] {logging_mixin.py:188} INFO - [2026-06-12T13:32:38.996+0000] {dag.py:3954} INFO - Setting next_dagrun for example_short_circuit_decorator to 2026-06-11 00:00:00+00:00, run_after=2026-06-12 00:00:00+00:00
[2026-06-12T13:32:39.016+0000] {processor.py:183} INFO - Processing /home/airflow/.local/lib/python3.12/site-packages/airflow/example_dags/example_short_circuit_decorator.py took 0.101 seconds
[2026-06-12T13:33:09.161+0000] {processor.py:161} INFO - Started process (PID=1511) to work on /home/airflow/.local/lib/python3.12/site-packages/airflow/example_dags/example_short_circuit_decorator.py
[2026-06-12T13:33:09.162+0000] {processor.py:830} INFO - Processing file /home/airflow/.local/lib/python3.12/site-packages/airflow/example_dags/example_short_circuit_decorator.py for tasks to queue
[2026-06-12T13:33:09.164+0000] {logging_mixin.py:188} INFO - [2026-06-12T13:33:09.164+0000] {dagbag.py:545} INFO - Filling up the DagBag from /home/airflow/.local/lib/python3.12/site-packages/airflow/example_dags/example_short_circuit_decorator.py
[2026-06-12T13:33:09.175+0000] {processor.py:840} INFO - DAG(s) 'example_short_circuit_decorator' retrieved from /home/airflow/.local/lib/python3.12/site-packages/airflow/example_dags/example_short_circuit_decorator.py
[2026-06-12T13:33:09.203+0000] {logging_mixin.py:188} INFO - [2026-06-12T13:33:09.203+0000] {dag.py:3096} INFO - Sync 1 DAGs
[2026-06-12T13:33:09.233+0000] {logging_mixin.py:188} INFO - [2026-06-12T13:33:09.233+0000] {dag.py:3954} INFO - Setting next_dagrun for example_short_circuit_decorator to 2026-06-11 00:00:00+00:00, run_after=2026-06-12 00:00:00+00:00
[2026-06-12T13:33:09.264+0000] {processor.py:183} INFO - Processing /home/airflow/.local/lib/python3.12/site-packages/airflow/example_dags/example_short_circuit_decorator.py took 0.110 seconds
[2026-06-12T13:33:39.402+0000] {processor.py:161} INFO - Started process (PID=1573) to work on /home/airflow/.local/lib/python3.12/site-packages/airflow/example_dags/example_short_circuit_decorator.py
[2026-06-12T13:33:39.402+0000] {processor.py:830} INFO - Processing file /home/airflow/.local/lib/python3.12/site-packages/airflow/example_dags/example_short_circuit_decorator.py for tasks to queue
[2026-06-12T13:33:39.404+0000] {logging_mixin.py:188} INFO - [2026-06-12T13:33:39.404+0000] {dagbag.py:545} INFO - Filling up the DagBag from /home/airflow/.local/lib/python3.12/site-packages/airflow/example_dags/example_short_circuit_decorator.py
[2026-06-12T13:33:39.415+0000] {processor.py:840} INFO - DAG(s) 'example_short_circuit_decorator' retrieved from /home/airflow/.local/lib/python3.12/site-packages/airflow/example_dags/example_short_circuit_decorator.py
[2026-06-12T13:33:39.443+0000] {logging_mixin.py:188} INFO - [2026-06-12T13:33:39.443+0000] {dag.py:3096} INFO - Sync 1 DAGs
[2026-06-12T13:33:39.475+0000] {logging_mixin.py:188} INFO - [2026-06-12T13:33:39.475+0000] {dag.py:3954} INFO - Setting next_dagrun for example_short_circuit_decorator to 2026-06-11 00:00:00+00:00, run_after=2026-06-12 00:00:00+00:00
[2026-06-12T13:33:39.500+0000] {processor.py:183} INFO - Processing /home/airflow/.local/lib/python3.12/site-packages/airflow/example_dags/example_short_circuit_decorator.py took 0.108 seconds
[2026-06-12T13:34:09.925+0000] {processor.py:161} INFO - Started process (PID=1635) to work on /home/airflow/.local/lib/python3.12/site-packages/airflow/example_dags/example_short_circuit_decorator.py
[2026-06-12T13:34:09.926+0000] {processor.py:830} INFO - Processing file /home/airflow/.local/lib/python3.12/site-packages/airflow/example_dags/example_short_circuit_decorator.py for tasks to queue
[2026-06-12T13:34:09.928+0000] {logging_mixin.py:188} INFO - [2026-06-12T13:34:09.928+0000] {dagbag.py:545} INFO - Filling up the DagBag from /home/airflow/.local/lib/python3.12/site-packages/airflow/example_dags/example_short_circuit_decorator.py
[2026-06-12T13:34:09.939+0000] {processor.py:840} INFO - DAG(s) 'example_short_circuit_decorator' retrieved from /home/airflow/.local/lib/python3.12/site-packages/airflow/example_dags/example_short_circuit_decorator.py
[2026-06-12T13:34:09.971+0000] {logging_mixin.py:188} INFO - [2026-06-12T13:34:09.970+0000] {dag.py:3096} INFO - Sync 1 DAGs
[2026-06-12T13:34:09.998+0000] {logging_mixin.py:188} INFO - [2026-06-12T13:34:09.998+0000] {dag.py:3954} INFO - Setting next_dagrun for example_short_circuit_decorator to 2026-06-11 00:00:00+00:00, run_after=2026-06-12 00:00:00+00:00
[2026-06-12T13:34:10.045+0000] {processor.py:183} INFO - Processing /home/airflow/.local/lib/python3.12/site-packages/airflow/example_dags/example_short_circuit_decorator.py took 0.127 seconds
[2026-06-12T13:34:40.128+0000] {processor.py:161} INFO - Started process (PID=1697) to work on /home/airflow/.local/lib/python3.12/site-packages/airflow/example_dags/example_short_circuit_decorator.py
[2026-06-12T13:34:40.129+0000] {processor.py:830} INFO - Processing file /home/airflow/.local/lib/python3.12/site-packages/airflow/example_dags/example_short_circuit_decorator.py for tasks to queue
[2026-06-12T13:34:40.131+0000] {logging_mixin.py:188} INFO - [2026-06-12T13:34:40.130+0000] {dagbag.py:545} INFO - Filling up the DagBag from /home/airflow/.local/lib/python3.12/site-packages/airflow/example_dags/example_short_circuit_decorator.py
[2026-06-12T13:34:40.142+0000] {processor.py:840} INFO - DAG(s) 'example_short_circuit_decorator' retrieved from /home/airflow/.local/lib/python3.12/site-packages/airflow/example_dags/example_short_circuit_decorator.py
[2026-06-12T13:34:40.171+0000] {logging_mixin.py:188} INFO - [2026-06-12T13:34:40.170+0000] {dag.py:3096} INFO - Sync 1 DAGs
[2026-06-12T13:34:40.219+0000] {logging_mixin.py:188} INFO - [2026-06-12T13:34:40.218+0000] {dag.py:3954} INFO - Setting next_dagrun for example_short_circuit_decorator to 2026-06-11 00:00:00+00:00, run_after=2026-06-12 00:00:00+00:00
[2026-06-12T13:34:40.239+0000] {processor.py:183} INFO - Processing /home/airflow/.local/lib/python3.12/site-packages/airflow/example_dags/example_short_circuit_decorator.py took 0.118 seconds
[2026-06-12T13:35:10.392+0000] {processor.py:161} INFO - Started process (PID=1758) to work on /home/airflow/.local/lib/python3.12/site-packages/airflow/example_dags/example_short_circuit_decorator.py
[2026-06-12T13:35:10.396+0000] {processor.py:830} INFO - Processing file /home/airflow/.local/lib/python3.12/site-packages/airflow/example_dags/example_short_circuit_decorator.py for tasks to queue
[2026-06-12T13:35:10.404+0000] {logging_mixin.py:188} INFO - [2026-06-12T13:35:10.403+0000] {dagbag.py:545} INFO - Filling up the DagBag from /home/airflow/.local/lib/python3.12/site-packages/airflow/example_dags/example_short_circuit_decorator.py
[2026-06-12T13:35:10.445+0000] {processor.py:840} INFO - DAG(s) 'example_short_circuit_decorator' retrieved from /home/airflow/.local/lib/python3.12/site-packages/airflow/example_dags/example_short_circuit_decorator.py
[2026-06-12T13:35:10.503+0000] {logging_mixin.py:188} INFO - [2026-06-12T13:35:10.503+0000] {dag.py:3096} INFO - Sync 1 DAGs
[2026-06-12T13:35:10.570+0000] {logging_mixin.py:188} INFO - [2026-06-12T13:35:10.569+0000] {dag.py:3954} INFO - Setting next_dagrun for example_short_circuit_decorator to 2026-06-11 00:00:00+00:00, run_after=2026-06-12 00:00:00+00:00
[2026-06-12T13:35:10.747+0000] {processor.py:183} INFO - Processing /home/airflow/.local/lib/python3.12/site-packages/airflow/example_dags/example_short_circuit_decorator.py took 0.393 seconds
[2026-06-12T13:35:41.525+0000] {processor.py:161} INFO - Started process (PID=1820) to work on /home/airflow/.local/lib/python3.12/site-packages/airflow/example_dags/example_short_circuit_decorator.py
[2026-06-12T13:35:41.530+0000] {processor.py:830} INFO - Processing file /home/airflow/.local/lib/python3.12/site-packages/airflow/example_dags/example_short_circuit_decorator.py for tasks to queue
[2026-06-12T13:35:41.541+0000] {logging_mixin.py:188} INFO - [2026-06-12T13:35:41.537+0000] {dagbag.py:545} INFO - Filling up the DagBag from /home/airflow/.local/lib/python3.12/site-packages/airflow/example_dags/example_short_circuit_decorator.py
[2026-06-12T13:35:41.587+0000] {processor.py:840} INFO - DAG(s) 'example_short_circuit_decorator' retrieved from /home/airflow/.local/lib/python3.12/site-packages/airflow/example_dags/example_short_circuit_decorator.py
[2026-06-12T13:35:41.653+0000] {logging_mixin.py:188} INFO - [2026-06-12T13:35:41.652+0000] {dag.py:3096} INFO - Sync 1 DAGs
[2026-06-12T13:35:41.731+0000] {logging_mixin.py:188} INFO - [2026-06-12T13:35:41.730+0000] {dag.py:3954} INFO - Setting next_dagrun for example_short_circuit_decorator to 2026-06-11 00:00:00+00:00, run_after=2026-06-12 00:00:00+00:00
[2026-06-12T13:35:41.815+0000] {processor.py:183} INFO - Processing /home/airflow/.local/lib/python3.12/site-packages/airflow/example_dags/example_short_circuit_decorator.py took 0.339 seconds
[2026-06-12T13:36:12.215+0000] {processor.py:161} INFO - Started process (PID=1883) to work on /home/airflow/.local/lib/python3.12/site-packages/airflow/example_dags/example_short_circuit_decorator.py
[2026-06-12T13:36:12.216+0000] {processor.py:830} INFO - Processing file /home/airflow/.local/lib/python3.12/site-packages/airflow/example_dags/example_short_circuit_decorator.py for tasks to queue
[2026-06-12T13:36:12.218+0000] {logging_mixin.py:188} INFO - [2026-06-12T13:36:12.218+0000] {dagbag.py:545} INFO - Filling up the DagBag from /home/airflow/.local/lib/python3.12/site-packages/airflow/example_dags/example_short_circuit_decorator.py
[2026-06-12T13:36:12.230+0000] {processor.py:840} INFO - DAG(s) 'example_short_circuit_decorator' retrieved from /home/airflow/.local/lib/python3.12/site-packages/airflow/example_dags/example_short_circuit_decorator.py
[2026-06-12T13:36:12.257+0000] {logging_mixin.py:188} INFO - [2026-06-12T13:36:12.257+0000] {dag.py:3096} INFO - Sync 1 DAGs
[2026-06-12T13:36:12.316+0000] {logging_mixin.py:188} INFO - [2026-06-12T13:36:12.315+0000] {dag.py:3954} INFO - Setting next_dagrun for example_short_circuit_decorator to 2026-06-11 00:00:00+00:00, run_after=2026-06-12 00:00:00+00:00
[2026-06-12T13:36:12.407+0000] {processor.py:183} INFO - Processing /home/airflow/.local/lib/python3.12/site-packages/airflow/example_dags/example_short_circuit_decorator.py took 0.202 seconds
[2026-06-12T13:36:42.798+0000] {processor.py:161} INFO - Started process (PID=1945) to work on /home/airflow/.local/lib/python3.12/site-packages/airflow/example_dags/example_short_circuit_decorator.py
[2026-06-12T13:36:42.799+0000] {processor.py:830} INFO - Processing file /home/airflow/.local/lib/python3.12/site-packages/airflow/example_dags/example_short_circuit_decorator.py for tasks to queue
[2026-06-12T13:36:42.801+0000] {logging_mixin.py:188} INFO - [2026-06-12T13:36:42.800+0000] {dagbag.py:545} INFO - Filling up the DagBag from /home/airflow/.local/lib/python3.12/site-packages/airflow/example_dags/example_short_circuit_decorator.py
[2026-06-12T13:36:42.812+0000] {processor.py:840} INFO - DAG(s) 'example_short_circuit_decorator' retrieved from /home/airflow/.local/lib/python3.12/site-packages/airflow/example_dags/example_short_circuit_decorator.py
[2026-06-12T13:36:42.839+0000] {logging_mixin.py:188} INFO - [2026-06-12T13:36:42.838+0000] {dag.py:3096} INFO - Sync 1 DAGs
[2026-06-12T13:36:42.867+0000] {logging_mixin.py:188} INFO - [2026-06-12T13:36:42.867+0000] {dag.py:3954} INFO - Setting next_dagrun for example_short_circuit_decorator to 2026-06-11 00:00:00+00:00, run_after=2026-06-12 00:00:00+00:00
[2026-06-12T13:36:42.887+0000] {processor.py:183} INFO - Processing /home/airflow/.local/lib/python3.12/site-packages/airflow/example_dags/example_short_circuit_decorator.py took 0.099 seconds
[2026-06-12T13:37:13.307+0000] {processor.py:161} INFO - Started process (PID=2007) to work on /home/airflow/.local/lib/python3.12/site-packages/airflow/example_dags/example_short_circuit_decorator.py
[2026-06-12T13:37:13.308+0000] {processor.py:830} INFO - Processing file /home/airflow/.local/lib/python3.12/site-packages/airflow/example_dags/example_short_circuit_decorator.py for tasks to queue
[2026-06-12T13:37:13.310+0000] {logging_mixin.py:188} INFO - [2026-06-12T13:37:13.310+0000] {dagbag.py:545} INFO - Filling up the DagBag from /home/airflow/.local/lib/python3.12/site-packages/airflow/example_dags/example_short_circuit_decorator.py
[2026-06-12T13:37:13.321+0000] {processor.py:840} INFO - DAG(s) 'example_short_circuit_decorator' retrieved from /home/airflow/.local/lib/python3.12/site-packages/airflow/example_dags/example_short_circuit_decorator.py
[2026-06-12T13:37:13.350+0000] {logging_mixin.py:188} INFO - [2026-06-12T13:37:13.350+0000] {dag.py:3096} INFO - Sync 1 DAGs
[2026-06-12T13:37:13.378+0000] {logging_mixin.py:188} INFO - [2026-06-12T13:37:13.378+0000] {dag.py:3954} INFO - Setting next_dagrun for example_short_circuit_decorator to 2026-06-11 00:00:00+00:00, run_after=2026-06-12 00:00:00+00:00
[2026-06-12T13:37:13.399+0000] {processor.py:183} INFO - Processing /home/airflow/.local/lib/python3.12/site-packages/airflow/example_dags/example_short_circuit_decorator.py took 0.099 seconds
[2026-06-12T13:37:43.618+0000] {processor.py:161} INFO - Started process (PID=2069) to work on /home/airflow/.local/lib/python3.12/site-packages/airflow/example_dags/example_short_circuit_decorator.py
[2026-06-12T13:37:43.619+0000] {processor.py:830} INFO - Processing file /home/airflow/.local/lib/python3.12/site-packages/airflow/example_dags/example_short_circuit_decorator.py for tasks to queue
[2026-06-12T13:37:43.621+0000] {logging_mixin.py:188} INFO - [2026-06-12T13:37:43.621+0000] {dagbag.py:545} INFO - Filling up the DagBag from /home/airflow/.local/lib/python3.12/site-packages/airflow/example_dags/example_short_circuit_decorator.py
[2026-06-12T13:37:43.632+0000] {processor.py:840} INFO - DAG(s) 'example_short_circuit_decorator' retrieved from /home/airflow/.local/lib/python3.12/site-packages/airflow/example_dags/example_short_circuit_decorator.py
[2026-06-12T13:37:43.680+0000] {logging_mixin.py:188} INFO - [2026-06-12T13:37:43.679+0000] {dag.py:3096} INFO - Sync 1 DAGs
[2026-06-12T13:37:43.707+0000] {logging_mixin.py:188} INFO - [2026-06-12T13:37:43.707+0000] {dag.py:3954} INFO - Setting next_dagrun for example_short_circuit_decorator to 2026-06-11 00:00:00+00:00, run_after=2026-06-12 00:00:00+00:00
[2026-06-12T13:37:43.727+0000] {processor.py:183} INFO - Processing /home/airflow/.local/lib/python3.12/site-packages/airflow/example_dags/example_short_circuit_decorator.py took 0.116 seconds
[2026-06-12T13:38:13.880+0000] {processor.py:161} INFO - Started process (PID=2131) to work on /home/airflow/.local/lib/python3.12/site-packages/airflow/example_dags/example_short_circuit_decorator.py
[2026-06-12T13:38:13.887+0000] {processor.py:830} INFO - Processing file /home/airflow/.local/lib/python3.12/site-packages/airflow/example_dags/example_short_circuit_decorator.py for tasks to queue
[2026-06-12T13:38:13.891+0000] {logging_mixin.py:188} INFO - [2026-06-12T13:38:13.891+0000] {dagbag.py:545} INFO - Filling up the DagBag from /home/airflow/.local/lib/python3.12/site-packages/airflow/example_dags/example_short_circuit_decorator.py
[2026-06-12T13:38:13.903+0000] {processor.py:840} INFO - DAG(s) 'example_short_circuit_decorator' retrieved from /home/airflow/.local/lib/python3.12/site-packages/airflow/example_dags/example_short_circuit_decorator.py
[2026-06-12T13:38:13.932+0000] {logging_mixin.py:188} INFO - [2026-06-12T13:38:13.932+0000] {dag.py:3096} INFO - Sync 1 DAGs
[2026-06-12T13:38:13.961+0000] {logging_mixin.py:188} INFO - [2026-06-12T13:38:13.961+0000] {dag.py:3954} INFO - Setting next_dagrun for example_short_circuit_decorator to 2026-06-11 00:00:00+00:00, run_after=2026-06-12 00:00:00+00:00
[2026-06-12T13:38:13.982+0000] {processor.py:183} INFO - Processing /home/airflow/.local/lib/python3.12/site-packages/airflow/example_dags/example_short_circuit_decorator.py took 0.130 seconds
[2026-06-12T13:38:44.846+0000] {processor.py:161} INFO - Started process (PID=2193) to work on /home/airflow/.local/lib/python3.12/site-packages/airflow/example_dags/example_short_circuit_decorator.py
[2026-06-12T13:38:44.847+0000] {processor.py:830} INFO - Processing file /home/airflow/.local/lib/python3.12/site-packages/airflow/example_dags/example_short_circuit_decorator.py for tasks to queue
[2026-06-12T13:38:44.849+0000] {logging_mixin.py:188} INFO - [2026-06-12T13:38:44.849+0000] {dagbag.py:545} INFO - Filling up the DagBag from /home/airflow/.local/lib/python3.12/site-packages/airflow/example_dags/example_short_circuit_decorator.py
[2026-06-12T13:38:44.860+0000] {processor.py:840} INFO - DAG(s) 'example_short_circuit_decorator' retrieved from /home/airflow/.local/lib/python3.12/site-packages/airflow/example_dags/example_short_circuit_decorator.py
[2026-06-12T13:38:44.890+0000] {logging_mixin.py:188} INFO - [2026-06-12T13:38:44.889+0000] {dag.py:3096} INFO - Sync 1 DAGs
[2026-06-12T13:38:44.918+0000] {logging_mixin.py:188} INFO - [2026-06-12T13:38:44.917+0000] {dag.py:3954} INFO - Setting next_dagrun for example_short_circuit_decorator to 2026-06-11 00:00:00+00:00, run_after=2026-06-12 00:00:00+00:00
[2026-06-12T13:38:44.938+0000] {processor.py:183} INFO - Processing /home/airflow/.local/lib/python3.12/site-packages/airflow/example_dags/example_short_circuit_decorator.py took 0.099 seconds
[2026-06-12T13:39:15.238+0000] {processor.py:161} INFO - Started process (PID=2255) to work on /home/airflow/.local/lib/python3.12/site-packages/airflow/example_dags/example_short_circuit_decorator.py
[2026-06-12T13:39:15.240+0000] {processor.py:830} INFO - Processing file /home/airflow/.local/lib/python3.12/site-packages/airflow/example_dags/example_short_circuit_decorator.py for tasks to queue
[2026-06-12T13:39:15.244+0000] {logging_mixin.py:188} INFO - [2026-06-12T13:39:15.244+0000] {dagbag.py:545} INFO - Filling up the DagBag from /home/airflow/.local/lib/python3.12/site-packages/airflow/example_dags/example_short_circuit_decorator.py
[2026-06-12T13:39:15.263+0000] {processor.py:840} INFO - DAG(s) 'example_short_circuit_decorator' retrieved from /home/airflow/.local/lib/python3.12/site-packages/airflow/example_dags/example_short_circuit_decorator.py
[2026-06-12T13:39:15.335+0000] {logging_mixin.py:188} INFO - [2026-06-12T13:39:15.334+0000] {dag.py:3096} INFO - Sync 1 DAGs
[2026-06-12T13:39:15.394+0000] {logging_mixin.py:188} INFO - [2026-06-12T13:39:15.394+0000] {dag.py:3954} INFO - Setting next_dagrun for example_short_circuit_decorator to 2026-06-11 00:00:00+00:00, run_after=2026-06-12 00:00:00+00:00
[2026-06-12T13:39:15.431+0000] {processor.py:183} INFO - Processing /home/airflow/.local/lib/python3.12/site-packages/airflow/example_dags/example_short_circuit_decorator.py took 0.215 seconds
[2026-06-12T13:39:45.622+0000] {processor.py:161} INFO - Started process (PID=2317) to work on /home/airflow/.local/lib/python3.12/site-packages/airflow/example_dags/example_short_circuit_decorator.py
[2026-06-12T13:39:45.623+0000] {processor.py:830} INFO - Processing file /home/airflow/.local/lib/python3.12/site-packages/airflow/example_dags/example_short_circuit_decorator.py for tasks to queue
[2026-06-12T13:39:45.625+0000] {logging_mixin.py:188} INFO - [2026-06-12T13:39:45.625+0000] {dagbag.py:545} INFO - Filling up the DagBag from /home/airflow/.local/lib/python3.12/site-packages/airflow/example_dags/example_short_circuit_decorator.py
[2026-06-12T13:39:45.636+0000] {processor.py:840} INFO - DAG(s) 'example_short_circuit_decorator' retrieved from /home/airflow/.local/lib/python3.12/site-packages/airflow/example_dags/example_short_circuit_decorator.py
[2026-06-12T13:39:45.664+0000] {logging_mixin.py:188} INFO - [2026-06-12T13:39:45.664+0000] {dag.py:3096} INFO - Sync 1 DAGs
[2026-06-12T13:39:45.692+0000] {logging_mixin.py:188} INFO - [2026-06-12T13:39:45.691+0000] {dag.py:3954} INFO - Setting next_dagrun for example_short_circuit_decorator to 2026-06-11 00:00:00+00:00, run_after=2026-06-12 00:00:00+00:00
[2026-06-12T13:39:45.711+0000] {processor.py:183} INFO - Processing /home/airflow/.local/lib/python3.12/site-packages/airflow/example_dags/example_short_circuit_decorator.py took 0.096 seconds
[2026-06-12T13:40:15.934+0000] {processor.py:161} INFO - Started process (PID=2379) to work on /home/airflow/.local/lib/python3.12/site-packages/airflow/example_dags/example_short_circuit_decorator.py
[2026-06-12T13:40:15.937+0000] {processor.py:830} INFO - Processing file /home/airflow/.local/lib/python3.12/site-packages/airflow/example_dags/example_short_circuit_decorator.py for tasks to queue
[2026-06-12T13:40:15.942+0000] {logging_mixin.py:188} INFO - [2026-06-12T13:40:15.941+0000] {dagbag.py:545} INFO - Filling up the DagBag from /home/airflow/.local/lib/python3.12/site-packages/airflow/example_dags/example_short_circuit_decorator.py
[2026-06-12T13:40:15.961+0000] {processor.py:840} INFO - DAG(s) 'example_short_circuit_decorator' retrieved from /home/airflow/.local/lib/python3.12/site-packages/airflow/example_dags/example_short_circuit_decorator.py
[2026-06-12T13:40:15.993+0000] {logging_mixin.py:188} INFO - [2026-06-12T13:40:15.992+0000] {dag.py:3096} INFO - Sync 1 DAGs
[2026-06-12T13:40:16.035+0000] {logging_mixin.py:188} INFO - [2026-06-12T13:40:16.035+0000] {dag.py:3954} INFO - Setting next_dagrun for example_short_circuit_decorator to 2026-06-11 00:00:00+00:00, run_after=2026-06-12 00:00:00+00:00
[2026-06-12T13:40:16.057+0000] {processor.py:183} INFO - Processing /home/airflow/.local/lib/python3.12/site-packages/airflow/example_dags/example_short_circuit_decorator.py took 0.136 seconds
[2026-06-12T13:40:46.684+0000] {processor.py:161} INFO - Started process (PID=2441) to work on /home/airflow/.local/lib/python3.12/site-packages/airflow/example_dags/example_short_circuit_decorator.py
[2026-06-12T13:40:46.686+0000] {processor.py:830} INFO - Processing file /home/airflow/.local/lib/python3.12/site-packages/airflow/example_dags/example_short_circuit_decorator.py for tasks to queue
[2026-06-12T13:40:46.689+0000] {logging_mixin.py:188} INFO - [2026-06-12T13:40:46.689+0000] {dagbag.py:545} INFO - Filling up the DagBag from /home/airflow/.local/lib/python3.12/site-packages/airflow/example_dags/example_short_circuit_decorator.py
[2026-06-12T13:40:46.702+0000] {processor.py:840} INFO - DAG(s) 'example_short_circuit_decorator' retrieved from /home/airflow/.local/lib/python3.12/site-packages/airflow/example_dags/example_short_circuit_decorator.py
[2026-06-12T13:40:46.752+0000] {logging_mixin.py:188} INFO - [2026-06-12T13:40:46.752+0000] {dag.py:3096} INFO - Sync 1 DAGs
[2026-06-12T13:40:46.779+0000] {logging_mixin.py:188} INFO - [2026-06-12T13:40:46.779+0000] {dag.py:3954} INFO - Setting next_dagrun for example_short_circuit_decorator to 2026-06-11 00:00:00+00:00, run_after=2026-06-12 00:00:00+00:00
[2026-06-12T13:40:46.799+0000] {processor.py:183} INFO - Processing /home/airflow/.local/lib/python3.12/site-packages/airflow/example_dags/example_short_circuit_decorator.py took 0.143 seconds
[2026-06-12T13:41:16.925+0000] {processor.py:161} INFO - Started process (PID=2503) to work on /home/airflow/.local/lib/python3.12/site-packages/airflow/example_dags/example_short_circuit_decorator.py
[2026-06-12T13:41:16.939+0000] {processor.py:830} INFO - Processing file /home/airflow/.local/lib/python3.12/site-packages/airflow/example_dags/example_short_circuit_decorator.py for tasks to queue
[2026-06-12T13:41:16.949+0000] {logging_mixin.py:188} INFO - [2026-06-12T13:41:16.948+0000] {dagbag.py:545} INFO - Filling up the DagBag from /home/airflow/.local/lib/python3.12/site-packages/airflow/example_dags/example_short_circuit_decorator.py
[2026-06-12T13:41:16.984+0000] {processor.py:840} INFO - DAG(s) 'example_short_circuit_decorator' retrieved from /home/airflow/.local/lib/python3.12/site-packages/airflow/example_dags/example_short_circuit_decorator.py
[2026-06-12T13:41:17.025+0000] {logging_mixin.py:188} INFO - [2026-06-12T13:41:17.024+0000] {dag.py:3096} INFO - Sync 1 DAGs
[2026-06-12T13:41:17.053+0000] {logging_mixin.py:188} INFO - [2026-06-12T13:41:17.052+0000] {dag.py:3954} INFO - Setting next_dagrun for example_short_circuit_decorator to 2026-06-11 00:00:00+00:00, run_after=2026-06-12 00:00:00+00:00
[2026-06-12T13:41:17.072+0000] {processor.py:183} INFO - Processing /home/airflow/.local/lib/python3.12/site-packages/airflow/example_dags/example_short_circuit_decorator.py took 0.185 seconds
[2026-06-12T13:41:47.252+0000] {processor.py:161} INFO - Started process (PID=2565) to work on /home/airflow/.local/lib/python3.12/site-packages/airflow/example_dags/example_short_circuit_decorator.py
[2026-06-12T13:41:47.253+0000] {processor.py:830} INFO - Processing file /home/airflow/.local/lib/python3.12/site-packages/airflow/example_dags/example_short_circuit_decorator.py for tasks to queue
[2026-06-12T13:41:47.255+0000] {logging_mixin.py:188} INFO - [2026-06-12T13:41:47.255+0000] {dagbag.py:545} INFO - Filling up the DagBag from /home/airflow/.local/lib/python3.12/site-packages/airflow/example_dags/example_short_circuit_decorator.py
[2026-06-12T13:41:47.266+0000] {processor.py:840} INFO - DAG(s) 'example_short_circuit_decorator' retrieved from /home/airflow/.local/lib/python3.12/site-packages/airflow/example_dags/example_short_circuit_decorator.py
[2026-06-12T13:41:47.294+0000] {logging_mixin.py:188} INFO - [2026-06-12T13:41:47.294+0000] {dag.py:3096} INFO - Sync 1 DAGs
[2026-06-12T13:41:47.322+0000] {logging_mixin.py:188} INFO - [2026-06-12T13:41:47.322+0000] {dag.py:3954} INFO - Setting next_dagrun for example_short_circuit_decorator to 2026-06-11 00:00:00+00:00, run_after=2026-06-12 00:00:00+00:00
[2026-06-12T13:41:47.342+0000] {processor.py:183} INFO - Processing /home/airflow/.local/lib/python3.12/site-packages/airflow/example_dags/example_short_circuit_decorator.py took 0.097 seconds
[2026-06-12T13:42:17.416+0000] {processor.py:161} INFO - Started process (PID=2627) to work on /home/airflow/.local/lib/python3.12/site-packages/airflow/example_dags/example_short_circuit_decorator.py
[2026-06-12T13:42:17.417+0000] {processor.py:830} INFO - Processing file /home/airflow/.local/lib/python3.12/site-packages/airflow/example_dags/example_short_circuit_decorator.py for tasks to queue
[2026-06-12T13:42:17.419+0000] {logging_mixin.py:188} INFO - [2026-06-12T13:42:17.419+0000] {dagbag.py:545} INFO - Filling up the DagBag from /home/airflow/.local/lib/python3.12/site-packages/airflow/example_dags/example_short_circuit_decorator.py
[2026-06-12T13:42:17.430+0000] {processor.py:840} INFO - DAG(s) 'example_short_circuit_decorator' retrieved from /home/airflow/.local/lib/python3.12/site-packages/airflow/example_dags/example_short_circuit_decorator.py
[2026-06-12T13:42:17.458+0000] {logging_mixin.py:188} INFO - [2026-06-12T13:42:17.458+0000] {dag.py:3096} INFO - Sync 1 DAGs
[2026-06-12T13:42:17.487+0000] {logging_mixin.py:188} INFO - [2026-06-12T13:42:17.487+0000] {dag.py:3954} INFO - Setting next_dagrun for example_short_circuit_decorator to 2026-06-11 00:00:00+00:00, run_after=2026-06-12 00:00:00+00:00
[2026-06-12T13:42:17.507+0000] {processor.py:183} INFO - Processing /home/airflow/.local/lib/python3.12/site-packages/airflow/example_dags/example_short_circuit_decorator.py took 0.098 seconds
[2026-06-12T13:42:48.131+0000] {processor.py:161} INFO - Started process (PID=2689) to work on /home/airflow/.local/lib/python3.12/site-packages/airflow/example_dags/example_short_circuit_decorator.py
[2026-06-12T13:42:48.131+0000] {processor.py:830} INFO - Processing file /home/airflow/.local/lib/python3.12/site-packages/airflow/example_dags/example_short_circuit_decorator.py for tasks to queue
[2026-06-12T13:42:48.135+0000] {logging_mixin.py:188} INFO - [2026-06-12T13:42:48.135+0000] {dagbag.py:545} INFO - Filling up the DagBag from /home/airflow/.local/lib/python3.12/site-packages/airflow/example_dags/example_short_circuit_decorator.py
[2026-06-12T13:42:48.150+0000] {processor.py:840} INFO - DAG(s) 'example_short_circuit_decorator' retrieved from /home/airflow/.local/lib/python3.12/site-packages/airflow/example_dags/example_short_circuit_decorator.py
[2026-06-12T13:42:48.177+0000] {logging_mixin.py:188} INFO - [2026-06-12T13:42:48.177+0000] {dag.py:3096} INFO - Sync 1 DAGs
[2026-06-12T13:42:48.206+0000] {logging_mixin.py:188} INFO - [2026-06-12T13:42:48.205+0000] {dag.py:3954} INFO - Setting next_dagrun for example_short_circuit_decorator to 2026-06-11 00:00:00+00:00, run_after=2026-06-12 00:00:00+00:00
[2026-06-12T13:42:48.226+0000] {processor.py:183} INFO - Processing /home/airflow/.local/lib/python3.12/site-packages/airflow/example_dags/example_short_circuit_decorator.py took 0.102 seconds
[2026-06-12T13:43:18.788+0000] {processor.py:161} INFO - Started process (PID=2751) to work on /home/airflow/.local/lib/python3.12/site-packages/airflow/example_dags/example_short_circuit_decorator.py
[2026-06-12T13:43:18.788+0000] {processor.py:830} INFO - Processing file /home/airflow/.local/lib/python3.12/site-packages/airflow/example_dags/example_short_circuit_decorator.py for tasks to queue
[2026-06-12T13:43:18.790+0000] {logging_mixin.py:188} INFO - [2026-06-12T13:43:18.790+0000] {dagbag.py:545} INFO - Filling up the DagBag from /home/airflow/.local/lib/python3.12/site-packages/airflow/example_dags/example_short_circuit_decorator.py
[2026-06-12T13:43:18.802+0000] {processor.py:840} INFO - DAG(s) 'example_short_circuit_decorator' retrieved from /home/airflow/.local/lib/python3.12/site-packages/airflow/example_dags/example_short_circuit_decorator.py
[2026-06-12T13:43:18.830+0000] {logging_mixin.py:188} INFO - [2026-06-12T13:43:18.830+0000] {dag.py:3096} INFO - Sync 1 DAGs
[2026-06-12T13:43:18.859+0000] {logging_mixin.py:188} INFO - [2026-06-12T13:43:18.859+0000] {dag.py:3954} INFO - Setting next_dagrun for example_short_circuit_decorator to 2026-06-11 00:00:00+00:00, run_after=2026-06-12 00:00:00+00:00
[2026-06-12T13:43:18.883+0000] {processor.py:183} INFO - Processing /home/airflow/.local/lib/python3.12/site-packages/airflow/example_dags/example_short_circuit_decorator.py took 0.103 seconds
[2026-06-12T13:43:49.601+0000] {processor.py:161} INFO - Started process (PID=2813) to work on /home/airflow/.local/lib/python3.12/site-packages/airflow/example_dags/example_short_circuit_decorator.py
[2026-06-12T13:43:49.602+0000] {processor.py:830} INFO - Processing file /home/airflow/.local/lib/python3.12/site-packages/airflow/example_dags/example_short_circuit_decorator.py for tasks to queue
[2026-06-12T13:43:49.604+0000] {logging_mixin.py:188} INFO - [2026-06-12T13:43:49.604+0000] {dagbag.py:545} INFO - Filling up the DagBag from /home/airflow/.local/lib/python3.12/site-packages/airflow/example_dags/example_short_circuit_decorator.py
[2026-06-12T13:43:49.615+0000] {processor.py:840} INFO - DAG(s) 'example_short_circuit_decorator' retrieved from /home/airflow/.local/lib/python3.12/site-packages/airflow/example_dags/example_short_circuit_decorator.py
[2026-06-12T13:43:49.644+0000] {logging_mixin.py:188} INFO - [2026-06-12T13:43:49.644+0000] {dag.py:3096} INFO - Sync 1 DAGs
[2026-06-12T13:43:49.672+0000] {logging_mixin.py:188} INFO - [2026-06-12T13:43:49.672+0000] {dag.py:3954} INFO - Setting next_dagrun for example_short_circuit_decorator to 2026-06-11 00:00:00+00:00, run_after=2026-06-12 00:00:00+00:00
[2026-06-12T13:43:49.692+0000] {processor.py:183} INFO - Processing /home/airflow/.local/lib/python3.12/site-packages/airflow/example_dags/example_short_circuit_decorator.py took 0.098 seconds
[2026-06-12T13:44:19.777+0000] {processor.py:161} INFO - Started process (PID=2875) to work on /home/airflow/.local/lib/python3.12/site-packages/airflow/example_dags/example_short_circuit_decorator.py
[2026-06-12T13:44:19.780+0000] {processor.py:830} INFO - Processing file /home/airflow/.local/lib/python3.12/site-packages/airflow/example_dags/example_short_circuit_decorator.py for tasks to queue
[2026-06-12T13:44:19.786+0000] {logging_mixin.py:188} INFO - [2026-06-12T13:44:19.785+0000] {dagbag.py:545} INFO - Filling up the DagBag from /home/airflow/.local/lib/python3.12/site-packages/airflow/example_dags/example_short_circuit_decorator.py
[2026-06-12T13:44:19.808+0000] {processor.py:840} INFO - DAG(s) 'example_short_circuit_decorator' retrieved from /home/airflow/.local/lib/python3.12/site-packages/airflow/example_dags/example_short_circuit_decorator.py
[2026-06-12T13:44:19.839+0000] {logging_mixin.py:188} INFO - [2026-06-12T13:44:19.839+0000] {dag.py:3096} INFO - Sync 1 DAGs
[2026-06-12T13:44:19.866+0000] {logging_mixin.py:188} INFO - [2026-06-12T13:44:19.866+0000] {dag.py:3954} INFO - Setting next_dagrun for example_short_circuit_decorator to 2026-06-11 00:00:00+00:00, run_after=2026-06-12 00:00:00+00:00
[2026-06-12T13:44:19.897+0000] {processor.py:183} INFO - Processing /home/airflow/.local/lib/python3.12/site-packages/airflow/example_dags/example_short_circuit_decorator.py took 0.137 seconds
[2026-06-12T13:44:50.388+0000] {processor.py:161} INFO - Started process (PID=2937) to work on /home/airflow/.local/lib/python3.12/site-packages/airflow/example_dags/example_short_circuit_decorator.py
[2026-06-12T13:44:50.390+0000] {processor.py:830} INFO - Processing file /home/airflow/.local/lib/python3.12/site-packages/airflow/example_dags/example_short_circuit_decorator.py for tasks to queue
[2026-06-12T13:44:50.392+0000] {logging_mixin.py:188} INFO - [2026-06-12T13:44:50.392+0000] {dagbag.py:545} INFO - Filling up the DagBag from /home/airflow/.local/lib/python3.12/site-packages/airflow/example_dags/example_short_circuit_decorator.py
[2026-06-12T13:44:50.403+0000] {processor.py:840} INFO - DAG(s) 'example_short_circuit_decorator' retrieved from /home/airflow/.local/lib/python3.12/site-packages/airflow/example_dags/example_short_circuit_decorator.py
[2026-06-12T13:44:50.431+0000] {logging_mixin.py:188} INFO - [2026-06-12T13:44:50.431+0000] {dag.py:3096} INFO - Sync 1 DAGs
[2026-06-12T13:44:50.460+0000] {logging_mixin.py:188} INFO - [2026-06-12T13:44:50.460+0000] {dag.py:3954} INFO - Setting next_dagrun for example_short_circuit_decorator to 2026-06-11 00:00:00+00:00, run_after=2026-06-12 00:00:00+00:00
[2026-06-12T13:44:50.480+0000] {processor.py:183} INFO - Processing /home/airflow/.local/lib/python3.12/site-packages/airflow/example_dags/example_short_circuit_decorator.py took 0.099 seconds
[2026-06-12T13:45:20.664+0000] {processor.py:161} INFO - Started process (PID=2999) to work on /home/airflow/.local/lib/python3.12/site-packages/airflow/example_dags/example_short_circuit_decorator.py
[2026-06-12T13:45:20.665+0000] {processor.py:830} INFO - Processing file /home/airflow/.local/lib/python3.12/site-packages/airflow/example_dags/example_short_circuit_decorator.py for tasks to queue
[2026-06-12T13:45:20.667+0000] {logging_mixin.py:188} INFO - [2026-06-12T13:45:20.666+0000] {dagbag.py:545} INFO - Filling up the DagBag from /home/airflow/.local/lib/python3.12/site-packages/airflow/example_dags/example_short_circuit_decorator.py
[2026-06-12T13:45:20.677+0000] {processor.py:840} INFO - DAG(s) 'example_short_circuit_decorator' retrieved from /home/airflow/.local/lib/python3.12/site-packages/airflow/example_dags/example_short_circuit_decorator.py
[2026-06-12T13:45:20.735+0000] {logging_mixin.py:188} INFO - [2026-06-12T13:45:20.733+0000] {dag.py:3096} INFO - Sync 1 DAGs
[2026-06-12T13:45:20.784+0000] {logging_mixin.py:188} INFO - [2026-06-12T13:45:20.784+0000] {dag.py:3954} INFO - Setting next_dagrun for example_short_circuit_decorator to 2026-06-11 00:00:00+00:00, run_after=2026-06-12 00:00:00+00:00
[2026-06-12T13:45:20.807+0000] {processor.py:183} INFO - Processing /home/airflow/.local/lib/python3.12/site-packages/airflow/example_dags/example_short_circuit_decorator.py took 0.150 seconds
[2026-06-12T13:45:51.349+0000] {processor.py:161} INFO - Started process (PID=3061) to work on /home/airflow/.local/lib/python3.12/site-packages/airflow/example_dags/example_short_circuit_decorator.py
[2026-06-12T13:45:51.350+0000] {processor.py:830} INFO - Processing file /home/airflow/.local/lib/python3.12/site-packages/airflow/example_dags/example_short_circuit_decorator.py for tasks to queue
[2026-06-12T13:45:51.352+0000] {logging_mixin.py:188} INFO - [2026-06-12T13:45:51.352+0000] {dagbag.py:545} INFO - Filling up the DagBag from /home/airflow/.local/lib/python3.12/site-packages/airflow/example_dags/example_short_circuit_decorator.py
[2026-06-12T13:45:51.363+0000] {processor.py:840} INFO - DAG(s) 'example_short_circuit_decorator' retrieved from /home/airflow/.local/lib/python3.12/site-packages/airflow/example_dags/example_short_circuit_decorator.py
[2026-06-12T13:45:51.392+0000] {logging_mixin.py:188} INFO - [2026-06-12T13:45:51.392+0000] {dag.py:3096} INFO - Sync 1 DAGs
[2026-06-12T13:45:51.419+0000] {logging_mixin.py:188} INFO - [2026-06-12T13:45:51.418+0000] {dag.py:3954} INFO - Setting next_dagrun for example_short_circuit_decorator to 2026-06-11 00:00:00+00:00, run_after=2026-06-12 00:00:00+00:00
[2026-06-12T13:45:51.444+0000] {processor.py:183} INFO - Processing /home/airflow/.local/lib/python3.12/site-packages/airflow/example_dags/example_short_circuit_decorator.py took 0.103 seconds
[2026-06-12T13:46:21.773+0000] {processor.py:161} INFO - Started process (PID=3113) to work on /home/airflow/.local/lib/python3.12/site-packages/airflow/example_dags/example_short_circuit_decorator.py
[2026-06-12T13:46:21.774+0000] {processor.py:830} INFO - Processing file /home/airflow/.local/lib/python3.12/site-packages/airflow/example_dags/example_short_circuit_decorator.py for tasks to queue
[2026-06-12T13:46:21.776+0000] {logging_mixin.py:188} INFO - [2026-06-12T13:46:21.776+0000] {dagbag.py:545} INFO - Filling up the DagBag from /home/airflow/.local/lib/python3.12/site-packages/airflow/example_dags/example_short_circuit_decorator.py
[2026-06-12T13:46:21.787+0000] {processor.py:840} INFO - DAG(s) 'example_short_circuit_decorator' retrieved from /home/airflow/.local/lib/python3.12/site-packages/airflow/example_dags/example_short_circuit_decorator.py
[2026-06-12T13:46:21.815+0000] {logging_mixin.py:188} INFO - [2026-06-12T13:46:21.815+0000] {dag.py:3096} INFO - Sync 1 DAGs
[2026-06-12T13:46:21.843+0000] {logging_mixin.py:188} INFO - [2026-06-12T13:46:21.843+0000] {dag.py:3954} INFO - Setting next_dagrun for example_short_circuit_decorator to 2026-06-11 00:00:00+00:00, run_after=2026-06-12 00:00:00+00:00
[2026-06-12T13:46:21.863+0000] {processor.py:183} INFO - Processing /home/airflow/.local/lib/python3.12/site-packages/airflow/example_dags/example_short_circuit_decorator.py took 0.097 seconds
[2026-06-12T13:46:52.651+0000] {processor.py:161} INFO - Started process (PID=3158) to work on /home/airflow/.local/lib/python3.12/site-packages/airflow/example_dags/example_short_circuit_decorator.py
[2026-06-12T13:46:52.658+0000] {processor.py:830} INFO - Processing file /home/airflow/.local/lib/python3.12/site-packages/airflow/example_dags/example_short_circuit_decorator.py for tasks to queue
[2026-06-12T13:46:52.663+0000] {logging_mixin.py:188} INFO - [2026-06-12T13:46:52.662+0000] {dagbag.py:545} INFO - Filling up the DagBag from /home/airflow/.local/lib/python3.12/site-packages/airflow/example_dags/example_short_circuit_decorator.py
[2026-06-12T13:46:52.692+0000] {processor.py:840} INFO - DAG(s) 'example_short_circuit_decorator' retrieved from /home/airflow/.local/lib/python3.12/site-packages/airflow/example_dags/example_short_circuit_decorator.py
[2026-06-12T13:46:52.777+0000] {logging_mixin.py:188} INFO - [2026-06-12T13:46:52.776+0000] {dag.py:3096} INFO - Sync 1 DAGs
[2026-06-12T13:46:52.861+0000] {logging_mixin.py:188} INFO - [2026-06-12T13:46:52.861+0000] {dag.py:3954} INFO - Setting next_dagrun for example_short_circuit_decorator to 2026-06-11 00:00:00+00:00, run_after=2026-06-12 00:00:00+00:00
[2026-06-12T13:46:52.897+0000] {processor.py:183} INFO - Processing /home/airflow/.local/lib/python3.12/site-packages/airflow/example_dags/example_short_circuit_decorator.py took 0.273 seconds
[2026-06-12T13:47:23.118+0000] {processor.py:161} INFO - Started process (PID=3213) to work on /home/airflow/.local/lib/python3.12/site-packages/airflow/example_dags/example_short_circuit_decorator.py
[2026-06-12T13:47:23.121+0000] {processor.py:830} INFO - Processing file /home/airflow/.local/lib/python3.12/site-packages/airflow/example_dags/example_short_circuit_decorator.py for tasks to queue
[2026-06-12T13:47:23.127+0000] {logging_mixin.py:188} INFO - [2026-06-12T13:47:23.126+0000] {dagbag.py:545} INFO - Filling up the DagBag from /home/airflow/.local/lib/python3.12/site-packages/airflow/example_dags/example_short_circuit_decorator.py
[2026-06-12T13:47:23.150+0000] {processor.py:840} INFO - DAG(s) 'example_short_circuit_decorator' retrieved from /home/airflow/.local/lib/python3.12/site-packages/airflow/example_dags/example_short_circuit_decorator.py
[2026-06-12T13:47:23.188+0000] {logging_mixin.py:188} INFO - [2026-06-12T13:47:23.188+0000] {dag.py:3096} INFO - Sync 1 DAGs
[2026-06-12T13:47:23.235+0000] {logging_mixin.py:188} INFO - [2026-06-12T13:47:23.235+0000] {dag.py:3954} INFO - Setting next_dagrun for example_short_circuit_decorator to 2026-06-11 00:00:00+00:00, run_after=2026-06-12 00:00:00+00:00
[2026-06-12T13:47:23.261+0000] {processor.py:183} INFO - Processing /home/airflow/.local/lib/python3.12/site-packages/airflow/example_dags/example_short_circuit_decorator.py took 0.158 seconds
[2026-06-12T13:47:53.845+0000] {processor.py:161} INFO - Started process (PID=3274) to work on /home/airflow/.local/lib/python3.12/site-packages/airflow/example_dags/example_short_circuit_decorator.py
[2026-06-12T13:47:53.845+0000] {processor.py:830} INFO - Processing file /home/airflow/.local/lib/python3.12/site-packages/airflow/example_dags/example_short_circuit_decorator.py for tasks to queue
[2026-06-12T13:47:53.847+0000] {logging_mixin.py:188} INFO - [2026-06-12T13:47:53.847+0000] {dagbag.py:545} INFO - Filling up the DagBag from /home/airflow/.local/lib/python3.12/site-packages/airflow/example_dags/example_short_circuit_decorator.py
[2026-06-12T13:47:53.858+0000] {processor.py:840} INFO - DAG(s) 'example_short_circuit_decorator' retrieved from /home/airflow/.local/lib/python3.12/site-packages/airflow/example_dags/example_short_circuit_decorator.py
[2026-06-12T13:47:53.886+0000] {logging_mixin.py:188} INFO - [2026-06-12T13:47:53.886+0000] {dag.py:3096} INFO - Sync 1 DAGs
[2026-06-12T13:47:53.913+0000] {logging_mixin.py:188} INFO - [2026-06-12T13:47:53.913+0000] {dag.py:3954} INFO - Setting next_dagrun for example_short_circuit_decorator to 2026-06-11 00:00:00+00:00, run_after=2026-06-12 00:00:00+00:00
[2026-06-12T13:47:53.933+0000] {processor.py:183} INFO - Processing /home/airflow/.local/lib/python3.12/site-packages/airflow/example_dags/example_short_circuit_decorator.py took 0.095 seconds
[2026-06-12T13:48:26.625+0000] {processor.py:161} INFO - Started process (PID=3341) to work on /home/airflow/.local/lib/python3.12/site-packages/airflow/example_dags/example_short_circuit_decorator.py
[2026-06-12T13:48:26.626+0000] {processor.py:830} INFO - Processing file /home/airflow/.local/lib/python3.12/site-packages/airflow/example_dags/example_short_circuit_decorator.py for tasks to queue
[2026-06-12T13:48:26.628+0000] {logging_mixin.py:188} INFO - [2026-06-12T13:48:26.628+0000] {dagbag.py:545} INFO - Filling up the DagBag from /home/airflow/.local/lib/python3.12/site-packages/airflow/example_dags/example_short_circuit_decorator.py
[2026-06-12T13:48:26.639+0000] {processor.py:840} INFO - DAG(s) 'example_short_circuit_decorator' retrieved from /home/airflow/.local/lib/python3.12/site-packages/airflow/example_dags/example_short_circuit_decorator.py
[2026-06-12T13:48:26.669+0000] {logging_mixin.py:188} INFO - [2026-06-12T13:48:26.669+0000] {dag.py:3096} INFO - Sync 1 DAGs
[2026-06-12T13:48:26.714+0000] {logging_mixin.py:188} INFO - [2026-06-12T13:48:26.713+0000] {dag.py:3954} INFO - Setting next_dagrun for example_short_circuit_decorator to 2026-06-11 00:00:00+00:00, run_after=2026-06-12 00:00:00+00:00
[2026-06-12T13:48:26.740+0000] {processor.py:183} INFO - Processing /home/airflow/.local/lib/python3.12/site-packages/airflow/example_dags/example_short_circuit_decorator.py took 0.122 seconds
[2026-06-12T13:48:58.654+0000] {processor.py:161} INFO - Started process (PID=3403) to work on /home/airflow/.local/lib/python3.12/site-packages/airflow/example_dags/example_short_circuit_decorator.py
[2026-06-12T13:48:58.656+0000] {processor.py:830} INFO - Processing file /home/airflow/.local/lib/python3.12/site-packages/airflow/example_dags/example_short_circuit_decorator.py for tasks to queue
[2026-06-12T13:48:58.660+0000] {logging_mixin.py:188} INFO - [2026-06-12T13:48:58.659+0000] {dagbag.py:545} INFO - Filling up the DagBag from /home/airflow/.local/lib/python3.12/site-packages/airflow/example_dags/example_short_circuit_decorator.py
[2026-06-12T13:48:58.683+0000] {processor.py:840} INFO - DAG(s) 'example_short_circuit_decorator' retrieved from /home/airflow/.local/lib/python3.12/site-packages/airflow/example_dags/example_short_circuit_decorator.py
[2026-06-12T13:48:58.736+0000] {logging_mixin.py:188} INFO - [2026-06-12T13:48:58.736+0000] {dag.py:3096} INFO - Sync 1 DAGs
[2026-06-12T13:48:58.790+0000] {logging_mixin.py:188} INFO - [2026-06-12T13:48:58.790+0000] {dag.py:3954} INFO - Setting next_dagrun for example_short_circuit_decorator to 2026-06-11 00:00:00+00:00, run_after=2026-06-12 00:00:00+00:00
[2026-06-12T13:48:58.825+0000] {processor.py:183} INFO - Processing /home/airflow/.local/lib/python3.12/site-packages/airflow/example_dags/example_short_circuit_decorator.py took 0.184 seconds
[2026-06-12T13:49:29.426+0000] {processor.py:161} INFO - Started process (PID=3465) to work on /home/airflow/.local/lib/python3.12/site-packages/airflow/example_dags/example_short_circuit_decorator.py
[2026-06-12T13:49:29.430+0000] {processor.py:830} INFO - Processing file /home/airflow/.local/lib/python3.12/site-packages/airflow/example_dags/example_short_circuit_decorator.py for tasks to queue
[2026-06-12T13:49:29.435+0000] {logging_mixin.py:188} INFO - [2026-06-12T13:49:29.434+0000] {dagbag.py:545} INFO - Filling up the DagBag from /home/airflow/.local/lib/python3.12/site-packages/airflow/example_dags/example_short_circuit_decorator.py
[2026-06-12T13:49:29.454+0000] {processor.py:840} INFO - DAG(s) 'example_short_circuit_decorator' retrieved from /home/airflow/.local/lib/python3.12/site-packages/airflow/example_dags/example_short_circuit_decorator.py
[2026-06-12T13:49:29.482+0000] {logging_mixin.py:188} INFO - [2026-06-12T13:49:29.482+0000] {dag.py:3096} INFO - Sync 1 DAGs
[2026-06-12T13:49:29.510+0000] {logging_mixin.py:188} INFO - [2026-06-12T13:49:29.509+0000] {dag.py:3954} INFO - Setting next_dagrun for example_short_circuit_decorator to 2026-06-11 00:00:00+00:00, run_after=2026-06-12 00:00:00+00:00
[2026-06-12T13:49:29.545+0000] {processor.py:183} INFO - Processing /home/airflow/.local/lib/python3.12/site-packages/airflow/example_dags/example_short_circuit_decorator.py took 0.129 seconds
[2026-06-12T13:50:00.497+0000] {processor.py:161} INFO - Started process (PID=3527) to work on /home/airflow/.local/lib/python3.12/site-packages/airflow/example_dags/example_short_circuit_decorator.py
[2026-06-12T13:50:00.498+0000] {processor.py:830} INFO - Processing file /home/airflow/.local/lib/python3.12/site-packages/airflow/example_dags/example_short_circuit_decorator.py for tasks to queue
[2026-06-12T13:50:00.500+0000] {logging_mixin.py:188} INFO - [2026-06-12T13:50:00.500+0000] {dagbag.py:545} INFO - Filling up the DagBag from /home/airflow/.local/lib/python3.12/site-packages/airflow/example_dags/example_short_circuit_decorator.py
[2026-06-12T13:50:00.510+0000] {processor.py:840} INFO - DAG(s) 'example_short_circuit_decorator' retrieved from /home/airflow/.local/lib/python3.12/site-packages/airflow/example_dags/example_short_circuit_decorator.py
[2026-06-12T13:50:00.535+0000] {logging_mixin.py:188} INFO - [2026-06-12T13:50:00.535+0000] {dag.py:3096} INFO - Sync 1 DAGs
[2026-06-12T13:50:00.563+0000] {logging_mixin.py:188} INFO - [2026-06-12T13:50:00.563+0000] {dag.py:3954} INFO - Setting next_dagrun for example_short_circuit_decorator to 2026-06-11 00:00:00+00:00, run_after=2026-06-12 00:00:00+00:00
[2026-06-12T13:50:00.584+0000] {processor.py:183} INFO - Processing /home/airflow/.local/lib/python3.12/site-packages/airflow/example_dags/example_short_circuit_decorator.py took 0.093 seconds
[2026-06-12T13:50:31.898+0000] {processor.py:161} INFO - Started process (PID=3590) to work on /home/airflow/.local/lib/python3.12/site-packages/airflow/example_dags/example_short_circuit_decorator.py
[2026-06-12T13:50:31.898+0000] {processor.py:830} INFO - Processing file /home/airflow/.local/lib/python3.12/site-packages/airflow/example_dags/example_short_circuit_decorator.py for tasks to queue
[2026-06-12T13:50:31.900+0000] {logging_mixin.py:188} INFO - [2026-06-12T13:50:31.900+0000] {dagbag.py:545} INFO - Filling up the DagBag from /home/airflow/.local/lib/python3.12/site-packages/airflow/example_dags/example_short_circuit_decorator.py
[2026-06-12T13:50:31.912+0000] {processor.py:840} INFO - DAG(s) 'example_short_circuit_decorator' retrieved from /home/airflow/.local/lib/python3.12/site-packages/airflow/example_dags/example_short_circuit_decorator.py
[2026-06-12T13:50:31.939+0000] {logging_mixin.py:188} INFO - [2026-06-12T13:50:31.939+0000] {dag.py:3096} INFO - Sync 1 DAGs
[2026-06-12T13:50:31.967+0000] {logging_mixin.py:188} INFO - [2026-06-12T13:50:31.967+0000] {dag.py:3954} INFO - Setting next_dagrun for example_short_circuit_decorator to 2026-06-11 00:00:00+00:00, run_after=2026-06-12 00:00:00+00:00
[2026-06-12T13:50:31.987+0000] {processor.py:183} INFO - Processing /home/airflow/.local/lib/python3.12/site-packages/airflow/example_dags/example_short_circuit_decorator.py took 0.096 seconds
[2026-06-12T13:51:03.432+0000] {processor.py:161} INFO - Started process (PID=3652) to work on /home/airflow/.local/lib/python3.12/site-packages/airflow/example_dags/example_short_circuit_decorator.py
[2026-06-12T13:51:03.433+0000] {processor.py:830} INFO - Processing file /home/airflow/.local/lib/python3.12/site-packages/airflow/example_dags/example_short_circuit_decorator.py for tasks to queue
[2026-06-12T13:51:03.436+0000] {logging_mixin.py:188} INFO - [2026-06-12T13:51:03.435+0000] {dagbag.py:545} INFO - Filling up the DagBag from /home/airflow/.local/lib/python3.12/site-packages/airflow/example_dags/example_short_circuit_decorator.py
[2026-06-12T13:51:03.447+0000] {processor.py:840} INFO - DAG(s) 'example_short_circuit_decorator' retrieved from /home/airflow/.local/lib/python3.12/site-packages/airflow/example_dags/example_short_circuit_decorator.py
[2026-06-12T13:51:03.477+0000] {logging_mixin.py:188} INFO - [2026-06-12T13:51:03.477+0000] {dag.py:3096} INFO - Sync 1 DAGs
[2026-06-12T13:51:03.504+0000] {logging_mixin.py:188} INFO - [2026-06-12T13:51:03.504+0000] {dag.py:3954} INFO - Setting next_dagrun for example_short_circuit_decorator to 2026-06-11 00:00:00+00:00, run_after=2026-06-12 00:00:00+00:00
[2026-06-12T13:51:03.523+0000] {processor.py:183} INFO - Processing /home/airflow/.local/lib/python3.12/site-packages/airflow/example_dags/example_short_circuit_decorator.py took 0.106 seconds
[2026-06-12T13:51:34.890+0000] {processor.py:161} INFO - Started process (PID=3714) to work on /home/airflow/.local/lib/python3.12/site-packages/airflow/example_dags/example_short_circuit_decorator.py
[2026-06-12T13:51:34.891+0000] {processor.py:830} INFO - Processing file /home/airflow/.local/lib/python3.12/site-packages/airflow/example_dags/example_short_circuit_decorator.py for tasks to queue
[2026-06-12T13:51:34.893+0000] {logging_mixin.py:188} INFO - [2026-06-12T13:51:34.893+0000] {dagbag.py:545} INFO - Filling up the DagBag from /home/airflow/.local/lib/python3.12/site-packages/airflow/example_dags/example_short_circuit_decorator.py
[2026-06-12T13:51:34.904+0000] {processor.py:840} INFO - DAG(s) 'example_short_circuit_decorator' retrieved from /home/airflow/.local/lib/python3.12/site-packages/airflow/example_dags/example_short_circuit_decorator.py
[2026-06-12T13:51:34.934+0000] {logging_mixin.py:188} INFO - [2026-06-12T13:51:34.934+0000] {dag.py:3096} INFO - Sync 1 DAGs
[2026-06-12T13:51:34.965+0000] {logging_mixin.py:188} INFO - [2026-06-12T13:51:34.965+0000] {dag.py:3954} INFO - Setting next_dagrun for example_short_circuit_decorator to 2026-06-11 00:00:00+00:00, run_after=2026-06-12 00:00:00+00:00
[2026-06-12T13:51:34.983+0000] {processor.py:183} INFO - Processing /home/airflow/.local/lib/python3.12/site-packages/airflow/example_dags/example_short_circuit_decorator.py took 0.100 seconds
[2026-06-12T13:52:06.232+0000] {processor.py:161} INFO - Started process (PID=3776) to work on /home/airflow/.local/lib/python3.12/site-packages/airflow/example_dags/example_short_circuit_decorator.py
[2026-06-12T13:52:06.233+0000] {processor.py:830} INFO - Processing file /home/airflow/.local/lib/python3.12/site-packages/airflow/example_dags/example_short_circuit_decorator.py for tasks to queue
[2026-06-12T13:52:06.235+0000] {logging_mixin.py:188} INFO - [2026-06-12T13:52:06.235+0000] {dagbag.py:545} INFO - Filling up the DagBag from /home/airflow/.local/lib/python3.12/site-packages/airflow/example_dags/example_short_circuit_decorator.py
[2026-06-12T13:52:06.257+0000] {processor.py:840} INFO - DAG(s) 'example_short_circuit_decorator' retrieved from /home/airflow/.local/lib/python3.12/site-packages/airflow/example_dags/example_short_circuit_decorator.py
[2026-06-12T13:52:06.288+0000] {logging_mixin.py:188} INFO - [2026-06-12T13:52:06.287+0000] {dag.py:3096} INFO - Sync 1 DAGs
[2026-06-12T13:52:06.316+0000] {logging_mixin.py:188} INFO - [2026-06-12T13:52:06.315+0000] {dag.py:3954} INFO - Setting next_dagrun for example_short_circuit_decorator to 2026-06-11 00:00:00+00:00, run_after=2026-06-12 00:00:00+00:00
[2026-06-12T13:52:06.337+0000] {processor.py:183} INFO - Processing /home/airflow/.local/lib/python3.12/site-packages/airflow/example_dags/example_short_circuit_decorator.py took 0.112 seconds
[2026-06-12T22:09:24.334+0000] {processor.py:161} INFO - Started process (PID=93) to work on /home/airflow/.local/lib/python3.12/site-packages/airflow/example_dags/example_short_circuit_decorator.py
[2026-06-12T22:09:24.439+0000] {processor.py:830} INFO - Processing file /home/airflow/.local/lib/python3.12/site-packages/airflow/example_dags/example_short_circuit_decorator.py for tasks to queue
[2026-06-12T22:09:24.457+0000] {logging_mixin.py:188} INFO - [2026-06-12T22:09:24.457+0000] {dagbag.py:545} INFO - Filling up the DagBag from /home/airflow/.local/lib/python3.12/site-packages/airflow/example_dags/example_short_circuit_decorator.py
[2026-06-12T22:09:24.554+0000] {processor.py:840} INFO - DAG(s) 'example_short_circuit_decorator' retrieved from /home/airflow/.local/lib/python3.12/site-packages/airflow/example_dags/example_short_circuit_decorator.py
[2026-06-12T22:09:24.720+0000] {logging_mixin.py:188} INFO - [2026-06-12T22:09:24.719+0000] {dag.py:3096} INFO - Sync 1 DAGs
[2026-06-12T22:09:24.899+0000] {logging_mixin.py:188} INFO - [2026-06-12T22:09:24.898+0000] {dag.py:3954} INFO - Setting next_dagrun for example_short_circuit_decorator to 2026-06-11 00:00:00+00:00, run_after=2026-06-12 00:00:00+00:00
[2026-06-12T22:09:24.969+0000] {processor.py:183} INFO - Processing /home/airflow/.local/lib/python3.12/site-packages/airflow/example_dags/example_short_circuit_decorator.py took 0.661 seconds
[2026-06-12T22:09:57.705+0000] {processor.py:161} INFO - Started process (PID=155) to work on /home/airflow/.local/lib/python3.12/site-packages/airflow/example_dags/example_short_circuit_decorator.py
[2026-06-12T22:09:57.708+0000] {processor.py:830} INFO - Processing file /home/airflow/.local/lib/python3.12/site-packages/airflow/example_dags/example_short_circuit_decorator.py for tasks to queue
[2026-06-12T22:09:57.711+0000] {logging_mixin.py:188} INFO - [2026-06-12T22:09:57.711+0000] {dagbag.py:545} INFO - Filling up the DagBag from /home/airflow/.local/lib/python3.12/site-packages/airflow/example_dags/example_short_circuit_decorator.py
[2026-06-12T22:09:57.725+0000] {processor.py:840} INFO - DAG(s) 'example_short_circuit_decorator' retrieved from /home/airflow/.local/lib/python3.12/site-packages/airflow/example_dags/example_short_circuit_decorator.py
[2026-06-12T22:09:57.757+0000] {logging_mixin.py:188} INFO - [2026-06-12T22:09:57.757+0000] {dag.py:3096} INFO - Sync 1 DAGs
[2026-06-12T22:09:57.790+0000] {logging_mixin.py:188} INFO - [2026-06-12T22:09:57.790+0000] {dag.py:3954} INFO - Setting next_dagrun for example_short_circuit_decorator to 2026-06-11 00:00:00+00:00, run_after=2026-06-12 00:00:00+00:00
[2026-06-12T22:09:57.810+0000] {processor.py:183} INFO - Processing /home/airflow/.local/lib/python3.12/site-packages/airflow/example_dags/example_short_circuit_decorator.py took 0.120 seconds
[2026-06-12T22:10:28.564+0000] {processor.py:161} INFO - Started process (PID=216) to work on /home/airflow/.local/lib/python3.12/site-packages/airflow/example_dags/example_short_circuit_decorator.py
[2026-06-12T22:10:28.569+0000] {processor.py:830} INFO - Processing file /home/airflow/.local/lib/python3.12/site-packages/airflow/example_dags/example_short_circuit_decorator.py for tasks to queue
[2026-06-12T22:10:28.572+0000] {logging_mixin.py:188} INFO - [2026-06-12T22:10:28.571+0000] {dagbag.py:545} INFO - Filling up the DagBag from /home/airflow/.local/lib/python3.12/site-packages/airflow/example_dags/example_short_circuit_decorator.py
[2026-06-12T22:10:28.588+0000] {processor.py:840} INFO - DAG(s) 'example_short_circuit_decorator' retrieved from /home/airflow/.local/lib/python3.12/site-packages/airflow/example_dags/example_short_circuit_decorator.py
[2026-06-12T22:10:28.607+0000] {logging_mixin.py:188} INFO - [2026-06-12T22:10:28.607+0000] {dag.py:3096} INFO - Sync 1 DAGs
[2026-06-12T22:10:28.653+0000] {logging_mixin.py:188} INFO - [2026-06-12T22:10:28.652+0000] {dag.py:3954} INFO - Setting next_dagrun for example_short_circuit_decorator to 2026-06-11 00:00:00+00:00, run_after=2026-06-12 00:00:00+00:00
[2026-06-12T22:10:28.682+0000] {processor.py:183} INFO - Processing /home/airflow/.local/lib/python3.12/site-packages/airflow/example_dags/example_short_circuit_decorator.py took 0.153 seconds
[2026-06-12T22:11:00.833+0000] {processor.py:161} INFO - Started process (PID=278) to work on /home/airflow/.local/lib/python3.12/site-packages/airflow/example_dags/example_short_circuit_decorator.py
[2026-06-12T22:11:00.835+0000] {processor.py:830} INFO - Processing file /home/airflow/.local/lib/python3.12/site-packages/airflow/example_dags/example_short_circuit_decorator.py for tasks to queue
[2026-06-12T22:11:00.838+0000] {logging_mixin.py:188} INFO - [2026-06-12T22:11:00.837+0000] {dagbag.py:545} INFO - Filling up the DagBag from /home/airflow/.local/lib/python3.12/site-packages/airflow/example_dags/example_short_circuit_decorator.py
[2026-06-12T22:11:00.865+0000] {processor.py:840} INFO - DAG(s) 'example_short_circuit_decorator' retrieved from /home/airflow/.local/lib/python3.12/site-packages/airflow/example_dags/example_short_circuit_decorator.py
[2026-06-12T22:11:01.234+0000] {logging_mixin.py:188} INFO - [2026-06-12T22:11:01.234+0000] {dag.py:3096} INFO - Sync 1 DAGs
[2026-06-12T22:11:01.304+0000] {logging_mixin.py:188} INFO - [2026-06-12T22:11:01.304+0000] {dag.py:3954} INFO - Setting next_dagrun for example_short_circuit_decorator to 2026-06-11 00:00:00+00:00, run_after=2026-06-12 00:00:00+00:00
[2026-06-12T22:11:01.340+0000] {processor.py:183} INFO - Processing /home/airflow/.local/lib/python3.12/site-packages/airflow/example_dags/example_short_circuit_decorator.py took 0.522 seconds
[2026-06-12T22:11:36.517+0000] {processor.py:161} INFO - Started process (PID=340) to work on /home/airflow/.local/lib/python3.12/site-packages/airflow/example_dags/example_short_circuit_decorator.py
[2026-06-12T22:11:36.518+0000] {processor.py:830} INFO - Processing file /home/airflow/.local/lib/python3.12/site-packages/airflow/example_dags/example_short_circuit_decorator.py for tasks to queue
[2026-06-12T22:11:36.520+0000] {logging_mixin.py:188} INFO - [2026-06-12T22:11:36.520+0000] {dagbag.py:545} INFO - Filling up the DagBag from /home/airflow/.local/lib/python3.12/site-packages/airflow/example_dags/example_short_circuit_decorator.py
[2026-06-12T22:11:36.536+0000] {processor.py:840} INFO - DAG(s) 'example_short_circuit_decorator' retrieved from /home/airflow/.local/lib/python3.12/site-packages/airflow/example_dags/example_short_circuit_decorator.py
[2026-06-12T22:11:36.636+0000] {logging_mixin.py:188} INFO - [2026-06-12T22:11:36.636+0000] {dag.py:3096} INFO - Sync 1 DAGs
[2026-06-12T22:11:36.679+0000] {logging_mixin.py:188} INFO - [2026-06-12T22:11:36.679+0000] {dag.py:3954} INFO - Setting next_dagrun for example_short_circuit_decorator to 2026-06-11 00:00:00+00:00, run_after=2026-06-12 00:00:00+00:00
[2026-06-12T22:11:36.733+0000] {processor.py:183} INFO - Processing /home/airflow/.local/lib/python3.12/site-packages/airflow/example_dags/example_short_circuit_decorator.py took 0.234 seconds
[2026-06-12T22:12:07.747+0000] {processor.py:161} INFO - Started process (PID=402) to work on /home/airflow/.local/lib/python3.12/site-packages/airflow/example_dags/example_short_circuit_decorator.py
[2026-06-12T22:12:07.751+0000] {processor.py:830} INFO - Processing file /home/airflow/.local/lib/python3.12/site-packages/airflow/example_dags/example_short_circuit_decorator.py for tasks to queue
[2026-06-12T22:12:07.757+0000] {logging_mixin.py:188} INFO - [2026-06-12T22:12:07.757+0000] {dagbag.py:545} INFO - Filling up the DagBag from /home/airflow/.local/lib/python3.12/site-packages/airflow/example_dags/example_short_circuit_decorator.py
[2026-06-12T22:12:07.803+0000] {processor.py:840} INFO - DAG(s) 'example_short_circuit_decorator' retrieved from /home/airflow/.local/lib/python3.12/site-packages/airflow/example_dags/example_short_circuit_decorator.py
[2026-06-12T22:12:07.894+0000] {logging_mixin.py:188} INFO - [2026-06-12T22:12:07.894+0000] {dag.py:3096} INFO - Sync 1 DAGs
[2026-06-12T22:12:07.982+0000] {logging_mixin.py:188} INFO - [2026-06-12T22:12:07.981+0000] {dag.py:3954} INFO - Setting next_dagrun for example_short_circuit_decorator to 2026-06-11 00:00:00+00:00, run_after=2026-06-12 00:00:00+00:00
[2026-06-12T22:12:08.097+0000] {processor.py:183} INFO - Processing /home/airflow/.local/lib/python3.12/site-packages/airflow/example_dags/example_short_circuit_decorator.py took 0.394 seconds
[2026-06-12T22:12:38.980+0000] {processor.py:161} INFO - Started process (PID=464) to work on /home/airflow/.local/lib/python3.12/site-packages/airflow/example_dags/example_short_circuit_decorator.py
[2026-06-12T22:12:38.981+0000] {processor.py:830} INFO - Processing file /home/airflow/.local/lib/python3.12/site-packages/airflow/example_dags/example_short_circuit_decorator.py for tasks to queue
[2026-06-12T22:12:38.983+0000] {logging_mixin.py:188} INFO - [2026-06-12T22:12:38.983+0000] {dagbag.py:545} INFO - Filling up the DagBag from /home/airflow/.local/lib/python3.12/site-packages/airflow/example_dags/example_short_circuit_decorator.py
[2026-06-12T22:12:39.002+0000] {processor.py:840} INFO - DAG(s) 'example_short_circuit_decorator' retrieved from /home/airflow/.local/lib/python3.12/site-packages/airflow/example_dags/example_short_circuit_decorator.py
[2026-06-12T22:12:39.050+0000] {logging_mixin.py:188} INFO - [2026-06-12T22:12:39.050+0000] {dag.py:3096} INFO - Sync 1 DAGs
[2026-06-12T22:12:39.102+0000] {logging_mixin.py:188} INFO - [2026-06-12T22:12:39.101+0000] {dag.py:3954} INFO - Setting next_dagrun for example_short_circuit_decorator to 2026-06-11 00:00:00+00:00, run_after=2026-06-12 00:00:00+00:00
[2026-06-12T22:12:39.127+0000] {processor.py:183} INFO - Processing /home/airflow/.local/lib/python3.12/site-packages/airflow/example_dags/example_short_circuit_decorator.py took 0.155 seconds
[2026-06-12T22:13:10.137+0000] {processor.py:161} INFO - Started process (PID=526) to work on /home/airflow/.local/lib/python3.12/site-packages/airflow/example_dags/example_short_circuit_decorator.py
[2026-06-12T22:13:10.142+0000] {processor.py:830} INFO - Processing file /home/airflow/.local/lib/python3.12/site-packages/airflow/example_dags/example_short_circuit_decorator.py for tasks to queue
[2026-06-12T22:13:10.145+0000] {logging_mixin.py:188} INFO - [2026-06-12T22:13:10.145+0000] {dagbag.py:545} INFO - Filling up the DagBag from /home/airflow/.local/lib/python3.12/site-packages/airflow/example_dags/example_short_circuit_decorator.py
[2026-06-12T22:13:10.157+0000] {processor.py:840} INFO - DAG(s) 'example_short_circuit_decorator' retrieved from /home/airflow/.local/lib/python3.12/site-packages/airflow/example_dags/example_short_circuit_decorator.py
[2026-06-12T22:13:10.191+0000] {logging_mixin.py:188} INFO - [2026-06-12T22:13:10.191+0000] {dag.py:3096} INFO - Sync 1 DAGs
[2026-06-12T22:13:10.229+0000] {logging_mixin.py:188} INFO - [2026-06-12T22:13:10.229+0000] {dag.py:3954} INFO - Setting next_dagrun for example_short_circuit_decorator to 2026-06-11 00:00:00+00:00, run_after=2026-06-12 00:00:00+00:00
[2026-06-12T22:13:10.264+0000] {processor.py:183} INFO - Processing /home/airflow/.local/lib/python3.12/site-packages/airflow/example_dags/example_short_circuit_decorator.py took 0.135 seconds
[2026-06-12T22:13:43.393+0000] {processor.py:161} INFO - Started process (PID=588) to work on /home/airflow/.local/lib/python3.12/site-packages/airflow/example_dags/example_short_circuit_decorator.py
[2026-06-12T22:13:43.398+0000] {processor.py:830} INFO - Processing file /home/airflow/.local/lib/python3.12/site-packages/airflow/example_dags/example_short_circuit_decorator.py for tasks to queue
[2026-06-12T22:13:43.406+0000] {logging_mixin.py:188} INFO - [2026-06-12T22:13:43.406+0000] {dagbag.py:545} INFO - Filling up the DagBag from /home/airflow/.local/lib/python3.12/site-packages/airflow/example_dags/example_short_circuit_decorator.py
[2026-06-12T22:13:43.463+0000] {processor.py:840} INFO - DAG(s) 'example_short_circuit_decorator' retrieved from /home/airflow/.local/lib/python3.12/site-packages/airflow/example_dags/example_short_circuit_decorator.py
[2026-06-12T22:13:43.556+0000] {logging_mixin.py:188} INFO - [2026-06-12T22:13:43.556+0000] {dag.py:3096} INFO - Sync 1 DAGs
[2026-06-12T22:13:43.654+0000] {logging_mixin.py:188} INFO - [2026-06-12T22:13:43.652+0000] {dag.py:3954} INFO - Setting next_dagrun for example_short_circuit_decorator to 2026-06-11 00:00:00+00:00, run_after=2026-06-12 00:00:00+00:00
[2026-06-12T22:13:43.723+0000] {processor.py:183} INFO - Processing /home/airflow/.local/lib/python3.12/site-packages/airflow/example_dags/example_short_circuit_decorator.py took 0.346 seconds
[2026-06-12T22:14:15.062+0000] {processor.py:161} INFO - Started process (PID=650) to work on /home/airflow/.local/lib/python3.12/site-packages/airflow/example_dags/example_short_circuit_decorator.py
[2026-06-12T22:14:15.063+0000] {processor.py:830} INFO - Processing file /home/airflow/.local/lib/python3.12/site-packages/airflow/example_dags/example_short_circuit_decorator.py for tasks to queue
[2026-06-12T22:14:15.066+0000] {logging_mixin.py:188} INFO - [2026-06-12T22:14:15.065+0000] {dagbag.py:545} INFO - Filling up the DagBag from /home/airflow/.local/lib/python3.12/site-packages/airflow/example_dags/example_short_circuit_decorator.py
[2026-06-12T22:14:15.077+0000] {processor.py:840} INFO - DAG(s) 'example_short_circuit_decorator' retrieved from /home/airflow/.local/lib/python3.12/site-packages/airflow/example_dags/example_short_circuit_decorator.py
[2026-06-12T22:14:15.108+0000] {logging_mixin.py:188} INFO - [2026-06-12T22:14:15.108+0000] {dag.py:3096} INFO - Sync 1 DAGs
[2026-06-12T22:14:15.142+0000] {logging_mixin.py:188} INFO - [2026-06-12T22:14:15.142+0000] {dag.py:3954} INFO - Setting next_dagrun for example_short_circuit_decorator to 2026-06-11 00:00:00+00:00, run_after=2026-06-12 00:00:00+00:00
[2026-06-12T22:14:15.239+0000] {processor.py:183} INFO - Processing /home/airflow/.local/lib/python3.12/site-packages/airflow/example_dags/example_short_circuit_decorator.py took 0.186 seconds
[2026-06-12T22:14:48.219+0000] {processor.py:161} INFO - Started process (PID=713) to work on /home/airflow/.local/lib/python3.12/site-packages/airflow/example_dags/example_short_circuit_decorator.py
[2026-06-12T22:14:48.221+0000] {processor.py:830} INFO - Processing file /home/airflow/.local/lib/python3.12/site-packages/airflow/example_dags/example_short_circuit_decorator.py for tasks to queue
[2026-06-12T22:14:48.229+0000] {logging_mixin.py:188} INFO - [2026-06-12T22:14:48.223+0000] {dagbag.py:545} INFO - Filling up the DagBag from /home/airflow/.local/lib/python3.12/site-packages/airflow/example_dags/example_short_circuit_decorator.py
[2026-06-12T22:14:48.260+0000] {processor.py:840} INFO - DAG(s) 'example_short_circuit_decorator' retrieved from /home/airflow/.local/lib/python3.12/site-packages/airflow/example_dags/example_short_circuit_decorator.py
[2026-06-12T22:14:48.358+0000] {logging_mixin.py:188} INFO - [2026-06-12T22:14:48.358+0000] {dag.py:3096} INFO - Sync 1 DAGs
[2026-06-12T22:14:48.434+0000] {logging_mixin.py:188} INFO - [2026-06-12T22:14:48.434+0000] {dag.py:3954} INFO - Setting next_dagrun for example_short_circuit_decorator to 2026-06-11 00:00:00+00:00, run_after=2026-06-12 00:00:00+00:00
[2026-06-12T22:14:48.480+0000] {processor.py:183} INFO - Processing /home/airflow/.local/lib/python3.12/site-packages/airflow/example_dags/example_short_circuit_decorator.py took 0.282 seconds
[2026-06-12T22:15:18.568+0000] {processor.py:161} INFO - Started process (PID=775) to work on /home/airflow/.local/lib/python3.12/site-packages/airflow/example_dags/example_short_circuit_decorator.py
[2026-06-12T22:15:18.569+0000] {processor.py:830} INFO - Processing file /home/airflow/.local/lib/python3.12/site-packages/airflow/example_dags/example_short_circuit_decorator.py for tasks to queue
[2026-06-12T22:15:18.571+0000] {logging_mixin.py:188} INFO - [2026-06-12T22:15:18.571+0000] {dagbag.py:545} INFO - Filling up the DagBag from /home/airflow/.local/lib/python3.12/site-packages/airflow/example_dags/example_short_circuit_decorator.py
[2026-06-12T22:15:18.583+0000] {processor.py:840} INFO - DAG(s) 'example_short_circuit_decorator' retrieved from /home/airflow/.local/lib/python3.12/site-packages/airflow/example_dags/example_short_circuit_decorator.py
[2026-06-12T22:15:18.617+0000] {logging_mixin.py:188} INFO - [2026-06-12T22:15:18.616+0000] {dag.py:3096} INFO - Sync 1 DAGs
[2026-06-12T22:15:18.647+0000] {logging_mixin.py:188} INFO - [2026-06-12T22:15:18.647+0000] {dag.py:3954} INFO - Setting next_dagrun for example_short_circuit_decorator to 2026-06-11 00:00:00+00:00, run_after=2026-06-12 00:00:00+00:00
[2026-06-12T22:15:18.671+0000] {processor.py:183} INFO - Processing /home/airflow/.local/lib/python3.12/site-packages/airflow/example_dags/example_short_circuit_decorator.py took 0.111 seconds
[2026-06-12T22:15:49.867+0000] {processor.py:161} INFO - Started process (PID=843) to work on /home/airflow/.local/lib/python3.12/site-packages/airflow/example_dags/example_short_circuit_decorator.py
[2026-06-12T22:15:49.870+0000] {processor.py:830} INFO - Processing file /home/airflow/.local/lib/python3.12/site-packages/airflow/example_dags/example_short_circuit_decorator.py for tasks to queue
[2026-06-12T22:15:49.874+0000] {logging_mixin.py:188} INFO - [2026-06-12T22:15:49.873+0000] {dagbag.py:545} INFO - Filling up the DagBag from /home/airflow/.local/lib/python3.12/site-packages/airflow/example_dags/example_short_circuit_decorator.py
[2026-06-12T22:15:49.886+0000] {processor.py:840} INFO - DAG(s) 'example_short_circuit_decorator' retrieved from /home/airflow/.local/lib/python3.12/site-packages/airflow/example_dags/example_short_circuit_decorator.py
[2026-06-12T22:15:49.919+0000] {logging_mixin.py:188} INFO - [2026-06-12T22:15:49.919+0000] {dag.py:3096} INFO - Sync 1 DAGs
[2026-06-12T22:15:49.972+0000] {logging_mixin.py:188} INFO - [2026-06-12T22:15:49.972+0000] {dag.py:3954} INFO - Setting next_dagrun for example_short_circuit_decorator to 2026-06-11 00:00:00+00:00, run_after=2026-06-12 00:00:00+00:00
[2026-06-12T22:15:50.016+0000] {processor.py:183} INFO - Processing /home/airflow/.local/lib/python3.12/site-packages/airflow/example_dags/example_short_circuit_decorator.py took 0.162 seconds
[2026-06-12T22:16:20.866+0000] {processor.py:161} INFO - Started process (PID=905) to work on /home/airflow/.local/lib/python3.12/site-packages/airflow/example_dags/example_short_circuit_decorator.py
[2026-06-12T22:16:20.867+0000] {processor.py:830} INFO - Processing file /home/airflow/.local/lib/python3.12/site-packages/airflow/example_dags/example_short_circuit_decorator.py for tasks to queue
[2026-06-12T22:16:20.869+0000] {logging_mixin.py:188} INFO - [2026-06-12T22:16:20.868+0000] {dagbag.py:545} INFO - Filling up the DagBag from /home/airflow/.local/lib/python3.12/site-packages/airflow/example_dags/example_short_circuit_decorator.py
[2026-06-12T22:16:20.881+0000] {processor.py:840} INFO - DAG(s) 'example_short_circuit_decorator' retrieved from /home/airflow/.local/lib/python3.12/site-packages/airflow/example_dags/example_short_circuit_decorator.py
[2026-06-12T22:16:20.917+0000] {logging_mixin.py:188} INFO - [2026-06-12T22:16:20.917+0000] {dag.py:3096} INFO - Sync 1 DAGs
[2026-06-12T22:16:20.947+0000] {logging_mixin.py:188} INFO - [2026-06-12T22:16:20.947+0000] {dag.py:3954} INFO - Setting next_dagrun for example_short_circuit_decorator to 2026-06-11 00:00:00+00:00, run_after=2026-06-12 00:00:00+00:00
[2026-06-12T22:16:20.970+0000] {processor.py:183} INFO - Processing /home/airflow/.local/lib/python3.12/site-packages/airflow/example_dags/example_short_circuit_decorator.py took 0.111 seconds
[2026-06-12T22:16:52.050+0000] {processor.py:161} INFO - Started process (PID=967) to work on /home/airflow/.local/lib/python3.12/site-packages/airflow/example_dags/example_short_circuit_decorator.py
[2026-06-12T22:16:52.051+0000] {processor.py:830} INFO - Processing file /home/airflow/.local/lib/python3.12/site-packages/airflow/example_dags/example_short_circuit_decorator.py for tasks to queue
[2026-06-12T22:16:52.053+0000] {logging_mixin.py:188} INFO - [2026-06-12T22:16:52.052+0000] {dagbag.py:545} INFO - Filling up the DagBag from /home/airflow/.local/lib/python3.12/site-packages/airflow/example_dags/example_short_circuit_decorator.py
[2026-06-12T22:16:52.070+0000] {processor.py:840} INFO - DAG(s) 'example_short_circuit_decorator' retrieved from /home/airflow/.local/lib/python3.12/site-packages/airflow/example_dags/example_short_circuit_decorator.py
[2026-06-12T22:16:52.100+0000] {logging_mixin.py:188} INFO - [2026-06-12T22:16:52.100+0000] {dag.py:3096} INFO - Sync 1 DAGs
[2026-06-12T22:16:52.129+0000] {logging_mixin.py:188} INFO - [2026-06-12T22:16:52.129+0000] {dag.py:3954} INFO - Setting next_dagrun for example_short_circuit_decorator to 2026-06-11 00:00:00+00:00, run_after=2026-06-12 00:00:00+00:00
[2026-06-12T22:16:52.174+0000] {processor.py:183} INFO - Processing /home/airflow/.local/lib/python3.12/site-packages/airflow/example_dags/example_short_circuit_decorator.py took 0.133 seconds
[2026-06-12T22:17:23.203+0000] {processor.py:161} INFO - Started process (PID=1029) to work on /home/airflow/.local/lib/python3.12/site-packages/airflow/example_dags/example_short_circuit_decorator.py
[2026-06-12T22:17:23.204+0000] {processor.py:830} INFO - Processing file /home/airflow/.local/lib/python3.12/site-packages/airflow/example_dags/example_short_circuit_decorator.py for tasks to queue
[2026-06-12T22:17:23.207+0000] {logging_mixin.py:188} INFO - [2026-06-12T22:17:23.206+0000] {dagbag.py:545} INFO - Filling up the DagBag from /home/airflow/.local/lib/python3.12/site-packages/airflow/example_dags/example_short_circuit_decorator.py
[2026-06-12T22:17:23.233+0000] {processor.py:840} INFO - DAG(s) 'example_short_circuit_decorator' retrieved from /home/airflow/.local/lib/python3.12/site-packages/airflow/example_dags/example_short_circuit_decorator.py
[2026-06-12T22:17:23.270+0000] {logging_mixin.py:188} INFO - [2026-06-12T22:17:23.270+0000] {dag.py:3096} INFO - Sync 1 DAGs
[2026-06-12T22:17:23.299+0000] {logging_mixin.py:188} INFO - [2026-06-12T22:17:23.298+0000] {dag.py:3954} INFO - Setting next_dagrun for example_short_circuit_decorator to 2026-06-11 00:00:00+00:00, run_after=2026-06-12 00:00:00+00:00
[2026-06-12T22:17:23.327+0000] {processor.py:183} INFO - Processing /home/airflow/.local/lib/python3.12/site-packages/airflow/example_dags/example_short_circuit_decorator.py took 0.133 seconds
[2026-06-12T22:17:57.153+0000] {processor.py:161} INFO - Started process (PID=1091) to work on /home/airflow/.local/lib/python3.12/site-packages/airflow/example_dags/example_short_circuit_decorator.py
[2026-06-12T22:17:57.154+0000] {processor.py:830} INFO - Processing file /home/airflow/.local/lib/python3.12/site-packages/airflow/example_dags/example_short_circuit_decorator.py for tasks to queue
[2026-06-12T22:17:57.157+0000] {logging_mixin.py:188} INFO - [2026-06-12T22:17:57.156+0000] {dagbag.py:545} INFO - Filling up the DagBag from /home/airflow/.local/lib/python3.12/site-packages/airflow/example_dags/example_short_circuit_decorator.py
[2026-06-12T22:17:57.170+0000] {processor.py:840} INFO - DAG(s) 'example_short_circuit_decorator' retrieved from /home/airflow/.local/lib/python3.12/site-packages/airflow/example_dags/example_short_circuit_decorator.py
[2026-06-12T22:17:57.217+0000] {logging_mixin.py:188} INFO - [2026-06-12T22:17:57.217+0000] {dag.py:3096} INFO - Sync 1 DAGs
[2026-06-12T22:17:57.276+0000] {logging_mixin.py:188} INFO - [2026-06-12T22:17:57.276+0000] {dag.py:3954} INFO - Setting next_dagrun for example_short_circuit_decorator to 2026-06-11 00:00:00+00:00, run_after=2026-06-12 00:00:00+00:00
[2026-06-12T22:17:57.320+0000] {processor.py:183} INFO - Processing /home/airflow/.local/lib/python3.12/site-packages/airflow/example_dags/example_short_circuit_decorator.py took 0.175 seconds
[2026-06-12T22:18:28.903+0000] {processor.py:161} INFO - Started process (PID=1153) to work on /home/airflow/.local/lib/python3.12/site-packages/airflow/example_dags/example_short_circuit_decorator.py
[2026-06-12T22:18:28.904+0000] {processor.py:830} INFO - Processing file /home/airflow/.local/lib/python3.12/site-packages/airflow/example_dags/example_short_circuit_decorator.py for tasks to queue
[2026-06-12T22:18:28.906+0000] {logging_mixin.py:188} INFO - [2026-06-12T22:18:28.906+0000] {dagbag.py:545} INFO - Filling up the DagBag from /home/airflow/.local/lib/python3.12/site-packages/airflow/example_dags/example_short_circuit_decorator.py
[2026-06-12T22:18:28.918+0000] {processor.py:840} INFO - DAG(s) 'example_short_circuit_decorator' retrieved from /home/airflow/.local/lib/python3.12/site-packages/airflow/example_dags/example_short_circuit_decorator.py
[2026-06-12T22:18:28.956+0000] {logging_mixin.py:188} INFO - [2026-06-12T22:18:28.955+0000] {dag.py:3096} INFO - Sync 1 DAGs
[2026-06-12T22:18:29.544+0000] {logging_mixin.py:188} INFO - [2026-06-12T22:18:29.543+0000] {dag.py:3954} INFO - Setting next_dagrun for example_short_circuit_decorator to 2026-06-11 00:00:00+00:00, run_after=2026-06-12 00:00:00+00:00
[2026-06-12T22:18:29.579+0000] {processor.py:183} INFO - Processing /home/airflow/.local/lib/python3.12/site-packages/airflow/example_dags/example_short_circuit_decorator.py took 0.732 seconds
[2026-06-12T22:18:59.838+0000] {processor.py:161} INFO - Started process (PID=1215) to work on /home/airflow/.local/lib/python3.12/site-packages/airflow/example_dags/example_short_circuit_decorator.py
[2026-06-12T22:18:59.841+0000] {processor.py:830} INFO - Processing file /home/airflow/.local/lib/python3.12/site-packages/airflow/example_dags/example_short_circuit_decorator.py for tasks to queue
[2026-06-12T22:18:59.845+0000] {logging_mixin.py:188} INFO - [2026-06-12T22:18:59.844+0000] {dagbag.py:545} INFO - Filling up the DagBag from /home/airflow/.local/lib/python3.12/site-packages/airflow/example_dags/example_short_circuit_decorator.py
[2026-06-12T22:18:59.866+0000] {processor.py:840} INFO - DAG(s) 'example_short_circuit_decorator' retrieved from /home/airflow/.local/lib/python3.12/site-packages/airflow/example_dags/example_short_circuit_decorator.py
[2026-06-12T22:18:59.897+0000] {logging_mixin.py:188} INFO - [2026-06-12T22:18:59.897+0000] {dag.py:3096} INFO - Sync 1 DAGs
[2026-06-12T22:18:59.928+0000] {logging_mixin.py:188} INFO - [2026-06-12T22:18:59.928+0000] {dag.py:3954} INFO - Setting next_dagrun for example_short_circuit_decorator to 2026-06-11 00:00:00+00:00, run_after=2026-06-12 00:00:00+00:00
[2026-06-12T22:19:00.160+0000] {processor.py:183} INFO - Processing /home/airflow/.local/lib/python3.12/site-packages/airflow/example_dags/example_short_circuit_decorator.py took 0.330 seconds
[2026-06-12T22:19:30.437+0000] {processor.py:161} INFO - Started process (PID=1277) to work on /home/airflow/.local/lib/python3.12/site-packages/airflow/example_dags/example_short_circuit_decorator.py
[2026-06-12T22:19:30.452+0000] {processor.py:830} INFO - Processing file /home/airflow/.local/lib/python3.12/site-packages/airflow/example_dags/example_short_circuit_decorator.py for tasks to queue
[2026-06-12T22:19:30.460+0000] {logging_mixin.py:188} INFO - [2026-06-12T22:19:30.459+0000] {dagbag.py:545} INFO - Filling up the DagBag from /home/airflow/.local/lib/python3.12/site-packages/airflow/example_dags/example_short_circuit_decorator.py
[2026-06-12T22:19:30.472+0000] {processor.py:840} INFO - DAG(s) 'example_short_circuit_decorator' retrieved from /home/airflow/.local/lib/python3.12/site-packages/airflow/example_dags/example_short_circuit_decorator.py
[2026-06-12T22:19:30.505+0000] {logging_mixin.py:188} INFO - [2026-06-12T22:19:30.505+0000] {dag.py:3096} INFO - Sync 1 DAGs
[2026-06-12T22:19:30.730+0000] {logging_mixin.py:188} INFO - [2026-06-12T22:19:30.730+0000] {dag.py:3954} INFO - Setting next_dagrun for example_short_circuit_decorator to 2026-06-11 00:00:00+00:00, run_after=2026-06-12 00:00:00+00:00
[2026-06-12T22:19:30.757+0000] {processor.py:183} INFO - Processing /home/airflow/.local/lib/python3.12/site-packages/airflow/example_dags/example_short_circuit_decorator.py took 0.349 seconds
[2026-06-12T22:20:01.253+0000] {processor.py:161} INFO - Started process (PID=1338) to work on /home/airflow/.local/lib/python3.12/site-packages/airflow/example_dags/example_short_circuit_decorator.py
[2026-06-12T22:20:01.254+0000] {processor.py:830} INFO - Processing file /home/airflow/.local/lib/python3.12/site-packages/airflow/example_dags/example_short_circuit_decorator.py for tasks to queue
[2026-06-12T22:20:01.256+0000] {logging_mixin.py:188} INFO - [2026-06-12T22:20:01.256+0000] {dagbag.py:545} INFO - Filling up the DagBag from /home/airflow/.local/lib/python3.12/site-packages/airflow/example_dags/example_short_circuit_decorator.py
[2026-06-12T22:20:01.268+0000] {processor.py:840} INFO - DAG(s) 'example_short_circuit_decorator' retrieved from /home/airflow/.local/lib/python3.12/site-packages/airflow/example_dags/example_short_circuit_decorator.py
[2026-06-12T22:20:01.302+0000] {logging_mixin.py:188} INFO - [2026-06-12T22:20:01.302+0000] {dag.py:3096} INFO - Sync 1 DAGs
[2026-06-12T22:20:01.353+0000] {logging_mixin.py:188} INFO - [2026-06-12T22:20:01.351+0000] {dag.py:3954} INFO - Setting next_dagrun for example_short_circuit_decorator to 2026-06-11 00:00:00+00:00, run_after=2026-06-12 00:00:00+00:00
[2026-06-12T22:20:01.391+0000] {processor.py:183} INFO - Processing /home/airflow/.local/lib/python3.12/site-packages/airflow/example_dags/example_short_circuit_decorator.py took 0.145 seconds
[2026-06-12T22:20:32.554+0000] {processor.py:161} INFO - Started process (PID=1400) to work on /home/airflow/.local/lib/python3.12/site-packages/airflow/example_dags/example_short_circuit_decorator.py
[2026-06-12T22:20:32.555+0000] {processor.py:830} INFO - Processing file /home/airflow/.local/lib/python3.12/site-packages/airflow/example_dags/example_short_circuit_decorator.py for tasks to queue
[2026-06-12T22:20:32.557+0000] {logging_mixin.py:188} INFO - [2026-06-12T22:20:32.557+0000] {dagbag.py:545} INFO - Filling up the DagBag from /home/airflow/.local/lib/python3.12/site-packages/airflow/example_dags/example_short_circuit_decorator.py
[2026-06-12T22:20:32.568+0000] {processor.py:840} INFO - DAG(s) 'example_short_circuit_decorator' retrieved from /home/airflow/.local/lib/python3.12/site-packages/airflow/example_dags/example_short_circuit_decorator.py
[2026-06-12T22:20:32.602+0000] {logging_mixin.py:188} INFO - [2026-06-12T22:20:32.602+0000] {dag.py:3096} INFO - Sync 1 DAGs
[2026-06-12T22:20:32.635+0000] {logging_mixin.py:188} INFO - [2026-06-12T22:20:32.635+0000] {dag.py:3954} INFO - Setting next_dagrun for example_short_circuit_decorator to 2026-06-11 00:00:00+00:00, run_after=2026-06-12 00:00:00+00:00
[2026-06-12T22:20:32.676+0000] {processor.py:183} INFO - Processing /home/airflow/.local/lib/python3.12/site-packages/airflow/example_dags/example_short_circuit_decorator.py took 0.129 seconds
[2026-06-12T22:21:03.590+0000] {processor.py:161} INFO - Started process (PID=1462) to work on /home/airflow/.local/lib/python3.12/site-packages/airflow/example_dags/example_short_circuit_decorator.py
[2026-06-12T22:21:03.591+0000] {processor.py:830} INFO - Processing file /home/airflow/.local/lib/python3.12/site-packages/airflow/example_dags/example_short_circuit_decorator.py for tasks to queue
[2026-06-12T22:21:03.593+0000] {logging_mixin.py:188} INFO - [2026-06-12T22:21:03.593+0000] {dagbag.py:545} INFO - Filling up the DagBag from /home/airflow/.local/lib/python3.12/site-packages/airflow/example_dags/example_short_circuit_decorator.py
[2026-06-12T22:21:03.605+0000] {processor.py:840} INFO - DAG(s) 'example_short_circuit_decorator' retrieved from /home/airflow/.local/lib/python3.12/site-packages/airflow/example_dags/example_short_circuit_decorator.py
[2026-06-12T22:21:03.638+0000] {logging_mixin.py:188} INFO - [2026-06-12T22:21:03.637+0000] {dag.py:3096} INFO - Sync 1 DAGs
[2026-06-12T22:21:03.675+0000] {logging_mixin.py:188} INFO - [2026-06-12T22:21:03.675+0000] {dag.py:3954} INFO - Setting next_dagrun for example_short_circuit_decorator to 2026-06-11 00:00:00+00:00, run_after=2026-06-12 00:00:00+00:00
[2026-06-12T22:21:03.697+0000] {processor.py:183} INFO - Processing /home/airflow/.local/lib/python3.12/site-packages/airflow/example_dags/example_short_circuit_decorator.py took 0.117 seconds
[2026-06-12T22:21:35.388+0000] {processor.py:161} INFO - Started process (PID=1524) to work on /home/airflow/.local/lib/python3.12/site-packages/airflow/example_dags/example_short_circuit_decorator.py
[2026-06-12T22:21:35.389+0000] {processor.py:830} INFO - Processing file /home/airflow/.local/lib/python3.12/site-packages/airflow/example_dags/example_short_circuit_decorator.py for tasks to queue
[2026-06-12T22:21:35.391+0000] {logging_mixin.py:188} INFO - [2026-06-12T22:21:35.391+0000] {dagbag.py:545} INFO - Filling up the DagBag from /home/airflow/.local/lib/python3.12/site-packages/airflow/example_dags/example_short_circuit_decorator.py
[2026-06-12T22:21:35.402+0000] {processor.py:840} INFO - DAG(s) 'example_short_circuit_decorator' retrieved from /home/airflow/.local/lib/python3.12/site-packages/airflow/example_dags/example_short_circuit_decorator.py
[2026-06-12T22:21:35.445+0000] {logging_mixin.py:188} INFO - [2026-06-12T22:21:35.444+0000] {dag.py:3096} INFO - Sync 1 DAGs
[2026-06-12T22:21:35.496+0000] {logging_mixin.py:188} INFO - [2026-06-12T22:21:35.495+0000] {dag.py:3954} INFO - Setting next_dagrun for example_short_circuit_decorator to 2026-06-11 00:00:00+00:00, run_after=2026-06-12 00:00:00+00:00
[2026-06-12T22:21:35.541+0000] {processor.py:183} INFO - Processing /home/airflow/.local/lib/python3.12/site-packages/airflow/example_dags/example_short_circuit_decorator.py took 0.161 seconds
[2026-06-12T22:22:07.300+0000] {processor.py:161} INFO - Started process (PID=1585) to work on /home/airflow/.local/lib/python3.12/site-packages/airflow/example_dags/example_short_circuit_decorator.py
[2026-06-12T22:22:07.303+0000] {processor.py:830} INFO - Processing file /home/airflow/.local/lib/python3.12/site-packages/airflow/example_dags/example_short_circuit_decorator.py for tasks to queue
[2026-06-12T22:22:07.307+0000] {logging_mixin.py:188} INFO - [2026-06-12T22:22:07.306+0000] {dagbag.py:545} INFO - Filling up the DagBag from /home/airflow/.local/lib/python3.12/site-packages/airflow/example_dags/example_short_circuit_decorator.py
[2026-06-12T22:22:07.345+0000] {processor.py:840} INFO - DAG(s) 'example_short_circuit_decorator' retrieved from /home/airflow/.local/lib/python3.12/site-packages/airflow/example_dags/example_short_circuit_decorator.py
[2026-06-12T22:22:07.412+0000] {logging_mixin.py:188} INFO - [2026-06-12T22:22:07.412+0000] {dag.py:3096} INFO - Sync 1 DAGs
[2026-06-12T22:22:07.488+0000] {logging_mixin.py:188} INFO - [2026-06-12T22:22:07.487+0000] {dag.py:3954} INFO - Setting next_dagrun for example_short_circuit_decorator to 2026-06-11 00:00:00+00:00, run_after=2026-06-12 00:00:00+00:00
[2026-06-12T22:22:07.534+0000] {processor.py:183} INFO - Processing /home/airflow/.local/lib/python3.12/site-packages/airflow/example_dags/example_short_circuit_decorator.py took 0.250 seconds
[2026-06-12T22:22:38.332+0000] {processor.py:161} INFO - Started process (PID=1647) to work on /home/airflow/.local/lib/python3.12/site-packages/airflow/example_dags/example_short_circuit_decorator.py
[2026-06-12T22:22:38.333+0000] {processor.py:830} INFO - Processing file /home/airflow/.local/lib/python3.12/site-packages/airflow/example_dags/example_short_circuit_decorator.py for tasks to queue
[2026-06-12T22:22:38.338+0000] {logging_mixin.py:188} INFO - [2026-06-12T22:22:38.338+0000] {dagbag.py:545} INFO - Filling up the DagBag from /home/airflow/.local/lib/python3.12/site-packages/airflow/example_dags/example_short_circuit_decorator.py
[2026-06-12T22:22:38.363+0000] {processor.py:840} INFO - DAG(s) 'example_short_circuit_decorator' retrieved from /home/airflow/.local/lib/python3.12/site-packages/airflow/example_dags/example_short_circuit_decorator.py
[2026-06-12T22:22:38.436+0000] {logging_mixin.py:188} INFO - [2026-06-12T22:22:38.436+0000] {dag.py:3096} INFO - Sync 1 DAGs
[2026-06-12T22:22:38.504+0000] {logging_mixin.py:188} INFO - [2026-06-12T22:22:38.501+0000] {dag.py:3954} INFO - Setting next_dagrun for example_short_circuit_decorator to 2026-06-11 00:00:00+00:00, run_after=2026-06-12 00:00:00+00:00
[2026-06-12T22:22:38.554+0000] {processor.py:183} INFO - Processing /home/airflow/.local/lib/python3.12/site-packages/airflow/example_dags/example_short_circuit_decorator.py took 0.245 seconds
[2026-06-12T22:23:08.646+0000] {processor.py:161} INFO - Started process (PID=1707) to work on /home/airflow/.local/lib/python3.12/site-packages/airflow/example_dags/example_short_circuit_decorator.py
[2026-06-12T22:23:08.647+0000] {processor.py:830} INFO - Processing file /home/airflow/.local/lib/python3.12/site-packages/airflow/example_dags/example_short_circuit_decorator.py for tasks to queue
[2026-06-12T22:23:08.649+0000] {logging_mixin.py:188} INFO - [2026-06-12T22:23:08.648+0000] {dagbag.py:545} INFO - Filling up the DagBag from /home/airflow/.local/lib/python3.12/site-packages/airflow/example_dags/example_short_circuit_decorator.py
[2026-06-12T22:23:08.660+0000] {processor.py:840} INFO - DAG(s) 'example_short_circuit_decorator' retrieved from /home/airflow/.local/lib/python3.12/site-packages/airflow/example_dags/example_short_circuit_decorator.py
[2026-06-12T22:23:08.689+0000] {logging_mixin.py:188} INFO - [2026-06-12T22:23:08.689+0000] {dag.py:3096} INFO - Sync 1 DAGs
[2026-06-12T22:23:08.720+0000] {logging_mixin.py:188} INFO - [2026-06-12T22:23:08.720+0000] {dag.py:3954} INFO - Setting next_dagrun for example_short_circuit_decorator to 2026-06-11 00:00:00+00:00, run_after=2026-06-12 00:00:00+00:00
[2026-06-12T22:23:08.743+0000] {processor.py:183} INFO - Processing /home/airflow/.local/lib/python3.12/site-packages/airflow/example_dags/example_short_circuit_decorator.py took 0.109 seconds
[2026-06-12T22:23:39.113+0000] {processor.py:161} INFO - Started process (PID=1770) to work on /home/airflow/.local/lib/python3.12/site-packages/airflow/example_dags/example_short_circuit_decorator.py
[2026-06-12T22:23:39.114+0000] {processor.py:830} INFO - Processing file /home/airflow/.local/lib/python3.12/site-packages/airflow/example_dags/example_short_circuit_decorator.py for tasks to queue
[2026-06-12T22:23:39.116+0000] {logging_mixin.py:188} INFO - [2026-06-12T22:23:39.115+0000] {dagbag.py:545} INFO - Filling up the DagBag from /home/airflow/.local/lib/python3.12/site-packages/airflow/example_dags/example_short_circuit_decorator.py
[2026-06-12T22:23:39.127+0000] {processor.py:840} INFO - DAG(s) 'example_short_circuit_decorator' retrieved from /home/airflow/.local/lib/python3.12/site-packages/airflow/example_dags/example_short_circuit_decorator.py
[2026-06-12T22:23:39.158+0000] {logging_mixin.py:188} INFO - [2026-06-12T22:23:39.158+0000] {dag.py:3096} INFO - Sync 1 DAGs
[2026-06-12T22:23:39.187+0000] {logging_mixin.py:188} INFO - [2026-06-12T22:23:39.186+0000] {dag.py:3954} INFO - Setting next_dagrun for example_short_circuit_decorator to 2026-06-11 00:00:00+00:00, run_after=2026-06-12 00:00:00+00:00
[2026-06-12T22:23:39.209+0000] {processor.py:183} INFO - Processing /home/airflow/.local/lib/python3.12/site-packages/airflow/example_dags/example_short_circuit_decorator.py took 0.103 seconds
[2026-06-12T22:24:09.497+0000] {processor.py:161} INFO - Started process (PID=1832) to work on /home/airflow/.local/lib/python3.12/site-packages/airflow/example_dags/example_short_circuit_decorator.py
[2026-06-12T22:24:09.498+0000] {processor.py:830} INFO - Processing file /home/airflow/.local/lib/python3.12/site-packages/airflow/example_dags/example_short_circuit_decorator.py for tasks to queue
[2026-06-12T22:24:09.500+0000] {logging_mixin.py:188} INFO - [2026-06-12T22:24:09.499+0000] {dagbag.py:545} INFO - Filling up the DagBag from /home/airflow/.local/lib/python3.12/site-packages/airflow/example_dags/example_short_circuit_decorator.py
[2026-06-12T22:24:09.512+0000] {processor.py:840} INFO - DAG(s) 'example_short_circuit_decorator' retrieved from /home/airflow/.local/lib/python3.12/site-packages/airflow/example_dags/example_short_circuit_decorator.py
[2026-06-12T22:24:09.543+0000] {logging_mixin.py:188} INFO - [2026-06-12T22:24:09.543+0000] {dag.py:3096} INFO - Sync 1 DAGs
[2026-06-12T22:24:09.570+0000] {logging_mixin.py:188} INFO - [2026-06-12T22:24:09.570+0000] {dag.py:3954} INFO - Setting next_dagrun for example_short_circuit_decorator to 2026-06-11 00:00:00+00:00, run_after=2026-06-12 00:00:00+00:00
[2026-06-12T22:24:09.592+0000] {processor.py:183} INFO - Processing /home/airflow/.local/lib/python3.12/site-packages/airflow/example_dags/example_short_circuit_decorator.py took 0.110 seconds
[2026-06-12T22:24:40.244+0000] {processor.py:161} INFO - Started process (PID=1894) to work on /home/airflow/.local/lib/python3.12/site-packages/airflow/example_dags/example_short_circuit_decorator.py
[2026-06-12T22:24:40.244+0000] {processor.py:830} INFO - Processing file /home/airflow/.local/lib/python3.12/site-packages/airflow/example_dags/example_short_circuit_decorator.py for tasks to queue
[2026-06-12T22:24:40.247+0000] {logging_mixin.py:188} INFO - [2026-06-12T22:24:40.246+0000] {dagbag.py:545} INFO - Filling up the DagBag from /home/airflow/.local/lib/python3.12/site-packages/airflow/example_dags/example_short_circuit_decorator.py
[2026-06-12T22:24:40.258+0000] {processor.py:840} INFO - DAG(s) 'example_short_circuit_decorator' retrieved from /home/airflow/.local/lib/python3.12/site-packages/airflow/example_dags/example_short_circuit_decorator.py
[2026-06-12T22:24:40.295+0000] {logging_mixin.py:188} INFO - [2026-06-12T22:24:40.294+0000] {dag.py:3096} INFO - Sync 1 DAGs
[2026-06-12T22:24:40.330+0000] {logging_mixin.py:188} INFO - [2026-06-12T22:24:40.330+0000] {dag.py:3954} INFO - Setting next_dagrun for example_short_circuit_decorator to 2026-06-11 00:00:00+00:00, run_after=2026-06-12 00:00:00+00:00
[2026-06-12T22:24:40.351+0000] {processor.py:183} INFO - Processing /home/airflow/.local/lib/python3.12/site-packages/airflow/example_dags/example_short_circuit_decorator.py took 0.129 seconds
[2026-06-12T22:25:10.489+0000] {processor.py:161} INFO - Started process (PID=1954) to work on /home/airflow/.local/lib/python3.12/site-packages/airflow/example_dags/example_short_circuit_decorator.py
[2026-06-12T22:25:10.491+0000] {processor.py:830} INFO - Processing file /home/airflow/.local/lib/python3.12/site-packages/airflow/example_dags/example_short_circuit_decorator.py for tasks to queue
[2026-06-12T22:25:10.495+0000] {logging_mixin.py:188} INFO - [2026-06-12T22:25:10.495+0000] {dagbag.py:545} INFO - Filling up the DagBag from /home/airflow/.local/lib/python3.12/site-packages/airflow/example_dags/example_short_circuit_decorator.py
[2026-06-12T22:25:10.526+0000] {processor.py:840} INFO - DAG(s) 'example_short_circuit_decorator' retrieved from /home/airflow/.local/lib/python3.12/site-packages/airflow/example_dags/example_short_circuit_decorator.py
[2026-06-12T22:25:10.578+0000] {logging_mixin.py:188} INFO - [2026-06-12T22:25:10.577+0000] {dag.py:3096} INFO - Sync 1 DAGs
[2026-06-12T22:25:10.621+0000] {logging_mixin.py:188} INFO - [2026-06-12T22:25:10.620+0000] {dag.py:3954} INFO - Setting next_dagrun for example_short_circuit_decorator to 2026-06-11 00:00:00+00:00, run_after=2026-06-12 00:00:00+00:00
[2026-06-12T22:25:10.753+0000] {processor.py:183} INFO - Processing /home/airflow/.local/lib/python3.12/site-packages/airflow/example_dags/example_short_circuit_decorator.py took 0.280 seconds
[2026-06-12T22:25:40.848+0000] {processor.py:161} INFO - Started process (PID=2016) to work on /home/airflow/.local/lib/python3.12/site-packages/airflow/example_dags/example_short_circuit_decorator.py
[2026-06-12T22:25:40.851+0000] {processor.py:830} INFO - Processing file /home/airflow/.local/lib/python3.12/site-packages/airflow/example_dags/example_short_circuit_decorator.py for tasks to queue
[2026-06-12T22:25:40.853+0000] {logging_mixin.py:188} INFO - [2026-06-12T22:25:40.853+0000] {dagbag.py:545} INFO - Filling up the DagBag from /home/airflow/.local/lib/python3.12/site-packages/airflow/example_dags/example_short_circuit_decorator.py
[2026-06-12T22:25:40.867+0000] {processor.py:840} INFO - DAG(s) 'example_short_circuit_decorator' retrieved from /home/airflow/.local/lib/python3.12/site-packages/airflow/example_dags/example_short_circuit_decorator.py
[2026-06-12T22:25:40.930+0000] {logging_mixin.py:188} INFO - [2026-06-12T22:25:40.930+0000] {dag.py:3096} INFO - Sync 1 DAGs
[2026-06-12T22:25:40.970+0000] {logging_mixin.py:188} INFO - [2026-06-12T22:25:40.970+0000] {dag.py:3954} INFO - Setting next_dagrun for example_short_circuit_decorator to 2026-06-11 00:00:00+00:00, run_after=2026-06-12 00:00:00+00:00
[2026-06-12T22:25:41.030+0000] {processor.py:183} INFO - Processing /home/airflow/.local/lib/python3.12/site-packages/airflow/example_dags/example_short_circuit_decorator.py took 0.193 seconds
[2026-06-12T22:26:11.124+0000] {processor.py:161} INFO - Started process (PID=2078) to work on /home/airflow/.local/lib/python3.12/site-packages/airflow/example_dags/example_short_circuit_decorator.py
[2026-06-12T22:26:11.127+0000] {processor.py:830} INFO - Processing file /home/airflow/.local/lib/python3.12/site-packages/airflow/example_dags/example_short_circuit_decorator.py for tasks to queue
[2026-06-12T22:26:11.132+0000] {logging_mixin.py:188} INFO - [2026-06-12T22:26:11.128+0000] {dagbag.py:545} INFO - Filling up the DagBag from /home/airflow/.local/lib/python3.12/site-packages/airflow/example_dags/example_short_circuit_decorator.py
[2026-06-12T22:26:11.158+0000] {processor.py:840} INFO - DAG(s) 'example_short_circuit_decorator' retrieved from /home/airflow/.local/lib/python3.12/site-packages/airflow/example_dags/example_short_circuit_decorator.py
[2026-06-12T22:26:11.190+0000] {logging_mixin.py:188} INFO - [2026-06-12T22:26:11.189+0000] {dag.py:3096} INFO - Sync 1 DAGs
[2026-06-12T22:26:11.216+0000] {logging_mixin.py:188} INFO - [2026-06-12T22:26:11.216+0000] {dag.py:3954} INFO - Setting next_dagrun for example_short_circuit_decorator to 2026-06-11 00:00:00+00:00, run_after=2026-06-12 00:00:00+00:00
[2026-06-12T22:26:11.239+0000] {processor.py:183} INFO - Processing /home/airflow/.local/lib/python3.12/site-packages/airflow/example_dags/example_short_circuit_decorator.py took 0.129 seconds
[2026-06-12T22:26:41.355+0000] {processor.py:161} INFO - Started process (PID=2139) to work on /home/airflow/.local/lib/python3.12/site-packages/airflow/example_dags/example_short_circuit_decorator.py
[2026-06-12T22:26:41.356+0000] {processor.py:830} INFO - Processing file /home/airflow/.local/lib/python3.12/site-packages/airflow/example_dags/example_short_circuit_decorator.py for tasks to queue
[2026-06-12T22:26:41.358+0000] {logging_mixin.py:188} INFO - [2026-06-12T22:26:41.358+0000] {dagbag.py:545} INFO - Filling up the DagBag from /home/airflow/.local/lib/python3.12/site-packages/airflow/example_dags/example_short_circuit_decorator.py
[2026-06-12T22:26:41.379+0000] {processor.py:840} INFO - DAG(s) 'example_short_circuit_decorator' retrieved from /home/airflow/.local/lib/python3.12/site-packages/airflow/example_dags/example_short_circuit_decorator.py
[2026-06-12T22:26:41.466+0000] {logging_mixin.py:188} INFO - [2026-06-12T22:26:41.466+0000] {dag.py:3096} INFO - Sync 1 DAGs
[2026-06-12T22:26:41.524+0000] {logging_mixin.py:188} INFO - [2026-06-12T22:26:41.523+0000] {dag.py:3954} INFO - Setting next_dagrun for example_short_circuit_decorator to 2026-06-11 00:00:00+00:00, run_after=2026-06-12 00:00:00+00:00
[2026-06-12T22:26:41.572+0000] {processor.py:183} INFO - Processing /home/airflow/.local/lib/python3.12/site-packages/airflow/example_dags/example_short_circuit_decorator.py took 0.228 seconds
[2026-06-12T22:27:12.223+0000] {processor.py:161} INFO - Started process (PID=2200) to work on /home/airflow/.local/lib/python3.12/site-packages/airflow/example_dags/example_short_circuit_decorator.py
[2026-06-12T22:27:12.224+0000] {processor.py:830} INFO - Processing file /home/airflow/.local/lib/python3.12/site-packages/airflow/example_dags/example_short_circuit_decorator.py for tasks to queue
[2026-06-12T22:27:12.226+0000] {logging_mixin.py:188} INFO - [2026-06-12T22:27:12.225+0000] {dagbag.py:545} INFO - Filling up the DagBag from /home/airflow/.local/lib/python3.12/site-packages/airflow/example_dags/example_short_circuit_decorator.py
[2026-06-12T22:27:12.236+0000] {processor.py:840} INFO - DAG(s) 'example_short_circuit_decorator' retrieved from /home/airflow/.local/lib/python3.12/site-packages/airflow/example_dags/example_short_circuit_decorator.py
[2026-06-12T22:27:12.268+0000] {logging_mixin.py:188} INFO - [2026-06-12T22:27:12.268+0000] {dag.py:3096} INFO - Sync 1 DAGs
[2026-06-12T22:27:12.310+0000] {logging_mixin.py:188} INFO - [2026-06-12T22:27:12.306+0000] {dag.py:3954} INFO - Setting next_dagrun for example_short_circuit_decorator to 2026-06-11 00:00:00+00:00, run_after=2026-06-12 00:00:00+00:00
[2026-06-12T22:27:12.352+0000] {processor.py:183} INFO - Processing /home/airflow/.local/lib/python3.12/site-packages/airflow/example_dags/example_short_circuit_decorator.py took 0.136 seconds
[2026-06-12T22:27:43.068+0000] {processor.py:161} INFO - Started process (PID=2262) to work on /home/airflow/.local/lib/python3.12/site-packages/airflow/example_dags/example_short_circuit_decorator.py
[2026-06-12T22:27:43.070+0000] {processor.py:830} INFO - Processing file /home/airflow/.local/lib/python3.12/site-packages/airflow/example_dags/example_short_circuit_decorator.py for tasks to queue
[2026-06-12T22:27:43.074+0000] {logging_mixin.py:188} INFO - [2026-06-12T22:27:43.074+0000] {dagbag.py:545} INFO - Filling up the DagBag from /home/airflow/.local/lib/python3.12/site-packages/airflow/example_dags/example_short_circuit_decorator.py
[2026-06-12T22:27:43.099+0000] {processor.py:840} INFO - DAG(s) 'example_short_circuit_decorator' retrieved from /home/airflow/.local/lib/python3.12/site-packages/airflow/example_dags/example_short_circuit_decorator.py
[2026-06-12T22:27:43.171+0000] {logging_mixin.py:188} INFO - [2026-06-12T22:27:43.171+0000] {dag.py:3096} INFO - Sync 1 DAGs
[2026-06-12T22:27:43.236+0000] {logging_mixin.py:188} INFO - [2026-06-12T22:27:43.235+0000] {dag.py:3954} INFO - Setting next_dagrun for example_short_circuit_decorator to 2026-06-11 00:00:00+00:00, run_after=2026-06-12 00:00:00+00:00
[2026-06-12T22:27:43.297+0000] {processor.py:183} INFO - Processing /home/airflow/.local/lib/python3.12/site-packages/airflow/example_dags/example_short_circuit_decorator.py took 0.241 seconds
[2026-06-12T22:28:13.448+0000] {processor.py:161} INFO - Started process (PID=2324) to work on /home/airflow/.local/lib/python3.12/site-packages/airflow/example_dags/example_short_circuit_decorator.py
[2026-06-12T22:28:13.450+0000] {processor.py:830} INFO - Processing file /home/airflow/.local/lib/python3.12/site-packages/airflow/example_dags/example_short_circuit_decorator.py for tasks to queue
[2026-06-12T22:28:13.452+0000] {logging_mixin.py:188} INFO - [2026-06-12T22:28:13.452+0000] {dagbag.py:545} INFO - Filling up the DagBag from /home/airflow/.local/lib/python3.12/site-packages/airflow/example_dags/example_short_circuit_decorator.py
[2026-06-12T22:28:13.476+0000] {processor.py:840} INFO - DAG(s) 'example_short_circuit_decorator' retrieved from /home/airflow/.local/lib/python3.12/site-packages/airflow/example_dags/example_short_circuit_decorator.py
[2026-06-12T22:28:13.506+0000] {logging_mixin.py:188} INFO - [2026-06-12T22:28:13.506+0000] {dag.py:3096} INFO - Sync 1 DAGs
[2026-06-12T22:28:13.550+0000] {logging_mixin.py:188} INFO - [2026-06-12T22:28:13.549+0000] {dag.py:3954} INFO - Setting next_dagrun for example_short_circuit_decorator to 2026-06-11 00:00:00+00:00, run_after=2026-06-12 00:00:00+00:00
[2026-06-12T22:28:13.580+0000] {processor.py:183} INFO - Processing /home/airflow/.local/lib/python3.12/site-packages/airflow/example_dags/example_short_circuit_decorator.py took 0.139 seconds
[2026-06-12T22:28:43.743+0000] {processor.py:161} INFO - Started process (PID=2386) to work on /home/airflow/.local/lib/python3.12/site-packages/airflow/example_dags/example_short_circuit_decorator.py
[2026-06-12T22:28:43.745+0000] {processor.py:830} INFO - Processing file /home/airflow/.local/lib/python3.12/site-packages/airflow/example_dags/example_short_circuit_decorator.py for tasks to queue
[2026-06-12T22:28:43.747+0000] {logging_mixin.py:188} INFO - [2026-06-12T22:28:43.747+0000] {dagbag.py:545} INFO - Filling up the DagBag from /home/airflow/.local/lib/python3.12/site-packages/airflow/example_dags/example_short_circuit_decorator.py
[2026-06-12T22:28:43.765+0000] {processor.py:840} INFO - DAG(s) 'example_short_circuit_decorator' retrieved from /home/airflow/.local/lib/python3.12/site-packages/airflow/example_dags/example_short_circuit_decorator.py
[2026-06-12T22:28:43.800+0000] {logging_mixin.py:188} INFO - [2026-06-12T22:28:43.799+0000] {dag.py:3096} INFO - Sync 1 DAGs
[2026-06-12T22:28:43.837+0000] {logging_mixin.py:188} INFO - [2026-06-12T22:28:43.836+0000] {dag.py:3954} INFO - Setting next_dagrun for example_short_circuit_decorator to 2026-06-11 00:00:00+00:00, run_after=2026-06-12 00:00:00+00:00
[2026-06-12T22:28:43.908+0000] {processor.py:183} INFO - Processing /home/airflow/.local/lib/python3.12/site-packages/airflow/example_dags/example_short_circuit_decorator.py took 0.179 seconds
[2026-06-12T22:29:14.178+0000] {processor.py:161} INFO - Started process (PID=2448) to work on /home/airflow/.local/lib/python3.12/site-packages/airflow/example_dags/example_short_circuit_decorator.py
[2026-06-12T22:29:14.179+0000] {processor.py:830} INFO - Processing file /home/airflow/.local/lib/python3.12/site-packages/airflow/example_dags/example_short_circuit_decorator.py for tasks to queue
[2026-06-12T22:29:14.181+0000] {logging_mixin.py:188} INFO - [2026-06-12T22:29:14.181+0000] {dagbag.py:545} INFO - Filling up the DagBag from /home/airflow/.local/lib/python3.12/site-packages/airflow/example_dags/example_short_circuit_decorator.py
[2026-06-12T22:29:14.199+0000] {processor.py:840} INFO - DAG(s) 'example_short_circuit_decorator' retrieved from /home/airflow/.local/lib/python3.12/site-packages/airflow/example_dags/example_short_circuit_decorator.py
[2026-06-12T22:29:14.234+0000] {logging_mixin.py:188} INFO - [2026-06-12T22:29:14.234+0000] {dag.py:3096} INFO - Sync 1 DAGs
[2026-06-12T22:29:14.283+0000] {logging_mixin.py:188} INFO - [2026-06-12T22:29:14.283+0000] {dag.py:3954} INFO - Setting next_dagrun for example_short_circuit_decorator to 2026-06-11 00:00:00+00:00, run_after=2026-06-12 00:00:00+00:00
[2026-06-12T22:29:14.359+0000] {processor.py:183} INFO - Processing /home/airflow/.local/lib/python3.12/site-packages/airflow/example_dags/example_short_circuit_decorator.py took 0.189 seconds
[2026-06-12T22:29:45.421+0000] {processor.py:161} INFO - Started process (PID=2510) to work on /home/airflow/.local/lib/python3.12/site-packages/airflow/example_dags/example_short_circuit_decorator.py
[2026-06-12T22:29:45.425+0000] {processor.py:830} INFO - Processing file /home/airflow/.local/lib/python3.12/site-packages/airflow/example_dags/example_short_circuit_decorator.py for tasks to queue
[2026-06-12T22:29:45.429+0000] {logging_mixin.py:188} INFO - [2026-06-12T22:29:45.428+0000] {dagbag.py:545} INFO - Filling up the DagBag from /home/airflow/.local/lib/python3.12/site-packages/airflow/example_dags/example_short_circuit_decorator.py
[2026-06-12T22:29:45.445+0000] {processor.py:840} INFO - DAG(s) 'example_short_circuit_decorator' retrieved from /home/airflow/.local/lib/python3.12/site-packages/airflow/example_dags/example_short_circuit_decorator.py
[2026-06-12T22:29:45.489+0000] {logging_mixin.py:188} INFO - [2026-06-12T22:29:45.489+0000] {dag.py:3096} INFO - Sync 1 DAGs
[2026-06-12T22:29:45.525+0000] {logging_mixin.py:188} INFO - [2026-06-12T22:29:45.523+0000] {dag.py:3954} INFO - Setting next_dagrun for example_short_circuit_decorator to 2026-06-11 00:00:00+00:00, run_after=2026-06-12 00:00:00+00:00
[2026-06-12T22:29:45.551+0000] {processor.py:183} INFO - Processing /home/airflow/.local/lib/python3.12/site-packages/airflow/example_dags/example_short_circuit_decorator.py took 0.144 seconds
[2026-06-12T22:30:15.736+0000] {processor.py:161} INFO - Started process (PID=2572) to work on /home/airflow/.local/lib/python3.12/site-packages/airflow/example_dags/example_short_circuit_decorator.py
[2026-06-12T22:30:15.737+0000] {processor.py:830} INFO - Processing file /home/airflow/.local/lib/python3.12/site-packages/airflow/example_dags/example_short_circuit_decorator.py for tasks to queue
[2026-06-12T22:30:15.739+0000] {logging_mixin.py:188} INFO - [2026-06-12T22:30:15.738+0000] {dagbag.py:545} INFO - Filling up the DagBag from /home/airflow/.local/lib/python3.12/site-packages/airflow/example_dags/example_short_circuit_decorator.py
[2026-06-12T22:30:15.750+0000] {processor.py:840} INFO - DAG(s) 'example_short_circuit_decorator' retrieved from /home/airflow/.local/lib/python3.12/site-packages/airflow/example_dags/example_short_circuit_decorator.py
[2026-06-12T22:30:15.784+0000] {logging_mixin.py:188} INFO - [2026-06-12T22:30:15.784+0000] {dag.py:3096} INFO - Sync 1 DAGs
[2026-06-12T22:30:15.822+0000] {logging_mixin.py:188} INFO - [2026-06-12T22:30:15.821+0000] {dag.py:3954} INFO - Setting next_dagrun for example_short_circuit_decorator to 2026-06-11 00:00:00+00:00, run_after=2026-06-12 00:00:00+00:00
[2026-06-12T22:30:15.843+0000] {processor.py:183} INFO - Processing /home/airflow/.local/lib/python3.12/site-packages/airflow/example_dags/example_short_circuit_decorator.py took 0.119 seconds
[2026-06-12T22:30:46.051+0000] {processor.py:161} INFO - Started process (PID=2634) to work on /home/airflow/.local/lib/python3.12/site-packages/airflow/example_dags/example_short_circuit_decorator.py
[2026-06-12T22:30:46.055+0000] {processor.py:830} INFO - Processing file /home/airflow/.local/lib/python3.12/site-packages/airflow/example_dags/example_short_circuit_decorator.py for tasks to queue
[2026-06-12T22:30:46.057+0000] {logging_mixin.py:188} INFO - [2026-06-12T22:30:46.056+0000] {dagbag.py:545} INFO - Filling up the DagBag from /home/airflow/.local/lib/python3.12/site-packages/airflow/example_dags/example_short_circuit_decorator.py
[2026-06-12T22:30:46.068+0000] {processor.py:840} INFO - DAG(s) 'example_short_circuit_decorator' retrieved from /home/airflow/.local/lib/python3.12/site-packages/airflow/example_dags/example_short_circuit_decorator.py
[2026-06-12T22:30:46.099+0000] {logging_mixin.py:188} INFO - [2026-06-12T22:30:46.099+0000] {dag.py:3096} INFO - Sync 1 DAGs
[2026-06-12T22:30:46.138+0000] {logging_mixin.py:188} INFO - [2026-06-12T22:30:46.137+0000] {dag.py:3954} INFO - Setting next_dagrun for example_short_circuit_decorator to 2026-06-11 00:00:00+00:00, run_after=2026-06-12 00:00:00+00:00
[2026-06-12T22:30:46.165+0000] {processor.py:183} INFO - Processing /home/airflow/.local/lib/python3.12/site-packages/airflow/example_dags/example_short_circuit_decorator.py took 0.130 seconds
[2026-06-12T22:31:16.758+0000] {processor.py:161} INFO - Started process (PID=2696) to work on /home/airflow/.local/lib/python3.12/site-packages/airflow/example_dags/example_short_circuit_decorator.py
[2026-06-12T22:31:16.765+0000] {processor.py:830} INFO - Processing file /home/airflow/.local/lib/python3.12/site-packages/airflow/example_dags/example_short_circuit_decorator.py for tasks to queue
[2026-06-12T22:31:16.773+0000] {logging_mixin.py:188} INFO - [2026-06-12T22:31:16.773+0000] {dagbag.py:545} INFO - Filling up the DagBag from /home/airflow/.local/lib/python3.12/site-packages/airflow/example_dags/example_short_circuit_decorator.py
[2026-06-12T22:31:16.813+0000] {processor.py:840} INFO - DAG(s) 'example_short_circuit_decorator' retrieved from /home/airflow/.local/lib/python3.12/site-packages/airflow/example_dags/example_short_circuit_decorator.py
[2026-06-12T22:31:16.927+0000] {logging_mixin.py:188} INFO - [2026-06-12T22:31:16.927+0000] {dag.py:3096} INFO - Sync 1 DAGs
[2026-06-12T22:31:16.997+0000] {logging_mixin.py:188} INFO - [2026-06-12T22:31:16.994+0000] {dag.py:3954} INFO - Setting next_dagrun for example_short_circuit_decorator to 2026-06-11 00:00:00+00:00, run_after=2026-06-12 00:00:00+00:00
[2026-06-12T22:31:17.024+0000] {processor.py:183} INFO - Processing /home/airflow/.local/lib/python3.12/site-packages/airflow/example_dags/example_short_circuit_decorator.py took 0.293 seconds
[2026-06-12T22:31:47.311+0000] {processor.py:161} INFO - Started process (PID=2758) to work on /home/airflow/.local/lib/python3.12/site-packages/airflow/example_dags/example_short_circuit_decorator.py
[2026-06-12T22:31:47.321+0000] {processor.py:830} INFO - Processing file /home/airflow/.local/lib/python3.12/site-packages/airflow/example_dags/example_short_circuit_decorator.py for tasks to queue
[2026-06-12T22:31:47.323+0000] {logging_mixin.py:188} INFO - [2026-06-12T22:31:47.322+0000] {dagbag.py:545} INFO - Filling up the DagBag from /home/airflow/.local/lib/python3.12/site-packages/airflow/example_dags/example_short_circuit_decorator.py
[2026-06-12T22:31:47.370+0000] {processor.py:840} INFO - DAG(s) 'example_short_circuit_decorator' retrieved from /home/airflow/.local/lib/python3.12/site-packages/airflow/example_dags/example_short_circuit_decorator.py
[2026-06-12T22:31:47.407+0000] {logging_mixin.py:188} INFO - [2026-06-12T22:31:47.407+0000] {dag.py:3096} INFO - Sync 1 DAGs
[2026-06-12T22:31:47.437+0000] {logging_mixin.py:188} INFO - [2026-06-12T22:31:47.436+0000] {dag.py:3954} INFO - Setting next_dagrun for example_short_circuit_decorator to 2026-06-11 00:00:00+00:00, run_after=2026-06-12 00:00:00+00:00
[2026-06-12T22:31:47.476+0000] {processor.py:183} INFO - Processing /home/airflow/.local/lib/python3.12/site-packages/airflow/example_dags/example_short_circuit_decorator.py took 0.222 seconds
[2026-06-12T22:32:17.593+0000] {processor.py:161} INFO - Started process (PID=2819) to work on /home/airflow/.local/lib/python3.12/site-packages/airflow/example_dags/example_short_circuit_decorator.py
[2026-06-12T22:32:17.606+0000] {processor.py:830} INFO - Processing file /home/airflow/.local/lib/python3.12/site-packages/airflow/example_dags/example_short_circuit_decorator.py for tasks to queue
[2026-06-12T22:32:17.612+0000] {logging_mixin.py:188} INFO - [2026-06-12T22:32:17.612+0000] {dagbag.py:545} INFO - Filling up the DagBag from /home/airflow/.local/lib/python3.12/site-packages/airflow/example_dags/example_short_circuit_decorator.py
[2026-06-12T22:32:17.635+0000] {processor.py:840} INFO - DAG(s) 'example_short_circuit_decorator' retrieved from /home/airflow/.local/lib/python3.12/site-packages/airflow/example_dags/example_short_circuit_decorator.py
[2026-06-12T22:32:17.664+0000] {logging_mixin.py:188} INFO - [2026-06-12T22:32:17.664+0000] {dag.py:3096} INFO - Sync 1 DAGs
[2026-06-12T22:32:17.698+0000] {logging_mixin.py:188} INFO - [2026-06-12T22:32:17.698+0000] {dag.py:3954} INFO - Setting next_dagrun for example_short_circuit_decorator to 2026-06-11 00:00:00+00:00, run_after=2026-06-12 00:00:00+00:00
[2026-06-12T22:32:17.721+0000] {processor.py:183} INFO - Processing /home/airflow/.local/lib/python3.12/site-packages/airflow/example_dags/example_short_circuit_decorator.py took 0.153 seconds
[2026-06-12T22:32:47.946+0000] {processor.py:161} INFO - Started process (PID=2882) to work on /home/airflow/.local/lib/python3.12/site-packages/airflow/example_dags/example_short_circuit_decorator.py
[2026-06-12T22:32:47.947+0000] {processor.py:830} INFO - Processing file /home/airflow/.local/lib/python3.12/site-packages/airflow/example_dags/example_short_circuit_decorator.py for tasks to queue
[2026-06-12T22:32:47.949+0000] {logging_mixin.py:188} INFO - [2026-06-12T22:32:47.949+0000] {dagbag.py:545} INFO - Filling up the DagBag from /home/airflow/.local/lib/python3.12/site-packages/airflow/example_dags/example_short_circuit_decorator.py
[2026-06-12T22:32:47.962+0000] {processor.py:840} INFO - DAG(s) 'example_short_circuit_decorator' retrieved from /home/airflow/.local/lib/python3.12/site-packages/airflow/example_dags/example_short_circuit_decorator.py
[2026-06-12T22:32:47.993+0000] {logging_mixin.py:188} INFO - [2026-06-12T22:32:47.992+0000] {dag.py:3096} INFO - Sync 1 DAGs
[2026-06-12T22:32:48.024+0000] {logging_mixin.py:188} INFO - [2026-06-12T22:32:48.024+0000] {dag.py:3954} INFO - Setting next_dagrun for example_short_circuit_decorator to 2026-06-11 00:00:00+00:00, run_after=2026-06-12 00:00:00+00:00
[2026-06-12T22:32:48.053+0000] {processor.py:183} INFO - Processing /home/airflow/.local/lib/python3.12/site-packages/airflow/example_dags/example_short_circuit_decorator.py took 0.115 seconds
[2026-06-12T22:33:18.613+0000] {processor.py:161} INFO - Started process (PID=2944) to work on /home/airflow/.local/lib/python3.12/site-packages/airflow/example_dags/example_short_circuit_decorator.py
[2026-06-12T22:33:18.614+0000] {processor.py:830} INFO - Processing file /home/airflow/.local/lib/python3.12/site-packages/airflow/example_dags/example_short_circuit_decorator.py for tasks to queue
[2026-06-12T22:33:18.616+0000] {logging_mixin.py:188} INFO - [2026-06-12T22:33:18.615+0000] {dagbag.py:545} INFO - Filling up the DagBag from /home/airflow/.local/lib/python3.12/site-packages/airflow/example_dags/example_short_circuit_decorator.py
[2026-06-12T22:33:18.627+0000] {processor.py:840} INFO - DAG(s) 'example_short_circuit_decorator' retrieved from /home/airflow/.local/lib/python3.12/site-packages/airflow/example_dags/example_short_circuit_decorator.py
[2026-06-12T22:33:18.671+0000] {logging_mixin.py:188} INFO - [2026-06-12T22:33:18.670+0000] {dag.py:3096} INFO - Sync 1 DAGs
[2026-06-12T22:33:18.717+0000] {logging_mixin.py:188} INFO - [2026-06-12T22:33:18.717+0000] {dag.py:3954} INFO - Setting next_dagrun for example_short_circuit_decorator to 2026-06-11 00:00:00+00:00, run_after=2026-06-12 00:00:00+00:00
[2026-06-12T22:33:18.756+0000] {processor.py:183} INFO - Processing /home/airflow/.local/lib/python3.12/site-packages/airflow/example_dags/example_short_circuit_decorator.py took 0.151 seconds
[2026-06-12T22:33:49.517+0000] {processor.py:161} INFO - Started process (PID=3006) to work on /home/airflow/.local/lib/python3.12/site-packages/airflow/example_dags/example_short_circuit_decorator.py
[2026-06-12T22:33:49.519+0000] {processor.py:830} INFO - Processing file /home/airflow/.local/lib/python3.12/site-packages/airflow/example_dags/example_short_circuit_decorator.py for tasks to queue
[2026-06-12T22:33:49.523+0000] {logging_mixin.py:188} INFO - [2026-06-12T22:33:49.523+0000] {dagbag.py:545} INFO - Filling up the DagBag from /home/airflow/.local/lib/python3.12/site-packages/airflow/example_dags/example_short_circuit_decorator.py
[2026-06-12T22:33:49.547+0000] {processor.py:840} INFO - DAG(s) 'example_short_circuit_decorator' retrieved from /home/airflow/.local/lib/python3.12/site-packages/airflow/example_dags/example_short_circuit_decorator.py
[2026-06-12T22:33:49.635+0000] {logging_mixin.py:188} INFO - [2026-06-12T22:33:49.635+0000] {dag.py:3096} INFO - Sync 1 DAGs
[2026-06-12T22:33:49.715+0000] {logging_mixin.py:188} INFO - [2026-06-12T22:33:49.714+0000] {dag.py:3954} INFO - Setting next_dagrun for example_short_circuit_decorator to 2026-06-11 00:00:00+00:00, run_after=2026-06-12 00:00:00+00:00
[2026-06-12T22:33:49.789+0000] {processor.py:183} INFO - Processing /home/airflow/.local/lib/python3.12/site-packages/airflow/example_dags/example_short_circuit_decorator.py took 0.295 seconds
[2026-06-12T22:34:20.717+0000] {processor.py:161} INFO - Started process (PID=3068) to work on /home/airflow/.local/lib/python3.12/site-packages/airflow/example_dags/example_short_circuit_decorator.py
[2026-06-12T22:34:20.718+0000] {processor.py:830} INFO - Processing file /home/airflow/.local/lib/python3.12/site-packages/airflow/example_dags/example_short_circuit_decorator.py for tasks to queue
[2026-06-12T22:34:20.720+0000] {logging_mixin.py:188} INFO - [2026-06-12T22:34:20.719+0000] {dagbag.py:545} INFO - Filling up the DagBag from /home/airflow/.local/lib/python3.12/site-packages/airflow/example_dags/example_short_circuit_decorator.py
[2026-06-12T22:34:20.731+0000] {processor.py:840} INFO - DAG(s) 'example_short_circuit_decorator' retrieved from /home/airflow/.local/lib/python3.12/site-packages/airflow/example_dags/example_short_circuit_decorator.py
[2026-06-12T22:34:20.785+0000] {logging_mixin.py:188} INFO - [2026-06-12T22:34:20.784+0000] {dag.py:3096} INFO - Sync 1 DAGs
[2026-06-12T22:34:20.816+0000] {logging_mixin.py:188} INFO - [2026-06-12T22:34:20.815+0000] {dag.py:3954} INFO - Setting next_dagrun for example_short_circuit_decorator to 2026-06-11 00:00:00+00:00, run_after=2026-06-12 00:00:00+00:00
[2026-06-12T22:34:20.849+0000] {processor.py:183} INFO - Processing /home/airflow/.local/lib/python3.12/site-packages/airflow/example_dags/example_short_circuit_decorator.py took 0.144 seconds
[2026-06-12T22:34:51.075+0000] {processor.py:161} INFO - Started process (PID=3130) to work on /home/airflow/.local/lib/python3.12/site-packages/airflow/example_dags/example_short_circuit_decorator.py
[2026-06-12T22:34:51.076+0000] {processor.py:830} INFO - Processing file /home/airflow/.local/lib/python3.12/site-packages/airflow/example_dags/example_short_circuit_decorator.py for tasks to queue
[2026-06-12T22:34:51.078+0000] {logging_mixin.py:188} INFO - [2026-06-12T22:34:51.078+0000] {dagbag.py:545} INFO - Filling up the DagBag from /home/airflow/.local/lib/python3.12/site-packages/airflow/example_dags/example_short_circuit_decorator.py
[2026-06-12T22:34:51.094+0000] {processor.py:840} INFO - DAG(s) 'example_short_circuit_decorator' retrieved from /home/airflow/.local/lib/python3.12/site-packages/airflow/example_dags/example_short_circuit_decorator.py
[2026-06-12T22:34:51.122+0000] {logging_mixin.py:188} INFO - [2026-06-12T22:34:51.121+0000] {dag.py:3096} INFO - Sync 1 DAGs
[2026-06-12T22:34:51.152+0000] {logging_mixin.py:188} INFO - [2026-06-12T22:34:51.151+0000] {dag.py:3954} INFO - Setting next_dagrun for example_short_circuit_decorator to 2026-06-11 00:00:00+00:00, run_after=2026-06-12 00:00:00+00:00
[2026-06-12T22:34:51.171+0000] {processor.py:183} INFO - Processing /home/airflow/.local/lib/python3.12/site-packages/airflow/example_dags/example_short_circuit_decorator.py took 0.103 seconds
[2026-06-12T22:35:21.465+0000] {processor.py:161} INFO - Started process (PID=3192) to work on /home/airflow/.local/lib/python3.12/site-packages/airflow/example_dags/example_short_circuit_decorator.py
[2026-06-12T22:35:21.467+0000] {processor.py:830} INFO - Processing file /home/airflow/.local/lib/python3.12/site-packages/airflow/example_dags/example_short_circuit_decorator.py for tasks to queue
[2026-06-12T22:35:21.475+0000] {logging_mixin.py:188} INFO - [2026-06-12T22:35:21.475+0000] {dagbag.py:545} INFO - Filling up the DagBag from /home/airflow/.local/lib/python3.12/site-packages/airflow/example_dags/example_short_circuit_decorator.py
[2026-06-12T22:35:21.547+0000] {processor.py:840} INFO - DAG(s) 'example_short_circuit_decorator' retrieved from /home/airflow/.local/lib/python3.12/site-packages/airflow/example_dags/example_short_circuit_decorator.py
[2026-06-12T22:35:21.640+0000] {logging_mixin.py:188} INFO - [2026-06-12T22:35:21.635+0000] {dag.py:3096} INFO - Sync 1 DAGs
[2026-06-12T22:35:21.722+0000] {logging_mixin.py:188} INFO - [2026-06-12T22:35:21.721+0000] {dag.py:3954} INFO - Setting next_dagrun for example_short_circuit_decorator to 2026-06-11 00:00:00+00:00, run_after=2026-06-12 00:00:00+00:00
[2026-06-12T22:35:21.780+0000] {processor.py:183} INFO - Processing /home/airflow/.local/lib/python3.12/site-packages/airflow/example_dags/example_short_circuit_decorator.py took 0.350 seconds
[2026-06-12T22:35:52.154+0000] {processor.py:161} INFO - Started process (PID=3254) to work on /home/airflow/.local/lib/python3.12/site-packages/airflow/example_dags/example_short_circuit_decorator.py
[2026-06-12T22:35:52.155+0000] {processor.py:830} INFO - Processing file /home/airflow/.local/lib/python3.12/site-packages/airflow/example_dags/example_short_circuit_decorator.py for tasks to queue
[2026-06-12T22:35:52.157+0000] {logging_mixin.py:188} INFO - [2026-06-12T22:35:52.157+0000] {dagbag.py:545} INFO - Filling up the DagBag from /home/airflow/.local/lib/python3.12/site-packages/airflow/example_dags/example_short_circuit_decorator.py
[2026-06-12T22:35:52.169+0000] {processor.py:840} INFO - DAG(s) 'example_short_circuit_decorator' retrieved from /home/airflow/.local/lib/python3.12/site-packages/airflow/example_dags/example_short_circuit_decorator.py
[2026-06-12T22:35:52.199+0000] {logging_mixin.py:188} INFO - [2026-06-12T22:35:52.199+0000] {dag.py:3096} INFO - Sync 1 DAGs
[2026-06-12T22:35:52.232+0000] {logging_mixin.py:188} INFO - [2026-06-12T22:35:52.232+0000] {dag.py:3954} INFO - Setting next_dagrun for example_short_circuit_decorator to 2026-06-11 00:00:00+00:00, run_after=2026-06-12 00:00:00+00:00
[2026-06-12T22:35:52.258+0000] {processor.py:183} INFO - Processing /home/airflow/.local/lib/python3.12/site-packages/airflow/example_dags/example_short_circuit_decorator.py took 0.111 seconds
[2026-06-12T22:36:22.899+0000] {processor.py:161} INFO - Started process (PID=3317) to work on /home/airflow/.local/lib/python3.12/site-packages/airflow/example_dags/example_short_circuit_decorator.py
[2026-06-12T22:36:22.900+0000] {processor.py:830} INFO - Processing file /home/airflow/.local/lib/python3.12/site-packages/airflow/example_dags/example_short_circuit_decorator.py for tasks to queue
[2026-06-12T22:36:22.902+0000] {logging_mixin.py:188} INFO - [2026-06-12T22:36:22.902+0000] {dagbag.py:545} INFO - Filling up the DagBag from /home/airflow/.local/lib/python3.12/site-packages/airflow/example_dags/example_short_circuit_decorator.py
[2026-06-12T22:36:22.913+0000] {processor.py:840} INFO - DAG(s) 'example_short_circuit_decorator' retrieved from /home/airflow/.local/lib/python3.12/site-packages/airflow/example_dags/example_short_circuit_decorator.py
[2026-06-12T22:36:22.948+0000] {logging_mixin.py:188} INFO - [2026-06-12T22:36:22.947+0000] {dag.py:3096} INFO - Sync 1 DAGs
[2026-06-12T22:36:22.985+0000] {logging_mixin.py:188} INFO - [2026-06-12T22:36:22.985+0000] {dag.py:3954} INFO - Setting next_dagrun for example_short_circuit_decorator to 2026-06-11 00:00:00+00:00, run_after=2026-06-12 00:00:00+00:00
[2026-06-12T22:36:23.011+0000] {processor.py:183} INFO - Processing /home/airflow/.local/lib/python3.12/site-packages/airflow/example_dags/example_short_circuit_decorator.py took 0.118 seconds
[2026-06-12T22:36:53.164+0000] {processor.py:161} INFO - Started process (PID=3378) to work on /home/airflow/.local/lib/python3.12/site-packages/airflow/example_dags/example_short_circuit_decorator.py
[2026-06-12T22:36:53.165+0000] {processor.py:830} INFO - Processing file /home/airflow/.local/lib/python3.12/site-packages/airflow/example_dags/example_short_circuit_decorator.py for tasks to queue
[2026-06-12T22:36:53.166+0000] {logging_mixin.py:188} INFO - [2026-06-12T22:36:53.166+0000] {dagbag.py:545} INFO - Filling up the DagBag from /home/airflow/.local/lib/python3.12/site-packages/airflow/example_dags/example_short_circuit_decorator.py
[2026-06-12T22:36:53.174+0000] {processor.py:840} INFO - DAG(s) 'example_short_circuit_decorator' retrieved from /home/airflow/.local/lib/python3.12/site-packages/airflow/example_dags/example_short_circuit_decorator.py
[2026-06-12T22:36:53.195+0000] {logging_mixin.py:188} INFO - [2026-06-12T22:36:53.195+0000] {dag.py:3096} INFO - Sync 1 DAGs
[2026-06-12T22:36:53.217+0000] {logging_mixin.py:188} INFO - [2026-06-12T22:36:53.217+0000] {dag.py:3954} INFO - Setting next_dagrun for example_short_circuit_decorator to 2026-06-11 00:00:00+00:00, run_after=2026-06-12 00:00:00+00:00
[2026-06-12T22:36:53.235+0000] {processor.py:183} INFO - Processing /home/airflow/.local/lib/python3.12/site-packages/airflow/example_dags/example_short_circuit_decorator.py took 0.077 seconds
[2026-06-12T22:37:23.625+0000] {processor.py:161} INFO - Started process (PID=3441) to work on /home/airflow/.local/lib/python3.12/site-packages/airflow/example_dags/example_short_circuit_decorator.py
[2026-06-12T22:37:23.629+0000] {processor.py:830} INFO - Processing file /home/airflow/.local/lib/python3.12/site-packages/airflow/example_dags/example_short_circuit_decorator.py for tasks to queue
[2026-06-12T22:37:23.633+0000] {logging_mixin.py:188} INFO - [2026-06-12T22:37:23.633+0000] {dagbag.py:545} INFO - Filling up the DagBag from /home/airflow/.local/lib/python3.12/site-packages/airflow/example_dags/example_short_circuit_decorator.py
[2026-06-12T22:37:23.658+0000] {processor.py:840} INFO - DAG(s) 'example_short_circuit_decorator' retrieved from /home/airflow/.local/lib/python3.12/site-packages/airflow/example_dags/example_short_circuit_decorator.py
[2026-06-12T22:37:23.786+0000] {logging_mixin.py:188} INFO - [2026-06-12T22:37:23.785+0000] {dag.py:3096} INFO - Sync 1 DAGs
[2026-06-12T22:37:24.104+0000] {logging_mixin.py:188} INFO - [2026-06-12T22:37:24.104+0000] {dag.py:3954} INFO - Setting next_dagrun for example_short_circuit_decorator to 2026-06-11 00:00:00+00:00, run_after=2026-06-12 00:00:00+00:00
[2026-06-12T22:37:24.492+0000] {processor.py:183} INFO - Processing /home/airflow/.local/lib/python3.12/site-packages/airflow/example_dags/example_short_circuit_decorator.py took 0.896 seconds
[2026-06-12T22:37:55.369+0000] {processor.py:161} INFO - Started process (PID=3509) to work on /home/airflow/.local/lib/python3.12/site-packages/airflow/example_dags/example_short_circuit_decorator.py
[2026-06-12T22:37:55.370+0000] {processor.py:830} INFO - Processing file /home/airflow/.local/lib/python3.12/site-packages/airflow/example_dags/example_short_circuit_decorator.py for tasks to queue
[2026-06-12T22:37:55.373+0000] {logging_mixin.py:188} INFO - [2026-06-12T22:37:55.372+0000] {dagbag.py:545} INFO - Filling up the DagBag from /home/airflow/.local/lib/python3.12/site-packages/airflow/example_dags/example_short_circuit_decorator.py
[2026-06-12T22:37:55.385+0000] {processor.py:840} INFO - DAG(s) 'example_short_circuit_decorator' retrieved from /home/airflow/.local/lib/python3.12/site-packages/airflow/example_dags/example_short_circuit_decorator.py
[2026-06-12T22:37:55.420+0000] {logging_mixin.py:188} INFO - [2026-06-12T22:37:55.419+0000] {dag.py:3096} INFO - Sync 1 DAGs
[2026-06-12T22:37:55.449+0000] {logging_mixin.py:188} INFO - [2026-06-12T22:37:55.449+0000] {dag.py:3954} INFO - Setting next_dagrun for example_short_circuit_decorator to 2026-06-11 00:00:00+00:00, run_after=2026-06-12 00:00:00+00:00
[2026-06-12T22:37:55.522+0000] {processor.py:183} INFO - Processing /home/airflow/.local/lib/python3.12/site-packages/airflow/example_dags/example_short_circuit_decorator.py took 0.161 seconds
[2026-06-12T22:38:25.684+0000] {processor.py:161} INFO - Started process (PID=3571) to work on /home/airflow/.local/lib/python3.12/site-packages/airflow/example_dags/example_short_circuit_decorator.py
[2026-06-12T22:38:25.685+0000] {processor.py:830} INFO - Processing file /home/airflow/.local/lib/python3.12/site-packages/airflow/example_dags/example_short_circuit_decorator.py for tasks to queue
[2026-06-12T22:38:25.687+0000] {logging_mixin.py:188} INFO - [2026-06-12T22:38:25.686+0000] {dagbag.py:545} INFO - Filling up the DagBag from /home/airflow/.local/lib/python3.12/site-packages/airflow/example_dags/example_short_circuit_decorator.py
[2026-06-12T22:38:25.694+0000] {processor.py:840} INFO - DAG(s) 'example_short_circuit_decorator' retrieved from /home/airflow/.local/lib/python3.12/site-packages/airflow/example_dags/example_short_circuit_decorator.py
[2026-06-12T22:38:25.728+0000] {logging_mixin.py:188} INFO - [2026-06-12T22:38:25.728+0000] {dag.py:3096} INFO - Sync 1 DAGs
[2026-06-12T22:38:25.761+0000] {logging_mixin.py:188} INFO - [2026-06-12T22:38:25.761+0000] {dag.py:3954} INFO - Setting next_dagrun for example_short_circuit_decorator to 2026-06-11 00:00:00+00:00, run_after=2026-06-12 00:00:00+00:00
[2026-06-12T22:38:25.793+0000] {processor.py:183} INFO - Processing /home/airflow/.local/lib/python3.12/site-packages/airflow/example_dags/example_short_circuit_decorator.py took 0.114 seconds
[2026-06-12T22:38:56.399+0000] {processor.py:161} INFO - Started process (PID=3630) to work on /home/airflow/.local/lib/python3.12/site-packages/airflow/example_dags/example_short_circuit_decorator.py
[2026-06-12T22:38:56.410+0000] {processor.py:830} INFO - Processing file /home/airflow/.local/lib/python3.12/site-packages/airflow/example_dags/example_short_circuit_decorator.py for tasks to queue
[2026-06-12T22:38:56.426+0000] {logging_mixin.py:188} INFO - [2026-06-12T22:38:56.423+0000] {dagbag.py:545} INFO - Filling up the DagBag from /home/airflow/.local/lib/python3.12/site-packages/airflow/example_dags/example_short_circuit_decorator.py
[2026-06-12T22:38:56.526+0000] {processor.py:840} INFO - DAG(s) 'example_short_circuit_decorator' retrieved from /home/airflow/.local/lib/python3.12/site-packages/airflow/example_dags/example_short_circuit_decorator.py
[2026-06-12T22:38:56.714+0000] {logging_mixin.py:188} INFO - [2026-06-12T22:38:56.713+0000] {dag.py:3096} INFO - Sync 1 DAGs
[2026-06-12T22:38:56.818+0000] {logging_mixin.py:188} INFO - [2026-06-12T22:38:56.817+0000] {dag.py:3954} INFO - Setting next_dagrun for example_short_circuit_decorator to 2026-06-11 00:00:00+00:00, run_after=2026-06-12 00:00:00+00:00
[2026-06-12T22:38:56.897+0000] {processor.py:183} INFO - Processing /home/airflow/.local/lib/python3.12/site-packages/airflow/example_dags/example_short_circuit_decorator.py took 0.561 seconds
[2026-06-12T22:39:27.486+0000] {processor.py:161} INFO - Started process (PID=3692) to work on /home/airflow/.local/lib/python3.12/site-packages/airflow/example_dags/example_short_circuit_decorator.py
[2026-06-12T22:39:27.494+0000] {processor.py:830} INFO - Processing file /home/airflow/.local/lib/python3.12/site-packages/airflow/example_dags/example_short_circuit_decorator.py for tasks to queue
[2026-06-12T22:39:27.500+0000] {logging_mixin.py:188} INFO - [2026-06-12T22:39:27.499+0000] {dagbag.py:545} INFO - Filling up the DagBag from /home/airflow/.local/lib/python3.12/site-packages/airflow/example_dags/example_short_circuit_decorator.py
[2026-06-12T22:39:27.529+0000] {processor.py:840} INFO - DAG(s) 'example_short_circuit_decorator' retrieved from /home/airflow/.local/lib/python3.12/site-packages/airflow/example_dags/example_short_circuit_decorator.py
[2026-06-12T22:39:27.571+0000] {logging_mixin.py:188} INFO - [2026-06-12T22:39:27.571+0000] {dag.py:3096} INFO - Sync 1 DAGs
[2026-06-12T22:39:27.635+0000] {logging_mixin.py:188} INFO - [2026-06-12T22:39:27.634+0000] {dag.py:3954} INFO - Setting next_dagrun for example_short_circuit_decorator to 2026-06-11 00:00:00+00:00, run_after=2026-06-12 00:00:00+00:00
[2026-06-12T22:39:27.696+0000] {processor.py:183} INFO - Processing /home/airflow/.local/lib/python3.12/site-packages/airflow/example_dags/example_short_circuit_decorator.py took 0.247 seconds
[2026-06-12T22:39:57.807+0000] {processor.py:161} INFO - Started process (PID=3754) to work on /home/airflow/.local/lib/python3.12/site-packages/airflow/example_dags/example_short_circuit_decorator.py
[2026-06-12T22:39:57.808+0000] {processor.py:830} INFO - Processing file /home/airflow/.local/lib/python3.12/site-packages/airflow/example_dags/example_short_circuit_decorator.py for tasks to queue
[2026-06-12T22:39:57.809+0000] {logging_mixin.py:188} INFO - [2026-06-12T22:39:57.809+0000] {dagbag.py:545} INFO - Filling up the DagBag from /home/airflow/.local/lib/python3.12/site-packages/airflow/example_dags/example_short_circuit_decorator.py
[2026-06-12T22:39:57.819+0000] {processor.py:840} INFO - DAG(s) 'example_short_circuit_decorator' retrieved from /home/airflow/.local/lib/python3.12/site-packages/airflow/example_dags/example_short_circuit_decorator.py
[2026-06-12T22:39:57.844+0000] {logging_mixin.py:188} INFO - [2026-06-12T22:39:57.844+0000] {dag.py:3096} INFO - Sync 1 DAGs
[2026-06-12T22:39:57.873+0000] {logging_mixin.py:188} INFO - [2026-06-12T22:39:57.873+0000] {dag.py:3954} INFO - Setting next_dagrun for example_short_circuit_decorator to 2026-06-11 00:00:00+00:00, run_after=2026-06-12 00:00:00+00:00
[2026-06-12T22:39:57.898+0000] {processor.py:183} INFO - Processing /home/airflow/.local/lib/python3.12/site-packages/airflow/example_dags/example_short_circuit_decorator.py took 0.096 seconds
[2026-06-12T22:40:28.768+0000] {processor.py:161} INFO - Started process (PID=3816) to work on /home/airflow/.local/lib/python3.12/site-packages/airflow/example_dags/example_short_circuit_decorator.py
[2026-06-12T22:40:28.769+0000] {processor.py:830} INFO - Processing file /home/airflow/.local/lib/python3.12/site-packages/airflow/example_dags/example_short_circuit_decorator.py for tasks to queue
[2026-06-12T22:40:28.771+0000] {logging_mixin.py:188} INFO - [2026-06-12T22:40:28.771+0000] {dagbag.py:545} INFO - Filling up the DagBag from /home/airflow/.local/lib/python3.12/site-packages/airflow/example_dags/example_short_circuit_decorator.py
[2026-06-12T22:40:28.782+0000] {processor.py:840} INFO - DAG(s) 'example_short_circuit_decorator' retrieved from /home/airflow/.local/lib/python3.12/site-packages/airflow/example_dags/example_short_circuit_decorator.py
[2026-06-12T22:40:28.867+0000] {logging_mixin.py:188} INFO - [2026-06-12T22:40:28.867+0000] {dag.py:3096} INFO - Sync 1 DAGs
[2026-06-12T22:40:28.998+0000] {logging_mixin.py:188} INFO - [2026-06-12T22:40:28.998+0000] {dag.py:3954} INFO - Setting next_dagrun for example_short_circuit_decorator to 2026-06-11 00:00:00+00:00, run_after=2026-06-12 00:00:00+00:00
[2026-06-12T22:40:29.050+0000] {processor.py:183} INFO - Processing /home/airflow/.local/lib/python3.12/site-packages/airflow/example_dags/example_short_circuit_decorator.py took 0.289 seconds
[2026-06-12T22:40:59.684+0000] {processor.py:161} INFO - Started process (PID=3879) to work on /home/airflow/.local/lib/python3.12/site-packages/airflow/example_dags/example_short_circuit_decorator.py
[2026-06-12T22:40:59.686+0000] {processor.py:830} INFO - Processing file /home/airflow/.local/lib/python3.12/site-packages/airflow/example_dags/example_short_circuit_decorator.py for tasks to queue
[2026-06-12T22:40:59.692+0000] {logging_mixin.py:188} INFO - [2026-06-12T22:40:59.691+0000] {dagbag.py:545} INFO - Filling up the DagBag from /home/airflow/.local/lib/python3.12/site-packages/airflow/example_dags/example_short_circuit_decorator.py
[2026-06-12T22:40:59.719+0000] {processor.py:840} INFO - DAG(s) 'example_short_circuit_decorator' retrieved from /home/airflow/.local/lib/python3.12/site-packages/airflow/example_dags/example_short_circuit_decorator.py
[2026-06-12T22:40:59.804+0000] {logging_mixin.py:188} INFO - [2026-06-12T22:40:59.804+0000] {dag.py:3096} INFO - Sync 1 DAGs
[2026-06-12T22:40:59.867+0000] {logging_mixin.py:188} INFO - [2026-06-12T22:40:59.867+0000] {dag.py:3954} INFO - Setting next_dagrun for example_short_circuit_decorator to 2026-06-11 00:00:00+00:00, run_after=2026-06-12 00:00:00+00:00
[2026-06-12T22:40:59.910+0000] {processor.py:183} INFO - Processing /home/airflow/.local/lib/python3.12/site-packages/airflow/example_dags/example_short_circuit_decorator.py took 0.248 seconds
[2026-06-12T22:41:30.599+0000] {processor.py:161} INFO - Started process (PID=3942) to work on /home/airflow/.local/lib/python3.12/site-packages/airflow/example_dags/example_short_circuit_decorator.py
[2026-06-12T22:41:30.603+0000] {processor.py:830} INFO - Processing file /home/airflow/.local/lib/python3.12/site-packages/airflow/example_dags/example_short_circuit_decorator.py for tasks to queue
[2026-06-12T22:41:30.606+0000] {logging_mixin.py:188} INFO - [2026-06-12T22:41:30.606+0000] {dagbag.py:545} INFO - Filling up the DagBag from /home/airflow/.local/lib/python3.12/site-packages/airflow/example_dags/example_short_circuit_decorator.py
[2026-06-12T22:41:30.641+0000] {processor.py:840} INFO - DAG(s) 'example_short_circuit_decorator' retrieved from /home/airflow/.local/lib/python3.12/site-packages/airflow/example_dags/example_short_circuit_decorator.py
[2026-06-12T22:41:30.711+0000] {logging_mixin.py:188} INFO - [2026-06-12T22:41:30.711+0000] {dag.py:3096} INFO - Sync 1 DAGs
[2026-06-12T22:41:30.798+0000] {logging_mixin.py:188} INFO - [2026-06-12T22:41:30.797+0000] {dag.py:3954} INFO - Setting next_dagrun for example_short_circuit_decorator to 2026-06-11 00:00:00+00:00, run_after=2026-06-12 00:00:00+00:00
[2026-06-12T22:41:30.839+0000] {processor.py:183} INFO - Processing /home/airflow/.local/lib/python3.12/site-packages/airflow/example_dags/example_short_circuit_decorator.py took 0.255 seconds
[2026-06-12T22:42:01.384+0000] {processor.py:161} INFO - Started process (PID=4004) to work on /home/airflow/.local/lib/python3.12/site-packages/airflow/example_dags/example_short_circuit_decorator.py
[2026-06-12T22:42:01.386+0000] {processor.py:830} INFO - Processing file /home/airflow/.local/lib/python3.12/site-packages/airflow/example_dags/example_short_circuit_decorator.py for tasks to queue
[2026-06-12T22:42:01.388+0000] {logging_mixin.py:188} INFO - [2026-06-12T22:42:01.388+0000] {dagbag.py:545} INFO - Filling up the DagBag from /home/airflow/.local/lib/python3.12/site-packages/airflow/example_dags/example_short_circuit_decorator.py
[2026-06-12T22:42:01.401+0000] {processor.py:840} INFO - DAG(s) 'example_short_circuit_decorator' retrieved from /home/airflow/.local/lib/python3.12/site-packages/airflow/example_dags/example_short_circuit_decorator.py
[2026-06-12T22:42:01.438+0000] {logging_mixin.py:188} INFO - [2026-06-12T22:42:01.438+0000] {dag.py:3096} INFO - Sync 1 DAGs
[2026-06-12T22:42:01.474+0000] {logging_mixin.py:188} INFO - [2026-06-12T22:42:01.473+0000] {dag.py:3954} INFO - Setting next_dagrun for example_short_circuit_decorator to 2026-06-11 00:00:00+00:00, run_after=2026-06-12 00:00:00+00:00
[2026-06-12T22:42:01.513+0000] {processor.py:183} INFO - Processing /home/airflow/.local/lib/python3.12/site-packages/airflow/example_dags/example_short_circuit_decorator.py took 0.146 seconds
[2026-06-12T22:42:31.694+0000] {processor.py:161} INFO - Started process (PID=4066) to work on /home/airflow/.local/lib/python3.12/site-packages/airflow/example_dags/example_short_circuit_decorator.py
[2026-06-12T22:42:31.695+0000] {processor.py:830} INFO - Processing file /home/airflow/.local/lib/python3.12/site-packages/airflow/example_dags/example_short_circuit_decorator.py for tasks to queue
[2026-06-12T22:42:31.697+0000] {logging_mixin.py:188} INFO - [2026-06-12T22:42:31.696+0000] {dagbag.py:545} INFO - Filling up the DagBag from /home/airflow/.local/lib/python3.12/site-packages/airflow/example_dags/example_short_circuit_decorator.py
[2026-06-12T22:42:31.705+0000] {processor.py:840} INFO - DAG(s) 'example_short_circuit_decorator' retrieved from /home/airflow/.local/lib/python3.12/site-packages/airflow/example_dags/example_short_circuit_decorator.py
[2026-06-12T22:42:31.731+0000] {logging_mixin.py:188} INFO - [2026-06-12T22:42:31.731+0000] {dag.py:3096} INFO - Sync 1 DAGs
[2026-06-12T22:42:31.750+0000] {logging_mixin.py:188} INFO - [2026-06-12T22:42:31.750+0000] {dag.py:3954} INFO - Setting next_dagrun for example_short_circuit_decorator to 2026-06-11 00:00:00+00:00, run_after=2026-06-12 00:00:00+00:00
[2026-06-12T22:42:31.766+0000] {processor.py:183} INFO - Processing /home/airflow/.local/lib/python3.12/site-packages/airflow/example_dags/example_short_circuit_decorator.py took 0.077 seconds
[2026-06-12T22:43:01.799+0000] {processor.py:161} INFO - Started process (PID=4128) to work on /home/airflow/.local/lib/python3.12/site-packages/airflow/example_dags/example_short_circuit_decorator.py
[2026-06-12T22:43:01.800+0000] {processor.py:830} INFO - Processing file /home/airflow/.local/lib/python3.12/site-packages/airflow/example_dags/example_short_circuit_decorator.py for tasks to queue
[2026-06-12T22:43:01.802+0000] {logging_mixin.py:188} INFO - [2026-06-12T22:43:01.801+0000] {dagbag.py:545} INFO - Filling up the DagBag from /home/airflow/.local/lib/python3.12/site-packages/airflow/example_dags/example_short_circuit_decorator.py
[2026-06-12T22:43:01.810+0000] {processor.py:840} INFO - DAG(s) 'example_short_circuit_decorator' retrieved from /home/airflow/.local/lib/python3.12/site-packages/airflow/example_dags/example_short_circuit_decorator.py
[2026-06-12T22:43:01.838+0000] {logging_mixin.py:188} INFO - [2026-06-12T22:43:01.838+0000] {dag.py:3096} INFO - Sync 1 DAGs
[2026-06-12T22:43:01.859+0000] {logging_mixin.py:188} INFO - [2026-06-12T22:43:01.859+0000] {dag.py:3954} INFO - Setting next_dagrun for example_short_circuit_decorator to 2026-06-11 00:00:00+00:00, run_after=2026-06-12 00:00:00+00:00
[2026-06-12T22:43:01.878+0000] {processor.py:183} INFO - Processing /home/airflow/.local/lib/python3.12/site-packages/airflow/example_dags/example_short_circuit_decorator.py took 0.084 seconds
[2026-06-12T22:43:32.385+0000] {processor.py:161} INFO - Started process (PID=4190) to work on /home/airflow/.local/lib/python3.12/site-packages/airflow/example_dags/example_short_circuit_decorator.py
[2026-06-12T22:43:32.387+0000] {processor.py:830} INFO - Processing file /home/airflow/.local/lib/python3.12/site-packages/airflow/example_dags/example_short_circuit_decorator.py for tasks to queue
[2026-06-12T22:43:32.389+0000] {logging_mixin.py:188} INFO - [2026-06-12T22:43:32.388+0000] {dagbag.py:545} INFO - Filling up the DagBag from /home/airflow/.local/lib/python3.12/site-packages/airflow/example_dags/example_short_circuit_decorator.py
[2026-06-12T22:43:32.401+0000] {processor.py:840} INFO - DAG(s) 'example_short_circuit_decorator' retrieved from /home/airflow/.local/lib/python3.12/site-packages/airflow/example_dags/example_short_circuit_decorator.py
[2026-06-12T22:43:32.439+0000] {logging_mixin.py:188} INFO - [2026-06-12T22:43:32.439+0000] {dag.py:3096} INFO - Sync 1 DAGs
[2026-06-12T22:43:32.492+0000] {logging_mixin.py:188} INFO - [2026-06-12T22:43:32.492+0000] {dag.py:3954} INFO - Setting next_dagrun for example_short_circuit_decorator to 2026-06-11 00:00:00+00:00, run_after=2026-06-12 00:00:00+00:00
[2026-06-12T22:43:32.532+0000] {processor.py:183} INFO - Processing /home/airflow/.local/lib/python3.12/site-packages/airflow/example_dags/example_short_circuit_decorator.py took 0.154 seconds
[2026-06-12T22:44:02.837+0000] {processor.py:161} INFO - Started process (PID=4252) to work on /home/airflow/.local/lib/python3.12/site-packages/airflow/example_dags/example_short_circuit_decorator.py
[2026-06-12T22:44:02.838+0000] {processor.py:830} INFO - Processing file /home/airflow/.local/lib/python3.12/site-packages/airflow/example_dags/example_short_circuit_decorator.py for tasks to queue
[2026-06-12T22:44:02.840+0000] {logging_mixin.py:188} INFO - [2026-06-12T22:44:02.839+0000] {dagbag.py:545} INFO - Filling up the DagBag from /home/airflow/.local/lib/python3.12/site-packages/airflow/example_dags/example_short_circuit_decorator.py
[2026-06-12T22:44:02.851+0000] {processor.py:840} INFO - DAG(s) 'example_short_circuit_decorator' retrieved from /home/airflow/.local/lib/python3.12/site-packages/airflow/example_dags/example_short_circuit_decorator.py
[2026-06-12T22:44:02.883+0000] {logging_mixin.py:188} INFO - [2026-06-12T22:44:02.882+0000] {dag.py:3096} INFO - Sync 1 DAGs
[2026-06-12T22:44:02.916+0000] {logging_mixin.py:188} INFO - [2026-06-12T22:44:02.916+0000] {dag.py:3954} INFO - Setting next_dagrun for example_short_circuit_decorator to 2026-06-11 00:00:00+00:00, run_after=2026-06-12 00:00:00+00:00
[2026-06-12T22:44:02.943+0000] {processor.py:183} INFO - Processing /home/airflow/.local/lib/python3.12/site-packages/airflow/example_dags/example_short_circuit_decorator.py took 0.121 seconds
[2026-06-12T22:44:33.470+0000] {processor.py:161} INFO - Started process (PID=4313) to work on /home/airflow/.local/lib/python3.12/site-packages/airflow/example_dags/example_short_circuit_decorator.py
[2026-06-12T22:44:33.472+0000] {processor.py:830} INFO - Processing file /home/airflow/.local/lib/python3.12/site-packages/airflow/example_dags/example_short_circuit_decorator.py for tasks to queue
[2026-06-12T22:44:33.475+0000] {logging_mixin.py:188} INFO - [2026-06-12T22:44:33.474+0000] {dagbag.py:545} INFO - Filling up the DagBag from /home/airflow/.local/lib/python3.12/site-packages/airflow/example_dags/example_short_circuit_decorator.py
[2026-06-12T22:44:33.486+0000] {processor.py:840} INFO - DAG(s) 'example_short_circuit_decorator' retrieved from /home/airflow/.local/lib/python3.12/site-packages/airflow/example_dags/example_short_circuit_decorator.py
[2026-06-12T22:44:33.522+0000] {logging_mixin.py:188} INFO - [2026-06-12T22:44:33.522+0000] {dag.py:3096} INFO - Sync 1 DAGs
[2026-06-12T22:44:33.554+0000] {logging_mixin.py:188} INFO - [2026-06-12T22:44:33.554+0000] {dag.py:3954} INFO - Setting next_dagrun for example_short_circuit_decorator to 2026-06-11 00:00:00+00:00, run_after=2026-06-12 00:00:00+00:00
[2026-06-12T22:44:33.578+0000] {processor.py:183} INFO - Processing /home/airflow/.local/lib/python3.12/site-packages/airflow/example_dags/example_short_circuit_decorator.py took 0.134 seconds
[2026-06-12T22:45:03.673+0000] {processor.py:161} INFO - Started process (PID=4374) to work on /home/airflow/.local/lib/python3.12/site-packages/airflow/example_dags/example_short_circuit_decorator.py
[2026-06-12T22:45:03.674+0000] {processor.py:830} INFO - Processing file /home/airflow/.local/lib/python3.12/site-packages/airflow/example_dags/example_short_circuit_decorator.py for tasks to queue
[2026-06-12T22:45:03.675+0000] {logging_mixin.py:188} INFO - [2026-06-12T22:45:03.675+0000] {dagbag.py:545} INFO - Filling up the DagBag from /home/airflow/.local/lib/python3.12/site-packages/airflow/example_dags/example_short_circuit_decorator.py
[2026-06-12T22:45:03.683+0000] {processor.py:840} INFO - DAG(s) 'example_short_circuit_decorator' retrieved from /home/airflow/.local/lib/python3.12/site-packages/airflow/example_dags/example_short_circuit_decorator.py
[2026-06-12T22:45:03.704+0000] {logging_mixin.py:188} INFO - [2026-06-12T22:45:03.703+0000] {dag.py:3096} INFO - Sync 1 DAGs
[2026-06-12T22:45:03.727+0000] {logging_mixin.py:188} INFO - [2026-06-12T22:45:03.727+0000] {dag.py:3954} INFO - Setting next_dagrun for example_short_circuit_decorator to 2026-06-11 00:00:00+00:00, run_after=2026-06-12 00:00:00+00:00
[2026-06-12T22:45:03.744+0000] {processor.py:183} INFO - Processing /home/airflow/.local/lib/python3.12/site-packages/airflow/example_dags/example_short_circuit_decorator.py took 0.076 seconds
[2026-06-12T22:45:34.075+0000] {processor.py:161} INFO - Started process (PID=4436) to work on /home/airflow/.local/lib/python3.12/site-packages/airflow/example_dags/example_short_circuit_decorator.py
[2026-06-12T22:45:34.076+0000] {processor.py:830} INFO - Processing file /home/airflow/.local/lib/python3.12/site-packages/airflow/example_dags/example_short_circuit_decorator.py for tasks to queue
[2026-06-12T22:45:34.078+0000] {logging_mixin.py:188} INFO - [2026-06-12T22:45:34.078+0000] {dagbag.py:545} INFO - Filling up the DagBag from /home/airflow/.local/lib/python3.12/site-packages/airflow/example_dags/example_short_circuit_decorator.py
[2026-06-12T22:45:34.090+0000] {processor.py:840} INFO - DAG(s) 'example_short_circuit_decorator' retrieved from /home/airflow/.local/lib/python3.12/site-packages/airflow/example_dags/example_short_circuit_decorator.py
[2026-06-12T22:45:34.129+0000] {logging_mixin.py:188} INFO - [2026-06-12T22:45:34.129+0000] {dag.py:3096} INFO - Sync 1 DAGs
[2026-06-12T22:45:34.172+0000] {logging_mixin.py:188} INFO - [2026-06-12T22:45:34.172+0000] {dag.py:3954} INFO - Setting next_dagrun for example_short_circuit_decorator to 2026-06-11 00:00:00+00:00, run_after=2026-06-12 00:00:00+00:00
[2026-06-12T22:45:34.196+0000] {processor.py:183} INFO - Processing /home/airflow/.local/lib/python3.12/site-packages/airflow/example_dags/example_short_circuit_decorator.py took 0.127 seconds
[2026-06-12T22:46:04.945+0000] {processor.py:161} INFO - Started process (PID=4498) to work on /home/airflow/.local/lib/python3.12/site-packages/airflow/example_dags/example_short_circuit_decorator.py
[2026-06-12T22:46:04.946+0000] {processor.py:830} INFO - Processing file /home/airflow/.local/lib/python3.12/site-packages/airflow/example_dags/example_short_circuit_decorator.py for tasks to queue
[2026-06-12T22:46:04.949+0000] {logging_mixin.py:188} INFO - [2026-06-12T22:46:04.948+0000] {dagbag.py:545} INFO - Filling up the DagBag from /home/airflow/.local/lib/python3.12/site-packages/airflow/example_dags/example_short_circuit_decorator.py
[2026-06-12T22:46:04.961+0000] {processor.py:840} INFO - DAG(s) 'example_short_circuit_decorator' retrieved from /home/airflow/.local/lib/python3.12/site-packages/airflow/example_dags/example_short_circuit_decorator.py
[2026-06-12T22:46:04.992+0000] {logging_mixin.py:188} INFO - [2026-06-12T22:46:04.992+0000] {dag.py:3096} INFO - Sync 1 DAGs
[2026-06-12T22:46:05.021+0000] {logging_mixin.py:188} INFO - [2026-06-12T22:46:05.020+0000] {dag.py:3954} INFO - Setting next_dagrun for example_short_circuit_decorator to 2026-06-11 00:00:00+00:00, run_after=2026-06-12 00:00:00+00:00
[2026-06-12T22:46:05.048+0000] {processor.py:183} INFO - Processing /home/airflow/.local/lib/python3.12/site-packages/airflow/example_dags/example_short_circuit_decorator.py took 0.109 seconds
[2026-06-12T22:46:35.331+0000] {processor.py:161} INFO - Started process (PID=4560) to work on /home/airflow/.local/lib/python3.12/site-packages/airflow/example_dags/example_short_circuit_decorator.py
[2026-06-12T22:46:35.335+0000] {processor.py:830} INFO - Processing file /home/airflow/.local/lib/python3.12/site-packages/airflow/example_dags/example_short_circuit_decorator.py for tasks to queue
[2026-06-12T22:46:35.339+0000] {logging_mixin.py:188} INFO - [2026-06-12T22:46:35.336+0000] {dagbag.py:545} INFO - Filling up the DagBag from /home/airflow/.local/lib/python3.12/site-packages/airflow/example_dags/example_short_circuit_decorator.py
[2026-06-12T22:46:35.364+0000] {processor.py:840} INFO - DAG(s) 'example_short_circuit_decorator' retrieved from /home/airflow/.local/lib/python3.12/site-packages/airflow/example_dags/example_short_circuit_decorator.py
[2026-06-12T22:46:35.446+0000] {logging_mixin.py:188} INFO - [2026-06-12T22:46:35.445+0000] {dag.py:3096} INFO - Sync 1 DAGs
[2026-06-12T22:46:35.539+0000] {logging_mixin.py:188} INFO - [2026-06-12T22:46:35.538+0000] {dag.py:3954} INFO - Setting next_dagrun for example_short_circuit_decorator to 2026-06-11 00:00:00+00:00, run_after=2026-06-12 00:00:00+00:00
[2026-06-12T22:46:35.587+0000] {processor.py:183} INFO - Processing /home/airflow/.local/lib/python3.12/site-packages/airflow/example_dags/example_short_circuit_decorator.py took 0.273 seconds
[2026-06-12T22:47:05.962+0000] {processor.py:161} INFO - Started process (PID=4622) to work on /home/airflow/.local/lib/python3.12/site-packages/airflow/example_dags/example_short_circuit_decorator.py
[2026-06-12T22:47:05.963+0000] {processor.py:830} INFO - Processing file /home/airflow/.local/lib/python3.12/site-packages/airflow/example_dags/example_short_circuit_decorator.py for tasks to queue
[2026-06-12T22:47:05.965+0000] {logging_mixin.py:188} INFO - [2026-06-12T22:47:05.965+0000] {dagbag.py:545} INFO - Filling up the DagBag from /home/airflow/.local/lib/python3.12/site-packages/airflow/example_dags/example_short_circuit_decorator.py
[2026-06-12T22:47:05.977+0000] {processor.py:840} INFO - DAG(s) 'example_short_circuit_decorator' retrieved from /home/airflow/.local/lib/python3.12/site-packages/airflow/example_dags/example_short_circuit_decorator.py
[2026-06-12T22:47:06.007+0000] {logging_mixin.py:188} INFO - [2026-06-12T22:47:06.007+0000] {dag.py:3096} INFO - Sync 1 DAGs
[2026-06-12T22:47:06.038+0000] {logging_mixin.py:188} INFO - [2026-06-12T22:47:06.038+0000] {dag.py:3954} INFO - Setting next_dagrun for example_short_circuit_decorator to 2026-06-11 00:00:00+00:00, run_after=2026-06-12 00:00:00+00:00
[2026-06-12T22:47:06.061+0000] {processor.py:183} INFO - Processing /home/airflow/.local/lib/python3.12/site-packages/airflow/example_dags/example_short_circuit_decorator.py took 0.106 seconds
[2026-06-12T22:47:36.289+0000] {processor.py:161} INFO - Started process (PID=4684) to work on /home/airflow/.local/lib/python3.12/site-packages/airflow/example_dags/example_short_circuit_decorator.py
[2026-06-12T22:47:36.291+0000] {processor.py:830} INFO - Processing file /home/airflow/.local/lib/python3.12/site-packages/airflow/example_dags/example_short_circuit_decorator.py for tasks to queue
[2026-06-12T22:47:36.293+0000] {logging_mixin.py:188} INFO - [2026-06-12T22:47:36.292+0000] {dagbag.py:545} INFO - Filling up the DagBag from /home/airflow/.local/lib/python3.12/site-packages/airflow/example_dags/example_short_circuit_decorator.py
[2026-06-12T22:47:36.314+0000] {processor.py:840} INFO - DAG(s) 'example_short_circuit_decorator' retrieved from /home/airflow/.local/lib/python3.12/site-packages/airflow/example_dags/example_short_circuit_decorator.py
[2026-06-12T22:47:36.397+0000] {logging_mixin.py:188} INFO - [2026-06-12T22:47:36.397+0000] {dag.py:3096} INFO - Sync 1 DAGs
[2026-06-12T22:47:36.462+0000] {logging_mixin.py:188} INFO - [2026-06-12T22:47:36.461+0000] {dag.py:3954} INFO - Setting next_dagrun for example_short_circuit_decorator to 2026-06-11 00:00:00+00:00, run_after=2026-06-12 00:00:00+00:00
[2026-06-12T22:47:36.510+0000] {processor.py:183} INFO - Processing /home/airflow/.local/lib/python3.12/site-packages/airflow/example_dags/example_short_circuit_decorator.py took 0.237 seconds
[2026-06-12T22:48:06.948+0000] {processor.py:161} INFO - Started process (PID=4746) to work on /home/airflow/.local/lib/python3.12/site-packages/airflow/example_dags/example_short_circuit_decorator.py
[2026-06-12T22:48:06.950+0000] {processor.py:830} INFO - Processing file /home/airflow/.local/lib/python3.12/site-packages/airflow/example_dags/example_short_circuit_decorator.py for tasks to queue
[2026-06-12T22:48:06.952+0000] {logging_mixin.py:188} INFO - [2026-06-12T22:48:06.952+0000] {dagbag.py:545} INFO - Filling up the DagBag from /home/airflow/.local/lib/python3.12/site-packages/airflow/example_dags/example_short_circuit_decorator.py
[2026-06-12T22:48:06.964+0000] {processor.py:840} INFO - DAG(s) 'example_short_circuit_decorator' retrieved from /home/airflow/.local/lib/python3.12/site-packages/airflow/example_dags/example_short_circuit_decorator.py
[2026-06-12T22:48:07.000+0000] {logging_mixin.py:188} INFO - [2026-06-12T22:48:07.000+0000] {dag.py:3096} INFO - Sync 1 DAGs
[2026-06-12T22:48:07.029+0000] {logging_mixin.py:188} INFO - [2026-06-12T22:48:07.029+0000] {dag.py:3954} INFO - Setting next_dagrun for example_short_circuit_decorator to 2026-06-11 00:00:00+00:00, run_after=2026-06-12 00:00:00+00:00
[2026-06-12T22:48:07.050+0000] {processor.py:183} INFO - Processing /home/airflow/.local/lib/python3.12/site-packages/airflow/example_dags/example_short_circuit_decorator.py took 0.108 seconds
[2026-06-12T22:48:37.112+0000] {processor.py:161} INFO - Started process (PID=4808) to work on /home/airflow/.local/lib/python3.12/site-packages/airflow/example_dags/example_short_circuit_decorator.py
[2026-06-12T22:48:37.112+0000] {processor.py:830} INFO - Processing file /home/airflow/.local/lib/python3.12/site-packages/airflow/example_dags/example_short_circuit_decorator.py for tasks to queue
[2026-06-12T22:48:37.116+0000] {logging_mixin.py:188} INFO - [2026-06-12T22:48:37.116+0000] {dagbag.py:545} INFO - Filling up the DagBag from /home/airflow/.local/lib/python3.12/site-packages/airflow/example_dags/example_short_circuit_decorator.py
[2026-06-12T22:48:37.135+0000] {processor.py:840} INFO - DAG(s) 'example_short_circuit_decorator' retrieved from /home/airflow/.local/lib/python3.12/site-packages/airflow/example_dags/example_short_circuit_decorator.py
[2026-06-12T22:48:37.167+0000] {logging_mixin.py:188} INFO - [2026-06-12T22:48:37.167+0000] {dag.py:3096} INFO - Sync 1 DAGs
[2026-06-12T22:48:37.195+0000] {logging_mixin.py:188} INFO - [2026-06-12T22:48:37.195+0000] {dag.py:3954} INFO - Setting next_dagrun for example_short_circuit_decorator to 2026-06-11 00:00:00+00:00, run_after=2026-06-12 00:00:00+00:00
[2026-06-12T22:48:37.227+0000] {processor.py:183} INFO - Processing /home/airflow/.local/lib/python3.12/site-packages/airflow/example_dags/example_short_circuit_decorator.py took 0.122 seconds
[2026-06-12T22:49:07.828+0000] {processor.py:161} INFO - Started process (PID=4870) to work on /home/airflow/.local/lib/python3.12/site-packages/airflow/example_dags/example_short_circuit_decorator.py
[2026-06-12T22:49:07.831+0000] {processor.py:830} INFO - Processing file /home/airflow/.local/lib/python3.12/site-packages/airflow/example_dags/example_short_circuit_decorator.py for tasks to queue
[2026-06-12T22:49:07.832+0000] {logging_mixin.py:188} INFO - [2026-06-12T22:49:07.832+0000] {dagbag.py:545} INFO - Filling up the DagBag from /home/airflow/.local/lib/python3.12/site-packages/airflow/example_dags/example_short_circuit_decorator.py
[2026-06-12T22:49:07.859+0000] {processor.py:840} INFO - DAG(s) 'example_short_circuit_decorator' retrieved from /home/airflow/.local/lib/python3.12/site-packages/airflow/example_dags/example_short_circuit_decorator.py
[2026-06-12T22:49:07.928+0000] {logging_mixin.py:188} INFO - [2026-06-12T22:49:07.928+0000] {dag.py:3096} INFO - Sync 1 DAGs
[2026-06-12T22:49:07.964+0000] {logging_mixin.py:188} INFO - [2026-06-12T22:49:07.964+0000] {dag.py:3954} INFO - Setting next_dagrun for example_short_circuit_decorator to 2026-06-11 00:00:00+00:00, run_after=2026-06-12 00:00:00+00:00
[2026-06-12T22:49:07.995+0000] {processor.py:183} INFO - Processing /home/airflow/.local/lib/python3.12/site-packages/airflow/example_dags/example_short_circuit_decorator.py took 0.174 seconds
[2026-06-12T22:49:38.491+0000] {processor.py:161} INFO - Started process (PID=4931) to work on /home/airflow/.local/lib/python3.12/site-packages/airflow/example_dags/example_short_circuit_decorator.py
[2026-06-12T22:49:38.492+0000] {processor.py:830} INFO - Processing file /home/airflow/.local/lib/python3.12/site-packages/airflow/example_dags/example_short_circuit_decorator.py for tasks to queue
[2026-06-12T22:49:38.494+0000] {logging_mixin.py:188} INFO - [2026-06-12T22:49:38.493+0000] {dagbag.py:545} INFO - Filling up the DagBag from /home/airflow/.local/lib/python3.12/site-packages/airflow/example_dags/example_short_circuit_decorator.py
[2026-06-12T22:49:38.505+0000] {processor.py:840} INFO - DAG(s) 'example_short_circuit_decorator' retrieved from /home/airflow/.local/lib/python3.12/site-packages/airflow/example_dags/example_short_circuit_decorator.py
[2026-06-12T22:49:38.540+0000] {logging_mixin.py:188} INFO - [2026-06-12T22:49:38.537+0000] {dag.py:3096} INFO - Sync 1 DAGs
[2026-06-12T22:49:38.913+0000] {logging_mixin.py:188} INFO - [2026-06-12T22:49:38.913+0000] {dag.py:3954} INFO - Setting next_dagrun for example_short_circuit_decorator to 2026-06-11 00:00:00+00:00, run_after=2026-06-12 00:00:00+00:00
[2026-06-12T22:49:38.932+0000] {processor.py:183} INFO - Processing /home/airflow/.local/lib/python3.12/site-packages/airflow/example_dags/example_short_circuit_decorator.py took 0.448 seconds
[2026-06-12T22:50:09.014+0000] {processor.py:161} INFO - Started process (PID=4992) to work on /home/airflow/.local/lib/python3.12/site-packages/airflow/example_dags/example_short_circuit_decorator.py
[2026-06-12T22:50:09.015+0000] {processor.py:830} INFO - Processing file /home/airflow/.local/lib/python3.12/site-packages/airflow/example_dags/example_short_circuit_decorator.py for tasks to queue
[2026-06-12T22:50:09.017+0000] {logging_mixin.py:188} INFO - [2026-06-12T22:50:09.017+0000] {dagbag.py:545} INFO - Filling up the DagBag from /home/airflow/.local/lib/python3.12/site-packages/airflow/example_dags/example_short_circuit_decorator.py
[2026-06-12T22:50:09.028+0000] {processor.py:840} INFO - DAG(s) 'example_short_circuit_decorator' retrieved from /home/airflow/.local/lib/python3.12/site-packages/airflow/example_dags/example_short_circuit_decorator.py
[2026-06-12T22:50:09.058+0000] {logging_mixin.py:188} INFO - [2026-06-12T22:50:09.058+0000] {dag.py:3096} INFO - Sync 1 DAGs
[2026-06-12T22:50:09.336+0000] {logging_mixin.py:188} INFO - [2026-06-12T22:50:09.335+0000] {dag.py:3954} INFO - Setting next_dagrun for example_short_circuit_decorator to 2026-06-11 00:00:00+00:00, run_after=2026-06-12 00:00:00+00:00
[2026-06-12T22:50:09.355+0000] {processor.py:183} INFO - Processing /home/airflow/.local/lib/python3.12/site-packages/airflow/example_dags/example_short_circuit_decorator.py took 0.347 seconds
[2026-06-12T22:50:39.572+0000] {processor.py:161} INFO - Started process (PID=5052) to work on /home/airflow/.local/lib/python3.12/site-packages/airflow/example_dags/example_short_circuit_decorator.py
[2026-06-12T22:50:39.574+0000] {processor.py:830} INFO - Processing file /home/airflow/.local/lib/python3.12/site-packages/airflow/example_dags/example_short_circuit_decorator.py for tasks to queue
[2026-06-12T22:50:39.576+0000] {logging_mixin.py:188} INFO - [2026-06-12T22:50:39.576+0000] {dagbag.py:545} INFO - Filling up the DagBag from /home/airflow/.local/lib/python3.12/site-packages/airflow/example_dags/example_short_circuit_decorator.py
[2026-06-12T22:50:39.588+0000] {processor.py:840} INFO - DAG(s) 'example_short_circuit_decorator' retrieved from /home/airflow/.local/lib/python3.12/site-packages/airflow/example_dags/example_short_circuit_decorator.py
[2026-06-12T22:50:39.620+0000] {logging_mixin.py:188} INFO - [2026-06-12T22:50:39.620+0000] {dag.py:3096} INFO - Sync 1 DAGs
[2026-06-12T22:50:39.893+0000] {logging_mixin.py:188} INFO - [2026-06-12T22:50:39.893+0000] {dag.py:3954} INFO - Setting next_dagrun for example_short_circuit_decorator to 2026-06-11 00:00:00+00:00, run_after=2026-06-12 00:00:00+00:00
[2026-06-12T22:50:39.913+0000] {processor.py:183} INFO - Processing /home/airflow/.local/lib/python3.12/site-packages/airflow/example_dags/example_short_circuit_decorator.py took 0.348 seconds
[2026-06-12T22:51:10.183+0000] {processor.py:161} INFO - Started process (PID=5114) to work on /home/airflow/.local/lib/python3.12/site-packages/airflow/example_dags/example_short_circuit_decorator.py
[2026-06-12T22:51:10.184+0000] {processor.py:830} INFO - Processing file /home/airflow/.local/lib/python3.12/site-packages/airflow/example_dags/example_short_circuit_decorator.py for tasks to queue
[2026-06-12T22:51:10.186+0000] {logging_mixin.py:188} INFO - [2026-06-12T22:51:10.185+0000] {dagbag.py:545} INFO - Filling up the DagBag from /home/airflow/.local/lib/python3.12/site-packages/airflow/example_dags/example_short_circuit_decorator.py
[2026-06-12T22:51:10.201+0000] {processor.py:840} INFO - DAG(s) 'example_short_circuit_decorator' retrieved from /home/airflow/.local/lib/python3.12/site-packages/airflow/example_dags/example_short_circuit_decorator.py
[2026-06-12T22:51:10.227+0000] {logging_mixin.py:188} INFO - [2026-06-12T22:51:10.226+0000] {dag.py:3096} INFO - Sync 1 DAGs
[2026-06-12T22:51:10.251+0000] {logging_mixin.py:188} INFO - [2026-06-12T22:51:10.251+0000] {dag.py:3954} INFO - Setting next_dagrun for example_short_circuit_decorator to 2026-06-11 00:00:00+00:00, run_after=2026-06-12 00:00:00+00:00
[2026-06-12T22:51:10.269+0000] {processor.py:183} INFO - Processing /home/airflow/.local/lib/python3.12/site-packages/airflow/example_dags/example_short_circuit_decorator.py took 0.094 seconds
[2026-06-12T22:51:40.717+0000] {processor.py:161} INFO - Started process (PID=5175) to work on /home/airflow/.local/lib/python3.12/site-packages/airflow/example_dags/example_short_circuit_decorator.py
[2026-06-12T22:51:40.720+0000] {processor.py:830} INFO - Processing file /home/airflow/.local/lib/python3.12/site-packages/airflow/example_dags/example_short_circuit_decorator.py for tasks to queue
[2026-06-12T22:51:40.722+0000] {logging_mixin.py:188} INFO - [2026-06-12T22:51:40.721+0000] {dagbag.py:545} INFO - Filling up the DagBag from /home/airflow/.local/lib/python3.12/site-packages/airflow/example_dags/example_short_circuit_decorator.py
[2026-06-12T22:51:40.733+0000] {processor.py:840} INFO - DAG(s) 'example_short_circuit_decorator' retrieved from /home/airflow/.local/lib/python3.12/site-packages/airflow/example_dags/example_short_circuit_decorator.py
[2026-06-12T22:51:40.770+0000] {logging_mixin.py:188} INFO - [2026-06-12T22:51:40.770+0000] {dag.py:3096} INFO - Sync 1 DAGs
[2026-06-12T22:51:40.866+0000] {logging_mixin.py:188} INFO - [2026-06-12T22:51:40.864+0000] {dag.py:3954} INFO - Setting next_dagrun for example_short_circuit_decorator to 2026-06-11 00:00:00+00:00, run_after=2026-06-12 00:00:00+00:00
[2026-06-12T22:51:40.970+0000] {processor.py:183} INFO - Processing /home/airflow/.local/lib/python3.12/site-packages/airflow/example_dags/example_short_circuit_decorator.py took 0.262 seconds
[2026-06-12T22:52:11.088+0000] {processor.py:161} INFO - Started process (PID=5237) to work on /home/airflow/.local/lib/python3.12/site-packages/airflow/example_dags/example_short_circuit_decorator.py
[2026-06-12T22:52:11.089+0000] {processor.py:830} INFO - Processing file /home/airflow/.local/lib/python3.12/site-packages/airflow/example_dags/example_short_circuit_decorator.py for tasks to queue
[2026-06-12T22:52:11.091+0000] {logging_mixin.py:188} INFO - [2026-06-12T22:52:11.091+0000] {dagbag.py:545} INFO - Filling up the DagBag from /home/airflow/.local/lib/python3.12/site-packages/airflow/example_dags/example_short_circuit_decorator.py
[2026-06-12T22:52:11.103+0000] {processor.py:840} INFO - DAG(s) 'example_short_circuit_decorator' retrieved from /home/airflow/.local/lib/python3.12/site-packages/airflow/example_dags/example_short_circuit_decorator.py
[2026-06-12T22:52:11.135+0000] {logging_mixin.py:188} INFO - [2026-06-12T22:52:11.135+0000] {dag.py:3096} INFO - Sync 1 DAGs
[2026-06-12T22:52:11.179+0000] {logging_mixin.py:188} INFO - [2026-06-12T22:52:11.179+0000] {dag.py:3954} INFO - Setting next_dagrun for example_short_circuit_decorator to 2026-06-11 00:00:00+00:00, run_after=2026-06-12 00:00:00+00:00
[2026-06-12T22:52:11.201+0000] {processor.py:183} INFO - Processing /home/airflow/.local/lib/python3.12/site-packages/airflow/example_dags/example_short_circuit_decorator.py took 0.120 seconds
[2026-06-12T22:52:41.276+0000] {processor.py:161} INFO - Started process (PID=5299) to work on /home/airflow/.local/lib/python3.12/site-packages/airflow/example_dags/example_short_circuit_decorator.py
[2026-06-12T22:52:41.277+0000] {processor.py:830} INFO - Processing file /home/airflow/.local/lib/python3.12/site-packages/airflow/example_dags/example_short_circuit_decorator.py for tasks to queue
[2026-06-12T22:52:41.279+0000] {logging_mixin.py:188} INFO - [2026-06-12T22:52:41.278+0000] {dagbag.py:545} INFO - Filling up the DagBag from /home/airflow/.local/lib/python3.12/site-packages/airflow/example_dags/example_short_circuit_decorator.py
[2026-06-12T22:52:41.286+0000] {processor.py:840} INFO - DAG(s) 'example_short_circuit_decorator' retrieved from /home/airflow/.local/lib/python3.12/site-packages/airflow/example_dags/example_short_circuit_decorator.py
[2026-06-12T22:52:41.306+0000] {logging_mixin.py:188} INFO - [2026-06-12T22:52:41.305+0000] {dag.py:3096} INFO - Sync 1 DAGs
[2026-06-12T22:52:41.330+0000] {logging_mixin.py:188} INFO - [2026-06-12T22:52:41.329+0000] {dag.py:3954} INFO - Setting next_dagrun for example_short_circuit_decorator to 2026-06-11 00:00:00+00:00, run_after=2026-06-12 00:00:00+00:00
[2026-06-12T22:52:41.345+0000] {processor.py:183} INFO - Processing /home/airflow/.local/lib/python3.12/site-packages/airflow/example_dags/example_short_circuit_decorator.py took 0.073 seconds
[2026-06-12T22:53:11.642+0000] {processor.py:161} INFO - Started process (PID=5361) to work on /home/airflow/.local/lib/python3.12/site-packages/airflow/example_dags/example_short_circuit_decorator.py
[2026-06-12T22:53:11.643+0000] {processor.py:830} INFO - Processing file /home/airflow/.local/lib/python3.12/site-packages/airflow/example_dags/example_short_circuit_decorator.py for tasks to queue
[2026-06-12T22:53:11.646+0000] {logging_mixin.py:188} INFO - [2026-06-12T22:53:11.645+0000] {dagbag.py:545} INFO - Filling up the DagBag from /home/airflow/.local/lib/python3.12/site-packages/airflow/example_dags/example_short_circuit_decorator.py
[2026-06-12T22:53:11.657+0000] {processor.py:840} INFO - DAG(s) 'example_short_circuit_decorator' retrieved from /home/airflow/.local/lib/python3.12/site-packages/airflow/example_dags/example_short_circuit_decorator.py
[2026-06-12T22:53:11.689+0000] {logging_mixin.py:188} INFO - [2026-06-12T22:53:11.689+0000] {dag.py:3096} INFO - Sync 1 DAGs
[2026-06-12T22:53:11.726+0000] {logging_mixin.py:188} INFO - [2026-06-12T22:53:11.726+0000] {dag.py:3954} INFO - Setting next_dagrun for example_short_circuit_decorator to 2026-06-11 00:00:00+00:00, run_after=2026-06-12 00:00:00+00:00
[2026-06-12T22:53:11.746+0000] {processor.py:183} INFO - Processing /home/airflow/.local/lib/python3.12/site-packages/airflow/example_dags/example_short_circuit_decorator.py took 0.116 seconds
[2026-06-12T22:53:42.078+0000] {processor.py:161} INFO - Started process (PID=5424) to work on /home/airflow/.local/lib/python3.12/site-packages/airflow/example_dags/example_short_circuit_decorator.py
[2026-06-12T22:53:42.079+0000] {processor.py:830} INFO - Processing file /home/airflow/.local/lib/python3.12/site-packages/airflow/example_dags/example_short_circuit_decorator.py for tasks to queue
[2026-06-12T22:53:42.080+0000] {logging_mixin.py:188} INFO - [2026-06-12T22:53:42.080+0000] {dagbag.py:545} INFO - Filling up the DagBag from /home/airflow/.local/lib/python3.12/site-packages/airflow/example_dags/example_short_circuit_decorator.py
[2026-06-12T22:53:42.088+0000] {processor.py:840} INFO - DAG(s) 'example_short_circuit_decorator' retrieved from /home/airflow/.local/lib/python3.12/site-packages/airflow/example_dags/example_short_circuit_decorator.py
[2026-06-12T22:53:42.107+0000] {logging_mixin.py:188} INFO - [2026-06-12T22:53:42.107+0000] {dag.py:3096} INFO - Sync 1 DAGs
[2026-06-12T22:53:42.130+0000] {logging_mixin.py:188} INFO - [2026-06-12T22:53:42.130+0000] {dag.py:3954} INFO - Setting next_dagrun for example_short_circuit_decorator to 2026-06-11 00:00:00+00:00, run_after=2026-06-12 00:00:00+00:00
[2026-06-12T22:53:42.150+0000] {processor.py:183} INFO - Processing /home/airflow/.local/lib/python3.12/site-packages/airflow/example_dags/example_short_circuit_decorator.py took 0.077 seconds
[2026-06-12T22:54:12.684+0000] {processor.py:161} INFO - Started process (PID=5486) to work on /home/airflow/.local/lib/python3.12/site-packages/airflow/example_dags/example_short_circuit_decorator.py
[2026-06-12T22:54:12.685+0000] {processor.py:830} INFO - Processing file /home/airflow/.local/lib/python3.12/site-packages/airflow/example_dags/example_short_circuit_decorator.py for tasks to queue
[2026-06-12T22:54:12.686+0000] {logging_mixin.py:188} INFO - [2026-06-12T22:54:12.686+0000] {dagbag.py:545} INFO - Filling up the DagBag from /home/airflow/.local/lib/python3.12/site-packages/airflow/example_dags/example_short_circuit_decorator.py
[2026-06-12T22:54:12.694+0000] {processor.py:840} INFO - DAG(s) 'example_short_circuit_decorator' retrieved from /home/airflow/.local/lib/python3.12/site-packages/airflow/example_dags/example_short_circuit_decorator.py
[2026-06-12T22:54:12.715+0000] {logging_mixin.py:188} INFO - [2026-06-12T22:54:12.715+0000] {dag.py:3096} INFO - Sync 1 DAGs
[2026-06-12T22:54:12.738+0000] {logging_mixin.py:188} INFO - [2026-06-12T22:54:12.738+0000] {dag.py:3954} INFO - Setting next_dagrun for example_short_circuit_decorator to 2026-06-11 00:00:00+00:00, run_after=2026-06-12 00:00:00+00:00
[2026-06-12T22:54:12.753+0000] {processor.py:183} INFO - Processing /home/airflow/.local/lib/python3.12/site-packages/airflow/example_dags/example_short_circuit_decorator.py took 0.074 seconds
[2026-06-12T22:54:43.163+0000] {processor.py:161} INFO - Started process (PID=5548) to work on /home/airflow/.local/lib/python3.12/site-packages/airflow/example_dags/example_short_circuit_decorator.py
[2026-06-12T22:54:43.164+0000] {processor.py:830} INFO - Processing file /home/airflow/.local/lib/python3.12/site-packages/airflow/example_dags/example_short_circuit_decorator.py for tasks to queue
[2026-06-12T22:54:43.166+0000] {logging_mixin.py:188} INFO - [2026-06-12T22:54:43.165+0000] {dagbag.py:545} INFO - Filling up the DagBag from /home/airflow/.local/lib/python3.12/site-packages/airflow/example_dags/example_short_circuit_decorator.py
[2026-06-12T22:54:43.176+0000] {processor.py:840} INFO - DAG(s) 'example_short_circuit_decorator' retrieved from /home/airflow/.local/lib/python3.12/site-packages/airflow/example_dags/example_short_circuit_decorator.py
[2026-06-12T22:54:43.197+0000] {logging_mixin.py:188} INFO - [2026-06-12T22:54:43.196+0000] {dag.py:3096} INFO - Sync 1 DAGs
[2026-06-12T22:54:43.219+0000] {logging_mixin.py:188} INFO - [2026-06-12T22:54:43.218+0000] {dag.py:3954} INFO - Setting next_dagrun for example_short_circuit_decorator to 2026-06-11 00:00:00+00:00, run_after=2026-06-12 00:00:00+00:00
[2026-06-12T22:54:43.238+0000] {processor.py:183} INFO - Processing /home/airflow/.local/lib/python3.12/site-packages/airflow/example_dags/example_short_circuit_decorator.py took 0.081 seconds
[2026-06-12T22:55:13.704+0000] {processor.py:161} INFO - Started process (PID=5610) to work on /home/airflow/.local/lib/python3.12/site-packages/airflow/example_dags/example_short_circuit_decorator.py
[2026-06-12T22:55:13.705+0000] {processor.py:830} INFO - Processing file /home/airflow/.local/lib/python3.12/site-packages/airflow/example_dags/example_short_circuit_decorator.py for tasks to queue
[2026-06-12T22:55:13.706+0000] {logging_mixin.py:188} INFO - [2026-06-12T22:55:13.706+0000] {dagbag.py:545} INFO - Filling up the DagBag from /home/airflow/.local/lib/python3.12/site-packages/airflow/example_dags/example_short_circuit_decorator.py
[2026-06-12T22:55:13.716+0000] {processor.py:840} INFO - DAG(s) 'example_short_circuit_decorator' retrieved from /home/airflow/.local/lib/python3.12/site-packages/airflow/example_dags/example_short_circuit_decorator.py
[2026-06-12T22:55:13.742+0000] {logging_mixin.py:188} INFO - [2026-06-12T22:55:13.742+0000] {dag.py:3096} INFO - Sync 1 DAGs
[2026-06-12T22:55:13.763+0000] {logging_mixin.py:188} INFO - [2026-06-12T22:55:13.763+0000] {dag.py:3954} INFO - Setting next_dagrun for example_short_circuit_decorator to 2026-06-11 00:00:00+00:00, run_after=2026-06-12 00:00:00+00:00
[2026-06-12T22:55:13.791+0000] {processor.py:183} INFO - Processing /home/airflow/.local/lib/python3.12/site-packages/airflow/example_dags/example_short_circuit_decorator.py took 0.092 seconds
[2026-06-12T22:55:44.218+0000] {processor.py:161} INFO - Started process (PID=5672) to work on /home/airflow/.local/lib/python3.12/site-packages/airflow/example_dags/example_short_circuit_decorator.py
[2026-06-12T22:55:44.219+0000] {processor.py:830} INFO - Processing file /home/airflow/.local/lib/python3.12/site-packages/airflow/example_dags/example_short_circuit_decorator.py for tasks to queue
[2026-06-12T22:55:44.221+0000] {logging_mixin.py:188} INFO - [2026-06-12T22:55:44.220+0000] {dagbag.py:545} INFO - Filling up the DagBag from /home/airflow/.local/lib/python3.12/site-packages/airflow/example_dags/example_short_circuit_decorator.py
[2026-06-12T22:55:44.231+0000] {processor.py:840} INFO - DAG(s) 'example_short_circuit_decorator' retrieved from /home/airflow/.local/lib/python3.12/site-packages/airflow/example_dags/example_short_circuit_decorator.py
[2026-06-12T22:55:44.256+0000] {logging_mixin.py:188} INFO - [2026-06-12T22:55:44.255+0000] {dag.py:3096} INFO - Sync 1 DAGs
[2026-06-12T22:55:44.278+0000] {logging_mixin.py:188} INFO - [2026-06-12T22:55:44.278+0000] {dag.py:3954} INFO - Setting next_dagrun for example_short_circuit_decorator to 2026-06-11 00:00:00+00:00, run_after=2026-06-12 00:00:00+00:00
[2026-06-12T22:55:44.294+0000] {processor.py:183} INFO - Processing /home/airflow/.local/lib/python3.12/site-packages/airflow/example_dags/example_short_circuit_decorator.py took 0.083 seconds
[2026-06-12T22:56:14.462+0000] {processor.py:161} INFO - Started process (PID=5734) to work on /home/airflow/.local/lib/python3.12/site-packages/airflow/example_dags/example_short_circuit_decorator.py
[2026-06-12T22:56:14.467+0000] {processor.py:830} INFO - Processing file /home/airflow/.local/lib/python3.12/site-packages/airflow/example_dags/example_short_circuit_decorator.py for tasks to queue
[2026-06-12T22:56:14.469+0000] {logging_mixin.py:188} INFO - [2026-06-12T22:56:14.468+0000] {dagbag.py:545} INFO - Filling up the DagBag from /home/airflow/.local/lib/python3.12/site-packages/airflow/example_dags/example_short_circuit_decorator.py
[2026-06-12T22:56:14.488+0000] {processor.py:840} INFO - DAG(s) 'example_short_circuit_decorator' retrieved from /home/airflow/.local/lib/python3.12/site-packages/airflow/example_dags/example_short_circuit_decorator.py
[2026-06-12T22:56:14.530+0000] {logging_mixin.py:188} INFO - [2026-06-12T22:56:14.530+0000] {dag.py:3096} INFO - Sync 1 DAGs
[2026-06-12T22:56:14.573+0000] {logging_mixin.py:188} INFO - [2026-06-12T22:56:14.573+0000] {dag.py:3954} INFO - Setting next_dagrun for example_short_circuit_decorator to 2026-06-11 00:00:00+00:00, run_after=2026-06-12 00:00:00+00:00
[2026-06-12T22:56:14.594+0000] {processor.py:183} INFO - Processing /home/airflow/.local/lib/python3.12/site-packages/airflow/example_dags/example_short_circuit_decorator.py took 0.142 seconds
[2026-06-12T22:56:44.790+0000] {processor.py:161} INFO - Started process (PID=5795) to work on /home/airflow/.local/lib/python3.12/site-packages/airflow/example_dags/example_short_circuit_decorator.py
[2026-06-12T22:56:44.792+0000] {processor.py:830} INFO - Processing file /home/airflow/.local/lib/python3.12/site-packages/airflow/example_dags/example_short_circuit_decorator.py for tasks to queue
[2026-06-12T22:56:44.794+0000] {logging_mixin.py:188} INFO - [2026-06-12T22:56:44.794+0000] {dagbag.py:545} INFO - Filling up the DagBag from /home/airflow/.local/lib/python3.12/site-packages/airflow/example_dags/example_short_circuit_decorator.py
[2026-06-12T22:56:44.814+0000] {processor.py:840} INFO - DAG(s) 'example_short_circuit_decorator' retrieved from /home/airflow/.local/lib/python3.12/site-packages/airflow/example_dags/example_short_circuit_decorator.py
[2026-06-12T22:56:44.849+0000] {logging_mixin.py:188} INFO - [2026-06-12T22:56:44.849+0000] {dag.py:3096} INFO - Sync 1 DAGs
[2026-06-12T22:56:44.881+0000] {logging_mixin.py:188} INFO - [2026-06-12T22:56:44.880+0000] {dag.py:3954} INFO - Setting next_dagrun for example_short_circuit_decorator to 2026-06-11 00:00:00+00:00, run_after=2026-06-12 00:00:00+00:00
[2026-06-12T22:56:44.910+0000] {processor.py:183} INFO - Processing /home/airflow/.local/lib/python3.12/site-packages/airflow/example_dags/example_short_circuit_decorator.py took 0.145 seconds
[2026-06-12T22:57:14.980+0000] {processor.py:161} INFO - Started process (PID=5857) to work on /home/airflow/.local/lib/python3.12/site-packages/airflow/example_dags/example_short_circuit_decorator.py
[2026-06-12T22:57:14.981+0000] {processor.py:830} INFO - Processing file /home/airflow/.local/lib/python3.12/site-packages/airflow/example_dags/example_short_circuit_decorator.py for tasks to queue
[2026-06-12T22:57:14.983+0000] {logging_mixin.py:188} INFO - [2026-06-12T22:57:14.982+0000] {dagbag.py:545} INFO - Filling up the DagBag from /home/airflow/.local/lib/python3.12/site-packages/airflow/example_dags/example_short_circuit_decorator.py
[2026-06-12T22:57:14.990+0000] {processor.py:840} INFO - DAG(s) 'example_short_circuit_decorator' retrieved from /home/airflow/.local/lib/python3.12/site-packages/airflow/example_dags/example_short_circuit_decorator.py
[2026-06-12T22:57:15.026+0000] {logging_mixin.py:188} INFO - [2026-06-12T22:57:15.026+0000] {dag.py:3096} INFO - Sync 1 DAGs
[2026-06-12T22:57:15.051+0000] {logging_mixin.py:188} INFO - [2026-06-12T22:57:15.050+0000] {dag.py:3954} INFO - Setting next_dagrun for example_short_circuit_decorator to 2026-06-11 00:00:00+00:00, run_after=2026-06-12 00:00:00+00:00
[2026-06-12T22:57:15.067+0000] {processor.py:183} INFO - Processing /home/airflow/.local/lib/python3.12/site-packages/airflow/example_dags/example_short_circuit_decorator.py took 0.092 seconds
[2026-06-12T22:57:45.453+0000] {processor.py:161} INFO - Started process (PID=5919) to work on /home/airflow/.local/lib/python3.12/site-packages/airflow/example_dags/example_short_circuit_decorator.py
[2026-06-12T22:57:45.455+0000] {processor.py:830} INFO - Processing file /home/airflow/.local/lib/python3.12/site-packages/airflow/example_dags/example_short_circuit_decorator.py for tasks to queue
[2026-06-12T22:57:45.457+0000] {logging_mixin.py:188} INFO - [2026-06-12T22:57:45.456+0000] {dagbag.py:545} INFO - Filling up the DagBag from /home/airflow/.local/lib/python3.12/site-packages/airflow/example_dags/example_short_circuit_decorator.py
[2026-06-12T22:57:45.470+0000] {processor.py:840} INFO - DAG(s) 'example_short_circuit_decorator' retrieved from /home/airflow/.local/lib/python3.12/site-packages/airflow/example_dags/example_short_circuit_decorator.py
[2026-06-12T22:57:45.501+0000] {logging_mixin.py:188} INFO - [2026-06-12T22:57:45.501+0000] {dag.py:3096} INFO - Sync 1 DAGs
[2026-06-12T22:57:45.529+0000] {logging_mixin.py:188} INFO - [2026-06-12T22:57:45.528+0000] {dag.py:3954} INFO - Setting next_dagrun for example_short_circuit_decorator to 2026-06-11 00:00:00+00:00, run_after=2026-06-12 00:00:00+00:00
[2026-06-12T22:57:45.553+0000] {processor.py:183} INFO - Processing /home/airflow/.local/lib/python3.12/site-packages/airflow/example_dags/example_short_circuit_decorator.py took 0.107 seconds
[2026-06-12T22:58:15.605+0000] {processor.py:161} INFO - Started process (PID=5981) to work on /home/airflow/.local/lib/python3.12/site-packages/airflow/example_dags/example_short_circuit_decorator.py
[2026-06-12T22:58:15.606+0000] {processor.py:830} INFO - Processing file /home/airflow/.local/lib/python3.12/site-packages/airflow/example_dags/example_short_circuit_decorator.py for tasks to queue
[2026-06-12T22:58:15.608+0000] {logging_mixin.py:188} INFO - [2026-06-12T22:58:15.607+0000] {dagbag.py:545} INFO - Filling up the DagBag from /home/airflow/.local/lib/python3.12/site-packages/airflow/example_dags/example_short_circuit_decorator.py
[2026-06-12T22:58:15.619+0000] {processor.py:840} INFO - DAG(s) 'example_short_circuit_decorator' retrieved from /home/airflow/.local/lib/python3.12/site-packages/airflow/example_dags/example_short_circuit_decorator.py
[2026-06-12T22:58:15.654+0000] {logging_mixin.py:188} INFO - [2026-06-12T22:58:15.653+0000] {dag.py:3096} INFO - Sync 1 DAGs
[2026-06-12T22:58:15.685+0000] {logging_mixin.py:188} INFO - [2026-06-12T22:58:15.684+0000] {dag.py:3954} INFO - Setting next_dagrun for example_short_circuit_decorator to 2026-06-11 00:00:00+00:00, run_after=2026-06-12 00:00:00+00:00
[2026-06-12T22:58:15.722+0000] {processor.py:183} INFO - Processing /home/airflow/.local/lib/python3.12/site-packages/airflow/example_dags/example_short_circuit_decorator.py took 0.122 seconds
[2026-06-12T22:58:46.048+0000] {processor.py:161} INFO - Started process (PID=6043) to work on /home/airflow/.local/lib/python3.12/site-packages/airflow/example_dags/example_short_circuit_decorator.py
[2026-06-12T22:58:46.049+0000] {processor.py:830} INFO - Processing file /home/airflow/.local/lib/python3.12/site-packages/airflow/example_dags/example_short_circuit_decorator.py for tasks to queue
[2026-06-12T22:58:46.051+0000] {logging_mixin.py:188} INFO - [2026-06-12T22:58:46.051+0000] {dagbag.py:545} INFO - Filling up the DagBag from /home/airflow/.local/lib/python3.12/site-packages/airflow/example_dags/example_short_circuit_decorator.py
[2026-06-12T22:58:46.064+0000] {processor.py:840} INFO - DAG(s) 'example_short_circuit_decorator' retrieved from /home/airflow/.local/lib/python3.12/site-packages/airflow/example_dags/example_short_circuit_decorator.py
[2026-06-12T22:58:46.096+0000] {logging_mixin.py:188} INFO - [2026-06-12T22:58:46.096+0000] {dag.py:3096} INFO - Sync 1 DAGs
[2026-06-12T22:58:46.118+0000] {logging_mixin.py:188} INFO - [2026-06-12T22:58:46.118+0000] {dag.py:3954} INFO - Setting next_dagrun for example_short_circuit_decorator to 2026-06-11 00:00:00+00:00, run_after=2026-06-12 00:00:00+00:00
[2026-06-12T22:58:46.141+0000] {processor.py:183} INFO - Processing /home/airflow/.local/lib/python3.12/site-packages/airflow/example_dags/example_short_circuit_decorator.py took 0.104 seconds
[2026-06-12T22:59:16.675+0000] {processor.py:161} INFO - Started process (PID=6105) to work on /home/airflow/.local/lib/python3.12/site-packages/airflow/example_dags/example_short_circuit_decorator.py
[2026-06-12T22:59:16.676+0000] {processor.py:830} INFO - Processing file /home/airflow/.local/lib/python3.12/site-packages/airflow/example_dags/example_short_circuit_decorator.py for tasks to queue
[2026-06-12T22:59:16.678+0000] {logging_mixin.py:188} INFO - [2026-06-12T22:59:16.678+0000] {dagbag.py:545} INFO - Filling up the DagBag from /home/airflow/.local/lib/python3.12/site-packages/airflow/example_dags/example_short_circuit_decorator.py
[2026-06-12T22:59:16.690+0000] {processor.py:840} INFO - DAG(s) 'example_short_circuit_decorator' retrieved from /home/airflow/.local/lib/python3.12/site-packages/airflow/example_dags/example_short_circuit_decorator.py
[2026-06-12T22:59:16.714+0000] {logging_mixin.py:188} INFO - [2026-06-12T22:59:16.714+0000] {dag.py:3096} INFO - Sync 1 DAGs
[2026-06-12T22:59:16.740+0000] {logging_mixin.py:188} INFO - [2026-06-12T22:59:16.739+0000] {dag.py:3954} INFO - Setting next_dagrun for example_short_circuit_decorator to 2026-06-11 00:00:00+00:00, run_after=2026-06-12 00:00:00+00:00
[2026-06-12T22:59:16.760+0000] {processor.py:183} INFO - Processing /home/airflow/.local/lib/python3.12/site-packages/airflow/example_dags/example_short_circuit_decorator.py took 0.094 seconds
[2026-06-12T22:59:46.957+0000] {processor.py:161} INFO - Started process (PID=6167) to work on /home/airflow/.local/lib/python3.12/site-packages/airflow/example_dags/example_short_circuit_decorator.py
[2026-06-12T22:59:46.959+0000] {processor.py:830} INFO - Processing file /home/airflow/.local/lib/python3.12/site-packages/airflow/example_dags/example_short_circuit_decorator.py for tasks to queue
[2026-06-12T22:59:46.961+0000] {logging_mixin.py:188} INFO - [2026-06-12T22:59:46.961+0000] {dagbag.py:545} INFO - Filling up the DagBag from /home/airflow/.local/lib/python3.12/site-packages/airflow/example_dags/example_short_circuit_decorator.py
[2026-06-12T22:59:46.974+0000] {processor.py:840} INFO - DAG(s) 'example_short_circuit_decorator' retrieved from /home/airflow/.local/lib/python3.12/site-packages/airflow/example_dags/example_short_circuit_decorator.py
[2026-06-12T22:59:47.051+0000] {logging_mixin.py:188} INFO - [2026-06-12T22:59:47.050+0000] {dag.py:3096} INFO - Sync 1 DAGs
[2026-06-12T22:59:47.106+0000] {logging_mixin.py:188} INFO - [2026-06-12T22:59:47.106+0000] {dag.py:3954} INFO - Setting next_dagrun for example_short_circuit_decorator to 2026-06-11 00:00:00+00:00, run_after=2026-06-12 00:00:00+00:00
[2026-06-12T22:59:47.130+0000] {processor.py:183} INFO - Processing /home/airflow/.local/lib/python3.12/site-packages/airflow/example_dags/example_short_circuit_decorator.py took 0.185 seconds
[2026-06-12T23:00:17.369+0000] {processor.py:161} INFO - Started process (PID=6229) to work on /home/airflow/.local/lib/python3.12/site-packages/airflow/example_dags/example_short_circuit_decorator.py
[2026-06-12T23:00:17.370+0000] {processor.py:830} INFO - Processing file /home/airflow/.local/lib/python3.12/site-packages/airflow/example_dags/example_short_circuit_decorator.py for tasks to queue
[2026-06-12T23:00:17.371+0000] {logging_mixin.py:188} INFO - [2026-06-12T23:00:17.371+0000] {dagbag.py:545} INFO - Filling up the DagBag from /home/airflow/.local/lib/python3.12/site-packages/airflow/example_dags/example_short_circuit_decorator.py
[2026-06-12T23:00:17.379+0000] {processor.py:840} INFO - DAG(s) 'example_short_circuit_decorator' retrieved from /home/airflow/.local/lib/python3.12/site-packages/airflow/example_dags/example_short_circuit_decorator.py
[2026-06-12T23:00:17.398+0000] {logging_mixin.py:188} INFO - [2026-06-12T23:00:17.398+0000] {dag.py:3096} INFO - Sync 1 DAGs
[2026-06-12T23:00:17.421+0000] {logging_mixin.py:188} INFO - [2026-06-12T23:00:17.421+0000] {dag.py:3954} INFO - Setting next_dagrun for example_short_circuit_decorator to 2026-06-11 00:00:00+00:00, run_after=2026-06-12 00:00:00+00:00
[2026-06-12T23:00:17.442+0000] {processor.py:183} INFO - Processing /home/airflow/.local/lib/python3.12/site-packages/airflow/example_dags/example_short_circuit_decorator.py took 0.077 seconds
[2026-06-12T23:00:47.572+0000] {processor.py:161} INFO - Started process (PID=6291) to work on /home/airflow/.local/lib/python3.12/site-packages/airflow/example_dags/example_short_circuit_decorator.py
[2026-06-12T23:00:47.573+0000] {processor.py:830} INFO - Processing file /home/airflow/.local/lib/python3.12/site-packages/airflow/example_dags/example_short_circuit_decorator.py for tasks to queue
[2026-06-12T23:00:47.575+0000] {logging_mixin.py:188} INFO - [2026-06-12T23:00:47.574+0000] {dagbag.py:545} INFO - Filling up the DagBag from /home/airflow/.local/lib/python3.12/site-packages/airflow/example_dags/example_short_circuit_decorator.py
[2026-06-12T23:00:47.582+0000] {processor.py:840} INFO - DAG(s) 'example_short_circuit_decorator' retrieved from /home/airflow/.local/lib/python3.12/site-packages/airflow/example_dags/example_short_circuit_decorator.py
[2026-06-12T23:00:47.604+0000] {logging_mixin.py:188} INFO - [2026-06-12T23:00:47.604+0000] {dag.py:3096} INFO - Sync 1 DAGs
[2026-06-12T23:00:47.627+0000] {logging_mixin.py:188} INFO - [2026-06-12T23:00:47.627+0000] {dag.py:3954} INFO - Setting next_dagrun for example_short_circuit_decorator to 2026-06-11 00:00:00+00:00, run_after=2026-06-12 00:00:00+00:00
[2026-06-12T23:00:47.645+0000] {processor.py:183} INFO - Processing /home/airflow/.local/lib/python3.12/site-packages/airflow/example_dags/example_short_circuit_decorator.py took 0.080 seconds
[2026-06-12T23:01:18.034+0000] {processor.py:161} INFO - Started process (PID=6353) to work on /home/airflow/.local/lib/python3.12/site-packages/airflow/example_dags/example_short_circuit_decorator.py
[2026-06-12T23:01:18.035+0000] {processor.py:830} INFO - Processing file /home/airflow/.local/lib/python3.12/site-packages/airflow/example_dags/example_short_circuit_decorator.py for tasks to queue
[2026-06-12T23:01:18.036+0000] {logging_mixin.py:188} INFO - [2026-06-12T23:01:18.036+0000] {dagbag.py:545} INFO - Filling up the DagBag from /home/airflow/.local/lib/python3.12/site-packages/airflow/example_dags/example_short_circuit_decorator.py
[2026-06-12T23:01:18.044+0000] {processor.py:840} INFO - DAG(s) 'example_short_circuit_decorator' retrieved from /home/airflow/.local/lib/python3.12/site-packages/airflow/example_dags/example_short_circuit_decorator.py
[2026-06-12T23:01:18.064+0000] {logging_mixin.py:188} INFO - [2026-06-12T23:01:18.064+0000] {dag.py:3096} INFO - Sync 1 DAGs
[2026-06-12T23:01:18.083+0000] {logging_mixin.py:188} INFO - [2026-06-12T23:01:18.083+0000] {dag.py:3954} INFO - Setting next_dagrun for example_short_circuit_decorator to 2026-06-11 00:00:00+00:00, run_after=2026-06-12 00:00:00+00:00
[2026-06-12T23:01:18.099+0000] {processor.py:183} INFO - Processing /home/airflow/.local/lib/python3.12/site-packages/airflow/example_dags/example_short_circuit_decorator.py took 0.070 seconds
[2026-06-12T23:01:48.554+0000] {processor.py:161} INFO - Started process (PID=6415) to work on /home/airflow/.local/lib/python3.12/site-packages/airflow/example_dags/example_short_circuit_decorator.py
[2026-06-12T23:01:48.555+0000] {processor.py:830} INFO - Processing file /home/airflow/.local/lib/python3.12/site-packages/airflow/example_dags/example_short_circuit_decorator.py for tasks to queue
[2026-06-12T23:01:48.558+0000] {logging_mixin.py:188} INFO - [2026-06-12T23:01:48.557+0000] {dagbag.py:545} INFO - Filling up the DagBag from /home/airflow/.local/lib/python3.12/site-packages/airflow/example_dags/example_short_circuit_decorator.py
[2026-06-12T23:01:48.570+0000] {processor.py:840} INFO - DAG(s) 'example_short_circuit_decorator' retrieved from /home/airflow/.local/lib/python3.12/site-packages/airflow/example_dags/example_short_circuit_decorator.py
[2026-06-12T23:01:48.603+0000] {logging_mixin.py:188} INFO - [2026-06-12T23:01:48.603+0000] {dag.py:3096} INFO - Sync 1 DAGs
[2026-06-12T23:01:48.638+0000] {logging_mixin.py:188} INFO - [2026-06-12T23:01:48.637+0000] {dag.py:3954} INFO - Setting next_dagrun for example_short_circuit_decorator to 2026-06-11 00:00:00+00:00, run_after=2026-06-12 00:00:00+00:00
[2026-06-12T23:01:48.665+0000] {processor.py:183} INFO - Processing /home/airflow/.local/lib/python3.12/site-packages/airflow/example_dags/example_short_circuit_decorator.py took 0.118 seconds
[2026-06-12T23:02:18.895+0000] {processor.py:161} INFO - Started process (PID=6477) to work on /home/airflow/.local/lib/python3.12/site-packages/airflow/example_dags/example_short_circuit_decorator.py
[2026-06-12T23:02:18.896+0000] {processor.py:830} INFO - Processing file /home/airflow/.local/lib/python3.12/site-packages/airflow/example_dags/example_short_circuit_decorator.py for tasks to queue
[2026-06-12T23:02:18.898+0000] {logging_mixin.py:188} INFO - [2026-06-12T23:02:18.897+0000] {dagbag.py:545} INFO - Filling up the DagBag from /home/airflow/.local/lib/python3.12/site-packages/airflow/example_dags/example_short_circuit_decorator.py
[2026-06-12T23:02:18.905+0000] {processor.py:840} INFO - DAG(s) 'example_short_circuit_decorator' retrieved from /home/airflow/.local/lib/python3.12/site-packages/airflow/example_dags/example_short_circuit_decorator.py
[2026-06-12T23:02:18.932+0000] {logging_mixin.py:188} INFO - [2026-06-12T23:02:18.931+0000] {dag.py:3096} INFO - Sync 1 DAGs
[2026-06-12T23:02:18.951+0000] {logging_mixin.py:188} INFO - [2026-06-12T23:02:18.951+0000] {dag.py:3954} INFO - Setting next_dagrun for example_short_circuit_decorator to 2026-06-11 00:00:00+00:00, run_after=2026-06-12 00:00:00+00:00
[2026-06-12T23:02:18.969+0000] {processor.py:183} INFO - Processing /home/airflow/.local/lib/python3.12/site-packages/airflow/example_dags/example_short_circuit_decorator.py took 0.079 seconds
[2026-06-12T23:02:49.331+0000] {processor.py:161} INFO - Started process (PID=6539) to work on /home/airflow/.local/lib/python3.12/site-packages/airflow/example_dags/example_short_circuit_decorator.py
[2026-06-12T23:02:49.331+0000] {processor.py:830} INFO - Processing file /home/airflow/.local/lib/python3.12/site-packages/airflow/example_dags/example_short_circuit_decorator.py for tasks to queue
[2026-06-12T23:02:49.334+0000] {logging_mixin.py:188} INFO - [2026-06-12T23:02:49.333+0000] {dagbag.py:545} INFO - Filling up the DagBag from /home/airflow/.local/lib/python3.12/site-packages/airflow/example_dags/example_short_circuit_decorator.py
[2026-06-12T23:02:49.342+0000] {processor.py:840} INFO - DAG(s) 'example_short_circuit_decorator' retrieved from /home/airflow/.local/lib/python3.12/site-packages/airflow/example_dags/example_short_circuit_decorator.py
[2026-06-12T23:02:49.364+0000] {logging_mixin.py:188} INFO - [2026-06-12T23:02:49.364+0000] {dag.py:3096} INFO - Sync 1 DAGs
[2026-06-12T23:02:49.384+0000] {logging_mixin.py:188} INFO - [2026-06-12T23:02:49.384+0000] {dag.py:3954} INFO - Setting next_dagrun for example_short_circuit_decorator to 2026-06-11 00:00:00+00:00, run_after=2026-06-12 00:00:00+00:00
[2026-06-12T23:02:49.400+0000] {processor.py:183} INFO - Processing /home/airflow/.local/lib/python3.12/site-packages/airflow/example_dags/example_short_circuit_decorator.py took 0.075 seconds
[2026-06-12T23:03:19.701+0000] {processor.py:161} INFO - Started process (PID=6600) to work on /home/airflow/.local/lib/python3.12/site-packages/airflow/example_dags/example_short_circuit_decorator.py
[2026-06-12T23:03:19.702+0000] {processor.py:830} INFO - Processing file /home/airflow/.local/lib/python3.12/site-packages/airflow/example_dags/example_short_circuit_decorator.py for tasks to queue
[2026-06-12T23:03:19.704+0000] {logging_mixin.py:188} INFO - [2026-06-12T23:03:19.704+0000] {dagbag.py:545} INFO - Filling up the DagBag from /home/airflow/.local/lib/python3.12/site-packages/airflow/example_dags/example_short_circuit_decorator.py
[2026-06-12T23:03:19.715+0000] {processor.py:840} INFO - DAG(s) 'example_short_circuit_decorator' retrieved from /home/airflow/.local/lib/python3.12/site-packages/airflow/example_dags/example_short_circuit_decorator.py
[2026-06-12T23:03:19.833+0000] {logging_mixin.py:188} INFO - [2026-06-12T23:03:19.832+0000] {dag.py:3096} INFO - Sync 1 DAGs
[2026-06-12T23:03:19.880+0000] {logging_mixin.py:188} INFO - [2026-06-12T23:03:19.880+0000] {dag.py:3954} INFO - Setting next_dagrun for example_short_circuit_decorator to 2026-06-11 00:00:00+00:00, run_after=2026-06-12 00:00:00+00:00
[2026-06-12T23:03:19.918+0000] {processor.py:183} INFO - Processing /home/airflow/.local/lib/python3.12/site-packages/airflow/example_dags/example_short_circuit_decorator.py took 0.228 seconds
[2026-06-12T23:03:50.014+0000] {processor.py:161} INFO - Started process (PID=6662) to work on /home/airflow/.local/lib/python3.12/site-packages/airflow/example_dags/example_short_circuit_decorator.py
[2026-06-12T23:03:50.019+0000] {processor.py:830} INFO - Processing file /home/airflow/.local/lib/python3.12/site-packages/airflow/example_dags/example_short_circuit_decorator.py for tasks to queue
[2026-06-12T23:03:50.023+0000] {logging_mixin.py:188} INFO - [2026-06-12T23:03:50.023+0000] {dagbag.py:545} INFO - Filling up the DagBag from /home/airflow/.local/lib/python3.12/site-packages/airflow/example_dags/example_short_circuit_decorator.py
[2026-06-12T23:03:50.046+0000] {processor.py:840} INFO - DAG(s) 'example_short_circuit_decorator' retrieved from /home/airflow/.local/lib/python3.12/site-packages/airflow/example_dags/example_short_circuit_decorator.py
[2026-06-12T23:03:50.080+0000] {logging_mixin.py:188} INFO - [2026-06-12T23:03:50.080+0000] {dag.py:3096} INFO - Sync 1 DAGs
[2026-06-12T23:03:50.110+0000] {logging_mixin.py:188} INFO - [2026-06-12T23:03:50.110+0000] {dag.py:3954} INFO - Setting next_dagrun for example_short_circuit_decorator to 2026-06-11 00:00:00+00:00, run_after=2026-06-12 00:00:00+00:00
[2026-06-12T23:03:50.134+0000] {processor.py:183} INFO - Processing /home/airflow/.local/lib/python3.12/site-packages/airflow/example_dags/example_short_circuit_decorator.py took 0.135 seconds
[2026-06-12T23:04:21.075+0000] {processor.py:161} INFO - Started process (PID=6722) to work on /home/airflow/.local/lib/python3.12/site-packages/airflow/example_dags/example_short_circuit_decorator.py
[2026-06-12T23:04:21.076+0000] {processor.py:830} INFO - Processing file /home/airflow/.local/lib/python3.12/site-packages/airflow/example_dags/example_short_circuit_decorator.py for tasks to queue
[2026-06-12T23:04:21.077+0000] {logging_mixin.py:188} INFO - [2026-06-12T23:04:21.077+0000] {dagbag.py:545} INFO - Filling up the DagBag from /home/airflow/.local/lib/python3.12/site-packages/airflow/example_dags/example_short_circuit_decorator.py
[2026-06-12T23:04:21.089+0000] {processor.py:840} INFO - DAG(s) 'example_short_circuit_decorator' retrieved from /home/airflow/.local/lib/python3.12/site-packages/airflow/example_dags/example_short_circuit_decorator.py
[2026-06-12T23:04:21.122+0000] {logging_mixin.py:188} INFO - [2026-06-12T23:04:21.121+0000] {dag.py:3096} INFO - Sync 1 DAGs
[2026-06-12T23:04:21.152+0000] {logging_mixin.py:188} INFO - [2026-06-12T23:04:21.152+0000] {dag.py:3954} INFO - Setting next_dagrun for example_short_circuit_decorator to 2026-06-11 00:00:00+00:00, run_after=2026-06-12 00:00:00+00:00
[2026-06-12T23:04:21.175+0000] {processor.py:183} INFO - Processing /home/airflow/.local/lib/python3.12/site-packages/airflow/example_dags/example_short_circuit_decorator.py took 0.107 seconds
[2026-06-12T23:04:51.386+0000] {processor.py:161} INFO - Started process (PID=6783) to work on /home/airflow/.local/lib/python3.12/site-packages/airflow/example_dags/example_short_circuit_decorator.py
[2026-06-12T23:04:51.386+0000] {processor.py:830} INFO - Processing file /home/airflow/.local/lib/python3.12/site-packages/airflow/example_dags/example_short_circuit_decorator.py for tasks to queue
[2026-06-12T23:04:51.388+0000] {logging_mixin.py:188} INFO - [2026-06-12T23:04:51.388+0000] {dagbag.py:545} INFO - Filling up the DagBag from /home/airflow/.local/lib/python3.12/site-packages/airflow/example_dags/example_short_circuit_decorator.py
[2026-06-12T23:04:51.395+0000] {processor.py:840} INFO - DAG(s) 'example_short_circuit_decorator' retrieved from /home/airflow/.local/lib/python3.12/site-packages/airflow/example_dags/example_short_circuit_decorator.py
[2026-06-12T23:04:51.419+0000] {logging_mixin.py:188} INFO - [2026-06-12T23:04:51.419+0000] {dag.py:3096} INFO - Sync 1 DAGs
[2026-06-12T23:04:51.445+0000] {logging_mixin.py:188} INFO - [2026-06-12T23:04:51.444+0000] {dag.py:3954} INFO - Setting next_dagrun for example_short_circuit_decorator to 2026-06-11 00:00:00+00:00, run_after=2026-06-12 00:00:00+00:00
[2026-06-12T23:04:51.463+0000] {processor.py:183} INFO - Processing /home/airflow/.local/lib/python3.12/site-packages/airflow/example_dags/example_short_circuit_decorator.py took 0.082 seconds
[2026-06-12T23:05:22.112+0000] {processor.py:161} INFO - Started process (PID=6845) to work on /home/airflow/.local/lib/python3.12/site-packages/airflow/example_dags/example_short_circuit_decorator.py
[2026-06-12T23:05:22.113+0000] {processor.py:830} INFO - Processing file /home/airflow/.local/lib/python3.12/site-packages/airflow/example_dags/example_short_circuit_decorator.py for tasks to queue
[2026-06-12T23:05:22.117+0000] {logging_mixin.py:188} INFO - [2026-06-12T23:05:22.117+0000] {dagbag.py:545} INFO - Filling up the DagBag from /home/airflow/.local/lib/python3.12/site-packages/airflow/example_dags/example_short_circuit_decorator.py
[2026-06-12T23:05:22.132+0000] {processor.py:840} INFO - DAG(s) 'example_short_circuit_decorator' retrieved from /home/airflow/.local/lib/python3.12/site-packages/airflow/example_dags/example_short_circuit_decorator.py
[2026-06-12T23:05:22.163+0000] {logging_mixin.py:188} INFO - [2026-06-12T23:05:22.162+0000] {dag.py:3096} INFO - Sync 1 DAGs
[2026-06-12T23:05:22.201+0000] {logging_mixin.py:188} INFO - [2026-06-12T23:05:22.201+0000] {dag.py:3954} INFO - Setting next_dagrun for example_short_circuit_decorator to 2026-06-11 00:00:00+00:00, run_after=2026-06-12 00:00:00+00:00
[2026-06-12T23:05:22.222+0000] {processor.py:183} INFO - Processing /home/airflow/.local/lib/python3.12/site-packages/airflow/example_dags/example_short_circuit_decorator.py took 0.120 seconds
[2026-06-12T23:05:52.666+0000] {processor.py:161} INFO - Started process (PID=6908) to work on /home/airflow/.local/lib/python3.12/site-packages/airflow/example_dags/example_short_circuit_decorator.py
[2026-06-12T23:05:52.667+0000] {processor.py:830} INFO - Processing file /home/airflow/.local/lib/python3.12/site-packages/airflow/example_dags/example_short_circuit_decorator.py for tasks to queue
[2026-06-12T23:05:52.669+0000] {logging_mixin.py:188} INFO - [2026-06-12T23:05:52.668+0000] {dagbag.py:545} INFO - Filling up the DagBag from /home/airflow/.local/lib/python3.12/site-packages/airflow/example_dags/example_short_circuit_decorator.py
[2026-06-12T23:05:52.677+0000] {processor.py:840} INFO - DAG(s) 'example_short_circuit_decorator' retrieved from /home/airflow/.local/lib/python3.12/site-packages/airflow/example_dags/example_short_circuit_decorator.py
[2026-06-12T23:05:52.705+0000] {logging_mixin.py:188} INFO - [2026-06-12T23:05:52.705+0000] {dag.py:3096} INFO - Sync 1 DAGs
[2026-06-12T23:05:52.730+0000] {logging_mixin.py:188} INFO - [2026-06-12T23:05:52.729+0000] {dag.py:3954} INFO - Setting next_dagrun for example_short_circuit_decorator to 2026-06-11 00:00:00+00:00, run_after=2026-06-12 00:00:00+00:00
[2026-06-12T23:05:52.749+0000] {processor.py:183} INFO - Processing /home/airflow/.local/lib/python3.12/site-packages/airflow/example_dags/example_short_circuit_decorator.py took 0.088 seconds
[2026-06-12T23:06:23.287+0000] {processor.py:161} INFO - Started process (PID=6970) to work on /home/airflow/.local/lib/python3.12/site-packages/airflow/example_dags/example_short_circuit_decorator.py
[2026-06-12T23:06:23.289+0000] {processor.py:830} INFO - Processing file /home/airflow/.local/lib/python3.12/site-packages/airflow/example_dags/example_short_circuit_decorator.py for tasks to queue
[2026-06-12T23:06:23.291+0000] {logging_mixin.py:188} INFO - [2026-06-12T23:06:23.291+0000] {dagbag.py:545} INFO - Filling up the DagBag from /home/airflow/.local/lib/python3.12/site-packages/airflow/example_dags/example_short_circuit_decorator.py
[2026-06-12T23:06:23.303+0000] {processor.py:840} INFO - DAG(s) 'example_short_circuit_decorator' retrieved from /home/airflow/.local/lib/python3.12/site-packages/airflow/example_dags/example_short_circuit_decorator.py
[2026-06-12T23:06:23.400+0000] {logging_mixin.py:188} INFO - [2026-06-12T23:06:23.400+0000] {dag.py:3096} INFO - Sync 1 DAGs
[2026-06-12T23:06:23.488+0000] {logging_mixin.py:188} INFO - [2026-06-12T23:06:23.487+0000] {dag.py:3954} INFO - Setting next_dagrun for example_short_circuit_decorator to 2026-06-11 00:00:00+00:00, run_after=2026-06-12 00:00:00+00:00
[2026-06-12T23:06:23.558+0000] {processor.py:183} INFO - Processing /home/airflow/.local/lib/python3.12/site-packages/airflow/example_dags/example_short_circuit_decorator.py took 0.287 seconds
[2026-06-12T23:06:53.678+0000] {processor.py:161} INFO - Started process (PID=7032) to work on /home/airflow/.local/lib/python3.12/site-packages/airflow/example_dags/example_short_circuit_decorator.py
[2026-06-12T23:06:53.680+0000] {processor.py:830} INFO - Processing file /home/airflow/.local/lib/python3.12/site-packages/airflow/example_dags/example_short_circuit_decorator.py for tasks to queue
[2026-06-12T23:06:53.682+0000] {logging_mixin.py:188} INFO - [2026-06-12T23:06:53.682+0000] {dagbag.py:545} INFO - Filling up the DagBag from /home/airflow/.local/lib/python3.12/site-packages/airflow/example_dags/example_short_circuit_decorator.py
[2026-06-12T23:06:53.695+0000] {processor.py:840} INFO - DAG(s) 'example_short_circuit_decorator' retrieved from /home/airflow/.local/lib/python3.12/site-packages/airflow/example_dags/example_short_circuit_decorator.py
[2026-06-12T23:06:53.739+0000] {logging_mixin.py:188} INFO - [2026-06-12T23:06:53.738+0000] {dag.py:3096} INFO - Sync 1 DAGs
[2026-06-12T23:06:53.760+0000] {logging_mixin.py:188} INFO - [2026-06-12T23:06:53.760+0000] {dag.py:3954} INFO - Setting next_dagrun for example_short_circuit_decorator to 2026-06-11 00:00:00+00:00, run_after=2026-06-12 00:00:00+00:00
[2026-06-12T23:06:53.776+0000] {processor.py:183} INFO - Processing /home/airflow/.local/lib/python3.12/site-packages/airflow/example_dags/example_short_circuit_decorator.py took 0.108 seconds
[2026-06-12T23:07:24.141+0000] {processor.py:161} INFO - Started process (PID=7087) to work on /home/airflow/.local/lib/python3.12/site-packages/airflow/example_dags/example_short_circuit_decorator.py
[2026-06-12T23:07:24.142+0000] {processor.py:830} INFO - Processing file /home/airflow/.local/lib/python3.12/site-packages/airflow/example_dags/example_short_circuit_decorator.py for tasks to queue
[2026-06-12T23:07:24.144+0000] {logging_mixin.py:188} INFO - [2026-06-12T23:07:24.144+0000] {dagbag.py:545} INFO - Filling up the DagBag from /home/airflow/.local/lib/python3.12/site-packages/airflow/example_dags/example_short_circuit_decorator.py
[2026-06-12T23:07:24.155+0000] {processor.py:840} INFO - DAG(s) 'example_short_circuit_decorator' retrieved from /home/airflow/.local/lib/python3.12/site-packages/airflow/example_dags/example_short_circuit_decorator.py
[2026-06-12T23:07:24.186+0000] {logging_mixin.py:188} INFO - [2026-06-12T23:07:24.185+0000] {dag.py:3096} INFO - Sync 1 DAGs
[2026-06-12T23:07:24.215+0000] {logging_mixin.py:188} INFO - [2026-06-12T23:07:24.215+0000] {dag.py:3954} INFO - Setting next_dagrun for example_short_circuit_decorator to 2026-06-11 00:00:00+00:00, run_after=2026-06-12 00:00:00+00:00
[2026-06-12T23:07:24.260+0000] {processor.py:183} INFO - Processing /home/airflow/.local/lib/python3.12/site-packages/airflow/example_dags/example_short_circuit_decorator.py took 0.126 seconds
[2026-06-12T23:07:54.882+0000] {processor.py:161} INFO - Started process (PID=7148) to work on /home/airflow/.local/lib/python3.12/site-packages/airflow/example_dags/example_short_circuit_decorator.py
[2026-06-12T23:07:54.884+0000] {processor.py:830} INFO - Processing file /home/airflow/.local/lib/python3.12/site-packages/airflow/example_dags/example_short_circuit_decorator.py for tasks to queue
[2026-06-12T23:07:54.889+0000] {logging_mixin.py:188} INFO - [2026-06-12T23:07:54.886+0000] {dagbag.py:545} INFO - Filling up the DagBag from /home/airflow/.local/lib/python3.12/site-packages/airflow/example_dags/example_short_circuit_decorator.py
[2026-06-12T23:07:54.913+0000] {processor.py:840} INFO - DAG(s) 'example_short_circuit_decorator' retrieved from /home/airflow/.local/lib/python3.12/site-packages/airflow/example_dags/example_short_circuit_decorator.py
[2026-06-12T23:07:54.979+0000] {logging_mixin.py:188} INFO - [2026-06-12T23:07:54.979+0000] {dag.py:3096} INFO - Sync 1 DAGs
[2026-06-12T23:07:55.044+0000] {logging_mixin.py:188} INFO - [2026-06-12T23:07:55.044+0000] {dag.py:3954} INFO - Setting next_dagrun for example_short_circuit_decorator to 2026-06-11 00:00:00+00:00, run_after=2026-06-12 00:00:00+00:00
[2026-06-12T23:07:55.102+0000] {processor.py:183} INFO - Processing /home/airflow/.local/lib/python3.12/site-packages/airflow/example_dags/example_short_circuit_decorator.py took 0.237 seconds
[2026-06-12T23:08:25.960+0000] {processor.py:161} INFO - Started process (PID=7210) to work on /home/airflow/.local/lib/python3.12/site-packages/airflow/example_dags/example_short_circuit_decorator.py
[2026-06-12T23:08:25.963+0000] {processor.py:830} INFO - Processing file /home/airflow/.local/lib/python3.12/site-packages/airflow/example_dags/example_short_circuit_decorator.py for tasks to queue
[2026-06-12T23:08:25.965+0000] {logging_mixin.py:188} INFO - [2026-06-12T23:08:25.965+0000] {dagbag.py:545} INFO - Filling up the DagBag from /home/airflow/.local/lib/python3.12/site-packages/airflow/example_dags/example_short_circuit_decorator.py
[2026-06-12T23:08:25.976+0000] {processor.py:840} INFO - DAG(s) 'example_short_circuit_decorator' retrieved from /home/airflow/.local/lib/python3.12/site-packages/airflow/example_dags/example_short_circuit_decorator.py
[2026-06-12T23:08:26.006+0000] {logging_mixin.py:188} INFO - [2026-06-12T23:08:26.006+0000] {dag.py:3096} INFO - Sync 1 DAGs
[2026-06-12T23:08:26.037+0000] {logging_mixin.py:188} INFO - [2026-06-12T23:08:26.037+0000] {dag.py:3954} INFO - Setting next_dagrun for example_short_circuit_decorator to 2026-06-11 00:00:00+00:00, run_after=2026-06-12 00:00:00+00:00
[2026-06-12T23:08:26.058+0000] {processor.py:183} INFO - Processing /home/airflow/.local/lib/python3.12/site-packages/airflow/example_dags/example_short_circuit_decorator.py took 0.112 seconds
[2026-06-12T23:08:56.537+0000] {processor.py:161} INFO - Started process (PID=7272) to work on /home/airflow/.local/lib/python3.12/site-packages/airflow/example_dags/example_short_circuit_decorator.py
[2026-06-12T23:08:56.539+0000] {processor.py:830} INFO - Processing file /home/airflow/.local/lib/python3.12/site-packages/airflow/example_dags/example_short_circuit_decorator.py for tasks to queue
[2026-06-12T23:08:56.544+0000] {logging_mixin.py:188} INFO - [2026-06-12T23:08:56.544+0000] {dagbag.py:545} INFO - Filling up the DagBag from /home/airflow/.local/lib/python3.12/site-packages/airflow/example_dags/example_short_circuit_decorator.py
[2026-06-12T23:08:56.603+0000] {processor.py:840} INFO - DAG(s) 'example_short_circuit_decorator' retrieved from /home/airflow/.local/lib/python3.12/site-packages/airflow/example_dags/example_short_circuit_decorator.py
[2026-06-12T23:08:56.670+0000] {logging_mixin.py:188} INFO - [2026-06-12T23:08:56.670+0000] {dag.py:3096} INFO - Sync 1 DAGs
[2026-06-12T23:08:56.829+0000] {logging_mixin.py:188} INFO - [2026-06-12T23:08:56.829+0000] {dag.py:3954} INFO - Setting next_dagrun for example_short_circuit_decorator to 2026-06-11 00:00:00+00:00, run_after=2026-06-12 00:00:00+00:00
[2026-06-12T23:08:56.867+0000] {processor.py:183} INFO - Processing /home/airflow/.local/lib/python3.12/site-packages/airflow/example_dags/example_short_circuit_decorator.py took 0.357 seconds
[2026-06-12T23:09:27.808+0000] {processor.py:161} INFO - Started process (PID=7334) to work on /home/airflow/.local/lib/python3.12/site-packages/airflow/example_dags/example_short_circuit_decorator.py
[2026-06-12T23:09:27.811+0000] {processor.py:830} INFO - Processing file /home/airflow/.local/lib/python3.12/site-packages/airflow/example_dags/example_short_circuit_decorator.py for tasks to queue
[2026-06-12T23:09:27.813+0000] {logging_mixin.py:188} INFO - [2026-06-12T23:09:27.812+0000] {dagbag.py:545} INFO - Filling up the DagBag from /home/airflow/.local/lib/python3.12/site-packages/airflow/example_dags/example_short_circuit_decorator.py
[2026-06-12T23:09:27.824+0000] {processor.py:840} INFO - DAG(s) 'example_short_circuit_decorator' retrieved from /home/airflow/.local/lib/python3.12/site-packages/airflow/example_dags/example_short_circuit_decorator.py
[2026-06-12T23:09:27.856+0000] {logging_mixin.py:188} INFO - [2026-06-12T23:09:27.855+0000] {dag.py:3096} INFO - Sync 1 DAGs
[2026-06-12T23:09:27.888+0000] {logging_mixin.py:188} INFO - [2026-06-12T23:09:27.888+0000] {dag.py:3954} INFO - Setting next_dagrun for example_short_circuit_decorator to 2026-06-11 00:00:00+00:00, run_after=2026-06-12 00:00:00+00:00
[2026-06-12T23:09:27.911+0000] {processor.py:183} INFO - Processing /home/airflow/.local/lib/python3.12/site-packages/airflow/example_dags/example_short_circuit_decorator.py took 0.110 seconds
[2026-06-12T23:09:58.510+0000] {processor.py:161} INFO - Started process (PID=7396) to work on /home/airflow/.local/lib/python3.12/site-packages/airflow/example_dags/example_short_circuit_decorator.py
[2026-06-12T23:09:58.515+0000] {processor.py:830} INFO - Processing file /home/airflow/.local/lib/python3.12/site-packages/airflow/example_dags/example_short_circuit_decorator.py for tasks to queue
[2026-06-12T23:09:58.520+0000] {logging_mixin.py:188} INFO - [2026-06-12T23:09:58.520+0000] {dagbag.py:545} INFO - Filling up the DagBag from /home/airflow/.local/lib/python3.12/site-packages/airflow/example_dags/example_short_circuit_decorator.py
[2026-06-12T23:09:58.537+0000] {processor.py:840} INFO - DAG(s) 'example_short_circuit_decorator' retrieved from /home/airflow/.local/lib/python3.12/site-packages/airflow/example_dags/example_short_circuit_decorator.py
[2026-06-12T23:09:58.573+0000] {logging_mixin.py:188} INFO - [2026-06-12T23:09:58.573+0000] {dag.py:3096} INFO - Sync 1 DAGs
[2026-06-12T23:09:58.607+0000] {logging_mixin.py:188} INFO - [2026-06-12T23:09:58.606+0000] {dag.py:3954} INFO - Setting next_dagrun for example_short_circuit_decorator to 2026-06-11 00:00:00+00:00, run_after=2026-06-12 00:00:00+00:00
[2026-06-12T23:09:58.631+0000] {processor.py:183} INFO - Processing /home/airflow/.local/lib/python3.12/site-packages/airflow/example_dags/example_short_circuit_decorator.py took 0.138 seconds
[2026-06-12T23:10:29.639+0000] {processor.py:161} INFO - Started process (PID=7458) to work on /home/airflow/.local/lib/python3.12/site-packages/airflow/example_dags/example_short_circuit_decorator.py
[2026-06-12T23:10:29.641+0000] {processor.py:830} INFO - Processing file /home/airflow/.local/lib/python3.12/site-packages/airflow/example_dags/example_short_circuit_decorator.py for tasks to queue
[2026-06-12T23:10:29.646+0000] {logging_mixin.py:188} INFO - [2026-06-12T23:10:29.645+0000] {dagbag.py:545} INFO - Filling up the DagBag from /home/airflow/.local/lib/python3.12/site-packages/airflow/example_dags/example_short_circuit_decorator.py
[2026-06-12T23:10:29.668+0000] {processor.py:840} INFO - DAG(s) 'example_short_circuit_decorator' retrieved from /home/airflow/.local/lib/python3.12/site-packages/airflow/example_dags/example_short_circuit_decorator.py
[2026-06-12T23:10:29.738+0000] {logging_mixin.py:188} INFO - [2026-06-12T23:10:29.738+0000] {dag.py:3096} INFO - Sync 1 DAGs
[2026-06-12T23:10:29.804+0000] {logging_mixin.py:188} INFO - [2026-06-12T23:10:29.803+0000] {dag.py:3954} INFO - Setting next_dagrun for example_short_circuit_decorator to 2026-06-11 00:00:00+00:00, run_after=2026-06-12 00:00:00+00:00
[2026-06-12T23:10:29.900+0000] {processor.py:183} INFO - Processing /home/airflow/.local/lib/python3.12/site-packages/airflow/example_dags/example_short_circuit_decorator.py took 0.279 seconds
[2026-06-12T23:11:00.524+0000] {processor.py:161} INFO - Started process (PID=7520) to work on /home/airflow/.local/lib/python3.12/site-packages/airflow/example_dags/example_short_circuit_decorator.py
[2026-06-12T23:11:00.528+0000] {processor.py:830} INFO - Processing file /home/airflow/.local/lib/python3.12/site-packages/airflow/example_dags/example_short_circuit_decorator.py for tasks to queue
[2026-06-12T23:11:00.534+0000] {logging_mixin.py:188} INFO - [2026-06-12T23:11:00.530+0000] {dagbag.py:545} INFO - Filling up the DagBag from /home/airflow/.local/lib/python3.12/site-packages/airflow/example_dags/example_short_circuit_decorator.py
[2026-06-12T23:11:00.566+0000] {processor.py:840} INFO - DAG(s) 'example_short_circuit_decorator' retrieved from /home/airflow/.local/lib/python3.12/site-packages/airflow/example_dags/example_short_circuit_decorator.py
[2026-06-12T23:11:00.670+0000] {logging_mixin.py:188} INFO - [2026-06-12T23:11:00.669+0000] {dag.py:3096} INFO - Sync 1 DAGs
[2026-06-12T23:11:00.762+0000] {logging_mixin.py:188} INFO - [2026-06-12T23:11:00.761+0000] {dag.py:3954} INFO - Setting next_dagrun for example_short_circuit_decorator to 2026-06-11 00:00:00+00:00, run_after=2026-06-12 00:00:00+00:00
[2026-06-12T23:11:00.868+0000] {processor.py:183} INFO - Processing /home/airflow/.local/lib/python3.12/site-packages/airflow/example_dags/example_short_circuit_decorator.py took 0.367 seconds
[2026-06-12T23:11:31.019+0000] {processor.py:161} INFO - Started process (PID=7582) to work on /home/airflow/.local/lib/python3.12/site-packages/airflow/example_dags/example_short_circuit_decorator.py
[2026-06-12T23:11:31.020+0000] {processor.py:830} INFO - Processing file /home/airflow/.local/lib/python3.12/site-packages/airflow/example_dags/example_short_circuit_decorator.py for tasks to queue
[2026-06-12T23:11:31.022+0000] {logging_mixin.py:188} INFO - [2026-06-12T23:11:31.022+0000] {dagbag.py:545} INFO - Filling up the DagBag from /home/airflow/.local/lib/python3.12/site-packages/airflow/example_dags/example_short_circuit_decorator.py
[2026-06-12T23:11:31.035+0000] {processor.py:840} INFO - DAG(s) 'example_short_circuit_decorator' retrieved from /home/airflow/.local/lib/python3.12/site-packages/airflow/example_dags/example_short_circuit_decorator.py
[2026-06-12T23:11:31.076+0000] {logging_mixin.py:188} INFO - [2026-06-12T23:11:31.075+0000] {dag.py:3096} INFO - Sync 1 DAGs
[2026-06-12T23:11:31.106+0000] {logging_mixin.py:188} INFO - [2026-06-12T23:11:31.106+0000] {dag.py:3954} INFO - Setting next_dagrun for example_short_circuit_decorator to 2026-06-11 00:00:00+00:00, run_after=2026-06-12 00:00:00+00:00
[2026-06-12T23:11:31.130+0000] {processor.py:183} INFO - Processing /home/airflow/.local/lib/python3.12/site-packages/airflow/example_dags/example_short_circuit_decorator.py took 0.122 seconds
[2026-06-12T23:12:01.500+0000] {processor.py:161} INFO - Started process (PID=7644) to work on /home/airflow/.local/lib/python3.12/site-packages/airflow/example_dags/example_short_circuit_decorator.py
[2026-06-12T23:12:01.500+0000] {processor.py:830} INFO - Processing file /home/airflow/.local/lib/python3.12/site-packages/airflow/example_dags/example_short_circuit_decorator.py for tasks to queue
[2026-06-12T23:12:01.502+0000] {logging_mixin.py:188} INFO - [2026-06-12T23:12:01.502+0000] {dagbag.py:545} INFO - Filling up the DagBag from /home/airflow/.local/lib/python3.12/site-packages/airflow/example_dags/example_short_circuit_decorator.py
[2026-06-12T23:12:01.516+0000] {processor.py:840} INFO - DAG(s) 'example_short_circuit_decorator' retrieved from /home/airflow/.local/lib/python3.12/site-packages/airflow/example_dags/example_short_circuit_decorator.py
[2026-06-12T23:12:01.553+0000] {logging_mixin.py:188} INFO - [2026-06-12T23:12:01.553+0000] {dag.py:3096} INFO - Sync 1 DAGs
[2026-06-12T23:12:01.584+0000] {logging_mixin.py:188} INFO - [2026-06-12T23:12:01.584+0000] {dag.py:3954} INFO - Setting next_dagrun for example_short_circuit_decorator to 2026-06-11 00:00:00+00:00, run_after=2026-06-12 00:00:00+00:00
[2026-06-12T23:12:01.610+0000] {processor.py:183} INFO - Processing /home/airflow/.local/lib/python3.12/site-packages/airflow/example_dags/example_short_circuit_decorator.py took 0.117 seconds
[2026-06-12T23:12:32.352+0000] {processor.py:161} INFO - Started process (PID=7705) to work on /home/airflow/.local/lib/python3.12/site-packages/airflow/example_dags/example_short_circuit_decorator.py
[2026-06-12T23:12:32.353+0000] {processor.py:830} INFO - Processing file /home/airflow/.local/lib/python3.12/site-packages/airflow/example_dags/example_short_circuit_decorator.py for tasks to queue
[2026-06-12T23:12:32.355+0000] {logging_mixin.py:188} INFO - [2026-06-12T23:12:32.354+0000] {dagbag.py:545} INFO - Filling up the DagBag from /home/airflow/.local/lib/python3.12/site-packages/airflow/example_dags/example_short_circuit_decorator.py
[2026-06-12T23:12:32.367+0000] {processor.py:840} INFO - DAG(s) 'example_short_circuit_decorator' retrieved from /home/airflow/.local/lib/python3.12/site-packages/airflow/example_dags/example_short_circuit_decorator.py
[2026-06-12T23:12:32.399+0000] {logging_mixin.py:188} INFO - [2026-06-12T23:12:32.399+0000] {dag.py:3096} INFO - Sync 1 DAGs
[2026-06-12T23:12:32.429+0000] {logging_mixin.py:188} INFO - [2026-06-12T23:12:32.429+0000] {dag.py:3954} INFO - Setting next_dagrun for example_short_circuit_decorator to 2026-06-11 00:00:00+00:00, run_after=2026-06-12 00:00:00+00:00
[2026-06-12T23:12:32.451+0000] {processor.py:183} INFO - Processing /home/airflow/.local/lib/python3.12/site-packages/airflow/example_dags/example_short_circuit_decorator.py took 0.107 seconds
[2026-06-12T23:13:03.270+0000] {processor.py:161} INFO - Started process (PID=7767) to work on /home/airflow/.local/lib/python3.12/site-packages/airflow/example_dags/example_short_circuit_decorator.py
[2026-06-12T23:13:03.275+0000] {processor.py:830} INFO - Processing file /home/airflow/.local/lib/python3.12/site-packages/airflow/example_dags/example_short_circuit_decorator.py for tasks to queue
[2026-06-12T23:13:03.289+0000] {logging_mixin.py:188} INFO - [2026-06-12T23:13:03.286+0000] {dagbag.py:545} INFO - Filling up the DagBag from /home/airflow/.local/lib/python3.12/site-packages/airflow/example_dags/example_short_circuit_decorator.py
[2026-06-12T23:13:03.351+0000] {processor.py:840} INFO - DAG(s) 'example_short_circuit_decorator' retrieved from /home/airflow/.local/lib/python3.12/site-packages/airflow/example_dags/example_short_circuit_decorator.py
[2026-06-12T23:13:03.435+0000] {logging_mixin.py:188} INFO - [2026-06-12T23:13:03.434+0000] {dag.py:3096} INFO - Sync 1 DAGs
[2026-06-12T23:13:03.465+0000] {logging_mixin.py:188} INFO - [2026-06-12T23:13:03.465+0000] {dag.py:3954} INFO - Setting next_dagrun for example_short_circuit_decorator to 2026-06-11 00:00:00+00:00, run_after=2026-06-12 00:00:00+00:00
[2026-06-12T23:13:03.490+0000] {processor.py:183} INFO - Processing /home/airflow/.local/lib/python3.12/site-packages/airflow/example_dags/example_short_circuit_decorator.py took 0.269 seconds
[2026-06-12T23:13:33.530+0000] {processor.py:161} INFO - Started process (PID=7834) to work on /home/airflow/.local/lib/python3.12/site-packages/airflow/example_dags/example_short_circuit_decorator.py
[2026-06-12T23:13:33.531+0000] {processor.py:830} INFO - Processing file /home/airflow/.local/lib/python3.12/site-packages/airflow/example_dags/example_short_circuit_decorator.py for tasks to queue
[2026-06-12T23:13:33.533+0000] {logging_mixin.py:188} INFO - [2026-06-12T23:13:33.533+0000] {dagbag.py:545} INFO - Filling up the DagBag from /home/airflow/.local/lib/python3.12/site-packages/airflow/example_dags/example_short_circuit_decorator.py
[2026-06-12T23:13:33.544+0000] {processor.py:840} INFO - DAG(s) 'example_short_circuit_decorator' retrieved from /home/airflow/.local/lib/python3.12/site-packages/airflow/example_dags/example_short_circuit_decorator.py
[2026-06-12T23:13:33.579+0000] {logging_mixin.py:188} INFO - [2026-06-12T23:13:33.579+0000] {dag.py:3096} INFO - Sync 1 DAGs
[2026-06-12T23:13:33.617+0000] {logging_mixin.py:188} INFO - [2026-06-12T23:13:33.617+0000] {dag.py:3954} INFO - Setting next_dagrun for example_short_circuit_decorator to 2026-06-11 00:00:00+00:00, run_after=2026-06-12 00:00:00+00:00
[2026-06-12T23:13:33.638+0000] {processor.py:183} INFO - Processing /home/airflow/.local/lib/python3.12/site-packages/airflow/example_dags/example_short_circuit_decorator.py took 0.116 seconds
[2026-06-12T23:14:04.301+0000] {processor.py:161} INFO - Started process (PID=7896) to work on /home/airflow/.local/lib/python3.12/site-packages/airflow/example_dags/example_short_circuit_decorator.py
[2026-06-12T23:14:04.320+0000] {processor.py:830} INFO - Processing file /home/airflow/.local/lib/python3.12/site-packages/airflow/example_dags/example_short_circuit_decorator.py for tasks to queue
[2026-06-12T23:14:04.332+0000] {logging_mixin.py:188} INFO - [2026-06-12T23:14:04.332+0000] {dagbag.py:545} INFO - Filling up the DagBag from /home/airflow/.local/lib/python3.12/site-packages/airflow/example_dags/example_short_circuit_decorator.py
[2026-06-12T23:14:04.406+0000] {processor.py:840} INFO - DAG(s) 'example_short_circuit_decorator' retrieved from /home/airflow/.local/lib/python3.12/site-packages/airflow/example_dags/example_short_circuit_decorator.py
[2026-06-12T23:14:04.449+0000] {logging_mixin.py:188} INFO - [2026-06-12T23:14:04.448+0000] {dag.py:3096} INFO - Sync 1 DAGs
[2026-06-12T23:14:04.514+0000] {logging_mixin.py:188} INFO - [2026-06-12T23:14:04.514+0000] {dag.py:3954} INFO - Setting next_dagrun for example_short_circuit_decorator to 2026-06-11 00:00:00+00:00, run_after=2026-06-12 00:00:00+00:00
[2026-06-12T23:14:04.564+0000] {processor.py:183} INFO - Processing /home/airflow/.local/lib/python3.12/site-packages/airflow/example_dags/example_short_circuit_decorator.py took 0.278 seconds
[2026-06-12T23:14:34.841+0000] {processor.py:161} INFO - Started process (PID=7958) to work on /home/airflow/.local/lib/python3.12/site-packages/airflow/example_dags/example_short_circuit_decorator.py
[2026-06-12T23:14:34.845+0000] {processor.py:830} INFO - Processing file /home/airflow/.local/lib/python3.12/site-packages/airflow/example_dags/example_short_circuit_decorator.py for tasks to queue
[2026-06-12T23:14:34.848+0000] {logging_mixin.py:188} INFO - [2026-06-12T23:14:34.848+0000] {dagbag.py:545} INFO - Filling up the DagBag from /home/airflow/.local/lib/python3.12/site-packages/airflow/example_dags/example_short_circuit_decorator.py
[2026-06-12T23:14:34.861+0000] {processor.py:840} INFO - DAG(s) 'example_short_circuit_decorator' retrieved from /home/airflow/.local/lib/python3.12/site-packages/airflow/example_dags/example_short_circuit_decorator.py
[2026-06-12T23:14:34.891+0000] {logging_mixin.py:188} INFO - [2026-06-12T23:14:34.891+0000] {dag.py:3096} INFO - Sync 1 DAGs
[2026-06-12T23:14:34.922+0000] {logging_mixin.py:188} INFO - [2026-06-12T23:14:34.921+0000] {dag.py:3954} INFO - Setting next_dagrun for example_short_circuit_decorator to 2026-06-11 00:00:00+00:00, run_after=2026-06-12 00:00:00+00:00
[2026-06-12T23:14:34.944+0000] {processor.py:183} INFO - Processing /home/airflow/.local/lib/python3.12/site-packages/airflow/example_dags/example_short_circuit_decorator.py took 0.117 seconds
[2026-06-12T23:15:05.250+0000] {processor.py:161} INFO - Started process (PID=8020) to work on /home/airflow/.local/lib/python3.12/site-packages/airflow/example_dags/example_short_circuit_decorator.py
[2026-06-12T23:15:05.252+0000] {processor.py:830} INFO - Processing file /home/airflow/.local/lib/python3.12/site-packages/airflow/example_dags/example_short_circuit_decorator.py for tasks to queue
[2026-06-12T23:15:05.255+0000] {logging_mixin.py:188} INFO - [2026-06-12T23:15:05.255+0000] {dagbag.py:545} INFO - Filling up the DagBag from /home/airflow/.local/lib/python3.12/site-packages/airflow/example_dags/example_short_circuit_decorator.py
[2026-06-12T23:15:05.266+0000] {processor.py:840} INFO - DAG(s) 'example_short_circuit_decorator' retrieved from /home/airflow/.local/lib/python3.12/site-packages/airflow/example_dags/example_short_circuit_decorator.py
[2026-06-12T23:15:05.293+0000] {logging_mixin.py:188} INFO - [2026-06-12T23:15:05.293+0000] {dag.py:3096} INFO - Sync 1 DAGs
[2026-06-12T23:15:05.323+0000] {logging_mixin.py:188} INFO - [2026-06-12T23:15:05.322+0000] {dag.py:3954} INFO - Setting next_dagrun for example_short_circuit_decorator to 2026-06-11 00:00:00+00:00, run_after=2026-06-12 00:00:00+00:00
[2026-06-12T23:15:05.346+0000] {processor.py:183} INFO - Processing /home/airflow/.local/lib/python3.12/site-packages/airflow/example_dags/example_short_circuit_decorator.py took 0.109 seconds
[2026-06-12T23:15:36.322+0000] {processor.py:161} INFO - Started process (PID=8081) to work on /home/airflow/.local/lib/python3.12/site-packages/airflow/example_dags/example_short_circuit_decorator.py
[2026-06-12T23:15:36.323+0000] {processor.py:830} INFO - Processing file /home/airflow/.local/lib/python3.12/site-packages/airflow/example_dags/example_short_circuit_decorator.py for tasks to queue
[2026-06-12T23:15:36.325+0000] {logging_mixin.py:188} INFO - [2026-06-12T23:15:36.324+0000] {dagbag.py:545} INFO - Filling up the DagBag from /home/airflow/.local/lib/python3.12/site-packages/airflow/example_dags/example_short_circuit_decorator.py
[2026-06-12T23:15:36.336+0000] {processor.py:840} INFO - DAG(s) 'example_short_circuit_decorator' retrieved from /home/airflow/.local/lib/python3.12/site-packages/airflow/example_dags/example_short_circuit_decorator.py
[2026-06-12T23:15:36.369+0000] {logging_mixin.py:188} INFO - [2026-06-12T23:15:36.369+0000] {dag.py:3096} INFO - Sync 1 DAGs
[2026-06-12T23:15:36.399+0000] {logging_mixin.py:188} INFO - [2026-06-12T23:15:36.399+0000] {dag.py:3954} INFO - Setting next_dagrun for example_short_circuit_decorator to 2026-06-11 00:00:00+00:00, run_after=2026-06-12 00:00:00+00:00
[2026-06-12T23:15:36.424+0000] {processor.py:183} INFO - Processing /home/airflow/.local/lib/python3.12/site-packages/airflow/example_dags/example_short_circuit_decorator.py took 0.113 seconds
[2026-06-12T23:16:07.165+0000] {processor.py:161} INFO - Started process (PID=8142) to work on /home/airflow/.local/lib/python3.12/site-packages/airflow/example_dags/example_short_circuit_decorator.py
[2026-06-12T23:16:07.168+0000] {processor.py:830} INFO - Processing file /home/airflow/.local/lib/python3.12/site-packages/airflow/example_dags/example_short_circuit_decorator.py for tasks to queue
[2026-06-12T23:16:07.172+0000] {logging_mixin.py:188} INFO - [2026-06-12T23:16:07.172+0000] {dagbag.py:545} INFO - Filling up the DagBag from /home/airflow/.local/lib/python3.12/site-packages/airflow/example_dags/example_short_circuit_decorator.py
[2026-06-12T23:16:07.195+0000] {processor.py:840} INFO - DAG(s) 'example_short_circuit_decorator' retrieved from /home/airflow/.local/lib/python3.12/site-packages/airflow/example_dags/example_short_circuit_decorator.py
[2026-06-12T23:16:07.327+0000] {logging_mixin.py:188} INFO - [2026-06-12T23:16:07.326+0000] {dag.py:3096} INFO - Sync 1 DAGs
[2026-06-12T23:16:07.380+0000] {logging_mixin.py:188} INFO - [2026-06-12T23:16:07.379+0000] {dag.py:3954} INFO - Setting next_dagrun for example_short_circuit_decorator to 2026-06-11 00:00:00+00:00, run_after=2026-06-12 00:00:00+00:00
[2026-06-12T23:16:07.426+0000] {processor.py:183} INFO - Processing /home/airflow/.local/lib/python3.12/site-packages/airflow/example_dags/example_short_circuit_decorator.py took 0.281 seconds
[2026-06-12T23:16:38.079+0000] {processor.py:161} INFO - Started process (PID=8204) to work on /home/airflow/.local/lib/python3.12/site-packages/airflow/example_dags/example_short_circuit_decorator.py
[2026-06-12T23:16:38.082+0000] {processor.py:830} INFO - Processing file /home/airflow/.local/lib/python3.12/site-packages/airflow/example_dags/example_short_circuit_decorator.py for tasks to queue
[2026-06-12T23:16:38.086+0000] {logging_mixin.py:188} INFO - [2026-06-12T23:16:38.086+0000] {dagbag.py:545} INFO - Filling up the DagBag from /home/airflow/.local/lib/python3.12/site-packages/airflow/example_dags/example_short_circuit_decorator.py
[2026-06-12T23:16:38.125+0000] {processor.py:840} INFO - DAG(s) 'example_short_circuit_decorator' retrieved from /home/airflow/.local/lib/python3.12/site-packages/airflow/example_dags/example_short_circuit_decorator.py
[2026-06-12T23:16:38.198+0000] {logging_mixin.py:188} INFO - [2026-06-12T23:16:38.197+0000] {dag.py:3096} INFO - Sync 1 DAGs
[2026-06-12T23:16:38.307+0000] {logging_mixin.py:188} INFO - [2026-06-12T23:16:38.307+0000] {dag.py:3954} INFO - Setting next_dagrun for example_short_circuit_decorator to 2026-06-11 00:00:00+00:00, run_after=2026-06-12 00:00:00+00:00
[2026-06-12T23:16:38.344+0000] {processor.py:183} INFO - Processing /home/airflow/.local/lib/python3.12/site-packages/airflow/example_dags/example_short_circuit_decorator.py took 0.283 seconds
[2026-06-12T23:17:09.056+0000] {processor.py:161} INFO - Started process (PID=8267) to work on /home/airflow/.local/lib/python3.12/site-packages/airflow/example_dags/example_short_circuit_decorator.py
[2026-06-12T23:17:09.057+0000] {processor.py:830} INFO - Processing file /home/airflow/.local/lib/python3.12/site-packages/airflow/example_dags/example_short_circuit_decorator.py for tasks to queue
[2026-06-12T23:17:09.059+0000] {logging_mixin.py:188} INFO - [2026-06-12T23:17:09.059+0000] {dagbag.py:545} INFO - Filling up the DagBag from /home/airflow/.local/lib/python3.12/site-packages/airflow/example_dags/example_short_circuit_decorator.py
[2026-06-12T23:17:09.070+0000] {processor.py:840} INFO - DAG(s) 'example_short_circuit_decorator' retrieved from /home/airflow/.local/lib/python3.12/site-packages/airflow/example_dags/example_short_circuit_decorator.py
[2026-06-12T23:17:09.104+0000] {logging_mixin.py:188} INFO - [2026-06-12T23:17:09.104+0000] {dag.py:3096} INFO - Sync 1 DAGs
[2026-06-12T23:17:09.134+0000] {logging_mixin.py:188} INFO - [2026-06-12T23:17:09.133+0000] {dag.py:3954} INFO - Setting next_dagrun for example_short_circuit_decorator to 2026-06-11 00:00:00+00:00, run_after=2026-06-12 00:00:00+00:00
[2026-06-12T23:17:09.171+0000] {processor.py:183} INFO - Processing /home/airflow/.local/lib/python3.12/site-packages/airflow/example_dags/example_short_circuit_decorator.py took 0.123 seconds
[2026-06-12T23:17:39.804+0000] {processor.py:161} INFO - Started process (PID=8329) to work on /home/airflow/.local/lib/python3.12/site-packages/airflow/example_dags/example_short_circuit_decorator.py
[2026-06-12T23:17:39.805+0000] {processor.py:830} INFO - Processing file /home/airflow/.local/lib/python3.12/site-packages/airflow/example_dags/example_short_circuit_decorator.py for tasks to queue
[2026-06-12T23:17:39.807+0000] {logging_mixin.py:188} INFO - [2026-06-12T23:17:39.807+0000] {dagbag.py:545} INFO - Filling up the DagBag from /home/airflow/.local/lib/python3.12/site-packages/airflow/example_dags/example_short_circuit_decorator.py
[2026-06-12T23:17:39.820+0000] {processor.py:840} INFO - DAG(s) 'example_short_circuit_decorator' retrieved from /home/airflow/.local/lib/python3.12/site-packages/airflow/example_dags/example_short_circuit_decorator.py
[2026-06-12T23:17:39.853+0000] {logging_mixin.py:188} INFO - [2026-06-12T23:17:39.853+0000] {dag.py:3096} INFO - Sync 1 DAGs
[2026-06-12T23:17:39.886+0000] {logging_mixin.py:188} INFO - [2026-06-12T23:17:39.886+0000] {dag.py:3954} INFO - Setting next_dagrun for example_short_circuit_decorator to 2026-06-11 00:00:00+00:00, run_after=2026-06-12 00:00:00+00:00
[2026-06-12T23:17:39.907+0000] {processor.py:183} INFO - Processing /home/airflow/.local/lib/python3.12/site-packages/airflow/example_dags/example_short_circuit_decorator.py took 0.115 seconds
[2026-06-12T23:18:10.506+0000] {processor.py:161} INFO - Started process (PID=8391) to work on /home/airflow/.local/lib/python3.12/site-packages/airflow/example_dags/example_short_circuit_decorator.py
[2026-06-12T23:18:10.507+0000] {processor.py:830} INFO - Processing file /home/airflow/.local/lib/python3.12/site-packages/airflow/example_dags/example_short_circuit_decorator.py for tasks to queue
[2026-06-12T23:18:10.509+0000] {logging_mixin.py:188} INFO - [2026-06-12T23:18:10.508+0000] {dagbag.py:545} INFO - Filling up the DagBag from /home/airflow/.local/lib/python3.12/site-packages/airflow/example_dags/example_short_circuit_decorator.py
[2026-06-12T23:18:10.519+0000] {processor.py:840} INFO - DAG(s) 'example_short_circuit_decorator' retrieved from /home/airflow/.local/lib/python3.12/site-packages/airflow/example_dags/example_short_circuit_decorator.py
[2026-06-12T23:18:10.550+0000] {logging_mixin.py:188} INFO - [2026-06-12T23:18:10.550+0000] {dag.py:3096} INFO - Sync 1 DAGs
[2026-06-12T23:18:10.582+0000] {logging_mixin.py:188} INFO - [2026-06-12T23:18:10.581+0000] {dag.py:3954} INFO - Setting next_dagrun for example_short_circuit_decorator to 2026-06-11 00:00:00+00:00, run_after=2026-06-12 00:00:00+00:00
[2026-06-12T23:18:10.603+0000] {processor.py:183} INFO - Processing /home/airflow/.local/lib/python3.12/site-packages/airflow/example_dags/example_short_circuit_decorator.py took 0.104 seconds
