[2026-06-12T13:21:23.388+0000] {processor.py:161} INFO - Started process (PID=112) to work on /home/airflow/.local/lib/python3.12/site-packages/airflow/example_dags/example_params_ui_tutorial.py
[2026-06-12T13:21:23.391+0000] {processor.py:830} INFO - Processing file /home/airflow/.local/lib/python3.12/site-packages/airflow/example_dags/example_params_ui_tutorial.py for tasks to queue
[2026-06-12T13:21:23.395+0000] {logging_mixin.py:188} INFO - [2026-06-12T13:21:23.394+0000] {dagbag.py:545} INFO - Filling up the DagBag from /home/airflow/.local/lib/python3.12/site-packages/airflow/example_dags/example_params_ui_tutorial.py
[2026-06-12T13:21:23.428+0000] {processor.py:840} INFO - DAG(s) 'example_params_ui_tutorial' retrieved from /home/airflow/.local/lib/python3.12/site-packages/airflow/example_dags/example_params_ui_tutorial.py
[2026-06-12T13:21:23.911+0000] {logging_mixin.py:188} INFO - [2026-06-12T13:21:23.910+0000] {dag.py:3096} INFO - Sync 1 DAGs
[2026-06-12T13:21:23.944+0000] {logging_mixin.py:188} INFO - [2026-06-12T13:21:23.943+0000] {dag.py:3954} INFO - Setting next_dagrun for example_params_ui_tutorial to None, run_after=None
[2026-06-12T13:21:23.994+0000] {processor.py:183} INFO - Processing /home/airflow/.local/lib/python3.12/site-packages/airflow/example_dags/example_params_ui_tutorial.py took 0.620 seconds
[2026-06-12T13:21:54.697+0000] {processor.py:161} INFO - Started process (PID=174) to work on /home/airflow/.local/lib/python3.12/site-packages/airflow/example_dags/example_params_ui_tutorial.py
[2026-06-12T13:21:54.698+0000] {processor.py:830} INFO - Processing file /home/airflow/.local/lib/python3.12/site-packages/airflow/example_dags/example_params_ui_tutorial.py for tasks to queue
[2026-06-12T13:21:54.700+0000] {logging_mixin.py:188} INFO - [2026-06-12T13:21:54.700+0000] {dagbag.py:545} INFO - Filling up the DagBag from /home/airflow/.local/lib/python3.12/site-packages/airflow/example_dags/example_params_ui_tutorial.py
[2026-06-12T13:21:54.714+0000] {processor.py:840} INFO - DAG(s) 'example_params_ui_tutorial' retrieved from /home/airflow/.local/lib/python3.12/site-packages/airflow/example_dags/example_params_ui_tutorial.py
[2026-06-12T13:21:54.797+0000] {logging_mixin.py:188} INFO - [2026-06-12T13:21:54.796+0000] {dag.py:3096} INFO - Sync 1 DAGs
[2026-06-12T13:21:54.812+0000] {logging_mixin.py:188} INFO - [2026-06-12T13:21:54.811+0000] {dag.py:3954} INFO - Setting next_dagrun for example_params_ui_tutorial to None, run_after=None
[2026-06-12T13:21:54.833+0000] {processor.py:183} INFO - Processing /home/airflow/.local/lib/python3.12/site-packages/airflow/example_dags/example_params_ui_tutorial.py took 0.143 seconds
[2026-06-12T13:22:24.916+0000] {processor.py:161} INFO - Started process (PID=236) to work on /home/airflow/.local/lib/python3.12/site-packages/airflow/example_dags/example_params_ui_tutorial.py
[2026-06-12T13:22:24.923+0000] {processor.py:830} INFO - Processing file /home/airflow/.local/lib/python3.12/site-packages/airflow/example_dags/example_params_ui_tutorial.py for tasks to queue
[2026-06-12T13:22:24.930+0000] {logging_mixin.py:188} INFO - [2026-06-12T13:22:24.930+0000] {dagbag.py:545} INFO - Filling up the DagBag from /home/airflow/.local/lib/python3.12/site-packages/airflow/example_dags/example_params_ui_tutorial.py
[2026-06-12T13:22:25.034+0000] {processor.py:840} INFO - DAG(s) 'example_params_ui_tutorial' retrieved from /home/airflow/.local/lib/python3.12/site-packages/airflow/example_dags/example_params_ui_tutorial.py
[2026-06-12T13:22:25.213+0000] {logging_mixin.py:188} INFO - [2026-06-12T13:22:25.213+0000] {dag.py:3096} INFO - Sync 1 DAGs
[2026-06-12T13:22:25.249+0000] {logging_mixin.py:188} INFO - [2026-06-12T13:22:25.249+0000] {dag.py:3954} INFO - Setting next_dagrun for example_params_ui_tutorial to None, run_after=None
[2026-06-12T13:22:25.290+0000] {processor.py:183} INFO - Processing /home/airflow/.local/lib/python3.12/site-packages/airflow/example_dags/example_params_ui_tutorial.py took 0.387 seconds
[2026-06-12T13:22:56.085+0000] {processor.py:161} INFO - Started process (PID=298) to work on /home/airflow/.local/lib/python3.12/site-packages/airflow/example_dags/example_params_ui_tutorial.py
[2026-06-12T13:22:56.087+0000] {processor.py:830} INFO - Processing file /home/airflow/.local/lib/python3.12/site-packages/airflow/example_dags/example_params_ui_tutorial.py for tasks to queue
[2026-06-12T13:22:56.091+0000] {logging_mixin.py:188} INFO - [2026-06-12T13:22:56.091+0000] {dagbag.py:545} INFO - Filling up the DagBag from /home/airflow/.local/lib/python3.12/site-packages/airflow/example_dags/example_params_ui_tutorial.py
[2026-06-12T13:22:56.125+0000] {processor.py:840} INFO - DAG(s) 'example_params_ui_tutorial' retrieved from /home/airflow/.local/lib/python3.12/site-packages/airflow/example_dags/example_params_ui_tutorial.py
[2026-06-12T13:22:56.247+0000] {logging_mixin.py:188} INFO - [2026-06-12T13:22:56.246+0000] {dag.py:3096} INFO - Sync 1 DAGs
[2026-06-12T13:22:56.263+0000] {logging_mixin.py:188} INFO - [2026-06-12T13:22:56.263+0000] {dag.py:3954} INFO - Setting next_dagrun for example_params_ui_tutorial to None, run_after=None
[2026-06-12T13:22:56.291+0000] {processor.py:183} INFO - Processing /home/airflow/.local/lib/python3.12/site-packages/airflow/example_dags/example_params_ui_tutorial.py took 0.218 seconds
[2026-06-12T13:23:26.440+0000] {processor.py:161} INFO - Started process (PID=360) to work on /home/airflow/.local/lib/python3.12/site-packages/airflow/example_dags/example_params_ui_tutorial.py
[2026-06-12T13:23:26.441+0000] {processor.py:830} INFO - Processing file /home/airflow/.local/lib/python3.12/site-packages/airflow/example_dags/example_params_ui_tutorial.py for tasks to queue
[2026-06-12T13:23:26.443+0000] {logging_mixin.py:188} INFO - [2026-06-12T13:23:26.442+0000] {dagbag.py:545} INFO - Filling up the DagBag from /home/airflow/.local/lib/python3.12/site-packages/airflow/example_dags/example_params_ui_tutorial.py
[2026-06-12T13:23:26.457+0000] {processor.py:840} INFO - DAG(s) 'example_params_ui_tutorial' retrieved from /home/airflow/.local/lib/python3.12/site-packages/airflow/example_dags/example_params_ui_tutorial.py
[2026-06-12T13:23:26.533+0000] {logging_mixin.py:188} INFO - [2026-06-12T13:23:26.532+0000] {dag.py:3096} INFO - Sync 1 DAGs
[2026-06-12T13:23:26.549+0000] {logging_mixin.py:188} INFO - [2026-06-12T13:23:26.549+0000] {dag.py:3954} INFO - Setting next_dagrun for example_params_ui_tutorial to None, run_after=None
[2026-06-12T13:23:26.570+0000] {processor.py:183} INFO - Processing /home/airflow/.local/lib/python3.12/site-packages/airflow/example_dags/example_params_ui_tutorial.py took 0.137 seconds
[2026-06-12T13:23:56.948+0000] {processor.py:161} INFO - Started process (PID=422) to work on /home/airflow/.local/lib/python3.12/site-packages/airflow/example_dags/example_params_ui_tutorial.py
[2026-06-12T13:23:56.948+0000] {processor.py:830} INFO - Processing file /home/airflow/.local/lib/python3.12/site-packages/airflow/example_dags/example_params_ui_tutorial.py for tasks to queue
[2026-06-12T13:23:56.950+0000] {logging_mixin.py:188} INFO - [2026-06-12T13:23:56.950+0000] {dagbag.py:545} INFO - Filling up the DagBag from /home/airflow/.local/lib/python3.12/site-packages/airflow/example_dags/example_params_ui_tutorial.py
[2026-06-12T13:23:56.959+0000] {processor.py:840} INFO - DAG(s) 'example_params_ui_tutorial' retrieved from /home/airflow/.local/lib/python3.12/site-packages/airflow/example_dags/example_params_ui_tutorial.py
[2026-06-12T13:23:57.006+0000] {logging_mixin.py:188} INFO - [2026-06-12T13:23:57.006+0000] {dag.py:3096} INFO - Sync 1 DAGs
[2026-06-12T13:23:57.017+0000] {logging_mixin.py:188} INFO - [2026-06-12T13:23:57.017+0000] {dag.py:3954} INFO - Setting next_dagrun for example_params_ui_tutorial to None, run_after=None
[2026-06-12T13:23:57.032+0000] {processor.py:183} INFO - Processing /home/airflow/.local/lib/python3.12/site-packages/airflow/example_dags/example_params_ui_tutorial.py took 0.090 seconds
[2026-06-12T13:24:27.537+0000] {processor.py:161} INFO - Started process (PID=483) to work on /home/airflow/.local/lib/python3.12/site-packages/airflow/example_dags/example_params_ui_tutorial.py
[2026-06-12T13:24:27.538+0000] {processor.py:830} INFO - Processing file /home/airflow/.local/lib/python3.12/site-packages/airflow/example_dags/example_params_ui_tutorial.py for tasks to queue
[2026-06-12T13:24:27.540+0000] {logging_mixin.py:188} INFO - [2026-06-12T13:24:27.540+0000] {dagbag.py:545} INFO - Filling up the DagBag from /home/airflow/.local/lib/python3.12/site-packages/airflow/example_dags/example_params_ui_tutorial.py
[2026-06-12T13:24:27.554+0000] {processor.py:840} INFO - DAG(s) 'example_params_ui_tutorial' retrieved from /home/airflow/.local/lib/python3.12/site-packages/airflow/example_dags/example_params_ui_tutorial.py
[2026-06-12T13:24:27.632+0000] {logging_mixin.py:188} INFO - [2026-06-12T13:24:27.631+0000] {dag.py:3096} INFO - Sync 1 DAGs
[2026-06-12T13:24:27.648+0000] {logging_mixin.py:188} INFO - [2026-06-12T13:24:27.648+0000] {dag.py:3954} INFO - Setting next_dagrun for example_params_ui_tutorial to None, run_after=None
[2026-06-12T13:24:27.668+0000] {processor.py:183} INFO - Processing /home/airflow/.local/lib/python3.12/site-packages/airflow/example_dags/example_params_ui_tutorial.py took 0.138 seconds
[2026-06-12T13:24:57.746+0000] {processor.py:161} INFO - Started process (PID=545) to work on /home/airflow/.local/lib/python3.12/site-packages/airflow/example_dags/example_params_ui_tutorial.py
[2026-06-12T13:24:57.747+0000] {processor.py:830} INFO - Processing file /home/airflow/.local/lib/python3.12/site-packages/airflow/example_dags/example_params_ui_tutorial.py for tasks to queue
[2026-06-12T13:24:57.749+0000] {logging_mixin.py:188} INFO - [2026-06-12T13:24:57.748+0000] {dagbag.py:545} INFO - Filling up the DagBag from /home/airflow/.local/lib/python3.12/site-packages/airflow/example_dags/example_params_ui_tutorial.py
[2026-06-12T13:24:57.762+0000] {processor.py:840} INFO - DAG(s) 'example_params_ui_tutorial' retrieved from /home/airflow/.local/lib/python3.12/site-packages/airflow/example_dags/example_params_ui_tutorial.py
[2026-06-12T13:24:57.858+0000] {logging_mixin.py:188} INFO - [2026-06-12T13:24:57.858+0000] {dag.py:3096} INFO - Sync 1 DAGs
[2026-06-12T13:24:57.873+0000] {logging_mixin.py:188} INFO - [2026-06-12T13:24:57.873+0000] {dag.py:3954} INFO - Setting next_dagrun for example_params_ui_tutorial to None, run_after=None
[2026-06-12T13:24:57.892+0000] {processor.py:183} INFO - Processing /home/airflow/.local/lib/python3.12/site-packages/airflow/example_dags/example_params_ui_tutorial.py took 0.153 seconds
[2026-06-12T13:25:28.573+0000] {processor.py:161} INFO - Started process (PID=607) to work on /home/airflow/.local/lib/python3.12/site-packages/airflow/example_dags/example_params_ui_tutorial.py
[2026-06-12T13:25:28.574+0000] {processor.py:830} INFO - Processing file /home/airflow/.local/lib/python3.12/site-packages/airflow/example_dags/example_params_ui_tutorial.py for tasks to queue
[2026-06-12T13:25:28.576+0000] {logging_mixin.py:188} INFO - [2026-06-12T13:25:28.576+0000] {dagbag.py:545} INFO - Filling up the DagBag from /home/airflow/.local/lib/python3.12/site-packages/airflow/example_dags/example_params_ui_tutorial.py
[2026-06-12T13:25:28.589+0000] {processor.py:840} INFO - DAG(s) 'example_params_ui_tutorial' retrieved from /home/airflow/.local/lib/python3.12/site-packages/airflow/example_dags/example_params_ui_tutorial.py
[2026-06-12T13:25:28.686+0000] {logging_mixin.py:188} INFO - [2026-06-12T13:25:28.685+0000] {dag.py:3096} INFO - Sync 1 DAGs
[2026-06-12T13:25:28.718+0000] {logging_mixin.py:188} INFO - [2026-06-12T13:25:28.717+0000] {dag.py:3954} INFO - Setting next_dagrun for example_params_ui_tutorial to None, run_after=None
[2026-06-12T13:25:28.789+0000] {processor.py:183} INFO - Processing /home/airflow/.local/lib/python3.12/site-packages/airflow/example_dags/example_params_ui_tutorial.py took 0.223 seconds
[2026-06-12T13:25:58.847+0000] {processor.py:161} INFO - Started process (PID=669) to work on /home/airflow/.local/lib/python3.12/site-packages/airflow/example_dags/example_params_ui_tutorial.py
[2026-06-12T13:25:58.848+0000] {processor.py:830} INFO - Processing file /home/airflow/.local/lib/python3.12/site-packages/airflow/example_dags/example_params_ui_tutorial.py for tasks to queue
[2026-06-12T13:25:58.849+0000] {logging_mixin.py:188} INFO - [2026-06-12T13:25:58.849+0000] {dagbag.py:545} INFO - Filling up the DagBag from /home/airflow/.local/lib/python3.12/site-packages/airflow/example_dags/example_params_ui_tutorial.py
[2026-06-12T13:25:58.858+0000] {processor.py:840} INFO - DAG(s) 'example_params_ui_tutorial' retrieved from /home/airflow/.local/lib/python3.12/site-packages/airflow/example_dags/example_params_ui_tutorial.py
[2026-06-12T13:25:58.905+0000] {logging_mixin.py:188} INFO - [2026-06-12T13:25:58.904+0000] {dag.py:3096} INFO - Sync 1 DAGs
[2026-06-12T13:25:58.915+0000] {logging_mixin.py:188} INFO - [2026-06-12T13:25:58.915+0000] {dag.py:3954} INFO - Setting next_dagrun for example_params_ui_tutorial to None, run_after=None
[2026-06-12T13:25:58.930+0000] {processor.py:183} INFO - Processing /home/airflow/.local/lib/python3.12/site-packages/airflow/example_dags/example_params_ui_tutorial.py took 0.089 seconds
[2026-06-12T13:26:33.002+0000] {processor.py:161} INFO - Started process (PID=730) to work on /home/airflow/.local/lib/python3.12/site-packages/airflow/example_dags/example_params_ui_tutorial.py
[2026-06-12T13:26:33.003+0000] {processor.py:830} INFO - Processing file /home/airflow/.local/lib/python3.12/site-packages/airflow/example_dags/example_params_ui_tutorial.py for tasks to queue
[2026-06-12T13:26:33.005+0000] {logging_mixin.py:188} INFO - [2026-06-12T13:26:33.005+0000] {dagbag.py:545} INFO - Filling up the DagBag from /home/airflow/.local/lib/python3.12/site-packages/airflow/example_dags/example_params_ui_tutorial.py
[2026-06-12T13:26:33.018+0000] {processor.py:840} INFO - DAG(s) 'example_params_ui_tutorial' retrieved from /home/airflow/.local/lib/python3.12/site-packages/airflow/example_dags/example_params_ui_tutorial.py
[2026-06-12T13:26:33.100+0000] {logging_mixin.py:188} INFO - [2026-06-12T13:26:33.100+0000] {dag.py:3096} INFO - Sync 1 DAGs
[2026-06-12T13:26:33.116+0000] {logging_mixin.py:188} INFO - [2026-06-12T13:26:33.116+0000] {dag.py:3954} INFO - Setting next_dagrun for example_params_ui_tutorial to None, run_after=None
[2026-06-12T13:26:33.138+0000] {processor.py:183} INFO - Processing /home/airflow/.local/lib/python3.12/site-packages/airflow/example_dags/example_params_ui_tutorial.py took 0.142 seconds
[2026-06-12T13:27:04.637+0000] {processor.py:161} INFO - Started process (PID=791) to work on /home/airflow/.local/lib/python3.12/site-packages/airflow/example_dags/example_params_ui_tutorial.py
[2026-06-12T13:27:04.640+0000] {processor.py:830} INFO - Processing file /home/airflow/.local/lib/python3.12/site-packages/airflow/example_dags/example_params_ui_tutorial.py for tasks to queue
[2026-06-12T13:27:04.642+0000] {logging_mixin.py:188} INFO - [2026-06-12T13:27:04.642+0000] {dagbag.py:545} INFO - Filling up the DagBag from /home/airflow/.local/lib/python3.12/site-packages/airflow/example_dags/example_params_ui_tutorial.py
[2026-06-12T13:27:04.671+0000] {processor.py:840} INFO - DAG(s) 'example_params_ui_tutorial' retrieved from /home/airflow/.local/lib/python3.12/site-packages/airflow/example_dags/example_params_ui_tutorial.py
[2026-06-12T13:27:04.792+0000] {logging_mixin.py:188} INFO - [2026-06-12T13:27:04.791+0000] {dag.py:3096} INFO - Sync 1 DAGs
[2026-06-12T13:27:04.808+0000] {logging_mixin.py:188} INFO - [2026-06-12T13:27:04.808+0000] {dag.py:3954} INFO - Setting next_dagrun for example_params_ui_tutorial to None, run_after=None
[2026-06-12T13:27:04.863+0000] {processor.py:183} INFO - Processing /home/airflow/.local/lib/python3.12/site-packages/airflow/example_dags/example_params_ui_tutorial.py took 0.242 seconds
[2026-06-12T13:27:35.674+0000] {processor.py:161} INFO - Started process (PID=853) to work on /home/airflow/.local/lib/python3.12/site-packages/airflow/example_dags/example_params_ui_tutorial.py
[2026-06-12T13:27:35.675+0000] {processor.py:830} INFO - Processing file /home/airflow/.local/lib/python3.12/site-packages/airflow/example_dags/example_params_ui_tutorial.py for tasks to queue
[2026-06-12T13:27:35.677+0000] {logging_mixin.py:188} INFO - [2026-06-12T13:27:35.676+0000] {dagbag.py:545} INFO - Filling up the DagBag from /home/airflow/.local/lib/python3.12/site-packages/airflow/example_dags/example_params_ui_tutorial.py
[2026-06-12T13:27:35.690+0000] {processor.py:840} INFO - DAG(s) 'example_params_ui_tutorial' retrieved from /home/airflow/.local/lib/python3.12/site-packages/airflow/example_dags/example_params_ui_tutorial.py
[2026-06-12T13:27:35.767+0000] {logging_mixin.py:188} INFO - [2026-06-12T13:27:35.767+0000] {dag.py:3096} INFO - Sync 1 DAGs
[2026-06-12T13:27:35.783+0000] {logging_mixin.py:188} INFO - [2026-06-12T13:27:35.783+0000] {dag.py:3954} INFO - Setting next_dagrun for example_params_ui_tutorial to None, run_after=None
[2026-06-12T13:27:35.802+0000] {processor.py:183} INFO - Processing /home/airflow/.local/lib/python3.12/site-packages/airflow/example_dags/example_params_ui_tutorial.py took 0.135 seconds
[2026-06-12T13:28:06.122+0000] {processor.py:161} INFO - Started process (PID=915) to work on /home/airflow/.local/lib/python3.12/site-packages/airflow/example_dags/example_params_ui_tutorial.py
[2026-06-12T13:28:06.124+0000] {processor.py:830} INFO - Processing file /home/airflow/.local/lib/python3.12/site-packages/airflow/example_dags/example_params_ui_tutorial.py for tasks to queue
[2026-06-12T13:28:06.126+0000] {logging_mixin.py:188} INFO - [2026-06-12T13:28:06.125+0000] {dagbag.py:545} INFO - Filling up the DagBag from /home/airflow/.local/lib/python3.12/site-packages/airflow/example_dags/example_params_ui_tutorial.py
[2026-06-12T13:28:06.140+0000] {processor.py:840} INFO - DAG(s) 'example_params_ui_tutorial' retrieved from /home/airflow/.local/lib/python3.12/site-packages/airflow/example_dags/example_params_ui_tutorial.py
[2026-06-12T13:28:06.218+0000] {logging_mixin.py:188} INFO - [2026-06-12T13:28:06.217+0000] {dag.py:3096} INFO - Sync 1 DAGs
[2026-06-12T13:28:06.235+0000] {logging_mixin.py:188} INFO - [2026-06-12T13:28:06.235+0000] {dag.py:3954} INFO - Setting next_dagrun for example_params_ui_tutorial to None, run_after=None
[2026-06-12T13:28:06.257+0000] {processor.py:183} INFO - Processing /home/airflow/.local/lib/python3.12/site-packages/airflow/example_dags/example_params_ui_tutorial.py took 0.141 seconds
[2026-06-12T13:28:36.329+0000] {processor.py:161} INFO - Started process (PID=977) to work on /home/airflow/.local/lib/python3.12/site-packages/airflow/example_dags/example_params_ui_tutorial.py
[2026-06-12T13:28:36.330+0000] {processor.py:830} INFO - Processing file /home/airflow/.local/lib/python3.12/site-packages/airflow/example_dags/example_params_ui_tutorial.py for tasks to queue
[2026-06-12T13:28:36.332+0000] {logging_mixin.py:188} INFO - [2026-06-12T13:28:36.331+0000] {dagbag.py:545} INFO - Filling up the DagBag from /home/airflow/.local/lib/python3.12/site-packages/airflow/example_dags/example_params_ui_tutorial.py
[2026-06-12T13:28:36.345+0000] {processor.py:840} INFO - DAG(s) 'example_params_ui_tutorial' retrieved from /home/airflow/.local/lib/python3.12/site-packages/airflow/example_dags/example_params_ui_tutorial.py
[2026-06-12T13:28:36.419+0000] {logging_mixin.py:188} INFO - [2026-06-12T13:28:36.418+0000] {dag.py:3096} INFO - Sync 1 DAGs
[2026-06-12T13:28:36.436+0000] {logging_mixin.py:188} INFO - [2026-06-12T13:28:36.435+0000] {dag.py:3954} INFO - Setting next_dagrun for example_params_ui_tutorial to None, run_after=None
[2026-06-12T13:28:36.456+0000] {processor.py:183} INFO - Processing /home/airflow/.local/lib/python3.12/site-packages/airflow/example_dags/example_params_ui_tutorial.py took 0.134 seconds
[2026-06-12T13:29:06.966+0000] {processor.py:161} INFO - Started process (PID=1039) to work on /home/airflow/.local/lib/python3.12/site-packages/airflow/example_dags/example_params_ui_tutorial.py
[2026-06-12T13:29:06.967+0000] {processor.py:830} INFO - Processing file /home/airflow/.local/lib/python3.12/site-packages/airflow/example_dags/example_params_ui_tutorial.py for tasks to queue
[2026-06-12T13:29:06.969+0000] {logging_mixin.py:188} INFO - [2026-06-12T13:29:06.969+0000] {dagbag.py:545} INFO - Filling up the DagBag from /home/airflow/.local/lib/python3.12/site-packages/airflow/example_dags/example_params_ui_tutorial.py
[2026-06-12T13:29:06.984+0000] {processor.py:840} INFO - DAG(s) 'example_params_ui_tutorial' retrieved from /home/airflow/.local/lib/python3.12/site-packages/airflow/example_dags/example_params_ui_tutorial.py
[2026-06-12T13:29:07.058+0000] {logging_mixin.py:188} INFO - [2026-06-12T13:29:07.058+0000] {dag.py:3096} INFO - Sync 1 DAGs
[2026-06-12T13:29:07.078+0000] {logging_mixin.py:188} INFO - [2026-06-12T13:29:07.077+0000] {dag.py:3954} INFO - Setting next_dagrun for example_params_ui_tutorial to None, run_after=None
[2026-06-12T13:29:07.268+0000] {processor.py:183} INFO - Processing /home/airflow/.local/lib/python3.12/site-packages/airflow/example_dags/example_params_ui_tutorial.py took 0.309 seconds
[2026-06-12T13:29:37.955+0000] {processor.py:161} INFO - Started process (PID=1101) to work on /home/airflow/.local/lib/python3.12/site-packages/airflow/example_dags/example_params_ui_tutorial.py
[2026-06-12T13:29:37.956+0000] {processor.py:830} INFO - Processing file /home/airflow/.local/lib/python3.12/site-packages/airflow/example_dags/example_params_ui_tutorial.py for tasks to queue
[2026-06-12T13:29:37.958+0000] {logging_mixin.py:188} INFO - [2026-06-12T13:29:37.957+0000] {dagbag.py:545} INFO - Filling up the DagBag from /home/airflow/.local/lib/python3.12/site-packages/airflow/example_dags/example_params_ui_tutorial.py
[2026-06-12T13:29:37.971+0000] {processor.py:840} INFO - DAG(s) 'example_params_ui_tutorial' retrieved from /home/airflow/.local/lib/python3.12/site-packages/airflow/example_dags/example_params_ui_tutorial.py
[2026-06-12T13:29:38.056+0000] {logging_mixin.py:188} INFO - [2026-06-12T13:29:38.056+0000] {dag.py:3096} INFO - Sync 1 DAGs
[2026-06-12T13:29:38.073+0000] {logging_mixin.py:188} INFO - [2026-06-12T13:29:38.072+0000] {dag.py:3954} INFO - Setting next_dagrun for example_params_ui_tutorial to None, run_after=None
[2026-06-12T13:29:38.097+0000] {processor.py:183} INFO - Processing /home/airflow/.local/lib/python3.12/site-packages/airflow/example_dags/example_params_ui_tutorial.py took 0.152 seconds
[2026-06-12T13:30:08.805+0000] {processor.py:161} INFO - Started process (PID=1163) to work on /home/airflow/.local/lib/python3.12/site-packages/airflow/example_dags/example_params_ui_tutorial.py
[2026-06-12T13:30:08.806+0000] {processor.py:830} INFO - Processing file /home/airflow/.local/lib/python3.12/site-packages/airflow/example_dags/example_params_ui_tutorial.py for tasks to queue
[2026-06-12T13:30:08.808+0000] {logging_mixin.py:188} INFO - [2026-06-12T13:30:08.808+0000] {dagbag.py:545} INFO - Filling up the DagBag from /home/airflow/.local/lib/python3.12/site-packages/airflow/example_dags/example_params_ui_tutorial.py
[2026-06-12T13:30:08.822+0000] {processor.py:840} INFO - DAG(s) 'example_params_ui_tutorial' retrieved from /home/airflow/.local/lib/python3.12/site-packages/airflow/example_dags/example_params_ui_tutorial.py
[2026-06-12T13:30:08.907+0000] {logging_mixin.py:188} INFO - [2026-06-12T13:30:08.907+0000] {dag.py:3096} INFO - Sync 1 DAGs
[2026-06-12T13:30:08.923+0000] {logging_mixin.py:188} INFO - [2026-06-12T13:30:08.923+0000] {dag.py:3954} INFO - Setting next_dagrun for example_params_ui_tutorial to None, run_after=None
[2026-06-12T13:30:08.944+0000] {processor.py:183} INFO - Processing /home/airflow/.local/lib/python3.12/site-packages/airflow/example_dags/example_params_ui_tutorial.py took 0.146 seconds
[2026-06-12T13:30:39.653+0000] {processor.py:161} INFO - Started process (PID=1225) to work on /home/airflow/.local/lib/python3.12/site-packages/airflow/example_dags/example_params_ui_tutorial.py
[2026-06-12T13:30:39.654+0000] {processor.py:830} INFO - Processing file /home/airflow/.local/lib/python3.12/site-packages/airflow/example_dags/example_params_ui_tutorial.py for tasks to queue
[2026-06-12T13:30:39.656+0000] {logging_mixin.py:188} INFO - [2026-06-12T13:30:39.656+0000] {dagbag.py:545} INFO - Filling up the DagBag from /home/airflow/.local/lib/python3.12/site-packages/airflow/example_dags/example_params_ui_tutorial.py
[2026-06-12T13:30:39.705+0000] {processor.py:840} INFO - DAG(s) 'example_params_ui_tutorial' retrieved from /home/airflow/.local/lib/python3.12/site-packages/airflow/example_dags/example_params_ui_tutorial.py
[2026-06-12T13:30:39.819+0000] {logging_mixin.py:188} INFO - [2026-06-12T13:30:39.819+0000] {dag.py:3096} INFO - Sync 1 DAGs
[2026-06-12T13:30:39.835+0000] {logging_mixin.py:188} INFO - [2026-06-12T13:30:39.835+0000] {dag.py:3954} INFO - Setting next_dagrun for example_params_ui_tutorial to None, run_after=None
[2026-06-12T13:30:39.855+0000] {processor.py:183} INFO - Processing /home/airflow/.local/lib/python3.12/site-packages/airflow/example_dags/example_params_ui_tutorial.py took 0.209 seconds
[2026-06-12T13:31:12.364+0000] {processor.py:161} INFO - Started process (PID=1287) to work on /home/airflow/.local/lib/python3.12/site-packages/airflow/example_dags/example_params_ui_tutorial.py
[2026-06-12T13:31:12.367+0000] {processor.py:830} INFO - Processing file /home/airflow/.local/lib/python3.12/site-packages/airflow/example_dags/example_params_ui_tutorial.py for tasks to queue
[2026-06-12T13:31:12.371+0000] {logging_mixin.py:188} INFO - [2026-06-12T13:31:12.371+0000] {dagbag.py:545} INFO - Filling up the DagBag from /home/airflow/.local/lib/python3.12/site-packages/airflow/example_dags/example_params_ui_tutorial.py
[2026-06-12T13:31:12.385+0000] {processor.py:840} INFO - DAG(s) 'example_params_ui_tutorial' retrieved from /home/airflow/.local/lib/python3.12/site-packages/airflow/example_dags/example_params_ui_tutorial.py
[2026-06-12T13:31:12.506+0000] {logging_mixin.py:188} INFO - [2026-06-12T13:31:12.506+0000] {dag.py:3096} INFO - Sync 1 DAGs
[2026-06-12T13:31:12.532+0000] {logging_mixin.py:188} INFO - [2026-06-12T13:31:12.532+0000] {dag.py:3954} INFO - Setting next_dagrun for example_params_ui_tutorial to None, run_after=None
[2026-06-12T13:31:12.553+0000] {processor.py:183} INFO - Processing /home/airflow/.local/lib/python3.12/site-packages/airflow/example_dags/example_params_ui_tutorial.py took 0.199 seconds
[2026-06-12T13:31:45.674+0000] {processor.py:161} INFO - Started process (PID=1349) to work on /home/airflow/.local/lib/python3.12/site-packages/airflow/example_dags/example_params_ui_tutorial.py
[2026-06-12T13:31:45.677+0000] {processor.py:830} INFO - Processing file /home/airflow/.local/lib/python3.12/site-packages/airflow/example_dags/example_params_ui_tutorial.py for tasks to queue
[2026-06-12T13:31:45.688+0000] {logging_mixin.py:188} INFO - [2026-06-12T13:31:45.679+0000] {dagbag.py:545} INFO - Filling up the DagBag from /home/airflow/.local/lib/python3.12/site-packages/airflow/example_dags/example_params_ui_tutorial.py
[2026-06-12T13:31:45.748+0000] {processor.py:840} INFO - DAG(s) 'example_params_ui_tutorial' retrieved from /home/airflow/.local/lib/python3.12/site-packages/airflow/example_dags/example_params_ui_tutorial.py
[2026-06-12T13:31:46.115+0000] {logging_mixin.py:188} INFO - [2026-06-12T13:31:46.112+0000] {dag.py:3096} INFO - Sync 1 DAGs
[2026-06-12T13:31:46.191+0000] {logging_mixin.py:188} INFO - [2026-06-12T13:31:46.190+0000] {dag.py:3954} INFO - Setting next_dagrun for example_params_ui_tutorial to None, run_after=None
[2026-06-12T13:31:46.286+0000] {processor.py:183} INFO - Processing /home/airflow/.local/lib/python3.12/site-packages/airflow/example_dags/example_params_ui_tutorial.py took 0.722 seconds
[2026-06-12T13:32:16.668+0000] {processor.py:161} INFO - Started process (PID=1411) to work on /home/airflow/.local/lib/python3.12/site-packages/airflow/example_dags/example_params_ui_tutorial.py
[2026-06-12T13:32:16.669+0000] {processor.py:830} INFO - Processing file /home/airflow/.local/lib/python3.12/site-packages/airflow/example_dags/example_params_ui_tutorial.py for tasks to queue
[2026-06-12T13:32:16.671+0000] {logging_mixin.py:188} INFO - [2026-06-12T13:32:16.671+0000] {dagbag.py:545} INFO - Filling up the DagBag from /home/airflow/.local/lib/python3.12/site-packages/airflow/example_dags/example_params_ui_tutorial.py
[2026-06-12T13:32:16.685+0000] {processor.py:840} INFO - DAG(s) 'example_params_ui_tutorial' retrieved from /home/airflow/.local/lib/python3.12/site-packages/airflow/example_dags/example_params_ui_tutorial.py
[2026-06-12T13:32:16.766+0000] {logging_mixin.py:188} INFO - [2026-06-12T13:32:16.766+0000] {dag.py:3096} INFO - Sync 1 DAGs
[2026-06-12T13:32:16.782+0000] {logging_mixin.py:188} INFO - [2026-06-12T13:32:16.782+0000] {dag.py:3954} INFO - Setting next_dagrun for example_params_ui_tutorial to None, run_after=None
[2026-06-12T13:32:16.808+0000] {processor.py:183} INFO - Processing /home/airflow/.local/lib/python3.12/site-packages/airflow/example_dags/example_params_ui_tutorial.py took 0.146 seconds
[2026-06-12T13:32:46.934+0000] {processor.py:161} INFO - Started process (PID=1473) to work on /home/airflow/.local/lib/python3.12/site-packages/airflow/example_dags/example_params_ui_tutorial.py
[2026-06-12T13:32:46.935+0000] {processor.py:830} INFO - Processing file /home/airflow/.local/lib/python3.12/site-packages/airflow/example_dags/example_params_ui_tutorial.py for tasks to queue
[2026-06-12T13:32:46.937+0000] {logging_mixin.py:188} INFO - [2026-06-12T13:32:46.937+0000] {dagbag.py:545} INFO - Filling up the DagBag from /home/airflow/.local/lib/python3.12/site-packages/airflow/example_dags/example_params_ui_tutorial.py
[2026-06-12T13:32:46.955+0000] {processor.py:840} INFO - DAG(s) 'example_params_ui_tutorial' retrieved from /home/airflow/.local/lib/python3.12/site-packages/airflow/example_dags/example_params_ui_tutorial.py
[2026-06-12T13:32:47.030+0000] {logging_mixin.py:188} INFO - [2026-06-12T13:32:47.030+0000] {dag.py:3096} INFO - Sync 1 DAGs
[2026-06-12T13:32:47.046+0000] {logging_mixin.py:188} INFO - [2026-06-12T13:32:47.046+0000] {dag.py:3954} INFO - Setting next_dagrun for example_params_ui_tutorial to None, run_after=None
[2026-06-12T13:32:47.067+0000] {processor.py:183} INFO - Processing /home/airflow/.local/lib/python3.12/site-packages/airflow/example_dags/example_params_ui_tutorial.py took 0.150 seconds
[2026-06-12T13:33:17.407+0000] {processor.py:161} INFO - Started process (PID=1535) to work on /home/airflow/.local/lib/python3.12/site-packages/airflow/example_dags/example_params_ui_tutorial.py
[2026-06-12T13:33:17.408+0000] {processor.py:830} INFO - Processing file /home/airflow/.local/lib/python3.12/site-packages/airflow/example_dags/example_params_ui_tutorial.py for tasks to queue
[2026-06-12T13:33:17.413+0000] {logging_mixin.py:188} INFO - [2026-06-12T13:33:17.412+0000] {dagbag.py:545} INFO - Filling up the DagBag from /home/airflow/.local/lib/python3.12/site-packages/airflow/example_dags/example_params_ui_tutorial.py
[2026-06-12T13:33:17.428+0000] {processor.py:840} INFO - DAG(s) 'example_params_ui_tutorial' retrieved from /home/airflow/.local/lib/python3.12/site-packages/airflow/example_dags/example_params_ui_tutorial.py
[2026-06-12T13:33:17.504+0000] {logging_mixin.py:188} INFO - [2026-06-12T13:33:17.504+0000] {dag.py:3096} INFO - Sync 1 DAGs
[2026-06-12T13:33:17.521+0000] {logging_mixin.py:188} INFO - [2026-06-12T13:33:17.521+0000] {dag.py:3954} INFO - Setting next_dagrun for example_params_ui_tutorial to None, run_after=None
[2026-06-12T13:33:17.542+0000] {processor.py:183} INFO - Processing /home/airflow/.local/lib/python3.12/site-packages/airflow/example_dags/example_params_ui_tutorial.py took 0.141 seconds
[2026-06-12T13:33:47.791+0000] {processor.py:161} INFO - Started process (PID=1597) to work on /home/airflow/.local/lib/python3.12/site-packages/airflow/example_dags/example_params_ui_tutorial.py
[2026-06-12T13:33:47.792+0000] {processor.py:830} INFO - Processing file /home/airflow/.local/lib/python3.12/site-packages/airflow/example_dags/example_params_ui_tutorial.py for tasks to queue
[2026-06-12T13:33:47.794+0000] {logging_mixin.py:188} INFO - [2026-06-12T13:33:47.793+0000] {dagbag.py:545} INFO - Filling up the DagBag from /home/airflow/.local/lib/python3.12/site-packages/airflow/example_dags/example_params_ui_tutorial.py
[2026-06-12T13:33:47.807+0000] {processor.py:840} INFO - DAG(s) 'example_params_ui_tutorial' retrieved from /home/airflow/.local/lib/python3.12/site-packages/airflow/example_dags/example_params_ui_tutorial.py
[2026-06-12T13:33:47.893+0000] {logging_mixin.py:188} INFO - [2026-06-12T13:33:47.893+0000] {dag.py:3096} INFO - Sync 1 DAGs
[2026-06-12T13:33:47.909+0000] {logging_mixin.py:188} INFO - [2026-06-12T13:33:47.909+0000] {dag.py:3954} INFO - Setting next_dagrun for example_params_ui_tutorial to None, run_after=None
[2026-06-12T13:33:47.942+0000] {processor.py:183} INFO - Processing /home/airflow/.local/lib/python3.12/site-packages/airflow/example_dags/example_params_ui_tutorial.py took 0.158 seconds
[2026-06-12T13:34:18.889+0000] {processor.py:161} INFO - Started process (PID=1659) to work on /home/airflow/.local/lib/python3.12/site-packages/airflow/example_dags/example_params_ui_tutorial.py
[2026-06-12T13:34:18.890+0000] {processor.py:830} INFO - Processing file /home/airflow/.local/lib/python3.12/site-packages/airflow/example_dags/example_params_ui_tutorial.py for tasks to queue
[2026-06-12T13:34:18.892+0000] {logging_mixin.py:188} INFO - [2026-06-12T13:34:18.892+0000] {dagbag.py:545} INFO - Filling up the DagBag from /home/airflow/.local/lib/python3.12/site-packages/airflow/example_dags/example_params_ui_tutorial.py
[2026-06-12T13:34:18.906+0000] {processor.py:840} INFO - DAG(s) 'example_params_ui_tutorial' retrieved from /home/airflow/.local/lib/python3.12/site-packages/airflow/example_dags/example_params_ui_tutorial.py
[2026-06-12T13:34:18.980+0000] {logging_mixin.py:188} INFO - [2026-06-12T13:34:18.980+0000] {dag.py:3096} INFO - Sync 1 DAGs
[2026-06-12T13:34:18.997+0000] {logging_mixin.py:188} INFO - [2026-06-12T13:34:18.996+0000] {dag.py:3954} INFO - Setting next_dagrun for example_params_ui_tutorial to None, run_after=None
[2026-06-12T13:34:19.021+0000] {processor.py:183} INFO - Processing /home/airflow/.local/lib/python3.12/site-packages/airflow/example_dags/example_params_ui_tutorial.py took 0.141 seconds
[2026-06-12T13:34:50.068+0000] {processor.py:161} INFO - Started process (PID=1721) to work on /home/airflow/.local/lib/python3.12/site-packages/airflow/example_dags/example_params_ui_tutorial.py
[2026-06-12T13:34:50.068+0000] {processor.py:830} INFO - Processing file /home/airflow/.local/lib/python3.12/site-packages/airflow/example_dags/example_params_ui_tutorial.py for tasks to queue
[2026-06-12T13:34:50.070+0000] {logging_mixin.py:188} INFO - [2026-06-12T13:34:50.070+0000] {dagbag.py:545} INFO - Filling up the DagBag from /home/airflow/.local/lib/python3.12/site-packages/airflow/example_dags/example_params_ui_tutorial.py
[2026-06-12T13:34:50.084+0000] {processor.py:840} INFO - DAG(s) 'example_params_ui_tutorial' retrieved from /home/airflow/.local/lib/python3.12/site-packages/airflow/example_dags/example_params_ui_tutorial.py
[2026-06-12T13:34:50.158+0000] {logging_mixin.py:188} INFO - [2026-06-12T13:34:50.157+0000] {dag.py:3096} INFO - Sync 1 DAGs
[2026-06-12T13:34:50.174+0000] {logging_mixin.py:188} INFO - [2026-06-12T13:34:50.174+0000] {dag.py:3954} INFO - Setting next_dagrun for example_params_ui_tutorial to None, run_after=None
[2026-06-12T13:34:50.193+0000] {processor.py:183} INFO - Processing /home/airflow/.local/lib/python3.12/site-packages/airflow/example_dags/example_params_ui_tutorial.py took 0.132 seconds
[2026-06-12T13:35:20.976+0000] {processor.py:161} INFO - Started process (PID=1782) to work on /home/airflow/.local/lib/python3.12/site-packages/airflow/example_dags/example_params_ui_tutorial.py
[2026-06-12T13:35:20.977+0000] {processor.py:830} INFO - Processing file /home/airflow/.local/lib/python3.12/site-packages/airflow/example_dags/example_params_ui_tutorial.py for tasks to queue
[2026-06-12T13:35:20.979+0000] {logging_mixin.py:188} INFO - [2026-06-12T13:35:20.979+0000] {dagbag.py:545} INFO - Filling up the DagBag from /home/airflow/.local/lib/python3.12/site-packages/airflow/example_dags/example_params_ui_tutorial.py
[2026-06-12T13:35:20.992+0000] {processor.py:840} INFO - DAG(s) 'example_params_ui_tutorial' retrieved from /home/airflow/.local/lib/python3.12/site-packages/airflow/example_dags/example_params_ui_tutorial.py
[2026-06-12T13:35:21.068+0000] {logging_mixin.py:188} INFO - [2026-06-12T13:35:21.068+0000] {dag.py:3096} INFO - Sync 1 DAGs
[2026-06-12T13:35:21.085+0000] {logging_mixin.py:188} INFO - [2026-06-12T13:35:21.084+0000] {dag.py:3954} INFO - Setting next_dagrun for example_params_ui_tutorial to None, run_after=None
[2026-06-12T13:35:21.103+0000] {processor.py:183} INFO - Processing /home/airflow/.local/lib/python3.12/site-packages/airflow/example_dags/example_params_ui_tutorial.py took 0.134 seconds
[2026-06-12T13:35:52.077+0000] {processor.py:161} INFO - Started process (PID=1844) to work on /home/airflow/.local/lib/python3.12/site-packages/airflow/example_dags/example_params_ui_tutorial.py
[2026-06-12T13:35:52.078+0000] {processor.py:830} INFO - Processing file /home/airflow/.local/lib/python3.12/site-packages/airflow/example_dags/example_params_ui_tutorial.py for tasks to queue
[2026-06-12T13:35:52.080+0000] {logging_mixin.py:188} INFO - [2026-06-12T13:35:52.080+0000] {dagbag.py:545} INFO - Filling up the DagBag from /home/airflow/.local/lib/python3.12/site-packages/airflow/example_dags/example_params_ui_tutorial.py
[2026-06-12T13:35:52.096+0000] {processor.py:840} INFO - DAG(s) 'example_params_ui_tutorial' retrieved from /home/airflow/.local/lib/python3.12/site-packages/airflow/example_dags/example_params_ui_tutorial.py
[2026-06-12T13:35:52.174+0000] {logging_mixin.py:188} INFO - [2026-06-12T13:35:52.174+0000] {dag.py:3096} INFO - Sync 1 DAGs
[2026-06-12T13:35:52.190+0000] {logging_mixin.py:188} INFO - [2026-06-12T13:35:52.190+0000] {dag.py:3954} INFO - Setting next_dagrun for example_params_ui_tutorial to None, run_after=None
[2026-06-12T13:35:52.209+0000] {processor.py:183} INFO - Processing /home/airflow/.local/lib/python3.12/site-packages/airflow/example_dags/example_params_ui_tutorial.py took 0.142 seconds
[2026-06-12T13:36:23.767+0000] {processor.py:161} INFO - Started process (PID=1907) to work on /home/airflow/.local/lib/python3.12/site-packages/airflow/example_dags/example_params_ui_tutorial.py
[2026-06-12T13:36:23.768+0000] {processor.py:830} INFO - Processing file /home/airflow/.local/lib/python3.12/site-packages/airflow/example_dags/example_params_ui_tutorial.py for tasks to queue
[2026-06-12T13:36:23.770+0000] {logging_mixin.py:188} INFO - [2026-06-12T13:36:23.770+0000] {dagbag.py:545} INFO - Filling up the DagBag from /home/airflow/.local/lib/python3.12/site-packages/airflow/example_dags/example_params_ui_tutorial.py
[2026-06-12T13:36:23.784+0000] {processor.py:840} INFO - DAG(s) 'example_params_ui_tutorial' retrieved from /home/airflow/.local/lib/python3.12/site-packages/airflow/example_dags/example_params_ui_tutorial.py
[2026-06-12T13:36:23.860+0000] {logging_mixin.py:188} INFO - [2026-06-12T13:36:23.860+0000] {dag.py:3096} INFO - Sync 1 DAGs
[2026-06-12T13:36:23.877+0000] {logging_mixin.py:188} INFO - [2026-06-12T13:36:23.876+0000] {dag.py:3954} INFO - Setting next_dagrun for example_params_ui_tutorial to None, run_after=None
[2026-06-12T13:36:23.897+0000] {processor.py:183} INFO - Processing /home/airflow/.local/lib/python3.12/site-packages/airflow/example_dags/example_params_ui_tutorial.py took 0.137 seconds
[2026-06-12T13:36:55.611+0000] {processor.py:161} INFO - Started process (PID=1975) to work on /home/airflow/.local/lib/python3.12/site-packages/airflow/example_dags/example_params_ui_tutorial.py
[2026-06-12T13:36:55.611+0000] {processor.py:830} INFO - Processing file /home/airflow/.local/lib/python3.12/site-packages/airflow/example_dags/example_params_ui_tutorial.py for tasks to queue
[2026-06-12T13:36:55.614+0000] {logging_mixin.py:188} INFO - [2026-06-12T13:36:55.613+0000] {dagbag.py:545} INFO - Filling up the DagBag from /home/airflow/.local/lib/python3.12/site-packages/airflow/example_dags/example_params_ui_tutorial.py
[2026-06-12T13:36:55.627+0000] {processor.py:840} INFO - DAG(s) 'example_params_ui_tutorial' retrieved from /home/airflow/.local/lib/python3.12/site-packages/airflow/example_dags/example_params_ui_tutorial.py
[2026-06-12T13:36:55.712+0000] {logging_mixin.py:188} INFO - [2026-06-12T13:36:55.711+0000] {dag.py:3096} INFO - Sync 1 DAGs
[2026-06-12T13:36:55.728+0000] {logging_mixin.py:188} INFO - [2026-06-12T13:36:55.728+0000] {dag.py:3954} INFO - Setting next_dagrun for example_params_ui_tutorial to None, run_after=None
[2026-06-12T13:36:55.747+0000] {processor.py:183} INFO - Processing /home/airflow/.local/lib/python3.12/site-packages/airflow/example_dags/example_params_ui_tutorial.py took 0.143 seconds
[2026-06-12T13:37:28.638+0000] {processor.py:161} INFO - Started process (PID=2037) to work on /home/airflow/.local/lib/python3.12/site-packages/airflow/example_dags/example_params_ui_tutorial.py
[2026-06-12T13:37:28.640+0000] {processor.py:830} INFO - Processing file /home/airflow/.local/lib/python3.12/site-packages/airflow/example_dags/example_params_ui_tutorial.py for tasks to queue
[2026-06-12T13:37:28.644+0000] {logging_mixin.py:188} INFO - [2026-06-12T13:37:28.643+0000] {dagbag.py:545} INFO - Filling up the DagBag from /home/airflow/.local/lib/python3.12/site-packages/airflow/example_dags/example_params_ui_tutorial.py
[2026-06-12T13:37:28.680+0000] {processor.py:840} INFO - DAG(s) 'example_params_ui_tutorial' retrieved from /home/airflow/.local/lib/python3.12/site-packages/airflow/example_dags/example_params_ui_tutorial.py
[2026-06-12T13:37:28.872+0000] {logging_mixin.py:188} INFO - [2026-06-12T13:37:28.871+0000] {dag.py:3096} INFO - Sync 1 DAGs
[2026-06-12T13:37:28.903+0000] {logging_mixin.py:188} INFO - [2026-06-12T13:37:28.903+0000] {dag.py:3954} INFO - Setting next_dagrun for example_params_ui_tutorial to None, run_after=None
[2026-06-12T13:37:28.953+0000] {processor.py:183} INFO - Processing /home/airflow/.local/lib/python3.12/site-packages/airflow/example_dags/example_params_ui_tutorial.py took 0.334 seconds
[2026-06-12T13:38:00.116+0000] {processor.py:161} INFO - Started process (PID=2101) to work on /home/airflow/.local/lib/python3.12/site-packages/airflow/example_dags/example_params_ui_tutorial.py
[2026-06-12T13:38:00.117+0000] {processor.py:830} INFO - Processing file /home/airflow/.local/lib/python3.12/site-packages/airflow/example_dags/example_params_ui_tutorial.py for tasks to queue
[2026-06-12T13:38:00.119+0000] {logging_mixin.py:188} INFO - [2026-06-12T13:38:00.118+0000] {dagbag.py:545} INFO - Filling up the DagBag from /home/airflow/.local/lib/python3.12/site-packages/airflow/example_dags/example_params_ui_tutorial.py
[2026-06-12T13:38:00.132+0000] {processor.py:840} INFO - DAG(s) 'example_params_ui_tutorial' retrieved from /home/airflow/.local/lib/python3.12/site-packages/airflow/example_dags/example_params_ui_tutorial.py
[2026-06-12T13:38:00.208+0000] {logging_mixin.py:188} INFO - [2026-06-12T13:38:00.208+0000] {dag.py:3096} INFO - Sync 1 DAGs
[2026-06-12T13:38:00.224+0000] {logging_mixin.py:188} INFO - [2026-06-12T13:38:00.224+0000] {dag.py:3954} INFO - Setting next_dagrun for example_params_ui_tutorial to None, run_after=None
[2026-06-12T13:38:00.244+0000] {processor.py:183} INFO - Processing /home/airflow/.local/lib/python3.12/site-packages/airflow/example_dags/example_params_ui_tutorial.py took 0.135 seconds
[2026-06-12T13:38:32.400+0000] {processor.py:161} INFO - Started process (PID=2163) to work on /home/airflow/.local/lib/python3.12/site-packages/airflow/example_dags/example_params_ui_tutorial.py
[2026-06-12T13:38:32.403+0000] {processor.py:830} INFO - Processing file /home/airflow/.local/lib/python3.12/site-packages/airflow/example_dags/example_params_ui_tutorial.py for tasks to queue
[2026-06-12T13:38:32.405+0000] {logging_mixin.py:188} INFO - [2026-06-12T13:38:32.405+0000] {dagbag.py:545} INFO - Filling up the DagBag from /home/airflow/.local/lib/python3.12/site-packages/airflow/example_dags/example_params_ui_tutorial.py
[2026-06-12T13:38:32.435+0000] {processor.py:840} INFO - DAG(s) 'example_params_ui_tutorial' retrieved from /home/airflow/.local/lib/python3.12/site-packages/airflow/example_dags/example_params_ui_tutorial.py
[2026-06-12T13:38:32.530+0000] {logging_mixin.py:188} INFO - [2026-06-12T13:38:32.530+0000] {dag.py:3096} INFO - Sync 1 DAGs
[2026-06-12T13:38:32.548+0000] {logging_mixin.py:188} INFO - [2026-06-12T13:38:32.547+0000] {dag.py:3954} INFO - Setting next_dagrun for example_params_ui_tutorial to None, run_after=None
[2026-06-12T13:38:32.568+0000] {processor.py:183} INFO - Processing /home/airflow/.local/lib/python3.12/site-packages/airflow/example_dags/example_params_ui_tutorial.py took 0.182 seconds
[2026-06-12T13:39:03.142+0000] {processor.py:161} INFO - Started process (PID=2225) to work on /home/airflow/.local/lib/python3.12/site-packages/airflow/example_dags/example_params_ui_tutorial.py
[2026-06-12T13:39:03.143+0000] {processor.py:830} INFO - Processing file /home/airflow/.local/lib/python3.12/site-packages/airflow/example_dags/example_params_ui_tutorial.py for tasks to queue
[2026-06-12T13:39:03.144+0000] {logging_mixin.py:188} INFO - [2026-06-12T13:39:03.144+0000] {dagbag.py:545} INFO - Filling up the DagBag from /home/airflow/.local/lib/python3.12/site-packages/airflow/example_dags/example_params_ui_tutorial.py
[2026-06-12T13:39:03.158+0000] {processor.py:840} INFO - DAG(s) 'example_params_ui_tutorial' retrieved from /home/airflow/.local/lib/python3.12/site-packages/airflow/example_dags/example_params_ui_tutorial.py
[2026-06-12T13:39:03.236+0000] {logging_mixin.py:188} INFO - [2026-06-12T13:39:03.235+0000] {dag.py:3096} INFO - Sync 1 DAGs
[2026-06-12T13:39:03.252+0000] {logging_mixin.py:188} INFO - [2026-06-12T13:39:03.251+0000] {dag.py:3954} INFO - Setting next_dagrun for example_params_ui_tutorial to None, run_after=None
[2026-06-12T13:39:03.272+0000] {processor.py:183} INFO - Processing /home/airflow/.local/lib/python3.12/site-packages/airflow/example_dags/example_params_ui_tutorial.py took 0.137 seconds
[2026-06-12T13:39:34.448+0000] {processor.py:161} INFO - Started process (PID=2287) to work on /home/airflow/.local/lib/python3.12/site-packages/airflow/example_dags/example_params_ui_tutorial.py
[2026-06-12T13:39:34.449+0000] {processor.py:830} INFO - Processing file /home/airflow/.local/lib/python3.12/site-packages/airflow/example_dags/example_params_ui_tutorial.py for tasks to queue
[2026-06-12T13:39:34.451+0000] {logging_mixin.py:188} INFO - [2026-06-12T13:39:34.450+0000] {dagbag.py:545} INFO - Filling up the DagBag from /home/airflow/.local/lib/python3.12/site-packages/airflow/example_dags/example_params_ui_tutorial.py
[2026-06-12T13:39:34.464+0000] {processor.py:840} INFO - DAG(s) 'example_params_ui_tutorial' retrieved from /home/airflow/.local/lib/python3.12/site-packages/airflow/example_dags/example_params_ui_tutorial.py
[2026-06-12T13:39:34.538+0000] {logging_mixin.py:188} INFO - [2026-06-12T13:39:34.538+0000] {dag.py:3096} INFO - Sync 1 DAGs
[2026-06-12T13:39:34.555+0000] {logging_mixin.py:188} INFO - [2026-06-12T13:39:34.555+0000] {dag.py:3954} INFO - Setting next_dagrun for example_params_ui_tutorial to None, run_after=None
[2026-06-12T13:39:34.574+0000] {processor.py:183} INFO - Processing /home/airflow/.local/lib/python3.12/site-packages/airflow/example_dags/example_params_ui_tutorial.py took 0.133 seconds
[2026-06-12T13:40:06.009+0000] {processor.py:161} INFO - Started process (PID=2350) to work on /home/airflow/.local/lib/python3.12/site-packages/airflow/example_dags/example_params_ui_tutorial.py
[2026-06-12T13:40:06.010+0000] {processor.py:830} INFO - Processing file /home/airflow/.local/lib/python3.12/site-packages/airflow/example_dags/example_params_ui_tutorial.py for tasks to queue
[2026-06-12T13:40:06.012+0000] {logging_mixin.py:188} INFO - [2026-06-12T13:40:06.012+0000] {dagbag.py:545} INFO - Filling up the DagBag from /home/airflow/.local/lib/python3.12/site-packages/airflow/example_dags/example_params_ui_tutorial.py
[2026-06-12T13:40:06.028+0000] {processor.py:840} INFO - DAG(s) 'example_params_ui_tutorial' retrieved from /home/airflow/.local/lib/python3.12/site-packages/airflow/example_dags/example_params_ui_tutorial.py
[2026-06-12T13:40:06.153+0000] {logging_mixin.py:188} INFO - [2026-06-12T13:40:06.153+0000] {dag.py:3096} INFO - Sync 1 DAGs
[2026-06-12T13:40:06.180+0000] {logging_mixin.py:188} INFO - [2026-06-12T13:40:06.180+0000] {dag.py:3954} INFO - Setting next_dagrun for example_params_ui_tutorial to None, run_after=None
[2026-06-12T13:40:06.229+0000] {processor.py:183} INFO - Processing /home/airflow/.local/lib/python3.12/site-packages/airflow/example_dags/example_params_ui_tutorial.py took 0.227 seconds
[2026-06-12T13:40:37.421+0000] {processor.py:161} INFO - Started process (PID=2412) to work on /home/airflow/.local/lib/python3.12/site-packages/airflow/example_dags/example_params_ui_tutorial.py
[2026-06-12T13:40:37.422+0000] {processor.py:830} INFO - Processing file /home/airflow/.local/lib/python3.12/site-packages/airflow/example_dags/example_params_ui_tutorial.py for tasks to queue
[2026-06-12T13:40:37.424+0000] {logging_mixin.py:188} INFO - [2026-06-12T13:40:37.424+0000] {dagbag.py:545} INFO - Filling up the DagBag from /home/airflow/.local/lib/python3.12/site-packages/airflow/example_dags/example_params_ui_tutorial.py
[2026-06-12T13:40:37.438+0000] {processor.py:840} INFO - DAG(s) 'example_params_ui_tutorial' retrieved from /home/airflow/.local/lib/python3.12/site-packages/airflow/example_dags/example_params_ui_tutorial.py
[2026-06-12T13:40:37.514+0000] {logging_mixin.py:188} INFO - [2026-06-12T13:40:37.514+0000] {dag.py:3096} INFO - Sync 1 DAGs
[2026-06-12T13:40:37.531+0000] {logging_mixin.py:188} INFO - [2026-06-12T13:40:37.531+0000] {dag.py:3954} INFO - Setting next_dagrun for example_params_ui_tutorial to None, run_after=None
[2026-06-12T13:40:37.553+0000] {processor.py:183} INFO - Processing /home/airflow/.local/lib/python3.12/site-packages/airflow/example_dags/example_params_ui_tutorial.py took 0.140 seconds
[2026-06-12T13:41:08.398+0000] {processor.py:161} INFO - Started process (PID=2474) to work on /home/airflow/.local/lib/python3.12/site-packages/airflow/example_dags/example_params_ui_tutorial.py
[2026-06-12T13:41:08.399+0000] {processor.py:830} INFO - Processing file /home/airflow/.local/lib/python3.12/site-packages/airflow/example_dags/example_params_ui_tutorial.py for tasks to queue
[2026-06-12T13:41:08.401+0000] {logging_mixin.py:188} INFO - [2026-06-12T13:41:08.401+0000] {dagbag.py:545} INFO - Filling up the DagBag from /home/airflow/.local/lib/python3.12/site-packages/airflow/example_dags/example_params_ui_tutorial.py
[2026-06-12T13:41:08.415+0000] {processor.py:840} INFO - DAG(s) 'example_params_ui_tutorial' retrieved from /home/airflow/.local/lib/python3.12/site-packages/airflow/example_dags/example_params_ui_tutorial.py
[2026-06-12T13:41:08.501+0000] {logging_mixin.py:188} INFO - [2026-06-12T13:41:08.501+0000] {dag.py:3096} INFO - Sync 1 DAGs
[2026-06-12T13:41:08.518+0000] {logging_mixin.py:188} INFO - [2026-06-12T13:41:08.518+0000] {dag.py:3954} INFO - Setting next_dagrun for example_params_ui_tutorial to None, run_after=None
[2026-06-12T13:41:08.538+0000] {processor.py:183} INFO - Processing /home/airflow/.local/lib/python3.12/site-packages/airflow/example_dags/example_params_ui_tutorial.py took 0.147 seconds
[2026-06-12T13:41:39.791+0000] {processor.py:161} INFO - Started process (PID=2536) to work on /home/airflow/.local/lib/python3.12/site-packages/airflow/example_dags/example_params_ui_tutorial.py
[2026-06-12T13:41:39.792+0000] {processor.py:830} INFO - Processing file /home/airflow/.local/lib/python3.12/site-packages/airflow/example_dags/example_params_ui_tutorial.py for tasks to queue
[2026-06-12T13:41:39.795+0000] {logging_mixin.py:188} INFO - [2026-06-12T13:41:39.794+0000] {dagbag.py:545} INFO - Filling up the DagBag from /home/airflow/.local/lib/python3.12/site-packages/airflow/example_dags/example_params_ui_tutorial.py
[2026-06-12T13:41:39.808+0000] {processor.py:840} INFO - DAG(s) 'example_params_ui_tutorial' retrieved from /home/airflow/.local/lib/python3.12/site-packages/airflow/example_dags/example_params_ui_tutorial.py
[2026-06-12T13:41:39.884+0000] {logging_mixin.py:188} INFO - [2026-06-12T13:41:39.884+0000] {dag.py:3096} INFO - Sync 1 DAGs
[2026-06-12T13:41:39.901+0000] {logging_mixin.py:188} INFO - [2026-06-12T13:41:39.900+0000] {dag.py:3954} INFO - Setting next_dagrun for example_params_ui_tutorial to None, run_after=None
[2026-06-12T13:41:39.920+0000] {processor.py:183} INFO - Processing /home/airflow/.local/lib/python3.12/site-packages/airflow/example_dags/example_params_ui_tutorial.py took 0.136 seconds
[2026-06-12T13:42:10.854+0000] {processor.py:161} INFO - Started process (PID=2598) to work on /home/airflow/.local/lib/python3.12/site-packages/airflow/example_dags/example_params_ui_tutorial.py
[2026-06-12T13:42:10.857+0000] {processor.py:830} INFO - Processing file /home/airflow/.local/lib/python3.12/site-packages/airflow/example_dags/example_params_ui_tutorial.py for tasks to queue
[2026-06-12T13:42:10.861+0000] {logging_mixin.py:188} INFO - [2026-06-12T13:42:10.860+0000] {dagbag.py:545} INFO - Filling up the DagBag from /home/airflow/.local/lib/python3.12/site-packages/airflow/example_dags/example_params_ui_tutorial.py
[2026-06-12T13:42:10.889+0000] {processor.py:840} INFO - DAG(s) 'example_params_ui_tutorial' retrieved from /home/airflow/.local/lib/python3.12/site-packages/airflow/example_dags/example_params_ui_tutorial.py
[2026-06-12T13:42:10.994+0000] {logging_mixin.py:188} INFO - [2026-06-12T13:42:10.994+0000] {dag.py:3096} INFO - Sync 1 DAGs
[2026-06-12T13:42:11.025+0000] {logging_mixin.py:188} INFO - [2026-06-12T13:42:11.024+0000] {dag.py:3954} INFO - Setting next_dagrun for example_params_ui_tutorial to None, run_after=None
[2026-06-12T13:42:11.057+0000] {processor.py:183} INFO - Processing /home/airflow/.local/lib/python3.12/site-packages/airflow/example_dags/example_params_ui_tutorial.py took 0.212 seconds
[2026-06-12T13:42:41.833+0000] {processor.py:161} INFO - Started process (PID=2660) to work on /home/airflow/.local/lib/python3.12/site-packages/airflow/example_dags/example_params_ui_tutorial.py
[2026-06-12T13:42:41.834+0000] {processor.py:830} INFO - Processing file /home/airflow/.local/lib/python3.12/site-packages/airflow/example_dags/example_params_ui_tutorial.py for tasks to queue
[2026-06-12T13:42:41.838+0000] {logging_mixin.py:188} INFO - [2026-06-12T13:42:41.836+0000] {dagbag.py:545} INFO - Filling up the DagBag from /home/airflow/.local/lib/python3.12/site-packages/airflow/example_dags/example_params_ui_tutorial.py
[2026-06-12T13:42:41.857+0000] {processor.py:840} INFO - DAG(s) 'example_params_ui_tutorial' retrieved from /home/airflow/.local/lib/python3.12/site-packages/airflow/example_dags/example_params_ui_tutorial.py
[2026-06-12T13:42:42.061+0000] {logging_mixin.py:188} INFO - [2026-06-12T13:42:42.061+0000] {dag.py:3096} INFO - Sync 1 DAGs
[2026-06-12T13:42:42.093+0000] {logging_mixin.py:188} INFO - [2026-06-12T13:42:42.092+0000] {dag.py:3954} INFO - Setting next_dagrun for example_params_ui_tutorial to None, run_after=None
[2026-06-12T13:42:42.141+0000] {processor.py:183} INFO - Processing /home/airflow/.local/lib/python3.12/site-packages/airflow/example_dags/example_params_ui_tutorial.py took 0.327 seconds
[2026-06-12T13:43:14.077+0000] {processor.py:161} INFO - Started process (PID=2724) to work on /home/airflow/.local/lib/python3.12/site-packages/airflow/example_dags/example_params_ui_tutorial.py
[2026-06-12T13:43:14.078+0000] {processor.py:830} INFO - Processing file /home/airflow/.local/lib/python3.12/site-packages/airflow/example_dags/example_params_ui_tutorial.py for tasks to queue
[2026-06-12T13:43:14.080+0000] {logging_mixin.py:188} INFO - [2026-06-12T13:43:14.079+0000] {dagbag.py:545} INFO - Filling up the DagBag from /home/airflow/.local/lib/python3.12/site-packages/airflow/example_dags/example_params_ui_tutorial.py
[2026-06-12T13:43:14.094+0000] {processor.py:840} INFO - DAG(s) 'example_params_ui_tutorial' retrieved from /home/airflow/.local/lib/python3.12/site-packages/airflow/example_dags/example_params_ui_tutorial.py
[2026-06-12T13:43:14.171+0000] {logging_mixin.py:188} INFO - [2026-06-12T13:43:14.171+0000] {dag.py:3096} INFO - Sync 1 DAGs
[2026-06-12T13:43:14.186+0000] {logging_mixin.py:188} INFO - [2026-06-12T13:43:14.186+0000] {dag.py:3954} INFO - Setting next_dagrun for example_params_ui_tutorial to None, run_after=None
[2026-06-12T13:43:14.205+0000] {processor.py:183} INFO - Processing /home/airflow/.local/lib/python3.12/site-packages/airflow/example_dags/example_params_ui_tutorial.py took 0.136 seconds
[2026-06-12T13:43:44.886+0000] {processor.py:161} INFO - Started process (PID=2786) to work on /home/airflow/.local/lib/python3.12/site-packages/airflow/example_dags/example_params_ui_tutorial.py
[2026-06-12T13:43:44.887+0000] {processor.py:830} INFO - Processing file /home/airflow/.local/lib/python3.12/site-packages/airflow/example_dags/example_params_ui_tutorial.py for tasks to queue
[2026-06-12T13:43:44.889+0000] {logging_mixin.py:188} INFO - [2026-06-12T13:43:44.889+0000] {dagbag.py:545} INFO - Filling up the DagBag from /home/airflow/.local/lib/python3.12/site-packages/airflow/example_dags/example_params_ui_tutorial.py
[2026-06-12T13:43:44.903+0000] {processor.py:840} INFO - DAG(s) 'example_params_ui_tutorial' retrieved from /home/airflow/.local/lib/python3.12/site-packages/airflow/example_dags/example_params_ui_tutorial.py
[2026-06-12T13:43:44.980+0000] {logging_mixin.py:188} INFO - [2026-06-12T13:43:44.979+0000] {dag.py:3096} INFO - Sync 1 DAGs
[2026-06-12T13:43:44.996+0000] {logging_mixin.py:188} INFO - [2026-06-12T13:43:44.995+0000] {dag.py:3954} INFO - Setting next_dagrun for example_params_ui_tutorial to None, run_after=None
[2026-06-12T13:43:45.021+0000] {processor.py:183} INFO - Processing /home/airflow/.local/lib/python3.12/site-packages/airflow/example_dags/example_params_ui_tutorial.py took 0.143 seconds
[2026-06-12T13:44:15.762+0000] {processor.py:161} INFO - Started process (PID=2848) to work on /home/airflow/.local/lib/python3.12/site-packages/airflow/example_dags/example_params_ui_tutorial.py
[2026-06-12T13:44:15.763+0000] {processor.py:830} INFO - Processing file /home/airflow/.local/lib/python3.12/site-packages/airflow/example_dags/example_params_ui_tutorial.py for tasks to queue
[2026-06-12T13:44:15.766+0000] {logging_mixin.py:188} INFO - [2026-06-12T13:44:15.765+0000] {dagbag.py:545} INFO - Filling up the DagBag from /home/airflow/.local/lib/python3.12/site-packages/airflow/example_dags/example_params_ui_tutorial.py
[2026-06-12T13:44:15.779+0000] {processor.py:840} INFO - DAG(s) 'example_params_ui_tutorial' retrieved from /home/airflow/.local/lib/python3.12/site-packages/airflow/example_dags/example_params_ui_tutorial.py
[2026-06-12T13:44:15.859+0000] {logging_mixin.py:188} INFO - [2026-06-12T13:44:15.859+0000] {dag.py:3096} INFO - Sync 1 DAGs
[2026-06-12T13:44:15.880+0000] {logging_mixin.py:188} INFO - [2026-06-12T13:44:15.880+0000] {dag.py:3954} INFO - Setting next_dagrun for example_params_ui_tutorial to None, run_after=None
[2026-06-12T13:44:15.921+0000] {processor.py:183} INFO - Processing /home/airflow/.local/lib/python3.12/site-packages/airflow/example_dags/example_params_ui_tutorial.py took 0.166 seconds
[2026-06-12T13:44:46.529+0000] {processor.py:161} INFO - Started process (PID=2910) to work on /home/airflow/.local/lib/python3.12/site-packages/airflow/example_dags/example_params_ui_tutorial.py
[2026-06-12T13:44:46.532+0000] {processor.py:830} INFO - Processing file /home/airflow/.local/lib/python3.12/site-packages/airflow/example_dags/example_params_ui_tutorial.py for tasks to queue
[2026-06-12T13:44:46.536+0000] {logging_mixin.py:188} INFO - [2026-06-12T13:44:46.535+0000] {dagbag.py:545} INFO - Filling up the DagBag from /home/airflow/.local/lib/python3.12/site-packages/airflow/example_dags/example_params_ui_tutorial.py
[2026-06-12T13:44:46.552+0000] {processor.py:840} INFO - DAG(s) 'example_params_ui_tutorial' retrieved from /home/airflow/.local/lib/python3.12/site-packages/airflow/example_dags/example_params_ui_tutorial.py
[2026-06-12T13:44:46.638+0000] {logging_mixin.py:188} INFO - [2026-06-12T13:44:46.638+0000] {dag.py:3096} INFO - Sync 1 DAGs
[2026-06-12T13:44:46.678+0000] {logging_mixin.py:188} INFO - [2026-06-12T13:44:46.678+0000] {dag.py:3954} INFO - Setting next_dagrun for example_params_ui_tutorial to None, run_after=None
[2026-06-12T13:44:46.727+0000] {processor.py:183} INFO - Processing /home/airflow/.local/lib/python3.12/site-packages/airflow/example_dags/example_params_ui_tutorial.py took 0.214 seconds
[2026-06-12T13:45:17.917+0000] {processor.py:161} INFO - Started process (PID=2972) to work on /home/airflow/.local/lib/python3.12/site-packages/airflow/example_dags/example_params_ui_tutorial.py
[2026-06-12T13:45:17.918+0000] {processor.py:830} INFO - Processing file /home/airflow/.local/lib/python3.12/site-packages/airflow/example_dags/example_params_ui_tutorial.py for tasks to queue
[2026-06-12T13:45:17.920+0000] {logging_mixin.py:188} INFO - [2026-06-12T13:45:17.919+0000] {dagbag.py:545} INFO - Filling up the DagBag from /home/airflow/.local/lib/python3.12/site-packages/airflow/example_dags/example_params_ui_tutorial.py
[2026-06-12T13:45:17.933+0000] {processor.py:840} INFO - DAG(s) 'example_params_ui_tutorial' retrieved from /home/airflow/.local/lib/python3.12/site-packages/airflow/example_dags/example_params_ui_tutorial.py
[2026-06-12T13:45:18.009+0000] {logging_mixin.py:188} INFO - [2026-06-12T13:45:18.009+0000] {dag.py:3096} INFO - Sync 1 DAGs
[2026-06-12T13:45:18.030+0000] {logging_mixin.py:188} INFO - [2026-06-12T13:45:18.028+0000] {dag.py:3954} INFO - Setting next_dagrun for example_params_ui_tutorial to None, run_after=None
[2026-06-12T13:45:18.072+0000] {processor.py:183} INFO - Processing /home/airflow/.local/lib/python3.12/site-packages/airflow/example_dags/example_params_ui_tutorial.py took 0.163 seconds
[2026-06-12T13:45:49.601+0000] {processor.py:161} INFO - Started process (PID=3034) to work on /home/airflow/.local/lib/python3.12/site-packages/airflow/example_dags/example_params_ui_tutorial.py
[2026-06-12T13:45:49.601+0000] {processor.py:830} INFO - Processing file /home/airflow/.local/lib/python3.12/site-packages/airflow/example_dags/example_params_ui_tutorial.py for tasks to queue
[2026-06-12T13:45:49.603+0000] {logging_mixin.py:188} INFO - [2026-06-12T13:45:49.603+0000] {dagbag.py:545} INFO - Filling up the DagBag from /home/airflow/.local/lib/python3.12/site-packages/airflow/example_dags/example_params_ui_tutorial.py
[2026-06-12T13:45:49.617+0000] {processor.py:840} INFO - DAG(s) 'example_params_ui_tutorial' retrieved from /home/airflow/.local/lib/python3.12/site-packages/airflow/example_dags/example_params_ui_tutorial.py
[2026-06-12T13:45:49.693+0000] {logging_mixin.py:188} INFO - [2026-06-12T13:45:49.692+0000] {dag.py:3096} INFO - Sync 1 DAGs
[2026-06-12T13:45:49.709+0000] {logging_mixin.py:188} INFO - [2026-06-12T13:45:49.709+0000] {dag.py:3954} INFO - Setting next_dagrun for example_params_ui_tutorial to None, run_after=None
[2026-06-12T13:45:49.729+0000] {processor.py:183} INFO - Processing /home/airflow/.local/lib/python3.12/site-packages/airflow/example_dags/example_params_ui_tutorial.py took 0.136 seconds
[2026-06-12T13:46:20.346+0000] {processor.py:161} INFO - Started process (PID=3096) to work on /home/airflow/.local/lib/python3.12/site-packages/airflow/example_dags/example_params_ui_tutorial.py
[2026-06-12T13:46:20.347+0000] {processor.py:830} INFO - Processing file /home/airflow/.local/lib/python3.12/site-packages/airflow/example_dags/example_params_ui_tutorial.py for tasks to queue
[2026-06-12T13:46:20.349+0000] {logging_mixin.py:188} INFO - [2026-06-12T13:46:20.349+0000] {dagbag.py:545} INFO - Filling up the DagBag from /home/airflow/.local/lib/python3.12/site-packages/airflow/example_dags/example_params_ui_tutorial.py
[2026-06-12T13:46:20.363+0000] {processor.py:840} INFO - DAG(s) 'example_params_ui_tutorial' retrieved from /home/airflow/.local/lib/python3.12/site-packages/airflow/example_dags/example_params_ui_tutorial.py
[2026-06-12T13:46:20.450+0000] {logging_mixin.py:188} INFO - [2026-06-12T13:46:20.450+0000] {dag.py:3096} INFO - Sync 1 DAGs
[2026-06-12T13:46:20.479+0000] {logging_mixin.py:188} INFO - [2026-06-12T13:46:20.478+0000] {dag.py:3954} INFO - Setting next_dagrun for example_params_ui_tutorial to None, run_after=None
[2026-06-12T13:46:20.500+0000] {processor.py:183} INFO - Processing /home/airflow/.local/lib/python3.12/site-packages/airflow/example_dags/example_params_ui_tutorial.py took 0.162 seconds
[2026-06-12T13:46:52.883+0000] {processor.py:161} INFO - Started process (PID=3160) to work on /home/airflow/.local/lib/python3.12/site-packages/airflow/example_dags/example_params_ui_tutorial.py
[2026-06-12T13:46:52.883+0000] {processor.py:830} INFO - Processing file /home/airflow/.local/lib/python3.12/site-packages/airflow/example_dags/example_params_ui_tutorial.py for tasks to queue
[2026-06-12T13:46:52.886+0000] {logging_mixin.py:188} INFO - [2026-06-12T13:46:52.885+0000] {dagbag.py:545} INFO - Filling up the DagBag from /home/airflow/.local/lib/python3.12/site-packages/airflow/example_dags/example_params_ui_tutorial.py
[2026-06-12T13:46:52.900+0000] {processor.py:840} INFO - DAG(s) 'example_params_ui_tutorial' retrieved from /home/airflow/.local/lib/python3.12/site-packages/airflow/example_dags/example_params_ui_tutorial.py
[2026-06-12T13:46:52.981+0000] {logging_mixin.py:188} INFO - [2026-06-12T13:46:52.981+0000] {dag.py:3096} INFO - Sync 1 DAGs
[2026-06-12T13:46:53.010+0000] {logging_mixin.py:188} INFO - [2026-06-12T13:46:53.010+0000] {dag.py:3954} INFO - Setting next_dagrun for example_params_ui_tutorial to None, run_after=None
[2026-06-12T13:46:53.028+0000] {processor.py:183} INFO - Processing /home/airflow/.local/lib/python3.12/site-packages/airflow/example_dags/example_params_ui_tutorial.py took 0.154 seconds
[2026-06-12T13:47:24.268+0000] {processor.py:161} INFO - Started process (PID=3222) to work on /home/airflow/.local/lib/python3.12/site-packages/airflow/example_dags/example_params_ui_tutorial.py
[2026-06-12T13:47:24.269+0000] {processor.py:830} INFO - Processing file /home/airflow/.local/lib/python3.12/site-packages/airflow/example_dags/example_params_ui_tutorial.py for tasks to queue
[2026-06-12T13:47:24.293+0000] {logging_mixin.py:188} INFO - [2026-06-12T13:47:24.292+0000] {dagbag.py:545} INFO - Filling up the DagBag from /home/airflow/.local/lib/python3.12/site-packages/airflow/example_dags/example_params_ui_tutorial.py
[2026-06-12T13:47:24.380+0000] {processor.py:840} INFO - DAG(s) 'example_params_ui_tutorial' retrieved from /home/airflow/.local/lib/python3.12/site-packages/airflow/example_dags/example_params_ui_tutorial.py
[2026-06-12T13:47:24.689+0000] {logging_mixin.py:188} INFO - [2026-06-12T13:47:24.688+0000] {dag.py:3096} INFO - Sync 1 DAGs
[2026-06-12T13:47:24.740+0000] {logging_mixin.py:188} INFO - [2026-06-12T13:47:24.740+0000] {dag.py:3954} INFO - Setting next_dagrun for example_params_ui_tutorial to None, run_after=None
[2026-06-12T13:47:24.814+0000] {processor.py:183} INFO - Processing /home/airflow/.local/lib/python3.12/site-packages/airflow/example_dags/example_params_ui_tutorial.py took 0.567 seconds
[2026-06-12T13:47:54.858+0000] {processor.py:161} INFO - Started process (PID=3286) to work on /home/airflow/.local/lib/python3.12/site-packages/airflow/example_dags/example_params_ui_tutorial.py
[2026-06-12T13:47:54.859+0000] {processor.py:830} INFO - Processing file /home/airflow/.local/lib/python3.12/site-packages/airflow/example_dags/example_params_ui_tutorial.py for tasks to queue
[2026-06-12T13:47:54.860+0000] {logging_mixin.py:188} INFO - [2026-06-12T13:47:54.860+0000] {dagbag.py:545} INFO - Filling up the DagBag from /home/airflow/.local/lib/python3.12/site-packages/airflow/example_dags/example_params_ui_tutorial.py
[2026-06-12T13:47:54.869+0000] {processor.py:840} INFO - DAG(s) 'example_params_ui_tutorial' retrieved from /home/airflow/.local/lib/python3.12/site-packages/airflow/example_dags/example_params_ui_tutorial.py
[2026-06-12T13:47:54.917+0000] {logging_mixin.py:188} INFO - [2026-06-12T13:47:54.916+0000] {dag.py:3096} INFO - Sync 1 DAGs
[2026-06-12T13:47:54.928+0000] {logging_mixin.py:188} INFO - [2026-06-12T13:47:54.927+0000] {dag.py:3954} INFO - Setting next_dagrun for example_params_ui_tutorial to None, run_after=None
[2026-06-12T13:47:54.943+0000] {processor.py:183} INFO - Processing /home/airflow/.local/lib/python3.12/site-packages/airflow/example_dags/example_params_ui_tutorial.py took 0.090 seconds
[2026-06-12T13:48:27.329+0000] {processor.py:161} INFO - Started process (PID=3351) to work on /home/airflow/.local/lib/python3.12/site-packages/airflow/example_dags/example_params_ui_tutorial.py
[2026-06-12T13:48:27.329+0000] {processor.py:830} INFO - Processing file /home/airflow/.local/lib/python3.12/site-packages/airflow/example_dags/example_params_ui_tutorial.py for tasks to queue
[2026-06-12T13:48:27.331+0000] {logging_mixin.py:188} INFO - [2026-06-12T13:48:27.331+0000] {dagbag.py:545} INFO - Filling up the DagBag from /home/airflow/.local/lib/python3.12/site-packages/airflow/example_dags/example_params_ui_tutorial.py
[2026-06-12T13:48:27.345+0000] {processor.py:840} INFO - DAG(s) 'example_params_ui_tutorial' retrieved from /home/airflow/.local/lib/python3.12/site-packages/airflow/example_dags/example_params_ui_tutorial.py
[2026-06-12T13:48:27.422+0000] {logging_mixin.py:188} INFO - [2026-06-12T13:48:27.422+0000] {dag.py:3096} INFO - Sync 1 DAGs
[2026-06-12T13:48:27.438+0000] {logging_mixin.py:188} INFO - [2026-06-12T13:48:27.438+0000] {dag.py:3954} INFO - Setting next_dagrun for example_params_ui_tutorial to None, run_after=None
[2026-06-12T13:48:27.457+0000] {processor.py:183} INFO - Processing /home/airflow/.local/lib/python3.12/site-packages/airflow/example_dags/example_params_ui_tutorial.py took 0.136 seconds
[2026-06-12T13:49:00.350+0000] {processor.py:161} INFO - Started process (PID=3415) to work on /home/airflow/.local/lib/python3.12/site-packages/airflow/example_dags/example_params_ui_tutorial.py
[2026-06-12T13:49:00.353+0000] {processor.py:830} INFO - Processing file /home/airflow/.local/lib/python3.12/site-packages/airflow/example_dags/example_params_ui_tutorial.py for tasks to queue
[2026-06-12T13:49:00.358+0000] {logging_mixin.py:188} INFO - [2026-06-12T13:49:00.357+0000] {dagbag.py:545} INFO - Filling up the DagBag from /home/airflow/.local/lib/python3.12/site-packages/airflow/example_dags/example_params_ui_tutorial.py
[2026-06-12T13:49:00.400+0000] {processor.py:840} INFO - DAG(s) 'example_params_ui_tutorial' retrieved from /home/airflow/.local/lib/python3.12/site-packages/airflow/example_dags/example_params_ui_tutorial.py
[2026-06-12T13:49:00.710+0000] {logging_mixin.py:188} INFO - [2026-06-12T13:49:00.709+0000] {dag.py:3096} INFO - Sync 1 DAGs
[2026-06-12T13:49:00.759+0000] {logging_mixin.py:188} INFO - [2026-06-12T13:49:00.758+0000] {dag.py:3954} INFO - Setting next_dagrun for example_params_ui_tutorial to None, run_after=None
[2026-06-12T13:49:00.808+0000] {processor.py:183} INFO - Processing /home/airflow/.local/lib/python3.12/site-packages/airflow/example_dags/example_params_ui_tutorial.py took 0.486 seconds
[2026-06-12T13:49:31.626+0000] {processor.py:161} INFO - Started process (PID=3478) to work on /home/airflow/.local/lib/python3.12/site-packages/airflow/example_dags/example_params_ui_tutorial.py
[2026-06-12T13:49:31.631+0000] {processor.py:830} INFO - Processing file /home/airflow/.local/lib/python3.12/site-packages/airflow/example_dags/example_params_ui_tutorial.py for tasks to queue
[2026-06-12T13:49:31.634+0000] {logging_mixin.py:188} INFO - [2026-06-12T13:49:31.634+0000] {dagbag.py:545} INFO - Filling up the DagBag from /home/airflow/.local/lib/python3.12/site-packages/airflow/example_dags/example_params_ui_tutorial.py
[2026-06-12T13:49:31.671+0000] {processor.py:840} INFO - DAG(s) 'example_params_ui_tutorial' retrieved from /home/airflow/.local/lib/python3.12/site-packages/airflow/example_dags/example_params_ui_tutorial.py
[2026-06-12T13:49:31.817+0000] {logging_mixin.py:188} INFO - [2026-06-12T13:49:31.816+0000] {dag.py:3096} INFO - Sync 1 DAGs
[2026-06-12T13:49:31.838+0000] {logging_mixin.py:188} INFO - [2026-06-12T13:49:31.838+0000] {dag.py:3954} INFO - Setting next_dagrun for example_params_ui_tutorial to None, run_after=None
[2026-06-12T13:49:31.879+0000] {processor.py:183} INFO - Processing /home/airflow/.local/lib/python3.12/site-packages/airflow/example_dags/example_params_ui_tutorial.py took 0.282 seconds
[2026-06-12T13:50:02.534+0000] {processor.py:161} INFO - Started process (PID=3540) to work on /home/airflow/.local/lib/python3.12/site-packages/airflow/example_dags/example_params_ui_tutorial.py
[2026-06-12T13:50:02.535+0000] {processor.py:830} INFO - Processing file /home/airflow/.local/lib/python3.12/site-packages/airflow/example_dags/example_params_ui_tutorial.py for tasks to queue
[2026-06-12T13:50:02.537+0000] {logging_mixin.py:188} INFO - [2026-06-12T13:50:02.537+0000] {dagbag.py:545} INFO - Filling up the DagBag from /home/airflow/.local/lib/python3.12/site-packages/airflow/example_dags/example_params_ui_tutorial.py
[2026-06-12T13:50:02.550+0000] {processor.py:840} INFO - DAG(s) 'example_params_ui_tutorial' retrieved from /home/airflow/.local/lib/python3.12/site-packages/airflow/example_dags/example_params_ui_tutorial.py
[2026-06-12T13:50:02.627+0000] {logging_mixin.py:188} INFO - [2026-06-12T13:50:02.627+0000] {dag.py:3096} INFO - Sync 1 DAGs
[2026-06-12T13:50:02.658+0000] {logging_mixin.py:188} INFO - [2026-06-12T13:50:02.658+0000] {dag.py:3954} INFO - Setting next_dagrun for example_params_ui_tutorial to None, run_after=None
[2026-06-12T13:50:02.678+0000] {processor.py:183} INFO - Processing /home/airflow/.local/lib/python3.12/site-packages/airflow/example_dags/example_params_ui_tutorial.py took 0.151 seconds
[2026-06-12T13:50:32.950+0000] {processor.py:161} INFO - Started process (PID=3603) to work on /home/airflow/.local/lib/python3.12/site-packages/airflow/example_dags/example_params_ui_tutorial.py
[2026-06-12T13:50:32.951+0000] {processor.py:830} INFO - Processing file /home/airflow/.local/lib/python3.12/site-packages/airflow/example_dags/example_params_ui_tutorial.py for tasks to queue
[2026-06-12T13:50:32.953+0000] {logging_mixin.py:188} INFO - [2026-06-12T13:50:32.952+0000] {dagbag.py:545} INFO - Filling up the DagBag from /home/airflow/.local/lib/python3.12/site-packages/airflow/example_dags/example_params_ui_tutorial.py
[2026-06-12T13:50:32.966+0000] {processor.py:840} INFO - DAG(s) 'example_params_ui_tutorial' retrieved from /home/airflow/.local/lib/python3.12/site-packages/airflow/example_dags/example_params_ui_tutorial.py
[2026-06-12T13:50:33.052+0000] {logging_mixin.py:188} INFO - [2026-06-12T13:50:33.052+0000] {dag.py:3096} INFO - Sync 1 DAGs
[2026-06-12T13:50:33.068+0000] {logging_mixin.py:188} INFO - [2026-06-12T13:50:33.067+0000] {dag.py:3954} INFO - Setting next_dagrun for example_params_ui_tutorial to None, run_after=None
[2026-06-12T13:50:33.089+0000] {processor.py:183} INFO - Processing /home/airflow/.local/lib/python3.12/site-packages/airflow/example_dags/example_params_ui_tutorial.py took 0.146 seconds
[2026-06-12T13:51:04.632+0000] {processor.py:161} INFO - Started process (PID=3664) to work on /home/airflow/.local/lib/python3.12/site-packages/airflow/example_dags/example_params_ui_tutorial.py
[2026-06-12T13:51:04.633+0000] {processor.py:830} INFO - Processing file /home/airflow/.local/lib/python3.12/site-packages/airflow/example_dags/example_params_ui_tutorial.py for tasks to queue
[2026-06-12T13:51:04.635+0000] {logging_mixin.py:188} INFO - [2026-06-12T13:51:04.634+0000] {dagbag.py:545} INFO - Filling up the DagBag from /home/airflow/.local/lib/python3.12/site-packages/airflow/example_dags/example_params_ui_tutorial.py
[2026-06-12T13:51:04.649+0000] {processor.py:840} INFO - DAG(s) 'example_params_ui_tutorial' retrieved from /home/airflow/.local/lib/python3.12/site-packages/airflow/example_dags/example_params_ui_tutorial.py
[2026-06-12T13:51:04.727+0000] {logging_mixin.py:188} INFO - [2026-06-12T13:51:04.727+0000] {dag.py:3096} INFO - Sync 1 DAGs
[2026-06-12T13:51:04.743+0000] {logging_mixin.py:188} INFO - [2026-06-12T13:51:04.743+0000] {dag.py:3954} INFO - Setting next_dagrun for example_params_ui_tutorial to None, run_after=None
[2026-06-12T13:51:04.763+0000] {processor.py:183} INFO - Processing /home/airflow/.local/lib/python3.12/site-packages/airflow/example_dags/example_params_ui_tutorial.py took 0.138 seconds
[2026-06-12T13:51:35.605+0000] {processor.py:161} INFO - Started process (PID=3726) to work on /home/airflow/.local/lib/python3.12/site-packages/airflow/example_dags/example_params_ui_tutorial.py
[2026-06-12T13:51:35.606+0000] {processor.py:830} INFO - Processing file /home/airflow/.local/lib/python3.12/site-packages/airflow/example_dags/example_params_ui_tutorial.py for tasks to queue
[2026-06-12T13:51:35.608+0000] {logging_mixin.py:188} INFO - [2026-06-12T13:51:35.608+0000] {dagbag.py:545} INFO - Filling up the DagBag from /home/airflow/.local/lib/python3.12/site-packages/airflow/example_dags/example_params_ui_tutorial.py
[2026-06-12T13:51:35.622+0000] {processor.py:840} INFO - DAG(s) 'example_params_ui_tutorial' retrieved from /home/airflow/.local/lib/python3.12/site-packages/airflow/example_dags/example_params_ui_tutorial.py
[2026-06-12T13:51:35.721+0000] {logging_mixin.py:188} INFO - [2026-06-12T13:51:35.721+0000] {dag.py:3096} INFO - Sync 1 DAGs
[2026-06-12T13:51:35.736+0000] {logging_mixin.py:188} INFO - [2026-06-12T13:51:35.736+0000] {dag.py:3954} INFO - Setting next_dagrun for example_params_ui_tutorial to None, run_after=None
[2026-06-12T13:51:35.761+0000] {processor.py:183} INFO - Processing /home/airflow/.local/lib/python3.12/site-packages/airflow/example_dags/example_params_ui_tutorial.py took 0.163 seconds
[2026-06-12T13:52:07.366+0000] {processor.py:161} INFO - Started process (PID=3793) to work on /home/airflow/.local/lib/python3.12/site-packages/airflow/example_dags/example_params_ui_tutorial.py
[2026-06-12T13:52:07.367+0000] {processor.py:830} INFO - Processing file /home/airflow/.local/lib/python3.12/site-packages/airflow/example_dags/example_params_ui_tutorial.py for tasks to queue
[2026-06-12T13:52:07.369+0000] {logging_mixin.py:188} INFO - [2026-06-12T13:52:07.368+0000] {dagbag.py:545} INFO - Filling up the DagBag from /home/airflow/.local/lib/python3.12/site-packages/airflow/example_dags/example_params_ui_tutorial.py
[2026-06-12T13:52:07.383+0000] {processor.py:840} INFO - DAG(s) 'example_params_ui_tutorial' retrieved from /home/airflow/.local/lib/python3.12/site-packages/airflow/example_dags/example_params_ui_tutorial.py
[2026-06-12T13:52:07.459+0000] {logging_mixin.py:188} INFO - [2026-06-12T13:52:07.459+0000] {dag.py:3096} INFO - Sync 1 DAGs
[2026-06-12T13:52:07.476+0000] {logging_mixin.py:188} INFO - [2026-06-12T13:52:07.475+0000] {dag.py:3954} INFO - Setting next_dagrun for example_params_ui_tutorial to None, run_after=None
[2026-06-12T13:52:07.497+0000] {processor.py:183} INFO - Processing /home/airflow/.local/lib/python3.12/site-packages/airflow/example_dags/example_params_ui_tutorial.py took 0.139 seconds
[2026-06-12T22:09:35.957+0000] {processor.py:161} INFO - Started process (PID=113) to work on /home/airflow/.local/lib/python3.12/site-packages/airflow/example_dags/example_params_ui_tutorial.py
[2026-06-12T22:09:36.266+0000] {processor.py:830} INFO - Processing file /home/airflow/.local/lib/python3.12/site-packages/airflow/example_dags/example_params_ui_tutorial.py for tasks to queue
[2026-06-12T22:09:36.300+0000] {logging_mixin.py:188} INFO - [2026-06-12T22:09:36.290+0000] {dagbag.py:545} INFO - Filling up the DagBag from /home/airflow/.local/lib/python3.12/site-packages/airflow/example_dags/example_params_ui_tutorial.py
[2026-06-12T22:09:36.375+0000] {processor.py:840} INFO - DAG(s) 'example_params_ui_tutorial' retrieved from /home/airflow/.local/lib/python3.12/site-packages/airflow/example_dags/example_params_ui_tutorial.py
[2026-06-12T22:09:36.854+0000] {logging_mixin.py:188} INFO - [2026-06-12T22:09:36.854+0000] {dag.py:3096} INFO - Sync 1 DAGs
[2026-06-12T22:09:36.977+0000] {logging_mixin.py:188} INFO - [2026-06-12T22:09:36.977+0000] {dag.py:3954} INFO - Setting next_dagrun for example_params_ui_tutorial to None, run_after=None
[2026-06-12T22:09:37.210+0000] {processor.py:183} INFO - Processing /home/airflow/.local/lib/python3.12/site-packages/airflow/example_dags/example_params_ui_tutorial.py took 1.299 seconds
[2026-06-12T22:10:07.950+0000] {processor.py:161} INFO - Started process (PID=176) to work on /home/airflow/.local/lib/python3.12/site-packages/airflow/example_dags/example_params_ui_tutorial.py
[2026-06-12T22:10:07.965+0000] {processor.py:830} INFO - Processing file /home/airflow/.local/lib/python3.12/site-packages/airflow/example_dags/example_params_ui_tutorial.py for tasks to queue
[2026-06-12T22:10:07.971+0000] {logging_mixin.py:188} INFO - [2026-06-12T22:10:07.971+0000] {dagbag.py:545} INFO - Filling up the DagBag from /home/airflow/.local/lib/python3.12/site-packages/airflow/example_dags/example_params_ui_tutorial.py
[2026-06-12T22:10:08.216+0000] {processor.py:840} INFO - DAG(s) 'example_params_ui_tutorial' retrieved from /home/airflow/.local/lib/python3.12/site-packages/airflow/example_dags/example_params_ui_tutorial.py
[2026-06-12T22:10:08.392+0000] {logging_mixin.py:188} INFO - [2026-06-12T22:10:08.392+0000] {dag.py:3096} INFO - Sync 1 DAGs
[2026-06-12T22:10:08.529+0000] {logging_mixin.py:188} INFO - [2026-06-12T22:10:08.529+0000] {dag.py:3954} INFO - Setting next_dagrun for example_params_ui_tutorial to None, run_after=None
[2026-06-12T22:10:08.933+0000] {processor.py:183} INFO - Processing /home/airflow/.local/lib/python3.12/site-packages/airflow/example_dags/example_params_ui_tutorial.py took 1.033 seconds
[2026-06-12T22:10:39.800+0000] {processor.py:161} INFO - Started process (PID=237) to work on /home/airflow/.local/lib/python3.12/site-packages/airflow/example_dags/example_params_ui_tutorial.py
[2026-06-12T22:10:39.802+0000] {processor.py:830} INFO - Processing file /home/airflow/.local/lib/python3.12/site-packages/airflow/example_dags/example_params_ui_tutorial.py for tasks to queue
[2026-06-12T22:10:39.806+0000] {logging_mixin.py:188} INFO - [2026-06-12T22:10:39.803+0000] {dagbag.py:545} INFO - Filling up the DagBag from /home/airflow/.local/lib/python3.12/site-packages/airflow/example_dags/example_params_ui_tutorial.py
[2026-06-12T22:10:39.822+0000] {processor.py:840} INFO - DAG(s) 'example_params_ui_tutorial' retrieved from /home/airflow/.local/lib/python3.12/site-packages/airflow/example_dags/example_params_ui_tutorial.py
[2026-06-12T22:10:40.028+0000] {logging_mixin.py:188} INFO - [2026-06-12T22:10:40.028+0000] {dag.py:3096} INFO - Sync 1 DAGs
[2026-06-12T22:10:40.047+0000] {logging_mixin.py:188} INFO - [2026-06-12T22:10:40.047+0000] {dag.py:3954} INFO - Setting next_dagrun for example_params_ui_tutorial to None, run_after=None
[2026-06-12T22:10:40.074+0000] {processor.py:183} INFO - Processing /home/airflow/.local/lib/python3.12/site-packages/airflow/example_dags/example_params_ui_tutorial.py took 0.284 seconds
[2026-06-12T22:11:10.160+0000] {processor.py:161} INFO - Started process (PID=299) to work on /home/airflow/.local/lib/python3.12/site-packages/airflow/example_dags/example_params_ui_tutorial.py
[2026-06-12T22:11:10.161+0000] {processor.py:830} INFO - Processing file /home/airflow/.local/lib/python3.12/site-packages/airflow/example_dags/example_params_ui_tutorial.py for tasks to queue
[2026-06-12T22:11:10.163+0000] {logging_mixin.py:188} INFO - [2026-06-12T22:11:10.162+0000] {dagbag.py:545} INFO - Filling up the DagBag from /home/airflow/.local/lib/python3.12/site-packages/airflow/example_dags/example_params_ui_tutorial.py
[2026-06-12T22:11:10.172+0000] {processor.py:840} INFO - DAG(s) 'example_params_ui_tutorial' retrieved from /home/airflow/.local/lib/python3.12/site-packages/airflow/example_dags/example_params_ui_tutorial.py
[2026-06-12T22:11:10.236+0000] {logging_mixin.py:188} INFO - [2026-06-12T22:11:10.236+0000] {dag.py:3096} INFO - Sync 1 DAGs
[2026-06-12T22:11:10.247+0000] {logging_mixin.py:188} INFO - [2026-06-12T22:11:10.247+0000] {dag.py:3954} INFO - Setting next_dagrun for example_params_ui_tutorial to None, run_after=None
[2026-06-12T22:11:10.263+0000] {processor.py:183} INFO - Processing /home/airflow/.local/lib/python3.12/site-packages/airflow/example_dags/example_params_ui_tutorial.py took 0.107 seconds
[2026-06-12T22:11:40.619+0000] {processor.py:161} INFO - Started process (PID=360) to work on /home/airflow/.local/lib/python3.12/site-packages/airflow/example_dags/example_params_ui_tutorial.py
[2026-06-12T22:11:40.622+0000] {processor.py:830} INFO - Processing file /home/airflow/.local/lib/python3.12/site-packages/airflow/example_dags/example_params_ui_tutorial.py for tasks to queue
[2026-06-12T22:11:40.627+0000] {logging_mixin.py:188} INFO - [2026-06-12T22:11:40.627+0000] {dagbag.py:545} INFO - Filling up the DagBag from /home/airflow/.local/lib/python3.12/site-packages/airflow/example_dags/example_params_ui_tutorial.py
[2026-06-12T22:11:40.651+0000] {processor.py:840} INFO - DAG(s) 'example_params_ui_tutorial' retrieved from /home/airflow/.local/lib/python3.12/site-packages/airflow/example_dags/example_params_ui_tutorial.py
[2026-06-12T22:11:40.749+0000] {logging_mixin.py:188} INFO - [2026-06-12T22:11:40.748+0000] {dag.py:3096} INFO - Sync 1 DAGs
[2026-06-12T22:11:40.777+0000] {logging_mixin.py:188} INFO - [2026-06-12T22:11:40.777+0000] {dag.py:3954} INFO - Setting next_dagrun for example_params_ui_tutorial to None, run_after=None
[2026-06-12T22:11:40.804+0000] {processor.py:183} INFO - Processing /home/airflow/.local/lib/python3.12/site-packages/airflow/example_dags/example_params_ui_tutorial.py took 0.192 seconds
[2026-06-12T22:12:13.244+0000] {processor.py:161} INFO - Started process (PID=422) to work on /home/airflow/.local/lib/python3.12/site-packages/airflow/example_dags/example_params_ui_tutorial.py
[2026-06-12T22:12:13.248+0000] {processor.py:830} INFO - Processing file /home/airflow/.local/lib/python3.12/site-packages/airflow/example_dags/example_params_ui_tutorial.py for tasks to queue
[2026-06-12T22:12:13.257+0000] {logging_mixin.py:188} INFO - [2026-06-12T22:12:13.254+0000] {dagbag.py:545} INFO - Filling up the DagBag from /home/airflow/.local/lib/python3.12/site-packages/airflow/example_dags/example_params_ui_tutorial.py
[2026-06-12T22:12:13.308+0000] {processor.py:840} INFO - DAG(s) 'example_params_ui_tutorial' retrieved from /home/airflow/.local/lib/python3.12/site-packages/airflow/example_dags/example_params_ui_tutorial.py
[2026-06-12T22:12:13.609+0000] {logging_mixin.py:188} INFO - [2026-06-12T22:12:13.608+0000] {dag.py:3096} INFO - Sync 1 DAGs
[2026-06-12T22:12:13.660+0000] {logging_mixin.py:188} INFO - [2026-06-12T22:12:13.660+0000] {dag.py:3954} INFO - Setting next_dagrun for example_params_ui_tutorial to None, run_after=None
[2026-06-12T22:12:13.730+0000] {processor.py:183} INFO - Processing /home/airflow/.local/lib/python3.12/site-packages/airflow/example_dags/example_params_ui_tutorial.py took 0.514 seconds
[2026-06-12T22:12:44.800+0000] {processor.py:161} INFO - Started process (PID=484) to work on /home/airflow/.local/lib/python3.12/site-packages/airflow/example_dags/example_params_ui_tutorial.py
[2026-06-12T22:12:44.803+0000] {processor.py:830} INFO - Processing file /home/airflow/.local/lib/python3.12/site-packages/airflow/example_dags/example_params_ui_tutorial.py for tasks to queue
[2026-06-12T22:12:44.815+0000] {logging_mixin.py:188} INFO - [2026-06-12T22:12:44.815+0000] {dagbag.py:545} INFO - Filling up the DagBag from /home/airflow/.local/lib/python3.12/site-packages/airflow/example_dags/example_params_ui_tutorial.py
[2026-06-12T22:12:44.836+0000] {processor.py:840} INFO - DAG(s) 'example_params_ui_tutorial' retrieved from /home/airflow/.local/lib/python3.12/site-packages/airflow/example_dags/example_params_ui_tutorial.py
[2026-06-12T22:12:45.672+0000] {logging_mixin.py:188} INFO - [2026-06-12T22:12:45.660+0000] {dag.py:3096} INFO - Sync 1 DAGs
[2026-06-12T22:12:46.201+0000] {logging_mixin.py:188} INFO - [2026-06-12T22:12:46.200+0000] {dag.py:3954} INFO - Setting next_dagrun for example_params_ui_tutorial to None, run_after=None
[2026-06-12T22:12:46.710+0000] {processor.py:183} INFO - Processing /home/airflow/.local/lib/python3.12/site-packages/airflow/example_dags/example_params_ui_tutorial.py took 1.926 seconds
[2026-06-12T22:13:17.061+0000] {processor.py:161} INFO - Started process (PID=547) to work on /home/airflow/.local/lib/python3.12/site-packages/airflow/example_dags/example_params_ui_tutorial.py
[2026-06-12T22:13:17.067+0000] {processor.py:830} INFO - Processing file /home/airflow/.local/lib/python3.12/site-packages/airflow/example_dags/example_params_ui_tutorial.py for tasks to queue
[2026-06-12T22:13:17.090+0000] {logging_mixin.py:188} INFO - [2026-06-12T22:13:17.084+0000] {dagbag.py:545} INFO - Filling up the DagBag from /home/airflow/.local/lib/python3.12/site-packages/airflow/example_dags/example_params_ui_tutorial.py
[2026-06-12T22:13:17.181+0000] {processor.py:840} INFO - DAG(s) 'example_params_ui_tutorial' retrieved from /home/airflow/.local/lib/python3.12/site-packages/airflow/example_dags/example_params_ui_tutorial.py
[2026-06-12T22:13:17.357+0000] {logging_mixin.py:188} INFO - [2026-06-12T22:13:17.356+0000] {dag.py:3096} INFO - Sync 1 DAGs
[2026-06-12T22:13:17.470+0000] {logging_mixin.py:188} INFO - [2026-06-12T22:13:17.467+0000] {dag.py:3954} INFO - Setting next_dagrun for example_params_ui_tutorial to None, run_after=None
[2026-06-12T22:13:17.703+0000] {processor.py:183} INFO - Processing /home/airflow/.local/lib/python3.12/site-packages/airflow/example_dags/example_params_ui_tutorial.py took 0.735 seconds
[2026-06-12T22:13:48.063+0000] {processor.py:161} INFO - Started process (PID=608) to work on /home/airflow/.local/lib/python3.12/site-packages/airflow/example_dags/example_params_ui_tutorial.py
[2026-06-12T22:13:48.069+0000] {processor.py:830} INFO - Processing file /home/airflow/.local/lib/python3.12/site-packages/airflow/example_dags/example_params_ui_tutorial.py for tasks to queue
[2026-06-12T22:13:48.078+0000] {logging_mixin.py:188} INFO - [2026-06-12T22:13:48.076+0000] {dagbag.py:545} INFO - Filling up the DagBag from /home/airflow/.local/lib/python3.12/site-packages/airflow/example_dags/example_params_ui_tutorial.py
[2026-06-12T22:13:48.113+0000] {processor.py:840} INFO - DAG(s) 'example_params_ui_tutorial' retrieved from /home/airflow/.local/lib/python3.12/site-packages/airflow/example_dags/example_params_ui_tutorial.py
[2026-06-12T22:13:48.379+0000] {logging_mixin.py:188} INFO - [2026-06-12T22:13:48.373+0000] {dag.py:3096} INFO - Sync 1 DAGs
[2026-06-12T22:13:48.529+0000] {logging_mixin.py:188} INFO - [2026-06-12T22:13:48.529+0000] {dag.py:3954} INFO - Setting next_dagrun for example_params_ui_tutorial to None, run_after=None
[2026-06-12T22:13:48.623+0000] {processor.py:183} INFO - Processing /home/airflow/.local/lib/python3.12/site-packages/airflow/example_dags/example_params_ui_tutorial.py took 0.576 seconds
[2026-06-12T22:14:18.755+0000] {processor.py:161} INFO - Started process (PID=677) to work on /home/airflow/.local/lib/python3.12/site-packages/airflow/example_dags/example_params_ui_tutorial.py
[2026-06-12T22:14:18.756+0000] {processor.py:830} INFO - Processing file /home/airflow/.local/lib/python3.12/site-packages/airflow/example_dags/example_params_ui_tutorial.py for tasks to queue
[2026-06-12T22:14:18.758+0000] {logging_mixin.py:188} INFO - [2026-06-12T22:14:18.758+0000] {dagbag.py:545} INFO - Filling up the DagBag from /home/airflow/.local/lib/python3.12/site-packages/airflow/example_dags/example_params_ui_tutorial.py
[2026-06-12T22:14:18.773+0000] {processor.py:840} INFO - DAG(s) 'example_params_ui_tutorial' retrieved from /home/airflow/.local/lib/python3.12/site-packages/airflow/example_dags/example_params_ui_tutorial.py
[2026-06-12T22:14:18.879+0000] {logging_mixin.py:188} INFO - [2026-06-12T22:14:18.879+0000] {dag.py:3096} INFO - Sync 1 DAGs
[2026-06-12T22:14:18.922+0000] {logging_mixin.py:188} INFO - [2026-06-12T22:14:18.921+0000] {dag.py:3954} INFO - Setting next_dagrun for example_params_ui_tutorial to None, run_after=None
[2026-06-12T22:14:18.948+0000] {processor.py:183} INFO - Processing /home/airflow/.local/lib/python3.12/site-packages/airflow/example_dags/example_params_ui_tutorial.py took 0.200 seconds
[2026-06-12T22:14:51.430+0000] {processor.py:161} INFO - Started process (PID=739) to work on /home/airflow/.local/lib/python3.12/site-packages/airflow/example_dags/example_params_ui_tutorial.py
[2026-06-12T22:14:51.435+0000] {processor.py:830} INFO - Processing file /home/airflow/.local/lib/python3.12/site-packages/airflow/example_dags/example_params_ui_tutorial.py for tasks to queue
[2026-06-12T22:14:51.439+0000] {logging_mixin.py:188} INFO - [2026-06-12T22:14:51.439+0000] {dagbag.py:545} INFO - Filling up the DagBag from /home/airflow/.local/lib/python3.12/site-packages/airflow/example_dags/example_params_ui_tutorial.py
[2026-06-12T22:14:51.483+0000] {processor.py:840} INFO - DAG(s) 'example_params_ui_tutorial' retrieved from /home/airflow/.local/lib/python3.12/site-packages/airflow/example_dags/example_params_ui_tutorial.py
[2026-06-12T22:14:51.609+0000] {logging_mixin.py:188} INFO - [2026-06-12T22:14:51.609+0000] {dag.py:3096} INFO - Sync 1 DAGs
[2026-06-12T22:14:51.627+0000] {logging_mixin.py:188} INFO - [2026-06-12T22:14:51.626+0000] {dag.py:3954} INFO - Setting next_dagrun for example_params_ui_tutorial to None, run_after=None
[2026-06-12T22:14:51.656+0000] {processor.py:183} INFO - Processing /home/airflow/.local/lib/python3.12/site-packages/airflow/example_dags/example_params_ui_tutorial.py took 0.252 seconds
[2026-06-12T22:15:23.611+0000] {processor.py:161} INFO - Started process (PID=801) to work on /home/airflow/.local/lib/python3.12/site-packages/airflow/example_dags/example_params_ui_tutorial.py
[2026-06-12T22:15:23.617+0000] {processor.py:830} INFO - Processing file /home/airflow/.local/lib/python3.12/site-packages/airflow/example_dags/example_params_ui_tutorial.py for tasks to queue
[2026-06-12T22:15:23.632+0000] {logging_mixin.py:188} INFO - [2026-06-12T22:15:23.628+0000] {dagbag.py:545} INFO - Filling up the DagBag from /home/airflow/.local/lib/python3.12/site-packages/airflow/example_dags/example_params_ui_tutorial.py
[2026-06-12T22:15:23.698+0000] {processor.py:840} INFO - DAG(s) 'example_params_ui_tutorial' retrieved from /home/airflow/.local/lib/python3.12/site-packages/airflow/example_dags/example_params_ui_tutorial.py
[2026-06-12T22:15:23.903+0000] {logging_mixin.py:188} INFO - [2026-06-12T22:15:23.903+0000] {dag.py:3096} INFO - Sync 1 DAGs
[2026-06-12T22:15:23.946+0000] {logging_mixin.py:188} INFO - [2026-06-12T22:15:23.946+0000] {dag.py:3954} INFO - Setting next_dagrun for example_params_ui_tutorial to None, run_after=None
[2026-06-12T22:15:24.045+0000] {processor.py:183} INFO - Processing /home/airflow/.local/lib/python3.12/site-packages/airflow/example_dags/example_params_ui_tutorial.py took 0.463 seconds
[2026-06-12T22:15:54.537+0000] {processor.py:161} INFO - Started process (PID=863) to work on /home/airflow/.local/lib/python3.12/site-packages/airflow/example_dags/example_params_ui_tutorial.py
[2026-06-12T22:15:54.538+0000] {processor.py:830} INFO - Processing file /home/airflow/.local/lib/python3.12/site-packages/airflow/example_dags/example_params_ui_tutorial.py for tasks to queue
[2026-06-12T22:15:54.539+0000] {logging_mixin.py:188} INFO - [2026-06-12T22:15:54.539+0000] {dagbag.py:545} INFO - Filling up the DagBag from /home/airflow/.local/lib/python3.12/site-packages/airflow/example_dags/example_params_ui_tutorial.py
[2026-06-12T22:15:54.549+0000] {processor.py:840} INFO - DAG(s) 'example_params_ui_tutorial' retrieved from /home/airflow/.local/lib/python3.12/site-packages/airflow/example_dags/example_params_ui_tutorial.py
[2026-06-12T22:15:54.602+0000] {logging_mixin.py:188} INFO - [2026-06-12T22:15:54.602+0000] {dag.py:3096} INFO - Sync 1 DAGs
[2026-06-12T22:15:54.616+0000] {logging_mixin.py:188} INFO - [2026-06-12T22:15:54.616+0000] {dag.py:3954} INFO - Setting next_dagrun for example_params_ui_tutorial to None, run_after=None
[2026-06-12T22:15:54.648+0000] {processor.py:183} INFO - Processing /home/airflow/.local/lib/python3.12/site-packages/airflow/example_dags/example_params_ui_tutorial.py took 0.117 seconds
[2026-06-12T22:16:25.005+0000] {processor.py:161} INFO - Started process (PID=925) to work on /home/airflow/.local/lib/python3.12/site-packages/airflow/example_dags/example_params_ui_tutorial.py
[2026-06-12T22:16:25.014+0000] {processor.py:830} INFO - Processing file /home/airflow/.local/lib/python3.12/site-packages/airflow/example_dags/example_params_ui_tutorial.py for tasks to queue
[2026-06-12T22:16:25.029+0000] {logging_mixin.py:188} INFO - [2026-06-12T22:16:25.029+0000] {dagbag.py:545} INFO - Filling up the DagBag from /home/airflow/.local/lib/python3.12/site-packages/airflow/example_dags/example_params_ui_tutorial.py
[2026-06-12T22:16:25.075+0000] {processor.py:840} INFO - DAG(s) 'example_params_ui_tutorial' retrieved from /home/airflow/.local/lib/python3.12/site-packages/airflow/example_dags/example_params_ui_tutorial.py
[2026-06-12T22:16:25.387+0000] {logging_mixin.py:188} INFO - [2026-06-12T22:16:25.386+0000] {dag.py:3096} INFO - Sync 1 DAGs
[2026-06-12T22:16:25.405+0000] {logging_mixin.py:188} INFO - [2026-06-12T22:16:25.405+0000] {dag.py:3954} INFO - Setting next_dagrun for example_params_ui_tutorial to None, run_after=None
[2026-06-12T22:16:25.430+0000] {processor.py:183} INFO - Processing /home/airflow/.local/lib/python3.12/site-packages/airflow/example_dags/example_params_ui_tutorial.py took 0.473 seconds
[2026-06-12T22:16:55.773+0000] {processor.py:161} INFO - Started process (PID=989) to work on /home/airflow/.local/lib/python3.12/site-packages/airflow/example_dags/example_params_ui_tutorial.py
[2026-06-12T22:16:55.774+0000] {processor.py:830} INFO - Processing file /home/airflow/.local/lib/python3.12/site-packages/airflow/example_dags/example_params_ui_tutorial.py for tasks to queue
[2026-06-12T22:16:55.776+0000] {logging_mixin.py:188} INFO - [2026-06-12T22:16:55.776+0000] {dagbag.py:545} INFO - Filling up the DagBag from /home/airflow/.local/lib/python3.12/site-packages/airflow/example_dags/example_params_ui_tutorial.py
[2026-06-12T22:16:55.792+0000] {processor.py:840} INFO - DAG(s) 'example_params_ui_tutorial' retrieved from /home/airflow/.local/lib/python3.12/site-packages/airflow/example_dags/example_params_ui_tutorial.py
[2026-06-12T22:16:55.867+0000] {logging_mixin.py:188} INFO - [2026-06-12T22:16:55.866+0000] {dag.py:3096} INFO - Sync 1 DAGs
[2026-06-12T22:16:55.878+0000] {logging_mixin.py:188} INFO - [2026-06-12T22:16:55.878+0000] {dag.py:3954} INFO - Setting next_dagrun for example_params_ui_tutorial to None, run_after=None
[2026-06-12T22:16:55.894+0000] {processor.py:183} INFO - Processing /home/airflow/.local/lib/python3.12/site-packages/airflow/example_dags/example_params_ui_tutorial.py took 0.128 seconds
[2026-06-12T22:17:26.305+0000] {processor.py:161} INFO - Started process (PID=1051) to work on /home/airflow/.local/lib/python3.12/site-packages/airflow/example_dags/example_params_ui_tutorial.py
[2026-06-12T22:17:26.306+0000] {processor.py:830} INFO - Processing file /home/airflow/.local/lib/python3.12/site-packages/airflow/example_dags/example_params_ui_tutorial.py for tasks to queue
[2026-06-12T22:17:26.308+0000] {logging_mixin.py:188} INFO - [2026-06-12T22:17:26.307+0000] {dagbag.py:545} INFO - Filling up the DagBag from /home/airflow/.local/lib/python3.12/site-packages/airflow/example_dags/example_params_ui_tutorial.py
[2026-06-12T22:17:26.322+0000] {processor.py:840} INFO - DAG(s) 'example_params_ui_tutorial' retrieved from /home/airflow/.local/lib/python3.12/site-packages/airflow/example_dags/example_params_ui_tutorial.py
[2026-06-12T22:17:26.377+0000] {logging_mixin.py:188} INFO - [2026-06-12T22:17:26.377+0000] {dag.py:3096} INFO - Sync 1 DAGs
[2026-06-12T22:17:26.390+0000] {logging_mixin.py:188} INFO - [2026-06-12T22:17:26.390+0000] {dag.py:3954} INFO - Setting next_dagrun for example_params_ui_tutorial to None, run_after=None
[2026-06-12T22:17:26.407+0000] {processor.py:183} INFO - Processing /home/airflow/.local/lib/python3.12/site-packages/airflow/example_dags/example_params_ui_tutorial.py took 0.110 seconds
[2026-06-12T22:18:00.491+0000] {processor.py:161} INFO - Started process (PID=1111) to work on /home/airflow/.local/lib/python3.12/site-packages/airflow/example_dags/example_params_ui_tutorial.py
[2026-06-12T22:18:00.493+0000] {processor.py:830} INFO - Processing file /home/airflow/.local/lib/python3.12/site-packages/airflow/example_dags/example_params_ui_tutorial.py for tasks to queue
[2026-06-12T22:18:00.497+0000] {logging_mixin.py:188} INFO - [2026-06-12T22:18:00.496+0000] {dagbag.py:545} INFO - Filling up the DagBag from /home/airflow/.local/lib/python3.12/site-packages/airflow/example_dags/example_params_ui_tutorial.py
[2026-06-12T22:18:00.548+0000] {processor.py:840} INFO - DAG(s) 'example_params_ui_tutorial' retrieved from /home/airflow/.local/lib/python3.12/site-packages/airflow/example_dags/example_params_ui_tutorial.py
[2026-06-12T22:18:00.657+0000] {logging_mixin.py:188} INFO - [2026-06-12T22:18:00.657+0000] {dag.py:3096} INFO - Sync 1 DAGs
[2026-06-12T22:18:00.677+0000] {logging_mixin.py:188} INFO - [2026-06-12T22:18:00.677+0000] {dag.py:3954} INFO - Setting next_dagrun for example_params_ui_tutorial to None, run_after=None
[2026-06-12T22:18:00.702+0000] {processor.py:183} INFO - Processing /home/airflow/.local/lib/python3.12/site-packages/airflow/example_dags/example_params_ui_tutorial.py took 0.240 seconds
[2026-06-12T22:18:35.798+0000] {processor.py:161} INFO - Started process (PID=1173) to work on /home/airflow/.local/lib/python3.12/site-packages/airflow/example_dags/example_params_ui_tutorial.py
[2026-06-12T22:18:35.801+0000] {processor.py:830} INFO - Processing file /home/airflow/.local/lib/python3.12/site-packages/airflow/example_dags/example_params_ui_tutorial.py for tasks to queue
[2026-06-12T22:18:35.808+0000] {logging_mixin.py:188} INFO - [2026-06-12T22:18:35.803+0000] {dagbag.py:545} INFO - Filling up the DagBag from /home/airflow/.local/lib/python3.12/site-packages/airflow/example_dags/example_params_ui_tutorial.py
[2026-06-12T22:18:35.863+0000] {processor.py:840} INFO - DAG(s) 'example_params_ui_tutorial' retrieved from /home/airflow/.local/lib/python3.12/site-packages/airflow/example_dags/example_params_ui_tutorial.py
[2026-06-12T22:18:36.065+0000] {logging_mixin.py:188} INFO - [2026-06-12T22:18:36.065+0000] {dag.py:3096} INFO - Sync 1 DAGs
[2026-06-12T22:18:36.099+0000] {logging_mixin.py:188} INFO - [2026-06-12T22:18:36.098+0000] {dag.py:3954} INFO - Setting next_dagrun for example_params_ui_tutorial to None, run_after=None
[2026-06-12T22:18:36.164+0000] {processor.py:183} INFO - Processing /home/airflow/.local/lib/python3.12/site-packages/airflow/example_dags/example_params_ui_tutorial.py took 0.391 seconds
[2026-06-12T22:19:10.166+0000] {processor.py:161} INFO - Started process (PID=1235) to work on /home/airflow/.local/lib/python3.12/site-packages/airflow/example_dags/example_params_ui_tutorial.py
[2026-06-12T22:19:10.167+0000] {processor.py:830} INFO - Processing file /home/airflow/.local/lib/python3.12/site-packages/airflow/example_dags/example_params_ui_tutorial.py for tasks to queue
[2026-06-12T22:19:10.186+0000] {logging_mixin.py:188} INFO - [2026-06-12T22:19:10.186+0000] {dagbag.py:545} INFO - Filling up the DagBag from /home/airflow/.local/lib/python3.12/site-packages/airflow/example_dags/example_params_ui_tutorial.py
[2026-06-12T22:19:10.239+0000] {processor.py:840} INFO - DAG(s) 'example_params_ui_tutorial' retrieved from /home/airflow/.local/lib/python3.12/site-packages/airflow/example_dags/example_params_ui_tutorial.py
[2026-06-12T22:19:10.588+0000] {logging_mixin.py:188} INFO - [2026-06-12T22:19:10.588+0000] {dag.py:3096} INFO - Sync 1 DAGs
[2026-06-12T22:19:10.685+0000] {logging_mixin.py:188} INFO - [2026-06-12T22:19:10.684+0000] {dag.py:3954} INFO - Setting next_dagrun for example_params_ui_tutorial to None, run_after=None
[2026-06-12T22:19:10.834+0000] {processor.py:183} INFO - Processing /home/airflow/.local/lib/python3.12/site-packages/airflow/example_dags/example_params_ui_tutorial.py took 0.700 seconds
[2026-06-12T22:19:41.792+0000] {processor.py:161} INFO - Started process (PID=1297) to work on /home/airflow/.local/lib/python3.12/site-packages/airflow/example_dags/example_params_ui_tutorial.py
[2026-06-12T22:19:41.793+0000] {processor.py:830} INFO - Processing file /home/airflow/.local/lib/python3.12/site-packages/airflow/example_dags/example_params_ui_tutorial.py for tasks to queue
[2026-06-12T22:19:41.795+0000] {logging_mixin.py:188} INFO - [2026-06-12T22:19:41.794+0000] {dagbag.py:545} INFO - Filling up the DagBag from /home/airflow/.local/lib/python3.12/site-packages/airflow/example_dags/example_params_ui_tutorial.py
[2026-06-12T22:19:42.039+0000] {processor.py:840} INFO - DAG(s) 'example_params_ui_tutorial' retrieved from /home/airflow/.local/lib/python3.12/site-packages/airflow/example_dags/example_params_ui_tutorial.py
[2026-06-12T22:19:42.177+0000] {logging_mixin.py:188} INFO - [2026-06-12T22:19:42.177+0000] {dag.py:3096} INFO - Sync 1 DAGs
[2026-06-12T22:19:42.203+0000] {logging_mixin.py:188} INFO - [2026-06-12T22:19:42.203+0000] {dag.py:3954} INFO - Setting next_dagrun for example_params_ui_tutorial to None, run_after=None
[2026-06-12T22:19:42.239+0000] {processor.py:183} INFO - Processing /home/airflow/.local/lib/python3.12/site-packages/airflow/example_dags/example_params_ui_tutorial.py took 0.454 seconds
[2026-06-12T22:20:12.367+0000] {processor.py:161} INFO - Started process (PID=1358) to work on /home/airflow/.local/lib/python3.12/site-packages/airflow/example_dags/example_params_ui_tutorial.py
[2026-06-12T22:20:12.371+0000] {processor.py:830} INFO - Processing file /home/airflow/.local/lib/python3.12/site-packages/airflow/example_dags/example_params_ui_tutorial.py for tasks to queue
[2026-06-12T22:20:12.373+0000] {logging_mixin.py:188} INFO - [2026-06-12T22:20:12.373+0000] {dagbag.py:545} INFO - Filling up the DagBag from /home/airflow/.local/lib/python3.12/site-packages/airflow/example_dags/example_params_ui_tutorial.py
[2026-06-12T22:20:12.430+0000] {processor.py:840} INFO - DAG(s) 'example_params_ui_tutorial' retrieved from /home/airflow/.local/lib/python3.12/site-packages/airflow/example_dags/example_params_ui_tutorial.py
[2026-06-12T22:20:12.559+0000] {logging_mixin.py:188} INFO - [2026-06-12T22:20:12.558+0000] {dag.py:3096} INFO - Sync 1 DAGs
[2026-06-12T22:20:12.579+0000] {logging_mixin.py:188} INFO - [2026-06-12T22:20:12.579+0000] {dag.py:3954} INFO - Setting next_dagrun for example_params_ui_tutorial to None, run_after=None
[2026-06-12T22:20:12.600+0000] {processor.py:183} INFO - Processing /home/airflow/.local/lib/python3.12/site-packages/airflow/example_dags/example_params_ui_tutorial.py took 0.254 seconds
[2026-06-12T22:20:43.105+0000] {processor.py:161} INFO - Started process (PID=1420) to work on /home/airflow/.local/lib/python3.12/site-packages/airflow/example_dags/example_params_ui_tutorial.py
[2026-06-12T22:20:43.107+0000] {processor.py:830} INFO - Processing file /home/airflow/.local/lib/python3.12/site-packages/airflow/example_dags/example_params_ui_tutorial.py for tasks to queue
[2026-06-12T22:20:43.109+0000] {logging_mixin.py:188} INFO - [2026-06-12T22:20:43.108+0000] {dagbag.py:545} INFO - Filling up the DagBag from /home/airflow/.local/lib/python3.12/site-packages/airflow/example_dags/example_params_ui_tutorial.py
[2026-06-12T22:20:43.141+0000] {processor.py:840} INFO - DAG(s) 'example_params_ui_tutorial' retrieved from /home/airflow/.local/lib/python3.12/site-packages/airflow/example_dags/example_params_ui_tutorial.py
[2026-06-12T22:20:43.275+0000] {logging_mixin.py:188} INFO - [2026-06-12T22:20:43.275+0000] {dag.py:3096} INFO - Sync 1 DAGs
[2026-06-12T22:20:43.294+0000] {logging_mixin.py:188} INFO - [2026-06-12T22:20:43.294+0000] {dag.py:3954} INFO - Setting next_dagrun for example_params_ui_tutorial to None, run_after=None
[2026-06-12T22:20:43.316+0000] {processor.py:183} INFO - Processing /home/airflow/.local/lib/python3.12/site-packages/airflow/example_dags/example_params_ui_tutorial.py took 0.217 seconds
[2026-06-12T22:21:13.449+0000] {processor.py:161} INFO - Started process (PID=1482) to work on /home/airflow/.local/lib/python3.12/site-packages/airflow/example_dags/example_params_ui_tutorial.py
[2026-06-12T22:21:13.450+0000] {processor.py:830} INFO - Processing file /home/airflow/.local/lib/python3.12/site-packages/airflow/example_dags/example_params_ui_tutorial.py for tasks to queue
[2026-06-12T22:21:13.452+0000] {logging_mixin.py:188} INFO - [2026-06-12T22:21:13.452+0000] {dagbag.py:545} INFO - Filling up the DagBag from /home/airflow/.local/lib/python3.12/site-packages/airflow/example_dags/example_params_ui_tutorial.py
[2026-06-12T22:21:13.485+0000] {processor.py:840} INFO - DAG(s) 'example_params_ui_tutorial' retrieved from /home/airflow/.local/lib/python3.12/site-packages/airflow/example_dags/example_params_ui_tutorial.py
[2026-06-12T22:21:13.656+0000] {logging_mixin.py:188} INFO - [2026-06-12T22:21:13.656+0000] {dag.py:3096} INFO - Sync 1 DAGs
[2026-06-12T22:21:13.673+0000] {logging_mixin.py:188} INFO - [2026-06-12T22:21:13.673+0000] {dag.py:3954} INFO - Setting next_dagrun for example_params_ui_tutorial to None, run_after=None
[2026-06-12T22:21:13.703+0000] {processor.py:183} INFO - Processing /home/airflow/.local/lib/python3.12/site-packages/airflow/example_dags/example_params_ui_tutorial.py took 0.270 seconds
[2026-06-12T22:21:44.435+0000] {processor.py:161} INFO - Started process (PID=1544) to work on /home/airflow/.local/lib/python3.12/site-packages/airflow/example_dags/example_params_ui_tutorial.py
[2026-06-12T22:21:44.438+0000] {processor.py:830} INFO - Processing file /home/airflow/.local/lib/python3.12/site-packages/airflow/example_dags/example_params_ui_tutorial.py for tasks to queue
[2026-06-12T22:21:44.440+0000] {logging_mixin.py:188} INFO - [2026-06-12T22:21:44.440+0000] {dagbag.py:545} INFO - Filling up the DagBag from /home/airflow/.local/lib/python3.12/site-packages/airflow/example_dags/example_params_ui_tutorial.py
[2026-06-12T22:21:44.454+0000] {processor.py:840} INFO - DAG(s) 'example_params_ui_tutorial' retrieved from /home/airflow/.local/lib/python3.12/site-packages/airflow/example_dags/example_params_ui_tutorial.py
[2026-06-12T22:21:44.539+0000] {logging_mixin.py:188} INFO - [2026-06-12T22:21:44.539+0000] {dag.py:3096} INFO - Sync 1 DAGs
[2026-06-12T22:21:44.556+0000] {logging_mixin.py:188} INFO - [2026-06-12T22:21:44.556+0000] {dag.py:3954} INFO - Setting next_dagrun for example_params_ui_tutorial to None, run_after=None
[2026-06-12T22:21:44.589+0000] {processor.py:183} INFO - Processing /home/airflow/.local/lib/python3.12/site-packages/airflow/example_dags/example_params_ui_tutorial.py took 0.161 seconds
[2026-06-12T22:22:15.415+0000] {processor.py:161} INFO - Started process (PID=1605) to work on /home/airflow/.local/lib/python3.12/site-packages/airflow/example_dags/example_params_ui_tutorial.py
[2026-06-12T22:22:15.416+0000] {processor.py:830} INFO - Processing file /home/airflow/.local/lib/python3.12/site-packages/airflow/example_dags/example_params_ui_tutorial.py for tasks to queue
[2026-06-12T22:22:15.418+0000] {logging_mixin.py:188} INFO - [2026-06-12T22:22:15.418+0000] {dagbag.py:545} INFO - Filling up the DagBag from /home/airflow/.local/lib/python3.12/site-packages/airflow/example_dags/example_params_ui_tutorial.py
[2026-06-12T22:22:15.438+0000] {processor.py:840} INFO - DAG(s) 'example_params_ui_tutorial' retrieved from /home/airflow/.local/lib/python3.12/site-packages/airflow/example_dags/example_params_ui_tutorial.py
[2026-06-12T22:22:15.531+0000] {logging_mixin.py:188} INFO - [2026-06-12T22:22:15.531+0000] {dag.py:3096} INFO - Sync 1 DAGs
[2026-06-12T22:22:15.558+0000] {logging_mixin.py:188} INFO - [2026-06-12T22:22:15.558+0000] {dag.py:3954} INFO - Setting next_dagrun for example_params_ui_tutorial to None, run_after=None
[2026-06-12T22:22:15.582+0000] {processor.py:183} INFO - Processing /home/airflow/.local/lib/python3.12/site-packages/airflow/example_dags/example_params_ui_tutorial.py took 0.173 seconds
[2026-06-12T22:22:46.143+0000] {processor.py:161} INFO - Started process (PID=1667) to work on /home/airflow/.local/lib/python3.12/site-packages/airflow/example_dags/example_params_ui_tutorial.py
[2026-06-12T22:22:46.144+0000] {processor.py:830} INFO - Processing file /home/airflow/.local/lib/python3.12/site-packages/airflow/example_dags/example_params_ui_tutorial.py for tasks to queue
[2026-06-12T22:22:46.146+0000] {logging_mixin.py:188} INFO - [2026-06-12T22:22:46.146+0000] {dagbag.py:545} INFO - Filling up the DagBag from /home/airflow/.local/lib/python3.12/site-packages/airflow/example_dags/example_params_ui_tutorial.py
[2026-06-12T22:22:46.160+0000] {processor.py:840} INFO - DAG(s) 'example_params_ui_tutorial' retrieved from /home/airflow/.local/lib/python3.12/site-packages/airflow/example_dags/example_params_ui_tutorial.py
[2026-06-12T22:22:46.242+0000] {logging_mixin.py:188} INFO - [2026-06-12T22:22:46.242+0000] {dag.py:3096} INFO - Sync 1 DAGs
[2026-06-12T22:22:46.266+0000] {logging_mixin.py:188} INFO - [2026-06-12T22:22:46.265+0000] {dag.py:3954} INFO - Setting next_dagrun for example_params_ui_tutorial to None, run_after=None
[2026-06-12T22:22:46.287+0000] {processor.py:183} INFO - Processing /home/airflow/.local/lib/python3.12/site-packages/airflow/example_dags/example_params_ui_tutorial.py took 0.153 seconds
[2026-06-12T22:23:16.667+0000] {processor.py:161} INFO - Started process (PID=1729) to work on /home/airflow/.local/lib/python3.12/site-packages/airflow/example_dags/example_params_ui_tutorial.py
[2026-06-12T22:23:16.668+0000] {processor.py:830} INFO - Processing file /home/airflow/.local/lib/python3.12/site-packages/airflow/example_dags/example_params_ui_tutorial.py for tasks to queue
[2026-06-12T22:23:16.681+0000] {logging_mixin.py:188} INFO - [2026-06-12T22:23:16.679+0000] {dagbag.py:545} INFO - Filling up the DagBag from /home/airflow/.local/lib/python3.12/site-packages/airflow/example_dags/example_params_ui_tutorial.py
[2026-06-12T22:23:16.727+0000] {processor.py:840} INFO - DAG(s) 'example_params_ui_tutorial' retrieved from /home/airflow/.local/lib/python3.12/site-packages/airflow/example_dags/example_params_ui_tutorial.py
[2026-06-12T22:23:16.950+0000] {logging_mixin.py:188} INFO - [2026-06-12T22:23:16.948+0000] {dag.py:3096} INFO - Sync 1 DAGs
[2026-06-12T22:23:16.981+0000] {logging_mixin.py:188} INFO - [2026-06-12T22:23:16.980+0000] {dag.py:3954} INFO - Setting next_dagrun for example_params_ui_tutorial to None, run_after=None
[2026-06-12T22:23:17.032+0000] {processor.py:183} INFO - Processing /home/airflow/.local/lib/python3.12/site-packages/airflow/example_dags/example_params_ui_tutorial.py took 0.390 seconds
[2026-06-12T22:23:47.891+0000] {processor.py:161} INFO - Started process (PID=1793) to work on /home/airflow/.local/lib/python3.12/site-packages/airflow/example_dags/example_params_ui_tutorial.py
[2026-06-12T22:23:47.895+0000] {processor.py:830} INFO - Processing file /home/airflow/.local/lib/python3.12/site-packages/airflow/example_dags/example_params_ui_tutorial.py for tasks to queue
[2026-06-12T22:23:47.904+0000] {logging_mixin.py:188} INFO - [2026-06-12T22:23:47.903+0000] {dagbag.py:545} INFO - Filling up the DagBag from /home/airflow/.local/lib/python3.12/site-packages/airflow/example_dags/example_params_ui_tutorial.py
[2026-06-12T22:23:47.944+0000] {processor.py:840} INFO - DAG(s) 'example_params_ui_tutorial' retrieved from /home/airflow/.local/lib/python3.12/site-packages/airflow/example_dags/example_params_ui_tutorial.py
[2026-06-12T22:23:48.179+0000] {logging_mixin.py:188} INFO - [2026-06-12T22:23:48.179+0000] {dag.py:3096} INFO - Sync 1 DAGs
[2026-06-12T22:23:48.244+0000] {logging_mixin.py:188} INFO - [2026-06-12T22:23:48.244+0000] {dag.py:3954} INFO - Setting next_dagrun for example_params_ui_tutorial to None, run_after=None
[2026-06-12T22:23:48.352+0000] {processor.py:183} INFO - Processing /home/airflow/.local/lib/python3.12/site-packages/airflow/example_dags/example_params_ui_tutorial.py took 0.484 seconds
[2026-06-12T22:24:18.679+0000] {processor.py:161} INFO - Started process (PID=1854) to work on /home/airflow/.local/lib/python3.12/site-packages/airflow/example_dags/example_params_ui_tutorial.py
[2026-06-12T22:24:18.680+0000] {processor.py:830} INFO - Processing file /home/airflow/.local/lib/python3.12/site-packages/airflow/example_dags/example_params_ui_tutorial.py for tasks to queue
[2026-06-12T22:24:18.687+0000] {logging_mixin.py:188} INFO - [2026-06-12T22:24:18.686+0000] {dagbag.py:545} INFO - Filling up the DagBag from /home/airflow/.local/lib/python3.12/site-packages/airflow/example_dags/example_params_ui_tutorial.py
[2026-06-12T22:24:18.738+0000] {processor.py:840} INFO - DAG(s) 'example_params_ui_tutorial' retrieved from /home/airflow/.local/lib/python3.12/site-packages/airflow/example_dags/example_params_ui_tutorial.py
[2026-06-12T22:24:18.927+0000] {logging_mixin.py:188} INFO - [2026-06-12T22:24:18.927+0000] {dag.py:3096} INFO - Sync 1 DAGs
[2026-06-12T22:24:18.966+0000] {logging_mixin.py:188} INFO - [2026-06-12T22:24:18.966+0000] {dag.py:3954} INFO - Setting next_dagrun for example_params_ui_tutorial to None, run_after=None
[2026-06-12T22:24:19.006+0000] {processor.py:183} INFO - Processing /home/airflow/.local/lib/python3.12/site-packages/airflow/example_dags/example_params_ui_tutorial.py took 0.345 seconds
[2026-06-12T22:24:49.221+0000] {processor.py:161} INFO - Started process (PID=1916) to work on /home/airflow/.local/lib/python3.12/site-packages/airflow/example_dags/example_params_ui_tutorial.py
[2026-06-12T22:24:49.224+0000] {processor.py:830} INFO - Processing file /home/airflow/.local/lib/python3.12/site-packages/airflow/example_dags/example_params_ui_tutorial.py for tasks to queue
[2026-06-12T22:24:49.227+0000] {logging_mixin.py:188} INFO - [2026-06-12T22:24:49.226+0000] {dagbag.py:545} INFO - Filling up the DagBag from /home/airflow/.local/lib/python3.12/site-packages/airflow/example_dags/example_params_ui_tutorial.py
[2026-06-12T22:24:49.241+0000] {processor.py:840} INFO - DAG(s) 'example_params_ui_tutorial' retrieved from /home/airflow/.local/lib/python3.12/site-packages/airflow/example_dags/example_params_ui_tutorial.py
[2026-06-12T22:24:49.319+0000] {logging_mixin.py:188} INFO - [2026-06-12T22:24:49.319+0000] {dag.py:3096} INFO - Sync 1 DAGs
[2026-06-12T22:24:49.344+0000] {logging_mixin.py:188} INFO - [2026-06-12T22:24:49.343+0000] {dag.py:3954} INFO - Setting next_dagrun for example_params_ui_tutorial to None, run_after=None
[2026-06-12T22:24:49.370+0000] {processor.py:183} INFO - Processing /home/airflow/.local/lib/python3.12/site-packages/airflow/example_dags/example_params_ui_tutorial.py took 0.163 seconds
[2026-06-12T22:25:19.519+0000] {processor.py:161} INFO - Started process (PID=1978) to work on /home/airflow/.local/lib/python3.12/site-packages/airflow/example_dags/example_params_ui_tutorial.py
[2026-06-12T22:25:19.520+0000] {processor.py:830} INFO - Processing file /home/airflow/.local/lib/python3.12/site-packages/airflow/example_dags/example_params_ui_tutorial.py for tasks to queue
[2026-06-12T22:25:19.522+0000] {logging_mixin.py:188} INFO - [2026-06-12T22:25:19.521+0000] {dagbag.py:545} INFO - Filling up the DagBag from /home/airflow/.local/lib/python3.12/site-packages/airflow/example_dags/example_params_ui_tutorial.py
[2026-06-12T22:25:19.535+0000] {processor.py:840} INFO - DAG(s) 'example_params_ui_tutorial' retrieved from /home/airflow/.local/lib/python3.12/site-packages/airflow/example_dags/example_params_ui_tutorial.py
[2026-06-12T22:25:19.662+0000] {logging_mixin.py:188} INFO - [2026-06-12T22:25:19.661+0000] {dag.py:3096} INFO - Sync 1 DAGs
[2026-06-12T22:25:19.689+0000] {logging_mixin.py:188} INFO - [2026-06-12T22:25:19.686+0000] {dag.py:3954} INFO - Setting next_dagrun for example_params_ui_tutorial to None, run_after=None
[2026-06-12T22:25:19.713+0000] {processor.py:183} INFO - Processing /home/airflow/.local/lib/python3.12/site-packages/airflow/example_dags/example_params_ui_tutorial.py took 0.201 seconds
[2026-06-12T22:25:49.816+0000] {processor.py:161} INFO - Started process (PID=2040) to work on /home/airflow/.local/lib/python3.12/site-packages/airflow/example_dags/example_params_ui_tutorial.py
[2026-06-12T22:25:49.818+0000] {processor.py:830} INFO - Processing file /home/airflow/.local/lib/python3.12/site-packages/airflow/example_dags/example_params_ui_tutorial.py for tasks to queue
[2026-06-12T22:25:49.822+0000] {logging_mixin.py:188} INFO - [2026-06-12T22:25:49.820+0000] {dagbag.py:545} INFO - Filling up the DagBag from /home/airflow/.local/lib/python3.12/site-packages/airflow/example_dags/example_params_ui_tutorial.py
[2026-06-12T22:25:49.837+0000] {processor.py:840} INFO - DAG(s) 'example_params_ui_tutorial' retrieved from /home/airflow/.local/lib/python3.12/site-packages/airflow/example_dags/example_params_ui_tutorial.py
[2026-06-12T22:25:49.927+0000] {logging_mixin.py:188} INFO - [2026-06-12T22:25:49.927+0000] {dag.py:3096} INFO - Sync 1 DAGs
[2026-06-12T22:25:49.945+0000] {logging_mixin.py:188} INFO - [2026-06-12T22:25:49.945+0000] {dag.py:3954} INFO - Setting next_dagrun for example_params_ui_tutorial to None, run_after=None
[2026-06-12T22:25:49.975+0000] {processor.py:183} INFO - Processing /home/airflow/.local/lib/python3.12/site-packages/airflow/example_dags/example_params_ui_tutorial.py took 0.166 seconds
[2026-06-12T22:26:20.294+0000] {processor.py:161} INFO - Started process (PID=2102) to work on /home/airflow/.local/lib/python3.12/site-packages/airflow/example_dags/example_params_ui_tutorial.py
[2026-06-12T22:26:20.295+0000] {processor.py:830} INFO - Processing file /home/airflow/.local/lib/python3.12/site-packages/airflow/example_dags/example_params_ui_tutorial.py for tasks to queue
[2026-06-12T22:26:20.297+0000] {logging_mixin.py:188} INFO - [2026-06-12T22:26:20.297+0000] {dagbag.py:545} INFO - Filling up the DagBag from /home/airflow/.local/lib/python3.12/site-packages/airflow/example_dags/example_params_ui_tutorial.py
[2026-06-12T22:26:20.313+0000] {processor.py:840} INFO - DAG(s) 'example_params_ui_tutorial' retrieved from /home/airflow/.local/lib/python3.12/site-packages/airflow/example_dags/example_params_ui_tutorial.py
[2026-06-12T22:26:20.402+0000] {logging_mixin.py:188} INFO - [2026-06-12T22:26:20.402+0000] {dag.py:3096} INFO - Sync 1 DAGs
[2026-06-12T22:26:20.421+0000] {logging_mixin.py:188} INFO - [2026-06-12T22:26:20.420+0000] {dag.py:3954} INFO - Setting next_dagrun for example_params_ui_tutorial to None, run_after=None
[2026-06-12T22:26:20.461+0000] {processor.py:183} INFO - Processing /home/airflow/.local/lib/python3.12/site-packages/airflow/example_dags/example_params_ui_tutorial.py took 0.175 seconds
[2026-06-12T22:26:50.736+0000] {processor.py:161} INFO - Started process (PID=2163) to work on /home/airflow/.local/lib/python3.12/site-packages/airflow/example_dags/example_params_ui_tutorial.py
[2026-06-12T22:26:50.737+0000] {processor.py:830} INFO - Processing file /home/airflow/.local/lib/python3.12/site-packages/airflow/example_dags/example_params_ui_tutorial.py for tasks to queue
[2026-06-12T22:26:50.739+0000] {logging_mixin.py:188} INFO - [2026-06-12T22:26:50.738+0000] {dagbag.py:545} INFO - Filling up the DagBag from /home/airflow/.local/lib/python3.12/site-packages/airflow/example_dags/example_params_ui_tutorial.py
[2026-06-12T22:26:50.753+0000] {processor.py:840} INFO - DAG(s) 'example_params_ui_tutorial' retrieved from /home/airflow/.local/lib/python3.12/site-packages/airflow/example_dags/example_params_ui_tutorial.py
[2026-06-12T22:26:50.836+0000] {logging_mixin.py:188} INFO - [2026-06-12T22:26:50.836+0000] {dag.py:3096} INFO - Sync 1 DAGs
[2026-06-12T22:26:50.860+0000] {logging_mixin.py:188} INFO - [2026-06-12T22:26:50.859+0000] {dag.py:3954} INFO - Setting next_dagrun for example_params_ui_tutorial to None, run_after=None
[2026-06-12T22:26:50.880+0000] {processor.py:183} INFO - Processing /home/airflow/.local/lib/python3.12/site-packages/airflow/example_dags/example_params_ui_tutorial.py took 0.154 seconds
[2026-06-12T22:27:20.944+0000] {processor.py:161} INFO - Started process (PID=2224) to work on /home/airflow/.local/lib/python3.12/site-packages/airflow/example_dags/example_params_ui_tutorial.py
[2026-06-12T22:27:20.946+0000] {processor.py:830} INFO - Processing file /home/airflow/.local/lib/python3.12/site-packages/airflow/example_dags/example_params_ui_tutorial.py for tasks to queue
[2026-06-12T22:27:20.948+0000] {logging_mixin.py:188} INFO - [2026-06-12T22:27:20.948+0000] {dagbag.py:545} INFO - Filling up the DagBag from /home/airflow/.local/lib/python3.12/site-packages/airflow/example_dags/example_params_ui_tutorial.py
[2026-06-12T22:27:20.962+0000] {processor.py:840} INFO - DAG(s) 'example_params_ui_tutorial' retrieved from /home/airflow/.local/lib/python3.12/site-packages/airflow/example_dags/example_params_ui_tutorial.py
[2026-06-12T22:27:21.042+0000] {logging_mixin.py:188} INFO - [2026-06-12T22:27:21.041+0000] {dag.py:3096} INFO - Sync 1 DAGs
[2026-06-12T22:27:21.062+0000] {logging_mixin.py:188} INFO - [2026-06-12T22:27:21.061+0000] {dag.py:3954} INFO - Setting next_dagrun for example_params_ui_tutorial to None, run_after=None
[2026-06-12T22:27:21.082+0000] {processor.py:183} INFO - Processing /home/airflow/.local/lib/python3.12/site-packages/airflow/example_dags/example_params_ui_tutorial.py took 0.145 seconds
[2026-06-12T22:27:51.489+0000] {processor.py:161} INFO - Started process (PID=2286) to work on /home/airflow/.local/lib/python3.12/site-packages/airflow/example_dags/example_params_ui_tutorial.py
[2026-06-12T22:27:51.490+0000] {processor.py:830} INFO - Processing file /home/airflow/.local/lib/python3.12/site-packages/airflow/example_dags/example_params_ui_tutorial.py for tasks to queue
[2026-06-12T22:27:51.492+0000] {logging_mixin.py:188} INFO - [2026-06-12T22:27:51.492+0000] {dagbag.py:545} INFO - Filling up the DagBag from /home/airflow/.local/lib/python3.12/site-packages/airflow/example_dags/example_params_ui_tutorial.py
[2026-06-12T22:27:51.506+0000] {processor.py:840} INFO - DAG(s) 'example_params_ui_tutorial' retrieved from /home/airflow/.local/lib/python3.12/site-packages/airflow/example_dags/example_params_ui_tutorial.py
[2026-06-12T22:27:51.609+0000] {logging_mixin.py:188} INFO - [2026-06-12T22:27:51.609+0000] {dag.py:3096} INFO - Sync 1 DAGs
[2026-06-12T22:27:51.625+0000] {logging_mixin.py:188} INFO - [2026-06-12T22:27:51.625+0000] {dag.py:3954} INFO - Setting next_dagrun for example_params_ui_tutorial to None, run_after=None
[2026-06-12T22:27:51.671+0000] {processor.py:183} INFO - Processing /home/airflow/.local/lib/python3.12/site-packages/airflow/example_dags/example_params_ui_tutorial.py took 0.191 seconds
[2026-06-12T22:28:22.054+0000] {processor.py:161} INFO - Started process (PID=2348) to work on /home/airflow/.local/lib/python3.12/site-packages/airflow/example_dags/example_params_ui_tutorial.py
[2026-06-12T22:28:22.055+0000] {processor.py:830} INFO - Processing file /home/airflow/.local/lib/python3.12/site-packages/airflow/example_dags/example_params_ui_tutorial.py for tasks to queue
[2026-06-12T22:28:22.060+0000] {logging_mixin.py:188} INFO - [2026-06-12T22:28:22.057+0000] {dagbag.py:545} INFO - Filling up the DagBag from /home/airflow/.local/lib/python3.12/site-packages/airflow/example_dags/example_params_ui_tutorial.py
[2026-06-12T22:28:22.082+0000] {processor.py:840} INFO - DAG(s) 'example_params_ui_tutorial' retrieved from /home/airflow/.local/lib/python3.12/site-packages/airflow/example_dags/example_params_ui_tutorial.py
[2026-06-12T22:28:22.224+0000] {logging_mixin.py:188} INFO - [2026-06-12T22:28:22.224+0000] {dag.py:3096} INFO - Sync 1 DAGs
[2026-06-12T22:28:22.263+0000] {logging_mixin.py:188} INFO - [2026-06-12T22:28:22.262+0000] {dag.py:3954} INFO - Setting next_dagrun for example_params_ui_tutorial to None, run_after=None
[2026-06-12T22:28:22.287+0000] {processor.py:183} INFO - Processing /home/airflow/.local/lib/python3.12/site-packages/airflow/example_dags/example_params_ui_tutorial.py took 0.241 seconds
[2026-06-12T22:28:52.664+0000] {processor.py:161} INFO - Started process (PID=2416) to work on /home/airflow/.local/lib/python3.12/site-packages/airflow/example_dags/example_params_ui_tutorial.py
[2026-06-12T22:28:52.666+0000] {processor.py:830} INFO - Processing file /home/airflow/.local/lib/python3.12/site-packages/airflow/example_dags/example_params_ui_tutorial.py for tasks to queue
[2026-06-12T22:28:52.668+0000] {logging_mixin.py:188} INFO - [2026-06-12T22:28:52.667+0000] {dagbag.py:545} INFO - Filling up the DagBag from /home/airflow/.local/lib/python3.12/site-packages/airflow/example_dags/example_params_ui_tutorial.py
[2026-06-12T22:28:52.685+0000] {processor.py:840} INFO - DAG(s) 'example_params_ui_tutorial' retrieved from /home/airflow/.local/lib/python3.12/site-packages/airflow/example_dags/example_params_ui_tutorial.py
[2026-06-12T22:28:52.765+0000] {logging_mixin.py:188} INFO - [2026-06-12T22:28:52.764+0000] {dag.py:3096} INFO - Sync 1 DAGs
[2026-06-12T22:28:52.782+0000] {logging_mixin.py:188} INFO - [2026-06-12T22:28:52.782+0000] {dag.py:3954} INFO - Setting next_dagrun for example_params_ui_tutorial to None, run_after=None
[2026-06-12T22:28:52.807+0000] {processor.py:183} INFO - Processing /home/airflow/.local/lib/python3.12/site-packages/airflow/example_dags/example_params_ui_tutorial.py took 0.150 seconds
[2026-06-12T22:29:23.129+0000] {processor.py:161} INFO - Started process (PID=2478) to work on /home/airflow/.local/lib/python3.12/site-packages/airflow/example_dags/example_params_ui_tutorial.py
[2026-06-12T22:29:23.144+0000] {processor.py:830} INFO - Processing file /home/airflow/.local/lib/python3.12/site-packages/airflow/example_dags/example_params_ui_tutorial.py for tasks to queue
[2026-06-12T22:29:23.146+0000] {logging_mixin.py:188} INFO - [2026-06-12T22:29:23.146+0000] {dagbag.py:545} INFO - Filling up the DagBag from /home/airflow/.local/lib/python3.12/site-packages/airflow/example_dags/example_params_ui_tutorial.py
[2026-06-12T22:29:23.174+0000] {processor.py:840} INFO - DAG(s) 'example_params_ui_tutorial' retrieved from /home/airflow/.local/lib/python3.12/site-packages/airflow/example_dags/example_params_ui_tutorial.py
[2026-06-12T22:29:23.272+0000] {logging_mixin.py:188} INFO - [2026-06-12T22:29:23.272+0000] {dag.py:3096} INFO - Sync 1 DAGs
[2026-06-12T22:29:23.295+0000] {logging_mixin.py:188} INFO - [2026-06-12T22:29:23.294+0000] {dag.py:3954} INFO - Setting next_dagrun for example_params_ui_tutorial to None, run_after=None
[2026-06-12T22:29:23.329+0000] {processor.py:183} INFO - Processing /home/airflow/.local/lib/python3.12/site-packages/airflow/example_dags/example_params_ui_tutorial.py took 0.207 seconds
[2026-06-12T22:29:54.298+0000] {processor.py:161} INFO - Started process (PID=2539) to work on /home/airflow/.local/lib/python3.12/site-packages/airflow/example_dags/example_params_ui_tutorial.py
[2026-06-12T22:29:54.298+0000] {processor.py:830} INFO - Processing file /home/airflow/.local/lib/python3.12/site-packages/airflow/example_dags/example_params_ui_tutorial.py for tasks to queue
[2026-06-12T22:29:54.301+0000] {logging_mixin.py:188} INFO - [2026-06-12T22:29:54.300+0000] {dagbag.py:545} INFO - Filling up the DagBag from /home/airflow/.local/lib/python3.12/site-packages/airflow/example_dags/example_params_ui_tutorial.py
[2026-06-12T22:29:54.315+0000] {processor.py:840} INFO - DAG(s) 'example_params_ui_tutorial' retrieved from /home/airflow/.local/lib/python3.12/site-packages/airflow/example_dags/example_params_ui_tutorial.py
[2026-06-12T22:29:54.456+0000] {logging_mixin.py:188} INFO - [2026-06-12T22:29:54.456+0000] {dag.py:3096} INFO - Sync 1 DAGs
[2026-06-12T22:29:54.477+0000] {logging_mixin.py:188} INFO - [2026-06-12T22:29:54.477+0000] {dag.py:3954} INFO - Setting next_dagrun for example_params_ui_tutorial to None, run_after=None
[2026-06-12T22:29:54.511+0000] {processor.py:183} INFO - Processing /home/airflow/.local/lib/python3.12/site-packages/airflow/example_dags/example_params_ui_tutorial.py took 0.221 seconds
[2026-06-12T22:30:24.987+0000] {processor.py:161} INFO - Started process (PID=2600) to work on /home/airflow/.local/lib/python3.12/site-packages/airflow/example_dags/example_params_ui_tutorial.py
[2026-06-12T22:30:24.988+0000] {processor.py:830} INFO - Processing file /home/airflow/.local/lib/python3.12/site-packages/airflow/example_dags/example_params_ui_tutorial.py for tasks to queue
[2026-06-12T22:30:24.990+0000] {logging_mixin.py:188} INFO - [2026-06-12T22:30:24.990+0000] {dagbag.py:545} INFO - Filling up the DagBag from /home/airflow/.local/lib/python3.12/site-packages/airflow/example_dags/example_params_ui_tutorial.py
[2026-06-12T22:30:25.004+0000] {processor.py:840} INFO - DAG(s) 'example_params_ui_tutorial' retrieved from /home/airflow/.local/lib/python3.12/site-packages/airflow/example_dags/example_params_ui_tutorial.py
[2026-06-12T22:30:25.109+0000] {logging_mixin.py:188} INFO - [2026-06-12T22:30:25.109+0000] {dag.py:3096} INFO - Sync 1 DAGs
[2026-06-12T22:30:25.145+0000] {logging_mixin.py:188} INFO - [2026-06-12T22:30:25.145+0000] {dag.py:3954} INFO - Setting next_dagrun for example_params_ui_tutorial to None, run_after=None
[2026-06-12T22:30:25.254+0000] {processor.py:183} INFO - Processing /home/airflow/.local/lib/python3.12/site-packages/airflow/example_dags/example_params_ui_tutorial.py took 0.273 seconds
[2026-06-12T22:30:55.846+0000] {processor.py:161} INFO - Started process (PID=2662) to work on /home/airflow/.local/lib/python3.12/site-packages/airflow/example_dags/example_params_ui_tutorial.py
[2026-06-12T22:30:55.847+0000] {processor.py:830} INFO - Processing file /home/airflow/.local/lib/python3.12/site-packages/airflow/example_dags/example_params_ui_tutorial.py for tasks to queue
[2026-06-12T22:30:55.849+0000] {logging_mixin.py:188} INFO - [2026-06-12T22:30:55.849+0000] {dagbag.py:545} INFO - Filling up the DagBag from /home/airflow/.local/lib/python3.12/site-packages/airflow/example_dags/example_params_ui_tutorial.py
[2026-06-12T22:30:55.863+0000] {processor.py:840} INFO - DAG(s) 'example_params_ui_tutorial' retrieved from /home/airflow/.local/lib/python3.12/site-packages/airflow/example_dags/example_params_ui_tutorial.py
[2026-06-12T22:30:55.977+0000] {logging_mixin.py:188} INFO - [2026-06-12T22:30:55.977+0000] {dag.py:3096} INFO - Sync 1 DAGs
[2026-06-12T22:30:56.024+0000] {logging_mixin.py:188} INFO - [2026-06-12T22:30:56.024+0000] {dag.py:3954} INFO - Setting next_dagrun for example_params_ui_tutorial to None, run_after=None
[2026-06-12T22:30:56.050+0000] {processor.py:183} INFO - Processing /home/airflow/.local/lib/python3.12/site-packages/airflow/example_dags/example_params_ui_tutorial.py took 0.211 seconds
[2026-06-12T22:31:26.138+0000] {processor.py:161} INFO - Started process (PID=2725) to work on /home/airflow/.local/lib/python3.12/site-packages/airflow/example_dags/example_params_ui_tutorial.py
[2026-06-12T22:31:26.139+0000] {processor.py:830} INFO - Processing file /home/airflow/.local/lib/python3.12/site-packages/airflow/example_dags/example_params_ui_tutorial.py for tasks to queue
[2026-06-12T22:31:26.141+0000] {logging_mixin.py:188} INFO - [2026-06-12T22:31:26.141+0000] {dagbag.py:545} INFO - Filling up the DagBag from /home/airflow/.local/lib/python3.12/site-packages/airflow/example_dags/example_params_ui_tutorial.py
[2026-06-12T22:31:26.156+0000] {processor.py:840} INFO - DAG(s) 'example_params_ui_tutorial' retrieved from /home/airflow/.local/lib/python3.12/site-packages/airflow/example_dags/example_params_ui_tutorial.py
[2026-06-12T22:31:26.244+0000] {logging_mixin.py:188} INFO - [2026-06-12T22:31:26.243+0000] {dag.py:3096} INFO - Sync 1 DAGs
[2026-06-12T22:31:26.267+0000] {logging_mixin.py:188} INFO - [2026-06-12T22:31:26.267+0000] {dag.py:3954} INFO - Setting next_dagrun for example_params_ui_tutorial to None, run_after=None
[2026-06-12T22:31:26.290+0000] {processor.py:183} INFO - Processing /home/airflow/.local/lib/python3.12/site-packages/airflow/example_dags/example_params_ui_tutorial.py took 0.159 seconds
[2026-06-12T22:31:56.407+0000] {processor.py:161} INFO - Started process (PID=2788) to work on /home/airflow/.local/lib/python3.12/site-packages/airflow/example_dags/example_params_ui_tutorial.py
[2026-06-12T22:31:56.408+0000] {processor.py:830} INFO - Processing file /home/airflow/.local/lib/python3.12/site-packages/airflow/example_dags/example_params_ui_tutorial.py for tasks to queue
[2026-06-12T22:31:56.409+0000] {logging_mixin.py:188} INFO - [2026-06-12T22:31:56.409+0000] {dagbag.py:545} INFO - Filling up the DagBag from /home/airflow/.local/lib/python3.12/site-packages/airflow/example_dags/example_params_ui_tutorial.py
[2026-06-12T22:31:56.423+0000] {processor.py:840} INFO - DAG(s) 'example_params_ui_tutorial' retrieved from /home/airflow/.local/lib/python3.12/site-packages/airflow/example_dags/example_params_ui_tutorial.py
[2026-06-12T22:31:56.477+0000] {logging_mixin.py:188} INFO - [2026-06-12T22:31:56.476+0000] {dag.py:3096} INFO - Sync 1 DAGs
[2026-06-12T22:31:56.488+0000] {logging_mixin.py:188} INFO - [2026-06-12T22:31:56.487+0000] {dag.py:3954} INFO - Setting next_dagrun for example_params_ui_tutorial to None, run_after=None
[2026-06-12T22:31:56.503+0000] {processor.py:183} INFO - Processing /home/airflow/.local/lib/python3.12/site-packages/airflow/example_dags/example_params_ui_tutorial.py took 0.101 seconds
[2026-06-12T22:32:26.916+0000] {processor.py:161} INFO - Started process (PID=2848) to work on /home/airflow/.local/lib/python3.12/site-packages/airflow/example_dags/example_params_ui_tutorial.py
[2026-06-12T22:32:26.917+0000] {processor.py:830} INFO - Processing file /home/airflow/.local/lib/python3.12/site-packages/airflow/example_dags/example_params_ui_tutorial.py for tasks to queue
[2026-06-12T22:32:26.919+0000] {logging_mixin.py:188} INFO - [2026-06-12T22:32:26.919+0000] {dagbag.py:545} INFO - Filling up the DagBag from /home/airflow/.local/lib/python3.12/site-packages/airflow/example_dags/example_params_ui_tutorial.py
[2026-06-12T22:32:26.933+0000] {processor.py:840} INFO - DAG(s) 'example_params_ui_tutorial' retrieved from /home/airflow/.local/lib/python3.12/site-packages/airflow/example_dags/example_params_ui_tutorial.py
[2026-06-12T22:32:27.026+0000] {logging_mixin.py:188} INFO - [2026-06-12T22:32:27.026+0000] {dag.py:3096} INFO - Sync 1 DAGs
[2026-06-12T22:32:27.042+0000] {logging_mixin.py:188} INFO - [2026-06-12T22:32:27.042+0000] {dag.py:3954} INFO - Setting next_dagrun for example_params_ui_tutorial to None, run_after=None
[2026-06-12T22:32:27.075+0000] {processor.py:183} INFO - Processing /home/airflow/.local/lib/python3.12/site-packages/airflow/example_dags/example_params_ui_tutorial.py took 0.166 seconds
[2026-06-12T22:32:58.328+0000] {processor.py:161} INFO - Started process (PID=2910) to work on /home/airflow/.local/lib/python3.12/site-packages/airflow/example_dags/example_params_ui_tutorial.py
[2026-06-12T22:32:58.330+0000] {processor.py:830} INFO - Processing file /home/airflow/.local/lib/python3.12/site-packages/airflow/example_dags/example_params_ui_tutorial.py for tasks to queue
[2026-06-12T22:32:58.335+0000] {logging_mixin.py:188} INFO - [2026-06-12T22:32:58.334+0000] {dagbag.py:545} INFO - Filling up the DagBag from /home/airflow/.local/lib/python3.12/site-packages/airflow/example_dags/example_params_ui_tutorial.py
[2026-06-12T22:32:58.368+0000] {processor.py:840} INFO - DAG(s) 'example_params_ui_tutorial' retrieved from /home/airflow/.local/lib/python3.12/site-packages/airflow/example_dags/example_params_ui_tutorial.py
[2026-06-12T22:32:58.583+0000] {logging_mixin.py:188} INFO - [2026-06-12T22:32:58.581+0000] {dag.py:3096} INFO - Sync 1 DAGs
[2026-06-12T22:32:58.628+0000] {logging_mixin.py:188} INFO - [2026-06-12T22:32:58.628+0000] {dag.py:3954} INFO - Setting next_dagrun for example_params_ui_tutorial to None, run_after=None
[2026-06-12T22:32:58.675+0000] {processor.py:183} INFO - Processing /home/airflow/.local/lib/python3.12/site-packages/airflow/example_dags/example_params_ui_tutorial.py took 0.365 seconds
[2026-06-12T22:33:29.071+0000] {processor.py:161} INFO - Started process (PID=2970) to work on /home/airflow/.local/lib/python3.12/site-packages/airflow/example_dags/example_params_ui_tutorial.py
[2026-06-12T22:33:29.075+0000] {processor.py:830} INFO - Processing file /home/airflow/.local/lib/python3.12/site-packages/airflow/example_dags/example_params_ui_tutorial.py for tasks to queue
[2026-06-12T22:33:29.079+0000] {logging_mixin.py:188} INFO - [2026-06-12T22:33:29.079+0000] {dagbag.py:545} INFO - Filling up the DagBag from /home/airflow/.local/lib/python3.12/site-packages/airflow/example_dags/example_params_ui_tutorial.py
[2026-06-12T22:33:29.095+0000] {processor.py:840} INFO - DAG(s) 'example_params_ui_tutorial' retrieved from /home/airflow/.local/lib/python3.12/site-packages/airflow/example_dags/example_params_ui_tutorial.py
[2026-06-12T22:33:29.181+0000] {logging_mixin.py:188} INFO - [2026-06-12T22:33:29.181+0000] {dag.py:3096} INFO - Sync 1 DAGs
[2026-06-12T22:33:29.200+0000] {logging_mixin.py:188} INFO - [2026-06-12T22:33:29.199+0000] {dag.py:3954} INFO - Setting next_dagrun for example_params_ui_tutorial to None, run_after=None
[2026-06-12T22:33:29.234+0000] {processor.py:183} INFO - Processing /home/airflow/.local/lib/python3.12/site-packages/airflow/example_dags/example_params_ui_tutorial.py took 0.178 seconds
[2026-06-12T22:33:59.640+0000] {processor.py:161} INFO - Started process (PID=3032) to work on /home/airflow/.local/lib/python3.12/site-packages/airflow/example_dags/example_params_ui_tutorial.py
[2026-06-12T22:33:59.641+0000] {processor.py:830} INFO - Processing file /home/airflow/.local/lib/python3.12/site-packages/airflow/example_dags/example_params_ui_tutorial.py for tasks to queue
[2026-06-12T22:33:59.646+0000] {logging_mixin.py:188} INFO - [2026-06-12T22:33:59.645+0000] {dagbag.py:545} INFO - Filling up the DagBag from /home/airflow/.local/lib/python3.12/site-packages/airflow/example_dags/example_params_ui_tutorial.py
[2026-06-12T22:33:59.683+0000] {processor.py:840} INFO - DAG(s) 'example_params_ui_tutorial' retrieved from /home/airflow/.local/lib/python3.12/site-packages/airflow/example_dags/example_params_ui_tutorial.py
[2026-06-12T22:33:59.833+0000] {logging_mixin.py:188} INFO - [2026-06-12T22:33:59.833+0000] {dag.py:3096} INFO - Sync 1 DAGs
[2026-06-12T22:33:59.871+0000] {logging_mixin.py:188} INFO - [2026-06-12T22:33:59.870+0000] {dag.py:3954} INFO - Setting next_dagrun for example_params_ui_tutorial to None, run_after=None
[2026-06-12T22:33:59.927+0000] {processor.py:183} INFO - Processing /home/airflow/.local/lib/python3.12/site-packages/airflow/example_dags/example_params_ui_tutorial.py took 0.303 seconds
[2026-06-12T22:34:30.869+0000] {processor.py:161} INFO - Started process (PID=3094) to work on /home/airflow/.local/lib/python3.12/site-packages/airflow/example_dags/example_params_ui_tutorial.py
[2026-06-12T22:34:30.870+0000] {processor.py:830} INFO - Processing file /home/airflow/.local/lib/python3.12/site-packages/airflow/example_dags/example_params_ui_tutorial.py for tasks to queue
[2026-06-12T22:34:30.872+0000] {logging_mixin.py:188} INFO - [2026-06-12T22:34:30.871+0000] {dagbag.py:545} INFO - Filling up the DagBag from /home/airflow/.local/lib/python3.12/site-packages/airflow/example_dags/example_params_ui_tutorial.py
[2026-06-12T22:34:30.885+0000] {processor.py:840} INFO - DAG(s) 'example_params_ui_tutorial' retrieved from /home/airflow/.local/lib/python3.12/site-packages/airflow/example_dags/example_params_ui_tutorial.py
[2026-06-12T22:34:30.967+0000] {logging_mixin.py:188} INFO - [2026-06-12T22:34:30.966+0000] {dag.py:3096} INFO - Sync 1 DAGs
[2026-06-12T22:34:30.985+0000] {logging_mixin.py:188} INFO - [2026-06-12T22:34:30.985+0000] {dag.py:3954} INFO - Setting next_dagrun for example_params_ui_tutorial to None, run_after=None
[2026-06-12T22:34:31.014+0000] {processor.py:183} INFO - Processing /home/airflow/.local/lib/python3.12/site-packages/airflow/example_dags/example_params_ui_tutorial.py took 0.151 seconds
[2026-06-12T22:35:01.670+0000] {processor.py:161} INFO - Started process (PID=3156) to work on /home/airflow/.local/lib/python3.12/site-packages/airflow/example_dags/example_params_ui_tutorial.py
[2026-06-12T22:35:01.671+0000] {processor.py:830} INFO - Processing file /home/airflow/.local/lib/python3.12/site-packages/airflow/example_dags/example_params_ui_tutorial.py for tasks to queue
[2026-06-12T22:35:01.673+0000] {logging_mixin.py:188} INFO - [2026-06-12T22:35:01.672+0000] {dagbag.py:545} INFO - Filling up the DagBag from /home/airflow/.local/lib/python3.12/site-packages/airflow/example_dags/example_params_ui_tutorial.py
[2026-06-12T22:35:01.687+0000] {processor.py:840} INFO - DAG(s) 'example_params_ui_tutorial' retrieved from /home/airflow/.local/lib/python3.12/site-packages/airflow/example_dags/example_params_ui_tutorial.py
[2026-06-12T22:35:01.769+0000] {logging_mixin.py:188} INFO - [2026-06-12T22:35:01.769+0000] {dag.py:3096} INFO - Sync 1 DAGs
[2026-06-12T22:35:01.795+0000] {logging_mixin.py:188} INFO - [2026-06-12T22:35:01.795+0000] {dag.py:3954} INFO - Setting next_dagrun for example_params_ui_tutorial to None, run_after=None
[2026-06-12T22:35:01.821+0000] {processor.py:183} INFO - Processing /home/airflow/.local/lib/python3.12/site-packages/airflow/example_dags/example_params_ui_tutorial.py took 0.161 seconds
[2026-06-12T22:35:32.117+0000] {processor.py:161} INFO - Started process (PID=3218) to work on /home/airflow/.local/lib/python3.12/site-packages/airflow/example_dags/example_params_ui_tutorial.py
[2026-06-12T22:35:32.118+0000] {processor.py:830} INFO - Processing file /home/airflow/.local/lib/python3.12/site-packages/airflow/example_dags/example_params_ui_tutorial.py for tasks to queue
[2026-06-12T22:35:32.120+0000] {logging_mixin.py:188} INFO - [2026-06-12T22:35:32.120+0000] {dagbag.py:545} INFO - Filling up the DagBag from /home/airflow/.local/lib/python3.12/site-packages/airflow/example_dags/example_params_ui_tutorial.py
[2026-06-12T22:35:32.135+0000] {processor.py:840} INFO - DAG(s) 'example_params_ui_tutorial' retrieved from /home/airflow/.local/lib/python3.12/site-packages/airflow/example_dags/example_params_ui_tutorial.py
[2026-06-12T22:35:32.219+0000] {logging_mixin.py:188} INFO - [2026-06-12T22:35:32.219+0000] {dag.py:3096} INFO - Sync 1 DAGs
[2026-06-12T22:35:32.238+0000] {logging_mixin.py:188} INFO - [2026-06-12T22:35:32.238+0000] {dag.py:3954} INFO - Setting next_dagrun for example_params_ui_tutorial to None, run_after=None
[2026-06-12T22:35:32.264+0000] {processor.py:183} INFO - Processing /home/airflow/.local/lib/python3.12/site-packages/airflow/example_dags/example_params_ui_tutorial.py took 0.156 seconds
[2026-06-12T22:36:02.550+0000] {processor.py:161} INFO - Started process (PID=3281) to work on /home/airflow/.local/lib/python3.12/site-packages/airflow/example_dags/example_params_ui_tutorial.py
[2026-06-12T22:36:02.551+0000] {processor.py:830} INFO - Processing file /home/airflow/.local/lib/python3.12/site-packages/airflow/example_dags/example_params_ui_tutorial.py for tasks to queue
[2026-06-12T22:36:02.553+0000] {logging_mixin.py:188} INFO - [2026-06-12T22:36:02.553+0000] {dagbag.py:545} INFO - Filling up the DagBag from /home/airflow/.local/lib/python3.12/site-packages/airflow/example_dags/example_params_ui_tutorial.py
[2026-06-12T22:36:02.568+0000] {processor.py:840} INFO - DAG(s) 'example_params_ui_tutorial' retrieved from /home/airflow/.local/lib/python3.12/site-packages/airflow/example_dags/example_params_ui_tutorial.py
[2026-06-12T22:36:02.653+0000] {logging_mixin.py:188} INFO - [2026-06-12T22:36:02.653+0000] {dag.py:3096} INFO - Sync 1 DAGs
[2026-06-12T22:36:02.671+0000] {logging_mixin.py:188} INFO - [2026-06-12T22:36:02.671+0000] {dag.py:3954} INFO - Setting next_dagrun for example_params_ui_tutorial to None, run_after=None
[2026-06-12T22:36:02.694+0000] {processor.py:183} INFO - Processing /home/airflow/.local/lib/python3.12/site-packages/airflow/example_dags/example_params_ui_tutorial.py took 0.152 seconds
[2026-06-12T22:36:33.613+0000] {processor.py:161} INFO - Started process (PID=3343) to work on /home/airflow/.local/lib/python3.12/site-packages/airflow/example_dags/example_params_ui_tutorial.py
[2026-06-12T22:36:33.615+0000] {processor.py:830} INFO - Processing file /home/airflow/.local/lib/python3.12/site-packages/airflow/example_dags/example_params_ui_tutorial.py for tasks to queue
[2026-06-12T22:36:33.618+0000] {logging_mixin.py:188} INFO - [2026-06-12T22:36:33.617+0000] {dagbag.py:545} INFO - Filling up the DagBag from /home/airflow/.local/lib/python3.12/site-packages/airflow/example_dags/example_params_ui_tutorial.py
[2026-06-12T22:36:33.641+0000] {processor.py:840} INFO - DAG(s) 'example_params_ui_tutorial' retrieved from /home/airflow/.local/lib/python3.12/site-packages/airflow/example_dags/example_params_ui_tutorial.py
[2026-06-12T22:36:33.730+0000] {logging_mixin.py:188} INFO - [2026-06-12T22:36:33.730+0000] {dag.py:3096} INFO - Sync 1 DAGs
[2026-06-12T22:36:33.749+0000] {logging_mixin.py:188} INFO - [2026-06-12T22:36:33.749+0000] {dag.py:3954} INFO - Setting next_dagrun for example_params_ui_tutorial to None, run_after=None
[2026-06-12T22:36:33.772+0000] {processor.py:183} INFO - Processing /home/airflow/.local/lib/python3.12/site-packages/airflow/example_dags/example_params_ui_tutorial.py took 0.175 seconds
[2026-06-12T22:37:03.947+0000] {processor.py:161} INFO - Started process (PID=3405) to work on /home/airflow/.local/lib/python3.12/site-packages/airflow/example_dags/example_params_ui_tutorial.py
[2026-06-12T22:37:03.948+0000] {processor.py:830} INFO - Processing file /home/airflow/.local/lib/python3.12/site-packages/airflow/example_dags/example_params_ui_tutorial.py for tasks to queue
[2026-06-12T22:37:03.950+0000] {logging_mixin.py:188} INFO - [2026-06-12T22:37:03.949+0000] {dagbag.py:545} INFO - Filling up the DagBag from /home/airflow/.local/lib/python3.12/site-packages/airflow/example_dags/example_params_ui_tutorial.py
[2026-06-12T22:37:03.964+0000] {processor.py:840} INFO - DAG(s) 'example_params_ui_tutorial' retrieved from /home/airflow/.local/lib/python3.12/site-packages/airflow/example_dags/example_params_ui_tutorial.py
[2026-06-12T22:37:04.078+0000] {logging_mixin.py:188} INFO - [2026-06-12T22:37:04.077+0000] {dag.py:3096} INFO - Sync 1 DAGs
[2026-06-12T22:37:04.096+0000] {logging_mixin.py:188} INFO - [2026-06-12T22:37:04.096+0000] {dag.py:3954} INFO - Setting next_dagrun for example_params_ui_tutorial to None, run_after=None
[2026-06-12T22:37:04.134+0000] {processor.py:183} INFO - Processing /home/airflow/.local/lib/python3.12/site-packages/airflow/example_dags/example_params_ui_tutorial.py took 0.195 seconds
[2026-06-12T22:37:35.396+0000] {processor.py:161} INFO - Started process (PID=3467) to work on /home/airflow/.local/lib/python3.12/site-packages/airflow/example_dags/example_params_ui_tutorial.py
[2026-06-12T22:37:35.416+0000] {processor.py:830} INFO - Processing file /home/airflow/.local/lib/python3.12/site-packages/airflow/example_dags/example_params_ui_tutorial.py for tasks to queue
[2026-06-12T22:37:35.439+0000] {logging_mixin.py:188} INFO - [2026-06-12T22:37:35.438+0000] {dagbag.py:545} INFO - Filling up the DagBag from /home/airflow/.local/lib/python3.12/site-packages/airflow/example_dags/example_params_ui_tutorial.py
[2026-06-12T22:37:35.533+0000] {processor.py:840} INFO - DAG(s) 'example_params_ui_tutorial' retrieved from /home/airflow/.local/lib/python3.12/site-packages/airflow/example_dags/example_params_ui_tutorial.py
[2026-06-12T22:37:35.673+0000] {logging_mixin.py:188} INFO - [2026-06-12T22:37:35.672+0000] {dag.py:3096} INFO - Sync 1 DAGs
[2026-06-12T22:37:35.690+0000] {logging_mixin.py:188} INFO - [2026-06-12T22:37:35.690+0000] {dag.py:3954} INFO - Setting next_dagrun for example_params_ui_tutorial to None, run_after=None
[2026-06-12T22:37:35.711+0000] {processor.py:183} INFO - Processing /home/airflow/.local/lib/python3.12/site-packages/airflow/example_dags/example_params_ui_tutorial.py took 0.386 seconds
[2026-06-12T22:38:06.117+0000] {processor.py:161} INFO - Started process (PID=3529) to work on /home/airflow/.local/lib/python3.12/site-packages/airflow/example_dags/example_params_ui_tutorial.py
[2026-06-12T22:38:06.121+0000] {processor.py:830} INFO - Processing file /home/airflow/.local/lib/python3.12/site-packages/airflow/example_dags/example_params_ui_tutorial.py for tasks to queue
[2026-06-12T22:38:06.127+0000] {logging_mixin.py:188} INFO - [2026-06-12T22:38:06.126+0000] {dagbag.py:545} INFO - Filling up the DagBag from /home/airflow/.local/lib/python3.12/site-packages/airflow/example_dags/example_params_ui_tutorial.py
[2026-06-12T22:38:06.169+0000] {processor.py:840} INFO - DAG(s) 'example_params_ui_tutorial' retrieved from /home/airflow/.local/lib/python3.12/site-packages/airflow/example_dags/example_params_ui_tutorial.py
[2026-06-12T22:38:06.318+0000] {logging_mixin.py:188} INFO - [2026-06-12T22:38:06.318+0000] {dag.py:3096} INFO - Sync 1 DAGs
[2026-06-12T22:38:06.349+0000] {logging_mixin.py:188} INFO - [2026-06-12T22:38:06.349+0000] {dag.py:3954} INFO - Setting next_dagrun for example_params_ui_tutorial to None, run_after=None
[2026-06-12T22:38:06.401+0000] {processor.py:183} INFO - Processing /home/airflow/.local/lib/python3.12/site-packages/airflow/example_dags/example_params_ui_tutorial.py took 0.300 seconds
[2026-06-12T22:38:36.690+0000] {processor.py:161} INFO - Started process (PID=3591) to work on /home/airflow/.local/lib/python3.12/site-packages/airflow/example_dags/example_params_ui_tutorial.py
[2026-06-12T22:38:36.691+0000] {processor.py:830} INFO - Processing file /home/airflow/.local/lib/python3.12/site-packages/airflow/example_dags/example_params_ui_tutorial.py for tasks to queue
[2026-06-12T22:38:36.696+0000] {logging_mixin.py:188} INFO - [2026-06-12T22:38:36.696+0000] {dagbag.py:545} INFO - Filling up the DagBag from /home/airflow/.local/lib/python3.12/site-packages/airflow/example_dags/example_params_ui_tutorial.py
[2026-06-12T22:38:36.737+0000] {processor.py:840} INFO - DAG(s) 'example_params_ui_tutorial' retrieved from /home/airflow/.local/lib/python3.12/site-packages/airflow/example_dags/example_params_ui_tutorial.py
[2026-06-12T22:38:36.896+0000] {logging_mixin.py:188} INFO - [2026-06-12T22:38:36.895+0000] {dag.py:3096} INFO - Sync 1 DAGs
[2026-06-12T22:38:36.930+0000] {logging_mixin.py:188} INFO - [2026-06-12T22:38:36.929+0000] {dag.py:3954} INFO - Setting next_dagrun for example_params_ui_tutorial to None, run_after=None
[2026-06-12T22:38:36.996+0000] {processor.py:183} INFO - Processing /home/airflow/.local/lib/python3.12/site-packages/airflow/example_dags/example_params_ui_tutorial.py took 0.328 seconds
[2026-06-12T22:39:07.716+0000] {processor.py:161} INFO - Started process (PID=3652) to work on /home/airflow/.local/lib/python3.12/site-packages/airflow/example_dags/example_params_ui_tutorial.py
[2026-06-12T22:39:07.717+0000] {processor.py:830} INFO - Processing file /home/airflow/.local/lib/python3.12/site-packages/airflow/example_dags/example_params_ui_tutorial.py for tasks to queue
[2026-06-12T22:39:07.719+0000] {logging_mixin.py:188} INFO - [2026-06-12T22:39:07.718+0000] {dagbag.py:545} INFO - Filling up the DagBag from /home/airflow/.local/lib/python3.12/site-packages/airflow/example_dags/example_params_ui_tutorial.py
[2026-06-12T22:39:07.732+0000] {processor.py:840} INFO - DAG(s) 'example_params_ui_tutorial' retrieved from /home/airflow/.local/lib/python3.12/site-packages/airflow/example_dags/example_params_ui_tutorial.py
[2026-06-12T22:39:07.827+0000] {logging_mixin.py:188} INFO - [2026-06-12T22:39:07.827+0000] {dag.py:3096} INFO - Sync 1 DAGs
[2026-06-12T22:39:07.845+0000] {logging_mixin.py:188} INFO - [2026-06-12T22:39:07.845+0000] {dag.py:3954} INFO - Setting next_dagrun for example_params_ui_tutorial to None, run_after=None
[2026-06-12T22:39:07.867+0000] {processor.py:183} INFO - Processing /home/airflow/.local/lib/python3.12/site-packages/airflow/example_dags/example_params_ui_tutorial.py took 0.160 seconds
[2026-06-12T22:39:39.704+0000] {processor.py:161} INFO - Started process (PID=3714) to work on /home/airflow/.local/lib/python3.12/site-packages/airflow/example_dags/example_params_ui_tutorial.py
[2026-06-12T22:39:39.704+0000] {processor.py:830} INFO - Processing file /home/airflow/.local/lib/python3.12/site-packages/airflow/example_dags/example_params_ui_tutorial.py for tasks to queue
[2026-06-12T22:39:39.706+0000] {logging_mixin.py:188} INFO - [2026-06-12T22:39:39.706+0000] {dagbag.py:545} INFO - Filling up the DagBag from /home/airflow/.local/lib/python3.12/site-packages/airflow/example_dags/example_params_ui_tutorial.py
[2026-06-12T22:39:39.728+0000] {processor.py:840} INFO - DAG(s) 'example_params_ui_tutorial' retrieved from /home/airflow/.local/lib/python3.12/site-packages/airflow/example_dags/example_params_ui_tutorial.py
[2026-06-12T22:39:39.810+0000] {logging_mixin.py:188} INFO - [2026-06-12T22:39:39.810+0000] {dag.py:3096} INFO - Sync 1 DAGs
[2026-06-12T22:39:39.825+0000] {logging_mixin.py:188} INFO - [2026-06-12T22:39:39.824+0000] {dag.py:3954} INFO - Setting next_dagrun for example_params_ui_tutorial to None, run_after=None
[2026-06-12T22:39:39.849+0000] {processor.py:183} INFO - Processing /home/airflow/.local/lib/python3.12/site-packages/airflow/example_dags/example_params_ui_tutorial.py took 0.158 seconds
[2026-06-12T22:40:10.890+0000] {processor.py:161} INFO - Started process (PID=3776) to work on /home/airflow/.local/lib/python3.12/site-packages/airflow/example_dags/example_params_ui_tutorial.py
[2026-06-12T22:40:10.894+0000] {processor.py:830} INFO - Processing file /home/airflow/.local/lib/python3.12/site-packages/airflow/example_dags/example_params_ui_tutorial.py for tasks to queue
[2026-06-12T22:40:10.921+0000] {logging_mixin.py:188} INFO - [2026-06-12T22:40:10.915+0000] {dagbag.py:545} INFO - Filling up the DagBag from /home/airflow/.local/lib/python3.12/site-packages/airflow/example_dags/example_params_ui_tutorial.py
[2026-06-12T22:40:11.018+0000] {processor.py:840} INFO - DAG(s) 'example_params_ui_tutorial' retrieved from /home/airflow/.local/lib/python3.12/site-packages/airflow/example_dags/example_params_ui_tutorial.py
[2026-06-12T22:40:11.228+0000] {logging_mixin.py:188} INFO - [2026-06-12T22:40:11.227+0000] {dag.py:3096} INFO - Sync 1 DAGs
[2026-06-12T22:40:11.263+0000] {logging_mixin.py:188} INFO - [2026-06-12T22:40:11.263+0000] {dag.py:3954} INFO - Setting next_dagrun for example_params_ui_tutorial to None, run_after=None
[2026-06-12T22:40:11.296+0000] {processor.py:183} INFO - Processing /home/airflow/.local/lib/python3.12/site-packages/airflow/example_dags/example_params_ui_tutorial.py took 0.424 seconds
[2026-06-12T22:40:41.473+0000] {processor.py:161} INFO - Started process (PID=3838) to work on /home/airflow/.local/lib/python3.12/site-packages/airflow/example_dags/example_params_ui_tutorial.py
[2026-06-12T22:40:41.478+0000] {processor.py:830} INFO - Processing file /home/airflow/.local/lib/python3.12/site-packages/airflow/example_dags/example_params_ui_tutorial.py for tasks to queue
[2026-06-12T22:40:41.482+0000] {logging_mixin.py:188} INFO - [2026-06-12T22:40:41.482+0000] {dagbag.py:545} INFO - Filling up the DagBag from /home/airflow/.local/lib/python3.12/site-packages/airflow/example_dags/example_params_ui_tutorial.py
[2026-06-12T22:40:41.522+0000] {processor.py:840} INFO - DAG(s) 'example_params_ui_tutorial' retrieved from /home/airflow/.local/lib/python3.12/site-packages/airflow/example_dags/example_params_ui_tutorial.py
[2026-06-12T22:40:41.834+0000] {logging_mixin.py:188} INFO - [2026-06-12T22:40:41.834+0000] {dag.py:3096} INFO - Sync 1 DAGs
[2026-06-12T22:40:41.895+0000] {logging_mixin.py:188} INFO - [2026-06-12T22:40:41.894+0000] {dag.py:3954} INFO - Setting next_dagrun for example_params_ui_tutorial to None, run_after=None
[2026-06-12T22:40:41.992+0000] {processor.py:183} INFO - Processing /home/airflow/.local/lib/python3.12/site-packages/airflow/example_dags/example_params_ui_tutorial.py took 0.540 seconds
[2026-06-12T22:41:12.223+0000] {processor.py:161} INFO - Started process (PID=3901) to work on /home/airflow/.local/lib/python3.12/site-packages/airflow/example_dags/example_params_ui_tutorial.py
[2026-06-12T22:41:12.224+0000] {processor.py:830} INFO - Processing file /home/airflow/.local/lib/python3.12/site-packages/airflow/example_dags/example_params_ui_tutorial.py for tasks to queue
[2026-06-12T22:41:12.226+0000] {logging_mixin.py:188} INFO - [2026-06-12T22:41:12.225+0000] {dagbag.py:545} INFO - Filling up the DagBag from /home/airflow/.local/lib/python3.12/site-packages/airflow/example_dags/example_params_ui_tutorial.py
[2026-06-12T22:41:12.239+0000] {processor.py:840} INFO - DAG(s) 'example_params_ui_tutorial' retrieved from /home/airflow/.local/lib/python3.12/site-packages/airflow/example_dags/example_params_ui_tutorial.py
[2026-06-12T22:41:12.316+0000] {logging_mixin.py:188} INFO - [2026-06-12T22:41:12.316+0000] {dag.py:3096} INFO - Sync 1 DAGs
[2026-06-12T22:41:12.336+0000] {logging_mixin.py:188} INFO - [2026-06-12T22:41:12.336+0000] {dag.py:3954} INFO - Setting next_dagrun for example_params_ui_tutorial to None, run_after=None
[2026-06-12T22:41:12.361+0000] {processor.py:183} INFO - Processing /home/airflow/.local/lib/python3.12/site-packages/airflow/example_dags/example_params_ui_tutorial.py took 0.146 seconds
[2026-06-12T22:41:43.379+0000] {processor.py:161} INFO - Started process (PID=3964) to work on /home/airflow/.local/lib/python3.12/site-packages/airflow/example_dags/example_params_ui_tutorial.py
[2026-06-12T22:41:43.383+0000] {processor.py:830} INFO - Processing file /home/airflow/.local/lib/python3.12/site-packages/airflow/example_dags/example_params_ui_tutorial.py for tasks to queue
[2026-06-12T22:41:43.385+0000] {logging_mixin.py:188} INFO - [2026-06-12T22:41:43.384+0000] {dagbag.py:545} INFO - Filling up the DagBag from /home/airflow/.local/lib/python3.12/site-packages/airflow/example_dags/example_params_ui_tutorial.py
[2026-06-12T22:41:43.401+0000] {processor.py:840} INFO - DAG(s) 'example_params_ui_tutorial' retrieved from /home/airflow/.local/lib/python3.12/site-packages/airflow/example_dags/example_params_ui_tutorial.py
[2026-06-12T22:41:43.475+0000] {logging_mixin.py:188} INFO - [2026-06-12T22:41:43.475+0000] {dag.py:3096} INFO - Sync 1 DAGs
[2026-06-12T22:41:43.496+0000] {logging_mixin.py:188} INFO - [2026-06-12T22:41:43.495+0000] {dag.py:3954} INFO - Setting next_dagrun for example_params_ui_tutorial to None, run_after=None
[2026-06-12T22:41:43.516+0000] {processor.py:183} INFO - Processing /home/airflow/.local/lib/python3.12/site-packages/airflow/example_dags/example_params_ui_tutorial.py took 0.144 seconds
[2026-06-12T22:42:13.914+0000] {processor.py:161} INFO - Started process (PID=4026) to work on /home/airflow/.local/lib/python3.12/site-packages/airflow/example_dags/example_params_ui_tutorial.py
[2026-06-12T22:42:13.914+0000] {processor.py:830} INFO - Processing file /home/airflow/.local/lib/python3.12/site-packages/airflow/example_dags/example_params_ui_tutorial.py for tasks to queue
[2026-06-12T22:42:13.916+0000] {logging_mixin.py:188} INFO - [2026-06-12T22:42:13.916+0000] {dagbag.py:545} INFO - Filling up the DagBag from /home/airflow/.local/lib/python3.12/site-packages/airflow/example_dags/example_params_ui_tutorial.py
[2026-06-12T22:42:13.935+0000] {processor.py:840} INFO - DAG(s) 'example_params_ui_tutorial' retrieved from /home/airflow/.local/lib/python3.12/site-packages/airflow/example_dags/example_params_ui_tutorial.py
[2026-06-12T22:42:14.013+0000] {logging_mixin.py:188} INFO - [2026-06-12T22:42:14.013+0000] {dag.py:3096} INFO - Sync 1 DAGs
[2026-06-12T22:42:14.033+0000] {logging_mixin.py:188} INFO - [2026-06-12T22:42:14.033+0000] {dag.py:3954} INFO - Setting next_dagrun for example_params_ui_tutorial to None, run_after=None
[2026-06-12T22:42:14.060+0000] {processor.py:183} INFO - Processing /home/airflow/.local/lib/python3.12/site-packages/airflow/example_dags/example_params_ui_tutorial.py took 0.154 seconds
[2026-06-12T22:42:44.835+0000] {processor.py:161} INFO - Started process (PID=4089) to work on /home/airflow/.local/lib/python3.12/site-packages/airflow/example_dags/example_params_ui_tutorial.py
[2026-06-12T22:42:44.840+0000] {processor.py:830} INFO - Processing file /home/airflow/.local/lib/python3.12/site-packages/airflow/example_dags/example_params_ui_tutorial.py for tasks to queue
[2026-06-12T22:42:44.845+0000] {logging_mixin.py:188} INFO - [2026-06-12T22:42:44.842+0000] {dagbag.py:545} INFO - Filling up the DagBag from /home/airflow/.local/lib/python3.12/site-packages/airflow/example_dags/example_params_ui_tutorial.py
[2026-06-12T22:42:44.866+0000] {processor.py:840} INFO - DAG(s) 'example_params_ui_tutorial' retrieved from /home/airflow/.local/lib/python3.12/site-packages/airflow/example_dags/example_params_ui_tutorial.py
[2026-06-12T22:42:44.964+0000] {logging_mixin.py:188} INFO - [2026-06-12T22:42:44.963+0000] {dag.py:3096} INFO - Sync 1 DAGs
[2026-06-12T22:42:44.982+0000] {logging_mixin.py:188} INFO - [2026-06-12T22:42:44.982+0000] {dag.py:3954} INFO - Setting next_dagrun for example_params_ui_tutorial to None, run_after=None
[2026-06-12T22:42:45.002+0000] {processor.py:183} INFO - Processing /home/airflow/.local/lib/python3.12/site-packages/airflow/example_dags/example_params_ui_tutorial.py took 0.182 seconds
[2026-06-12T22:43:15.667+0000] {processor.py:161} INFO - Started process (PID=4151) to work on /home/airflow/.local/lib/python3.12/site-packages/airflow/example_dags/example_params_ui_tutorial.py
[2026-06-12T22:43:15.668+0000] {processor.py:830} INFO - Processing file /home/airflow/.local/lib/python3.12/site-packages/airflow/example_dags/example_params_ui_tutorial.py for tasks to queue
[2026-06-12T22:43:15.670+0000] {logging_mixin.py:188} INFO - [2026-06-12T22:43:15.670+0000] {dagbag.py:545} INFO - Filling up the DagBag from /home/airflow/.local/lib/python3.12/site-packages/airflow/example_dags/example_params_ui_tutorial.py
[2026-06-12T22:43:15.687+0000] {processor.py:840} INFO - DAG(s) 'example_params_ui_tutorial' retrieved from /home/airflow/.local/lib/python3.12/site-packages/airflow/example_dags/example_params_ui_tutorial.py
[2026-06-12T22:43:15.766+0000] {logging_mixin.py:188} INFO - [2026-06-12T22:43:15.766+0000] {dag.py:3096} INFO - Sync 1 DAGs
[2026-06-12T22:43:15.798+0000] {logging_mixin.py:188} INFO - [2026-06-12T22:43:15.797+0000] {dag.py:3954} INFO - Setting next_dagrun for example_params_ui_tutorial to None, run_after=None
[2026-06-12T22:43:15.853+0000] {processor.py:183} INFO - Processing /home/airflow/.local/lib/python3.12/site-packages/airflow/example_dags/example_params_ui_tutorial.py took 0.198 seconds
[2026-06-12T22:43:46.331+0000] {processor.py:161} INFO - Started process (PID=4213) to work on /home/airflow/.local/lib/python3.12/site-packages/airflow/example_dags/example_params_ui_tutorial.py
[2026-06-12T22:43:46.335+0000] {processor.py:830} INFO - Processing file /home/airflow/.local/lib/python3.12/site-packages/airflow/example_dags/example_params_ui_tutorial.py for tasks to queue
[2026-06-12T22:43:46.337+0000] {logging_mixin.py:188} INFO - [2026-06-12T22:43:46.336+0000] {dagbag.py:545} INFO - Filling up the DagBag from /home/airflow/.local/lib/python3.12/site-packages/airflow/example_dags/example_params_ui_tutorial.py
[2026-06-12T22:43:46.354+0000] {processor.py:840} INFO - DAG(s) 'example_params_ui_tutorial' retrieved from /home/airflow/.local/lib/python3.12/site-packages/airflow/example_dags/example_params_ui_tutorial.py
[2026-06-12T22:43:46.487+0000] {logging_mixin.py:188} INFO - [2026-06-12T22:43:46.486+0000] {dag.py:3096} INFO - Sync 1 DAGs
[2026-06-12T22:43:46.520+0000] {logging_mixin.py:188} INFO - [2026-06-12T22:43:46.520+0000] {dag.py:3954} INFO - Setting next_dagrun for example_params_ui_tutorial to None, run_after=None
[2026-06-12T22:43:46.563+0000] {processor.py:183} INFO - Processing /home/airflow/.local/lib/python3.12/site-packages/airflow/example_dags/example_params_ui_tutorial.py took 0.249 seconds
[2026-06-12T22:44:17.567+0000] {processor.py:161} INFO - Started process (PID=4275) to work on /home/airflow/.local/lib/python3.12/site-packages/airflow/example_dags/example_params_ui_tutorial.py
[2026-06-12T22:44:17.568+0000] {processor.py:830} INFO - Processing file /home/airflow/.local/lib/python3.12/site-packages/airflow/example_dags/example_params_ui_tutorial.py for tasks to queue
[2026-06-12T22:44:17.570+0000] {logging_mixin.py:188} INFO - [2026-06-12T22:44:17.570+0000] {dagbag.py:545} INFO - Filling up the DagBag from /home/airflow/.local/lib/python3.12/site-packages/airflow/example_dags/example_params_ui_tutorial.py
[2026-06-12T22:44:17.589+0000] {processor.py:840} INFO - DAG(s) 'example_params_ui_tutorial' retrieved from /home/airflow/.local/lib/python3.12/site-packages/airflow/example_dags/example_params_ui_tutorial.py
[2026-06-12T22:44:17.674+0000] {logging_mixin.py:188} INFO - [2026-06-12T22:44:17.673+0000] {dag.py:3096} INFO - Sync 1 DAGs
[2026-06-12T22:44:17.695+0000] {logging_mixin.py:188} INFO - [2026-06-12T22:44:17.695+0000] {dag.py:3954} INFO - Setting next_dagrun for example_params_ui_tutorial to None, run_after=None
[2026-06-12T22:44:17.718+0000] {processor.py:183} INFO - Processing /home/airflow/.local/lib/python3.12/site-packages/airflow/example_dags/example_params_ui_tutorial.py took 0.157 seconds
[2026-06-12T22:44:48.028+0000] {processor.py:161} INFO - Started process (PID=4337) to work on /home/airflow/.local/lib/python3.12/site-packages/airflow/example_dags/example_params_ui_tutorial.py
[2026-06-12T22:44:48.031+0000] {processor.py:830} INFO - Processing file /home/airflow/.local/lib/python3.12/site-packages/airflow/example_dags/example_params_ui_tutorial.py for tasks to queue
[2026-06-12T22:44:48.036+0000] {logging_mixin.py:188} INFO - [2026-06-12T22:44:48.035+0000] {dagbag.py:545} INFO - Filling up the DagBag from /home/airflow/.local/lib/python3.12/site-packages/airflow/example_dags/example_params_ui_tutorial.py
[2026-06-12T22:44:48.065+0000] {processor.py:840} INFO - DAG(s) 'example_params_ui_tutorial' retrieved from /home/airflow/.local/lib/python3.12/site-packages/airflow/example_dags/example_params_ui_tutorial.py
[2026-06-12T22:44:48.216+0000] {logging_mixin.py:188} INFO - [2026-06-12T22:44:48.216+0000] {dag.py:3096} INFO - Sync 1 DAGs
[2026-06-12T22:44:48.251+0000] {logging_mixin.py:188} INFO - [2026-06-12T22:44:48.251+0000] {dag.py:3954} INFO - Setting next_dagrun for example_params_ui_tutorial to None, run_after=None
[2026-06-12T22:44:48.276+0000] {processor.py:183} INFO - Processing /home/airflow/.local/lib/python3.12/site-packages/airflow/example_dags/example_params_ui_tutorial.py took 0.271 seconds
[2026-06-12T22:45:18.714+0000] {processor.py:161} INFO - Started process (PID=4399) to work on /home/airflow/.local/lib/python3.12/site-packages/airflow/example_dags/example_params_ui_tutorial.py
[2026-06-12T22:45:18.715+0000] {processor.py:830} INFO - Processing file /home/airflow/.local/lib/python3.12/site-packages/airflow/example_dags/example_params_ui_tutorial.py for tasks to queue
[2026-06-12T22:45:18.717+0000] {logging_mixin.py:188} INFO - [2026-06-12T22:45:18.717+0000] {dagbag.py:545} INFO - Filling up the DagBag from /home/airflow/.local/lib/python3.12/site-packages/airflow/example_dags/example_params_ui_tutorial.py
[2026-06-12T22:45:18.732+0000] {processor.py:840} INFO - DAG(s) 'example_params_ui_tutorial' retrieved from /home/airflow/.local/lib/python3.12/site-packages/airflow/example_dags/example_params_ui_tutorial.py
[2026-06-12T22:45:18.893+0000] {logging_mixin.py:188} INFO - [2026-06-12T22:45:18.893+0000] {dag.py:3096} INFO - Sync 1 DAGs
[2026-06-12T22:45:18.925+0000] {logging_mixin.py:188} INFO - [2026-06-12T22:45:18.924+0000] {dag.py:3954} INFO - Setting next_dagrun for example_params_ui_tutorial to None, run_after=None
[2026-06-12T22:45:18.963+0000] {processor.py:183} INFO - Processing /home/airflow/.local/lib/python3.12/site-packages/airflow/example_dags/example_params_ui_tutorial.py took 0.258 seconds
[2026-06-12T22:45:49.052+0000] {processor.py:161} INFO - Started process (PID=4461) to work on /home/airflow/.local/lib/python3.12/site-packages/airflow/example_dags/example_params_ui_tutorial.py
[2026-06-12T22:45:49.054+0000] {processor.py:830} INFO - Processing file /home/airflow/.local/lib/python3.12/site-packages/airflow/example_dags/example_params_ui_tutorial.py for tasks to queue
[2026-06-12T22:45:49.057+0000] {logging_mixin.py:188} INFO - [2026-06-12T22:45:49.057+0000] {dagbag.py:545} INFO - Filling up the DagBag from /home/airflow/.local/lib/python3.12/site-packages/airflow/example_dags/example_params_ui_tutorial.py
[2026-06-12T22:45:49.071+0000] {processor.py:840} INFO - DAG(s) 'example_params_ui_tutorial' retrieved from /home/airflow/.local/lib/python3.12/site-packages/airflow/example_dags/example_params_ui_tutorial.py
[2026-06-12T22:45:49.203+0000] {logging_mixin.py:188} INFO - [2026-06-12T22:45:49.202+0000] {dag.py:3096} INFO - Sync 1 DAGs
[2026-06-12T22:45:49.249+0000] {logging_mixin.py:188} INFO - [2026-06-12T22:45:49.243+0000] {dag.py:3954} INFO - Setting next_dagrun for example_params_ui_tutorial to None, run_after=None
[2026-06-12T22:45:49.326+0000] {processor.py:183} INFO - Processing /home/airflow/.local/lib/python3.12/site-packages/airflow/example_dags/example_params_ui_tutorial.py took 0.291 seconds
[2026-06-12T22:46:19.507+0000] {processor.py:161} INFO - Started process (PID=4523) to work on /home/airflow/.local/lib/python3.12/site-packages/airflow/example_dags/example_params_ui_tutorial.py
[2026-06-12T22:46:19.507+0000] {processor.py:830} INFO - Processing file /home/airflow/.local/lib/python3.12/site-packages/airflow/example_dags/example_params_ui_tutorial.py for tasks to queue
[2026-06-12T22:46:19.511+0000] {logging_mixin.py:188} INFO - [2026-06-12T22:46:19.511+0000] {dagbag.py:545} INFO - Filling up the DagBag from /home/airflow/.local/lib/python3.12/site-packages/airflow/example_dags/example_params_ui_tutorial.py
[2026-06-12T22:46:19.525+0000] {processor.py:840} INFO - DAG(s) 'example_params_ui_tutorial' retrieved from /home/airflow/.local/lib/python3.12/site-packages/airflow/example_dags/example_params_ui_tutorial.py
[2026-06-12T22:46:19.632+0000] {logging_mixin.py:188} INFO - [2026-06-12T22:46:19.630+0000] {dag.py:3096} INFO - Sync 1 DAGs
[2026-06-12T22:46:19.714+0000] {logging_mixin.py:188} INFO - [2026-06-12T22:46:19.714+0000] {dag.py:3954} INFO - Setting next_dagrun for example_params_ui_tutorial to None, run_after=None
[2026-06-12T22:46:19.755+0000] {processor.py:183} INFO - Processing /home/airflow/.local/lib/python3.12/site-packages/airflow/example_dags/example_params_ui_tutorial.py took 0.256 seconds
[2026-06-12T22:46:50.228+0000] {processor.py:161} INFO - Started process (PID=4585) to work on /home/airflow/.local/lib/python3.12/site-packages/airflow/example_dags/example_params_ui_tutorial.py
[2026-06-12T22:46:50.229+0000] {processor.py:830} INFO - Processing file /home/airflow/.local/lib/python3.12/site-packages/airflow/example_dags/example_params_ui_tutorial.py for tasks to queue
[2026-06-12T22:46:50.231+0000] {logging_mixin.py:188} INFO - [2026-06-12T22:46:50.231+0000] {dagbag.py:545} INFO - Filling up the DagBag from /home/airflow/.local/lib/python3.12/site-packages/airflow/example_dags/example_params_ui_tutorial.py
[2026-06-12T22:46:50.246+0000] {processor.py:840} INFO - DAG(s) 'example_params_ui_tutorial' retrieved from /home/airflow/.local/lib/python3.12/site-packages/airflow/example_dags/example_params_ui_tutorial.py
[2026-06-12T22:46:50.325+0000] {logging_mixin.py:188} INFO - [2026-06-12T22:46:50.324+0000] {dag.py:3096} INFO - Sync 1 DAGs
[2026-06-12T22:46:50.343+0000] {logging_mixin.py:188} INFO - [2026-06-12T22:46:50.342+0000] {dag.py:3954} INFO - Setting next_dagrun for example_params_ui_tutorial to None, run_after=None
[2026-06-12T22:46:50.368+0000] {processor.py:183} INFO - Processing /home/airflow/.local/lib/python3.12/site-packages/airflow/example_dags/example_params_ui_tutorial.py took 0.155 seconds
[2026-06-12T22:47:20.879+0000] {processor.py:161} INFO - Started process (PID=4647) to work on /home/airflow/.local/lib/python3.12/site-packages/airflow/example_dags/example_params_ui_tutorial.py
[2026-06-12T22:47:20.880+0000] {processor.py:830} INFO - Processing file /home/airflow/.local/lib/python3.12/site-packages/airflow/example_dags/example_params_ui_tutorial.py for tasks to queue
[2026-06-12T22:47:20.882+0000] {logging_mixin.py:188} INFO - [2026-06-12T22:47:20.882+0000] {dagbag.py:545} INFO - Filling up the DagBag from /home/airflow/.local/lib/python3.12/site-packages/airflow/example_dags/example_params_ui_tutorial.py
[2026-06-12T22:47:20.896+0000] {processor.py:840} INFO - DAG(s) 'example_params_ui_tutorial' retrieved from /home/airflow/.local/lib/python3.12/site-packages/airflow/example_dags/example_params_ui_tutorial.py
[2026-06-12T22:47:20.971+0000] {logging_mixin.py:188} INFO - [2026-06-12T22:47:20.971+0000] {dag.py:3096} INFO - Sync 1 DAGs
[2026-06-12T22:47:20.989+0000] {logging_mixin.py:188} INFO - [2026-06-12T22:47:20.989+0000] {dag.py:3954} INFO - Setting next_dagrun for example_params_ui_tutorial to None, run_after=None
[2026-06-12T22:47:21.022+0000] {processor.py:183} INFO - Processing /home/airflow/.local/lib/python3.12/site-packages/airflow/example_dags/example_params_ui_tutorial.py took 0.150 seconds
[2026-06-12T22:47:51.382+0000] {processor.py:161} INFO - Started process (PID=4709) to work on /home/airflow/.local/lib/python3.12/site-packages/airflow/example_dags/example_params_ui_tutorial.py
[2026-06-12T22:47:51.383+0000] {processor.py:830} INFO - Processing file /home/airflow/.local/lib/python3.12/site-packages/airflow/example_dags/example_params_ui_tutorial.py for tasks to queue
[2026-06-12T22:47:51.385+0000] {logging_mixin.py:188} INFO - [2026-06-12T22:47:51.384+0000] {dagbag.py:545} INFO - Filling up the DagBag from /home/airflow/.local/lib/python3.12/site-packages/airflow/example_dags/example_params_ui_tutorial.py
[2026-06-12T22:47:51.398+0000] {processor.py:840} INFO - DAG(s) 'example_params_ui_tutorial' retrieved from /home/airflow/.local/lib/python3.12/site-packages/airflow/example_dags/example_params_ui_tutorial.py
[2026-06-12T22:47:51.482+0000] {logging_mixin.py:188} INFO - [2026-06-12T22:47:51.482+0000] {dag.py:3096} INFO - Sync 1 DAGs
[2026-06-12T22:47:51.501+0000] {logging_mixin.py:188} INFO - [2026-06-12T22:47:51.501+0000] {dag.py:3954} INFO - Setting next_dagrun for example_params_ui_tutorial to None, run_after=None
[2026-06-12T22:47:51.524+0000] {processor.py:183} INFO - Processing /home/airflow/.local/lib/python3.12/site-packages/airflow/example_dags/example_params_ui_tutorial.py took 0.150 seconds
[2026-06-12T22:48:21.647+0000] {processor.py:161} INFO - Started process (PID=4771) to work on /home/airflow/.local/lib/python3.12/site-packages/airflow/example_dags/example_params_ui_tutorial.py
[2026-06-12T22:48:21.653+0000] {processor.py:830} INFO - Processing file /home/airflow/.local/lib/python3.12/site-packages/airflow/example_dags/example_params_ui_tutorial.py for tasks to queue
[2026-06-12T22:48:21.654+0000] {logging_mixin.py:188} INFO - [2026-06-12T22:48:21.654+0000] {dagbag.py:545} INFO - Filling up the DagBag from /home/airflow/.local/lib/python3.12/site-packages/airflow/example_dags/example_params_ui_tutorial.py
[2026-06-12T22:48:21.683+0000] {processor.py:840} INFO - DAG(s) 'example_params_ui_tutorial' retrieved from /home/airflow/.local/lib/python3.12/site-packages/airflow/example_dags/example_params_ui_tutorial.py
[2026-06-12T22:48:21.803+0000] {logging_mixin.py:188} INFO - [2026-06-12T22:48:21.803+0000] {dag.py:3096} INFO - Sync 1 DAGs
[2026-06-12T22:48:21.824+0000] {logging_mixin.py:188} INFO - [2026-06-12T22:48:21.824+0000] {dag.py:3954} INFO - Setting next_dagrun for example_params_ui_tutorial to None, run_after=None
[2026-06-12T22:48:21.850+0000] {processor.py:183} INFO - Processing /home/airflow/.local/lib/python3.12/site-packages/airflow/example_dags/example_params_ui_tutorial.py took 0.218 seconds
[2026-06-12T22:48:51.979+0000] {processor.py:161} INFO - Started process (PID=4833) to work on /home/airflow/.local/lib/python3.12/site-packages/airflow/example_dags/example_params_ui_tutorial.py
[2026-06-12T22:48:51.980+0000] {processor.py:830} INFO - Processing file /home/airflow/.local/lib/python3.12/site-packages/airflow/example_dags/example_params_ui_tutorial.py for tasks to queue
[2026-06-12T22:48:51.987+0000] {logging_mixin.py:188} INFO - [2026-06-12T22:48:51.985+0000] {dagbag.py:545} INFO - Filling up the DagBag from /home/airflow/.local/lib/python3.12/site-packages/airflow/example_dags/example_params_ui_tutorial.py
[2026-06-12T22:48:52.007+0000] {processor.py:840} INFO - DAG(s) 'example_params_ui_tutorial' retrieved from /home/airflow/.local/lib/python3.12/site-packages/airflow/example_dags/example_params_ui_tutorial.py
[2026-06-12T22:48:52.099+0000] {logging_mixin.py:188} INFO - [2026-06-12T22:48:52.099+0000] {dag.py:3096} INFO - Sync 1 DAGs
[2026-06-12T22:48:52.117+0000] {logging_mixin.py:188} INFO - [2026-06-12T22:48:52.117+0000] {dag.py:3954} INFO - Setting next_dagrun for example_params_ui_tutorial to None, run_after=None
[2026-06-12T22:48:52.154+0000] {processor.py:183} INFO - Processing /home/airflow/.local/lib/python3.12/site-packages/airflow/example_dags/example_params_ui_tutorial.py took 0.192 seconds
[2026-06-12T22:49:22.571+0000] {processor.py:161} INFO - Started process (PID=4895) to work on /home/airflow/.local/lib/python3.12/site-packages/airflow/example_dags/example_params_ui_tutorial.py
[2026-06-12T22:49:22.573+0000] {processor.py:830} INFO - Processing file /home/airflow/.local/lib/python3.12/site-packages/airflow/example_dags/example_params_ui_tutorial.py for tasks to queue
[2026-06-12T22:49:22.577+0000] {logging_mixin.py:188} INFO - [2026-06-12T22:49:22.576+0000] {dagbag.py:545} INFO - Filling up the DagBag from /home/airflow/.local/lib/python3.12/site-packages/airflow/example_dags/example_params_ui_tutorial.py
[2026-06-12T22:49:22.606+0000] {processor.py:840} INFO - DAG(s) 'example_params_ui_tutorial' retrieved from /home/airflow/.local/lib/python3.12/site-packages/airflow/example_dags/example_params_ui_tutorial.py
[2026-06-12T22:49:22.760+0000] {logging_mixin.py:188} INFO - [2026-06-12T22:49:22.759+0000] {dag.py:3096} INFO - Sync 1 DAGs
[2026-06-12T22:49:22.799+0000] {logging_mixin.py:188} INFO - [2026-06-12T22:49:22.798+0000] {dag.py:3954} INFO - Setting next_dagrun for example_params_ui_tutorial to None, run_after=None
[2026-06-12T22:49:22.833+0000] {processor.py:183} INFO - Processing /home/airflow/.local/lib/python3.12/site-packages/airflow/example_dags/example_params_ui_tutorial.py took 0.284 seconds
[2026-06-12T22:49:53.334+0000] {processor.py:161} INFO - Started process (PID=4956) to work on /home/airflow/.local/lib/python3.12/site-packages/airflow/example_dags/example_params_ui_tutorial.py
[2026-06-12T22:49:53.335+0000] {processor.py:830} INFO - Processing file /home/airflow/.local/lib/python3.12/site-packages/airflow/example_dags/example_params_ui_tutorial.py for tasks to queue
[2026-06-12T22:49:53.337+0000] {logging_mixin.py:188} INFO - [2026-06-12T22:49:53.337+0000] {dagbag.py:545} INFO - Filling up the DagBag from /home/airflow/.local/lib/python3.12/site-packages/airflow/example_dags/example_params_ui_tutorial.py
[2026-06-12T22:49:53.350+0000] {processor.py:840} INFO - DAG(s) 'example_params_ui_tutorial' retrieved from /home/airflow/.local/lib/python3.12/site-packages/airflow/example_dags/example_params_ui_tutorial.py
[2026-06-12T22:49:53.415+0000] {logging_mixin.py:188} INFO - [2026-06-12T22:49:53.415+0000] {dag.py:3096} INFO - Sync 1 DAGs
[2026-06-12T22:49:53.432+0000] {logging_mixin.py:188} INFO - [2026-06-12T22:49:53.432+0000] {dag.py:3954} INFO - Setting next_dagrun for example_params_ui_tutorial to None, run_after=None
[2026-06-12T22:49:53.453+0000] {processor.py:183} INFO - Processing /home/airflow/.local/lib/python3.12/site-packages/airflow/example_dags/example_params_ui_tutorial.py took 0.134 seconds
[2026-06-12T22:50:24.599+0000] {processor.py:161} INFO - Started process (PID=5016) to work on /home/airflow/.local/lib/python3.12/site-packages/airflow/example_dags/example_params_ui_tutorial.py
[2026-06-12T22:50:24.600+0000] {processor.py:830} INFO - Processing file /home/airflow/.local/lib/python3.12/site-packages/airflow/example_dags/example_params_ui_tutorial.py for tasks to queue
[2026-06-12T22:50:24.602+0000] {logging_mixin.py:188} INFO - [2026-06-12T22:50:24.602+0000] {dagbag.py:545} INFO - Filling up the DagBag from /home/airflow/.local/lib/python3.12/site-packages/airflow/example_dags/example_params_ui_tutorial.py
[2026-06-12T22:50:24.616+0000] {processor.py:840} INFO - DAG(s) 'example_params_ui_tutorial' retrieved from /home/airflow/.local/lib/python3.12/site-packages/airflow/example_dags/example_params_ui_tutorial.py
[2026-06-12T22:50:24.727+0000] {logging_mixin.py:188} INFO - [2026-06-12T22:50:24.726+0000] {dag.py:3096} INFO - Sync 1 DAGs
[2026-06-12T22:50:24.779+0000] {logging_mixin.py:188} INFO - [2026-06-12T22:50:24.778+0000] {dag.py:3954} INFO - Setting next_dagrun for example_params_ui_tutorial to None, run_after=None
[2026-06-12T22:50:24.842+0000] {processor.py:183} INFO - Processing /home/airflow/.local/lib/python3.12/site-packages/airflow/example_dags/example_params_ui_tutorial.py took 0.251 seconds
[2026-06-12T22:50:55.270+0000] {processor.py:161} INFO - Started process (PID=5078) to work on /home/airflow/.local/lib/python3.12/site-packages/airflow/example_dags/example_params_ui_tutorial.py
[2026-06-12T22:50:55.271+0000] {processor.py:830} INFO - Processing file /home/airflow/.local/lib/python3.12/site-packages/airflow/example_dags/example_params_ui_tutorial.py for tasks to queue
[2026-06-12T22:50:55.273+0000] {logging_mixin.py:188} INFO - [2026-06-12T22:50:55.272+0000] {dagbag.py:545} INFO - Filling up the DagBag from /home/airflow/.local/lib/python3.12/site-packages/airflow/example_dags/example_params_ui_tutorial.py
[2026-06-12T22:50:55.286+0000] {processor.py:840} INFO - DAG(s) 'example_params_ui_tutorial' retrieved from /home/airflow/.local/lib/python3.12/site-packages/airflow/example_dags/example_params_ui_tutorial.py
[2026-06-12T22:50:55.387+0000] {logging_mixin.py:188} INFO - [2026-06-12T22:50:55.387+0000] {dag.py:3096} INFO - Sync 1 DAGs
[2026-06-12T22:50:55.404+0000] {logging_mixin.py:188} INFO - [2026-06-12T22:50:55.403+0000] {dag.py:3954} INFO - Setting next_dagrun for example_params_ui_tutorial to None, run_after=None
[2026-06-12T22:50:55.425+0000] {processor.py:183} INFO - Processing /home/airflow/.local/lib/python3.12/site-packages/airflow/example_dags/example_params_ui_tutorial.py took 0.163 seconds
[2026-06-12T22:51:26.052+0000] {processor.py:161} INFO - Started process (PID=5140) to work on /home/airflow/.local/lib/python3.12/site-packages/airflow/example_dags/example_params_ui_tutorial.py
[2026-06-12T22:51:26.053+0000] {processor.py:830} INFO - Processing file /home/airflow/.local/lib/python3.12/site-packages/airflow/example_dags/example_params_ui_tutorial.py for tasks to queue
[2026-06-12T22:51:26.055+0000] {logging_mixin.py:188} INFO - [2026-06-12T22:51:26.055+0000] {dagbag.py:545} INFO - Filling up the DagBag from /home/airflow/.local/lib/python3.12/site-packages/airflow/example_dags/example_params_ui_tutorial.py
[2026-06-12T22:51:26.069+0000] {processor.py:840} INFO - DAG(s) 'example_params_ui_tutorial' retrieved from /home/airflow/.local/lib/python3.12/site-packages/airflow/example_dags/example_params_ui_tutorial.py
[2026-06-12T22:51:26.149+0000] {logging_mixin.py:188} INFO - [2026-06-12T22:51:26.148+0000] {dag.py:3096} INFO - Sync 1 DAGs
[2026-06-12T22:51:26.166+0000] {logging_mixin.py:188} INFO - [2026-06-12T22:51:26.166+0000] {dag.py:3954} INFO - Setting next_dagrun for example_params_ui_tutorial to None, run_after=None
[2026-06-12T22:51:26.192+0000] {processor.py:183} INFO - Processing /home/airflow/.local/lib/python3.12/site-packages/airflow/example_dags/example_params_ui_tutorial.py took 0.147 seconds
[2026-06-12T22:51:56.619+0000] {processor.py:161} INFO - Started process (PID=5201) to work on /home/airflow/.local/lib/python3.12/site-packages/airflow/example_dags/example_params_ui_tutorial.py
[2026-06-12T22:51:56.620+0000] {processor.py:830} INFO - Processing file /home/airflow/.local/lib/python3.12/site-packages/airflow/example_dags/example_params_ui_tutorial.py for tasks to queue
[2026-06-12T22:51:56.622+0000] {logging_mixin.py:188} INFO - [2026-06-12T22:51:56.622+0000] {dagbag.py:545} INFO - Filling up the DagBag from /home/airflow/.local/lib/python3.12/site-packages/airflow/example_dags/example_params_ui_tutorial.py
[2026-06-12T22:51:56.634+0000] {processor.py:840} INFO - DAG(s) 'example_params_ui_tutorial' retrieved from /home/airflow/.local/lib/python3.12/site-packages/airflow/example_dags/example_params_ui_tutorial.py
[2026-06-12T22:51:56.687+0000] {logging_mixin.py:188} INFO - [2026-06-12T22:51:56.687+0000] {dag.py:3096} INFO - Sync 1 DAGs
[2026-06-12T22:51:56.701+0000] {logging_mixin.py:188} INFO - [2026-06-12T22:51:56.701+0000] {dag.py:3954} INFO - Setting next_dagrun for example_params_ui_tutorial to None, run_after=None
[2026-06-12T22:51:56.719+0000] {processor.py:183} INFO - Processing /home/airflow/.local/lib/python3.12/site-packages/airflow/example_dags/example_params_ui_tutorial.py took 0.107 seconds
[2026-06-12T22:52:26.926+0000] {processor.py:161} INFO - Started process (PID=5263) to work on /home/airflow/.local/lib/python3.12/site-packages/airflow/example_dags/example_params_ui_tutorial.py
[2026-06-12T22:52:26.930+0000] {processor.py:830} INFO - Processing file /home/airflow/.local/lib/python3.12/site-packages/airflow/example_dags/example_params_ui_tutorial.py for tasks to queue
[2026-06-12T22:52:26.932+0000] {logging_mixin.py:188} INFO - [2026-06-12T22:52:26.931+0000] {dagbag.py:545} INFO - Filling up the DagBag from /home/airflow/.local/lib/python3.12/site-packages/airflow/example_dags/example_params_ui_tutorial.py
[2026-06-12T22:52:26.945+0000] {processor.py:840} INFO - DAG(s) 'example_params_ui_tutorial' retrieved from /home/airflow/.local/lib/python3.12/site-packages/airflow/example_dags/example_params_ui_tutorial.py
[2026-06-12T22:52:27.026+0000] {logging_mixin.py:188} INFO - [2026-06-12T22:52:27.026+0000] {dag.py:3096} INFO - Sync 1 DAGs
[2026-06-12T22:52:27.043+0000] {logging_mixin.py:188} INFO - [2026-06-12T22:52:27.043+0000] {dag.py:3954} INFO - Setting next_dagrun for example_params_ui_tutorial to None, run_after=None
[2026-06-12T22:52:27.070+0000] {processor.py:183} INFO - Processing /home/airflow/.local/lib/python3.12/site-packages/airflow/example_dags/example_params_ui_tutorial.py took 0.151 seconds
[2026-06-12T22:52:57.592+0000] {processor.py:161} INFO - Started process (PID=5325) to work on /home/airflow/.local/lib/python3.12/site-packages/airflow/example_dags/example_params_ui_tutorial.py
[2026-06-12T22:52:57.595+0000] {processor.py:830} INFO - Processing file /home/airflow/.local/lib/python3.12/site-packages/airflow/example_dags/example_params_ui_tutorial.py for tasks to queue
[2026-06-12T22:52:57.598+0000] {logging_mixin.py:188} INFO - [2026-06-12T22:52:57.597+0000] {dagbag.py:545} INFO - Filling up the DagBag from /home/airflow/.local/lib/python3.12/site-packages/airflow/example_dags/example_params_ui_tutorial.py
[2026-06-12T22:52:57.628+0000] {processor.py:840} INFO - DAG(s) 'example_params_ui_tutorial' retrieved from /home/airflow/.local/lib/python3.12/site-packages/airflow/example_dags/example_params_ui_tutorial.py
[2026-06-12T22:52:57.743+0000] {logging_mixin.py:188} INFO - [2026-06-12T22:52:57.742+0000] {dag.py:3096} INFO - Sync 1 DAGs
[2026-06-12T22:52:57.773+0000] {logging_mixin.py:188} INFO - [2026-06-12T22:52:57.772+0000] {dag.py:3954} INFO - Setting next_dagrun for example_params_ui_tutorial to None, run_after=None
[2026-06-12T22:52:57.806+0000] {processor.py:183} INFO - Processing /home/airflow/.local/lib/python3.12/site-packages/airflow/example_dags/example_params_ui_tutorial.py took 0.238 seconds
[2026-06-12T22:53:28.003+0000] {processor.py:161} INFO - Started process (PID=5387) to work on /home/airflow/.local/lib/python3.12/site-packages/airflow/example_dags/example_params_ui_tutorial.py
[2026-06-12T22:53:28.004+0000] {processor.py:830} INFO - Processing file /home/airflow/.local/lib/python3.12/site-packages/airflow/example_dags/example_params_ui_tutorial.py for tasks to queue
[2026-06-12T22:53:28.005+0000] {logging_mixin.py:188} INFO - [2026-06-12T22:53:28.005+0000] {dagbag.py:545} INFO - Filling up the DagBag from /home/airflow/.local/lib/python3.12/site-packages/airflow/example_dags/example_params_ui_tutorial.py
[2026-06-12T22:53:28.016+0000] {processor.py:840} INFO - DAG(s) 'example_params_ui_tutorial' retrieved from /home/airflow/.local/lib/python3.12/site-packages/airflow/example_dags/example_params_ui_tutorial.py
[2026-06-12T22:53:28.069+0000] {logging_mixin.py:188} INFO - [2026-06-12T22:53:28.068+0000] {dag.py:3096} INFO - Sync 1 DAGs
[2026-06-12T22:53:28.080+0000] {logging_mixin.py:188} INFO - [2026-06-12T22:53:28.080+0000] {dag.py:3954} INFO - Setting next_dagrun for example_params_ui_tutorial to None, run_after=None
[2026-06-12T22:53:28.097+0000] {processor.py:183} INFO - Processing /home/airflow/.local/lib/python3.12/site-packages/airflow/example_dags/example_params_ui_tutorial.py took 0.099 seconds
[2026-06-12T22:53:58.295+0000] {processor.py:161} INFO - Started process (PID=5450) to work on /home/airflow/.local/lib/python3.12/site-packages/airflow/example_dags/example_params_ui_tutorial.py
[2026-06-12T22:53:58.296+0000] {processor.py:830} INFO - Processing file /home/airflow/.local/lib/python3.12/site-packages/airflow/example_dags/example_params_ui_tutorial.py for tasks to queue
[2026-06-12T22:53:58.298+0000] {logging_mixin.py:188} INFO - [2026-06-12T22:53:58.298+0000] {dagbag.py:545} INFO - Filling up the DagBag from /home/airflow/.local/lib/python3.12/site-packages/airflow/example_dags/example_params_ui_tutorial.py
[2026-06-12T22:53:58.314+0000] {processor.py:840} INFO - DAG(s) 'example_params_ui_tutorial' retrieved from /home/airflow/.local/lib/python3.12/site-packages/airflow/example_dags/example_params_ui_tutorial.py
[2026-06-12T22:53:58.395+0000] {logging_mixin.py:188} INFO - [2026-06-12T22:53:58.395+0000] {dag.py:3096} INFO - Sync 1 DAGs
[2026-06-12T22:53:58.418+0000] {logging_mixin.py:188} INFO - [2026-06-12T22:53:58.418+0000] {dag.py:3954} INFO - Setting next_dagrun for example_params_ui_tutorial to None, run_after=None
[2026-06-12T22:53:58.447+0000] {processor.py:183} INFO - Processing /home/airflow/.local/lib/python3.12/site-packages/airflow/example_dags/example_params_ui_tutorial.py took 0.158 seconds
[2026-06-12T22:54:29.166+0000] {processor.py:161} INFO - Started process (PID=5518) to work on /home/airflow/.local/lib/python3.12/site-packages/airflow/example_dags/example_params_ui_tutorial.py
[2026-06-12T22:54:29.167+0000] {processor.py:830} INFO - Processing file /home/airflow/.local/lib/python3.12/site-packages/airflow/example_dags/example_params_ui_tutorial.py for tasks to queue
[2026-06-12T22:54:29.169+0000] {logging_mixin.py:188} INFO - [2026-06-12T22:54:29.169+0000] {dagbag.py:545} INFO - Filling up the DagBag from /home/airflow/.local/lib/python3.12/site-packages/airflow/example_dags/example_params_ui_tutorial.py
[2026-06-12T22:54:29.184+0000] {processor.py:840} INFO - DAG(s) 'example_params_ui_tutorial' retrieved from /home/airflow/.local/lib/python3.12/site-packages/airflow/example_dags/example_params_ui_tutorial.py
[2026-06-12T22:54:29.273+0000] {logging_mixin.py:188} INFO - [2026-06-12T22:54:29.273+0000] {dag.py:3096} INFO - Sync 1 DAGs
[2026-06-12T22:54:29.292+0000] {logging_mixin.py:188} INFO - [2026-06-12T22:54:29.292+0000] {dag.py:3954} INFO - Setting next_dagrun for example_params_ui_tutorial to None, run_after=None
[2026-06-12T22:54:29.313+0000] {processor.py:183} INFO - Processing /home/airflow/.local/lib/python3.12/site-packages/airflow/example_dags/example_params_ui_tutorial.py took 0.154 seconds
[2026-06-12T22:54:59.688+0000] {processor.py:161} INFO - Started process (PID=5580) to work on /home/airflow/.local/lib/python3.12/site-packages/airflow/example_dags/example_params_ui_tutorial.py
[2026-06-12T22:54:59.689+0000] {processor.py:830} INFO - Processing file /home/airflow/.local/lib/python3.12/site-packages/airflow/example_dags/example_params_ui_tutorial.py for tasks to queue
[2026-06-12T22:54:59.693+0000] {logging_mixin.py:188} INFO - [2026-06-12T22:54:59.693+0000] {dagbag.py:545} INFO - Filling up the DagBag from /home/airflow/.local/lib/python3.12/site-packages/airflow/example_dags/example_params_ui_tutorial.py
[2026-06-12T22:54:59.726+0000] {processor.py:840} INFO - DAG(s) 'example_params_ui_tutorial' retrieved from /home/airflow/.local/lib/python3.12/site-packages/airflow/example_dags/example_params_ui_tutorial.py
[2026-06-12T22:54:59.901+0000] {logging_mixin.py:188} INFO - [2026-06-12T22:54:59.901+0000] {dag.py:3096} INFO - Sync 1 DAGs
[2026-06-12T22:54:59.927+0000] {logging_mixin.py:188} INFO - [2026-06-12T22:54:59.926+0000] {dag.py:3954} INFO - Setting next_dagrun for example_params_ui_tutorial to None, run_after=None
[2026-06-12T22:54:59.948+0000] {processor.py:183} INFO - Processing /home/airflow/.local/lib/python3.12/site-packages/airflow/example_dags/example_params_ui_tutorial.py took 0.267 seconds
[2026-06-12T22:55:30.449+0000] {processor.py:161} INFO - Started process (PID=5643) to work on /home/airflow/.local/lib/python3.12/site-packages/airflow/example_dags/example_params_ui_tutorial.py
[2026-06-12T22:55:30.454+0000] {processor.py:830} INFO - Processing file /home/airflow/.local/lib/python3.12/site-packages/airflow/example_dags/example_params_ui_tutorial.py for tasks to queue
[2026-06-12T22:55:30.459+0000] {logging_mixin.py:188} INFO - [2026-06-12T22:55:30.458+0000] {dagbag.py:545} INFO - Filling up the DagBag from /home/airflow/.local/lib/python3.12/site-packages/airflow/example_dags/example_params_ui_tutorial.py
[2026-06-12T22:55:30.515+0000] {processor.py:840} INFO - DAG(s) 'example_params_ui_tutorial' retrieved from /home/airflow/.local/lib/python3.12/site-packages/airflow/example_dags/example_params_ui_tutorial.py
[2026-06-12T22:55:30.627+0000] {logging_mixin.py:188} INFO - [2026-06-12T22:55:30.627+0000] {dag.py:3096} INFO - Sync 1 DAGs
[2026-06-12T22:55:30.653+0000] {logging_mixin.py:188} INFO - [2026-06-12T22:55:30.653+0000] {dag.py:3954} INFO - Setting next_dagrun for example_params_ui_tutorial to None, run_after=None
[2026-06-12T22:55:30.677+0000] {processor.py:183} INFO - Processing /home/airflow/.local/lib/python3.12/site-packages/airflow/example_dags/example_params_ui_tutorial.py took 0.254 seconds
[2026-06-12T22:56:01.250+0000] {processor.py:161} INFO - Started process (PID=5704) to work on /home/airflow/.local/lib/python3.12/site-packages/airflow/example_dags/example_params_ui_tutorial.py
[2026-06-12T22:56:01.253+0000] {processor.py:830} INFO - Processing file /home/airflow/.local/lib/python3.12/site-packages/airflow/example_dags/example_params_ui_tutorial.py for tasks to queue
[2026-06-12T22:56:01.256+0000] {logging_mixin.py:188} INFO - [2026-06-12T22:56:01.256+0000] {dagbag.py:545} INFO - Filling up the DagBag from /home/airflow/.local/lib/python3.12/site-packages/airflow/example_dags/example_params_ui_tutorial.py
[2026-06-12T22:56:01.282+0000] {processor.py:840} INFO - DAG(s) 'example_params_ui_tutorial' retrieved from /home/airflow/.local/lib/python3.12/site-packages/airflow/example_dags/example_params_ui_tutorial.py
[2026-06-12T22:56:01.399+0000] {logging_mixin.py:188} INFO - [2026-06-12T22:56:01.399+0000] {dag.py:3096} INFO - Sync 1 DAGs
[2026-06-12T22:56:01.418+0000] {logging_mixin.py:188} INFO - [2026-06-12T22:56:01.418+0000] {dag.py:3954} INFO - Setting next_dagrun for example_params_ui_tutorial to None, run_after=None
[2026-06-12T22:56:01.442+0000] {processor.py:183} INFO - Processing /home/airflow/.local/lib/python3.12/site-packages/airflow/example_dags/example_params_ui_tutorial.py took 0.221 seconds
[2026-06-12T22:56:32.387+0000] {processor.py:161} INFO - Started process (PID=5765) to work on /home/airflow/.local/lib/python3.12/site-packages/airflow/example_dags/example_params_ui_tutorial.py
[2026-06-12T22:56:32.388+0000] {processor.py:830} INFO - Processing file /home/airflow/.local/lib/python3.12/site-packages/airflow/example_dags/example_params_ui_tutorial.py for tasks to queue
[2026-06-12T22:56:32.390+0000] {logging_mixin.py:188} INFO - [2026-06-12T22:56:32.389+0000] {dagbag.py:545} INFO - Filling up the DagBag from /home/airflow/.local/lib/python3.12/site-packages/airflow/example_dags/example_params_ui_tutorial.py
[2026-06-12T22:56:32.404+0000] {processor.py:840} INFO - DAG(s) 'example_params_ui_tutorial' retrieved from /home/airflow/.local/lib/python3.12/site-packages/airflow/example_dags/example_params_ui_tutorial.py
[2026-06-12T22:56:32.488+0000] {logging_mixin.py:188} INFO - [2026-06-12T22:56:32.488+0000] {dag.py:3096} INFO - Sync 1 DAGs
[2026-06-12T22:56:32.508+0000] {logging_mixin.py:188} INFO - [2026-06-12T22:56:32.507+0000] {dag.py:3954} INFO - Setting next_dagrun for example_params_ui_tutorial to None, run_after=None
[2026-06-12T22:56:32.542+0000] {processor.py:183} INFO - Processing /home/airflow/.local/lib/python3.12/site-packages/airflow/example_dags/example_params_ui_tutorial.py took 0.165 seconds
[2026-06-12T22:57:02.581+0000] {processor.py:161} INFO - Started process (PID=5827) to work on /home/airflow/.local/lib/python3.12/site-packages/airflow/example_dags/example_params_ui_tutorial.py
[2026-06-12T22:57:02.582+0000] {processor.py:830} INFO - Processing file /home/airflow/.local/lib/python3.12/site-packages/airflow/example_dags/example_params_ui_tutorial.py for tasks to queue
[2026-06-12T22:57:02.584+0000] {logging_mixin.py:188} INFO - [2026-06-12T22:57:02.584+0000] {dagbag.py:545} INFO - Filling up the DagBag from /home/airflow/.local/lib/python3.12/site-packages/airflow/example_dags/example_params_ui_tutorial.py
[2026-06-12T22:57:02.599+0000] {processor.py:840} INFO - DAG(s) 'example_params_ui_tutorial' retrieved from /home/airflow/.local/lib/python3.12/site-packages/airflow/example_dags/example_params_ui_tutorial.py
[2026-06-12T22:57:02.681+0000] {logging_mixin.py:188} INFO - [2026-06-12T22:57:02.681+0000] {dag.py:3096} INFO - Sync 1 DAGs
[2026-06-12T22:57:02.698+0000] {logging_mixin.py:188} INFO - [2026-06-12T22:57:02.698+0000] {dag.py:3954} INFO - Setting next_dagrun for example_params_ui_tutorial to None, run_after=None
[2026-06-12T22:57:02.735+0000] {processor.py:183} INFO - Processing /home/airflow/.local/lib/python3.12/site-packages/airflow/example_dags/example_params_ui_tutorial.py took 0.161 seconds
[2026-06-12T22:57:33.107+0000] {processor.py:161} INFO - Started process (PID=5889) to work on /home/airflow/.local/lib/python3.12/site-packages/airflow/example_dags/example_params_ui_tutorial.py
[2026-06-12T22:57:33.109+0000] {processor.py:830} INFO - Processing file /home/airflow/.local/lib/python3.12/site-packages/airflow/example_dags/example_params_ui_tutorial.py for tasks to queue
[2026-06-12T22:57:33.112+0000] {logging_mixin.py:188} INFO - [2026-06-12T22:57:33.112+0000] {dagbag.py:545} INFO - Filling up the DagBag from /home/airflow/.local/lib/python3.12/site-packages/airflow/example_dags/example_params_ui_tutorial.py
[2026-06-12T22:57:33.132+0000] {processor.py:840} INFO - DAG(s) 'example_params_ui_tutorial' retrieved from /home/airflow/.local/lib/python3.12/site-packages/airflow/example_dags/example_params_ui_tutorial.py
[2026-06-12T22:57:33.219+0000] {logging_mixin.py:188} INFO - [2026-06-12T22:57:33.219+0000] {dag.py:3096} INFO - Sync 1 DAGs
[2026-06-12T22:57:33.237+0000] {logging_mixin.py:188} INFO - [2026-06-12T22:57:33.236+0000] {dag.py:3954} INFO - Setting next_dagrun for example_params_ui_tutorial to None, run_after=None
[2026-06-12T22:57:33.266+0000] {processor.py:183} INFO - Processing /home/airflow/.local/lib/python3.12/site-packages/airflow/example_dags/example_params_ui_tutorial.py took 0.168 seconds
[2026-06-12T22:58:03.554+0000] {processor.py:161} INFO - Started process (PID=5951) to work on /home/airflow/.local/lib/python3.12/site-packages/airflow/example_dags/example_params_ui_tutorial.py
[2026-06-12T22:58:03.555+0000] {processor.py:830} INFO - Processing file /home/airflow/.local/lib/python3.12/site-packages/airflow/example_dags/example_params_ui_tutorial.py for tasks to queue
[2026-06-12T22:58:03.557+0000] {logging_mixin.py:188} INFO - [2026-06-12T22:58:03.557+0000] {dagbag.py:545} INFO - Filling up the DagBag from /home/airflow/.local/lib/python3.12/site-packages/airflow/example_dags/example_params_ui_tutorial.py
[2026-06-12T22:58:03.571+0000] {processor.py:840} INFO - DAG(s) 'example_params_ui_tutorial' retrieved from /home/airflow/.local/lib/python3.12/site-packages/airflow/example_dags/example_params_ui_tutorial.py
[2026-06-12T22:58:03.648+0000] {logging_mixin.py:188} INFO - [2026-06-12T22:58:03.648+0000] {dag.py:3096} INFO - Sync 1 DAGs
[2026-06-12T22:58:03.665+0000] {logging_mixin.py:188} INFO - [2026-06-12T22:58:03.665+0000] {dag.py:3954} INFO - Setting next_dagrun for example_params_ui_tutorial to None, run_after=None
[2026-06-12T22:58:03.691+0000] {processor.py:183} INFO - Processing /home/airflow/.local/lib/python3.12/site-packages/airflow/example_dags/example_params_ui_tutorial.py took 0.147 seconds
[2026-06-12T22:58:34.189+0000] {processor.py:161} INFO - Started process (PID=6013) to work on /home/airflow/.local/lib/python3.12/site-packages/airflow/example_dags/example_params_ui_tutorial.py
[2026-06-12T22:58:34.190+0000] {processor.py:830} INFO - Processing file /home/airflow/.local/lib/python3.12/site-packages/airflow/example_dags/example_params_ui_tutorial.py for tasks to queue
[2026-06-12T22:58:34.193+0000] {logging_mixin.py:188} INFO - [2026-06-12T22:58:34.192+0000] {dagbag.py:545} INFO - Filling up the DagBag from /home/airflow/.local/lib/python3.12/site-packages/airflow/example_dags/example_params_ui_tutorial.py
[2026-06-12T22:58:34.206+0000] {processor.py:840} INFO - DAG(s) 'example_params_ui_tutorial' retrieved from /home/airflow/.local/lib/python3.12/site-packages/airflow/example_dags/example_params_ui_tutorial.py
[2026-06-12T22:58:34.277+0000] {logging_mixin.py:188} INFO - [2026-06-12T22:58:34.277+0000] {dag.py:3096} INFO - Sync 1 DAGs
[2026-06-12T22:58:34.293+0000] {logging_mixin.py:188} INFO - [2026-06-12T22:58:34.293+0000] {dag.py:3954} INFO - Setting next_dagrun for example_params_ui_tutorial to None, run_after=None
[2026-06-12T22:58:34.329+0000] {processor.py:183} INFO - Processing /home/airflow/.local/lib/python3.12/site-packages/airflow/example_dags/example_params_ui_tutorial.py took 0.147 seconds
[2026-06-12T22:59:04.589+0000] {processor.py:161} INFO - Started process (PID=6075) to work on /home/airflow/.local/lib/python3.12/site-packages/airflow/example_dags/example_params_ui_tutorial.py
[2026-06-12T22:59:04.591+0000] {processor.py:830} INFO - Processing file /home/airflow/.local/lib/python3.12/site-packages/airflow/example_dags/example_params_ui_tutorial.py for tasks to queue
[2026-06-12T22:59:04.593+0000] {logging_mixin.py:188} INFO - [2026-06-12T22:59:04.592+0000] {dagbag.py:545} INFO - Filling up the DagBag from /home/airflow/.local/lib/python3.12/site-packages/airflow/example_dags/example_params_ui_tutorial.py
[2026-06-12T22:59:04.607+0000] {processor.py:840} INFO - DAG(s) 'example_params_ui_tutorial' retrieved from /home/airflow/.local/lib/python3.12/site-packages/airflow/example_dags/example_params_ui_tutorial.py
[2026-06-12T22:59:04.690+0000] {logging_mixin.py:188} INFO - [2026-06-12T22:59:04.689+0000] {dag.py:3096} INFO - Sync 1 DAGs
[2026-06-12T22:59:04.707+0000] {logging_mixin.py:188} INFO - [2026-06-12T22:59:04.707+0000] {dag.py:3954} INFO - Setting next_dagrun for example_params_ui_tutorial to None, run_after=None
[2026-06-12T22:59:04.730+0000] {processor.py:183} INFO - Processing /home/airflow/.local/lib/python3.12/site-packages/airflow/example_dags/example_params_ui_tutorial.py took 0.148 seconds
[2026-06-12T22:59:34.855+0000] {processor.py:161} INFO - Started process (PID=6137) to work on /home/airflow/.local/lib/python3.12/site-packages/airflow/example_dags/example_params_ui_tutorial.py
[2026-06-12T22:59:34.855+0000] {processor.py:830} INFO - Processing file /home/airflow/.local/lib/python3.12/site-packages/airflow/example_dags/example_params_ui_tutorial.py for tasks to queue
[2026-06-12T22:59:34.857+0000] {logging_mixin.py:188} INFO - [2026-06-12T22:59:34.857+0000] {dagbag.py:545} INFO - Filling up the DagBag from /home/airflow/.local/lib/python3.12/site-packages/airflow/example_dags/example_params_ui_tutorial.py
[2026-06-12T22:59:34.891+0000] {processor.py:840} INFO - DAG(s) 'example_params_ui_tutorial' retrieved from /home/airflow/.local/lib/python3.12/site-packages/airflow/example_dags/example_params_ui_tutorial.py
[2026-06-12T22:59:34.975+0000] {logging_mixin.py:188} INFO - [2026-06-12T22:59:34.975+0000] {dag.py:3096} INFO - Sync 1 DAGs
[2026-06-12T22:59:34.992+0000] {logging_mixin.py:188} INFO - [2026-06-12T22:59:34.992+0000] {dag.py:3954} INFO - Setting next_dagrun for example_params_ui_tutorial to None, run_after=None
[2026-06-12T22:59:35.022+0000] {processor.py:183} INFO - Processing /home/airflow/.local/lib/python3.12/site-packages/airflow/example_dags/example_params_ui_tutorial.py took 0.176 seconds
[2026-06-12T23:00:05.631+0000] {processor.py:161} INFO - Started process (PID=6199) to work on /home/airflow/.local/lib/python3.12/site-packages/airflow/example_dags/example_params_ui_tutorial.py
[2026-06-12T23:00:05.634+0000] {processor.py:830} INFO - Processing file /home/airflow/.local/lib/python3.12/site-packages/airflow/example_dags/example_params_ui_tutorial.py for tasks to queue
[2026-06-12T23:00:05.637+0000] {logging_mixin.py:188} INFO - [2026-06-12T23:00:05.637+0000] {dagbag.py:545} INFO - Filling up the DagBag from /home/airflow/.local/lib/python3.12/site-packages/airflow/example_dags/example_params_ui_tutorial.py
[2026-06-12T23:00:05.687+0000] {processor.py:840} INFO - DAG(s) 'example_params_ui_tutorial' retrieved from /home/airflow/.local/lib/python3.12/site-packages/airflow/example_dags/example_params_ui_tutorial.py
[2026-06-12T23:00:05.875+0000] {logging_mixin.py:188} INFO - [2026-06-12T23:00:05.875+0000] {dag.py:3096} INFO - Sync 1 DAGs
[2026-06-12T23:00:05.910+0000] {logging_mixin.py:188} INFO - [2026-06-12T23:00:05.910+0000] {dag.py:3954} INFO - Setting next_dagrun for example_params_ui_tutorial to None, run_after=None
[2026-06-12T23:00:05.960+0000] {processor.py:183} INFO - Processing /home/airflow/.local/lib/python3.12/site-packages/airflow/example_dags/example_params_ui_tutorial.py took 0.345 seconds
[2026-06-12T23:00:36.184+0000] {processor.py:161} INFO - Started process (PID=6262) to work on /home/airflow/.local/lib/python3.12/site-packages/airflow/example_dags/example_params_ui_tutorial.py
[2026-06-12T23:00:36.185+0000] {processor.py:830} INFO - Processing file /home/airflow/.local/lib/python3.12/site-packages/airflow/example_dags/example_params_ui_tutorial.py for tasks to queue
[2026-06-12T23:00:36.187+0000] {logging_mixin.py:188} INFO - [2026-06-12T23:00:36.187+0000] {dagbag.py:545} INFO - Filling up the DagBag from /home/airflow/.local/lib/python3.12/site-packages/airflow/example_dags/example_params_ui_tutorial.py
[2026-06-12T23:00:36.208+0000] {processor.py:840} INFO - DAG(s) 'example_params_ui_tutorial' retrieved from /home/airflow/.local/lib/python3.12/site-packages/airflow/example_dags/example_params_ui_tutorial.py
[2026-06-12T23:00:36.291+0000] {logging_mixin.py:188} INFO - [2026-06-12T23:00:36.290+0000] {dag.py:3096} INFO - Sync 1 DAGs
[2026-06-12T23:00:36.309+0000] {logging_mixin.py:188} INFO - [2026-06-12T23:00:36.309+0000] {dag.py:3954} INFO - Setting next_dagrun for example_params_ui_tutorial to None, run_after=None
[2026-06-12T23:00:36.333+0000] {processor.py:183} INFO - Processing /home/airflow/.local/lib/python3.12/site-packages/airflow/example_dags/example_params_ui_tutorial.py took 0.158 seconds
[2026-06-12T23:01:06.644+0000] {processor.py:161} INFO - Started process (PID=6321) to work on /home/airflow/.local/lib/python3.12/site-packages/airflow/example_dags/example_params_ui_tutorial.py
[2026-06-12T23:01:06.645+0000] {processor.py:830} INFO - Processing file /home/airflow/.local/lib/python3.12/site-packages/airflow/example_dags/example_params_ui_tutorial.py for tasks to queue
[2026-06-12T23:01:06.647+0000] {logging_mixin.py:188} INFO - [2026-06-12T23:01:06.647+0000] {dagbag.py:545} INFO - Filling up the DagBag from /home/airflow/.local/lib/python3.12/site-packages/airflow/example_dags/example_params_ui_tutorial.py
[2026-06-12T23:01:06.694+0000] {processor.py:840} INFO - DAG(s) 'example_params_ui_tutorial' retrieved from /home/airflow/.local/lib/python3.12/site-packages/airflow/example_dags/example_params_ui_tutorial.py
[2026-06-12T23:01:06.889+0000] {logging_mixin.py:188} INFO - [2026-06-12T23:01:06.889+0000] {dag.py:3096} INFO - Sync 1 DAGs
[2026-06-12T23:01:06.930+0000] {logging_mixin.py:188} INFO - [2026-06-12T23:01:06.928+0000] {dag.py:3954} INFO - Setting next_dagrun for example_params_ui_tutorial to None, run_after=None
[2026-06-12T23:01:06.978+0000] {processor.py:183} INFO - Processing /home/airflow/.local/lib/python3.12/site-packages/airflow/example_dags/example_params_ui_tutorial.py took 0.344 seconds
[2026-06-12T23:01:38.012+0000] {processor.py:161} INFO - Started process (PID=6383) to work on /home/airflow/.local/lib/python3.12/site-packages/airflow/example_dags/example_params_ui_tutorial.py
[2026-06-12T23:01:38.014+0000] {processor.py:830} INFO - Processing file /home/airflow/.local/lib/python3.12/site-packages/airflow/example_dags/example_params_ui_tutorial.py for tasks to queue
[2026-06-12T23:01:38.017+0000] {logging_mixin.py:188} INFO - [2026-06-12T23:01:38.017+0000] {dagbag.py:545} INFO - Filling up the DagBag from /home/airflow/.local/lib/python3.12/site-packages/airflow/example_dags/example_params_ui_tutorial.py
[2026-06-12T23:01:38.039+0000] {processor.py:840} INFO - DAG(s) 'example_params_ui_tutorial' retrieved from /home/airflow/.local/lib/python3.12/site-packages/airflow/example_dags/example_params_ui_tutorial.py
[2026-06-12T23:01:38.137+0000] {logging_mixin.py:188} INFO - [2026-06-12T23:01:38.137+0000] {dag.py:3096} INFO - Sync 1 DAGs
[2026-06-12T23:01:38.154+0000] {logging_mixin.py:188} INFO - [2026-06-12T23:01:38.154+0000] {dag.py:3954} INFO - Setting next_dagrun for example_params_ui_tutorial to None, run_after=None
[2026-06-12T23:01:38.178+0000] {processor.py:183} INFO - Processing /home/airflow/.local/lib/python3.12/site-packages/airflow/example_dags/example_params_ui_tutorial.py took 0.177 seconds
[2026-06-12T23:02:08.486+0000] {processor.py:161} INFO - Started process (PID=6445) to work on /home/airflow/.local/lib/python3.12/site-packages/airflow/example_dags/example_params_ui_tutorial.py
[2026-06-12T23:02:08.488+0000] {processor.py:830} INFO - Processing file /home/airflow/.local/lib/python3.12/site-packages/airflow/example_dags/example_params_ui_tutorial.py for tasks to queue
[2026-06-12T23:02:08.490+0000] {logging_mixin.py:188} INFO - [2026-06-12T23:02:08.489+0000] {dagbag.py:545} INFO - Filling up the DagBag from /home/airflow/.local/lib/python3.12/site-packages/airflow/example_dags/example_params_ui_tutorial.py
[2026-06-12T23:02:08.504+0000] {processor.py:840} INFO - DAG(s) 'example_params_ui_tutorial' retrieved from /home/airflow/.local/lib/python3.12/site-packages/airflow/example_dags/example_params_ui_tutorial.py
[2026-06-12T23:02:08.583+0000] {logging_mixin.py:188} INFO - [2026-06-12T23:02:08.583+0000] {dag.py:3096} INFO - Sync 1 DAGs
[2026-06-12T23:02:08.601+0000] {logging_mixin.py:188} INFO - [2026-06-12T23:02:08.600+0000] {dag.py:3954} INFO - Setting next_dagrun for example_params_ui_tutorial to None, run_after=None
[2026-06-12T23:02:08.620+0000] {processor.py:183} INFO - Processing /home/airflow/.local/lib/python3.12/site-packages/airflow/example_dags/example_params_ui_tutorial.py took 0.142 seconds
[2026-06-12T23:02:39.192+0000] {processor.py:161} INFO - Started process (PID=6507) to work on /home/airflow/.local/lib/python3.12/site-packages/airflow/example_dags/example_params_ui_tutorial.py
[2026-06-12T23:02:39.194+0000] {processor.py:830} INFO - Processing file /home/airflow/.local/lib/python3.12/site-packages/airflow/example_dags/example_params_ui_tutorial.py for tasks to queue
[2026-06-12T23:02:39.196+0000] {logging_mixin.py:188} INFO - [2026-06-12T23:02:39.195+0000] {dagbag.py:545} INFO - Filling up the DagBag from /home/airflow/.local/lib/python3.12/site-packages/airflow/example_dags/example_params_ui_tutorial.py
[2026-06-12T23:02:39.210+0000] {processor.py:840} INFO - DAG(s) 'example_params_ui_tutorial' retrieved from /home/airflow/.local/lib/python3.12/site-packages/airflow/example_dags/example_params_ui_tutorial.py
[2026-06-12T23:02:39.287+0000] {logging_mixin.py:188} INFO - [2026-06-12T23:02:39.287+0000] {dag.py:3096} INFO - Sync 1 DAGs
[2026-06-12T23:02:39.303+0000] {logging_mixin.py:188} INFO - [2026-06-12T23:02:39.303+0000] {dag.py:3954} INFO - Setting next_dagrun for example_params_ui_tutorial to None, run_after=None
[2026-06-12T23:02:39.331+0000] {processor.py:183} INFO - Processing /home/airflow/.local/lib/python3.12/site-packages/airflow/example_dags/example_params_ui_tutorial.py took 0.148 seconds
[2026-06-12T23:03:09.404+0000] {processor.py:161} INFO - Started process (PID=6568) to work on /home/airflow/.local/lib/python3.12/site-packages/airflow/example_dags/example_params_ui_tutorial.py
[2026-06-12T23:03:09.405+0000] {processor.py:830} INFO - Processing file /home/airflow/.local/lib/python3.12/site-packages/airflow/example_dags/example_params_ui_tutorial.py for tasks to queue
[2026-06-12T23:03:09.407+0000] {logging_mixin.py:188} INFO - [2026-06-12T23:03:09.407+0000] {dagbag.py:545} INFO - Filling up the DagBag from /home/airflow/.local/lib/python3.12/site-packages/airflow/example_dags/example_params_ui_tutorial.py
[2026-06-12T23:03:09.422+0000] {processor.py:840} INFO - DAG(s) 'example_params_ui_tutorial' retrieved from /home/airflow/.local/lib/python3.12/site-packages/airflow/example_dags/example_params_ui_tutorial.py
[2026-06-12T23:03:09.543+0000] {logging_mixin.py:188} INFO - [2026-06-12T23:03:09.543+0000] {dag.py:3096} INFO - Sync 1 DAGs
[2026-06-12T23:03:09.614+0000] {logging_mixin.py:188} INFO - [2026-06-12T23:03:09.613+0000] {dag.py:3954} INFO - Setting next_dagrun for example_params_ui_tutorial to None, run_after=None
[2026-06-12T23:03:09.762+0000] {processor.py:183} INFO - Processing /home/airflow/.local/lib/python3.12/site-packages/airflow/example_dags/example_params_ui_tutorial.py took 0.371 seconds
